timestamp,power_watts
1768499199.1650026,30.268
1768499199.2675948,30.186
1768499199.3699152,40.369
1768499199.4723682,33.606
1768499199.5799735,40.345
1768499199.6865058,33.212
1768499199.7888205,45.413
1768499199.8911805,36.764
1768499199.9933896,36.271
1768499200.09579,43.767
1768499200.2028193,33.231
1768499200.3051617,49.151
1768499200.4074793,36.468
1768499200.5097296,38.792
1768499200.6120727,37.905
1768499200.7145405,45.806
1768499200.817945,34.1
1768499200.9201488,38.124
1768499201.0265172,44.456
1768499201.1289265,33.329
1768499201.2312884,40.861
1768499201.333584,40.838
1768499201.4359715,34.593
1768499201.53826,46.102
1768499201.640636,33.212
1768499201.7431564,43.767
1768499201.849371,38.124
1768499201.9518402,37.631
1768499202.0541716,41.699
1768499202.1566308,34.495
1768499202.258893,50.596
1768499202.3611903,37.039
1768499202.4634874,39.777
1768499202.5659173,42.118
1768499202.6684709,35.284
1768499202.7737136,46.762
1768499202.8762918,34.396
1768499202.978558,38.617
1768499203.0810957,45.932
1768499203.1835496,33.804
1768499203.2860882,46.326
1768499203.3883407,37.883
1768499203.4920156,36.172
1768499203.5984743,44.652
1768499203.7009132,34.1
1768499203.8033085,46.326
1768499203.9063656,36.743
1768499204.008807,39.087
1768499204.1111913,40.172
1768499204.2135215,35.58
1768499204.3158472,49.476
1768499204.4222577,36.074
1768499204.524556,40.172
1768499204.6270623,38.2
1768499204.729353,35.975
1768499204.8318374,48.659
1768499204.9341471,39.876
1768499205.037103,41.601
1768499205.1393461,34.495
1768499205.2453804,49.151
1768499205.347711,36.525
1768499205.4501042,37.927
1768499205.5525753,43.767
1768499205.6549876,33.804
1768499205.7572331,43.103
1768499205.8598046,39.459
1768499205.9622009,35.679
1768499206.0646036,47.675
1768499206.1709054,34.001
1768499206.2734232,48.393
1768499206.3759081,37.434
1768499206.4782681,44.088
1768499206.5806704,33.508
1768499206.6838548,48.728
1768499206.7864082,38.989
1768499206.8890378,41.231
1768499206.9938152,35.975
1768499207.0961344,47.97
1768499207.1987147,33.033
1768499207.3011844,43.865
1768499207.4037359,38.442
1768499207.5060315,35.876
1768499207.608396,46.467
1768499207.7109292,32.836
1768499207.8134282,42.709
1768499207.9200692,39.998
1768499208.0225387,34.889
1768499208.1250122,46.79
1768499208.2275786,33.329
1768499208.331404,39.383
1768499208.4337296,42.143
1768499208.5361927,34.791
1768499208.638533,52.169
1768499208.7438116,33.132
1768499208.8461215,41.946
1768499208.9486048,39.801
1768499209.050995,37.434
1768499209.153373,35.383
1768499209.2559726,49.122
1768499209.3581336,33.329
1768499209.4602666,42.216
1768499209.5624142,36.94
1768499209.667231,37.138
1768499209.7698288,40.345
1768499209.8722117,36.842
1768499209.9747202,40.172
1768499210.0770307,34.988
1768499210.1793747,38.102
1768499210.2817469,37.335
1768499210.3840911,36.82
1768499210.4865506,38.299
1768499210.5920868,35.067
1768499210.6944258,44.285
1768499210.7968168,36.447
1768499210.8991265,36.074
1768499211.0014825,39.557
1768499211.1038928,33.804
1768499211.206232,44.751
1768499211.3086004,33.705
1768499211.4110224,44.062
1768499211.5132833,32.934
1768499211.6186457,45.27
1768499211.721063,36.25
1768499211.8235006,38.792
1768499211.9258132,39.777
1768499212.0283165,34.692
1768499212.1311655,45.834
1768499212.2335014,32.934
1768499212.3357623,44.456
1768499212.4425256,38.124
1768499212.5449867,35.954
1768499212.6473377,43.3
1768499212.7508812,33.606
1768499212.8533409,45.806
1768499212.9557369,32.638
1768499213.0581903,50.006
1768499213.1606932,32.342
1768499213.2630978,45.834
1768499213.3682778,36.94
1768499213.4708376,39.406
1768499213.5733037,36.25
1768499213.6756139,37.138
1768499213.7782948,33.329
1768499213.8805428,44.285
1768499213.9829895,39.876
1768499214.0852463,34.791
1768499214.1874788,50.86
1768499214.2931771,38.025
1768499214.3954883,35.975
1768499214.497807,49.682
1768499214.6001246,34.791
1768499214.7024448,41.231
1768499214.804968,38.496
1768499214.9073076,37.236
1768499215.009697,42.118
1768499215.1120408,34.791
1768499215.2169871,50.793
1768499215.3192694,37.412
1768499215.4219036,38.595
1768499215.5243733,44.259
1768499215.6266778,33.705
1768499215.7289965,46.326
1768499215.8315465,37.708
1768499215.9339721,37.532
1768499216.0363085,45.61
1768499216.141075,33.329
1768499216.2435586,42.906
1768499216.3460155,40.467
1768499216.4486454,35.58
1768499216.5515735,48.561
1768499216.654086,33.606
1768499216.7564857,43.937
1768499216.8589787,34.791
1768499216.964777,45.959
1768499217.06711,43.741
1768499217.1707377,34.791
1768499217.2730682,45.315
1768499217.3753963,41.354
1768499217.4776862,35.362
1768499217.5799558,50.732
1768499217.6822631,33.409
1768499217.7846222,44.528
1768499217.8891423,33.31
1768499217.9914415,39.974
1768499218.0938573,45.145
1768499218.196144,42.61
1768499218.3000588,43.176
1768499218.4022713,34.791
1768499218.5045116,52.955
1768499218.6067007,37.729
1768499218.7088425,38.617
1768499218.8149614,39.777
1768499218.917398,37.236
1768499219.0196905,45.368
1768499219.121996,34.1
1768499219.22438,41.453
1768499219.3267713,44.626
1768499219.4297214,34.593
1768499219.5320435,50.989
1768499219.6373322,38.913
1768499219.7396255,37.434
1768499219.8418808,45.861
1768499219.9442284,33.902
1768499220.0465713,44.554
1768499220.1489072,38.496
1768499220.2511787,36.645
1768499220.3535144,45.861
1768499220.4559817,34.889
1768499220.562152,44.16
1768499220.6646218,33.132
1768499220.7669332,47.774
1768499220.8692675,38.223
1768499220.9715564,36.666
1768499221.0738928,46.003
1768499221.1763237,33.31
1768499221.2787092,39.702
1768499221.3809326,48.364
1768499221.488289,33.508
1768499221.5910017,40.345
1768499221.6934001,43.694
1768499221.7957094,35.383
1768499221.897975,50.86
1768499222.0003068,38.003
1768499222.1025095,36.645
1768499222.204704,46.593
1768499222.310861,33.804
1768499222.4132452,39.482
1768499222.5156906,33.902
1768499222.6189783,40.763
1768499222.7211447,46.424
1768499222.8234282,35.185
1768499222.9256675,50.528
1768499223.0278077,40.073
1768499223.1300113,36.842
1768499223.235717,49.053
1768499223.3383927,34.199
1768499223.4408362,42.216
1768499223.543136,40.172
1768499223.6454043,36.447
1768499223.747757,49.75
1768499223.8500795,34.1
1768499223.952402,34.692
1768499224.0552113,49.711
1768499224.1606774,38.814
1768499224.26298,38.814
1768499224.3652394,44.823
1768499224.4675484,34.297
1768499224.5698373,42.019
1768499224.6723423,41.503
1768499224.7747984,35.087
1768499224.87729,49.416
1768499224.979537,33.231
1768499225.0820491,39.974
1768499225.1877623,41.822
1768499225.290089,33.902
1768499225.3930511,45.145
1768499225.4953787,38.223
1768499225.597554,35.778
1768499225.7000396,46.762
1768499225.8062727,33.014
1768499225.9115574,39.777
1768499226.0154865,41.551
1768499226.1179051,34.889
1768499226.2201967,43.497
1768499226.3225431,40.369
1768499226.4250524,35.185
1768499226.5273843,52.236
1768499226.6296504,38.617
1768499226.735608,39.209
1768499226.837923,44.554
1768499226.941673,39.163
1768499227.0439227,36.349
1768499227.1460776,50.891
1768499227.2482228,38.989
1768499227.3505685,36.151
1768499227.4528549,52.169
1768499227.5593712,38.966
1768499227.6617613,38.124
1768499227.764054,46.523
1768499227.8663623,33.705
1768499227.9687395,38.595
1768499228.071083,46.369
1768499228.1734748,33.705
1768499228.275937,42.709
1768499228.3782248,48.266
1768499228.4846218,34.199
1768499228.586974,39.679
1768499228.6891987,48.098
1768499228.7916522,33.902
1768499228.8940015,40.172
1768499228.996371,42.192
1768499229.0986843,35.757
1768499229.200902,49.613
1768499229.3077717,40.664
1768499229.4106364,36.447
1768499229.5129445,49.908
1768499229.6151285,39.679
1768499229.7173865,38.025
1768499229.819728,48.757
1768499229.921944,34.297
1768499230.0253835,53.252
1768499230.1310313,34.297
1768499230.233436,46.664
1768499230.3359556,33.606
1768499230.4383254,40.369
1768499230.5406716,42.315
1768499230.6429338,34.791
1768499230.745274,46.79
1768499230.8476071,34.692
1768499230.9504702,48.167
1768499231.055389,33.113
1768499231.157699,40.838
1768499231.2601564,34.988
1768499231.362364,49.023
1768499231.4646177,37.018
1768499231.5669432,39.284
1768499231.6692164,38.397
1768499231.7715695,36.271
1768499231.87393,45.44
1768499231.9797974,33.31
1768499232.0822794,41.33
1768499232.1845546,42.315
1768499232.2868176,34.692
1768499232.38928,50.173
1768499232.4915535,33.132
1768499232.5939796,41.65
1768499232.6963756,39.065
1768499232.79873,35.56
1768499232.904677,51.413
1768499233.0069766,37.335
1768499233.1092935,38.124
1768499233.2116647,48.954
1768499233.3138516,35.56
1768499233.4162123,38.223
1768499233.518519,46.467
1768499233.6209705,34.495
1768499233.7233164,48.237
1768499233.829722,39.505
1768499233.9321709,37.335
1768499234.0345268,48.728
1768499234.1369705,33.606
1768499234.2393723,45.762
1768499234.3427923,39.284
1768499234.4451256,35.481
1768499234.55128,51.548
1768499234.6536117,37.412
1768499234.7560651,38.496
1768499234.858428,44.357
1768499234.9609768,33.902
1768499235.0633693,44.652
1768499235.165872,39.012
1768499235.2682915,35.975
1768499235.370554,46.888
1768499235.4763033,39.087
1768499235.5792837,45.27
1768499235.6815746,35.481
1768499235.7840202,48.266
1768499235.8865077,38.102
1768499235.9888968,39.58
1768499236.091091,42.068
1768499236.1932492,35.383
1768499236.2995026,52.531
1768499236.4019158,33.31
1768499236.5043132,42.906
1768499236.6066594,39.603
1768499236.7090657,49.741
1768499236.8115537,34.495
1768499236.9140098,45.637
1768499237.0165956,39.087
1768499237.1190736,39.777
1768499237.2233796,42.462
1768499237.3259368,34.001
1768499237.428395,42.979
1768499237.5307968,38.397
1768499237.6331303,35.975
1768499237.7355335,47.113
1768499237.8379323,33.113
1768499237.9404724,42.143
1768499238.0428424,39.974
1768499238.148334,35.58
1768499238.250651,48.63
1768499238.353081,36.919
1768499238.4553056,37.532
1768499238.557789,46.227
1768499238.6611419,33.705
1768499238.7635827,50.173
1768499238.8658652,33.033
1768499238.9681697,41.059
1768499239.0737746,38.792
1768499239.176276,35.757
1768499239.2787218,46.2
1768499239.3811226,33.31
1768499239.483476,42.61
1768499239.5858274,38.42
1768499239.6883445,35.658
1768499239.7908597,39.284
1768499239.8978763,45.315
1768499240.0001256,32.817
1768499240.1024985,45.565
1768499240.2047935,36.666
1768499240.3069808,39.58
1768499240.4093719,36.349
1768499240.5121157,39.482
1768499240.6143656,38.792
1768499240.7168162,35.284
1768499240.8211572,43.767
1768499240.9236197,32.737
1768499241.0261798,42.192
1768499241.128513,37.313
1768499241.2310953,35.481
1768499241.3333383,46.129
1768499241.4358988,32.836
1768499241.5384793,42.315
1768499241.6406958,38.102
1768499241.7468412,38.321
1768499241.849264,46.2
1768499241.951547,33.902
1768499242.053881,43.694
1768499242.1563778,38.769
1768499242.258718,35.383
1768499242.3610177,53.349
1768499242.463511,37.412
1768499242.5659208,39.186
1768499242.6711912,44.16
1768499242.7735503,35.679
1768499242.8760865,53.316
1768499242.978804,38.2
1768499243.081317,37.138
1768499243.1835835,47.872
1768499243.2857795,33.902
1768499243.3881297,42.216
1768499243.494251,44.062
1768499243.5965922,34.593
1768499243.6990066,44.724
1768499243.8012512,38.617
1768499243.9035118,37.335
1768499244.0059948,51.186
1768499244.1084235,33.902
1768499244.210752,42.709
1768499244.3130188,41.921
1768499244.4191415,45.341
1768499244.5214086,39.262
1768499244.6237907,35.185
1768499244.7261136,47.999
1768499244.828401,33.409
1768499244.930742,41.428
1768499245.0329208,32.441
1768499245.1352777,45.118
1768499245.2375703,38.989
1768499245.3436089,35.284
1768499245.4461057,49.151
1768499245.5485938,37.215
1768499245.6508968,36.94
1768499245.7533774,45.806
1768499245.8557699,33.804
1768499245.958156,44.16
1768499246.0605159,39.11
1768499246.1628296,35.383
1768499246.2680748,43.865
1768499246.3703074,37.434
1768499246.4724932,41.748
1768499246.5748403,41.428
1768499246.6777258,34.001
1768499246.7821894,36.743
1768499246.8849282,37.039
1768499246.9874668,43.792
1768499247.0943966,33.231
1768499247.1969998,43.078
1768499247.299639,40.172
1768499247.402406,34.297
1768499247.5048153,46.326
1768499247.60728,39.482
1768499247.7096453,34.692
1768499247.8119826,49.839
1768499247.917148,33.033
1768499248.019521,43.176
1768499248.1219263,38.943
1768499248.2241485,35.185
1768499248.3264487,50.468
1768499248.4289107,45.073
1768499248.5312405,34.001
1768499248.6335874,50.793
1768499248.7359562,39.777
1768499248.8423595,41.527
1768499248.9446728,34.593
1768499249.046921,48.532
1768499249.1490889,37.51
1768499249.251268,35.876
1768499249.3533874,50.301
1768499249.45556,38.2
1768499249.557748,37.434
1768499249.6601229,50.075
1768499249.7663229,34.1
1768499249.868893,43.595
1768499249.9714193,40.27
1768499250.073869,38.617
1768499250.1762762,46.621
1768499250.278672,34.791
1768499250.3811011,48.491
1768499250.483537,39.186
1768499250.5901735,39.284
1768499250.6928742,49.18
1768499250.7953808,34.593
1768499250.8977444,48.196
1768499251.0000973,37.609
1768499251.1025307,40.369
1768499251.2048922,43.865
1768499251.3071094,33.606
1768499251.4148455,42.807
1768499251.5210402,40.542
1768499251.6240869,34.692
1768499251.7266443,46.523
1768499251.8290596,38.42
1768499251.9313154,37.631
1768499252.0364757,47.479
1768499252.1388378,33.705
1768499252.241078,44.088
1768499252.3434784,37.828
1768499252.4458094,37.138
1768499252.5480897,45.637
1768499252.6503265,34.692
1768499252.7526784,48.069
1768499252.8551078,49.711
1768499252.9639463,33.409
1768499253.066262,41.034
1768499253.1686277,42.807
1768499253.2709286,34.1
1768499253.3734033,46.102
1768499253.4756627,38.868
1768499253.5778883,35.679
1768499253.6839917,47.282
1768499253.7864091,38.375
1768499253.8886988,35.876
1768499253.9910717,46.523
1768499254.0932817,33.31
1768499254.1956851,43.373
1768499254.2979767,40.96
1768499254.4004805,34.1
1768499254.5030415,49.19
1768499254.6053932,37.927
1768499254.7111723,36.645
1768499254.813541,45.145
1768499254.9159214,33.231
1768499255.0184767,42.413
1768499255.1211796,38.868
1768499255.2235155,35.679
1768499255.3258183,47.282
1768499255.4283683,38.025
1768499255.5446227,38.397
1768499255.6471245,43.004
1768499255.749399,33.033
1768499255.8517199,41.231
1768499255.9577346,40.664
1768499256.0601065,34.396
1768499256.1628094,50.006
1768499256.265245,37.927
1768499256.3674755,35.954
1768499256.4700613,46.79
1768499256.5724392,34.1
1768499256.6750085,32.144
1768499256.7816455,50.369
1768499256.8841326,38.716
1768499256.9864333,35.185
1768499257.088848,49.583
1768499257.1911685,38.693
1768499257.2934763,35.067
1768499257.395773,43.963
1768499257.498152,38.792
1768499257.6003568,36.349
1768499257.7052252,43.373
1768499257.8074958,38.321
1768499257.909972,39.383
1768499258.012243,35.876
1768499258.1146474,50.173
1768499258.2170117,38.595
1768499258.3193455,36.842
1768499258.421663,51.776
1768499258.5238721,39.998
1768499258.629583,36.546
1768499258.731916,48.335
1768499258.834224,41.231
1768499258.9365282,35.778
1768499259.0389552,46.397
1768499259.1412868,41.551
1768499259.2435274,36.053
1768499259.3458822,48.433
1768499259.4481792,46.692
1768499259.553305,34.791
1768499259.6556995,41.921
1768499259.7587047,45.538
1768499259.8610191,35.362
1768499259.9633133,44.285
1768499260.06572,47.577
1768499260.1679225,34.889
1768499260.2701566,45.019
1768499260.372476,38.595
1768499260.4779456,36.645
1768499260.5801816,49.81
1768499260.682585,33.606
1768499260.7848153,39.087
1768499260.88713,46.467
1768499260.9894314,33.606
1768499261.091713,39.482
1768499261.1941504,33.804
1768499261.2974844,43.963
1768499261.4029787,40.739
1768499261.5053892,34.692
1768499261.6078722,45.905
1768499261.7101128,37.927
1768499261.812378,36.94
1768499261.914743,49.81
1768499262.0170412,37.335
1768499262.1193917,39.087
1768499262.2218928,47.282
1768499262.327521,33.902
1768499262.4299302,41.65
1768499262.5322356,39.337
1768499262.6344886,37.039
1768499262.7368433,49.111
1768499262.839242,33.705
1768499262.9415867,41.034
1768499263.0439782,38.08
1768499263.1504686,36.546
1768499263.2528174,53.152
1768499263.3551235,39.853
1768499263.4575744,36.172
1768499263.560215,51.284
1768499263.6624858,38.989
1768499263.7649062,37.236
1768499263.867196,52.597
1768499263.9694703,34.376
1768499264.0743375,39.974
1768499264.1773822,38.2
1768499264.2796786,40.369
1768499264.381966,46.2
1768499264.4841447,35.087
1768499264.5865188,50.566
1768499264.688787,38.595
1768499264.7910979,38.693
1768499264.8973,44.554
1768499264.999823,35.58
1768499265.1020436,50.135
1768499265.2044346,37.51
1768499265.3068264,38.397
1768499265.4092581,47.31
1768499265.5116067,37.532
1768499265.615148,47.409
1768499265.717325,33.902
1768499265.8222845,42.807
1768499265.924636,40.27
1768499266.0269997,35.284
1768499266.1293793,47.647
1768499266.2316737,33.033
1768499266.334172,41.059
1768499266.436623,39.58
1768499266.5388656,34.791
1768499266.6411202,50.331
1768499266.7449045,36.271
1768499266.8485286,40.664
1768499266.9507864,35.876
1768499267.0531228,46.102
1768499267.1554933,33.329
1768499267.2577596,40.27
1768499267.3601053,40.42
1768499267.4625657,34.791
1768499267.564922,49.81
1768499267.6672213,38.102
1768499267.7696602,34.791
1768499267.8735433,47.577
1768499267.9759288,39.58
1768499268.0783975,37.434
1768499268.1811285,46.467
1768499268.2834878,34.199
1768499268.3857977,43.668
1768499268.4881651,39.505
1768499268.591204,36.645
1768499268.6934903,50.694
1768499268.7966921,33.508
1768499268.903252,41.65
1768499269.0055737,42.61
1768499269.1078415,34.988
1768499269.2102034,49.908
1768499269.3127635,37.532
1768499269.4149754,39.383
1768499269.5172825,45.243
1768499269.619503,34.791
1768499269.7217712,50.922
1768499269.8272073,32.737
1768499269.9295678,45.341
1768499270.0319915,37.828
1768499270.1343775,37.532
1768499270.2366729,43.3
1768499270.3390439,47.647
1768499270.4426908,37.116
1768499270.5449228,39.482
1768499270.6477702,39.307
1768499270.752001,35.481
1768499270.8544176,44.921
1768499270.9567192,33.212
1768499271.0591123,44.751
1768499271.1616142,37.828
1768499271.2641172,35.975
1768499271.3664439,45.538
1768499271.4688492,33.31
1768499271.5711951,46.129
1768499271.6757803,37.927
1768499271.778156,37.729
1768499271.8805096,44.482
1768499271.9828794,33.527
1768499272.0852022,48.787
1768499272.1874833,35.658
1768499272.2902358,39.777
1768499272.3927255,41.034
1768499272.4950795,34.593
1768499272.59969,45.216
1768499272.7021492,38.989
1768499272.8045576,35.876
1768499272.9068968,44.948
1768499273.0092752,33.033
1768499273.1117601,50.203
1768499273.2141433,33.902
1768499273.317432,38.716
1768499273.4197695,40.172
1768499273.5246928,34.692
1768499273.627108,44.088
1768499273.7296453,33.31
1768499273.8321266,47.704
1768499273.9345753,32.539
1768499274.0370605,41.551
1768499274.1394348,37.631
1768499274.2418559,35.087
1768499274.3483636,43.865
1768499274.4508233,33.014
1768499274.5536082,45.368
1768499274.6561399,36.172
1768499274.758931,41.798
1768499274.8618999,34.001
1768499274.9643114,45.735
1768499275.066725,39.262
1768499275.173095,36.271
1768499275.2754822,45.834
1768499275.3779085,33.113
1768499275.480188,42.413
1768499275.5827966,38.442
1768499275.6853313,36.151
1768499275.7879415,43.963
1768499275.890327,33.804
1768499275.9970138,51.118
1768499276.099551,35.658
1768499276.2019475,39.11
1768499276.304256,43.004
1768499276.4068673,33.508
1768499276.5093985,44.751
1768499276.6134882,32.539
1768499276.7201393,43.668
1768499276.8224475,36.94
1768499276.9248314,45.243
1768499277.0277948,32.836
1768499277.1301455,39.307
1768499277.2324796,45.046
1768499277.3352668,33.409
1768499277.4374897,38.913
1768499277.544193,46.271
1768499277.6466134,34.692
1768499277.7489183,38.124
1768499277.8512714,44.062
1768499277.9535196,34.1
1768499278.0558147,44.357
1768499278.1583683,38.518
1768499278.2609184,37.434
1768499278.3667448,45.779
1768499278.4692314,33.804
1768499278.5718298,48.196
1768499278.6744072,33.231
1768499278.7770307,44.679
1768499278.879194,34.199
1768499278.981586,43.668
1768499279.0842042,40.392
1768499279.1907554,36.151
1768499279.2932754,46.719
1768499279.3956869,36.567
1768499279.4982011,38.617
1768499279.6006353,45.834
1768499279.7029798,34.199
1768499279.8057003,47.745
1768499279.9080799,38.792
1768499280.0146253,36.645
1768499280.1169257,45.413
1768499280.219361,33.626
1768499280.3219156,47.577
1768499280.4243226,38.102
1768499280.526551,36.151
1768499280.629024,45.341
1768499280.731332,33.31
1768499280.8337748,51.579
1768499280.9388227,33.033
1768499281.0412495,47.31
1768499281.1437497,33.804
1768499281.2487254,40.641
1768499281.3512146,37.981
1768499281.4536715,36.37
1768499281.55765,38.572
1768499281.663651,36.349
1768499281.7660668,38.572
1768499281.868646,35.856
1768499281.9712796,44.088
1768499282.0737708,33.113
1768499282.1761203,47.577
1768499282.27864,32.441
1768499282.380954,47.675
1768499282.4882584,32.243
1768499282.5908842,48.561
1768499282.6933625,40.664
1768499282.7971137,36.962
1768499282.8993924,38.42
1768499283.001806,42.241
1768499283.104223,33.508
1768499283.2104769,45.341
1768499283.312958,38.003
1768499283.4155502,35.264
1768499283.5178854,44.652
1768499283.6203902,32.737
1768499283.722926,38.223
1768499283.8252883,44.456
1768499283.9276726,34.1
1768499284.0304096,49.544
1768499284.1349163,37.927
1768499284.237418,37.236
1768499284.340091,45.61
1768499284.4424474,33.212
1768499284.5448852,45.735
1768499284.6471498,39.186
1768499284.7495508,35.778
1768499284.8521116,46.523
1768499284.9546106,33.329
1768499285.0607598,46.916
1768499285.1632774,38.617
1768499285.2655556,35.679
1768499285.368032,44.331
1768499285.4718914,32.934
1768499285.5742571,46.523
1768499285.6765523,38.003
1768499285.7793505,36.25
1768499285.8836968,44.16
1768499285.9861865,33.132
1768499286.088476,41.847
1768499286.1910543,37.138
1768499286.2937613,36.447
1768499286.3961222,46.102
1768499286.4984934,33.606
1768499286.6008027,50.331
1768499286.7032535,32.441
1768499286.8079665,31.552
1768499286.9103718,43.595
1768499287.0130038,38.003
1768499287.115431,45.735
1768499287.2176926,36.271
1768499287.3198671,37.532
1768499287.4220414,46.818
1768499287.5242467,33.033
1768499287.6264794,40.444
1768499287.733113,41.946
1768499287.8356543,34.791
1768499287.9379733,48.266
1768499288.0402877,38.102
1768499288.1428523,38.792
1768499288.245173,42.684
1768499288.3476357,35.757
1768499288.4500487,48.827
1768499288.5562782,37.236
1768499288.6587303,39.754
1768499288.761261,44.679
1768499288.8635993,35.087
1768499288.9659996,47.38
1768499289.0683172,39.603
1768499289.1706553,37.335
1768499289.2730954,47.479
1768499289.3753767,35.383
1768499289.481323,39.876
1768499289.5838501,47.507
1768499289.6862977,34.1
1768499289.7899618,41.822
1768499289.8923538,39.777
1768499289.9947886,37.631
1768499290.0971746,38.442
1768499290.1994371,41.527
1768499290.3054986,40.838
1768499290.408049,35.778
1768499290.5104127,52.695
1768499290.612926,37.729
1768499290.71516,38.102
1768499290.8175716,47.254
1768499290.9199586,33.31
1768499291.0224469,40.467
1768499291.1282246,43.57
1768499291.2307887,34.692
1768499291.3331459,39.406
1768499291.4354901,36.349
1768499291.537995,48.012
1768499291.640199,33.409
1768499291.742405,39.087
1768499291.8447387,45.806
1768499291.946932,34.791
1768499292.0516975,52.366
1768499292.1542091,37.806
1768499292.2566056,36.94
1768499292.3589172,52.955
1768499292.461255,37.532
1768499292.5636094,38.913
1768499292.6659954,46.255
1768499292.7684803,34.396
1768499292.871114,46.888
1768499292.9759033,38.617
1768499293.0784316,39.209
1768499293.1810942,44.876
1768499293.2834146,34.297
1768499293.3858645,41.33
1768499293.4882717,45.341
1768499293.590585,35.185
1768499293.6936204,46.369
1768499293.8006194,38.496
1768499293.902962,38.2
1768499294.0067496,47.605
1768499294.1092951,34.297
1768499294.2118013,49.082
1768499294.3141377,37.357
1768499294.4163263,37.631
1768499294.5188997,47.45
1768499294.6239038,33.31
1768499294.7261567,40.763
1768499294.8288376,43.471
1768499294.9312174,34.001
1768499295.034222,42.29
1768499295.1365626,39.777
1768499295.2391763,35.954
1768499295.3418663,53.316
1768499295.448613,37.532
1768499295.5510108,46.523
1768499295.6540074,34.791
1768499295.7563255,44.724
1768499295.8589115,39.557
1768499295.9610724,36.349
1768499296.0635319,52.071
1768499296.1661139,39.998
1768499296.2727463,36.053
1768499296.3750567,49.78
1768499296.4774027,38.496
1768499296.5799127,38.42
1768499296.682345,38.025
1768499296.784784,46.987
1768499296.8872395,38.617
1768499296.9898214,36.151
1768499297.0967667,45.735
1768499297.1992683,33.606
1768499297.301786,33.606
1768499297.404303,47.479
1768499297.5068843,33.033
1768499297.609259,41.034
1768499297.7119431,41.33
1768499297.8144848,35.975
1768499297.922169,46.2
1768499298.024475,34.593
1768499298.1268017,38.617
1768499298.2290719,46.79
1768499298.331294,36.151
1768499298.4336534,38.223
1768499298.5360372,48.393
1768499298.6384344,34.1
1768499298.7442126,44.554
1768499298.8467436,41.625
1768499298.9490068,35.185
1768499299.0514061,47.577
1768499299.153776,33.113
1768499299.2561893,40.861
1768499299.3584998,41.428
1768499299.4607956,35.954
1768499299.5631776,47.282
1768499299.6682973,44.724
1768499299.7717624,39.186
1768499299.8740156,39.209
1768499299.9762223,43.937
1768499300.078547,34.199
1768499300.1808164,46.818
1768499300.2830307,32.62
1768499300.385309,45.046
1768499300.4875743,37.729
1768499300.5930984,36.94
1768499300.6955645,42.512
1768499300.7978497,35.876
1768499300.90025,39.163
1768499301.0025053,34.297
1768499301.1049182,45.932
1768499301.207328,33.212
1768499301.3097057,48.787
1768499301.4121583,36.842
1768499301.518087,37.905
1768499301.6205308,37.631
1768499301.7229753,36.053
1768499301.8253555,41.354
1768499301.9278653,34.889
1768499302.0302346,43.176
1768499302.1325908,33.508
1768499302.2348835,47.844
1768499302.3374681,34.692
1768499302.4433935,39.58
1768499302.545665,41.724
1768499302.6481173,34.988
1768499302.7505686,44.554
1768499302.8544261,33.705
1768499302.956788,47.479
1768499303.0591815,32.836
1768499303.161507,41.625
1768499303.269166,38.299
1768499303.3715868,37.138
1768499303.474016,46.326
1768499303.5763946,33.409
1768499303.678771,50.694
1768499303.7811587,32.836
1768499303.8835745,43.274
1768499303.9861095,39.284
1768499304.0919008,44.751
1768499304.1941824,32.836
1768499304.2964811,39.974
1768499304.3987765,42.709
1768499304.5010102,33.705
1768499304.6031637,47.675
1768499304.7052953,37.609
1768499304.8074207,38.792
1768499304.909929,41.601
1768499305.016314,35.481
1768499305.1189747,46.2
1768499305.2214005,34.001
1768499305.323809,48.266
1768499305.4263597,37.138
1768499305.528829,38.792
1768499305.6312258,40.247
1768499305.7338147,35.679
1768499305.8406155,48.294
1768499305.9430022,34.199
1768499306.04539,49.839
1768499306.1483433,33.902
1768499306.2507544,50.233
1768499306.3530807,37.116
1768499306.45565,42.216
1768499306.5618112,37.686
1768499306.6640604,35.757
1768499306.7702837,31.651
1768499306.8725693,47.085
1768499306.97482,35.481
1768499307.0770137,38.518
1768499307.1794696,43.497
1768499307.2818336,33.606
1768499307.38816,43.004
1768499307.4904382,39.603
1768499307.5928202,35.284
1768499307.6950862,46.129
1768499307.797423,33.231
1768499307.9000127,42.388
1768499308.0025403,37.532
1768499308.1051219,36.447
1768499308.2075133,45.708
1768499308.312539,36.349
1768499308.415335,44.331
1768499308.517625,32.934
1768499308.6197248,39.974
1768499308.7220714,39.58
1768499308.824338,36.053
1768499308.9266748,46.397
1768499309.028919,34.297
1768499309.1311517,44.285
1768499309.2371655,43.57
1768499309.3394258,34.396
1768499309.441763,42.979
1768499309.5441675,45.243
1768499309.6466208,35.087
1768499309.7490914,51.579
1768499309.8517177,34.1
1768499309.9541557,45.413
1768499310.0605745,39.012
1768499310.163056,37.631
1768499310.2654119,51.548
1768499310.3682666,35.954
1768499310.4707897,39.974
1768499310.5730805,46.55
1768499310.6756399,35.087
1768499310.7779887,47.774
1768499310.8865256,33.606
1768499310.9889245,46.03
1768499311.0914078,33.705
1768499311.1939712,48.069
1768499311.2965631,35.087
1768499311.398957,46.424
1768499311.501317,33.428
1768499311.6037552,48.098
1768499311.709062,33.31
1768499311.8117287,41.527
1768499311.914225,38.595
1768499312.0165105,36.468
1768499312.1187818,48.925
1768499312.2212949,36.645
1768499312.3235433,37.434
1768499312.4259608,50.331
1768499312.5282295,38.102
1768499312.6348388,47.577
1768499312.7371168,33.705
1768499312.8392377,38.617
1768499312.9415417,44.186
1768499313.0437632,34.396
1768499313.1459517,44.062
1768499313.2482512,44.357
1768499313.350591,34.889
1768499313.452755,45.27
1768499313.5549653,40.936
1768499313.6612046,35.185
1768499313.763519,46.692
1768499313.8657718,39.087
1768499313.9681547,39.777
1768499314.0706701,39.534
1768499314.1731098,35.658
1768499314.2753816,48.532
1768499314.3777094,42.413
1768499314.4800537,34.889
1768499314.586074,42.413
1768499314.6884024,47.577
1768499314.7913754,33.804
1768499314.8938205,42.315
1768499314.9962504,45.091
1768499315.0985494,34.1
1768499315.2008948,38.124
1768499315.303345,49.446
1768499315.4069939,43.865
1768499315.5114658,35.284
1768499315.6138487,44.259
1768499315.716165,46.326
1768499315.8185706,34.396
1768499315.9208953,38.595
1768499316.0233188,49.151
1768499316.1256669,34.297
1768499316.2279336,41.231
1768499316.3303115,45.932
1768499316.4351509,34.791
1768499316.5379732,46.298
1768499316.6401987,34.988
1768499316.743716,47.872
1768499316.8459468,37.532
1768499316.948242,47.409
1768499317.0506577,34.593
1768499317.152894,41.551
1768499317.2590818,38.989
1768499317.3619561,36.743
1768499317.464128,49.348
1768499317.5664668,41.133
1768499317.668853,35.56
1768499317.7709806,51.843
1768499317.8730903,35.185
1768499317.975338,48.04
1768499318.0774708,39.58
1768499318.1842594,38.2
1768499318.2865975,47.844
1768499318.3889985,34.199
1768499318.4912214,42.807
1768499318.593539,43.497
1768499318.6958222,34.988
1768499318.7982502,46.692
1768499318.900606,39.11
1768499319.0074754,35.757
1768499319.1097293,53.349
1768499319.2122433,38.595
1768499319.3146656,36.546
1768499319.4193747,51.253
1768499319.521609,39.656
1768499319.624621,35.185
1768499319.7269301,45.243
1768499319.8323138,40.05
1768499319.9348285,35.067
1768499320.0371048,47.647
1768499320.1394768,41.527
1768499320.2418337,35.481
1768499320.3441486,44.186
1768499320.4463603,46.397
1768499320.5486705,35.185
1768499320.6551352,44.285
1768499320.7574236,42.782
1768499320.859664,35.856
1768499320.9623482,48.04
1768499321.0647993,39.482
1768499321.1673875,38.89
1768499321.2699058,51.905
1768499321.3724768,43.424
1768499321.479659,37.927
1768499321.5819185,45.664
1768499321.6845586,46.44
1768499321.7869525,35.658
1768499321.8893838,56.853
1768499321.9918268,35.067
1768499322.0942628,40.148
1768499322.1966844,45.341
1768499322.3023875,34.889
1768499322.4049091,43.201
1768499322.5072577,42.34
1768499322.6097012,36.053
1768499322.7120588,41.748
1768499322.8142931,35.383
1768499322.9166455,46.79
1768499323.019102,33.606
1768499323.1214674,42.881
1768499323.2247217,38.518
1768499323.3282535,39.505
1768499323.4305432,45.216
1768499323.5330276,34.1
1768499323.6356928,43.989
1768499323.738025,41.625
1768499323.8405266,34.988
1768499323.9432683,51.874
1768499324.045607,38.2
1768499324.1512315,37.631
1768499324.2534826,45.834
1768499324.3558178,34.593
1768499324.4581053,48.433
1768499324.5603848,38.321
1768499324.6627858,38.989
1768499324.7650876,42.782
1768499324.86742,34.988
1768499324.9699278,51.02
1768499325.0768135,32.638
1768499325.1792417,39.186
1768499325.2816787,44.554
1768499325.3840642,34.001
1768499325.4863434,46.424
1768499325.5886705,38.716
1768499325.6911094,43.668
1768499325.7951128,34.889
1768499325.899977,46.495
1768499326.002363,33.31
1768499326.1047575,41.847
1768499326.2071133,41.65
1768499326.3095026,35.856
1768499326.4118514,45.019
1768499326.5141025,34.495
1768499326.6163468,47.31
1768499326.7188447,33.902
1768499326.824078,46.621
1768499326.9264731,34.692
1768499327.028919,49.092
1768499327.131264,33.705
1768499327.2337823,42.413
1768499327.3362782,38.746
1768499327.4386804,37.927
1768499327.5411272,46.003
1768499327.6437225,34.791
1768499327.7482305,53.25
1768499327.8505754,37.412
1768499327.9530218,40.763
1768499328.0599778,36.468
1768499328.1624203,39.974
1768499328.2662992,41.527
1768499328.3721461,34.692
1768499328.474473,44.948
1768499328.5770893,33.31
1768499328.6795428,48.462
1768499328.7819693,37.039
1768499328.884318,36.94
1768499328.9867537,42.413
1768499329.0890415,33.804
1768499329.1913514,49.151
1768499329.2986357,36.349
1768499329.4009893,38.124
1768499329.503283,44.554
1768499329.6056738,34.001
1768499329.7081757,46.987
1768499329.8105462,36.94
1768499329.9128726,37.883
1768499330.015122,36.25
1768499330.121936,44.429
1768499330.2241986,34.1
1768499330.326525,50.498
1768499330.4289114,36.743
1768499330.5312233,38.617
1768499330.6337805,39.679
1768499330.736088,35.778
1768499330.8383765,46.79
1768499330.945372,33.113
1768499331.0480034,46.227
1768499331.1504395,37.236
1768499331.2527914,36.842
1768499331.355132,45.44
1768499331.4574661,32.934
1768499331.559789,41.231
1768499331.6620948,40.073
1768499331.7644293,35.087
1768499331.8701742,49.908
1768499331.9725778,32.817
1768499332.0748305,46.987
1768499332.1783028,32.836
1768499332.2807662,40.172
1768499332.382997,39.974
1768499332.4851582,35.679
1768499332.587415,46.888
1768499332.6934133,33.705
1768499332.7959032,46.2
1768499332.898205,38.321
1768499333.0005975,38.025
1768499333.1031215,38.277
1768499333.2054236,38.025
1768499333.3077872,43.373
1768499333.4101844,34.297
1768499333.516085,47.184
1768499333.6184213,37.335
1768499333.720699,35.856
1768499333.8230693,45.834
1768499333.9252958,36.328
1768499334.0276995,37.532
1768499334.1300669,33.31
1768499334.2329671,39.974
1768499334.3352537,43.201
1768499334.4411454,34.791
1768499334.5435572,50.793
1768499334.645842,33.014
1768499334.7483282,40.467
1768499334.8508728,40.96
1768499334.9533343,34.988
1768499335.0557628,50.498
1768499335.1581926,37.828
1768499335.2649522,37.532
1768499335.3672109,48.532
1768499335.4696631,33.508
1768499335.5721302,42.906
1768499335.6744397,39.656
1768499335.776807,36.645
1768499335.8792772,46.2
1768499335.9816854,33.212
1768499336.0888007,46.888
1768499336.1912682,38.025
1768499336.2958956,36.151
1768499336.3986065,48.827
1768499336.500885,33.329
1768499336.6032932,42.315
1768499336.7055035,32.046
1768499336.8118024,45.905
1768499336.9140966,33.508
1768499337.016873,46.888
1768499337.1192226,37.532
1768499337.221833,38.496
1768499337.3241942,44.724
1768499337.426795,33.606
1768499337.5293927,42.734
1768499337.6362398,38.277
1768499337.7386656,36.172
1768499337.8409665,46.916
1768499337.943355,33.705
1768499338.045676,49.348
1768499338.148038,36.94
1768499338.2505286,49.976
1768499338.352684,37.85
1768499338.4549994,36.053
1768499338.5604475,46.2
1768499338.6627312,35.954
1768499338.7650957,37.335
1768499338.8673844,47.057
1768499338.9696448,33.428
1768499339.0718913,41.921
1768499339.1741662,38.913
1768499339.276421,35.461
1768499339.3787298,50.566
1768499339.484289,38.124
1768499339.586601,36.842
1768499339.6889474,48.462
1768499339.7912397,33.508
1768499339.8937113,45.145
1768499339.9960947,36.053
1768499340.0984251,38.223
1768499340.2009544,44.948
1768499340.303482,34.1
1768499340.4097188,45.073
1768499340.5120347,39.383
1768499340.6149058,36.053
1768499340.7171998,48.237
1768499340.8194015,37.729
1768499340.9215775,36.743
1768499341.0241363,45.216
1768499341.1265094,33.705
1768499341.228895,50.301
1768499341.3345518,32.243
1768499341.4369607,41.133
1768499341.5392883,41.453
1768499341.6417127,34.297
1768499341.7440977,47.774
1768499341.8463552,38.299
1768499341.9487798,36.172
1768499342.051229,38.989
1768499342.1535566,35.778
1768499342.2584202,44.849
1768499342.3607275,33.409
1768499342.4630013,49.023
1768499342.5652862,32.836
1768499342.667627,45.762
1768499342.7699168,42.782
1768499342.8720353,32.046
1768499342.9743042,42.315
1768499343.0765064,38.124
1768499343.1827884,36.447
1768499343.285262,43.004
1768499343.3875294,33.606
1768499343.489824,50.036
1768499343.592194,32.243
1768499343.6946988,39.383
1768499343.7969894,37.927
1768499343.8994703,36.074
1768499344.001864,40.936
1768499344.1075103,35.284
1768499344.2099984,44.16
1768499344.3124244,32.934
1768499344.4149468,47.352
1768499344.5173244,35.778
1768499344.619708,38.124
1768499344.7225337,41.33
1768499344.8249557,34.593
1768499344.927319,47.085
1768499345.032335,32.441
1768499345.1347072,41.946
1768499345.2372994,36.743
1768499345.3403132,37.828
1768499345.4427288,42.413
1768499345.544997,33.902
1768499345.6474419,47.901
1768499345.7499228,32.737
1768499345.855806,46.593
1768499345.95822,36.151
1768499346.0609517,37.927
1768499346.1632352,44.331
1768499346.2657657,33.705
1768499346.3680985,41.724
1768499346.4703827,42.906
1768499346.5729864,38.518
1768499346.6765046,35.975
1768499346.780478,32.144
1768499346.8828382,51.284
1768499346.9851716,38.595
1768499347.0876045,46.495
1768499347.1910794,33.231
1768499347.2933412,40.763
1768499347.3956454,43.963
1768499347.497904,34.889
1768499347.603191,49.19
1768499347.7055695,33.508
1768499347.8080027,44.948
1768499347.9103081,37.06
1768499348.0127068,37.039
1768499348.1151347,45.118
1768499348.2175004,33.231
1768499348.319978,44.652
1768499348.4222746,38.353
1768499348.5278382,35.757
1768499348.6303568,47.015
1768499348.7326605,35.856
1768499348.8351777,37.828
1768499348.937644,44.456
1768499349.0399024,34.396
1768499349.1423335,47.184
1768499349.2446346,34.791
1768499349.3474271,47.872
1768499349.4526055,33.409
1768499349.5549169,45.341
1768499349.657864,39.853
1768499349.7601702,35.362
1768499349.8624423,50.369
1768499349.9648757,33.014
1768499350.067238,52.759
1768499350.169516,33.606
1768499350.2757502,43.103
1768499350.3780828,45.216
1768499350.4803224,33.804
1768499350.5828488,41.157
1768499350.6851983,45.001
1768499350.787422,33.902
1768499350.889702,43.891
1768499350.992167,43.767
1768499351.094481,35.185
1768499351.200472,51.584
1768499351.3026798,38.716
1768499351.4049199,37.51
1768499351.5071182,38.299
1768499351.609852,37.609
1768499351.7120368,48.462
1768499351.814264,35.264
1768499351.9164128,46.424
1768499352.018608,33.902
1768499352.124148,47.577
1768499352.2263956,34.889
1768499352.3288043,50.036
1768499352.4313128,38.814
1768499352.5336478,38.321
1768499352.6358066,45.288
1768499352.7380555,34.791
1768499352.840477,46.692
1768499352.942885,40.59
1768499353.0482938,36.94
1768499353.1507816,47.844
1768499353.2531548,34.1
1768499353.3559875,39.186
1768499353.458282,49.289
1768499353.560476,32.916
1768499353.6629312,41.724
1768499353.7652652,40.444
1768499353.8712983,35.185
1768499353.9739592,47.409
1768499354.0762467,38.518
1768499354.1785839,36.645
1768499354.2808993,46.79
1768499354.3832543,32.836
1768499354.4855282,40.566
1768499354.5877798,45.145
1768499354.6901438,34.001
1768499354.795956,43.398
1768499354.8983653,40.444
1768499355.0008016,35.481
1768499355.1030946,49.613
1768499355.2054465,36.842
1768499355.307798,37.532
1768499355.4103434,48.11
1768499355.5125768,38.496
1768499355.6148925,37.138
1768499355.7200081,54.004
1768499355.8223631,38.595
1768499355.9246469,48.433
1768499356.027961,33.804
1768499356.1302283,41.059
1768499356.232291,47.015
1768499356.334567,34.988
1768499356.4367907,52.204
1768499356.543251,39.284
1768499356.645841,38.89
1768499356.7481556,34.396
1768499356.8505185,52.955
1768499356.9530196,38.124
1768499357.0553427,40.467
1768499357.1576478,45.413
1768499357.2599502,34.692
1768499357.3623161,48.491
1768499357.4680235,33.606
1768499357.570376,42.906
1768499357.6726885,41.822
1768499357.7755222,34.593
1768499357.877808,51.186
1768499357.9799843,37.159
1768499358.082318,37.828
1768499358.188361,44.849
1768499358.293292,38.2
1768499358.3972635,37.236
1768499358.4996827,51.812
1768499358.6020157,38.102
1768499358.7043867,36.962
1768499358.8068154,51.91
1768499358.9090815,38.617
1768499359.0113647,37.335
1768499359.117293,47.507
1768499359.2195492,34.08
1768499359.3219662,37.532
1768499359.4242718,48.335
1768499359.5266566,38.003
1768499359.628883,38.814
1768499359.731227,49.938
1768499359.8335934,34.1
1768499359.9359353,40.467
1768499360.0423968,47.647
1768499360.1448524,35.087
1768499360.2471669,38.671
1768499360.34937,37.335
1768499360.4515789,51.579
1768499360.5537915,33.804
1768499360.656033,41.33
1768499360.7582736,40.444
1768499360.8606093,35.954
1768499360.9666414,48.196
1768499361.0691636,36.172
1768499361.171615,48.462
1768499361.2740622,34.199
1768499361.3763838,37.729
1768499361.4786687,45.44
1768499361.5809855,38.146
1768499361.683288,36.842
1768499361.7856984,46.959
1768499361.890949,38.792
1768499361.9932554,39.603
1768499362.095653,48.069
1768499362.1979518,34.495
1768499362.3002555,44.528
1768499362.403141,39.679
1768499362.5055656,36.842
1768499362.6082373,49.023
1768499362.710573,34.001
1768499362.8156164,41.157
1768499362.9178824,46.227
1768499363.0201645,34.692
1768499363.1224766,50.173
1768499363.2247136,39.702
1768499363.3271356,37.236
1768499363.429482,48.532
1768499363.5318327,34.001
1768499363.634137,40.073
1768499363.7393825,46.172
1768499363.8418608,33.804
1768499363.9441693,47.085
1768499364.0468352,37.729
1768499364.1494186,43.595
1768499364.2518704,37.455
1768499364.354383,39.777
1768499364.456745,39.702
1768499364.559094,36.271
1768499364.6643786,45.118
1768499364.7667913,44.062
1768499364.8695757,38.102
1768499364.9718196,37.631
1768499365.0743046,41.354
1768499365.1766524,34.199
1768499365.27889,50.596
1768499365.3810773,37.138
1768499365.483599,38.223
1768499365.5884697,44.482
1768499365.691046,33.705
1768499365.7933393,44.456
1768499365.8958647,40.641
1768499365.998231,35.658
1768499366.1010168,46.916
1768499366.2035108,33.409
1768499366.306066,39.505
1768499366.4120452,41.157
1768499366.51434,35.284
1768499366.6166017,48.787
1768499366.719094,33.409
1768499366.8222263,45.145
1768499366.9246316,35.284
1768499367.028567,48.098
1768499367.131022,40.294
1768499367.2361755,36.447
1768499367.3387668,50.528
1768499367.4412787,40.369
1768499367.543547,36.074
1768499367.6461177,53.152
1768499367.7485895,38.639
1768499367.850872,38.025
1768499367.9533482,47.942
1768499368.0558157,34.001
1768499368.1600614,44.456
1768499368.2627835,41.527
1768499368.365188,35.481
1768499368.467948,49.249
1768499368.5705588,38.299
1768499368.6730616,36.172
1768499368.7754047,46.593
1768499368.8778067,33.409
1768499368.9802759,42.438
1768499369.0846496,35.658
1768499369.188121,50.959
1768499369.29033,38.102
1768499369.3925545,36.25
1768499369.4948425,49.387
1768499369.5972688,38.102
1768499369.699888,37.236
1768499369.8020782,48.462
1768499369.904338,38.792
1768499370.010246,38.223
1768499370.1126983,46.79
1768499370.2152297,34.1
1768499370.3178122,41.946
1768499370.4202266,45.538
1768499370.5227282,34.889
1768499370.6251218,46.621
1768499370.727524,43.57
1768499370.8335223,37.609
1768499370.9360292,38.42
1768499371.038979,47.844
1768499371.1415954,34.889
1768499371.2438514,48.069
1768499371.3471107,38.2
1768499371.4495142,39.482
1768499371.5518296,47.085
1768499371.6551158,34.297
1768499371.7574728,51.874
1768499371.8603842,34.791
1768499371.9629834,46.593
1768499372.065635,35.087
1768499372.1679883,39.11
1768499372.2704756,37.828
1768499372.3729012,39.656
1768499372.4755783,38.518
1768499372.5811856,42.29
1768499372.683477,35.087
1768499372.7862275,45.735
1768499372.8885596,41.453
1768499372.9909863,34.889
1768499373.093434,50.596
1768499373.1959193,33.606
1768499373.298272,39.383
1768499373.400799,48.63
1768499373.505633,36.25
1768499373.608125,49.711
1768499373.7103832,34.1
1768499373.8126805,42.413
1768499373.9149787,48.954
1768499374.017097,33.804
1768499374.1192634,42.413
1768499374.2215824,46.03
1768499374.3238053,34.692
1768499374.4299648,41.428
1768499374.5323398,48.983
1768499374.6348007,34.495
1768499374.737163,47.999
1768499374.839539,40.369
1768499374.941989,36.842
1768499375.044388,53.84
1768499375.1471,39.087
1768499375.254509,39.777
1768499375.3569388,45.806
1768499375.463739,34.001
1768499375.5665317,43.201
1768499375.6688297,42.709
1768499375.7710905,34.297
1768499375.877312,46.03
1768499375.9797418,43.201
1768499376.0822847,34.791
1768499376.1849363,48.294
1768499376.2873127,39.065
1768499376.389721,35.56
1768499376.4921877,41.896
1768499376.5945642,34.889
1768499376.7005172,45.243
1768499376.8028646,35.975
1768499376.905206,47.282
1768499377.007781,33.705
1768499377.1106148,41.133
1768499377.2132084,33.31
1768499377.3155773,42.537
1768499377.4179084,43.865
1768499377.5204096,33.132
1768499377.6252522,44.233
1768499377.727529,33.902
1768499377.8297358,40.073
1768499377.9320643,33.132
1768499378.0344703,46.719
1768499378.1367555,39.087
1768499378.239058,35.284
1768499378.3412592,44.58
1768499378.443415,44.948
1768499378.5492847,34.001
1768499378.651591,39.853
1768499378.7539842,43.963
1768499378.8564234,33.902
1768499378.9590273,41.527
1768499379.0614028,44.16
1768499379.1638422,34.297
1768499379.2663727,40.345
1768499379.372893,47.254
1768499379.478883,38.595
1768499379.581147,35.778
1768499379.6834137,46.227
1768499379.785768,41.699
1768499379.8879797,34.988
1768499379.9903722,49.416
1768499380.0973787,37.674
1768499380.199782,41.921
1768499380.3020642,46.593
1768499380.4043043,39.406
1768499380.506519,37.236
1768499380.6090236,50.989
1768499380.711522,39.459
1768499380.8139527,37.532
1768499380.9203138,48.433
1768499381.0226903,35.757
1768499381.1248865,37.434
1768499381.2272308,52.008
1768499381.329547,39.876
1768499381.432146,36.271
1768499381.5344937,45.046
1768499381.636754,46.987
1768499381.739144,35.284
1768499381.845322,40.814
1768499381.9474854,36.842
1768499382.0498898,52.334
1768499382.1521733,34.988
1768499382.2544277,39.777
1768499382.3566868,50.989
1768499382.4588609,35.087
1768499382.5611525,41.896
1768499382.6633732,44.724
1768499382.7682512,36.645
1768499382.8705373,52.727
1768499382.9731498,41.133
1768499383.0754447,36.546
1768499383.1777353,50.891
1768499383.2799976,38.518
1768499383.3823297,36.053
1768499383.485477,53.218
1768499383.5878696,38.299
1768499383.6950455,41.428
1768499383.7973378,42.782
1768499383.9009988,35.284
1768499384.0032434,44.259
1768499384.1056197,39.284
1768499384.2080274,35.876
1768499384.3103597,48.954
1768499384.4175339,39.853
1768499384.519783,36.25
1768499384.6221032,51.579
1768499384.7244794,39.406
1768499384.8268497,37.631
1768499384.9293098,49.318
1768499385.0316992,34.001
1768499385.1339478,38.518
1768499385.236332,48.728
1768499385.341845,33.329
1768499385.44435,38.223
1768499385.5467272,46.916
1768499385.6491911,34.001
1768499385.7514744,40.172
1768499385.8538237,45.511
1768499385.9561348,34.889
1768499386.058407,44.482
1768499386.1608534,36.447
1768499386.267739,52.204
1768499386.369813,38.42
1768499386.4719975,37.927
1768499386.5741956,51.352
1768499386.676291,34.495
1768499386.7803044,39.829
1768499386.882643,36.447
1768499386.9892561,51.45
1768499387.0915658,34.021
1768499387.193931,39.482
1768499387.296277,49.122
1768499387.3985577,35.975
1768499387.5009758,38.223
1768499387.603525,48.856
1768499387.7060115,38.814
1768499387.8082917,36.25
1768499387.9253867,48.728
1768499388.0277212,39.307
1768499388.1299577,36.842
1768499388.2365766,50.694
1768499388.3389351,38.89
1768499388.441206,37.434
1768499388.543685,52.169
1768499388.6459408,39.58
1768499388.748533,38.89
1768499388.850973,43.792
1768499388.9533284,35.658
1768499389.0556679,47.605
1768499389.160455,39.383
1768499389.2629528,38.716
1768499389.365335,51.646
1768499389.4676967,40.195
1768499389.5699415,38.003
1768499389.6723099,51.284
1768499389.7747953,34.988
1768499389.8771644,41.404
1768499389.9801683,36.074
1768499390.084726,46.523
1768499390.1870089,40.491
1768499390.2892954,35.679
1768499390.3916755,51.776
1768499390.494192,39.406
1768499390.5965025,36.349
1768499390.6988099,45.806
1768499390.8012345,34.001
1768499390.9036415,40.073
1768499391.0098932,47.732
1768499391.1123846,34.1
1768499391.2149403,40.861
1768499391.3173265,48.294
1768499391.4196975,40.172
1768499391.5225153,36.743
1768499391.6249604,52.464
1768499391.7272584,38.693
1768499391.829545,37.138
1768499391.936129,54.299
1768499392.0386636,37.806
1768499392.1411765,38.124
1768499392.2437277,48.925
1768499392.346143,34.199
1768499392.448438,42.906
1768499392.5508265,33.606
1768499392.653142,41.133
1768499392.7585096,43.03
1768499392.8607461,35.658
1768499392.9631631,52.562
1768499393.0654817,33.902
1768499393.1679382,40.936
1768499393.270251,41.65
1768499393.3725111,34.791
1768499393.4747741,49.81
1768499393.5771253,38.966
1768499393.6839771,36.25
1768499393.7864714,51.615
1768499393.8890867,38.595
1768499393.9914393,39.777
1768499394.09383,44.331
1768499394.1961718,34.988
1768499394.2986724,39.801
1768499394.4018729,36.25
1768499394.5071678,52.267
1768499394.6093655,34.001
1768499394.7117114,43.3
1768499394.8139803,48.954
1768499394.9163213,34.791
1768499395.018617,44.823
1768499395.12103,38.913
1768499395.223438,37.828
1768499395.3258216,51.548
1768499395.4317381,38.321
1768499395.5340576,37.236
1768499395.6363122,49.279
1768499395.738637,33.409
1768499395.840861,39.679
1768499395.9431896,44.357
1768499396.0454707,34.297
1768499396.148228,47.745
1768499396.250666,39.777
1768499396.3608828,35.067
1768499396.4631898,48.335
1768499396.565574,37.434
1768499396.667865,38.2
1768499396.7703,32.342
1768499396.8727765,48.294
1768499396.97532,32.934
1768499397.0801103,42.807
1768499397.1824772,37.138
1768499397.2848413,37.927
1768499397.387159,44.062
1768499397.4895432,33.902
1768499397.5918853,43.891
1768499397.6942477,38.617
1768499397.7967637,36.25
1768499397.8993268,44.186
1768499398.005918,33.212
1768499398.1084945,42.807
1768499398.2110612,38.2
1768499398.3134267,36.053
1768499398.4159255,45.118
1768499398.5182855,41.65
1768499398.6217008,44.456
1768499398.723978,34.199
1768499398.8285758,51.45
1768499398.930991,37.806
1768499399.033631,37.729
1768499399.1360521,45.708
1768499399.2385178,33.705
1768499399.3409848,40.172
1768499399.4433768,46.523
1768499399.545954,33.705
1768499399.6523275,42.413
1768499399.7547896,42.019
1768499399.857214,34.889
1768499399.9602122,47.577
1768499400.0625713,39.012
1768499400.1655521,36.349
1768499400.2679298,51.253
1768499400.3701668,38.518
1768499400.4778492,36.842
1768499400.5804136,53.808
1768499400.6827197,39.186
1768499400.7850091,36.842
1768499400.887519,50.006
1768499400.9898808,40.073
1768499401.0922825,37.236
1768499401.1947172,49.348
1768499401.297193,33.902
1768499401.4020164,40.763
1768499401.504358,49.515
1768499401.6070237,34.1
1768499401.7093177,42.709
1768499401.8118973,46.03
1768499401.9142883,34.495
1768499402.0169528,41.724
1768499402.1193967,41.306
1768499402.221778,36.349
1768499402.327233,52.008
1768499402.4298286,37.51
1768499402.532701,36.645
1768499402.6351225,49.544
1768499402.7375398,33.804
1768499402.8400853,43.865
1768499402.9443307,34.869
1768499403.0469103,49.544
1768499403.1521823,33.902
1768499403.254602,42.585
1768499403.3570788,47.212
1768499403.4594743,34.1
1768499403.561936,47.577
1768499403.6643205,35.383
1768499403.76678,48.659
1768499403.8693454,33.508
1768499403.9718184,39.284
1768499404.0776722,45.959
1768499404.1801279,35.185
1768499404.2826097,50.566
1768499404.3851461,38.124
1768499404.4876854,36.172
1768499404.5902953,53.906
1768499404.6925156,37.828
1768499404.794817,40.369
1768499404.8971107,48.787
1768499405.00103,36.546
1768499405.1061585,40.444
1768499405.2085602,40.467
1768499405.3108416,36.447
1768499405.4130046,49.613
1768499405.515247,34.988
1768499405.6175816,38.397
1768499405.7200067,48.069
1768499405.822482,34.791
1768499405.9282641,52.727
1768499406.030524,38.913
1768499406.1329155,39.482
1768499406.235331,44.751
1768499406.337692,35.067
1768499406.4400945,44.088
1768499406.5423808,38.2
1768499406.644661,36.743
1768499406.7470198,36.842
1768499406.8532817,43.891
1768499406.9556973,41.748
1768499407.057953,34.1
1768499407.1602573,43.963
1768499407.2625964,39.482
1768499407.3650665,45.976
1768499407.467315,38.299
1768499407.5698054,37.138
1768499407.6719608,47.113
1768499407.778021,33.705
1768499407.8803344,41.059
1768499407.9827318,46.03
1768499408.0850506,34.396
1768499408.1873953,53.218
1768499408.2898684,38.518
1768499408.3922157,36.94
1768499408.4945729,47.282
1768499408.6009095,33.508
1768499408.7031827,39.406
1768499408.8057718,47.113
1768499408.908095,33.804
1768499409.011488,39.482
1768499409.1138515,42.881
1768499409.217258,34.692
1768499409.3197324,46.058
1768499409.4247713,42.734
1768499409.5270882,34.001
1768499409.629573,40.073
1768499409.7317934,48.404
1768499409.8341951,35.481
1768499409.936496,37.236
1768499410.0387511,47.409
1768499410.1411123,34.001
1768499410.2435887,45.413
1768499410.3487527,34.692
1768499410.4511273,50.271
1768499410.5535777,38.792
1768499410.655841,38.003
1768499410.758161,40.073
1768499410.8604898,37.039
1768499410.9628067,45.61
1768499411.065121,34.889
1768499411.1719327,45.762
1768499411.2742062,41.33
1768499411.3765755,34.692
1768499411.479,39.58
1768499411.5813124,41.527
1768499411.6837425,34.297
1768499411.7859735,38.913
1768499411.8882868,52.173
1768499411.990411,45.44
1768499412.0958886,34.692
1768499412.1981983,41.946
1768499412.3005476,48.728
1768499412.4029245,36.074
1768499412.505247,38.025
1768499412.6074908,51.419
1768499412.7098007,38.693
1768499412.8120825,37.708
1768499412.9143195,52.629
1768499413.0202205,38.595
1768499413.1225007,37.335
1768499413.224671,52.204
1768499413.3269968,33.804
1768499413.4292965,41.453
1768499413.5320127,49.81
1768499413.6347382,34.692
1768499413.737062,41.453
1768499413.844068,46.397
1768499413.9463658,35.679
1768499414.0488627,47.155
1768499414.1513896,39.974
1768499414.2537534,38.989
1768499414.3560903,48.896
1768499414.4584284,34.297
1768499414.560823,44.876
1768499414.6673613,41.551
1768499414.7698503,36.546
1768499414.8722486,55.871
1768499414.974473,39.307
1768499415.0768855,38.716
1768499415.1792357,48.462
1768499415.2815633,34.791
1768499415.3840075,38.2
1768499415.4895308,46.762
1768499415.591809,38.102
1768499415.694242,36.743
1768499415.7967372,37.236
1768499415.9002883,36.645
1768499416.0024261,52.727
1768499416.1047091,40.885
1768499416.206828,35.757
1768499416.3127553,49.613
1768499416.4151917,33.231
1768499416.5175993,39.876
1768499416.6199052,47.184
1768499416.7224386,40.073
1768499416.8249044,40.739
1768499416.9273129,34.988
1768499417.0296688,42.906
1768499417.1319826,43.274
1768499417.2379134,35.856
1768499417.3403368,51.45
1768499417.4431932,39.163
1768499417.5454106,37.434
1768499417.6488392,53.448
1768499417.7511532,38.693
1768499417.8533735,38.299
1768499417.9555604,55.183
1768499418.0589635,37.609
1768499418.1614637,38.814
1768499418.2638288,51.874
1768499418.3661902,38.025
1768499418.4686723,37.927
1768499418.5710526,52.629
1768499418.6733687,40.838
1768499418.7757838,36.546
1768499418.8781204,36.053
1768499418.9804096,48.364
1768499419.085698,33.606
1768499419.1880875,40.739
1768499419.290479,38.617
1768499419.3928573,35.757
1768499419.4952724,53.218
1768499419.597717,38.496
1768499419.7001302,36.151
1768499419.8024912,46.916
1768499419.9050639,33.113
1768499420.0099611,38.89
1768499420.1122394,44.948
1768499420.2146702,41.354
1768499420.318663,44.259
1768499420.4209275,33.508
1768499420.5232677,42.979
1768499420.6254823,42.413
1768499420.7277417,33.902
1768499420.8333507,44.259
1768499420.935733,42.241
1768499421.038117,34.593
1768499421.1404111,47.647
1768499421.2428758,40.096
1768499421.3452098,35.778
1768499421.4476202,48.04
1768499421.5500462,40.617
1768499421.6523702,35.383
1768499421.7587485,48.561
1768499421.861605,41.551
1768499421.9640324,36.151
1768499422.0679247,49.544
1768499422.1701443,35.954
1768499422.2724652,38.003
1768499422.3747377,55.511
1768499422.4815214,40.664
1768499422.58403,36.743
1768499422.6863463,48.069
1768499422.788758,38.003
1768499422.8911912,40.467
1768499422.9936602,45.019
1768499423.0961146,35.362
1768499423.1985521,48.827
1768499423.300769,33.113
1768499423.405242,38.496
1768499423.5076663,46.861
1768499423.610513,34.001
1768499423.7130187,41.551
1768499423.8154416,43.741
1768499423.9184039,34.1
1768499424.0209496,45.315
1768499424.1235392,37.313
1768499424.2291656,37.335
1768499424.3315759,47.113
1768499424.4340253,39.998
1768499424.5369923,45.538
1768499424.639332,33.508
1768499424.7415981,41.601
1768499424.8440034,41.946
1768499424.946268,35.284
1768499425.0522375,46.593
1768499425.15471,33.902
1768499425.2569885,49.544
1768499425.3597386,37.018
1768499425.4620996,37.039
1768499425.564435,45.118
1768499425.6669672,33.033
1768499425.7695506,49.416
1768499425.8721428,37.138
1768499425.977757,38.617
1768499426.084578,41.428
1768499426.1870463,33.902
1768499426.2894433,50.626
1768499426.391633,39.087
1768499426.4940233,38.693
1768499426.5963306,43.989
1768499426.7013674,34.1
1768499426.8039498,35.856
1768499426.9063299,40.27
1768499427.008693,43.767
1768499427.1111443,33.606
1768499427.2136586,44.948
1768499427.3160691,37.949
1768499427.4184365,37.138
1768499427.521091,48.069
1768499427.625727,33.014
1768499427.728101,38.223
1768499427.8304856,46.818
1768499427.9331808,34.1
1768499428.0357578,45.44
1768499428.1383574,39.679
1768499428.2408412,35.778
1768499428.3436022,50.566
1768499428.4492736,33.804
1768499428.5521407,46.326
1768499428.6553576,34.1
1768499428.7576787,40.542
1768499428.8600087,40.96
1768499428.9623775,35.856
1768499429.0646396,50.928
1768499429.1669643,35.757
1768499429.2724295,40.936
1768499429.3750198,46.2
1768499429.4774332,34.396
1768499429.579847,43.891
1768499429.6822104,45.467
1768499429.7847242,34.988
1768499429.8875296,51.677
1768499429.989985,38.025
1768499430.0977454,38.496
1768499430.2002037,49.053
1768499430.3042948,34.1
1768499430.4069283,40.838
1768499430.5093877,43.963
1768499430.611955,34.791
1768499430.7143958,44.849
1768499430.821309,38.442
1768499430.9236975,37.729
1768499431.026379,47.029
1768499431.128872,33.409
1768499431.2312176,41.822
1768499431.3339257,47.929
1768499431.4362998,33.804
1768499431.5388129,37.927
1768499431.6431243,49.18
1768499431.7456145,37.236
1768499431.8479507,36.447
1768499431.950231,48.954
1768499432.052521,35.342
1768499432.1550696,38.989
1768499432.2574692,45.315
1768499432.359831,34.889
1768499432.462292,42.585
1768499432.5678046,44.134
1768499432.6701376,43.668
1768499432.773175,41.822
1768499432.8752675,35.481
1768499432.9775283,49.151
1768499433.0798504,39.528
1768499433.1825287,38.321
1768499433.2849152,47.45
1768499433.387208,34.199
1768499433.4920683,40.566
1768499433.594601,45.583
1768499433.696875,34.593
1768499433.7992356,50.006
1768499433.901515,33.428
1768499434.00381,42.216
1768499434.1065605,43.176
1768499434.2089462,35.856
1768499434.311486,47.942
1768499434.4163985,34.988
1768499434.526758,50.694
1768499434.628946,34.771
1768499434.731312,40.172
1768499434.8335314,39.383
1768499434.9359386,35.383
1768499435.0413697,46.172
1768499435.1438336,34.495
1768499435.2461803,38.397
1768499435.3486533,44.456
1768499435.4509456,33.804
1768499435.5532248,43.398
1768499435.655574,41.133
1768499435.7581763,34.593
1768499435.8605978,48.659
1768499435.9662604,37.138
1768499436.0686734,37.609
1768499436.1710122,45.735
1768499436.2732522,34.297
1768499436.3755476,50.989
1768499436.4780126,33.014
1768499436.5802767,45.413
1768499436.6824946,33.231
1768499436.7850335,36.799
1768499436.8900554,47.184
1768499436.9925141,33.508
1768499437.0946178,46.129
1768499437.1967702,38.868
1768499437.2990305,37.236
1768499437.4012942,45.341
1768499437.503469,32.836
1768499437.605714,40.073
1768499437.7079508,44.16
1768499437.8141296,33.033
1768499437.9166996,39.383
1768499438.0190804,37.412
1768499438.121477,38.693
1768499438.2238169,48.393
1768499438.3263521,33.606
1768499438.4287102,39.679
1768499438.5312922,46.03
1768499438.6336975,33.705
1768499438.738423,40.392
1768499438.8409355,48.364
1768499438.9442441,33.508
1768499439.0464683,39.801
1768499439.1487207,48.069
1768499439.2511218,35.284
1768499439.3533676,38.792
1768499439.455886,47.282
1768499439.5623312,38.989
1768499439.6647077,35.954
1768499439.7670076,53.316
1768499439.8692472,39.11
1768499439.971584,36.94
1768499440.073984,48.954
1768499440.1763427,37.631
1768499440.2787795,37.236
1768499440.3812883,53.152
1768499440.4872985,41.527
1768499440.5897589,34.889
1768499440.6920376,40.664
1768499440.7943451,47.745
1768499440.8967292,35.087
1768499440.9990952,46.888
1768499441.1014907,34.495
1768499441.2037003,40.148
1768499441.3098166,34.791
1768499441.4121268,39.383
1768499441.5143077,48.462
1768499441.6163974,33.626
1768499441.7185853,45.511
1768499441.8208334,33.902
1768499441.923006,38.42
1768499442.0251515,46.495
1768499442.1273699,33.231
1768499442.229525,47.872
1768499442.3359463,37.532
1768499442.4382591,36.546
1768499442.5407243,49.122
1768499442.643168,39.656
1768499442.7454011,34.988
1768499442.847851,46.959
1768499442.9501421,46.719
1768499443.0523975,37.51
1768499443.1548219,37.138
1768499443.2606714,48.364
1768499443.3645294,37.905
1768499443.4667554,37.335
1768499443.569034,46.861
1768499443.671359,33.902
1768499443.773659,42.315
1768499443.8759732,42.636
1768499443.9784942,34.791
1768499444.0850406,46.2
1768499444.1873627,39.557
1768499444.2897828,35.185
1768499444.3920522,45.315
1768499444.494473,42.019
1768499444.5967057,34.988
1768499444.699174,44.233
1768499444.8014858,39.14
1768499444.9084785,36.447
1768499445.0108368,47.184
1768499445.113177,35.481
1768499445.215471,47.647
1768499445.3178504,33.902
1768499445.4200919,38.003
1768499445.5224907,50.271
1768499445.624794,38.2
1768499445.727261,36.842
1768499445.8323896,34.869
1768499445.934708,38.321
1768499446.0369442,48.069
1768499446.1391687,33.705
1768499446.2412815,43.201
1768499446.343405,40.247
1768499446.4457731,37.138
1768499446.548086,48.294
1768499446.650236,33.508
1768499446.756262,38.716
1768499446.8586712,35.658
1768499446.9610834,46.747
1768499447.0633883,33.132
1768499447.165703,40.566
1768499447.267872,40.073
1768499447.370148,35.58
1768499447.4724917,47.507
1768499447.5748034,33.428
1768499447.6775773,38.89
1768499447.785201,43.471
1768499447.8876767,34.001
1768499447.9900448,41.034
1768499448.0923324,47.844
1768499448.1946084,34.199
1768499448.29695,41.724
1768499448.3992045,39.777
1768499448.5015857,35.58
1768499448.6038737,45.44
1768499448.7098505,40.641
1768499448.8122547,35.362
1768499448.9145916,48.138
1768499449.0169332,33.902
1768499449.1193025,39.876
1768499449.2216513,48.098
1768499449.323947,33.804
1768499449.426301,42.585
1768499449.5287058,42.093
1768499449.6338582,34.889
1768499449.7363372,43.274
1768499449.8388736,39.209
1768499449.941245,35.876
1768499450.0435367,45.806
1768499450.1459389,33.804
1768499450.2481592,42.019
1768499450.3505788,39.262
1768499450.4528697,48.433
1768499450.5599172,34.968
1768499450.6620111,38.518
1768499450.7642593,46.424
1768499450.866505,33.606
1768499450.968663,42.709
1768499451.0708795,41.551
1768499451.1731505,34.988
1768499451.2752726,48.04
1768499451.3824103,38.42
1768499451.484857,38.321
1768499451.587109,46.593
1768499451.689409,33.902
1768499451.7923048,41.428
1768499451.8945422,43.3
1768499451.9968104,35.362
1768499452.1000252,50.173
1768499452.2062612,38.693
1768499452.3085818,36.645
1768499452.4110644,49.092
1768499452.5134175,34.1
1768499452.6157587,45.565
1768499452.7181392,37.412
1768499452.8205347,40.861
1768499452.9230037,34.889
1768499453.02533,43.3
1768499453.1307316,33.705
1768499453.2331095,47.745
1768499453.3354394,38.814
1768499453.4378011,36.743
1768499453.540191,53.349
1768499453.642467,36.743
1768499453.7449372,36.842
1768499453.8472772,42.044
1768499453.9496171,34.593
1768499454.0545993,46.227
1768499454.156918,38.42
1768499454.2591758,37.335
1768499454.3615792,47.254
1768499454.4639757,34.1
1768499454.566394,43.103
1768499454.6687198,42.413
1768499454.770956,35.383
1768499454.8732626,37.631
1768499454.9799843,36.94
1768499455.0822685,48.069
1768499455.1846516,33.902
1768499455.2871177,42.438
1768499455.3895867,42.684
1768499455.4918857,34.297
1768499455.594208,47.212
1768499455.6965206,39.58
1768499455.8035848,36.349
1768499455.9059834,45.583
1768499456.0083263,35.185
1768499456.1107833,48.462
1768499456.2131996,34.199
1768499456.3155997,44.58
1768499456.4187996,38.223
1768499456.5211117,39.209
1768499456.6272264,49.613
1768499456.7295706,38.299
1768499456.831831,33.508
1768499456.934421,45.171
1768499457.037074,42.61
1768499457.1395943,35.481
1768499457.2419398,52.169
1768499457.3443289,34.001
1768499457.4503324,40.739
1768499457.552834,39.482
1768499457.6554363,34.791
1768499457.758123,51.124
1768499457.8604667,32.836
1768499457.9627244,41.354
1768499458.0651977,39.284
1768499458.167777,35.284
1768499458.2742472,46.888
1768499458.3767157,33.31
1768499458.4791074,44.285
1768499458.581552,39.087
1768499458.683918,35.383
1768499458.7863584,49.249
1768499458.8888822,32.441
1768499458.9915235,39.307
1768499459.0942318,35.975
1768499459.2002125,43.989
1768499459.3028638,33.606
1768499459.4053195,49.613
1768499459.5077145,36.525
1768499459.6101537,38.025
1768499459.712509,44.088
1768499459.8150873,33.902
1768499459.9173355,43.398
1768499460.0233424,38.913
1768499460.1257305,36.053
1768499460.228258,44.233
1768499460.3307734,33.014
1768499460.4363601,42.807
1768499460.5402787,40.321
1768499460.646516,35.481
1768499460.7489235,49.908
1768499460.8512309,38.025
1768499460.9536622,37.532
1768499461.0561535,46.621
1768499461.1584,33.705
1768499461.2612371,42.143
1768499461.3636897,41.946
1768499461.4660072,34.988
1768499461.5714211,51.745
1768499461.6738904,36.25
1768499461.7762828,40.566
1768499461.8787782,43.57
1768499461.9812503,35.284
1768499462.0837142,48.462
1768499462.1861296,33.705
1768499462.2884762,44.554
1768499462.3945236,38.792
1768499462.4969912,38.025
1768499462.5993521,40.369
1768499462.7017305,36.666
1768499462.804017,46.369
1768499462.9065459,34.297
1768499463.0091798,32.737
1768499463.112352,42.807
1768499463.2183385,37.631
1768499463.3210304,36.349
1768499463.4234202,44.876
1768499463.5260823,33.132
1768499463.628496,39.777
1768499463.7309315,45.583
1768499463.833282,34.988
1768499463.9355323,50.535
1768499464.0380538,38.178
1768499464.143117,39.754
1768499464.2460825,44.285
1768499464.3484697,35.975
1768499464.4506714,50.468
1768499464.5548682,34.376
1768499464.6571157,42.585
1768499464.7594004,36.764
1768499464.8617754,43.3
1768499464.9665053,39.383
1768499465.068984,36.842
1768499465.1713147,46.495
1768499465.273654,34.889
1768499465.376071,51.192
1768499465.4784412,32.441
1768499465.580818,40.641
1768499465.6831982,40.763
1768499465.785597,34.297
1768499465.891362,50.823
1768499465.993677,37.412
1768499466.0960207,37.828
1768499466.1983757,44.285
1768499466.3008919,34.692
1768499466.4031823,50.498
1768499466.5055106,33.31
1768499466.6078594,39.777
1768499466.7101936,42.807
1768499466.8157868,43.274
1768499466.91818,38.003
1768499467.0204418,37.039
1768499467.1228106,49.771
1768499467.2252102,34.889
1768499467.3275504,39.307
1768499467.4306314,37.412
1768499467.5330124,37.631
1768499467.6400082,47.901
1768499467.742466,33.705
1768499467.8447363,41.65
1768499467.9471173,41.601
1768499468.0495002,35.757
1768499468.151916,49.485
1768499468.25431,34.1
1768499468.3567686,43.004
1768499468.4630013,40.566
1768499468.5653322,36.645
1768499468.6676145,47.647
1768499468.7705846,34.1
1768499468.8729084,41.822
1768499468.9752636,44.948
1768499469.0775886,35.185
1768499469.179995,52.695
1768499469.2823992,33.982
1768499469.3878498,39.284
1768499469.490077,49.151
1768499469.5923762,34.1
1768499469.6947582,41.625
1768499469.7969897,43.052
1768499469.8993652,34.495
1768499470.0017211,46.818
1768499470.1040714,42.388
1768499470.2065246,34.396
1768499470.312444,43.989
1768499470.414808,44.849
1768499470.517065,35.383
1768499470.6195042,47.999
1768499470.7219305,41.181
1768499470.8242085,37.434
1768499470.926404,49.122
1768499471.0288222,34.593
1768499471.1312916,42.906
1768499471.2361329,47.113
1768499471.338444,35.58
1768499471.440871,48.954
1768499471.5432222,40.345
1768499471.645418,36.94
1768499471.747778,39.065
1768499471.8505282,38.693
1768499471.9526372,52.432
1768499472.0546892,37.927
1768499472.1597295,37.138
1768499472.2620585,46.987
1768499472.364255,33.212
1768499472.4667666,38.89
1768499472.569007,48.364
1768499472.6713216,35.658
1768499472.7736423,38.617
1768499472.8764725,47.675
1768499472.9788938,33.606
1768499473.0864842,39.482
1768499473.18972,39.36
1768499473.2920501,36.25
1768499473.3943894,50.891
1768499473.4968212,38.792
1768499473.5992136,37.828
1768499473.70154,47.184
1768499473.80774,34.692
1768499473.9100316,46.692
1768499474.0123935,34.297
1768499474.1147687,48.827
1768499474.217233,36.743
1768499474.3196256,39.087
1768499474.4219928,37.927
1768499474.524294,36.053
1768499474.6267667,46.79
1768499474.732928,37.828
1768499474.8356123,37.039
1768499474.937953,43.865
1768499475.0403106,33.705
1768499475.142676,46.719
1768499475.244973,38.814
1768499475.347415,35.658
1768499475.44968,50.498
1768499475.5563035,38.223
1768499475.6586397,36.743
1768499475.7611632,45.708
1768499475.8635206,34.1
1768499475.965992,36.25
1768499476.0687566,38.693
1768499476.1710281,45.637
1768499476.273196,33.902
1768499476.3790538,41.748
1768499476.481766,39.186
1768499476.5841749,36.25
1768499476.6866474,32.342
1768499476.7891011,47.184
1768499476.8917494,32.539
1768499476.9941964,42.315
1768499477.0968792,37.949
1768499477.1992543,35.56
1768499477.3059273,45.538
1768499477.4082901,33.606
1768499477.5105557,47.999
1768499477.6133475,38.814
1768499477.7166705,35.778
1768499477.8190317,45.834
1768499477.9212997,32.638
1768499478.0235968,41.33
1768499478.129632,39.209
1768499478.2320135,34.593
1768499478.3342605,45.806
1768499478.4369533,32.836
1768499478.5393405,41.231
1768499478.6416953,38.518
1768499478.744109,35.778
1768499478.846497,45.341
1768499478.9487512,33.212
1768499479.0531216,42.61
1768499479.1554852,38.966
1768499479.2579305,34.889
1768499479.3602862,49.711
1768499479.4627218,32.539
1768499479.5649905,38.397
1768499479.6672263,44.259
1768499479.7697656,33.705
1768499479.8722048,46.523
1768499479.9776592,35.856
1768499480.0799642,39.951
1768499480.1822348,42.019
1768499480.2845724,34.495
1768499480.3869717,32.934
1768499480.489355,41.527
1768499480.591668,40.542
1768499480.6939316,35.185
1768499480.796189,49.092
1768499480.901293,32.836
1768499481.0037954,43.004
1768499481.1061187,37.532
1768499481.2086174,36.447
1768499481.3109577,46.692
1768499481.413287,32.836
1768499481.5156841,39.876
1768499481.6179893,44.751
1768499481.720341,34.1
1768499481.8269496,41.822
1768499481.929351,44.876
1768499482.0315533,34.297
1768499482.1346655,48.266
1768499482.2368746,38.102
1768499482.3391094,36.94
1768499482.4414678,46.145
1768499482.543825,33.705
1768499482.6461334,45.637
1768499482.7518525,39.603
1768499482.854214,35.481
1768499482.956601,48.925
1768499483.059023,33.212
1768499483.1613836,41.847
1768499483.263676,42.782
1768499483.366193,34.001
1768499483.468568,45.708
1768499483.5708578,38.639
1768499483.675731,36.94
1768499483.7780962,44.777
1768499483.8804154,33.902
1768499483.9827745,44.554
1768499484.08516,37.708
1768499484.1874828,38.321
1768499484.289875,38.397
1768499484.392195,36.842
1768499484.4945092,45.44
1768499484.6007645,34.495
1768499484.7033236,51.02
1768499484.8057559,38.716
1768499484.909612,44.554
1768499485.0118532,34.001
1768499485.1141312,49.78
1768499485.2163537,33.033
1768499485.3186615,44.482
1768499485.4241781,37.927
1768499485.5265236,36.25
1768499485.6288776,47.479
1768499485.7311766,32.243
1768499485.8335204,41.65
1768499485.9359171,38.89
1768499486.0382955,35.284
1768499486.1413019,45.637
1768499486.2436066,32.916
1768499486.3545027,44.16
1768499486.4569445,33.902
1768499486.559496,41.404
1768499486.662493,36.842
1768499486.7651446,39.186
1768499486.867424,34.889
1768499486.9735544,44.456
1768499487.07592,32.539
1768499487.1782541,45.806
1768499487.2807307,36.842
1768499487.3832664,37.729
1768499487.4856343,39.11
1768499487.587997,34.988
1768499487.690397,41.822
1768499487.7930636,33.606
1768499487.8979251,39.876
1768499488.000554,34.396
1768499488.103191,42.413
1768499488.2056956,33.409
1768499488.3082259,45.019
1768499488.4106271,31.651
1768499488.5131273,41.724
1768499488.6155624,37.039
1768499488.721801,35.58
1768499488.8244886,42.906
1768499488.927145,44.357
1768499489.0301425,32.737
1768499489.1323547,46.621
1768499489.2349246,34.889
1768499489.3371303,37.434
1768499489.439383,40.984
1768499489.5466783,34.889
1768499489.6491916,45.861
1768499489.7519414,32.737
1768499489.8544316,42.019
1768499489.956902,37.708
1768499490.0593045,35.679
1768499490.161987,45.019
1768499490.26451,33.132
1768499490.3736582,44.456
1768499490.4758584,37.587
1768499490.5781488,35.481
1768499490.6804726,46.298
1768499490.7827735,32.836
1768499490.8851159,38.913
1768499490.9873438,46.326
1768499491.0896418,32.638
1768499491.191941,38.595
1768499491.2970214,47.184
1768499491.3994036,33.804
1768499491.5019622,40.96
1768499491.6043985,47.113
1768499491.7067149,33.902
1768499491.8091803,40.27
1768499491.9115145,47.872
1768499492.0137267,38.693
1768499492.1160398,35.876
1768499492.2221944,54.397
1768499492.3245294,38.474
1768499492.4269803,36.349
1768499492.5293412,50.331
1768499492.631796,39.58
1768499492.7341821,36.546
1768499492.8364782,51.745
1768499492.9388924,33.606
1768499493.0412257,39.951
1768499493.1471424,46.861
1768499493.2494292,34.1
1768499493.3518844,39.679
1768499493.4546094,36.645
1768499493.556832,46.621
1768499493.6590173,36.447
1768499493.761128,39.186
1768499493.8633142,40.885
1768499493.9656763,35.481
1768499494.0678484,49.652
1768499494.1725895,33.606
1768499494.2748792,47.577
1768499494.3775606,38.42
1768499494.479948,37.631
1768499494.5822942,49.122
1768499494.684586,33.508
1768499494.7868595,42.34
1768499494.8891182,38.397
1768499494.993109,38.223
1768499495.097005,47.815
1768499495.1993594,33.804
1768499495.3016887,42.881
1768499495.4040737,38.792
1768499495.5064073,38.025
1768499495.6088114,44.849
1768499495.7112145,33.428
1768499495.8136485,45.341
1768499495.9163456,32.836
1768499496.0219402,42.216
1768499496.1242776,37.412
1768499496.2265081,37.532
1768499496.3288443,45.171
1768499496.4312465,34.1
1768499496.5336127,40.739
1768499496.6360798,35.975
1768499496.7389536,36.546
1768499496.8447611,45.708
1768499496.9471753,34.791
1768499497.049524,39.853
1768499497.1520832,37.631
1768499497.2547631,37.335
1768499497.3571904,41.059
1768499497.4597034,35.383
1768499497.5619495,47.675
1768499497.6643364,32.638
1768499497.7692945,47.155
1768499497.8717175,38.913
1768499497.9741442,39.012
1768499498.076397,37.51
1768499498.1787617,32.046
1768499498.2810338,44.626
1768499498.3832746,36.37
1768499498.4856277,36.842
1768499498.5878003,42.315
1768499498.6936393,32.718
1768499498.7960436,47.577
1768499498.8984294,34.278
1768499499.0007927,37.729
1768499499.1033182,42.782
1768499499.2056067,34.1
1768499499.308307,46.03
1768499499.4108653,32.916
1768499499.5132573,48.138
1768499499.617852,36.25
1768499499.720143,38.595
1768499499.8227272,42.118
1768499499.9250827,34.692
1768499500.0274184,46.452
1768499500.1297717,32.737
1768499500.2321138,40.664
1768499500.3345654,39.383
1768499500.4368634,35.087
1768499500.542205,47.647
1768499500.6445673,37.729
1768499500.7468572,37.631
1768499500.849198,43.201
1768499500.9516597,35.284
1768499501.0539527,48.364
1768499501.1561828,34.475
1768499501.2585208,37.434
1768499501.3607378,44.554
1768499501.466675,34.001
1768499501.569071,50.596
1768499501.671761,38.913
1768499501.774159,36.151
1768499501.8767707,51.874
1768499501.9790747,33.212
1768499502.0818484,42.019
1768499502.1842263,38.913
1768499502.2910335,46.326
1768499502.3932977,34.001
1768499502.4956105,52.924
1768499502.5978334,39.702
1768499502.7001383,35.56
1768499502.8024974,50.823
1768499502.9048378,37.138
1768499503.0073168,38.299
1768499503.113848,45.386
1768499503.2161617,33.705
1768499503.3184369,43.668
1768499503.423149,32.62
1768499503.5254748,41.748
1768499503.6282918,42.192
1768499503.7308288,34.297
1768499503.8332384,46.79
1768499503.9379003,36.82
1768499504.0403812,38.716
1768499504.1428514,43.3
1768499504.245389,34.199
1768499504.347758,49.289
1768499504.4502661,37.138
1768499504.552864,39.58
1768499504.655232,43.201
1768499504.75753,33.606
1768499504.8632336,42.093
1768499504.9656305,39.482
1768499505.0680304,36.842
1768499505.170354,46.692
1768499505.2729142,33.705
1768499505.3753076,46.03
1768499505.4777155,38.814
1768499505.58002,36.447
1768499505.6860862,49.682
1768499505.7886226,33.31
1768499505.8910158,42.315
1768499505.9932919,39.482
1768499506.0955224,35.58
1768499506.1978462,46.566
1768499506.3001199,34.1
1768499506.4026184,46.495
1768499506.5050938,37.236
1768499506.6096911,35.481
1768499506.7122228,32.638
1768499506.8144767,36.743
1768499506.9167883,38.496
1768499507.0189464,39.951
1768499507.1212125,34.692
1768499507.2234352,42.782
1768499507.3256145,32.638
1768499507.427958,41.33
1768499507.5345917,41.157
1768499507.6368954,34.199
1768499507.7394016,49.092
1768499507.8418486,36.053
1768499507.944229,39.383
1768499508.0480292,43.792
1768499508.150296,33.804
1768499508.252571,43.989
1768499508.3548923,38.595
1768499508.4602084,36.053
1768499508.5627606,44.554
1768499508.6650827,34.001
1768499508.7674181,42.585
1768499508.8697288,38.913
1768499508.9721901,35.954
1768499509.0745633,45.905
1768499509.1769233,33.902
1768499509.2832692,43.398
1768499509.3855588,38.595
1768499509.4880505,35.975
1768499509.5904105,43.865
1768499509.6929104,34.199
1768499509.7953134,48.601
1768499509.897692,33.329
1768499510.0000968,43.471
1768499510.102428,37.039
1768499510.2081053,37.335
1768499510.3105006,44.088
1768499510.4129696,33.409
1768499510.515277,42.807
1768499510.6177049,36.94
1768499510.720137,37.236
1768499510.8226817,45.511
1768499510.9250429,33.409
1768499511.0273669,42.118
1768499511.1325183,36.053
1768499511.2352722,44.062
1768499511.3375986,33.409
1768499511.4398744,39.012
1768499511.5421443,42.388
1768499511.6444705,34.593
1768499511.7466695,50.596
1768499511.8488224,39.801
1768499511.9511683,36.94
1768499512.0574772,46.621
1768499512.1597576,34.396
1768499512.262183,49.544
1768499512.3645864,38.792
1768499512.4679515,36.94
1768499512.5702367,44.186
1768499512.6726217,34.495
1768499512.7749732,49.878
1768499512.88124,38.2
1768499512.983706,38.595
1768499513.0862448,43.3
1768499513.1886563,34.988
1768499513.2909355,47.704
1768499513.3933554,33.033
1768499513.4957747,43.103
1768499513.5981202,38.496
1768499513.7004075,35.679
1768499513.807008,45.145
1768499513.9094157,33.033
1768499514.0117111,41.157
1768499514.1140795,38.321
1768499514.2164664,35.362
1768499514.3189397,45.145
1768499514.4213645,33.231
1768499514.5238142,43.103
1768499514.6311173,38.496
1768499514.7335014,35.383
1768499514.835936,47.97
1768499514.9382238,33.033
1768499515.040651,41.748
1768499515.143088,39.754
1768499515.2453754,34.889
1768499515.347841,47.437
1768499515.454102,45.019
1768499515.5568366,34.771
1768499515.6591432,39.186
1768499515.7614777,40.345
1768499515.8637717,35.067
1768499515.9661252,47.113
1768499516.0682867,33.31
1768499516.1705265,42.34
1768499516.2729516,38.102
1768499516.3789115,35.856
1768499516.4851983,38.89
1768499516.5889733,34.001
1768499516.6925836,41.157
1768499516.794934,37.927
1768499516.8971472,41.822
1768499517.002487,33.804
1768499517.1048994,49.81
1768499517.2072155,36.842
1768499517.3096595,36.94
1768499517.412041,46.523
1768499517.5145147,33.804
1768499517.6168735,44.849
1768499517.719361,38.047
1768499517.8217888,37.039
1768499517.9267557,43.497
1768499518.0290294,34.593
1768499518.13141,47.38
1768499518.2339754,33.212
1768499518.3365278,43.004
1768499518.439001,39.777
1768499518.5414774,36.151
1768499518.6440995,45.171
1768499518.7464783,34.199
1768499518.8511744,50.989
1768499518.9536476,34.396
1768499519.0561204,41.256
1768499519.1587,36.447
1768499519.2610686,37.729
1768499519.363551,41.33
1768499519.4660351,33.902
1768499519.568486,48.237
1768499519.6710136,42.216
1768499519.7779412,37.631
1768499519.8800807,37.828
1768499519.9824247,41.946
1768499520.0847516,34.889
1768499520.187031,43.767
1768499520.2896705,33.409
1768499520.3920383,45.61
1768499520.4944088,32.934
1768499520.6002417,41.059
1768499520.709174,38.814
1768499520.8125837,35.856
1768499520.9150507,44.554
1768499521.017322,32.539
1768499521.1196585,42.709
1768499521.2241335,38.595
1768499521.3266182,36.645
1768499521.4289827,45.118
1768499521.531274,33.033
1768499521.6337688,41.822
1768499521.7362378,40.467
1768499521.8386657,35.264
1768499521.9410887,45.905
1768499522.0433247,32.916
1768499522.148922,38.89
1768499522.25131,44.16
1768499522.3536835,34.001
1768499522.455965,43.373
1768499522.5583894,38.913
1768499522.6608593,35.778
1768499522.7632995,52.857
1768499522.8656573,33.033
1768499522.9679816,42.585
1768499523.0728133,39.853
1768499523.175406,35.185
1768499523.2778702,47.577
1768499523.380209,38.913
1768499523.4824338,36.172
1768499523.5850952,49.878
1768499523.68736,39.482
1768499523.7899485,48.433
1768499523.8937469,39.777
1768499523.9987364,37.434
1768499524.1010828,49.22
1768499524.2035308,34.001
1768499524.3059971,45.834
1768499524.4082992,39.998
1768499524.5107105,36.151
1768499524.6132765,53.154
1768499524.715785,38.2
1768499524.8226407,38.321
1768499524.9249973,48.757
1768499525.0273187,34.396
1768499525.1310074,47.942
1768499525.2332757,40.172
1768499525.3356206,37.927
1768499525.437873,48.433
1768499525.5402627,33.409
1768499525.645808,48.266
1768499525.7480605,32.934
1768499525.850385,41.133
1768499525.9529006,38.124
1768499526.0552902,39.974
1768499526.1576116,40.641
1768499526.259858,34.791
1768499526.3621376,45.735
1768499526.4643824,34.001
1768499526.566907,46.467
1768499526.6726797,32.916
1768499526.7754045,36.962
1768499526.8778305,35.481
1768499526.9802594,45.171
1768499527.082691,33.132
1768499527.1851628,43.694
1768499527.2874928,38.89
1768499527.3898149,34.988
1768499527.492162,50.399
1768499527.59737,37.708
1768499527.6996942,37.236
1768499527.8020034,46.692
1768499527.9043403,33.132
1768499528.0066018,40.148
1768499528.1089873,41.183
1768499528.2115042,35.876
1768499528.3139927,34.1
1768499528.4163249,43.865
1768499528.5209916,38.299
1768499528.6237268,36.349
1768499528.726252,47.254
1768499528.8286421,33.902
1768499528.9314387,41.724
1768499529.0338888,39.632
1768499529.1363168,36.172
1768499529.2386603,52.562
1768499529.3457983,33.428
1768499529.448197,41.157
1768499529.5515387,40.739
1768499529.6538763,35.383
1768499529.7562473,48.994
1768499529.858594,37.313
1768499529.9611204,38.913
1768499530.0635285,39.974
1768499530.1694233,37.039
1768499530.2719743,47.675
1768499530.3743198,34.001
1768499530.4769263,43.274
1768499530.579321,39.383
1768499530.6817224,35.975
1768499530.7840853,51.843
1768499530.8863597,33.428
1768499530.9923797,44.777
1768499531.094806,39.186
1768499531.1977062,37.138
1768499531.3000507,47.479
1768499531.4024372,33.804
1768499531.50477,41.551
1768499531.6071699,42.019
1768499531.7096875,34.889
1768499531.8160164,48.925
1768499531.9184735,37.554
1768499532.0207946,36.25
1768499532.1233864,50.369
1768499532.2257078,36.94
1768499532.3281298,37.236
1768499532.4305418,39.656
1768499532.5335429,37.806
1768499532.6357374,52.204
1768499532.7384872,41.133
1768499532.8409636,35.658
1768499532.9433293,44.554
1768499533.045542,45.368
1768499533.1484034,35.185
1768499533.2507281,42.881
1768499533.3532033,45.046
1768499533.4555154,35.954
1768499533.5576906,55.478
1768499533.6659858,36.623
1768499533.7682807,39.383
1768499533.8705146,50.823
1768499533.9730759,34.791
1768499534.0753577,44.554
1768499534.1778839,34.179
1768499534.280114,44.331
1768499534.3823514,38.989
1768499534.4885066,38.42
1768499534.59088,44.948
1768499534.6931539,33.804
1768499534.795472,38.89
1768499534.89773,47.901
1768499535.0000691,37.905
1768499535.1024442,36.94
1768499535.2047994,44.58
1768499535.3070972,34.1
1768499535.4094114,40.345
1768499535.5149891,45.708
1768499535.6172144,33.902
1768499535.7195714,41.354
1768499535.8220248,41.133
1768499535.9245057,34.889
1768499536.0268123,47.872
1768499536.1291454,38.89
1768499536.2315657,35.856
1768499536.3339884,53.545
1768499536.4408371,35.876
1768499536.5433438,40.763
1768499536.6455796,43.891
1768499536.7480752,35.362
1768499536.8504782,37.039
1768499536.9530087,46.593
1768499537.056044,34.199
1768499537.158278,43.57
1768499537.2605736,39.186
1768499537.3651955,36.842
1768499537.46754,43.792
1768499537.570234,37.138
1768499537.6727462,49.771
1768499537.77517,34.692
1768499537.8774962,51.352
1768499537.983832,32.934
1768499538.0916815,41.798
1768499538.1939716,40.641
1768499538.2962358,35.481
1768499538.3987691,44.823
1768499538.5011911,33.31
1768499538.6034956,40.27
1768499538.7059624,45.243
1768499538.8082767,34.692
1768499538.915062,49.938
1768499539.0176003,37.708
1768499539.119971,39.11
1768499539.222339,47.184
1768499539.3249223,33.409
1768499539.4273617,41.428
1768499539.529771,39.974
1768499539.6321566,36.842
1768499539.7385063,47.577
1768499539.841045,34.692
1768499539.9435754,46.495
1768499540.0460606,33.508
1768499540.148398,43.694
1768499540.2509725,39.679
1768499540.3533752,35.876
1768499540.45571,46.129
1768499540.5628135,33.033
1768499540.6650708,40.27
1768499540.7674358,45.44
1768499540.8698905,34.1
1768499540.9721766,40.936
1768499541.0755692,36.151
1768499541.1777096,37.828
1768499541.2798765,39.951
1768499541.3853374,35.658
1768499541.4876516,48.561
1768499541.5902262,38.102
1768499541.6924398,36.842
1768499541.7947543,50.891
1768499541.8972049,38.792
1768499542.0041287,38.003
1768499542.1120512,45.118
1768499542.214433,34.791
1768499542.3168316,41.133
1768499542.419134,47.872
1768499542.5213156,34.396
1768499542.623583,45.806
1768499542.725859,40.416
1768499542.8282704,36.349
1768499542.9346364,49.78
1768499543.0369976,38.595
1768499543.139379,38.716
1768499543.241645,47.155
1768499543.3442113,34.396
1768499543.446577,42.807
1768499543.5488443,46.719
1768499543.6511219,34.692
1768499543.7534447,42.192
1768499543.8560123,43.497
1768499543.9612439,34.495
1768499544.0639675,52.825
1768499544.1663992,38.397
1768499544.269332,38.693
1768499544.3717198,42.881
1768499544.4743845,34.495
1768499544.5766826,50.626
1768499544.6791275,37.631
1768499544.7847707,37.532
1768499544.8874009,46.944
1768499544.989998,33.508
1768499545.0928261,33.033
1768499545.1966004,40.664
1768499545.298829,37.708
1768499545.4009905,38.496
1768499545.5033877,40.763
1768499545.6092956,36.053
1768499545.7116823,46.353
1768499545.8139718,32.836
1768499545.9164274,49.839
1768499546.018938,33.31
1768499546.121363,46.326
1768499546.2240288,32.737
1768499546.3264272,45.905
1768499546.4326677,31.749
1768499546.5351768,47.675
1768499546.6374762,32.638
1768499546.739846,37.335
1768499546.8421268,36.567
1768499546.9444976,43.767
1768499547.046828,33.31
1768499547.1491528,48.167
1768499547.2513926,38.003
1768499547.3565688,35.284
1768499547.4589057,43.792
1768499547.5612297,34.1
1768499547.663577,38.989
1768499547.7658474,44.626
1768499547.8683648,33.902
1768499547.9706976,50.664
1768499548.073002,36.151
1768499548.1754184,42.019
1768499548.281208,40.27
1768499548.383575,35.658
1768499548.4859066,44.357
1768499548.5883172,34.396
1768499548.6906505,45.834
1768499548.7932746,33.428
1768499548.8958628,43.201
1768499548.9982796,38.397
1768499549.1045496,37.138
1768499549.206935,47.437
1768499549.3091862,34.396
1768499549.4116702,38.42
1768499549.514995,38.124
1768499549.617383,45.413
1768499549.719701,34.791
1768499549.8220487,52.432
1768499549.9272606,34.968
1768499550.0295498,40.073
1768499550.1319299,41.551
1768499550.234532,35.185
1768499550.336937,52.106
1768499550.4404304,33.113
1768499550.5426736,40.345
1768499550.6450539,40.542
1768499550.7518647,35.757
1768499550.8542855,46.271
1768499550.9566634,37.412
1768499551.0592813,38.792
1768499551.1618268,43.668
1768499551.2643466,34.396
1768499551.366726,48.659
1768499551.469469,38.716
1768499551.5751002,37.138
1768499551.677663,48.167
1768499551.780257,33.409
1768499551.8827038,42.019
1768499551.9852543,39.11
1768499552.0876598,36.074
1768499552.1901426,47.732
1768499552.2924995,34.1
1768499552.3983896,40.247
1768499552.5007553,43.373
1768499552.6030848,34.791
1768499552.7054892,43.891
1768499552.8077586,40.073
1768499552.9100153,35.658
1768499553.0124035,50.135
1768499553.1148787,34.199
1768499553.2171683,43.004
1768499553.3232193,43.818
1768499553.4257138,35.383
1768499553.5281157,47.057
1768499553.630443,37.138
1768499553.7328703,52.303
1768499553.8350587,38.518
1768499553.9373415,37.828
1768499554.0395176,39.58
1768499554.1418242,36.666
1768499554.247659,52.597
1768499554.350042,38.792
1768499554.452326,39.974
1768499554.5547721,45.905
1768499554.6581788,34.791
1768499554.760531,49.643
1768499554.8628688,38.397
1768499554.965053,37.631
1768499555.0673869,42.585
1768499555.1730351,34.495
1768499555.2754457,47.844
1768499555.3778374,37.138
1768499555.4801247,37.018
1768499555.5823936,46.593
1768499555.6847332,34.001
1768499555.787054,45.073
1768499555.8895116,39.36
1768499555.9918613,35.876
1768499556.0968742,47.802
1768499556.1995394,33.329
1768499556.3019536,42.118
1768499556.404355,40.073
1768499556.5067146,43.668
1768499556.6089609,39.186
1768499556.7114277,47.015
1768499556.813795,38.617
1768499556.91607,42.906
1768499557.02174,34.692
1768499557.1241877,51.088
1768499557.2264853,33.428
1768499557.3288615,45.27
1768499557.431275,37.905
1768499557.5335515,38.003
1768499557.6358764,43.57
1768499557.738222,35.383
1768499557.8405445,46.916
1768499557.9460156,33.804
1768499558.048375,46.593
1768499558.1506598,38.223
1768499558.2531037,32.718
1768499558.3552744,46.424
1768499558.4574463,32.243
1768499558.5596852,44.554
1768499558.6618948,36.546
1768499558.764127,39.679
1768499558.8723614,38.146
1768499558.974691,34.495
1768499559.0770257,45.806
1768499559.179991,32.243
1768499559.2823358,39.679
1768499559.3845887,40.392
1768499559.486851,34.199
1768499559.5892553,48.994
1768499559.6946704,34.692
1768499559.7969823,38.299
1768499559.8994176,45.341
1768499560.001899,33.606
1768499560.1041884,43.668
1768499560.2065866,38.769
1768499560.3089254,35.362
1768499560.4112427,47.479
1768499560.513751,33.231
1768499560.6196415,42.388
1768499560.7220724,40.96
1768499560.8244846,35.481
1768499560.926832,49.053
1768499561.029102,38.025
1768499561.131539,40.467
1768499561.2339342,45.413
1768499561.3362465,33.606
1768499561.4386017,41.256
1768499561.544387,41.921
1768499561.6467514,34.791
1768499561.7492306,51.383
1768499561.851483,38.102
1768499561.953946,39.087
1768499562.056276,40.641
1768499562.1585252,35.876
1768499562.2607863,46.692
1768499562.363079,32.737
1768499562.4681504,40.05
1768499562.5705605,34.692
1768499562.6739333,45.806
1768499562.7762098,34.199
1768499562.8783555,38.693
1768499562.9804664,46.326
1768499563.0826933,32.934
1768499563.1848261,41.354
1768499563.2873187,44.652
1768499563.393603,34.001
1768499563.4958696,42.512
1768499563.5998404,39.065
1768499563.70213,35.383
1768499563.8044112,52.629
1768499563.9068217,38.124
1768499564.0092335,36.94
1768499564.1116781,46.495
1768499564.2173634,34.297
1768499564.3198264,46.003
1768499564.4220881,38.913
1768499564.5246327,37.434
1768499564.6271505,46.692
1768499564.7293556,33.724
1768499564.8317082,45.171
1768499564.9341052,41.946
1768499565.036432,34.692
1768499565.1416972,46.566
1768499565.243925,39.383
1768499565.3461373,36.053
1768499565.4485805,54.004
1768499565.5509489,38.124
1768499565.6532793,37.927
1768499565.755656,45.019
1768499565.8579648,37.927
1768499565.9603822,38.003
1768499566.0654104,47.184
1768499566.1678746,34.988
1768499566.270254,38.223
1768499566.3725343,48.069
1768499566.4747546,33.705
1768499566.5769618,46.03
1768499566.6794314,39.383
1768499566.781864,50.271
1768499566.8842747,34.396
1768499566.9907625,33.705
1768499567.0940478,42.29
1768499567.1968317,41.724
1768499567.2992954,34.593
1768499567.401722,52.629
1768499567.5044997,33.212
1768499567.6067164,40.247
1768499567.7090185,44.679
1768499567.815138,34.692
1768499567.917474,44.036
1768499568.019954,38.913
1768499568.1264896,35.954
1768499568.2292323,54.102
1768499568.3315616,33.113
1768499568.4339137,44.974
1768499568.5386813,38.617
1768499568.6410425,38.716
1768499568.7433593,43.274
1768499568.8457913,35.461
1768499568.948139,52.169
1768499569.0504773,33.212
1768499569.1528761,41.527
1768499569.2554004,43.792
1768499569.3578043,35.185
1768499569.4648094,52.267
1768499569.5672178,38.989
1768499569.6694753,36.94
1768499569.7719254,47.745
1768499569.8745196,34.199
1768499569.9770136,44.285
1768499570.079379,39.974
1768499570.1819358,35.185
1768499570.2873964,52.562
1768499570.3898683,38.321
1768499570.4922538,37.532
1768499570.5945063,49.249
1768499570.6968167,33.409
1768499570.7992673,44.456
1768499570.901714,38.617
1768499571.0040743,37.335
1768499571.1065161,47.212
1768499571.2117186,42.413
1768499571.314341,46.369
1768499571.4165993,34.001
1768499571.5188937,41.034
1768499571.6211653,41.724
1768499571.7234914,36.271
1768499571.8258026,49.122
1768499571.9281447,33.606
1768499572.0302882,40.96
1768499572.1425047,37.828
1768499572.24495,39.383
1768499572.3474796,41.157
1768499572.4499807,35.679
1768499572.5524726,48.138
1768499572.6549926,33.033
1768499572.76101,45.243
1768499572.8634865,35.284
1768499572.965861,45.171
1768499573.06837,33.409
1768499573.1707814,49.446
1768499573.2730706,37.335
1768499573.3756073,37.434
1768499573.478008,41.33
1768499573.5804698,34.495
1768499573.6865058,44.652
1768499573.789005,32.836
1768499573.8914783,41.921
1768499573.9940472,39.58
1768499574.0965512,33.902
1768499574.199053,45.511
1768499574.301534,38.223
1768499574.40421,35.778
1768499574.5102432,42.979
1768499574.6126938,34.1
1768499574.7151296,47.479
1768499574.8174605,37.828
1768499574.919786,35.778
1768499575.0221982,46.467
1768499575.1245837,33.231
1768499575.226939,41.034
1768499575.3293269,40.369
1768499575.4351404,51.155
1768499575.5373693,32.934
1768499575.6395512,40.664
1768499575.7419538,40.861
1768499575.8441463,34.199
1768499575.9465783,50.263
1768499576.0488276,37.927
1768499576.1552415,36.842
1768499576.2579947,45.243
1768499576.3602855,32.836
1768499576.462956,44.259
1768499576.5652502,37.018
1768499576.6674893,37.828
1768499576.7697861,34.692
1768499576.8722713,46.649
1768499576.974622,32.737
1768499577.0769014,44.948
1768499577.1792722,36.151
1768499577.28481,38.42
1768499577.387417,40.838
1768499577.489855,34.297
1768499577.592295,45.708
1768499577.6946273,32.144
1768499577.797056,41.724
1768499577.8993943,36.053
1768499578.001639,37.51
1768499578.103875,40.223
1768499578.2090209,34.001
1768499578.3114698,49.053
1768499578.413764,37.905
1768499578.5160475,36.743
1768499578.6184087,47.113
1768499578.7207153,32.737
1768499578.8230815,39.876
1768499578.9253783,38.989
1768499579.027755,35.876
1768499579.1330318,46.326
1768499579.2353601,33.606
1768499579.3376462,45.315
1768499579.4401155,38.223
1768499579.5423915,35.58
1768499579.6447403,49.839
1768499579.747072,37.532
1768499579.8494046,37.236
1768499579.951701,45.637
1768499580.0576377,41.133
1768499580.1597521,38.124
1768499580.2620661,35.679
1768499580.3647637,42.684
1768499580.4669886,33.705
1768499580.5693889,48.364
1768499580.6716406,32.539
1768499580.7776172,40.467
1768499580.8833144,37.609
1768499580.9856822,36.25
1768499581.0899448,43.497
1768499581.1923537,33.231
1768499581.2947235,44.652
1768499581.3969624,37.215
1768499581.4992754,36.074
1768499581.60153,44.16
1768499581.7039146,32.638
1768499581.8089726,41.65
1768499581.9118338,38.003
1768499582.0140977,35.975
1768499582.116441,45.511
1768499582.2187197,34.495
1768499582.3210437,37.532
1768499582.4233997,49.023
1768499582.525802,37.159
1768499582.6281588,37.335
1768499582.7305229,46.03
1768499582.83591,33.527
1768499582.9383192,42.61
1768499583.0406404,38.595
1768499583.1429172,37.729
1768499583.24534,49.515
1768499583.347702,38.617
1768499583.4499817,36.546
1768499583.5524056,51.026
1768499583.6550713,38.223
1768499583.761178,37.335
1768499583.8635626,45.905
1768499583.9660392,33.606
1768499584.068503,39.012
1768499584.1707647,44.482
1768499584.273144,34.001
1768499584.3757024,43.694
1768499584.4781246,39.284
1768499584.585266,48.462
1768499584.6875594,33.606
1768499584.7898707,40.566
1768499584.8921165,47.549
1768499584.9945338,34.297
1768499585.0968733,44.724
1768499585.1991644,40.664
1768499585.3019438,35.383
1768499585.4042294,44.16
1768499585.509495,43.201
1768499585.6118424,34.889
1768499585.7148893,52.66
1768499585.8174102,38.003
1768499585.919774,39.974
1768499586.0221932,47.774
1768499586.124516,34.593
1768499586.226785,46.03
1768499586.3324354,39.702
1768499586.435019,38.299
1768499586.5372963,44.921
1768499586.6395037,34.692
1768499586.741902,37.039
1768499586.8443773,44.16
1768499586.9470177,37.927
1768499587.049439,40.861
1768499587.151842,38.989
1768499587.257282,36.074
1768499587.3597004,42.931
1768499587.4621377,33.902
1768499587.5644662,48.728
1768499587.6670825,36.426
1768499587.7696533,39.876
1768499587.8722043,37.609
1768499587.9746764,36.25
1768499588.0770657,43.103
1768499588.1819701,33.508
1768499588.2842553,45.511
1768499588.3867464,33.231
1768499588.4890847,48.069
1768499588.5916007,36.94
1768499588.6939187,38.716
1768499588.7963984,38.595
1768499588.8987546,35.087
1768499589.001393,33.508
1768499589.1070547,48.728
1768499589.2093349,37.335
1768499589.3117151,38.693
1768499589.414541,37.828
1768499589.5172296,36.743
1768499589.6196778,43.497
1768499589.723773,34.199
1768499589.82965,50.006
1768499589.9321866,32.737
1768499590.0347059,45.932
1768499590.137084,33.902
1768499590.2395468,46.467
1768499590.3421376,32.934
1768499590.4446213,33.705
1768499590.5473535,42.734
1768499590.653342,33.902
1768499590.7556288,50.989
1768499590.8579822,32.737
1768499590.9603202,41.847
1768499591.0628176,38.42
1768499591.1651392,36.645
1768499591.2674007,45.046
1768499591.369757,33.409
1768499591.4721127,46.79
1768499591.5790138,37.116
1768499591.6812813,38.223
1768499591.7836561,42.29
1768499591.8860853,34.1
1768499591.9884465,48.167
1768499592.0907352,38.003
1768499592.1931617,37.138
1768499592.2955475,46.102
1768499592.4022856,32.916
1768499592.5046828,38.124
1768499592.6071162,46.129
1768499592.7094195,33.212
1768499592.8117185,42.413
1768499592.9140027,43.963
1768499593.0163825,34.889
1768499593.1187894,39.163
1768499593.2253258,36.645
1768499593.3277252,46.79
1768499593.4300394,33.409
1768499593.53232,41.822
1768499593.6348164,40.294
1768499593.737989,36.447
1768499593.84034,47.675
1768499593.942644,33.606
1768499594.049365,38.693
1768499594.1517045,45.019
1768499594.2541409,34.396
1768499594.3564782,46.227
1768499594.458796,46.621
1768499594.5612967,34.001
1768499594.6636014,39.777
1768499594.7658675,41.527
1768499594.8683267,34.988
1768499594.9709322,45.511
1768499595.0731874,42.906
1768499595.1754386,35.284
1768499595.2778487,53.808
1768499595.3801746,37.981
1768499595.4825776,37.729
1768499595.584818,49.878
1768499595.6872566,38.277
1768499595.7894886,37.729
1768499595.8918574,46.058
1768499595.9971166,34.692
1768499596.0994244,43.052
1768499596.201791,41.256
1768499596.3042974,34.791
1768499596.4065685,42.979
1768499596.5089195,39.899
1768499596.611379,36.25
1768499596.713974,40.617
1768499596.816273,46.326
1768499596.9213023,40.172
1768499597.0236773,35.954
1768499597.126309,51.253
1768499597.228624,38.617
1768499597.3310912,38.42
1768499597.4333577,46.523
1768499597.5357423,50.006
1768499597.638955,39.406
1768499597.7446883,38.223
1768499597.8470602,43.57
1768499597.9494467,34.396
1768499598.0557938,44.652
1768499598.158239,42.734
1768499598.260391,34.199
1768499598.36264,39.186
1768499598.4650562,48.098
1768499598.5705369,33.902
1768499598.6727877,38.518
1768499598.7751298,47.155
1768499598.877502,39.11
1768499598.9799109,37.729
1768499599.0822117,49.082
1768499599.184463,37.609
1768499599.286955,38.321
1768499599.3893912,48.561
1768499599.4942694,37.236
1768499599.5966804,37.138
1768499599.6989691,50.566
1768499599.8013427,33.902
1768499599.9037812,43.891
1768499600.0060585,41.354
1768499600.1082833,35.185
1768499600.2106836,52.825
1768499600.3129609,36.919
1768499600.4187112,38.89
1768499600.5210094,43.595
1768499600.6234834,34.297
1768499600.7260861,46.593
1768499600.8283532,37.927
1768499600.9307892,38.89
1768499601.0329902,41.748
1768499601.1352127,34.692
1768499601.2375124,47.212
1768499601.343806,37.806
1768499601.4460468,37.532
1768499601.5484707,48.561
1768499601.6509738,37.412
1768499601.7532763,36.645
1768499601.8557115,36.25
1768499601.9595575,37.412
1768499602.0624096,42.833
1768499602.1677601,34.1
1768499602.270323,42.906
1768499602.3726518,41.059
1768499602.476265,34.593
1768499602.5784945,50.694
1768499602.6807427,39.209
1768499602.7832224,37.532
1768499602.885658,44.088
1768499602.9915237,34.396
1768499603.094152,46.818
1768499603.196554,40.838
1768499603.2991042,34.988
1768499603.4014,49.976
1768499603.5039043,33.132
1768499603.6061096,40.566
1768499603.7085583,44.456
1768499603.8108966,35.185
1768499603.9154325,53.218
1768499604.0177698,38.42
1768499604.1201203,37.236
1768499604.2224703,47.577
1768499604.3247313,37.236
1768499604.427011,37.729
1768499604.5294437,48.896
1768499604.6317432,40.172
1768499604.7341692,34.791
1768499604.8396435,43.767
1768499604.9420793,46.03
1768499605.044349,33.508
1768499605.1466923,36.743
1768499605.249202,50.664
1768499605.351661,39.899
1768499605.454002,34.988
1768499605.5564675,45.834
1768499605.6589005,39.603
1768499605.764272,35.284
1768499605.8665738,41.995
1768499605.9689558,35.778
1768499606.0713284,50.891
1768499606.1736853,33.626
1768499606.2760308,47.774
1768499606.3791492,33.804
1768499606.4819312,44.724
1768499606.588005,39.383
1768499606.690495,42.216
1768499606.7932777,34.001
1768499606.8956444,42.143
1768499606.9979296,43.176
1768499607.100172,34.889
1768499607.2024012,47.45
1768499607.3048148,37.039
1768499607.4072094,39.012
1768499607.5126889,43.3
1768499607.6150787,34.791
1768499607.7174373,51.253
1768499607.8198748,33.31
1768499607.9221609,45.118
1768499608.0245533,32.737
1768499608.1269338,40.369
1768499608.2293758,42.709
1768499608.331689,34.889
1768499608.437656,50.959
1768499608.5400786,33.329
1768499608.6423645,42.29
1768499608.744681,38.913
1768499608.8471966,40.27
1768499608.9498267,37.116
1768499609.0524213,38.989
1768499609.1548462,38.792
1768499609.2573535,36.842
1768499609.3624105,38.814
1768499609.4648352,38.124
1768499609.5673103,43.398
1768499609.6697063,34.791
1768499609.7720664,48.491
1768499609.8746698,33.705
1768499609.976972,45.315
1768499610.0793085,38.617
1768499610.181715,37.532
1768499610.2859402,44.482
1768499610.3884246,33.705
1768499610.4910426,45.511
1768499610.5934863,37.039
1768499610.6958613,40.838
1768499610.7995973,34.791
1768499610.9020815,46.987
1768499611.004429,36.447
1768499611.1068287,39.482
1768499611.2121792,37.883
1768499611.3146782,37.532
1768499611.4185593,42.118
1768499611.5210323,34.001
1768499611.6231937,47.409
1768499611.7255058,37.806
1768499611.8278375,35.876
1768499611.9302526,45.61
1768499612.0368514,32.836
1768499612.139187,42.438
1768499612.2414234,40.566
1768499612.3438659,34.593
1768499612.4463158,46.566
1768499612.5487905,33.231
1768499612.6511374,42.585
1768499612.7535746,38.397
1768499612.8559268,36.842
1768499612.9610078,46.719
1768499613.063312,33.31
1768499613.165663,45.511
1768499613.2681987,37.708
1768499613.3705962,38.693
1768499613.4728444,41.231
1768499613.5752378,35.58
1768499613.6776135,47.479
1768499613.7800157,33.409
1768499613.8845434,42.487
1768499613.9868598,38.989
1768499614.0892413,35.481
1768499614.1915154,43.694
1768499614.2938302,33.132
1768499614.396623,41.724
1768499614.4991481,39.801
1768499614.6016936,34.1
1768499614.703968,47.872
1768499614.8099287,43.891
1768499614.9124873,34.988
1768499615.0149634,50.301
1768499615.1174042,37.215
1768499615.221328,47.479
1768499615.323676,36.546
1768499615.426094,38.716
1768499615.528809,48.04
1768499615.6344981,37.138
1768499615.7370763,39.087
1768499615.8394387,45.315
1768499615.9419765,34.1
1768499616.0444856,42.34
1768499616.1469462,43.176
1768499616.2495983,34.593
1768499616.351832,47.282
1768499616.4583387,33.705
1768499616.5611572,44.528
1768499616.6633797,36.623
1768499616.7664087,49.122
1768499616.8687916,33.508
1768499616.9714801,39.186
1768499617.0738146,47.212
1768499617.1764908,33.804
1768499617.2830703,40.345
1768499617.3857398,42.438
1768499617.4880116,35.975
1768499617.5902386,50.959
1768499617.6925666,39.087
1768499617.7950659,38.518
1768499617.89737,46.424
1768499617.9997516,35.087
1768499618.1058974,47.085
1768499618.2084076,39.406
1768499618.3109071,39.284
1768499618.413286,35.185
1768499618.5157778,40.247
1768499618.618123,39.307
1768499618.7203534,49.053
1768499618.8226457,34.199
1768499618.9250774,45.341
1768499619.0300994,38.321
1768499619.1324635,35.757
1768499619.2350562,44.331
1768499619.3375275,41.059
1768499619.4406464,43.274
1768499619.5429027,34.199
1768499619.6452076,42.487
1768499619.7479317,39.974
1768499619.8502262,36.053
1768499619.9552343,47.38
1768499620.0574849,34.001
1768499620.1617079,44.331
1768499620.263979,40.566
1768499620.3662217,35.56
1768499620.4686446,51.517
1768499620.571059,37.609
1768499620.6732874,37.729
1768499620.779173,45.834
1768499620.8814685,34.199
1768499620.9838119,45.834
1768499621.0861816,36.743
1768499621.1884155,40.96
1768499621.2908452,41.157
1768499621.393147,35.284
1768499621.4955552,46.102
1768499621.5978894,33.409
1768499621.704228,41.921
1768499621.8066163,38.047
1768499621.9090056,36.053
1768499622.0112147,47.184
1768499622.113662,33.033
1768499622.2159395,41.133
1768499622.318286,40.172
1768499622.4207127,34.396
1768499622.5230796,49.976
1768499622.6288311,37.729
1768499622.731263,37.434
1768499622.8337452,43.471
1768499622.9360986,33.705
1768499623.0384758,43.989
1768499623.1408253,38.42
1768499623.2431982,36.842
1768499623.3456032,45.341
1768499623.4479856,33.508
1768499623.5543995,40.073
1768499623.6567922,42.807
1768499623.759068,48.404
1768499623.8620002,33.409
1768499623.964131,38.617
1768499624.0664017,47.015
1768499624.1727314,34.001
1768499624.277065,43.3
1768499624.3794086,44.626
1768499624.4825191,34.791
1768499624.5847511,53.873
1768499624.6870039,35.481
1768499624.7892597,38.989
1768499624.8914921,47.155
1768499624.9938147,33.804
1768499625.096062,39.383
1768499625.2019496,46.593
1768499625.3042517,34.495
1768499625.4065177,40.444
1768499625.5089655,47.745
1768499625.6112006,34.297
1768499625.713407,39.974
1768499625.8157132,47.745
1768499625.9179537,34.199
1768499626.0203164,41.551
1768499626.1272547,46.129
1768499626.2295616,34.988
1768499626.3318243,45.511
1768499626.4340343,38.2
1768499626.5362895,37.631
1768499626.6384962,48.266
1768499626.7409396,37.729
1768499626.8432713,34.199
1768499626.945625,43.373
1768499627.0515282,39.534
1768499627.1540656,37.039
1768499627.2563713,49.19
1768499627.3586082,36.328
1768499627.4611573,37.532
1768499627.5636353,43.471
1768499627.6659486,34.692
1768499627.7681987,46.003
1768499627.8705962,33.705
1768499627.9767656,41.231
1768499628.0791268,36.842
1768499628.183356,46.003
1768499628.285645,33.804
1768499628.388664,41.724
1768499628.490887,40.369
1768499628.59324,35.856
1768499628.6966286,46.79
1768499628.8011076,34.001
1768499628.903437,43.201
1768499629.0061085,40.467
1768499629.1083977,35.165
1768499629.2106247,51.088
1768499629.313037,38.913
1768499629.4153152,35.284
1768499629.5178082,50.823
1768499629.620168,38.397
1768499629.726486,39.284
1768499629.829094,42.684
1768499629.9316125,34.692
1768499630.0340106,50.762
1768499630.1362622,38.277
1768499630.2386684,37.039
1768499630.3410497,47.38
1768499630.4432962,34.771
1768499630.5456362,39.482
1768499630.6506443,42.881
1768499630.752865,35.284
1768499630.855358,52.759
1768499630.957723,38.321
1768499631.060025,38.299
1768499631.162546,44.724
1768499631.2649088,35.067
1768499631.3673983,50.301
1768499631.469833,33.705
1768499631.5747633,40.936
1768499631.677238,43.792
1768499631.7798314,35.165
1768499631.8822663,46.664
1768499631.9847558,34.001
1768499632.0871727,42.019
1768499632.1896791,37.434
1768499632.2921238,38.989
1768499632.394604,41.748
1768499632.5003645,34.495
1768499632.6031418,34.475
1768499632.7053106,38.693
1768499632.8074884,40.444
1768499632.9097261,34.593
1768499633.011995,48.728
1768499633.1142347,32.737
1768499633.2172494,41.724
1768499633.3197305,37.751
1768499633.425669,36.743
1768499633.5280373,43.201
1768499633.6309664,33.606
1768499633.7334754,44.948
1768499633.8360589,36.842
1768499633.938519,38.102
1768499634.0408578,43.274
1768499634.143304,33.902
1768499634.2502382,44.58
1768499634.352546,33.033
1768499634.455086,49.446
1768499634.5574036,32.046
1768499634.6599739,44.948
1768499634.76236,33.409
1768499634.8648214,45.664
1768499634.9670994,32.441
1768499635.0731916,40.739
1768499635.1756868,38.2
1768499635.2779949,34.396
1768499635.3803604,45.341
1768499635.482849,33.132
1768499635.5852463,49.908
1768499635.6877913,32.836
1768499635.7902284,41.724
1768499635.8927588,38.693
1768499635.998717,36.151
1768499636.1011314,41.65
1768499636.2036376,35.087
1768499636.3060448,44.921
1768499636.4084432,33.113
1768499636.5108688,47.802
1768499636.6132379,32.718
1768499636.7156944,39.383
1768499636.8225024,49.682
1768499636.925569,37.532
1768499637.0280342,36.349
1768499637.1302295,46.55
1768499637.236469,33.606
1768499637.3402898,40.05
1768499637.4453113,46.424
1768499637.5477417,34.396
1768499637.6502113,42.216
1768499637.752532,41.034
1768499637.8549175,36.743
1768499637.957221,48.208
1768499638.0595548,33.705
1768499638.161838,44.724
1768499638.2640836,39.557
1768499638.3707612,36.94
1768499638.4731104,47.254
1768499638.5755267,34.199
1768499638.6778407,41.428
1768499638.7801988,38.42
1768499638.8826365,42.61
1768499638.9851665,34.692
1768499639.0875692,42.118
1768499639.1946847,36.447
1768499639.2974277,39.974
1768499639.400221,44.554
1768499639.5028882,33.804
1768499639.6052845,46.074
1768499639.7077913,33.231
1768499639.8102071,47.704
1768499639.9127748,32.737
1768499640.0186014,46.424
1768499640.1210802,33.033
1768499640.2233882,48.925
1768499640.325747,32.836
1768499640.4283395,42.019
1768499640.5308206,32.539
1768499640.6333108,41.256
1768499640.7357101,37.335
1768499640.8382306,37.335
1768499640.9433432,36.053
1768499641.0463843,42.906
1768499641.1488276,34.692
1768499641.2551522,40.861
1768499641.357956,33.31
1768499641.4602137,42.782
1768499641.5625093,32.638
1768499641.6676657,44.285
1768499641.769994,32.046
1768499641.8724766,48.196
1768499641.9748862,33.132
1768499642.0773528,39.876
1768499642.1799026,38.42
1768499642.2822983,34.199
1768499642.384628,46.495
1768499642.4869986,32.539
1768499642.592891,41.453
1768499642.6952076,38.595
1768499642.797466,34.889
1768499642.899819,45.538
1768499643.0022707,33.409
1768499643.1045754,45.538
1768499643.206997,32.836
1768499643.3094163,44.088
1768499643.411902,37.039
1768499643.5174305,39.36
1768499643.6197643,39.11
1768499643.7222002,36.546
1768499643.8244333,45.834
1768499643.9268816,34.199
1768499644.0291717,49.416
1768499644.1315138,37.236
1768499644.2339096,38.693
1768499644.336471,37.609
1768499644.4435458,35.461
1768499644.5459695,42.512
1768499644.6483204,33.409
1768499644.7507384,48.659
1768499644.8531244,37.138
1768499644.9556258,39.406
1768499645.0579734,39.974
1768499645.1604843,34.297
1768499645.263341,47.282
1768499645.3682358,38.716
1768499645.4714162,43.398
1768499645.5736558,33.705
1768499645.6759691,48.59
1768499645.7781847,37.51
1768499645.8814726,37.927
1768499645.9840388,45.708
1768499646.0864325,33.508
1768499646.192339,43.398
1768499646.2946806,37.729
1768499646.3971844,38.814
1768499646.4995632,38.223
1768499646.6019003,34.396
1768499646.7048745,36.074
1768499646.8073204,42.61
1768499646.909792,37.116
1768499647.0122914,35.757
1768499647.1179996,43.103
1768499647.2207863,32.934
1768499647.3231766,40.073
1768499647.425447,40.444
1768499647.5279107,33.527
1768499647.6302714,45.735
1768499647.7325907,36.645
1768499647.8348505,39.11
1768499647.9371295,41.896
1768499648.0422294,33.508
1768499648.1446822,50.498
1768499648.24701,37.335
1768499648.349198,37.236
1768499648.4517114,47.212
1768499648.5541632,33.508
1768499648.6566138,44.134
1768499648.7589447,38.178
1768499648.8615286,35.087
1768499648.9666624,44.921
1768499649.068932,33.033
1768499649.1713018,41.059
1768499649.2735984,40.566
1768499649.3759131,34.692
1768499649.4782722,50.135
1768499649.580822,32.934
1768499649.6832552,38.397
1768499649.7857184,47.015
1768499649.892006,52.169
1768499649.994247,33.804
1768499650.0963628,44.679
1768499650.1986637,34.692
1768499650.3018284,49.78
1768499650.4040353,32.817
1768499650.506401,45.637
1768499650.6086333,37.532
1768499650.7109213,36.842
1768499650.8162937,46.888
1768499650.918762,33.902
1768499651.0212452,42.216
1768499651.1240416,37.412
1768499651.226706,36.25
1768499651.3290124,45.583
1768499651.431433,33.329
1768499651.5337996,41.133
1768499651.636269,38.989
1768499651.742641,36.842
1768499651.8449621,46.424
1768499651.947468,34.001
1768499652.0498261,46.003
1768499652.1521423,32.441
1768499652.2544982,38.89
1768499652.3570104,38.025
1768499652.4593842,34.988
1768499652.5618465,43.865
1768499652.6667814,33.606
1768499652.7692363,43.201
1768499652.8717053,33.033
1768499652.9743059,42.487
1768499653.0768187,32.342
1768499653.1791866,40.936
1768499653.2816143,39.209
1768499653.384175,34.889
1768499653.4866545,45.44
1768499653.5923994,32.836
1768499653.695095,40.739
1768499653.7977254,37.828
1768499653.900115,35.087
1768499654.0027266,42.636
1768499654.10544,33.606
1768499654.2079074,50.203
1768499654.3105543,40.936
1768499654.4184818,37.905
1768499654.520853,36.546
1768499654.623049,44.751
1768499654.7266648,33.705
1768499654.8288794,45.413
1768499654.9312117,33.329
1768499655.033673,46.2
1768499655.135986,37.412
1768499655.2416844,37.138
1768499655.3440852,43.103
1768499655.4464672,33.132
1768499655.548999,48.098
1768499655.6513824,38.792
1768499655.7538738,35.481
1768499655.8562264,44.974
1768499655.9585636,32.934
1768499656.06099,44.186
1768499656.166667,39.087
1768499656.268963,35.362
1768499656.3713334,50.694
1768499656.4735222,32.836
1768499656.5763314,40.148
1768499656.679582,37.927
1768499656.7820785,49.78
1768499656.8844814,34.573
1768499656.990072,39.307
1768499657.0925453,43.963
1768499657.1948164,33.902
1768499657.297006,41.527
1768499657.3993905,43.891
1768499657.5018046,33.804
1768499657.6041248,50.596
1768499657.7067466,33.113
1768499657.8091047,39.284
1768499657.9140153,40.688
1768499658.0162222,34.396
1768499658.1190634,49.544
1768499658.2214172,32.916
1768499658.3237424,39.482
1768499658.4260209,43.937
1768499658.5289185,33.804
1768499658.6312454,45.932
1768499658.7335563,37.138
1768499658.8403263,46.03
1768499658.942892,34.297
1768499659.0452247,50.135
1768499659.1479902,37.631
1768499659.2503684,37.335
1768499659.3526912,45.708
1768499659.4550772,33.329
1768499659.5574281,44.482
1768499659.6638596,38.025
1768499659.7662568,36.94
1768499659.8686228,45.905
1768499659.9709835,34.692
1768499660.0733702,46.888
1768499660.1756504,33.033
1768499660.2779179,42.044
1768499660.3802614,37.708
1768499660.482678,35.679
1768499660.585119,45.779
1768499660.6901345,32.817
1768499660.792473,44.088
1768499660.894852,35.876
1768499660.9971972,38.003
1768499661.0996265,41.109
1768499661.2020133,33.902
1768499661.3044083,48.237
1768499661.4067945,32.243
1768499661.5091958,41.133
1768499661.6115012,40.566
1768499661.7161636,35.284
1768499661.8184824,44.429
1768499661.9211962,33.705
1768499662.0235622,48.196
1768499662.1258352,33.033
1768499662.228137,44.974
1768499662.3305178,34.791
1768499662.4329019,46.2
1768499662.5351675,32.916
1768499662.640512,47.745
1768499662.7427657,33.705
1768499662.8454864,38.868
1768499662.9477515,39.209
1768499663.0502298,40.936
1768499663.1526976,35.087
1768499663.2553897,43.595
1768499663.3580847,38.397
1768499663.4603508,37.927
1768499663.5728233,36.546
1768499663.6750963,40.073
1768499663.777343,34.889
1768499663.879606,46.959
1768499663.9819896,36.053
1768499664.0843258,38.913
1768499664.189189,46.523
1768499664.291505,37.236
1768499664.393846,37.236
1768499664.4962845,45.637
1768499664.5986125,33.014
1768499664.7008543,39.012
1768499664.8032627,44.088
1768499664.9055824,34.001
1768499665.00794,50.664
1768499665.1133523,34.001
1768499665.2159388,38.716
1768499665.3183024,44.849
1768499665.4205809,33.705
1768499665.5229104,42.709
1768499665.6254404,39.777
1768499665.7278256,35.087
1768499665.8301685,48.138
1768499665.9326136,36.623
1768499666.0378363,36.349
1768499666.1402094,45.341
1768499666.2424784,32.916
1768499666.3448975,43.3
1768499666.4472768,38.595
1768499666.549749,35.58
1768499666.6520615,47.155
1768499666.7546084,32.737
1768499666.8568892,38.025
1768499666.9591181,36.151
1768499667.0647404,44.751
1768499667.1671221,34.297
1768499667.269473,37.532
1768499667.3724132,45.243
1768499667.4748766,33.508
1768499667.5771315,41.157
1768499667.679576,33.804
1768499667.7828608,45.834
1768499667.8890655,32.934
1768499667.9916189,43.792
1768499668.0948956,41.133
1768499668.197164,34.791
1768499668.2994304,45.44
1768499668.4017353,40.542
1768499668.5040333,35.284
1768499668.6063101,51.615
1768499668.7086132,37.609
1768499668.8152137,38.89
1768499668.917594,45.413
1768499669.0200264,34.791
1768499669.122334,45.806
1768499669.2247403,39.603
1768499669.327019,35.658
1768499669.4293213,52.008
1768499669.5317235,38.868
1768499669.6369443,36.645
1768499669.7392116,52.267
1768499669.841904,38.397
1768499669.9442222,37.828
1768499670.0465171,47.872
1768499670.1489189,39.133
1768499670.2513187,37.434
1768499670.3536234,51.677
1768499670.455892,39.58
1768499670.5618436,38.003
1768499670.6641564,51.088
1768499670.7664375,34.495
1768499670.869028,41.822
1768499670.9715066,41.527
1768499671.0738368,36.053
1768499671.1760814,53.742
1768499671.2785406,34.001
1768499671.3808846,50.036
1768499671.4861608,34.199
1768499671.5887067,44.554
1768499671.691104,39.974
1768499671.7935708,40.763
1768499671.8960123,38.792
1768499671.998828,43.497
1768499672.1012106,36.074
1768499672.2075922,48.728
1768499672.3111367,38.868
1768499672.414014,35.954
1768499672.5162416,50.135
1768499672.6187315,35.954
1768499672.7211058,38.989
1768499672.8234286,41.748
1768499672.9257724,35.383
1768499673.0282626,50.959
1768499673.1344686,34.297
1768499673.236754,38.792
1768499673.339249,47.774
1768499673.4417038,33.606
1768499673.5440824,41.354
1768499673.64644,42.684
1768499673.748989,35.087
1768499673.8513403,50.105
1768499673.9574034,32.934
1768499674.0600076,40.542
1768499674.1623952,44.456
1768499674.264745,34.396
1768499674.3672748,49.22
1768499674.4698777,32.836
1768499674.5722518,39.505
1768499674.674669,38.716
1768499674.777135,35.58
1768499674.8836288,43.57
1768499674.9861534,33.606
1768499675.0886207,47.479
1768499675.1911705,32.521
1768499675.2934391,43.595
1768499675.3959672,36.426
1768499675.498473,39.58
1768499675.6008956,37.412
1768499675.7035406,37.729
1768499675.8085225,38.89
1768499675.911072,35.087
1768499676.0134096,46.003
1768499676.1159372,33.113
1768499676.2187757,38.299
1768499676.3225405,35.185
1768499676.4246528,37.138
1768499676.5268703,34.889
1768499676.6305625,44.777
1768499676.7376225,46.227
1768499676.8400774,37.708
1768499676.942394,35.284
1768499677.0447855,42.636
1768499677.1470912,33.606
1768499677.2493706,44.751
1768499677.351755,40.542
1768499677.4539979,34.199
1768499677.559847,47.45
1768499677.6622543,37.236
1768499677.7647119,36.743
1768499677.8670986,46.2
1768499677.9695823,33.606
1768499678.0719125,49.81
1768499678.1742527,37.708
1768499678.276711,37.806
1768499678.3790784,47.409
1768499678.4839487,35.481
1768499678.586254,44.482
1768499678.6885238,34.1
1768499678.790951,43.373
1768499678.8933659,37.018
1768499678.9956613,38.814
1768499679.0984025,42.118
1768499679.2008827,34.396
1768499679.3031347,48.069
1768499679.40783,38.671
1768499679.5103056,36.053
1768499679.612755,45.413
1768499679.7152958,33.212
1768499679.817725,39.284
1768499679.9200895,44.259
1768499680.022487,34.001
1768499680.12491,50.233
1768499680.2271569,34.396
1768499680.332908,39.876
1768499680.4352746,38.671
1768499680.537596,36.151
1768499680.6421254,33.31
1768499680.7443907,46.129
1768499680.846616,38.595
1768499680.9489195,35.658
1768499681.0513225,46.03
1768499681.1604745,33.212
1768499681.2627873,47.282
1768499681.3651037,37.532
1768499681.4674482,41.034
1768499681.5698802,38.124
1768499681.672231,35.58
1768499681.7745955,45.905
1768499681.8771527,33.428
1768499681.9827352,45.511
1768499682.0850937,32.737
1768499682.1874762,38.42
1768499682.2897785,38.2
1768499682.3920474,35.975
1768499682.494566,43.004
1768499682.5969298,33.212
1768499682.6991801,42.143
1768499682.8014905,40.05
1768499682.9073193,34.297
1768499683.009898,46.79
1768499683.112334,33.014
1768499683.214717,39.899
1768499683.3170557,39.853
1768499683.4193392,35.856
1768499683.521833,46.566
1768499683.6243608,33.705
1768499683.7266917,41.724
1768499683.832271,41.453
1768499683.935041,35.58
1768499684.0373359,45.905
1768499684.1396165,33.606
1768499684.2420657,40.763
1768499684.3446689,41.059
1768499684.446901,35.087
1768499684.549311,48.63
1768499684.6516263,39.209
1768499684.7567086,36.074
1768499684.8590121,50.075
1768499684.9613168,33.212
1768499685.067788,42.782
1768499685.1701245,33.606
1768499685.2729723,41.65
1768499685.3752625,44.679
1768499685.4823308,34.199
1768499685.5847409,41.231
1768499685.6870096,44.554
1768499685.7896874,34.396
1768499685.8920736,41.527
1768499685.9944813,42.906
1768499686.0968392,34.988
1768499686.1991973,49.19
1768499686.301526,38.617
1768499686.4064107,37.434
1768499686.5088701,44.357
1768499686.6111984,34.199
1768499686.7136674,44.062
1768499686.8160286,36.349
1768499686.9183862,48.196
1768499687.0206864,34.1
1768499687.1229303,46.495
1768499687.2251103,39.163
1768499687.330587,36.645
1768499687.4327888,49.416
1768499687.5351033,34.199
1768499687.6374922,40.27
1768499687.73972,46.818
1768499687.8420146,34.1
1768499687.9442906,42.512
1768499688.0465698,45.046
1768499688.1490026,34.1
1768499688.2514153,45.046
1768499688.356703,41.946
1768499688.4589393,34.889
1768499688.5612502,40.542
1768499688.6634812,45.216
1768499688.7657857,34.1
1768499688.8682141,34.692
1768499688.970523,47.352
1768499689.0727303,33.705
1768499689.1752057,39.383
1768499689.2808118,45.735
1768499689.3830452,34.495
1768499689.4898088,32.718
1768499689.5918798,49.908
1768499689.6939821,33.113
1768499689.7975676,39.777
1768499689.8999166,46.397
1768499690.0057216,33.606
1768499690.1080492,43.471
1768499690.2103634,40.026
1768499690.312573,35.56
1768499690.4148889,48.59
1768499690.5171387,38.124
1768499690.6194246,36.349
1768499690.721723,50.596
1768499690.8240135,38.693
1768499690.9301612,38.124
1768499691.0325587,44.652
1768499691.1347952,35.185
1768499691.2370882,51.615
1768499691.3394756,38.496
1768499691.4416993,38.003
1768499691.5440254,47.577
1768499691.646343,33.804
1768499691.7487,41.428
1768499691.854667,44.974
1768499691.9569838,34.593
1768499692.0593069,50.006
1768499692.161665,33.212
1768499692.2639604,38.693
1768499692.3663557,43.078
1768499692.468773,33.804
1768499692.5712693,45.44
1768499692.6736927,40.247
1768499692.779515,34.593
1768499692.8817875,45.735
1768499692.9842393,38.792
1768499693.086412,37.729
1768499693.1887672,47.254
1768499693.2916799,34.495
1768499693.3939228,47.999
1768499693.4964135,40.148
1768499693.598698,36.743
1768499693.7045817,48.364
1768499693.8070567,34.791
1768499693.9094093,39.36
1768499694.011746,38.716
1768499694.1153767,45.61
1768499694.2176542,34.791
1768499694.319914,46.102
1768499694.4221904,39.163
1768499694.528532,37.729
1768499694.6309211,47.38
1768499694.7331998,35.658
1768499694.835569,37.883
1768499694.9379086,38.42
1768499695.04021,36.645
1768499695.142536,44.16
1768499695.2448509,36.764
1768499695.3471441,44.948
1768499695.4532592,32.737
1768499695.555563,49.515
1768499695.6579635,36.349
1768499695.7602642,37.927
1768499695.862612,45.467
1768499695.9649327,34.692
1768499696.0673728,37.335
1768499696.169644,44.062
1768499696.272011,33.606
1768499696.3743997,41.527
1768499696.4798186,41.354
1768499696.5821142,35.087
1768499696.6849165,48.954
1768499696.7874367,42.093
1768499696.8897557,40.467
1768499696.9920614,35.284
1768499697.094397,49.711
1768499697.1966763,34.593
1768499697.3027253,38.989
1768499697.4052067,44.751
1768499697.5074754,34.593
1768499697.6099586,43.865
1768499697.7123048,40.542
1768499697.8146048,35.954
1768499697.917008,49.908
1768499698.0193946,37.927
1768499698.1217275,38.989
1768499698.2274454,44.134
1768499698.3301246,47.184
1768499698.4333048,38.617
1768499698.5365784,36.25
1768499698.638856,49.613
1768499698.7410371,35.954
1768499698.8434312,39.679
1768499698.945849,46.129
1768499699.0524764,34.495
1768499699.1549034,51.61
1768499699.257237,38.025
1768499699.3595858,37.729
1768499699.4621174,47.113
1768499699.5643742,33.804
1768499699.6667004,39.876
1768499699.7691286,45.145
1768499699.8715372,34.199
1768499699.9768014,42.487
1768499700.0791469,38.617
1768499700.1815512,36.447
1768499700.283932,49.613
1768499700.3862336,35.087
1768499700.488474,38.124
1768499700.5909612,40.861
1768499700.693414,33.705
1768499700.795798,49.318
1768499700.9025254,39.163
1768499701.0049262,38.989
1768499701.1073034,39.58
1768499701.2096853,36.447
1768499701.3123934,48.138
1768499701.4147341,33.902
1768499701.5170443,47.507
1768499701.6194701,33.31
1768499701.7220032,39.876
1768499701.8279655,33.31
1768499701.9303648,39.974
1768499702.0326617,43.595
1768499702.1350288,33.409
1768499702.237355,43.274
1768499702.3397102,37.236
1768499702.4422586,39.853
1768499702.544599,41.034
1768499702.6469934,34.396
1768499702.7634704,37.138
1768499702.865744,40.369
1768499702.9680266,38.792
1768499703.0706348,37.039
1768499703.1758187,41.625
1768499703.278258,35.58
1768499703.3805826,47.409
1768499703.4829967,33.113
1768499703.5855289,43.891
1768499703.687924,38.868
1768499703.7903671,36.25
1768499703.893169,45.019
1768499703.9957397,33.606
1768499704.1011062,50.301
1768499704.2036345,32.817
1768499704.3060434,42.315
1768499704.408837,37.434
1768499704.5114765,36.074
1768499704.6139696,37.85
1768499704.7163613,34.297
1768499704.818948,36.25
1768499704.9251137,40.073
1768499705.027724,38.124
1768499705.1301773,34.396
1768499705.2325363,41.453
1768499705.334897,34.1
1768499705.4373863,42.019
1768499705.5399663,32.638
1768499705.6425085,44.259
1768499705.7448635,32.441
1768499705.8494453,42.315
1768499705.952169,38.397
1768499706.0546746,34.593
1768499706.15712,44.679
1768499706.2594724,33.033
1768499706.361819,39.406
1768499706.4642632,32.144
1768499706.5665603,41.625
1768499706.6696424,40.444
1768499706.7748578,34.001
1768499706.8777254,48.167
1768499706.980798,32.934
1768499707.0831769,41.946
1768499707.185689,39.284
1768499707.2880912,35.679
1768499707.3905842,45.315
1768499707.4929364,33.409
1768499707.5980253,47.015
1768499707.7005324,39.702
1768499707.802888,35.185
1768499707.9052546,43.767
1768499708.0075312,36.764
1768499708.1100416,40.838
1768499708.21247,40.491
1768499708.314863,35.284
1768499708.4171565,45.806
1768499708.5228508,33.804
1768499708.6253066,51.155
1768499708.7277014,33.409
1768499708.830125,45.834
1768499708.9325325,33.132
1768499709.0349193,40.861
1768499709.1372414,37.927
1768499709.2396028,38.124
1768499709.3419187,43.642
1768499709.4470935,34.1
1768499709.5495715,47.38
1768499709.6520936,33.113
1768499709.7543273,36.546
1768499709.8567448,43.3
1768499709.959077,33.902
1768499710.0613902,46.523
1768499710.1637135,33.804
1768499710.2662284,36.919
1768499710.3720834,38.716
1768499710.474373,32.638
1768499710.5767646,44.357
1768499710.6790276,34.495
1768499710.782061,49.122
1768499710.88444,32.916
1768499710.9866471,36.349
1768499711.0890322,42.512
1768499711.195617,48.069
1768499711.301023,36.623
1768499711.4048576,37.138
1768499711.5070958,43.103
1768499711.6093166,33.409
1768499711.7116618,39.087
1768499711.8138218,39.656
1768499711.9162095,34.889
1768499712.018477,50.498
1768499712.1239,38.792
1768499712.2262912,40.073
1768499712.3286183,43.963
1768499712.430991,34.495
1768499712.5334115,46.861
1768499712.6358569,39.603
1768499712.7381146,36.842
1768499712.8407536,47.45
1768499712.9432058,34.001
1768499713.0482268,43.767
1768499713.1507256,38.025
1768499713.2531865,37.609
1768499713.3555894,44.948
1768499713.4579449,35.087
1768499713.5602224,48.266
1768499713.6627107,40.073
1768499713.7650802,34.199
1768499713.8674626,48.561
1768499713.9742596,37.138
1768499714.0765834,37.828
1768499714.1788957,43.72
1768499714.2811654,33.31
1768499714.3835316,42.881
1768499714.485773,41.453
1768499714.588091,35.284
1768499714.6905446,50.399
1768499714.792842,38.42
1768499714.9000504,35.679
1768499715.0024333,48.827
1768499715.1050677,37.828
1768499715.2073922,36.842
1768499715.309731,46.79
1768499715.4122186,33.705
1768499715.5145483,48.925
1768499715.616947,33.606
1768499715.7199037,38.693
1768499715.8271291,34.889
1768499715.9303033,48.266
1768499716.0325081,33.014
1768499716.134764,50.437
1768499716.2369108,36.842
1768499716.3390758,38.299
1768499716.4412796,38.025
1768499716.5436387,35.856
1768499716.645736,42.512
1768499716.7507217,48.294
1768499716.8531172,38.595
1768499716.9553308,35.284
1768499717.0576918,46.888
1768499717.1600657,32.638
1768499717.2623858,39.087
1768499717.3647237,41.625
1768499717.467118,32.737
1768499717.5694115,39.777
1768499717.6758287,47.282
1768499717.7781837,34.593
1768499717.8805182,42.807
1768499717.983086,42.782
1768499718.0855887,34.889
1768499718.1879256,46.621
1768499718.2904098,39.383
1768499718.3927062,38.397
1768499718.4952009,47.479
1768499718.5979373,34.495
1768499718.700351,44.259
1768499718.8027604,39.36
1768499718.9049828,36.151
1768499719.0075195,50.233
1768499719.109898,38.124
1768499719.212203,38.2
1768499719.3145118,49.053
1768499719.4167907,34.495
1768499719.5191705,47.745
1768499719.6250262,38.792
1768499719.7273858,36.053
1768499719.8297904,46.888
1768499719.9321575,33.31
1768499720.0349429,41.748
1768499720.1371582,41.306
1768499720.2394252,34.495
1768499720.342374,39.186
1768499720.448353,35.067
1768499720.5510669,47.774
1768499720.653411,38.572
1768499720.755578,35.954
1768499720.857864,54.266
1768499720.9600797,37.039
1768499721.0622213,42.143
1768499721.1645977,35.658
1768499721.266813,40.739
1768499721.3719058,39.482
1768499721.4742923,37.236
1768499721.576636,48.532
1768499721.6789672,33.804
1768499721.7814353,40.542
1768499721.8837636,38.102
1768499721.9861424,37.236
1768499722.0885675,47.774
1768499722.1909091,34.297
1768499722.296058,45.073
1768499722.3984754,38.89
1768499722.5011206,37.039
1768499722.6034718,47.815
1768499722.7057016,38.299
1768499722.8081448,38.2
1768499722.9106805,48.266
1768499723.0131426,33.686
1768499723.115761,39.087
1768499723.2204068,45.019
1768499723.3228376,34.495
1768499723.425206,46.003
1768499723.5274782,41.083
1768499723.6300163,35.284
1768499723.7323105,51.61
1768499723.83479,38.518
1768499723.9371958,36.743
1768499724.0433078,47.015
1768499724.1457772,33.705
1768499724.248058,42.118
1768499724.350428,39.11
1768499724.4530206,36.053
1768499724.5555773,49.515
1768499724.6592,39.012
1768499724.7614837,52.793
1768499724.8686123,35.067
1768499724.9709148,39.012
1768499725.0735345,46.326
1768499725.176127,34.001
1768499725.278388,43.373
1768499725.3809037,41.477
1768499725.4831572,35.383
1768499725.5855784,45.735
1768499725.690835,39.899
1768499725.7932389,36.25
1768499725.896055,54.102
1768499725.9984207,37.729
1768499726.1008317,40.172
1768499726.203119,45.216
1768499726.3055828,34.791
1768499726.4079177,51.843
1768499726.5103252,33.902
1768499726.6153235,43.373
1768499726.7177358,32.934
1768499726.8201637,46.2
1768499726.9225013,34.593
1768499727.0251508,46.523
1768499727.1275587,38.42
1768499727.2299201,36.842
1768499727.332354,49.318
1768499727.4394035,33.31
1768499727.541915,47.31
1768499727.6443727,38.397
1768499727.7466938,35.087
1768499727.8491437,46.916
1768499727.9515867,33.329
1768499728.0539055,48.462
1768499728.1563745,37.729
1768499728.2639396,38.003
1768499728.3661563,47.282
1768499728.4692001,33.212
1768499728.5717185,42.709
1768499728.6759183,37.806
1768499728.7782853,50.105
1768499728.8820393,38.693
1768499728.9869418,36.94
1768499729.089259,46.55
1768499729.1914878,37.927
1768499729.2937908,36.94
1768499729.3961234,46.79
1768499729.4984367,33.409
1768499729.6009057,40.172
1768499729.7033312,44.823
1768499729.8057868,34.001
1768499729.912639,41.059
1768499730.0149908,45.118
1768499730.1173358,34.396
1768499730.2197585,48.954
1768499730.3221376,38.102
1768499730.42447,40.073
1768499730.5269234,39.087
1768499730.6293056,36.743
1768499730.7316813,47.45
1768499730.836712,33.902
1768499730.9392292,48.364
1768499731.0420053,38.124
1768499731.144331,39.482
1768499731.2470057,43.471
1768499731.3494666,35.185
1768499731.45184,52.66
1768499731.5543292,38.025
1768499731.6612127,37.138
1768499731.7635636,45.145
1768499731.8658943,33.31
1768499731.9683611,41.33
1768499732.0707467,38.868
1768499732.173095,34.988
1768499732.2754123,46.719
1768499732.3777034,32.836
1768499732.4800572,41.231
1768499732.5852654,37.609
1768499732.688479,36.25
1768499732.7908564,46.03
1768499732.896633,33.31
1768499733.00039,38.617
1768499733.103047,37.236
1768499733.210047,41.822
1768499733.3126135,34.692
1768499733.415123,43.497
1768499733.5175312,33.606
1768499733.6198497,49.81
1768499733.7222712,36.743
1768499733.8247623,37.631
1768499733.9272022,40.715
1768499734.0295465,34.396
1768499734.1343184,43.694
1768499734.236659,34.297
1768499734.3391166,43.201
1768499734.441436,34.1
1768499734.544067,45.538
1768499734.6464322,33.212
1768499734.7487798,46.397
1768499734.8511267,37.532
1768499734.953579,39.012
1768499735.0596097,40.444
1768499735.162039,34.889
1768499735.2643437,45.61
1768499735.3668072,32.737
1768499735.469195,44.876
1768499735.571718,37.215
1768499735.6741104,36.546
1768499735.776564,45.046
1768499735.8834207,32.737
1768499735.9857411,41.527
1768499736.087997,37.828
1768499736.190264,35.481
1768499736.2926013,45.762
1768499736.3949099,32.737
1768499736.4972959,43.176
1768499736.5995417,32.934
1768499736.7022567,49.053
1768499736.8090513,39.58
1768499736.9157095,39.482
1768499737.0181172,33.804
1768499737.1204782,32.144
1768499737.2239687,40.467
1768499737.326333,42.807
1768499737.4328213,33.705
1768499737.5353248,44.751
1768499737.6377685,37.806
1768499737.7401175,39.383
1768499737.8425357,38.321
1768499737.9450421,35.679
1768499738.0474415,45.637
1768499738.1499035,37.532
1768499738.2558317,35.876
1768499738.3582933,45.046
1768499738.4606457,33.329
1768499738.5630813,46.916
1768499738.6653345,32.934
1768499738.7676625,43.176
1768499738.8700385,36.842
1768499738.9724123,38.42
1768499739.0748038,41.157
1768499739.180009,34.1
1768499739.2822983,43.668
1768499739.3846712,32.144
1768499739.4869037,39.679
1768499739.5892355,40.664
1768499739.6915753,34.791
1768499739.7938666,49.19
1768499739.8963704,32.737
1768499739.9988036,39.777
1768499740.104875,40.518
1768499740.2073305,35.856
1768499740.3097072,46.102
1768499740.4119918,33.409
1768499740.5144966,42.216
1768499740.616935,38.716
1768499740.7192395,36.25
1768499740.8216062,46.888
1768499740.9240935,33.902
1768499741.0297117,46.102
1768499741.1320548,37.434
1768499741.2347274,41.059
1768499741.3373086,37.784
1768499741.4396935,39.679
1768499741.54213,37.335
1768499741.6444793,42.241
1768499741.7473454,35.975
1768499741.8535168,43.595
1768499741.955937,35.58
1768499742.0582314,47.577
1768499742.1605194,34.593
1768499742.2630098,47.479
1768499742.3653338,32.539
1768499742.4676898,47.577
1768499742.5701005,33.508
1768499742.672472,43.078
1768499742.778057,32.243
1768499742.8802977,44.062
1768499742.9826982,35.954
1768499743.0850306,36.271
1768499743.1874225,44.948
1768499743.289763,32.638
1768499743.3921568,41.65
1768499743.4945276,37.313
1768499743.5968113,36.349
1768499743.7038693,43.792
1768499743.8061366,33.033
1768499743.9085255,43.274
1768499744.010872,37.729
1768499744.11327,35.56
1768499744.2155993,45.019
1768499744.317862,33.409
1768499744.4201627,48.561
1768499744.5225623,34.593
1768499744.6278617,39.482
1768499744.7302692,38.047
1768499744.8325667,39.186
1768499744.934916,35.481
1768499745.0372057,43.004
1768499745.1395187,36.25
1768499745.2418156,40.172
1768499745.344214,43.694
1768499745.4464798,33.804
1768499745.5488465,43.004
1768499745.653917,37.708
1768499745.7562463,35.778
1768499745.8587859,49.279
1768499745.9611707,33.587
1768499746.063485,38.913
1768499746.1673114,34.297
1768499746.2700953,50.135
1768499746.3722346,32.737
1768499746.4745908,39.383
1768499746.5810974,46.424
1768499746.6839294,34.791
1768499746.7863767,38.299
1768499746.8887632,36.349
1768499746.9911783,48.532
1768499747.093527,32.836
1768499747.195951,42.61
1768499747.2982488,37.236
1768499747.4005477,36.546
1768499747.5067222,44.16
1768499747.6091194,33.132
1768499747.7113855,45.708
1768499747.8137078,32.243
1768499747.916,41.059
1768499748.018313,41.625
1768499748.1205792,33.804
1768499748.2229047,44.357
1768499748.3251765,39.36
1768499748.4275215,34.495
1768499748.532783,44.456
1768499748.6351697,39.209
1768499748.7374284,35.778
1768499748.8398125,49.741
1768499748.9420938,39.899
1768499749.0445077,35.087
1768499749.1468587,49.348
1768499749.2492113,38.321
1768499749.3514895,37.729
1768499749.458226,46.916
1768499749.560513,33.705
1768499749.6627157,41.625
1768499749.7649581,43.373
1768499749.8671935,34.495
1768499749.969543,43.792
1768499750.0718386,38.375
1768499750.1740053,36.546
1768499750.2763228,52.366
1768499750.3814645,38.003
1768499750.4837673,38.124
1768499750.5862129,47.38
1768499750.6892881,39.899
1768499750.7932658,47.872
1768499750.8954117,34.692
1768499750.9975777,44.062
1768499751.0996761,44.285
1768499751.206893,35.56
1768499751.309191,49.741
1768499751.4117765,40.444
1768499751.5141804,36.053
1768499751.6166499,53.088
1768499751.71897,38.595
1768499751.821474,39.482
1768499751.923924,49.741
1768499752.0301838,34.791
1768499752.1325643,51.026
1768499752.2349286,34.199
1768499752.337258,51.812
1768499752.4396772,33.606
1768499752.5421457,41.921
1768499752.644657,38.223
1768499752.7471025,36.645
1768499752.849432,46.424
1768499752.954809,33.606
1768499753.0571678,44.186
1768499753.159801,34.791
1768499753.2622385,40.073
1768499753.364748,34.495
1768499753.4671202,44.528
1768499753.5699244,33.329
1768499753.6722903,46.397
1768499753.7748446,36.842
1768499753.881008,35.876
1768499753.9833534,45.145
1768499754.0857744,33.033
1768499754.188195,41.33
1768499754.2908428,39.065
1768499754.3931165,35.975
1768499754.495407,47.141
1768499754.5983317,33.705
1768499754.7052498,47.212
1768499754.8085291,33.033
1768499754.9107401,41.231
1768499755.0134904,34.988
1768499755.1157956,50.498
1768499755.217875,33.329
1768499755.3201368,40.861
1768499755.4223504,40.369
1768499755.5285954,35.58
1768499755.6308413,52.531
1768499755.7332518,37.236
1768499755.835748,39.11
1768499755.9381933,41.231
1768499756.0404053,34.001
1768499756.1427603,48.532
1768499756.245256,33.033
1768499756.3527582,41.847
1768499756.4552176,37.631
1768499756.557479,36.645
1768499756.659802,43.201
1768499756.7621694,43.3
1768499756.8646512,40.27
1768499756.9670851,34.692
1768499757.0693817,49.416
1768499757.176258,38.124
1768499757.278695,35.165
1768499757.3810627,49.81
1768499757.4834816,37.138
1768499757.5857537,35.876
1768499757.6882734,47.901
1768499757.7905955,40.27
1768499757.8928943,35.778
1768499757.9951696,48.63
1768499758.101554,39.656
1768499758.203824,35.185
1768499758.3062663,45.341
1768499758.4095979,42.979
1768499758.5119934,34.001
1768499758.6144722,44.679
1768499758.7167618,41.428
1768499758.8190882,34.495
1768499758.9214265,42.118
1768499759.0296228,43.201
1768499759.1318367,46.003
1768499759.2348716,40.172
1768499759.3370144,34.889
1768499759.4393268,43.792
1768499759.541475,43.274
1768499759.643775,33.428
1768499759.7459023,42.709
1768499759.8483305,41.231
1768499759.9538705,34.396
1768499760.056178,44.554
1768499760.1584404,41.551
1768499760.2608192,35.284
1768499760.3631349,51.61
1768499760.4654326,39.065
1768499760.5676978,36.447
1768499760.6701734,48.503
1768499760.772664,37.039
1768499760.8767843,38.102
1768499760.9791522,47.38
1768499761.0813942,33.508
1768499761.183721,42.881
1768499761.2862515,38.223
1768499761.3886056,38.716
1768499761.4910471,44.751
1768499761.5934086,34.396
1768499761.6956868,49.515
1768499761.7982318,32.638
1768499761.9044254,48.069
1768499762.006904,37.039
1768499762.1093435,38.397
1768499762.2116132,39.754
1768499762.3140762,34.495
1768499762.416465,44.849
1768499762.5187683,32.934
1768499762.6211228,41.822
1768499762.7234752,43.176
1768499762.8285162,33.231
1768499762.930995,42.709
1768499763.0338123,40.294
1768499763.1360705,34.889
1768499763.2384148,49.515
1768499763.3408983,33.231
1768499763.4472146,39.482
1768499763.5532205,40.491
1768499763.6557548,51.905
1768499763.759142,33.329
1768499763.8613946,43.471
1768499763.9638023,39.11
1768499764.0661716,35.757
1768499764.1684587,50.369
1768499764.2708476,33.587
1768499764.3769903,39.777
1768499764.4794347,43.078
1768499764.5818698,34.988
1768499764.6846569,43.668
1768499764.7871168,41.354
1768499764.8897483,35.679
1768499764.9923015,51.646
1768499765.0947332,38.42
1768499765.2009487,37.434
1768499765.3034787,47.479
1768499765.4059072,33.705
1768499765.5083807,43.176
1768499765.610768,39.383
1768499765.7133183,36.151
1768499765.8159366,53.349
1768499765.9182448,36.842
1768499766.023858,40.763
1768499766.1264205,47.057
1768499766.2288697,34.199
1768499766.3314228,44.528
1768499766.4337459,38.89
1768499766.5363536,35.876
1768499766.6387146,50.634
1768499766.7417088,33.606
1768499766.847645,38.617
1768499766.9500065,37.434
1768499767.0522642,47.113
1768499767.154507,33.231
1768499767.2594764,41.724
1768499767.3618243,39.383
1768499767.4641438,35.679
1768499767.56806,49.976
1768499767.6726751,40.369
1768499767.7766066,44.948
1768499767.8789077,34.001
1768499767.9812982,42.413
1768499768.0837522,43.767
1768499768.1860998,34.396
1768499768.288349,45.565
1768499768.390763,43.3
1768499768.4975448,34.988
1768499768.5997736,43.668
1768499768.702316,42.659
1768499768.8047936,35.067
1768499768.907131,45.44
1768499769.0095584,38.518
1768499769.111925,40.96
1768499769.2143044,41.724
1768499769.3211064,34.791
1768499769.4234943,45.637
1768499769.5258048,40.392
1768499769.6281924,34.889
1768499769.730624,44.679
1768499769.8328707,42.782
1768499769.935256,34.495
1768499770.0376074,46.326
1768499770.143445,33.409
1768499770.2457948,40.172
1768499770.3481853,43.642
1768499770.4510798,34.988
1768499770.5534103,46.397
1768499770.6559527,34.001
1768499770.758357,41.822
1768499770.8606405,42.906
1768499770.9630256,34.495
1768499771.0681126,48.433
1768499771.170436,37.708
1768499771.272704,38.321
1768499771.375033,45.834
1768499771.4772031,34.495
1768499771.5795958,43.201
1768499771.6836474,42.512
1768499771.7859428,35.185
1768499771.8925683,39.087
1768499771.995036,36.074
1768499772.097253,51.548
1768499772.1993477,37.708
1768499772.3015974,36.94
1768499772.40377,48.069
1768499772.505879,33.409
1768499772.608053,39.482
1768499772.710193,46.003
1768499772.8161304,34.692
1768499772.9188237,44.751
1768499773.0210948,39.186
1768499773.1233308,36.546
1768499773.2260966,54.102
1768499773.328484,39.899
1768499773.4308956,37.532
1768499773.533269,48.335
1768499773.6355302,34.297
1768499773.7406435,47.675
1768499773.8433156,38.617
1768499773.9456954,38.102
1768499774.048194,48.04
1768499774.1505768,34.593
1768499774.2532763,45.834
1768499774.3557189,39.459
1768499774.4582844,36.053
1768499774.5645697,48.63
1768499774.667305,33.033
1768499774.769802,40.073
1768499774.8724113,41.551
1768499774.9749134,35.087
1768499775.077229,49.416
1768499775.1795692,34.968
1768499775.281847,41.256
1768499775.3887627,42.118
1768499775.491033,34.495
1768499775.5933957,47.45
1768499775.7002687,38.223
1768499775.8041072,35.856
1768499775.906415,49.515
1768499776.0117438,37.434
1768499776.1142282,48.167
1768499776.2164397,34.1
1768499776.3186595,42.807
1768499776.4209526,40.542
1768499776.523351,35.876
1768499776.6255057,52.267
1768499776.7278686,39.679
1768499776.8301988,39.262
1768499776.9371233,35.975
1768499777.039649,52.924
1768499777.1419907,38.913
1768499777.2442534,38.2
1768499777.3466175,49.446
1768499777.4489195,35.757
1768499777.5512118,37.729
1768499777.6534753,47.057
1768499777.7557223,34.692
1768499777.8611195,45.834
1768499777.963435,33.705
1768499778.0658627,41.428
1768499778.1682189,42.881
1768499778.2706146,34.199
1768499778.372906,42.512
1768499778.4753027,39.679
1768499778.5776029,34.988
1768499778.6800115,49.613
1768499778.7857428,38.518
1768499778.8880475,36.842
1768499778.9903917,51.91
1768499779.0926993,39.307
1768499779.1949878,36.764
1768499779.2972002,50.173
1768499779.3995037,33.804
1768499779.501793,41.724
1768499779.6040537,38.868
1768499779.7106302,40.566
1768499779.8128693,35.087
1768499779.915196,39.801
1768499780.017652,46.762
1768499780.1203487,34.593
1768499780.222515,42.216
1768499780.3248594,41.354
1768499780.427247,35.481
1768499780.529625,46.495
1768499780.6348176,37.434
1768499780.7377179,48.098
1768499780.8399134,34.1
1768499780.9420505,40.369
1768499781.044273,39.951
1768499781.1464703,35.383
1768499781.2486532,48.11
1768499781.350914,36.349
1768499781.4531033,38.89
1768499781.5555148,44.088
1768499781.6605644,35.185
1768499781.7628465,49.515
1768499781.8651876,38.124
1768499781.967511,36.743
1768499782.0698771,42.709
1768499782.1722393,35.461
1768499782.2746143,36.82
1768499782.3770401,38.42
1768499782.4792652,44.062
1768499782.5853653,34.889
1768499782.6878126,44.233
1768499782.7903788,33.31
1768499782.892944,43.963
1768499782.9954305,37.236
1768499783.0978694,36.94
1768499783.200216,47.085
1768499783.3025782,33.409
1768499783.4049408,43.3
1768499783.510226,38.814
1768499783.612678,35.284
1768499783.7149901,46.566
1768499783.817677,33.212
1768499783.9200318,40.664
1768499784.0227065,42.34
1768499784.125182,34.396
1768499784.227574,50.173
1768499784.3351464,33.014
1768499784.4375942,49.151
1768499784.5413423,36.94
1768499784.6437132,37.806
1768499784.7461846,40.026
1768499784.8484728,34.791
1768499784.9511733,45.467
1768499785.0536883,41.625
1768499785.1603909,38.792
1768499785.2626595,34.889
1768499785.3653085,50.989
1768499785.4675796,33.329
1768499785.5697625,42.807
1768499785.6719654,38.913
1768499785.7741804,35.185
1768499785.876482,50.989
1768499785.9829814,33.705
1768499786.085728,45.046
1768499786.1881056,39.065
1768499786.2904074,37.236
1768499786.392657,46.621
1768499786.4951935,33.705
1768499786.5976694,43.792
1768499786.7000692,32.737
1768499786.805715,43.078
1768499786.9081385,34.297
1768499787.0105383,49.741
1768499787.1129603,40.247
1768499787.2152894,34.495
1768499787.3175888,47.184
1768499787.4199007,37.554
1768499787.5222807,35.679
1768499787.6248684,47.184
1768499787.731082,34.001
1768499787.8335855,43.274
1768499787.9360251,38.792
1768499788.0383918,37.631
1768499788.1408653,46.397
1768499788.2432702,34.495
1768499788.3462203,45.44
1768499788.4487765,39.459
1768499788.5562527,36.94
1768499788.6586697,46.102
1768499788.7614877,34.199
1768499788.8642135,44.456
1768499788.9665327,39.11
1768499789.0690627,40.763
1768499789.1714225,39.383
1768499789.273953,50.301
1768499789.3813467,36.546
1768499789.4835713,36.94
1768499789.5859277,47.113
1768499789.6883433,33.606
1768499789.7906904,43.792
1768499789.8929408,39.777
1768499789.995212,35.481
1768499790.0975852,50.626
1768499790.2032392,38.868
1768499790.3056743,35.481
1768499790.4079714,48.797
1768499790.5102115,39.951
1768499790.612725,36.349
1768499790.7151542,51.124
1768499790.817565,38.814
1768499790.9198532,35.954
1768499791.0222542,45.046
1768499791.1279318,35.284
1768499791.2301855,52.334
1768499791.3324723,34.791
1768499791.434894,39.876
1768499791.5371637,45.637
1768499791.6395628,34.791
1768499791.741863,54.495
1768499791.8442564,33.902
1768499791.9465976,39.679
1768499792.0530984,43.274
1768499792.1555243,34.889
1768499792.257764,43.694
1768499792.3599803,37.708
1768499792.4623008,37.927
1768499792.5651298,47.605
1768499792.6675072,34.199
1768499792.769739,42.019
1768499792.872085,38.2
1768499792.979529,37.236
1768499793.081894,40.838
1768499793.1884274,34.889
1768499793.2907133,49.938
1768499793.393021,36.722
1768499793.495229,43.004
1768499793.5987937,33.212
1768499793.7031157,43.694
1768499793.8055007,38.299
1768499793.9079506,34.495
1768499794.0103896,48.208
1768499794.1126673,33.132
1768499794.214895,41.256
1768499794.317172,38.047
1768499794.4194725,36.546
1768499794.5219116,44.724
1768499794.6283169,33.409
1768499794.7307575,45.538
1768499794.8330395,37.236
1768499794.935417,37.434
1768499795.0378215,45.27
1768499795.140089,33.508
1768499795.2423322,44.679
1768499795.3447547,39.042
1768499795.4471378,34.889
1768499795.552275,46.298
1768499795.6546822,38.814
1768499795.7572308,35.58
1768499795.8594847,49.122
1768499795.962351,33.231
1768499796.0647018,50.006
1768499796.167053,37.708
1768499796.269592,37.729
1768499796.3772292,47.057
1768499796.4799626,35.185
1768499796.5821893,45.735
1768499796.684507,34.396
1768499796.7877822,32.323
1768499796.8902378,38.989
1768499796.9930098,44.993
1768499797.0952907,33.902
1768499797.1998518,45.44
1768499797.3022778,39.505
1768499797.4058359,37.138
1768499797.508256,46.692
1768499797.6105413,36.919
1768499797.7129066,38.124
1768499797.8153198,34.593
1768499797.9188967,45.145
1768499798.0253923,33.132
1768499798.12789,44.456
1768499798.2303643,37.532
1768499798.332765,37.51
1768499798.4351618,44.652
1768499798.5375235,33.606
1768499798.6398256,45.834
1768499798.742315,33.606
1768499798.844807,44.948
1768499798.9508426,33.033
1768499799.0531597,41.822
1768499799.1555228,38.223
1768499799.2580967,35.284
1768499799.3605614,43.497
1768499799.4631028,32.737
1768499799.5655735,42.709
1768499799.667919,37.357
1768499799.7703228,35.56
1768499799.876913,44.724
1768499799.9793386,33.329
1768499800.0817819,46.818
1768499800.1841753,37.631
1768499800.2865534,35.778
1768499800.389011,46.102
1768499800.4914176,32.638
1768499800.5937974,41.847
1768499800.6998017,37.39
1768499800.8021977,36.447
1768499800.9045007,45.046
1768499801.0074706,33.231
1768499801.109848,43.963
1768499801.2121837,38.738
1768499801.314598,35.679
1768499801.4168875,45.538
1768499801.5193024,32.934
1768499801.6267111,44.16
1768499801.7290058,37.806
1768499801.8315308,36.37
1768499801.9338598,45.315
1768499802.0362024,32.916
1768499802.138572,38.572
1768499802.2408144,36.666
1768499802.3430579,45.216
1768499802.4489381,33.132
1768499802.5512953,42.881
1768499802.6538787,38.397
1768499802.7564192,36.743
1768499802.8590002,45.583
1768499802.9613655,33.132
1768499803.063857,40.566
1768499803.1662025,39.11
1768499803.2715597,34.791
1768499803.3742902,46.102
1768499803.4765697,32.737
1768499803.5789154,40.664
1768499803.6813998,38.124
1768499803.7837179,35.481
1768499803.8861222,46.298
1768499803.98856,32.539
1768499804.0909092,40.763
1768499804.1970212,37.806
1768499804.2993875,36.053
1768499804.4017234,44.974
1768499804.5039637,33.428
1768499804.6063128,46.692
1768499804.7086177,36.151
1768499804.8111439,37.729
1768499804.9135458,43.201
1768499805.0159802,33.902
1768499805.1218786,48.728
1768499805.224135,32.638
1768499805.3263962,41.034
1768499805.42926,37.159
1768499805.531734,39.876
1768499805.6341221,39.876
1768499805.7365296,35.284
1768499805.8390043,44.948
1768499805.941447,33.902
1768499806.0453222,47.015
1768499806.150991,33.231
1768499806.253438,48.925
1768499806.3557286,32.638
1768499806.4582472,45.145
1768499806.5605736,32.737
1768499806.6630375,31.256
1768499806.7653732,38.2
1768499806.867639,34.1
1768499806.9741807,43.398
1768499807.0766075,32.737
1768499807.1789093,47.774
1768499807.2814164,33.508
1768499807.3839386,40.096
1768499807.4863005,37.828
1768499807.5886817,35.284
1768499807.6910567,39.284
1768499807.7933953,34.988
1768499807.8981912,45.341
1768499808.000596,33.231
1768499808.1031692,49.446
1768499808.2055287,32.62
1768499808.3079355,39.505
1768499808.41032,38.42
1768499808.5125883,35.876
1768499808.6150413,45.145
1768499808.717491,32.836
1768499808.8224897,43.792
1768499808.9248343,38.124
1768499809.0272727,35.185
1768499809.12976,48.532
1768499809.232133,36.842
1768499809.3345132,38.025
1768499809.436835,42.585
1768499809.5391748,34.889
1768499809.6414142,50.891
1768499809.7461627,37.708
1768499809.849008,37.434
1768499809.9513605,46.271
1768499810.0536761,33.508
1768499810.1560047,42.315
1768499810.2583015,41.133
1768499810.3606186,36.053
1768499810.4641662,46.719
1768499810.5713687,33.804
1768499810.6736572,47.549
1768499810.7761853,36.764
1768499810.8785884,37.927
1768499810.9809947,33.132
1768499811.0840013,41.847
1768499811.1862473,39.58
1768499811.2883418,35.185
1768499811.3941936,44.357
1768499811.4969888,33.014
1768499811.5992174,45.315
1768499811.701554,37.434
1768499811.8039012,32.243
1768499811.9061918,46.424
1768499812.008767,37.335
1768499812.1112247,38.89
1768499812.213619,40.861
1768499812.3190777,35.461
1768499812.4218538,45.511
1768499812.5241177,33.508
1768499812.6264718,44.456
1768499812.7289042,37.981
1768499812.8313372,36.25
1768499812.933727,47.802
1768499813.036153,33.212
1768499813.1432018,39.284
1768499813.2454705,42.709
1768499813.3479297,35.383
1768499813.4501827,46.692
1768499813.5525496,33.705
1768499813.6549954,46.692
1768499813.757405,37.729
1768499813.8598082,38.89
1768499813.9661455,41.822
1768499814.0687685,34.692
1768499814.171269,49.22
1768499814.2740204,33.212
1768499814.3763676,43.3
1768499814.479242,38.496
1768499814.5816147,38.223
1768499814.6839714,41.133
1768499814.7895584,34.297
1768499814.8919141,41.551
1768499814.9945323,34.791
1768499815.0968888,45.44
1768499815.1992128,36.743
1768499815.3015013,45.905
1768499815.4037058,33.508
1768499815.5060477,42.388
1768499815.6084776,43.668
1768499815.7144861,35.185
1768499815.8169777,49.544
1768499815.9193645,33.724
1768499816.0221179,42.413
1768499816.1245039,41.059
1768499816.2268484,34.889
1768499816.3290849,50.793
1768499816.431373,34.495
1768499816.5372128,43.3
1768499816.6395004,35.778
1768499816.7419665,32.441
1768499816.8442848,48.433
1768499816.946592,38.003
1768499817.0490432,37.828
1768499817.1514692,47.029
1768499817.2537973,33.606
1768499817.3560827,42.044
1768499817.4626868,38.518
1768499817.5650005,37.335
1768499817.6672912,48.393
1768499817.7695467,34.119
1768499817.8721654,49.249
1768499817.9745064,37.729
1768499818.0769608,36.743
1768499818.1793375,43.767
1768499818.2869246,34.199
1768499818.389341,48.925
1768499818.4965298,32.539
1768499818.5989423,41.034
1768499818.7012737,39.679
1768499818.8036127,34.495
1768499818.9092586,49.092
1768499819.011774,33.329
1768499819.1142852,41.822
1768499819.2166917,34.199
1768499819.3199675,44.921
1768499819.4221678,39.505
1768499819.5244267,36.743
1768499819.6268458,46.888
1768499819.7291584,34.988
1768499819.8334227,39.087
1768499819.935717,46.79
1768499820.0379827,33.705
1768499820.1404881,43.201
1768499820.242867,42.118
1768499820.3451045,35.284
1768499820.4474785,52.629
1768499820.5499372,37.018
1768499820.6522515,38.2
1768499820.7569664,46.523
1768499820.8594027,34.1
1768499820.9617975,45.637
1768499821.0641649,37.905
1768499821.1665232,35.284
1768499821.2687984,50.528
1768499821.3710291,32.934
1768499821.473478,43.668
1768499821.5758345,37.434
1768499821.6817136,37.236
1768499821.7840676,44.58
1768499821.8863628,33.409
1768499821.988786,46.298
1768499822.0911684,37.039
1768499822.1935477,37.138
1768499822.2958817,43.792
1768499822.3982825,32.737
1768499822.5007,43.989
1768499822.607067,37.554
1768499822.710101,37.631
1768499822.8124166,40.542
1768499822.9148283,35.481
1768499823.0179858,42.512
1768499823.120188,34.1
1768499823.2224472,50.006
1768499823.3247755,35.185
1768499823.426937,38.693
1768499823.5320134,37.236
1768499823.6344464,38.124
1768499823.7368886,34.988
1768499823.840444,44.16
1768499823.9426231,32.737
1768499824.0448108,42.61
1768499824.1469204,38.299
1768499824.2491896,35.975
1768499824.3513775,46.326
1768499824.4566395,33.428
1768499824.5590365,48.491
1768499824.6614242,32.737
1768499824.7640269,40.566
1768499824.8664927,37.806
1768499824.9689322,35.856
1768499825.07138,45.61
1768499825.17379,33.804
1768499825.2807205,49.711
1768499825.3831022,32.638
1768499825.485394,43.103
1768499825.5879147,37.138
1768499825.6902597,39.58
1768499825.792701,37.729
1768499825.8950114,39.186
1768499825.9973724,41.034
1768499826.1037316,34.988
1768499826.2060513,46.397
1768499826.308821,33.113
1768499826.4112709,45.341
1768499826.5136874,32.539
1768499826.6160517,42.413
1768499826.7185326,31.848
1768499826.8210495,40.247
1768499826.92333,34.396
1768499827.0281854,43.989
1768499827.1304827,33.626
1768499827.232873,46.003
1768499827.3363218,32.342
1768499827.4388168,42.906
1768499827.5412047,36.37
1768499827.6434994,39.505
1768499827.7457905,37.039
1768499827.8481612,35.757
1768499827.9528384,41.724
1768499828.055242,34.297
1768499828.1575456,32.737
1768499828.260088,43.891
1768499828.3624182,35.679
1768499828.4647725,37.532
1768499828.567019,37.434
1768499828.6693316,36.447
1768499828.7716875,41.822
1768499828.8781903,33.606
1768499828.980569,49.053
1768499829.0829508,36.645
1768499829.1854062,37.335
1768499829.287817,44.58
1768499829.3901713,33.033
1768499829.4926462,45.565
1768499829.5949779,38.595
1768499829.7016406,35.954
1768499829.8039825,46.102
1768499829.9064388,33.508
1768499830.0089753,51.118
1768499830.1113873,33.014
1768499830.213682,43.201
1768499830.3159728,38.102
1768499830.4183722,38.518
1768499830.52487,39.163
1768499830.6272614,35.856
1768499830.7297127,47.282
1768499830.8320637,33.705
1768499830.9343722,45.834
1768499831.0367458,32.836
1768499831.139422,42.019
1768499831.2418683,40.641
1768499831.3522916,35.185
1768499831.4546514,46.227
1768499831.5571356,33.606
1768499831.6614792,45.637
1768499831.76379,38.474
1768499831.8660595,38.716
1768499831.971442,44.259
1768499832.074032,51.874
1768499832.1771848,37.729
1768499832.2794123,38.595
1768499832.381766,42.906
1768499832.484113,34.889
1768499832.5863903,52.759
1768499832.6886024,33.113
1768499832.7908378,42.782
1768499832.8965569,38.223
1768499832.9989471,38.42
1768499833.1014686,43.767
1768499833.203919,34.396
1768499833.3067768,49.22
1768499833.4091752,36.645
1768499833.5116403,40.073
1768499833.6140444,36.25
1768499833.720028,47.155
1768499833.8223958,33.132
1768499833.9251413,44.58
1768499834.027676,33.31
1768499834.1300774,43.004
1768499834.2324853,33.212
1768499834.335153,43.398
1768499834.4375267,33.804
1768499834.540172,44.186
1768499834.645062,32.539
1768499834.747492,45.762
1768499834.8499186,36.447
1768499834.9523008,39.876
1768499835.0546916,39.209
1768499835.1576955,34.692
1768499835.260298,44.626
1768499835.3627098,33.132
1768499835.4650826,45.735
1768499835.5709374,32.441
1768499835.6732779,39.186
1768499835.775689,39.087
1768499835.8782902,35.383
1768499835.9822876,42.636
1768499836.0846379,34.495
1768499836.1870308,45.413
1768499836.2933693,48.688
1768499836.3973062,33.606
1768499836.499629,45.145
1768499836.601885,34.001
1768499836.704076,31.848
1768499836.8064022,36.151
1768499836.9087105,39.11
1768499837.0110652,34.1
1768499837.1167984,48.59
1768499837.219209,37.532
1768499837.321697,36.053
1768499837.4240458,45.118
1768499837.5262897,33.132
1768499837.6286893,39.11
1768499837.731161,43.963
1768499837.83358,33.705
1768499837.935919,43.668
1768499838.040921,38.245
1768499838.1432643,35.679
1768499838.2457087,45.905
1768499838.3481357,34.199
1768499838.4505029,50.823
1768499838.5528533,33.212
1768499838.6552417,42.34
1768499838.7576754,41.33
1768499838.860103,35.362
1768499838.9657059,46.003
1768499839.068178,33.606
1768499839.1705258,46.227
1768499839.2728963,40.838
1768499839.3754027,35.087
1768499839.4777064,52.008
1768499839.57996,33.804
1768499839.6822774,41.527
1768499839.7853193,41.059
1768499839.89072,35.975
1768499839.9931934,53.709
1768499840.0955305,38.003
1768499840.200353,39.777
1768499840.3026903,46.959
1768499840.4051447,34.593
1768499840.507475,43.201
1768499840.6144376,36.447
1768499840.716581,49.053
1768499840.8189287,34.1
1768499840.9212415,43.963
1768499841.0235047,39.656
1768499841.1257231,36.349
1768499841.227924,47.774
1768499841.3300765,37.708
1768499841.4324648,37.532
1768499841.538527,46.2
1768499841.6409388,33.409
1768499841.7432573,40.467
1768499841.8455312,45.708
1768499841.9479175,33.705
1768499842.0501509,41.157
1768499842.1524725,43.741
1768499842.2548501,34.692
1768499842.3571556,45.834
1768499842.4628477,39.998
1768499842.5650477,35.58
1768499842.6672766,51.186
1768499842.7696826,38.617
1768499842.8719668,36.645
1768499842.9742217,50.437
1768499843.0767314,38.496
1768499843.179103,38.89
1768499843.281403,44.429
1768499843.387048,34.396
1768499843.4892848,45.413
1768499843.5915804,39.702
1768499843.6940129,35.679
1768499843.7968132,48.11
1768499843.899126,33.212
1768499844.0013895,40.96
1768499844.1038814,41.109
1768499844.2104979,34.889
1768499844.312759,49.78
1768499844.4182086,35.165
1768499844.5205579,40.566
1768499844.62285,39.58
1768499844.7251346,34.593
1768499844.8274457,48.561
1768499844.9297144,33.606
1768499845.0322104,48.364
1768499845.137224,38.42
1768499845.2396586,45.905
1768499845.342009,33.527
1768499845.4442422,44.456
1768499845.546608,39.656
1768499845.6488457,34.988
1768499845.7511582,46.664
1768499845.8534288,38.814
1768499845.9557576,36.25
1768499846.0615766,46.424
1768499846.1644428,34.001
1768499846.2667775,43.004
1768499846.369062,39.557
1768499846.4715703,37.927
1768499846.5738971,45.118
1768499846.6764019,34.396
1768499846.7789826,33.033
1768499846.8854253,39.284
1768499846.987697,44.062
1768499847.0900311,33.804
1768499847.1923537,40.073
1768499847.2947328,38.2
1768499847.3970554,36.842
1768499847.4993246,45.664
1768499847.6015527,33.606
1768499847.7038274,48.069
1768499847.806207,33.132
1768499847.9111376,47.577
1768499848.0136044,37.631
1768499848.1160727,39.209
1768499848.2189848,42.684
1768499848.3213522,34.593
1768499848.4236567,50.271
1768499848.5259473,33.804
1768499848.6281857,50.86
1768499848.7305028,33.508
1768499848.83357,47.352
1768499848.9404793,33.508
1768499849.0428922,42.807
1768499849.1452165,43.3
1768499849.2475336,34.495
1768499849.349914,45.637
1768499849.452269,43.078
1768499849.5545337,35.975
1768499849.6571755,49.839
1768499849.7626092,37.138
1768499849.8652241,49.122
1768499849.9674819,34.297
1768499850.069685,42.512
1768499850.171967,43.792
1768499850.2741199,35.383
1768499850.376277,47.015
1768499850.4784768,39.557
1768499850.5807269,36.94
1768499850.6829782,52.958
1768499850.789309,38.102
1768499850.8916864,38.595
1768499850.99403,43.767
1768499851.0963914,34.297
1768499851.1987405,43.103
1768499851.301202,43.325
1768499851.4034328,34.593
1768499851.505859,48.503
1768499851.6082602,40.444
1768499851.7146635,38.025
1768499851.8171418,48.167
1768499851.9194937,34.1
1768499852.0218823,41.601
1768499852.12434,45.368
1768499852.2268157,34.889
1768499852.3294103,44.948
1768499852.4318924,39.534
1768499852.5369794,37.927
1768499852.6393504,48.196
1768499852.7419686,34.199
1768499852.8442674,45.834
1768499852.946639,38.617
1768499853.0494068,37.236
1768499853.1517751,48.787
1768499853.2561333,33.902
1768499853.3594341,43.595
1768499853.4626563,40.05
1768499853.5652065,36.743
1768499853.6675732,41.946
1768499853.7699826,34.988
1768499853.872399,50.694
1768499853.974907,33.409
1768499854.0772421,38.913
1768499854.179566,43.446
1768499854.2818875,45.861
1768499854.389376,40.172
1768499854.49147,35.757
1768499854.5935626,47.282
1768499854.6958392,33.409
1768499854.798039,41.059
1768499854.900284,38.913
1768499855.0026076,35.975
1768499855.1048715,46.719
1768499855.2106683,33.804
1768499855.3130932,48.167
1768499855.415378,33.132
1768499855.5176835,41.034
1768499855.6200519,39.58
1768499855.7223754,36.546
1768499855.82464,46.2
1768499855.9271798,34.791
1768499856.0295558,47.844
1768499856.1345975,33.132
1768499856.2371678,45.932
1768499856.3394847,32.62
1768499856.442102,43.497
1768499856.5445533,33.212
1768499856.6471071,45.735
1768499856.749447,32.836
1768499856.8517845,41.453
1768499856.9585254,33.132
1768499857.0609562,44.456
1768499857.1631954,38.2
1768499857.265557,35.856
1768499857.3678956,45.341
1768499857.4736922,33.033
1768499857.576086,43.471
1768499857.6798182,38.572
1768499857.786592,37.039
1768499857.8889582,43.373
1768499857.9913049,33.902
1768499858.0935893,43.373
1768499858.1958754,38.42
1768499858.298265,34.889
1768499858.4005258,38.343
1768499858.5038164,38.595
1768499858.6086857,45.341
1768499858.7111554,34.001
1768499858.8137114,38.102
1768499858.9163272,36.447
1768499859.0186462,47.085
1768499859.1211903,34.692
1768499859.223525,49.476
1768499859.3259447,33.606
1768499859.430726,43.668
1768499859.5331821,36.349
1768499859.6355395,39.974
1768499859.737934,41.921
1768499859.840345,34.791
1768499859.9429028,50.626
1768499860.0452175,33.527
1768499860.1475205,41.724
1768499860.253984,38.299
1768499860.3563256,36.546
1768499860.4587305,43.767
1768499860.5610828,34.297
1768499860.6633742,47.085
1768499860.7658346,33.014
1768499860.8681872,40.838
1768499860.9705317,41.33
1768499861.0730247,35.481
1768499861.1793592,47.745
1768499861.281645,35.954
1768499861.3840213,39.482
1768499861.4909816,48.294
1768499861.593243,32.638
1768499861.6971648,40.444
1768499861.801684,39.876
1768499861.9039223,34.692
1768499862.0063539,51.905
1768499862.1087935,33.409
1768499862.2111537,39.679
1768499862.3135562,45.145
1768499862.4160194,34.001
1768499862.518409,43.103
1768499862.6209528,34.001
1768499862.7263818,46.003
1768499862.8286643,39.702
1768499862.9311461,37.335
1768499863.0335462,46.593
1768499863.1358438,34.001
1768499863.2381873,45.834
1768499863.3405998,38.003
1768499863.4429905,37.729
1768499863.5454109,47.282
1768499863.650548,33.705
1768499863.7533998,43.741
1768499863.85578,39.58
1768499863.9581487,36.743
1768499864.0605748,47.717
1768499864.163028,34.199
1768499864.265398,50.694
1768499864.3676717,33.31
1768499864.4746792,39.876
1768499864.57709,39.087
1768499864.679649,35.185
1768499864.781899,46.719
1768499864.8844047,33.014
1768499864.9867332,47.015
1768499865.0891588,36.525
1768499865.1914756,36.349
1768499865.2996562,44.062
1768499865.4019556,32.718
1768499865.5042434,41.428
1768499865.6067047,39.459
1768499865.7097418,34.396
1768499865.812079,44.823
1768499865.9143777,33.902
1768499866.0168283,47.212
1768499866.1223466,37.215
1768499866.224573,37.236
1768499866.3270547,46.397
1768499866.4294164,33.113
1768499866.5320435,51.708
1768499866.6345863,33.902
1768499866.7371147,40.369
1768499866.839407,39.065
1768499866.9454648,35.975
1768499867.047778,45.019
1768499867.1500714,34.968
1768499867.2523806,38.025
1768499867.3548584,47.113
1768499867.4571137,33.329
1768499867.5594673,45.046
1768499867.6618552,41.503
1768499867.7642894,35.481
1768499867.868425,47.155
1768499867.970649,38.913
1768499868.0729697,38.716
1768499868.1754177,46.818
1768499868.277817,34.396
1768499868.3801992,46.003
1768499868.482548,38.277
1768499868.5853148,39.383
1768499868.687786,44.357
1768499868.7939475,34.988
1768499868.8962398,46.074
1768499868.9985607,37.927
1768499869.1008363,37.631
1768499869.2031577,46.861
1768499869.3055346,33.902
1768499869.4078484,47.872
1768499869.5101483,38.595
1768499869.6125672,39.186
1768499869.7197118,38.716
1768499869.8220098,35.481
1768499869.9275072,47.113
1768499870.0298383,39.656
1768499870.132045,34.593
1768499870.2344346,47.774
1768499870.3367548,40.444
1768499870.4421842,34.791
1768499870.5447264,43.201
1768499870.6470988,41.034
1768499870.7495477,37.138
1768499870.8519495,45.145
1768499870.9543464,42.709
1768499871.0578237,44.186
1768499871.1601424,34.692
1768499871.265351,48.069
1768499871.3677099,39.383
1768499871.470045,35.284
1768499871.5725236,49.878
1768499871.6748362,38.617
1768499871.7771633,38.397
1768499871.8794959,39.829
1768499871.981752,35.087
1768499872.0841424,47.675
1768499872.1908367,33.132
1768499872.293048,41.059
1768499872.3954208,41.551
1768499872.4977126,34.791
1768499872.6001542,47.901
1768499872.7024415,33.409
1768499872.8047478,42.807
1768499872.9071603,37.51
1768499873.0137832,36.743
1768499873.1161184,44.062
1768499873.2184472,33.606
1768499873.320755,44.482
1768499873.4231393,38.595
1768499873.525546,35.185
1768499873.6281178,46.326
1768499873.7310865,33.231
1768499873.8334124,46.102
1768499873.9385288,37.806
1768499874.04141,36.349
1768499874.1448398,46.424
1768499874.2471159,32.836
1768499874.349514,39.777
1768499874.4517624,38.496
1768499874.554115,35.165
1768499874.6562784,44.751
1768499874.7627742,33.508
1768499874.8652043,46.523
1768499874.9675534,36.863
1768499875.0698476,38.299
1768499875.1723104,38.989
1768499875.2747927,43.963
1768499875.3772585,32.737
1768499875.4794824,45.413
1768499875.5817184,32.126
1768499875.6868465,39.557
1768499875.7892594,38.223
1768499875.8916,34.593
1768499875.9940138,49.711
1768499876.0963206,31.929
1768499876.1988525,40.369
1768499876.3013115,40.814
1768499876.4036353,33.902
1768499876.5058854,44.652
1768499876.6120882,33.804
1768499876.7145317,36.349
1768499876.8168812,39.186
1768499876.9192085,44.501
1768499877.0217328,33.212
1768499877.1243663,47.38
1768499877.2267237,37.729
1768499877.3291063,38.693
1768499877.4367464,42.537
1768499877.5391831,33.705
1768499877.641837,47.38
1768499877.744313,37.434
1768499877.8467743,37.905
1768499877.9492946,41.699
1768499878.051951,34.199
1768499878.1543486,47.282
1768499878.260547,32.836
1768499878.3628898,46.747
1768499878.4655697,36.94
1768499878.5683498,39.087
1768499878.6706564,40.195
1768499878.7729735,35.58
1768499878.8753643,43.865
1768499878.9777324,34.1
1768499879.0801475,48.699
1768499879.1857212,32.934
1768499879.288253,44.456
1768499879.3906689,36.962
1768499879.4930708,37.138
1768499879.5953598,34.001
1768499879.6985068,46.227
1768499879.8007958,32.638
1768499879.9031987,43.128
1768499880.005422,40.96
1768499880.111034,34.297
1768499880.2134264,49.544
1768499880.3160846,38.496
1768499880.418495,35.954
1768499880.5207224,48.138
1768499880.6231549,33.409
1768499880.7255356,39.11
1768499880.8279521,42.906
1768499880.9345422,35.778
1768499881.037171,47.113
1768499881.1397235,33.231
1768499881.2421863,48.069
1768499881.3445811,32.62
1768499881.4472008,40.739
1768499881.5496926,38.2
1768499881.6520627,36.053
1768499881.7552059,46.298
1768499881.8575406,33.132
1768499881.959945,42.906
1768499882.0626957,36.447
1768499882.1651204,38.913
1768499882.267475,40.27
1768499882.3699422,33.606
1768499882.472247,44.921
1768499882.5746272,37.039
1768499882.6769423,37.631
1768499882.7800226,43.668
1768499882.8843808,33.606
1768499882.9867184,46.523
1768499883.0892026,37.215
1768499883.1918352,37.729
1768499883.2957635,42.34
1768499883.3983457,33.902
1768499883.5011203,46.2
1768499883.6035616,35.954
1768499883.7090998,39.11
1768499883.811556,39.801
1768499883.9141946,35.284
1768499884.0166879,33.606
1768499884.1194124,45.538
1768499884.2216516,32.638
1768499884.3239083,44.482
1768499884.4262805,36.328
1768499884.5326304,38.223
1768499884.635096,38.025
1768499884.7376223,36.25
1768499884.840066,42.118
1768499884.9424334,34.692
1768499885.0448647,44.528
1768499885.1472678,32.539
1768499885.2497818,41.527
1768499885.3522084,40.172
1768499885.4583712,34.791
1768499885.560836,49.613
1768499885.66323,32.817
1768499885.7655876,39.482
1768499885.8681269,38.814
1768499885.9706311,37.335
1768499886.0730042,40.27
1768499886.1753304,32.737
1768499886.2823918,45.44
1768499886.3849077,33.804
1768499886.487487,44.876
1768499886.5906217,34.001
1768499886.6929896,41.231
1768499886.7953157,35.757
1768499886.8977215,43.963
1768499887.011143,33.31
1768499887.113485,44.849
1768499887.2157438,33.231
1768499887.3180826,49.416
1768499887.420394,32.539
1768499887.5267968,42.709
1768499887.6291306,36.349
1768499887.7314932,38.025
1768499887.8340158,34.495
1768499887.9367738,42.512
1768499888.039008,34.396
1768499888.1412678,42.61
1768499888.243501,33.606
1768499888.345946,44.259
1768499888.4518447,33.508
1768499888.5543356,41.527
1768499888.6567245,33.31
1768499888.7591429,45.145
1768499888.8616068,32.144
1768499888.9640791,39.307
1768499889.066438,39.284
1768499889.1690311,34.001
1768499889.271567,50.036
1768499889.376462,36.645
1768499889.4788826,36.842
1768499889.581328,44.849
1768499889.6837406,33.31
1768499889.7861452,44.777
1768499889.888482,38.003
1768499889.990869,38.299
1768499890.0932145,38.321
1768499890.1955974,36.447
1768499890.300134,44.724
1768499890.402531,33.033
1768499890.504828,38.792
1768499890.6075218,42.881
1768499890.709868,34.692
1768499890.812214,47.97
1768499890.9145327,39.702
1768499891.016778,34.692
1768499891.1190326,49.446
1768499891.2254186,33.014
1768499891.3277583,41.034
1768499891.430152,41.453
1768499891.532485,34.889
1768499891.6347847,49.122
1768499891.7371085,33.113
1768499891.8398647,42.979
1768499891.9422078,38.518
1768499892.0479367,37.631
1768499892.1504333,37.532
1768499892.2530115,36.546
1768499892.3562014,39.482
1768499892.4585018,37.729
1768499892.560851,37.828
1768499892.662988,41.157
1768499892.765232,34.988
1768499892.867587,45.145
1768499892.9728878,32.934
1768499893.0752733,49.122
1768499893.1775339,36.447
1768499893.2801101,38.025
1768499893.3825738,39.876
1768499893.4849377,34.199
1768499893.5872738,44.16
1768499893.6895943,34.001
1768499893.7920485,42.118
1768499893.8996623,34.495
1768499894.0019636,46.916
1768499894.1042733,36.349
1768499894.2065377,37.729
1768499894.3088233,40.27
1768499894.4111218,34.001
1768499894.5134797,47.282
1768499894.6159534,32.342
1768499894.7183652,40.247
1768499894.8252842,40.739
1768499894.9277983,34.692
1768499895.03079,49.81
1768499895.133061,33.705
1768499895.2354364,40.566
1768499895.3378925,38.474
1768499895.4401824,36.151
1768499895.542546,45.046
1768499895.645999,33.606
1768499895.752204,43.865
1768499895.8545487,34.119
1768499895.956948,43.3
1768499896.0592434,39.012
1768499896.1615186,35.975
1768499896.2638643,46.129
1768499896.3660533,33.132
1768499896.4684896,43.398
1768499896.575038,34.771
1768499896.6793754,31.947
1768499896.7832642,42.807
1768499896.8854969,32.638
1768499896.987687,40.073
1768499897.0899005,41.157
1768499897.1921353,33.606
1768499897.2943661,44.751
1768499897.399667,39.482
1768499897.501948,34.791
1768499897.6043365,50.793
1768499897.7067492,35.856
1768499897.8094907,42.315
1768499897.9119587,40.885
1768499898.0142949,35.856
1768499898.1170738,46.916
1768499898.222741,33.902
1768499898.3258069,41.551
1768499898.428394,43.3
1768499898.5308187,34.396
1768499898.6332638,47.155
1768499898.7356029,33.033
1768499898.838,39.11
1768499898.9402847,43.398
1768499899.045784,34.199
1768499899.148083,51.383
1768499899.2503386,37.138
1768499899.3526137,37.729
1768499899.4548967,44.16
1768499899.557268,33.329
1768499899.6596045,46.649
1768499899.7624853,33.231
1768499899.8649557,46.888
1768499899.9712253,36.447
1768499900.0735059,38.617
1768499900.1758244,40.739
1768499900.2781353,34.001
1768499900.3806658,49.122
1768499900.482989,33.902
1768499900.5853019,38.693
1768499900.6875262,43.078
1768499900.7899833,33.705
1768499900.896246,38.025
1768499900.9996674,35.481
1768499901.101969,44.357
1768499901.2043068,35.284
1768499901.3064723,40.518
1768499901.4086757,34.396
1768499901.5109189,46.621
1768499901.6131558,38.595
1768499901.7191803,35.58
1768499901.8215535,47.254
1768499901.9238527,33.033
1768499902.0263526,39.58
1768499902.1287122,40.345
1768499902.2309425,34.889
1768499902.3332195,45.243
1768499902.435671,33.804
1768499902.538218,43.57
1768499902.6426234,33.212
1768499902.7450533,41.059
1768499902.8476164,40.664
1768499902.949951,34.396
1768499903.0523024,49.446
1768499903.1545553,37.335
1768499903.2570345,36.94
1768499903.3593426,44.528
1768499903.4616334,33.31
1768499903.5675926,50.036
1768499903.670189,38.124
1768499903.7726939,37.532
1768499903.8757224,42.906
1768499903.9783607,34.495
1768499904.0823233,50.528
1768499904.1846247,33.31
1768499904.2902572,43.767
1768499904.3926766,38.913
1768499904.4950275,35.876
1768499904.5976975,46.2
1768499904.7000167,34.001
1768499904.8023608,41.847
1768499904.90488,39.829
1768499905.0072076,35.087
1768499905.1097612,49.416
1768499905.214901,41.428
1768499905.3182209,38.375
1768499905.4203248,36.25
1768499905.522633,44.429
1768499905.6249905,33.212
1768499905.7271857,40.566
1768499905.8294969,41.601
1768499905.9318101,35.284
1768499906.0340385,45.637
1768499906.1387818,34.297
1768499906.2411547,45.368
1768499906.3435285,39.012
1768499906.4460201,38.025
1768499906.54832,45.681
1768499906.6514807,34.199
1768499906.7583368,32.441
1768499906.8613675,43.937
1768499906.963923,38.124
1768499907.0663426,37.335
1768499907.1689188,45.413
1768499907.2712884,34.297
1768499907.373795,48.167
1768499907.4760265,38.003
1768499907.5786288,35.954
1768499907.680909,44.948
1768499907.7870874,33.329
1768499907.8896387,45.735
1768499907.9920754,37.236
1768499908.0983047,36.053
1768499908.200824,44.357
1768499908.303558,34.001
1768499908.4098089,44.357
1768499908.5126042,33.033
1768499908.615224,42.709
1768499908.7176058,37.905
1768499908.819995,36.743
1768499908.922337,40.838
1768499909.0248902,35.185
1768499909.1274898,44.482
1768499909.234077,42.019
1768499909.3367712,38.716
1768499909.4390068,34.988
1768499909.5412881,46.79
1768499909.6436775,32.836
1768499909.7458777,39.482
1768499909.8482113,43.963
1768499909.950644,34.1
1768499910.0531068,50.528
1768499910.1588686,36.94
1768499910.261207,37.039
1768499910.3634877,45.61
1768499910.4656966,33.527
1768499910.5679748,40.148
1768499910.6703198,46.566
1768499910.7726538,34.396
1768499910.87495,40.861
1768499910.977269,49.976
1768499911.0825856,38.693
1768499911.1849217,39.307
1768499911.2873087,46.593
1768499911.3897288,34.396
1768499911.4922023,44.285
1768499911.5947328,39.876
1768499911.6969914,35.856
1768499911.799327,53.415
1768499911.9016898,38.102
1768499912.0069087,38.716
1768499912.1094236,46.326
1768499912.2122319,34.988
1768499912.3176842,47.38
1768499912.4216628,33.527
1768499912.5238702,40.641
1768499912.6261897,38.89
1768499912.7322252,36.349
1768499912.8346872,45.637
1768499912.937294,33.902
1768499913.0401511,47.155
1768499913.1428337,37.532
1768499913.24528,40.566
1768499913.3476095,40.491
1768499913.4503634,34.791
1768499913.5571399,34.297
1768499913.6593437,38.89
1768499913.761475,36.645
1768499913.8637457,39.262
1768499913.9661167,34.889
1768499914.0685096,48.925
1768499914.17075,36.349
1768499914.273417,37.729
1768499914.3757756,42.537
1768499914.4812877,34.297
1768499914.5835197,49.613
1768499914.685884,34.495
1768499914.7883675,40.369
1768499914.8908033,40.05
1768499914.9933813,35.58
1768499915.0957642,50.793
1768499915.1983397,33.113
1768499915.3048594,41.798
1768499915.4073017,39.012
1768499915.5097444,35.876
1768499915.6122432,46.818
1768499915.7147214,34.001
1768499915.8171012,45.413
1768499915.9197302,37.631
1768499916.0222447,39.087
1768499916.1289556,40.073
1768499916.231229,35.383
1768499916.3338034,47.479
1768499916.4379702,33.409
1768499916.540374,41.231
1768499916.6441426,34.199
1768499916.746398,35.185
1768499916.8523943,45.735
1768499916.9547908,36.25
1768499917.0571105,37.828
1768499917.1595223,44.751
1768499917.261899,33.329
1768499917.3641775,43.694
1768499917.4666667,38.716
1768499917.5690475,34.791
1768499917.6714027,47.675
1768499917.7775598,38.716
1768499917.8799174,44.554
1768499917.982185,33.804
1768499918.084393,45.118
1768499918.1866603,37.51
1768499918.2889385,36.645
1768499918.3912592,46.621
1768499918.4934916,33.033
1768499918.5957048,45.243
1768499918.7027617,38.814
1768499918.8050373,36.842
1768499918.9073808,38.518
1768499919.0097792,38.321
1768499919.1121867,42.979
1768499919.2145782,34.297
1768499919.3170235,48.59
1768499919.4193718,33.231
1768499919.5253327,39.482
1768499919.627764,41.724
1768499919.7301342,34.199
1768499919.8325183,44.456
1768499919.9350097,38.671
1768499920.0373402,36.271
1768499920.1396973,47.675
1768499920.242133,33.606
1768499920.344475,41.256
1768499920.4500997,48.688
1768499920.5524805,33.922
1768499920.654653,40.073
1768499920.7585015,42.413
1768499920.8608263,34.001
1768499920.9631903,42.315
1768499921.065577,46.298
1768499921.1679332,34.1
1768499921.2721653,41.231
1768499921.3747253,41.995
1768499921.476958,34.396
1768499921.5793288,42.807
1768499921.68224,43.201
1768499921.7846627,34.297
1768499921.887251,48.294
1768499921.9897492,37.412
1768499922.0922647,48.266
1768499922.200393,34.495
1768499922.3027632,48.266
1768499922.4049048,38.595
1768499922.5071177,37.631
1768499922.6093862,45.243
1768499922.711634,34.889
1768499922.8138802,51.284
1768499922.9161727,33.902
1768499923.0228002,41.527
1768499923.125132,41.28
1768499923.227358,35.954
1768499923.3297029,53.84
1768499923.4320192,35.481
1768499923.534328,39.087
1768499923.6367095,42.167
1768499923.7390184,34.889
1768499923.841479,45.413
1768499923.94657,33.902
1768499924.0489242,48.335
1768499924.151246,37.631
1768499924.2535408,38.518
1768499924.3558578,41.428
1768499924.4582453,34.396
1768499924.5611541,45.467
1768499924.6635501,33.329
1768499924.7659006,49.289
1768499924.8730106,33.033
1768499924.9829443,43.004
1768499925.086906,38.102
1768499925.1892755,35.658
1768499925.2948291,49.416
1768499925.398017,38.814
1768499925.5004132,36.546
1768499925.6028295,49.515
1768499925.7051764,33.902
1768499925.8075504,44.186
1768499925.9098997,39.284
1768499926.0125535,48.167
1768499926.1155956,34.001
1768499926.2203681,42.782
1768499926.322758,40.195
1768499926.425064,39.383
1768499926.5274777,42.29
1768499926.6305473,35.876
1768499926.7329078,33.508
1768499926.835204,51.481
1768499926.9376006,33.508
1768499927.0434356,41.256
1768499927.1458967,39.209
1768499927.248261,36.567
1768499927.3506594,43.767
1768499927.4531207,33.902
1768499927.5555263,43.767
1768499927.6579025,39.11
1768499927.7602122,35.481
1768499927.8625858,43.963
1768499927.968892,32.934
1768499928.0712807,41.946
1768499928.173613,40.739
1768499928.2760165,34.889
1768499928.3783026,51.972
1768499928.480747,38.617
1768499928.5831342,38.025
1768499928.6855037,47.184
1768499928.7884068,33.804
1768499928.8936324,42.807
1768499928.9961822,39.656
1768499929.0985684,35.383
1768499929.2009408,51.579
1768499929.3046532,38.025
1768499929.4071834,38.518
1768499929.5094974,45.341
1768499929.6119664,33.902
1768499929.71754,49.053
1768499929.8198788,32.836
1768499929.9222462,40.27
1768499930.024585,40.247
1768499930.126957,35.185
1768499930.22943,45.806
1768499930.33174,36.25
1768499930.4339356,38.025
1768499930.5362995,37.729
1768499930.6389878,37.039
1768499930.7449987,48.069
1768499930.8473349,38.223
1768499930.9496126,39.209
1768499931.0519636,43.274
1768499931.1542566,34.988
1768499931.2565212,46.397
1768499931.3589947,38.42
1768499931.4612682,37.729
1768499931.5675094,46.987
1768499931.6698868,33.606
1768499931.7722588,49.289
1768499931.8746388,33.902
1768499931.9768925,41.453
1768499932.0793564,41.453
1768499932.1817412,35.481
1768499932.284069,51.874
1768499932.3864808,33.033
1768499932.4925568,45.341
1768499932.5949793,38.223
1768499932.6972682,36.546
1768499932.7996802,46.03
1768499932.90196,33.626
1768499933.0042315,41.428
1768499933.1065333,42.833
1768499933.2090902,34.396
1768499933.311425,48.069
1768499933.4218192,38.617
1768499933.5242305,37.138
1768499933.626505,46.593
1768499933.7287388,34.1
1768499933.831066,42.881
1768499933.9333138,41.921
1768499934.0358675,35.185
1768499934.1406927,50.694
1768499934.2430072,35.954
1768499934.3453634,40.172
1768499934.4477012,43.865
1768499934.5501118,34.791
1768499934.6524088,46.79
1768499934.7548368,43.471
1768499934.8574038,37.708
1768499934.9635777,39.186
1768499935.0660095,39.998
1768499935.1684275,35.185
1768499935.270731,49.387
1768499935.373135,36.151
1768499935.4753728,39.186
1768499935.5776887,47.184
1768499935.6799762,38.2
1768499935.7821453,38.321
1768499935.8882656,44.849
1768499935.9907265,35.284
1768499936.093189,51.284
1768499936.1957753,33.508
1768499936.2981732,47.282
1768499936.4005353,35.284
1768499936.5033574,40.27
1768499936.6057296,40.936
1768499936.7118704,45.216
1768499936.814396,38.89
1768499936.9169774,36.94
1768499937.0195034,41.946
1768499937.1219492,32.934
1768499937.224531,47.155
1768499937.3270261,32.539
1768499937.4296184,46.227
1768499937.5394435,35.856
1768499937.6421454,36.842
1768499937.744753,41.527
1768499937.84713,33.329
1768499937.9495232,44.554
1768499938.052048,32.836
1768499938.1543608,39.482
1768499938.2602015,42.807
1768499938.3624344,34.1
1768499938.4648457,46.523
1768499938.5673292,38.146
1768499938.6696765,35.679
1768499938.7720232,49.938
1768499938.8744886,38.617
1768499938.9773204,48.196
1768499939.0794423,34.1
1768499939.181631,42.241
1768499939.287188,44.285
1768499939.3895643,34.889
1768499939.4919298,48.954
1768499939.5942993,39.58
1768499939.6967359,35.778
1768499939.7991483,53.906
1768499939.9015136,34.692
1768499940.0038426,38.693
1768499940.1063006,46.102
1768499940.2121933,34.396
1768499940.3145611,40.739
1768499940.4168684,45.118
1768499940.5193892,34.199
1768499940.6216767,44.777
1768499940.72411,39.998
1768499940.8263829,34.396
1768499940.9287488,47.352
1768499941.0311987,37.018
1768499941.1377614,38.124
1768499941.240129,47.085
1768499941.3424814,34.001
1768499941.4448657,42.512
1768499941.5473258,41.527
1768499941.650078,35.975
1768499941.7522962,49.908
1768499941.8559225,33.508
1768499941.9609313,39.58
1768499942.063261,47.184
1768499942.1657073,34.199
1768499942.2680297,44.849
1768499942.370476,41.133
1768499942.4727535,35.481
1768499942.575072,49.053
1768499942.6773455,38.025
1768499942.7799368,38.89
1768499942.885093,48.59
1768499942.9874666,34.396
1768499943.0899158,45.637
1768499943.19226,38.518
1768499943.2946541,37.138
1768499943.3970103,33.902
1768499943.499312,42.315
1768499943.6014311,38.868
1768499943.7038152,36.271
1768499943.8095436,43.004
1768499943.9118326,34.297
1768499944.0143592,52.299
1768499944.1171157,32.817
1768499944.2195656,40.739
1768499944.3220758,37.236
1768499944.4244397,38.518
1768499944.526953,42.118
1768499944.6293151,34.495
1768499944.7347405,45.762
1768499944.8371265,33.033
1768499944.939737,50.036
1768499945.042149,32.441
1768499945.1446607,41.625
1768499945.247522,39.679
1768499945.349965,35.679
1768499945.4523823,40.936
1768499945.55773,33.902
1768499945.6606028,48.63
1768499945.7630136,36.546
1768499945.8653104,37.729
1768499945.9679017,37.708
1768499946.070361,35.087
1768499946.1729853,44.751
1768499946.275476,33.033
1768499946.3779602,48.856
1768499946.4832022,32.144
1768499946.5855584,48.462
1768499946.6888998,32.046
1768499946.7914286,36.919
1768499946.8940973,34.889
1768499946.9966497,41.625
1768499947.0992475,33.606
1768499947.206199,44.16
1768499947.3088322,32.441
1768499947.4112449,39.876
1768499947.5139744,36.94
1768499947.6181095,42.216
1768499947.7205439,34.199
1768499947.8229005,46.227
1768499947.9292393,32.836
1768499948.0316296,42.709
1768499948.1341643,36.701
1768499948.2366252,36.842
1768499948.339009,41.798
1768499948.441586,34.001
1768499948.543921,44.456
1768499948.6467931,33.527
1768499948.7526698,45.341
1768499948.8552966,33.033
1768499948.9577885,49.81
1768499949.0603352,31.848
1768499949.1626842,42.61
1768499949.2649899,37.828
1768499949.3674881,36.447
1768499949.4700422,40.096
1768499949.5759506,34.889
1768499949.6784344,44.062
1768499949.7809904,32.737
1768499949.8838406,46.424
1768499949.9862351,31.947
1768499950.0887954,49.023
1768499950.1916087,32.144
1768499950.293989,41.551
1768499950.400701,37.51
1768499950.5031452,35.856
1768499950.6055546,40.542
1768499950.7078779,33.902
1768499950.810264,44.554
1768499950.9125407,32.934
1768499951.0148938,42.61
1768499951.1174223,37.06
1768499951.2239568,36.447
1768499951.326218,43.767
1768499951.4287167,33.508
1768499951.5313523,37.335
1768499951.6346648,36.645
1768499951.7369356,43.865
1768499951.8393314,33.705
1768499951.9415698,45.27
1768499952.0475163,36.645
1768499952.149819,37.335
1768499952.2520666,47.577
1768499952.3542917,33.508
1768499952.4566538,43.103
1768499952.5589201,37.412
1768499952.6612515,36.94
1768499952.7635622,46.326
1768499952.8660295,33.231
1768499952.9724674,41.921
1768499953.0748599,38.397
1768499953.1771922,38.42
1768499953.2797067,46.818
1768499953.3820722,33.606
1768499953.4843898,44.186
1768499953.5868456,37.215
1768499953.6892407,37.335
1768499953.7954063,40.195
1768499953.897938,35.185
1768499954.0004785,45.118
1768499954.1072056,32.934
1768499954.211234,47.212
1768499954.3134093,37.236
1768499954.418912,37.236
1768499954.5211864,42.906
1768499954.6234396,34.297
1768499954.7258756,50.301
1768499954.8281238,32.539
1768499954.9306448,42.044
1768499955.032973,37.653
1768499955.1353261,37.806
1768499955.2375789,43.471
1768499955.3437152,33.606
1768499955.4461064,49.544
1768499955.5484445,39.58
1768499955.6519444,38.496
1768499955.7542102,36.074
1768499955.8565395,45.315
1768499955.9588103,32.916
1768499956.0610027,42.216
1768499956.1668847,36.863
1768499956.2691243,37.236
1768499956.3713212,41.133
1768499956.4736326,35.087
1768499956.5759783,44.285
1768499956.678376,33.033
1768499956.7809112,32.342
1768499956.8832603,38.693
1768499956.9855757,42.807
1768499957.0918515,33.527
1768499957.1943316,43.741
1768499957.2966225,32.046
1768499957.3989422,43.398
1768499957.5013702,32.046
1768499957.6036794,47.409
1768499957.706014,34.495
1768499957.8088648,43.3
1768499957.9158041,36.546
1768499958.018268,36.172
1768499958.1205754,42.118
1768499958.2237277,33.527
1768499958.3260617,44.849
1768499958.4283843,35.284
1768499958.5307646,38.814
1768499958.6330528,40.073
1768499958.7400122,33.705
1768499958.8424056,43.792
1768499958.9447873,32.737
1768499959.0472486,46.227
1768499959.1495948,36.743
1768499959.2518952,36.94
1768499959.3543177,43.274
1768499959.4566045,33.409
1768499959.5632937,45.44
1768499959.6657534,38.89
1768499959.7681308,45.145
1768499959.870659,32.638
1768499959.972874,40.467
1768499960.0750043,39.974
1768499960.1772754,34.396
1768499960.2795699,49.515
1768499960.3817098,42.906
1768499960.4865994,33.804
1768499960.588941,44.482
1768499960.6911538,38.299
1768499960.793395,37.631
1768499960.8957686,46.692
1768499960.997996,34.001
1768499961.10032,45.243
1768499961.2026763,38.496
1768499961.3048825,38.124
1768499961.4111698,44.456
1768499961.513358,34.692
1768499961.6155717,49.741
1768499961.7177765,39.284
1768499961.820162,36.25
1768499961.9224877,51.874
1768499962.0247502,38.496
1768499962.1271546,38.102
1768499962.2293777,47.015
1768499962.335994,35.185
1768499962.4382439,50.596
1768499962.5408604,37.927
1768499962.6431272,37.039
1768499962.745386,50.535
1768499962.8476892,38.42
1768499962.9500647,36.94
1768499963.0522895,48.069
1768499963.154519,33.902
1768499963.2595313,53.677
1768499963.3619158,34.297
1768499963.464351,52.039
1768499963.5667436,32.342
1768499963.6691346,39.679
1768499963.7714636,37.708
1768499963.873895,40.763
1768499963.9763982,38.671
1768499964.0788982,34.791
1768499964.1848495,43.963
1768499964.2872515,41.059
1768499964.3906233,40.838
1768499964.4928014,33.508
1768499964.5951009,49.741
1768499964.6972694,37.729
1768499964.7994819,37.434
1768499964.9018178,46.424
1768499965.0039513,33.804
1768499965.108855,45.806
1768499965.211274,33.113
1768499965.313535,44.948
1768499965.415829,37.138
1768499965.5181508,37.806
1768499965.6204772,45.708
1768499965.7228763,33.705
1768499965.8252616,49.711
1768499965.9276676,34.001
1768499966.0328562,40.96
1768499966.1352277,38.2
1768499966.2375073,36.349
1768499966.3399637,47.409
1768499966.4422426,33.409
1768499966.544884,46.03
1768499966.647233,37.434
1768499966.749672,42.807
1768499966.8520682,34.495
1768499966.963323,43.274
1768499967.0656464,32.836
1768499967.1684828,43.497
1768499967.2710054,39.163
1768499967.3734145,34.297
1768499967.4757314,47.774
1768499967.5819297,35.876
1768499967.6842275,38.814
1768499967.7871222,44.652
1768499967.8895395,34.593
1768499967.9921072,40.467
1768499968.0945609,36.447
1768499968.1972697,42.413
1768499968.299738,34.001
1768499968.40667,32.836
1768499968.5094266,41.527
1768499968.6118112,39.284
1768499968.7139597,34.495
1768499968.8163264,48.63
1768499968.918469,33.014
1768499969.0207422,38.223
1768499969.123046,42.512
1768499969.2292705,34.1
1768499969.3315768,47.184
1768499969.4339707,36.743
1768499969.5363626,39.383
1768499969.6386425,36.032
1768499969.7408824,37.828
1768499969.8433216,40.05
1768499969.9457216,34.396
1768499970.0479872,47.479
1768499970.1526525,32.342
1768499970.2549965,39.58
1768499970.357396,42.143
1768499970.4599423,34.495
1768499970.5623252,48.335
1768499970.6645834,32.441
1768499970.7675285,40.345
1768499970.8697937,42.413
1768499970.972068,33.804
1768499971.0788763,48.659
1768499971.1886835,37.138
1768499971.290994,36.743
1768499971.3933454,46.593
1768499971.4956133,33.428
1768499971.600772,42.29
1768499971.7033849,38.496
1768499971.8060246,37.039
1768499971.9086156,40.369
1768499972.0109744,34.988
1768499972.1133788,48.659
1768499972.2158687,33.231
1768499972.3182614,43.523
1768499972.4241369,37.335
1768499972.5274882,47.38
1768499972.6297932,33.508
1768499972.7321308,45.27
1768499972.8342621,38.792
1768499972.936654,35.679
1768499973.0389051,44.652
1768499973.1410952,32.441
1768499973.2432566,48.138
1768499973.3495584,34.297
1768499973.4518635,38.025
1768499973.5542717,37.532
1768499973.6566284,43.201
1768499973.7590728,33.902
1768499973.8613875,48.757
1768499973.96369,39.133
1768499974.0660398,36.053
1768499974.1683624,46.593
1768499974.273837,36.25
1768499974.3761303,38.321
1768499974.4784741,47.999
1768499974.5808601,33.329
1768499974.6832867,40.641
1768499974.7857833,39.58
1768499974.8881624,36.546
1768499974.9905236,45.511
1768499975.092866,34.199
1768499975.199633,50.86
1768499975.30238,33.231
1768499975.4049673,40.566
1768499975.5072546,38.474
1768499975.6094997,37.532
1768499975.7118328,41.847
1768499975.8141222,36.447
1768499975.9163392,42.979
1768499976.0229495,35.087
1768499976.1252995,47.507
1768499976.227589,34.1
1768499976.3300033,47.999
1768499976.432462,33.132
1768499976.53475,45.145
1768499976.6385133,34.593
1768499976.7408504,38.913
1768499976.8464851,34.001
1768499976.9492671,45.145
1768499977.0515387,33.231
1768499977.1539316,48.364
1768499977.2562854,32.539
1768499977.358717,41.724
1768499977.4610038,36.842
1768499977.56339,39.58
1768499977.665727,37.587
1768499977.7714949,36.842
1768499977.8739526,40.96
1768499977.9763818,34.297
1768499978.0786777,45.494
1768499978.1812053,32.836
1768499978.2837894,41.65
1768499978.3861434,36.567
1768499978.4885128,38.223
1768499978.59458,35.165
1768499978.697005,41.034
1768499978.7992866,37.039
1768499978.9017735,40.566
1768499979.0043514,36.743
1768499979.1067517,43.57
1768499979.2097318,36.842
1768499979.3121502,40.861
1768499979.4192665,38.541
1768499979.5232966,35.58
1768499979.6257436,45.091
1768499979.7282593,33.606
1768499979.8305151,48.659
1768499979.9328117,36.151
1768499980.0350428,39.974
1768499980.1372828,41.428
1768499980.2439427,33.409
1768499980.3462052,46.621
1768499980.4485445,37.138
1768499980.550963,35.679
1768499980.653308,46.692
1768499980.7556689,36.349
1768499980.8580003,37.434
1768499980.960372,45.959
1768499981.066654,41.822
1768499981.1689289,41.256
1768499981.271088,34.396
1768499981.373296,44.429
1768499981.4754016,40.838
1768499981.577773,34.988
1768499981.680241,50.566
1768499981.7829204,38.397
1768499981.8855102,38.42
1768499981.9878354,42.709
1768499982.0932086,34.988
1768499982.1955676,47.675
1768499982.2978253,38.89
1768499982.4000926,36.546
1768499982.5025964,47.844
1768499982.6049569,33.508
1768499982.7073965,41.822
1768499982.809698,43.398
1768499982.9119594,34.593
1768499983.0185313,42.881
1768499983.1208746,41.059
1768499983.2235305,35.383
1768499983.3260279,48.138
1768499983.4283125,37.039
1768499983.53071,39.012
1768499983.6334052,43.497
1768499983.7358372,34.889
1768499983.8388789,48.04
1768499983.9466221,33.606
1768499984.0489185,46.523
1768499984.1513863,38.124
1768499984.2538052,38.321
1768499984.3563778,46.102
1768499984.4589396,34.495
1768499984.5613332,49.711
1768499984.6642299,34.672
1768499984.769383,38.124
1768499984.8718038,38.124
1768499984.974357,35.383
1768499985.076815,39.974
1768499985.1792316,35.58
1768499985.2815154,45.118
1768499985.3842556,37.631
1768499985.486638,37.434
1768499985.5889487,33.804
1768499985.6966128,44.974
1768499985.7990344,33.033
1768499985.9013095,43.865
1768499986.003898,38.343
1768499986.1063344,37.138
1768499986.2087374,42.216
1768499986.3109062,33.606
1768499986.4170468,47.675
1768499986.5193477,32.638
1768499986.6216235,40.664
1768499986.7239935,32.441
1768499986.826298,42.118
1768499986.9287639,33.508
1768499987.0311222,43.471
1768499987.1335762,34.199
1768499987.235937,40.172
1768499987.3416524,37.806
1768499987.4445279,36.94
1768499987.5468538,39.307
1768499987.649569,34.495
1768499987.7518446,45.708
1768499987.860254,32.144
1768499987.9660165,40.345
1768499988.068339,41.65
1768499988.1708057,34.1
1768499988.2732947,45.145
1768499988.375814,37.631
1768499988.4782062,36.842
1768499988.5805461,46.424
1768499988.6829252,33.606
1768499988.7894185,42.315
1768499988.8917046,37.927
1768499988.9941046,35.56
1768499989.0964878,47.057
1768499989.1989837,33.31
1768499989.30128,39.679
1768499989.4036791,41.551
1768499989.5059583,35.58
1768499989.608531,33.212
1768499989.7150474,40.885
1768499989.817406,40.172
1768499989.919573,36.151
1768499990.021913,46.861
1768499990.124319,33.212
1768499990.226653,39.209
1768499990.3289769,46.495
1768499990.431417,33.606
1768499990.537557,41.527
1768499990.6399837,42.192
1768499990.7424445,34.692
1768499990.8447106,49.348
1768499990.94715,38.518
1768499991.0494764,39.012
1768499991.151927,45.243
1768499991.2543988,34.593
1768499991.3608072,51.05
1768499991.46307,36.842
1768499991.565381,40.566
1768499991.6677017,46.762
1768499991.7699897,34.396
1768499991.8725634,43.694
1768499991.9754157,41.724
1768499992.077631,35.975
1768499992.1798894,50.959
1768499992.2852066,40.59
1768499992.387408,36.25
1768499992.4897623,53.152
1768499992.5923963,38.42
1768499992.694796,36.743
1768499992.7970831,48.364
1768499992.8993301,32.934
1768499993.0015423,41.059
1768499993.1038578,43.767
1768499993.2084012,34.791
1768499993.310866,44.724
1768499993.4131925,41.034
1768499993.5154848,34.889
1768499993.61786,50.664
1768499993.7203114,38.003
1768499993.8226206,37.236
1768499993.9248831,46.326
1768499994.027175,40.345
1768499994.1342463,42.512
1768499994.236549,34.199
1768499994.3390303,50.498
1768499994.4412482,32.539
1768499994.543598,40.444
1768499994.6459434,44.186
1768499994.7481692,33.902
1768499994.8504379,44.285
1768499994.9529302,41.872
1768499995.0576828,34.692
1768499995.1600425,50.331
1768499995.262369,37.215
1768499995.3646214,38.003
1768499995.4668593,44.876
1768499995.5692496,34.396
1768499995.671703,46.566
1768499995.7739956,39.087
1768499995.8764198,36.447
1768499995.982165,47.282
1768499996.0845315,33.508
1768499996.186956,43.57
1768499996.289311,38.025
1768499996.391646,36.94
1768499996.4947345,42.388
1768499996.5968978,34.297
1768499996.6990342,43.767
1768499996.8050666,38.102
1768499996.907397,39.383
1768499997.0097737,34.692
1768499997.1122344,46.495
1768499997.2145128,39.284
1768499997.3168504,34.988
1768499997.4192722,48.925
1768499997.521596,37.335
1768499997.6240287,37.631
1768499997.7300835,45.735
1768499997.832387,33.212
1768499997.934746,41.059
1768499998.0371537,38.42
1768499998.1395066,38.814
1768499998.2420037,38.792
1768499998.3442876,46.298
1768499998.4478498,34.593
1768499998.55337,47.549
1768499998.6557167,33.132
1768499998.7581184,43.497
1768499998.860523,37.905
1768499998.962931,37.631
1768499999.065401,42.192
1768499999.1676867,34.988
1768499999.2701187,49.377
1768499999.3723476,36.25
1768499999.4783175,38.693
1768499999.580771,39.087
1768499999.6832738,34.593
1768499999.7855465,46.129
1768499999.8880723,33.033
1768499999.9904215,43.373
1768500000.0928924,39.777
1768500000.195215,36.447
1768500000.297597,46.074
1768500000.4024665,33.705
1768500000.5050411,44.16
1768500000.6072738,39.58
1768500000.7096922,37.335
1768500000.8131745,44.948
1768500000.9153957,33.606
1768500001.0176282,50.105
1768500001.1201923,33.132
1768500001.2261593,40.172
1768500001.3285158,40.345
1768500001.4309123,35.778
1768500001.5332372,46.523
1768500001.6357253,34.001
1768500001.7380028,44.724
1768500001.8404818,38.518
1768500001.943055,36.447
1768500002.0455613,45.019
1768500002.1514878,33.31
1768500002.2541718,43.078
1768500002.356745,38.617
1768500002.4592488,35.876
1768500002.5616488,47.577
1768500002.6640968,41.847
1768500002.7670016,38.792
1768500002.869275,38.124
1768500002.9754412,45.905
1768500003.07804,34.199
1768500003.1804686,44.58
1768500003.2828836,39.801
1768500003.385286,36.645
1768500003.4877706,47.577
1768500003.5901594,38.42
1768500003.6925673,37.828
1768500003.797668,46.621
1768500003.900026,33.902
1768500004.0025656,47.647
1768500004.1050506,37.861
1768500004.2074926,36.447
1768500004.3098936,47.212
1768500004.4122512,32.916
1768500004.514508,39.209
1768500004.6168268,44.088
1768500004.722281,33.606
1768500004.8249109,50.006
1768500004.9272437,34.396
1768500005.0296557,40.073
1768500005.1334822,40.467
1768500005.2357814,34.988
1768500005.337954,49.544
1768500005.4402518,37.631
1768500005.542506,36.743
1768500005.6482313,46.523
1768500005.7505352,32.934
1768500005.852905,41.231
1768500005.9552813,37.905
1768500006.0580442,37.631
1768500006.1605527,43.03
1768500006.2629526,35.087
1768500006.3652127,52.401
1768500006.4715295,33.31
1768500006.5742624,42.979
1768500006.6766112,38.003
1768500006.7791276,50.762
1768500006.881373,34.396
1768500006.9837554,34.495
1768500007.0861125,41.946
1768500007.1883423,37.729
1768500007.294431,39.679
1768500007.3969548,38.989
1768500007.4993918,36.546
1768500007.6017284,47.155
1768500007.7041364,33.033
1768500007.8065515,43.595
1768500007.909032,36.743
1768500008.0115507,38.321
1768500008.1139224,42.585
1768500008.2194111,34.297
1768500008.3216608,49.446
1768500008.4240036,37.729
1768500008.5262556,37.631
1768500008.6286519,43.471
1768500008.731023,34.1
1768500008.833389,49.741
1768500008.9362857,32.836
1768500009.0387194,42.807
1768500009.1443908,37.018
1768500009.2471414,38.617
1768500009.3511624,38.08
1768500009.4534328,36.842
1768500009.5557623,43.865
1768500009.6579852,34.1
1768500009.7603233,44.679
1768500009.8626692,33.014
1768500009.9680026,35.481
1768500010.0702782,32.342
1768500010.1726453,47.802
1768500010.2749712,32.638
1768500010.3772767,43.668
1768500010.4797096,33.212
1768500010.5821784,49.053
1768500010.6845624,32.737
1768500010.7870703,40.96
1768500010.8930037,37.905
1768500010.995588,36.468
1768500011.0980363,42.512
1768500011.2006717,34.1
1768500011.3032186,36.349
1768500011.4065688,36.743
1768500011.50895,45.932
1768500011.6114783,33.409
1768500011.7165377,40.763
1768500011.819231,42.833
1768500011.9216287,35.856
1768500012.0243995,47.507
1768500012.1266859,33.31
1768500012.229302,39.777
1768500012.331579,45.905
1768500012.434228,34.396
1768500012.536623,46.692
1768500012.6425138,39.632
1768500012.7448893,35.679
1768500012.8472488,53.316
1768500012.9497309,38.321
1768500013.0521824,38.223
1768500013.1547825,48.069
1768500013.2570744,34.199
1768500013.359565,42.833
1768500013.4662342,39.951
1768500013.5686336,36.25
1768500013.6708758,51.579
1768500013.7733483,37.905
1768500013.8770752,38.299
1768500013.9792674,44.751
1768500014.0817523,34.889
1768500014.1841505,45.315
1768500014.2909746,33.902
1768500014.3934908,41.157
1768500014.4958,43.078
1768500014.5982387,34.495
1768500014.7006955,48.827
1768500014.8030913,38.003
1768500014.9055643,37.434
1768500015.0079503,47.999
1768500015.1102905,33.409
1768500015.2166176,43.595
1768500015.3189383,40.542
1768500015.4214694,34.396
1768500015.5239718,49.249
1768500015.6263428,37.236
1768500015.72863,43.398
1768500015.8309145,33.902
1768500015.9333103,45.637
1768500016.0356045,33.132
1768500016.1411047,43.989
1768500016.2435224,38.42
1768500016.3460057,36.151
1768500016.4485028,42.438
1768500016.5508335,34.001
1768500016.6531503,49.869
1768500016.75552,36.743
1768500016.8578198,45.019
1768500016.9602284,33.329
1768500017.062738,45.538
1768500017.1677146,38.102
1768500017.2700906,37.039
1768500017.372527,45.932
1768500017.4749146,33.31
1768500017.57727,43.57
1768500017.6794875,38.397
1768500017.7820797,39.482
1768500017.8844466,32.243
1768500017.9873006,42.216
1768500018.0928833,38.299
1768500018.1952941,38.792
1768500018.2977352,39.777
1768500018.401601,35.876
1768500018.5040107,41.527
1768500018.6062906,35.383
1768500018.708689,44.186
1768500018.811206,33.606
1768500018.9164903,45.44
1768500019.0188813,31.947
1768500019.1211433,40.566
1768500019.2238836,39.087
1768500019.3263228,35.757
1768500019.4289088,38.08
1768500019.5314393,36.074
1768500019.6337686,45.216
1768500019.7363021,32.836
1768500019.842036,40.148
1768500019.9444175,38.541
1768500020.046887,36.842
1768500020.1494138,34.199
1768500020.2517815,49.249
1768500020.354055,32.737
1768500020.4564073,42.709
1768500020.558716,36.25
1768500020.664091,39.383
1768500020.766485,39.974
1768500020.8689497,34.593
1768500020.9714425,44.876
1768500021.0739095,33.231
1768500021.176242,46.719
1768500021.279014,32.441
1768500021.381731,38.299
1768500021.484205,41.625
1768500021.5898414,33.428
1768500021.692364,46.495
1768500021.7948585,36.842
1768500021.8971977,36.349
1768500022.000378,43.792
1768500022.1029298,33.606
1768500022.2052867,50.793
1768500022.3075507,37.751
1768500022.41381,36.546
1768500022.5170414,45.681
1768500022.6194227,32.817
1768500022.7217476,38.693
1768500022.8241446,43.963
1768500022.9265313,34.199
1768500023.0292366,47.577
1768500023.1316905,38.617
1768500023.2339869,37.039
1768500023.3385649,47.774
1768500023.4415586,33.409
1768500023.5439982,39.284
1768500023.6462986,45.189
1768500023.7488284,33.902
1768500023.8512297,52.562
1768500023.9536045,37.905
1768500024.0559435,39.505
1768500024.1621237,47.479
1768500024.264538,34.1
1768500024.3669,43.865
1768500024.4691958,36.074
1768500024.5714715,50.83
1768500024.6737015,33.31
1768500024.775899,42.143
1768500024.878267,39.853
1768500024.9805555,35.975
1768500025.0861504,47.942
1768500025.1885638,33.606
1768500025.290848,38.595
1768500025.39324,44.921
1768500025.4955502,34.1
1768500025.5979803,41.822
1768500025.7002654,47.844
1768500025.802628,33.409
1768500025.904941,41.847
1768500026.0106926,39.307
1768500026.112921,36.743
1768500026.2152166,46.369
1768500026.317587,33.033
1768500026.4199276,38.518
1768500026.522219,38.397
1768500026.6246128,35.481
1768500026.7270575,36.567
1768500026.8330686,42.512
1768500026.9374723,37.609
1768500027.0399272,36.546
1768500027.142122,44.6
1768500027.2444758,33.033
1768500027.3468482,46.959
1768500027.449041,38.496
1768500027.5514028,34.889
1768500027.6538126,45.44
1768500027.7561183,33.31
1768500027.8623471,44.482
1768500027.9646719,36.546
1768500028.067387,38.89
1768500028.1696715,38.572
1768500028.2719328,35.481
1768500028.3741882,44.777
1768500028.4764802,33.113
1768500028.578911,47.45
1768500028.6812694,36.546
1768500028.7835522,36.645
1768500028.888802,43.891
1768500028.9912379,34.495
1768500029.093628,37.215
1768500029.1967864,37.631
1768500029.2991078,45.708
1768500029.4013112,33.606
1768500029.5034194,41.527
1768500029.6055527,38.223
1768500029.707764,37.828
1768500029.813841,45.806
1768500029.9161456,33.508
1768500030.018695,42.315
1768500030.1211107,39.065
1768500030.2233293,35.679
1768500030.32572,49.122
1768500030.427982,38.025
1768500030.5302796,38.617
1768500030.6325607,47.015
1768500030.738401,33.508
1768500030.840904,40.542
1768500030.943153,47.942
1768500031.045414,33.804
1768500031.147826,44.259
1768500031.2508347,34.968
1768500031.3532841,42.388
1768500031.4564989,40.566
1768500031.562521,36.349
1768500031.6648173,48.954
1768500031.7671087,33.705
1768500031.8695822,43.471
1768500031.9719968,39.777
1768500032.0743313,37.729
1768500032.1766205,44.088
1768500032.2790475,34.495
1768500032.3813646,49.318
1768500032.486895,37.039
1768500032.589301,37.039
1768500032.6917498,44.751
1768500032.7940755,33.508
1768500032.896507,44.849
1768500032.9990437,38.518
1768500033.1014624,36.94
1768500033.2039435,45.834
1768500033.3109381,34.396
1768500033.4133625,33.033
1768500033.5158644,41.33
1768500033.6185637,41.921
1768500033.7207286,35.461
1768500033.8230295,46.888
1768500033.9251196,33.804
1768500034.0273519,47.254
1768500034.1335027,33.705
1768500034.2360716,45.735
1768500034.3384893,37.215
1768500034.440923,37.335
1768500034.5433931,40.467
1768500034.645774,31.552
1768500034.7481353,40.664
1768500034.8506074,39.505
1768500034.9528382,34.692
1768500035.0584967,43.497
1768500035.1610594,33.527
1768500035.2632556,46.129
1768500035.3656895,38.42
1768500035.468411,35.185
1768500035.5710828,44.16
1768500035.6752255,32.441
1768500035.7774785,38.792
1768500035.8829865,44.849
1768500035.9857805,33.804
1768500036.0881386,44.16
1768500036.1904225,37.609
1768500036.292792,36.94
1768500036.395333,43.398
1768500036.4976554,42.709
1768500036.5999641,38.496
1768500036.706495,36.743
1768500036.809021,33.508
1768500036.9113624,47.577
1768500037.013808,37.236
1768500037.1164038,40.369
1768500037.2189152,39.239
1768500037.321287,35.56
1768500037.4237494,49.946
1768500037.5295897,42.216
1768500037.6334054,39.974
1768500037.7355957,35.383
1768500037.837904,48.63
1768500037.9401257,36.842
1768500038.0423582,41.034
1768500038.1447606,38.518
1768500038.247192,35.679
1768500038.3497481,36.645
1768500038.4552643,42.216
1768500038.5577629,36.447
1768500038.6602798,40.345
1768500038.7629037,38.792
1768500038.8653448,35.185
1768500038.9675963,45.735
1768500039.0700307,33.606
1768500039.172336,37.434
1768500039.2794254,35.56
1768500039.381832,43.078
1768500039.484532,33.033
1768500039.5870628,44.948
1768500039.6936684,36.468
1768500039.7968547,40.073
1768500039.9026613,37.905
1768500040.0050852,36.25
1768500040.1073382,42.585
1768500040.2098258,34.1
1768500040.3122196,46.959
1768500040.4146802,32.737
1768500040.5171287,42.019
1768500040.619722,37.828
1768500040.7266796,35.284
1768500040.8290977,42.61
1768500040.9316063,32.934
1768500041.033943,44.16
1768500041.1363585,32.638
1768500041.238788,44.259
1768500041.3413012,37.434
1768500041.4437294,34.791
1768500041.5508816,36.82
1768500041.653093,39.284
1768500041.7554095,43.767
1768500041.857635,34.1
1768500041.9598408,49.22
1768500042.0621135,33.033
1768500042.1643097,40.27
1768500042.266669,41.503
1768500042.3689804,34.297
1768500042.4738078,49.839
1768500042.5762587,34.495
1768500042.6787293,38.913
1768500042.7811682,39.998
1768500042.883528,34.988
1768500042.986021,48.364
1768500043.0884798,33.409
1768500043.1907756,47.085
1768500043.2933471,37.236
1768500043.3993042,36.94
1768500043.5015488,44.849
1768500043.6039567,33.329
1768500043.7061596,44.383
1768500043.8086116,38.662
1768500043.9113998,35.58
1768500044.0136497,46.129
1768500044.1158683,33.527
1768500044.2182474,48.266
1768500044.3242297,37.927
1768500044.4265523,37.729
1768500044.5289862,41.822
1768500044.6313899,34.1
1768500044.7340174,48.925
1768500044.8365405,33.033
1768500044.938765,37.729
1768500045.0411706,44.679
1768500045.1475449,33.705
1768500045.2499394,45.046
1768500045.3523817,36.25
1768500045.454851,36.25
1768500045.5571728,45.61
1768500045.6595244,33.606
1768500045.7619796,39.284
1768500045.8642907,43.004
1768500045.9668324,34.199
1768500046.0724788,33.231
1768500046.1746783,41.034
1768500046.2770276,42.216
1768500046.3792803,34.692
1768500046.4814842,45.637
1768500046.583671,34.199
1768500046.685854,40.247
1768500046.7882524,38.124
1768500046.8905137,43.963
1768500046.9962358,34.988
1768500047.0986648,45.806
1768500047.2011662,34.199
1768500047.3037193,46.987
1768500047.4062517,32.737
1768500047.5085964,41.921
1768500047.6109388,37.138
1768500047.713372,36.743
1768500047.8158045,42.216
1768500047.9225912,36.743
1768500048.0251884,37.729
1768500048.1300426,38.42
1768500048.2340214,39.012
1768500048.3364203,35.087
1768500048.438851,44.849
1768500048.54513,32.539
1768500048.6476018,47.184
1768500048.7500837,32.638
1768500048.8525255,46.397
1768500048.9549499,32.144
1768500049.0573473,41.551
1768500049.1601179,36.447
1768500049.2623878,37.708
1768500049.3692236,37.138
1768500049.471958,35.658
1768500049.5745003,41.034
1768500049.6768508,33.804
1768500049.7791154,44.383
1768500049.8816109,33.231
1768500049.9840033,48.266
1768500050.0866082,32.441
1768500050.1930583,33.508
1768500050.2955494,41.33
1768500050.3978107,35.185
1768500050.5000412,43.595
1768500050.6027532,33.902
1768500050.7050672,44.331
1768500050.8073752,32.934
1768500050.9097614,46.424
1768500051.0121431,32.342
1768500051.1168747,42.906
1768500051.2195222,37.434
1768500051.3219218,37.532
1768500051.4243798,42.216
1768500051.5268734,33.231
1768500051.629294,45.708
1768500051.7317889,32.046
1768500051.83419,40.641
1768500051.9364872,38.89
1768500052.0424788,36.842
1768500052.1451023,40.172
1768500052.2476373,34.495
1768500052.3510692,47.577
1768500052.4532921,32.62
1768500052.5557804,40.345
1768500052.658128,38.693
1768500052.7604733,34.889
1768500052.866395,44.233
1768500052.9689662,33.231
1768500053.0713792,49.613
1768500053.1740963,32.441
1768500053.2767107,43.398
1768500053.3791575,37.51
1768500053.4815035,34.988
1768500053.583881,51.646
1768500053.6899424,33.409
1768500053.792344,38.792
1768500053.8948472,43.201
1768500053.997622,34.297
1768500054.100619,46.495
1768500054.2030392,37.313
1768500054.3054066,40.369
1768500054.407871,36.25
1768500054.5152512,47.029
1768500054.6177447,34.396
1768500054.719996,45.243
1768500054.8226666,39.876
1768500054.9251192,37.532
1768500055.0276423,48.856
1768500055.1298773,34.199
1768500055.232112,43.839
1768500055.3372426,37.653
1768500055.4399264,36.447
1768500055.5422277,44.724
1768500055.6448226,33.329
1768500055.747155,39.087
1768500055.849756,41.231
1768500055.9526553,35.58
1768500056.0551982,47.212
1768500056.1618738,33.705
1768500056.2642112,42.118
1768500056.3671227,39.482
1768500056.4694116,36.842
1768500056.5717657,44.652
1768500056.6739185,34.1
1768500056.7768576,32.521
1768500056.87912,44.626
1768500056.9859276,33.014
1768500057.088251,39.58
1768500057.1905532,41.724
1768500057.292999,34.495
1768500057.3952708,48.266
1768500057.4975643,37.729
1768500057.5999396,38.124
1768500057.7022815,43.497
1768500057.8048046,34.396
1768500057.9099488,43.767
1768500058.0122538,33.902
1768500058.1145148,44.921
1768500058.2169235,32.817
1768500058.3191414,43.176
1768500058.4216318,38.595
1768500058.524065,36.94
1768500058.6263661,41.896
1768500058.7287338,48.532
1768500058.8361542,32.638
1768500058.9384818,46.298
1768500059.0408733,36.94
1768500059.1431267,37.806
1768500059.2456076,43.57
1768500059.3480403,33.409
1768500059.4503152,46.129
1768500059.5525513,32.342
1768500059.6585321,33.132
1768500059.7608979,43.471
1768500059.8633657,33.804
1768500059.965737,48.069
1768500060.0681698,37.236
1768500060.1711824,38.102
1768500060.2735453,43.3
1768500060.3758438,33.033
1768500060.481979,44.16
1768500060.5844176,38.102
1768500060.6867108,37.631
1768500060.7891045,39.087
1768500060.8929482,35.383
1768500060.995203,45.118
1768500061.0976298,32.539
1768500061.1998172,41.034
1768500061.3063204,38.102
1768500061.4086475,35.481
1768500061.5108838,44.849
1768500061.6133115,33.113
1768500061.715631,49.446
1768500061.8178804,32.539
1768500061.9202137,40.861
1768500062.0225685,38.146
1768500062.124876,35.679
1768500062.230674,46.03
1768500062.333121,33.132
1768500062.435477,43.274
1768500062.5377445,37.335
1768500062.6401963,37.828
1768500062.742544,43.078
1768500062.8449442,34.495
1768500062.9472785,33.705
1768500063.0499415,50.006
1768500063.1552496,37.313
1768500063.2574983,36.25
1768500063.359907,46.102
1768500063.4621713,33.508
1768500063.5644891,39.58
1768500063.6669543,45.118
1768500063.7692833,34.396
1768500063.871671,43.57
1768500063.974006,39.383
1768500064.0791738,37.335
1768500064.1814675,43.176
1768500064.2839541,35.856
1768500064.3864226,47.212
1768500064.4888227,33.804
1768500064.5910842,42.881
1768500064.6933694,38.814
1768500064.7963243,36.645
1768500064.9033813,46.369
1768500065.005829,34.1
1768500065.109231,50.634
1768500065.2115357,32.737
1768500065.3138175,39.284
1768500065.4161372,43.3
1768500065.5184112,33.804
1768500065.6207833,42.388
1768500065.72688,38.913
1768500065.829244,36.94
1768500065.931656,45.145
1768500066.0340843,34.495
1768500066.136528,45.315
1768500066.2389216,34.297
1768500066.3414123,50.006
1768500066.4437885,33.132
1768500066.5498242,47.043
1768500066.652326,34.1
1768500066.7549498,38.792
1768500066.857351,43.103
1768500066.9597924,38.89
1768500067.0620527,39.679
1768500067.1645389,38.989
1768500067.2676299,38.124
1768500067.3733706,34.593
1768500067.4756713,44.679
1768500067.5779614,32.836
1768500067.680253,46.916
1768500067.7825236,32.046
1768500067.8849556,47.872
1768500067.9874713,33.31
1768500068.0899382,44.849
1768500068.192513,37.039
1768500068.2987695,39.482
1768500068.4013205,38.124
1768500068.5038013,35.383
1768500068.6066334,39.36
1768500068.7090783,34.396
1768500068.8114755,40.073
1768500068.9140797,35.658
1768500069.0196576,40.566
1768500069.1225572,34.889
1768500069.224921,42.709
1768500069.3287973,33.902
1768500069.4312527,44.876
1768500069.5335176,32.638
1768500069.6365511,43.446
1768500069.7391803,32.934
1768500069.8416574,43.595
1768500069.9477694,32.539
1768500070.0501707,39.754
1768500070.1524987,36.842
1768500070.2549624,36.743
1768500070.357555,37.236
1768500070.4601796,38.716
1768500070.5627208,35.087
1768500070.6651406,41.995
1768500070.7720718,32.934
1768500070.8748827,45.44
1768500070.9774241,32.737
1768500071.079933,48.728
1768500071.1825025,32.836
1768500071.2849467,35.954
1768500071.388858,40.073
1768500071.4911358,37.905
1768500071.5968802,37.138
1768500071.6994095,43.274
1768500071.8018417,33.31
1768500071.9041092,47.113
1768500072.0064702,37.708
1768500072.1089928,37.434
1768500072.2114222,44.849
1768500072.3137617,33.329
1768500072.4161303,40.96
1768500072.521975,40.566
1768500072.6243546,34.495
1768500072.726772,50.006
1768500072.8292303,37.236
1768500072.9318807,38.223
1768500073.0347552,43.694
1768500073.137283,34.889
1768500073.2398765,45.905
1768500073.348666,34.396
1768500073.4511597,49.976
1768500073.5535257,34.495
1768500073.6561542,40.073
1768500073.7586715,40.542
1768500073.8608882,35.087
1768500073.9631524,49.122
1768500074.0654767,33.113
1768500074.1706326,43.767
1768500074.2731133,38.42
1768500074.3757598,36.151
1768500074.4779837,46.102
1768500074.5802891,33.31
1768500074.6826053,42.118
1768500074.7851124,39.186
1768500074.8873608,35.087
1768500074.9897368,48.63
1768500075.0966413,34.495
1768500075.1990743,41.231
1768500075.3017538,37.905
1768500075.404104,35.185
1768500075.5067842,39.186
1768500075.6104202,36.546
1768500075.7127774,50.075
1768500075.8150475,34.889
1768500075.9204695,40.073
1768500076.0228388,46.397
1768500076.1255076,34.692
1768500076.2278473,44.974
1768500076.3301988,41.428
1768500076.432506,36.546
1768500076.5350466,50.339
1768500076.637256,37.729
1768500076.7450585,40.444
1768500076.8474424,35.362
1768500076.949764,51.843
1768500077.0519533,36.94
1768500077.1543527,40.936
1768500077.2607155,38.146
1768500077.3684845,37.236
1768500077.4717922,42.192
1768500077.5740716,34.889
1768500077.6767244,45.735
1768500077.7791357,33.409
1768500077.8814247,47.647
1768500077.9838758,32.836
1768500078.0863798,42.216
1768500078.1910653,37.357
1768500078.2933831,36.546
1768500078.3961048,44.259
1768500078.49867,33.902
1768500078.6010528,43.373
1768500078.7035618,32.737
1768500078.805847,46.102
1768500078.9082913,32.718
1768500079.0152216,40.172
1768500079.1176412,37.039
1768500079.2200754,37.905
1768500079.3224807,37.138
1768500079.424818,40.739
1768500079.5281482,34.791
1768500079.6303413,42.192
1768500079.7325969,34.396
1768500079.8385172,42.315
1768500079.9410062,33.508
1768500080.0434785,44.429
1768500080.1458826,33.329
1768500080.24826,44.456
1768500080.3506527,32.737
1768500080.4529722,47.282
1768500080.5555735,32.243
1768500080.6580458,42.512
1768500080.7632976,37.236
1768500080.8656678,36.25
1768500080.9679828,42.019
1768500081.0704799,33.31
1768500081.1732569,43.792
1768500081.2758834,32.737
1768500081.3798192,48.138
1768500081.482036,37.313
1768500081.5878448,36.842
1768500081.690314,42.906
1768500081.7925916,33.705
1768500081.8950357,48.364
1768500081.9973972,37.335
1768500082.0999303,38.223
1768500082.2023275,38.277
1768500082.304596,35.383
1768500082.4070332,46.326
1768500082.5129669,33.231
1768500082.6153882,44.554
1768500082.7177258,39.899
1768500082.8200474,35.679
1768500082.9223027,45.637
1768500083.0246735,33.31
1768500083.1270423,40.172
1768500083.2295175,39.284
1768500083.3359542,34.968
1768500083.4383237,48.532
1768500083.5407557,33.329
1768500083.6431987,39.853
1768500083.7464697,36.546
1768500083.8488226,45.315
1768500083.9510176,34.001
1768500084.0533035,47.802
1768500084.159338,38.124
1768500084.2619164,38.617
1768500084.3642497,44.062
1768500084.4666417,33.902
1768500084.5691185,45.046
1768500084.6715088,42.979
1768500084.7740316,32.916
1768500084.8764684,39.777
1768500084.9825077,41.625
1768500085.0847504,34.495
1768500085.1870565,49.583
1768500085.290059,38.321
1768500085.392399,36.645
1768500085.4966738,46.888
1768500085.5989566,33.409
1768500085.7012365,38.913
1768500085.8075082,48.561
1768500085.9098372,33.508
1768500086.0121086,44.777
1768500086.1144955,39.459
1768500086.21675,37.335
1768500086.3191946,47.155
1768500086.4216313,33.31
1768500086.5238779,43.963
1768500086.626198,39.307
1768500086.730916,37.434
1768500086.8333042,34.593
1768500086.9357338,47.113
1768500087.0379689,39.163
1768500087.1402981,36.447
1768500087.2426734,48.896
1768500087.3450658,37.313
1768500087.4473472,35.481
1768500087.549787,48.196
1768500087.6551564,39.482
1768500087.7575054,36.546
1768500087.859853,47.647
1768500087.9622867,37.631
1768500088.065258,47.704
1768500088.1676455,34.791
1768500088.2702818,47.184
1768500088.3725448,39.186
1768500088.4788263,38.397
1768500088.581239,46.495
1768500088.683713,34.593
1768500088.7859583,48.532
1768500088.888531,38.518
1768500088.9909968,38.792
1768500089.0933275,42.512
1768500089.1957388,36.447
1768500089.2980876,45.637
1768500089.4036846,33.508
1768500089.5063562,46.452
1768500089.608759,39.012
1768500089.7140837,36.447
1768500089.8183284,44.456
1768500089.9205961,33.508
1768500090.0275235,47.844
1768500090.130046,35.757
1768500090.2323303,39.482
1768500090.3347824,41.724
1768500090.4376507,34.001
1768500090.5401945,48.433
1768500090.642699,37.729
1768500090.7449503,37.335
1768500090.850558,47.479
1768500090.9529288,34.297
1768500091.0555375,51.352
1768500091.1578844,33.508
1768500091.2602553,47.38
1768500091.36263,33.31
1768500091.4650962,40.763
1768500091.5674155,41.01
1768500091.6743772,35.481
1768500091.7766776,50.793
1768500091.8790984,39.876
1768500091.982292,41.921
1768500092.084516,35.284
1768500092.1866972,46.888
1768500092.2889583,34.1
1768500092.391197,43.274
1768500092.4982026,35.481
1768500092.6005821,45.145
1768500092.7029548,33.409
1768500092.805296,45.834
1768500092.9077404,37.236
1768500093.010082,37.434
1768500093.1124597,43.694
1768500093.2147503,34.791
1768500093.3175962,50.203
1768500093.421688,33.508
1768500093.5264046,38.89
1768500093.6288636,38.124
1768500093.7313342,34.791
1768500093.8335805,47.774
1768500093.9358683,35.658
1768500094.0382483,38.989
1768500094.1406827,38.299
1768500094.2465758,35.757
1768500094.348845,45.538
1768500094.451137,33.014
1768500094.5535154,41.724
1768500094.655901,38.397
1768500094.758274,34.593
1768500094.8606834,47.085
1768500094.963243,31.929
1768500095.065672,38.124
1768500095.172597,39.58
1768500095.274983,35.954
1768500095.3773377,44.921
1768500095.4795983,33.033
1768500095.5819318,40.664
1768500095.6843147,40.664
1768500095.7865956,34.593
1768500095.888987,48.63
1768500095.9943078,37.236
1768500096.096547,36.645
1768500096.199129,33.606
1768500096.301881,46.523
1768500096.4041421,32.441
1768500096.5063725,49.515
1768500096.6086297,32.836
1768500096.7107933,39.801
1768500096.8130944,35.284
1768500096.9184382,47.647
1768500097.020809,34.297
1768500097.1232715,38.42
1768500097.2256904,40.172
1768500097.3280075,35.954
1768500097.4304304,43.865
1768500097.5328836,34.297
1768500097.6354387,45.511
1768500097.737916,33.508
1768500097.8437128,48.208
1768500097.949704,36.546
1768500098.0537791,36.546
1768500098.1562076,41.946
1768500098.2585008,34.297
1768500098.360829,46.03
1768500098.4665802,32.836
1768500098.568869,44.751
1768500098.6712532,34.593
1768500098.7737458,39.876
1768500098.8760884,37.828
1768500098.9783986,37.357
1768500099.0808322,43.865
1768500099.1831136,36.722
1768500099.285608,38.792
1768500099.3904696,37.729
1768500099.4928794,40.345
1768500099.5952716,35.185
1768500099.6975825,46.424
1768500099.800033,32.934
1768500099.902568,42.807
1768500100.004974,36.349
1768500100.1073406,39.777
1768500100.2096264,37.236
1768500100.315764,36.447
1768500100.4181774,32.836
1768500100.521055,42.019
1768500100.6232085,40.148
1768500100.7254813,34.593
1768500100.8278024,48.237
1768500100.9300334,32.441
1768500101.032156,41.133
1768500101.1345499,37.335
1768500101.2404642,35.876
1768500101.3429625,45.118
1768500101.4453077,33.033
1768500101.547846,43.103
1768500101.650181,37.708
1768500101.7526634,36.447
1768500101.8550155,45.511
1768500101.9572659,33.033
1768500102.0597315,43.274
1768500102.1706672,37.828
1768500102.272903,35.778
1768500102.3751562,43.865
1768500102.4773521,32.836
1768500102.5796316,42.61
1768500102.6819692,38.397
1768500102.7876544,35.481
1768500102.8899508,45.189
1768500102.9925618,32.539
1768500103.0949745,39.777
1768500103.1975331,37.018
1768500103.3000824,38.321
1768500103.4024851,41.034
1768500103.5048776,34.1
1768500103.6073186,46.692
1768500103.7123652,33.033
1768500103.814782,44.948
1768500103.9171743,32.638
1768500104.0195136,40.664
1768500104.121747,40.247
1768500104.2240894,35.185
1768500104.3265483,44.849
1768500104.4289293,33.508
1768500104.5313246,45.538
1768500104.636146,36.94
1768500104.7396529,44.456
1768500104.8418202,33.705
1768500104.9440458,47.212
1768500105.0463152,39.284
1768500105.1485908,35.58
1768500105.251057,46.523
1768500105.3532927,32.539
1768500105.4555776,38.792
1768500105.560476,43.891
1768500105.6629138,33.705
1768500105.765508,42.782
1768500105.8679063,41.724
1768500105.9702837,36.842
1768500106.0726278,47.31
1768500106.1751328,33.409
1768500106.2774754,41.625
1768500106.3802516,42.216
1768500106.4858954,37.532
1768500106.5881226,44.948
1768500106.6915288,34.889
1768500106.7958245,33.113
1768500106.898291,42.044
1768500107.0007036,38.89
1768500107.1031084,36.172
1768500107.2088954,45.932
1768500107.311188,34.199
1768500107.4136095,49.377
1768500107.5161736,35.954
1768500107.618791,39.679
1768500107.7211983,39.679
1768500107.8235705,35.383
1768500107.9259033,45.511
1768500108.0283346,33.113
1768500108.1334813,45.216
1768500108.2358813,32.836
1768500108.3382816,47.282
1768500108.440827,36.053
1768500108.5434446,38.814
1768500108.6459165,37.335
1768500108.7482634,36.447
1768500108.8506575,39.801
1768500108.953423,34.495
1768500109.0588207,33.212
1768500109.1614995,43.078
1768500109.2637954,32.934
1768500109.3662496,43.3
1768500109.4684825,36.722
1768500109.5707066,32.539
1768500109.67293,44.554
1768500109.775032,32.737
1768500109.8772295,48.462
1768500109.9795268,36.743
1768500110.0845814,37.039
1768500110.1869497,38.837
1768500110.2893283,34.988
1768500110.391642,42.979
1768500110.493904,33.033
1768500110.596294,44.062
1768500110.6986628,37.138
1768500110.8010602,40.294
1768500110.903592,39.853
1768500111.0105138,35.087
1768500111.1134896,44.948
1768500111.2159233,33.231
1768500111.3182635,49.515
1768500111.4208436,37.609
1768500111.523134,35.087
1768500111.6255007,48.856
1768500111.7278423,38.42
1768500111.8342052,37.039
1768500111.93676,45.118
1768500112.038907,34.1
1768500112.141215,50.922
1768500112.2435014,33.409
1768500112.345875,43.471
1768500112.448124,39.186
1768500112.550729,36.842
1768500112.6531892,45.637
1768500112.7578986,34.1
1768500112.860411,45.243
1768500112.962796,37.313
1768500113.0650573,37.806
1768500113.167348,44.456
1768500113.269622,34.495
1768500113.3721159,51.61
1768500113.4744055,32.737
1768500113.5767994,39.754
1768500113.6819873,35.284
1768500113.784526,47.577
1768500113.8867202,33.033
1768500113.989053,41.428
1768500114.0913017,39.557
1768500114.1935809,37.236
1768500114.2957118,37.609
1768500114.3978202,37.927
1768500114.4999545,38.299
1768500114.60206,34.692
1768500114.7069983,48.659
1768500114.8094106,32.144
1768500114.9117243,39.777
1768500115.0141425,41.428
1768500115.1164672,33.705
1768500115.2188475,49.122
1768500115.3212588,37.828
1768500115.424027,36.151
1768500115.5264857,46.79
1768500115.6292226,34.001
1768500115.7378154,50.959
1768500115.8403115,37.708
1768500115.9427576,36.743
1768500116.0450702,45.44
1768500116.1473706,34.199
1768500116.2496526,45.315
1768500116.3518393,33.724
1768500116.4542837,46.003
1768500116.559912,37.927
1768500116.6621995,36.447
1768500116.7645087,32.441
1768500116.8668568,48.433
1768500116.9692473,33.113
1768500117.0715497,38.397
1768500117.1742826,43.373
1768500117.2768128,33.705
1768500117.3791714,49.023
1768500117.4857726,36.743
1768500117.5881755,36.94
1768500117.6905243,42.979
1768500117.7927768,34.001
1768500117.8950465,49.613
1768500117.9973788,33.014
1768500118.099815,40.96
1768500118.2021592,37.729
1768500118.3045032,36.645
1768500118.4109762,33.508
1768500118.5138988,48.659
1768500118.6160593,31.749
1768500118.7185342,41.059
1768500118.820715,35.856
1768500118.9231708,39.58
1768500119.0255342,38.397
1768500119.1280372,35.954
1768500119.2302594,36.349
1768500119.337221,37.631
1768500119.4399343,42.413
1768500119.5422134,33.132
1768500119.6444695,46.397
1768500119.746732,36.82
1768500119.8495772,38.595
1768500119.9518795,41.724
1768500120.0543485,33.705
1768500120.1570761,44.383
1768500120.2614148,38.792
1768500120.3639014,35.383
1768500120.466246,48.699
1768500120.568511,38.124
1768500120.6709511,36.645
1768500120.7732162,46.2
1768500120.875678,33.132
1768500120.9779406,42.833
1768500121.0802462,38.003
1768500121.1851707,36.546
1768500121.2873874,43.201
1768500121.389829,33.606
1768500121.492175,45.341
1768500121.594384,37.729
1768500121.6968014,38.124
1768500121.7992609,44.16
1768500121.9016562,33.527
1768500122.004045,46.298
1768500122.110467,37.06
1768500122.2128484,37.927
1768500122.31535,43.103
1768500122.4176927,33.804
1768500122.519961,42.413
1768500122.622228,38.496
1768500122.7244713,35.185
1768500122.8270416,48.012
1768500122.9333062,43.595
1768500123.0358465,37.806
1768500123.1379752,37.806
1768500123.2401483,44.652
1768500123.3423755,33.606
1768500123.4446833,40.763
1768500123.5469053,42.216
1768500123.6491482,34.692
1768500123.7514231,44.58
1768500123.8580418,40.936
1768500123.9603987,35.954
1768500124.062709,47.844
1768500124.165137,33.587
1768500124.2679553,38.617
1768500124.3704019,48.196
1768500124.4727135,34.297
1768500124.5759218,38.617
1768500124.68225,47.085
1768500124.7846482,36.546
1768500124.8872497,37.434
1768500124.9895916,46.79
1768500125.0918834,33.705
1768500125.1941435,42.61
1768500125.2965863,39.829
1768500125.3989224,35.56
1768500125.5057514,48.797
1768500125.6080697,38.868
1768500125.7103777,36.074
1768500125.812756,48.601
1768500125.9151118,39.012
1768500126.0174696,37.138
1768500126.1198738,48.04
1768500126.222258,33.606
1768500126.324648,46.762
1768500126.4295945,38.913
1768500126.5319629,40.763
1768500126.6344142,40.861
1768500126.7369244,35.185
1768500126.8393693,32.836
1768500126.9416757,39.087
1768500127.0438845,43.57
1768500127.1462772,41.822
1768500127.249723,40.59
1768500127.3542013,34.199
1768500127.4566114,47.212
1768500127.5592818,37.729
1768500127.6616411,36.468
1768500127.764117,46.2
1768500127.8664868,33.508
1768500127.9688816,47.872
1768500128.071182,37.335
1768500128.1734781,38.693
1768500128.278958,39.777
1768500128.381192,35.58
1768500128.4833493,40.861
1768500128.5857685,36.172
1768500128.6880713,46.397
1768500128.7905219,33.705
1768500128.8939261,45.959
1768500128.9961522,37.828
1768500129.1029475,40.763
1768500129.2052972,38.617
1768500129.3077865,36.074
1768500129.4101562,45.511
1768500129.5124247,33.212
1768500129.6148694,44.186
1768500129.7171881,38.003
1768500129.8195422,35.58
1768500129.922082,45.341
1768500130.0267928,33.31
1768500130.1292222,46.692
1768500130.2315855,32.737
1768500130.3339481,45.073
1768500130.4362876,33.033
1768500130.5386844,43.471
1768500130.64105,32.441
1768500130.7433236,42.413
1768500130.8456643,37.412
1768500130.9521928,37.236
1768500131.0545115,42.019
1768500131.156975,34.001
1768500131.259482,45.44
1768500131.3620167,32.539
1768500131.4643672,38.913
1768500131.566889,33.508
1768500131.670161,45.118
1768500131.775305,38.868
1768500131.878062,35.481
1768500131.9804697,45.538
1768500132.0828283,34.396
1768500132.1852453,48.306
1768500132.2875023,33.212
1768500132.3899572,42.29
1768500132.4922736,38.868
1768500132.5945878,35.954
1768500132.7002094,46.424
1768500132.8025308,33.804
1768500132.9057696,46.944
1768500133.0080538,38.738
1768500133.1108155,37.434
1768500133.213144,43.668
1768500133.315583,34.297
1768500133.4178002,50.762
1768500133.523825,32.342
1768500133.6262054,40.96
1768500133.7287421,39.974
1768500133.8311694,35.284
1768500133.933399,43.201
1768500134.0357573,33.409
1768500134.137991,49.348
1768500134.2403502,36.94
1768500134.3430474,32.539
1768500134.448581,47.085
1768500134.5509896,32.046
1768500134.653298,39.284
1768500134.7558837,43.57
1768500134.8583539,33.212
1768500134.9609299,44.482
1768500135.063305,39.801
1768500135.1658032,35.679
1768500135.271851,46.818
1768500135.3741393,33.705
1768500135.4766438,43.176
1768500135.5788815,40.096
1768500135.6812391,34.988
1768500135.7834783,47.282
1768500135.885881,35.481
1768500135.9885588,49.092
1768500136.090691,33.231
1768500136.195207,38.496
1768500136.2974396,38.617
1768500136.399875,41.034
1768500136.5023615,39.557
1768500136.6048422,35.954
1768500136.7076967,32.441
1768500136.810376,41.059
1768500136.9129608,38.299
1768500137.0153346,36.349
1768500137.1206708,41.527
1768500137.2230692,34.396
1768500137.325554,46.129
1768500137.4285893,32.836
1768500137.5309289,44.285
1768500137.6333666,36.053
1768500137.735747,40.96
1768500137.8381286,40.467
1768500137.9444385,34.297
1768500138.0469623,45.538
1768500138.1494412,32.441
1768500138.2518604,47.577
1768500138.3542056,32.342
1768500138.4567165,43.373
1768500138.5591023,36.468
1768500138.6614752,38.89
1768500138.7642207,41.231
1768500138.8690863,33.902
1768500138.9714289,44.948
1768500139.0737576,32.638
1768500139.1761346,45.806
1768500139.2785554,32.342
1768500139.3810062,44.652
1768500139.483506,37.159
1768500139.5857487,37.532
1768500139.6881547,43.201
1768500139.793715,34.1
1768500139.8960662,48.827
1768500139.998274,37.039
1768500140.1005986,36.94
1768500140.2031121,43.963
1768500140.3055482,46.593
1768500140.408501,38.397
1768500140.510838,37.532
1768500140.6172023,45.171
1768500140.7195446,33.606
1768500140.8219674,42.931
1768500140.9243853,40.467
1768500141.0267117,35.284
1768500141.1290717,50.989
1768500141.2313838,35.461
1768500141.3342562,41.231
1768500141.440477,43.989
1768500141.5428123,33.804
1768500141.6451685,43.471
1768500141.749194,42.315
1768500141.851435,34.1
1768500141.9537137,44.456
1768500142.056513,38.769
1768500142.1589532,35.284
1768500142.2643409,48.069
1768500142.3668344,38.2
1768500142.4692528,37.532
1768500142.5714858,48.491
1768500142.6737578,35.087
1768500142.7761698,37.335
1768500142.8784845,43.471
1768500142.9812546,34.593
1768500143.0836153,47.282
1768500143.1883118,39.482
1768500143.290529,35.383
1768500143.3927522,46.664
1768500143.495111,38.277
1768500143.5974414,36.743
1768500143.6998491,47.675
1768500143.802249,33.132
1768500143.9045227,41.133
1768500144.0069022,42.118
1768500144.1133537,34.297
1768500144.215662,46.326
1768500144.3182259,40.073
1768500144.4205859,36.349
1768500144.522909,33.409
1768500144.626362,42.044
1768500144.7286947,44.456
1768500144.8309205,34.297
1768500144.9369032,46.916
1768500145.0392616,39.702
1768500145.1415582,36.151
1768500145.2437844,49.446
1768500145.346121,35.087
1768500145.4485888,37.806
1768500145.5514338,46.621
1768500145.6537144,34.199
1768500145.7618399,43.865
1768500145.8643792,40.763
1768500145.9669738,35.876
1768500146.0691795,51.972
1768500146.1714165,37.905
1768500146.273711,37.828
1768500146.3760204,47.675
1768500146.4783812,34.1
1768500146.5839827,39.777
1768500146.6863284,37.686
1768500146.7888672,49.151
1768500146.8911564,40.172
1768500146.9935756,34.593
1768500147.0959399,46.719
1768500147.1982028,38.223
1768500147.300561,35.679
1768500147.4028928,50.694
1768500147.5086315,38.989
1768500147.6108344,35.481
1768500147.7131383,49.878
1768500147.8153322,37.215
1768500147.9180193,39.186
1768500148.0206351,37.927
1768500148.1230042,35.658
1768500148.2252917,46.987
1768500148.327681,33.489
1768500148.4300752,38.792
1768500148.534924,45.046
1768500148.6373212,34.495
1768500148.73967,51.02
1768500148.8420506,33.409
1768500148.944313,43.103
1768500149.0472052,34.593
1768500149.149472,49.22
1768500149.2515986,37.335
1768500149.353857,39.383
1768500149.4593766,44.921
1768500149.5617533,34.1
1768500149.664154,46.79
1768500149.7666903,40.444
1768500149.8690116,35.383
1768500149.971801,50.793
1768500150.0741005,38.693
1768500150.1763637,37.138
1768500150.2825243,50.369
1768500150.3927767,32.934
1768500150.4950473,40.073
1768500150.5975006,40.542
1768500150.699768,35.383
1768500150.8062384,46.03
1768500150.9085765,35.856
1768500151.0110023,38.124
1768500151.1133084,42.734
1768500151.2155626,34.988
1768500151.317899,49.613
1768500151.4203098,38.792
1768500151.5225227,35.087
1768500151.6249526,49.81
1768500151.7312052,39.11
1768500151.833772,34.988
1768500151.9361212,45.834
1768500152.0385435,38.518
1768500152.141098,38.397
1768500152.2434778,37.138
1768500152.3459635,36.349
1768500152.4485006,46.298
1768500152.5547488,33.508
1768500152.6574204,48.728
1768500152.7598138,38.124
1768500152.862256,47.409
1768500152.9653878,34.475
1768500153.0676749,40.566
1768500153.1700766,40.467
1768500153.2722461,34.001
1768500153.3745735,44.036
1768500153.4807148,33.132
1768500153.5831378,42.906
1768500153.6855135,38.913
1768500153.787782,35.185
1768500153.8902767,48.404
1768500153.9925706,36.722
1768500154.094888,38.124
1768500154.197234,44.482
1768500154.2996805,34.001
1768500154.4053543,44.088
1768500154.5076754,38.496
1768500154.6112196,35.778
1768500154.7136106,48.237
1768500154.815888,33.033
1768500154.9182546,40.664
1768500155.0207605,43.891
1768500155.1230762,34.593
1768500155.2290027,51.02
1768500155.3313766,37.532
1768500155.4338083,37.236
1768500155.5362182,45.708
1768500155.6386304,33.033
1768500155.7411656,42.315
1768500155.8435833,37.729
1768500155.9459593,35.856
1768500156.0483217,46.298
1768500156.154042,33.113
1768500156.256399,42.512
1768500156.3586905,38.989
1768500156.4611933,35.58
1768500156.563642,37.357
1768500156.6662142,36.842
1768500156.7686582,31.947
1768500156.8711035,51.186
1768500156.9769204,36.349
1768500157.079563,38.42
1768500157.1819315,42.019
1768500157.2843843,42.782
1768500157.386694,39.284
1768500157.4889925,35.087
1768500157.5912495,49.023
1768500157.6935596,38.245
1768500157.7961617,37.631
1768500157.9009385,40.467
1768500158.0035253,34.889
1768500158.1058772,51.481
1768500158.2089288,36.743
1768500158.3113627,38.102
1768500158.413645,42.61
1768500158.5159163,35.087
1768500158.6183648,51.512
1768500158.7248669,42.979
1768500158.8271806,35.185
1768500158.9295864,46.298
1768500159.0317802,33.508
1768500159.1340563,45.44
1768500159.2363982,38.716
1768500159.338713,36.94
1768500159.44104,37.927
1768500159.543489,39.58
1768500159.6491957,38.003
1768500159.7516403,35.185
1768500159.854182,43.989
1768500159.9566972,32.737
1768500160.059124,43.471
1768500160.1613953,38.375
1768500160.2638226,36.151
1768500160.3661544,45.511
1768500160.4685402,33.231
1768500160.5741737,41.748
1768500160.6766136,40.369
1768500160.778954,34.889
1768500160.8814387,49.839
1768500160.9839332,35.58
1768500161.086308,39.482
1768500161.1886818,41.428
1768500161.2910137,34.396
1768500161.3933425,50.233
1768500161.499707,36.468
1768500161.602051,37.434
1768500161.7043579,33.132
1768500161.807722,43.004
1768500161.909941,40.739
1768500162.0122433,35.185
1768500162.114564,46.271
1768500162.2167342,33.113
1768500162.3190122,39.58
1768500162.4255266,43.078
1768500162.5278962,34.001
1768500162.6305654,43.497
1768500162.732881,42.906
1768500162.8351433,35.087
1768500162.9374712,49.938
1768500163.0404854,38.156
1768500163.1428974,37.434
1768500163.2461338,47.184
1768500163.3524015,33.902
1768500163.4546816,41.921
1768500163.5570393,45.44
1768500163.6594133,34.593
1768500163.7617202,42.684
1768500163.864213,38.321
1768500163.966615,36.743
1768500164.0689092,48.462
1768500164.1712108,33.804
1768500164.2769825,39.482
1768500164.3793,45.905
1768500164.4816606,34.889
1768500164.5840893,44.41
1768500164.6864414,41.551
1768500164.7887342,34.593
1768500164.8911655,42.709
1768500164.9934633,41.625
1768500165.096265,35.778
1768500165.2011933,50.694
1768500165.3034925,33.804
1768500165.4058175,42.979
1768500165.5081694,37.313
1768500165.610633,40.566
1768500165.7129676,46.326
1768500165.8153958,34.692
1768500165.9178467,43.792
1768500166.020269,39.603
1768500166.1257653,35.757
1768500166.2282994,34.1
1768500166.3311002,43.57
1768500166.4332945,38.89
1768500166.5354717,37.828
1768500166.6377776,41.946
1768500166.740108,43.103
1768500166.8422945,39.482
1768500166.9445133,36.25
1768500167.0499861,45.243
1768500167.1523943,33.508
1768500167.2550333,42.782
1768500167.3572886,40.542
1768500167.4603717,34.001
1768500167.5629272,44.652
1768500167.6687558,36.94
1768500167.776342,37.236
1768500167.8787513,43.963
1768500167.9811296,34.1
1768500168.083338,49.22
1768500168.1855366,36.525
1768500168.2879324,38.716
1768500168.3903193,40.444
1768500168.4928102,35.284
1768500168.5983787,52.267
1768500168.7008173,37.215
1768500168.803179,37.806
1768500168.9054687,47.872
1768500169.00803,33.705
1768500169.1104085,50.891
1768500169.2127612,32.934
1768500169.315133,43.471
1768500169.422209,39.087
1768500169.5247173,36.25
1768500169.6270695,46.719
1768500169.7294917,33.508
1768500169.8320062,46.271
1768500169.9345024,37.927
1768500170.036803,38.595
1768500170.139165,41.921
1768500170.2455394,48.63
1768500170.349397,32.441
1768500170.4517705,42.019
1768500170.553981,37.236
1768500170.6562624,36.94
1768500170.7588694,38.617
1768500170.8612418,35.087
1768500170.9635303,49.023
1768500171.0698152,31.947
1768500171.17241,41.059
1768500171.2749364,37.905
1768500171.3773007,35.876
1768500171.4796429,42.782
1768500171.5822847,33.804
1768500171.6850145,46.495
1768500171.78734,35.876
1768500171.8937862,40.664
1768500171.996178,37.609
1768500172.098798,38.792
1768500172.201496,39.307
1768500172.3041997,35.383
1768500172.4066293,44.456
1768500172.5090778,34.1
1768500172.6118648,48.659
1768500172.717295,32.638
1768500172.8196957,41.157
1768500172.9221826,37.434
1768500173.0245771,38.025
1768500173.1272044,41.133
1768500173.2296424,34.791
1768500173.332247,45.735
1768500173.4347067,33.31
1768500173.540306,47.549
1768500173.6428678,33.329
1768500173.745195,44.456
1768500173.8475633,37.729
1768500173.9500685,36.94
1768500174.0526836,42.019
1768500174.1550639,34.1
1768500174.257709,48.237
1768500174.3600879,32.934
1768500174.4652095,38.693
1768500174.567745,34.988
1768500174.6699882,44.626
1768500174.7723212,32.934
1768500174.8746393,40.27
1768500174.9771156,39.974
1768500175.0794246,37.335
1768500175.1819072,45.637
1768500175.2842143,33.606
1768500175.3891912,44.088
1768500175.4916608,39.459
1768500175.5941563,35.185
1768500175.6963203,50.339
1768500175.7987354,39.087
1768500175.9021091,36.25
1768500176.0047376,45.976
1768500176.1070993,33.508
1768500176.2126164,42.019
1768500176.3148606,43.424
1768500176.4172823,34.692
1768500176.5196254,48.63
1768500176.6218326,33.409
1768500176.7244413,43.642
1768500176.8267965,38.299
1768500176.9292288,47.113
1768500177.0314837,33.902
1768500177.1372106,44.652
1768500177.23952,38.223
1768500177.341807,38.299
1768500177.444438,46.129
1768500177.5468566,34.001
1768500177.649278,42.019
1768500177.7518313,38.595
1768500177.85423,35.087
1768500177.9606555,45.145
1768500178.0631006,33.804
1768500178.1657202,43.891
1768500178.2682836,39.557
1768500178.3706832,35.284
1768500178.4729786,43.694
1768500178.575478,33.508
1768500178.677922,45.368
1768500178.7803493,37.313
1768500178.8854752,38.595
1768500178.9876957,35.087
1768500179.0899873,48.532
1768500179.1922238,32.638
1768500179.2944841,48.532
1768500179.396835,33.212
1768500179.4992404,44.948
1768500179.6014786,34.199
1768500179.703846,45.834
1768500179.8103237,34.199
1768500179.9132082,48.659
1768500180.0157716,33.212
1768500180.1182632,50.105
1768500180.2218716,37.609
1768500180.324155,39.209
1768500180.426443,40.392
1768500180.5287893,34.593
1768500180.6351454,45.019
1768500180.7375,33.132
1768500180.840136,41.157
1768500180.942726,41.231
1768500181.0451155,34.692
1768500181.1480446,45.806
1768500181.2505834,36.842
1768500181.3530734,37.905
1768500181.4588926,43.128
1768500181.5612025,34.396
1768500181.6635165,48.601
1768500181.7660508,39.482
1768500181.8683167,35.876
1768500181.970701,44.652
1768500182.0732381,35.56
1768500182.1756568,38.2
1768500182.278259,37.236
1768500182.3833213,45.735
1768500182.4858103,34.1
1768500182.5883732,44.849
1768500182.690807,39.087
1768500182.7931852,36.37
1768500182.8955472,51.124
1768500182.9980326,33.231
1768500183.100325,39.186
1768500183.202731,42.709
1768500183.3084724,50.203
1768500183.4107015,43.373
1768500183.5131106,33.804
1768500183.61555,48.167
1768500183.7178473,35.165
1768500183.819959,37.905
1768500183.922356,43.471
1768500184.024626,33.705
1768500184.1276126,46.424
1768500184.23388,36.743
1768500184.3402565,38.89
1768500184.4426987,41.157
1768500184.5465949,34.199
1768500184.648951,47.745
1768500184.751346,37.06
1768500184.8570108,37.236
1768500184.9596262,45.046
1768500185.0620306,33.033
1768500185.1645005,40.542
1768500185.26697,39.876
1768500185.369448,34.593
1768500185.4719038,48.994
1768500185.574364,37.434
1768500185.6769786,36.645
1768500185.7819297,46.003
1768500185.8844306,33.31
1768500185.9868963,45.216
1768500186.0893962,37.138
1768500186.191714,35.975
1768500186.2941442,45.834
1768500186.3965344,33.132
1768500186.4989562,49.22
1768500186.6013746,34.199
1768500186.705871,39.11
1768500186.8083253,34.001
1768500186.910789,44.823
1768500187.013169,33.014
1768500187.1157193,40.763
1768500187.2181118,38.299
1768500187.3206863,33.705
1768500187.4231653,46.495
1768500187.525618,43.103
1768500187.63338,37.039
1768500187.735621,35.778
1768500187.8380775,45.145
1768500187.9403973,33.705
1768500188.0427442,47.942
1768500188.1450598,33.31
1768500188.247312,49.249
1768500188.3499522,33.329
1768500188.455125,49.613
1768500188.5582044,33.132
1768500188.6608217,43.103
1768500188.7639425,35.658
1768500188.8664212,41.822
1768500188.9689357,38.003
1768500189.07143,37.236
1768500189.173781,39.754
1768500189.2807677,36.468
1768500189.3832357,43.373
1768500189.4856534,34.692
1768500189.58795,45.413
1768500189.6902478,32.441
1768500189.7926733,39.679
1768500189.8950238,40.345
1768500189.997529,36.271
1768500190.10444,35.638
1768500190.2071314,42.512
1768500190.3097613,36.82
1768500190.4122672,36.743
1768500190.514709,43.3
1768500190.6171818,33.705
1768500190.719661,49.78
1768500190.822198,32.521
1768500190.927642,39.383
1768500191.0303335,36.94
1768500191.1327598,38.518
1768500191.2351089,37.729
1768500191.3375463,36.645
1768500191.4399624,40.172
1768500191.5426166,34.692
1768500191.6452277,32.638
1768500191.7527485,49.348
1768500191.8552074,32.441
1768500191.9575787,42.019
1768500192.060089,38.299
1768500192.1623917,35.856
1768500192.2647703,43.274
1768500192.367086,33.31
1768500192.4693487,43.694
1768500192.5716043,40.444
1768500192.6748629,33.705
1768500192.7864268,42.807
1768500192.8887765,41.65
1768500192.9910083,34.1
1768500193.0932424,43.891
1768500193.1973715,38.716
1768500193.3000202,34.988
1768500193.4022417,47.605
1768500193.5046768,32.934
1768500193.6069696,39.482
1768500193.7092998,43.3
1768500193.8116522,34.593
1768500193.9143178,47.113
1768500194.0168288,33.132
1768500194.1229393,46.959
1768500194.225327,36.82
1768500194.327583,38.003
1768500194.4300017,39.459
1768500194.5324814,35.679
1768500194.6349123,46.79
1768500194.7372217,37.631
1768500194.8395448,38.2
1768500194.941857,47.155
1768500195.0481098,34.001
1768500195.1504204,46.593
1768500195.2528186,37.806
1768500195.3553197,37.631
1768500195.4576442,49.053
1768500195.5599682,34.1
1768500195.6623163,41.946
1768500195.7646964,34.297
1768500195.8674798,42.979
1768500195.9721065,41.625
1768500196.0745416,34.988
1768500196.176708,53.742
1768500196.2790914,38.693
1768500196.3813977,36.842
1768500196.4838717,43.249
1768500196.5860605,34.791
1768500196.688283,38.299
1768500196.791405,43.989
1768500196.896445,42.462
1768500196.998791,34.692
1768500197.1011274,49.416
1768500197.204514,34.1
1768500197.3068407,41.231
1768500197.4090557,40.294
1768500197.5114088,36.447
1768500197.6138363,50.075
1768500197.716243,38.223
1768500197.8216481,38.89
1768500197.9239957,46.692
1768500198.0263946,34.495
1768500198.1288588,50.105
1768500198.2312787,37.455
1768500198.333596,38.617
1768500198.4359903,47.999
1768500198.538431,33.409
1768500198.640827,37.532
1768500198.7467277,48.462
1768500198.8491435,33.705
1768500198.951531,39.087
1768500199.0538402,44.849
1768500199.1561913,34.988
1768500199.2586484,51.745
1768500199.3613513,33.705
1768500199.4638302,41.33
1768500199.5695884,39.186
1768500199.6718137,35.876
1768500199.7744696,52.432
1768500199.8767862,33.705
1768500199.9791179,43.937
1768500200.081408,39.383
1768500200.1838155,33.31
1768500200.287435,42.807
1768500200.3933861,38.518
1768500200.4958282,36.546
1768500200.5983372,45.145
1768500200.700834,33.409
1768500200.803905,46.593
1768500200.906285,37.138
1768500201.0089562,36.645
1768500201.1113818,41.921
1768500201.2177992,34.1
1768500201.3202226,47.577
1768500201.423035,38.321
1768500201.525348,38.913
1768500201.6276667,45.145
1768500201.7300327,33.705
1768500201.832267,42.241
1768500201.9345996,42.734
1768500202.036975,34.396
1768500202.1411707,50.664
1768500202.243537,36.546
1768500202.3459156,40.641
1768500202.4482498,42.906
1768500202.5506198,34.593
1768500202.6529632,48.925
1768500202.755281,38.989
1768500202.8575058,35.856
1768500202.9601145,53.316
1768500203.0653076,37.609
1768500203.1675413,38.814
1768500203.2698882,50.045
1768500203.3722541,34.179
1768500203.474493,39.186
1768500203.5768423,46.888
1768500203.679347,34.495
1768500203.7817307,40.073
1768500203.8841188,48.04
1768500203.98971,34.199
1768500204.0920384,40.345
1768500204.194398,41.921
1768500204.2967346,35.778
1768500204.3991337,45.019
1768500204.5014732,34.593
1768500204.6049342,42.413
1768500204.7072742,41.231
1768500204.8128455,34.692
1768500204.9152455,44.751
1768500205.0176737,39.262
1768500205.120046,34.988
1768500205.2223058,48.532
1768500205.3246288,37.905
1768500205.4275255,36.25
1768500205.5298276,47.085
1768500205.6322808,33.606
1768500205.7397027,43.792
1768500205.8419175,39.58
1768500205.944242,36.349
1768500206.0466332,51.253
1768500206.148872,38.496
1768500206.2511208,38.913
1768500206.3533604,47.254
1768500206.4557161,33.902
1768500206.562317,40.664
1768500206.6645043,48.983
1768500206.7668552,46.03
1768500206.8693614,39.482
1768500206.971681,35.757
1768500207.0740967,46.227
1768500207.1764767,38.792
1768500207.278881,38.025
1768500207.3850434,46.326
1768500207.487401,33.705
1768500207.589845,44.823
1768500207.6922615,38.518
1768500207.794661,36.053
1768500207.8970087,47.549
1768500207.999486,33.606
1768500208.1019113,34.791
1768500208.2042284,44.456
1768500208.3101575,33.014
1768500208.4126017,43.471
1768500208.5150328,37.806
1768500208.6177106,37.039
1768500208.7201903,45.806
1768500208.8226793,41.724
1768500208.9253855,39.163
1768500209.0276499,34.692
1768500209.1299086,45.046
1768500209.2353723,33.508
1768500209.3376756,41.798
1768500209.4402156,39.754
1768500209.542922,36.546
1768500209.6460865,46.397
1768500209.7485108,33.31
1768500209.8512735,42.019
1768500209.954062,39.087
1768500210.0594437,36.645
1768500210.1617765,45.019
1768500210.2640789,33.508
1768500210.366345,43.57
1768500210.4685905,41.133
1768500210.5710275,35.284
1768500210.6733706,45.905
1768500210.775851,32.817
1768500210.8780656,38.102
1768500210.9840803,46.397
1768500211.086394,37.905
1768500211.1887307,38.102
1768500211.2909825,46.523
1768500211.3933275,34.199
1768500211.49565,46.959
1768500211.598065,33.31
1768500211.700325,42.118
1768500211.8066654,38.299
1768500211.9091313,35.757
1768500212.0116394,45.806
1768500212.1139097,33.31
1768500212.2162154,42.61
1768500212.318548,37.039
1768500212.4214706,42.413
1768500212.5237603,32.638
1768500212.6306853,45.538
1768500212.732968,38.223
1768500212.835184,37.236
1768500212.9375124,45.243
1768500213.0398395,44.948
1768500213.1433234,37.532
1768500213.2455606,36.842
1768500213.3479514,44.554
1768500213.4540062,34.001
1768500213.556472,49.318
1768500213.6587203,33.014
1768500213.7612183,39.853
1768500213.86585,40.172
1768500213.9682364,34.396
1768500214.0708807,47.675
1768500214.1732848,32.737
1768500214.2797873,41.157
1768500214.3821347,38.178
1768500214.4846182,35.087
1768500214.5871592,46.326
1768500214.6895695,32.441
1768500214.791893,39.482
1768500214.8942084,40.172
1768500214.996648,33.902
1768500215.1024134,48.659
1768500215.2049015,37.236
1768500215.3071966,37.138
1768500215.4094863,45.145
1768500215.5119398,33.329
1768500215.6142526,44.948
1768500215.7165577,39.853
1768500215.8189173,34.001
1768500215.9213557,44.58
1768500216.0261016,37.554
1768500216.1284306,35.856
1768500216.2306888,47.184
1768500216.333038,37.85
1768500216.4355145,36.546
1768500216.537799,38.025
1768500216.6401703,38.025
1768500216.7424777,36.468
1768500216.8449104,49.848
1768500216.949879,37.927
1768500217.0521822,37.434
1768500217.15464,46.719
1768500217.256979,33.606
1768500217.3594713,44.16
1768500217.461859,34.297
1768500217.5641627,52.366
1768500217.6664839,38.223
1768500217.7685776,36.94
1768500217.8741999,45.806
1768500217.9765127,32.916
1768500218.078842,40.467
1768500218.1812124,45.735
1768500218.283542,33.409
1768500218.3863194,42.512
1768500218.488824,40.566
1768500218.5913715,36.349
1768500218.697603,46.298
1768500218.8003192,33.606
1768500218.902682,44.849
1768500219.0051978,38.989
1768500219.1075153,36.666
1768500219.2099247,46.55
1768500219.3122516,33.902
1768500219.4146903,46.2
1768500219.5170364,32.521
1768500219.6223056,46.719
1768500219.7248154,34.889
1768500219.827345,43.201
1768500219.9296124,33.508
1768500220.0322428,48.04
1768500220.1346095,37.631
1768500220.2369118,36.447
1768500220.339442,44.554
1768500220.4463987,32.934
1768500220.5486398,40.467
1768500220.6511724,39.087
1768500220.753554,34.988
1768500220.856101,51.708
1768500220.9585412,37.335
1768500221.0611334,38.89
1768500221.1637158,39.459
1768500221.2685945,36.546
1768500221.3708446,43.446
1768500221.4734783,35.087
1768500221.575856,34.199
1768500221.6790628,48.04
1768500221.7813542,34.692
1768500221.8837602,41.551
1768500221.9860728,41.256
1768500222.0935235,36.743
1768500222.1957865,49.377
1768500222.2980258,33.113
1768500222.4004953,40.467
1768500222.50428,43.792
1768500222.606472,34.1
1768500222.7087028,45.834
1768500222.811032,36.743
1768500222.916662,38.223
1768500223.0189507,43.176
1768500223.121427,34.889
1768500223.2239385,45.61
1768500223.3263714,32.836
1768500223.4287589,44.259
1768500223.5310352,36.053
1768500223.633718,39.876
1768500223.7362745,37.927
1768500223.841225,37.828
1768500223.943902,37.609
1768500224.0463088,37.532
1768500224.148916,39.087
1768500224.251197,34.692
1768500224.3537662,43.963
1768500224.456406,33.132
1768500224.558927,44.823
1768500224.6660569,32.539
1768500224.7683752,45.538
1768500224.8709261,35.087
1768500224.9733996,38.102
1768500225.0758839,38.025
1768500225.1783845,36.546
1768500225.280811,42.585
1768500225.383444,33.804
1768500225.489361,47.479
1768500225.5917537,32.046
1768500225.6942387,38.124
1768500225.7976658,35.284
1768500225.8999774,41.896
1768500226.002372,33.033
1768500226.104811,47.872
1768500226.2071753,35.264
1768500226.3135097,38.124
1768500226.4158583,40.96
1768500226.5182376,34.396
1768500226.620764,47.282
1768500226.7235692,35.481
1768500226.8261333,36.645
1768500226.9285822,41.256
1768500227.0309496,38.003
1768500227.1382515,36.842
1768500227.240573,40.444
1768500227.3430026,35.954
1768500227.4455287,44.186
1768500227.5480688,33.804
1768500227.6504362,45.61
1768500227.7527697,32.836
1768500227.8555079,41.921
1768500227.9619331,37.455
1768500228.0644357,37.335
1768500228.166912,37.138
1768500228.2693465,35.383
1768500228.3717232,42.413
1768500228.4743505,32.817
1768500228.5768745,47.872
1768500228.6792295,32.144
1768500228.7848756,42.241
1768500228.887299,37.236
1768500228.9896824,36.447
1768500229.0920703,44.16
1768500229.1944695,33.31
1768500229.2969372,47.45
1768500229.3994775,32.441
1768500229.501899,42.906
1768500229.6043756,36.962
1768500229.709676,38.2
1768500229.812016,39.876
1768500229.9144752,44.259
1768500230.0168293,33.132
1768500230.1190822,43.595
1768500230.2212057,40.27
1768500230.3235464,34.791
1768500230.4258547,51.057
1768500230.5281136,33.31
1768500230.633277,41.133
1768500230.735627,43.373
1768500230.8378608,34.692
1768500230.9403508,51.444
1768500231.0441613,38.989
1768500231.1465642,37.532
1768500231.2488303,46.987
1768500231.3511775,33.508
1768500231.4580774,42.512
1768500231.5606241,37.828
1768500231.6629844,41.921
1768500231.7653303,38.518
1768500231.867788,36.842
1768500231.9700916,46.719
1768500232.0724003,33.705
1768500232.175084,47.704
1768500232.2819886,38.2
1768500232.3843465,37.532
1768500232.4866157,41.207
1768500232.5888686,35.165
1768500232.6911259,44.456
1768500232.7935598,34.593
1768500232.8961325,38.223
1768500232.9985528,36.053
1768500233.1050048,39.679
1768500233.2075434,39.284
1768500233.3099139,35.58
1768500233.4124727,45.341
1768500233.5149834,33.527
1768500233.6173787,43.201
1768500233.7197711,37.729
1768500233.8223217,37.236
1768500233.9284732,46.227
1768500234.0309114,45.413
1768500234.134283,37.554
1768500234.236531,38.124
1768500234.338799,42.807
1768500234.4410186,33.804
1768500234.543574,42.34
1768500234.6459534,37.434
1768500234.7482436,36.546
1768500234.8541572,45.806
1768500234.956622,34.1
1768500235.0589032,43.497
1768500235.1612208,37.313
1768500235.263597,37.532
1768500235.3670523,46.397
1768500235.4694142,33.804
1768500235.5718255,44.285
1768500235.6741614,40.861
1768500235.7801027,35.56
1768500235.882399,48.994
1768500235.984881,37.729
1768500236.0872262,39.777
1768500236.1895845,44.948
1768500236.291976,35.185
1768500236.3944705,49.446
1768500236.4970582,38.2
1768500236.6030834,42.388
1768500236.7057462,33.113
1768500236.808026,39.853
1768500236.9104056,35.087
1768500237.01276,51.223
1768500237.1149547,38.42
1768500237.2172377,40.566
1768500237.3196177,41.453
1768500237.4221354,35.658
1768500237.5270603,54.201
1768500237.6293797,32.836
1768500237.7317088,38.003
1768500237.8340495,44.186
1768500237.9363983,33.804
1768500238.038954,46.495
1768500238.141428,37.51
1768500238.243681,37.138
1768500238.3459883,46.495
1768500238.452116,33.606
1768500238.5545568,40.542
1768500238.6569993,34.1
1768500238.7594137,43.989
1768500238.8616464,38.375
1768500238.963781,35.56
1768500239.0661557,50.006
1768500239.1685143,33.705
1768500239.2707725,41.625
1768500239.373253,43.373
1768500239.4786222,34.791
1768500239.580933,50.075
1768500239.6832747,38.397
1768500239.7860413,38.595
1768500239.8883615,47.352
1768500239.9907901,33.902
1768500240.0930545,42.413
1768500240.1953156,39.042
1768500240.2978857,36.271
1768500240.403398,46.79
1768500240.5057876,34.1
1768500240.6082337,52.531
1768500240.7104764,37.06
1768500240.8127553,37.828
1768500240.9150262,44.974
1768500241.0174272,33.409
1768500241.1197734,45.073
1768500241.2222874,35.067
1768500241.327713,39.876
1768500241.4300485,43.694
1768500241.53241,33.804
1768500241.6348543,47.282
1768500241.737125,36.623
1768500241.8394046,38.124
1768500241.9417477,38.397
1768500242.0441406,34.692
1768500242.1466103,48.827
1768500242.2529042,37.236
1768500242.3552783,38.518
1768500242.4575481,45.315
1768500242.5598085,33.033
1768500242.6621177,39.679
1768500242.7644684,42.906
1768500242.8670032,33.902
1768500242.969665,49.938
1768500243.0719995,33.014
1768500243.1776304,34.869
1768500243.2798662,41.354
1768500243.3820698,37.434
1768500243.484318,37.434
1768500243.5870945,42.782
1768500243.689375,34.396
1768500243.7916882,48.04
1768500243.8938875,34.889
1768500243.9960458,41.33
1768500244.1009204,38.321
1768500244.2032037,35.856
1768500244.3066049,48.728
1768500244.40909,33.014
1768500244.5113766,42.044
1768500244.6137354,40.641
1768500244.7160144,33.606
1768500244.8183753,44.285
1768500244.920682,38.025
1768500245.0278864,34.692
1768500245.1302114,48.335
1768500245.233248,37.039
1768500245.335563,38.299
1768500245.4379182,44.626
1768500245.5401902,33.804
1768500245.642545,45.073
1768500245.7448752,38.124
1768500245.8501086,35.461
1768500245.9524443,47.38
1768500246.0548546,33.212
1768500246.1572556,41.034
1768500246.2595167,43.741
1768500246.361841,33.902
1768500246.464271,47.774
1768500246.566712,40.172
1768500246.6690764,34.593
1768500246.7749932,36.25
1768500246.877468,36.645
1768500246.9797444,51.383
1768500247.082116,37.828
1768500247.1844397,36.546
1768500247.2869554,49.122
1768500247.3893275,37.215
1768500247.4915771,38.321
1768500247.5938473,45.735
1768500247.6993122,44.429
1768500247.801694,44.062
1768500247.9039388,34.495
1768500248.0066783,45.315
1768500248.1088848,39.186
1768500248.2112594,35.185
1768500248.313593,51.383
1768500248.416015,38.102
1768500248.5182528,36.94
1768500248.6256084,46.495
1768500248.7278197,33.31
1768500248.8301928,39.383
1768500248.932479,41.625
1768500249.0348063,34.593
1768500249.13701,46.2
1768500249.2393193,39.824
1768500249.3416646,35.185
1768500249.4439886,45.637
1768500249.5490952,37.981
1768500249.6515417,37.138
1768500249.754032,44.948
1768500249.8564298,33.804
1768500249.9587245,45.834
1768500250.0611572,33.409
1768500250.1636333,46.326
1768500250.2660856,33.804
1768500250.3684065,49.053
1768500250.4707751,36.053
1768500250.5761585,39.383
1768500250.678483,39.284
1768500250.7808077,35.778
1768500250.8831666,42.413
1768500250.9855688,34.692
1768500251.087869,51.481
1768500251.190161,34.692
1768500251.2926214,39.087
1768500251.3950276,39.829
1768500251.4973783,34.199
1768500251.6029432,49.22
1768500251.7053702,37.335
1768500251.807838,36.349
1768500251.910187,44.948
1768500252.012472,33.033
1768500252.114885,40.073
1768500252.2171874,41.428
1768500252.3196287,33.804
1768500252.4220726,44.456
1768500252.5282888,36.743
1768500252.6310806,46.495
1768500252.7332642,33.508
1768500252.8354437,41.059
1768500252.937873,42.044
1768500253.0400825,34.988
1768500253.1424139,49.485
1768500253.244594,33.31
1768500253.3468428,40.566
1768500253.4492157,40.912
1768500253.5576487,35.778
1768500253.6599367,46.2
1768500253.7622278,33.902
1768500253.8645282,41.724
1768500253.9669726,40.542
1768500254.0692592,35.658
1768500254.171748,48.63
1768500254.2741346,33.527
1768500254.3804312,39.58
1768500254.4827664,45.905
1768500254.5852134,33.902
1768500254.6875026,41.724
1768500254.7900002,40.96
1768500254.8923004,34.692
1768500254.9950757,51.155
1768500255.097386,36.645
1768500255.199674,38.518
1768500255.3049943,48.098
1768500255.4074407,33.508
1768500255.5097926,40.641
1768500255.612136,42.61
1768500255.714607,34.297
1768500255.816899,48.925
1768500255.9192474,39.801
1768500256.0216994,37.138
1768500256.1241558,46.888
1768500256.229343,33.606
1768500256.3316977,42.413
1768500256.433985,42.709
1768500256.5362647,35.185
1768500256.639233,48.196
1768500256.7416098,33.508
1768500256.84395,43.004
1768500256.946336,34.889
1768500257.048797,39.876
1768500257.1548173,36.151
1768500257.2570186,48.069
1768500257.3592792,38.299
1768500257.46148,38.102
1768500257.5640652,48.688
1768500257.6663096,34.396
1768500257.7686303,50.233
1768500257.8717017,33.606
1768500257.9782643,46.172
1768500258.0808868,39.679
1768500258.1834762,37.455
1768500258.2857249,42.315
1768500258.3885324,34.396
1768500258.4910526,47.802
1768500258.5934796,33.329
1768500258.6959293,42.512
1768500258.802092,38.124
1768500258.9044244,35.975
1768500259.0071075,46.2
1768500259.1093445,32.934
1768500259.2121,38.89
1768500259.3145995,37.828
1768500259.4169605,36.053
1768500259.5193772,45.315
1768500259.6262548,32.934
1768500259.7288089,42.979
1768500259.8311763,38.375
1768500259.9335,36.25
1768500260.036017,42.807
1768500260.1389139,34.988
1768500260.2414272,37.708
1768500260.3439357,36.764
1768500260.449009,38.989
1768500260.5514772,35.481
1768500260.6539989,37.981
1768500260.7567906,38.693
1768500260.8592858,34.475
1768500260.9616535,40.664
1768500261.0639915,39.307
1768500261.166429,44.58
1768500261.2747574,35.185
1768500261.3772762,39.679
1768500261.4803636,36.546
1768500261.58278,46.424
1768500261.686861,33.113
1768500261.7891352,44.948
1768500261.8914833,37.729
1768500261.9971635,38.025
1768500262.0994897,38.595
1768500262.2019823,34.495
1768500262.3042967,43.57
1768500262.4067304,32.539
1768500262.5091329,41.034
1768500262.6114697,37.412
1768500262.7140892,35.481
1768500262.8211558,43.57
1768500262.9236803,33.508
1768500263.0260406,48.561
1768500263.128477,35.502
1768500263.231,39.482
1768500263.3332667,37.532
1768500263.4357402,37.236
1768500263.538231,41.157
1768500263.644662,34.396
1768500263.7470322,44.233
1768500263.8494456,33.212
1768500263.9519746,48.069
1768500264.0544891,34.593
1768500264.1573482,38.397
1768500264.260202,36.962
1768500264.362714,38.792
1768500264.467786,39.777
1768500264.570188,33.626
1768500264.6725254,49.348
1768500264.7749028,37.434
1768500264.8774076,37.039
1768500264.979735,42.585
1768500265.0822473,33.033
1768500265.184704,38.595
1768500265.2873728,34.495
1768500265.3927643,51.61
1768500265.4951162,38.42
1768500265.5975382,36.447
1768500265.6999066,45.834
1768500265.802289,33.033
1768500265.905951,41.453
1768500266.0083656,38.321
1768500266.1108813,37.532
1768500266.216765,41.428
1768500266.319129,34.692
1768500266.4218502,45.511
1768500266.524346,33.606
1768500266.6267066,41.822
1768500266.7291613,32.342
1768500266.831583,47.422
1768500266.9340549,32.836
1768500267.0363832,39.679
1768500267.142245,42.019
1768500267.2446096,33.132
1768500267.3469167,45.735
1768500267.4493198,38.2
1768500267.5517564,35.679
1768500267.6540558,44.823
1768500267.756396,32.934
1768500267.8587117,38.025
1768500267.9609957,42.019
1768500268.0665114,34.001
1768500268.169045,49.289
1768500268.2714818,38.716
1768500268.3736846,35.481
1768500268.4759786,49.082
1768500268.5782151,38.047
1768500268.6805105,37.631
1768500268.7829664,43.201
1768500268.8852375,34.297
1768500268.9906514,43.767
1768500269.0931206,41.724
1768500269.1955655,35.284
1768500269.2979023,51.972
1768500269.400217,41.527
1768500269.5024674,34.593
1768500269.6047468,45.046
1768500269.7078617,34.593
1768500269.810188,46.888
1768500269.9151793,41.008
1768500270.0173485,36.447
1768500270.119601,54.037
1768500270.2218194,37.039
1768500270.325939,39.284
1768500270.428116,48.335
1768500270.5304253,34.593
1768500270.6327462,44.652
1768500270.7384975,39.853
1768500270.8407004,37.138
1768500270.9431217,53.022
1768500271.045412,39.186
1768500271.1477923,36.546
1768500271.2501502,52.499
1768500271.3525856,37.51
1768500271.454862,37.335
1768500271.5571737,51.646
1768500271.662466,39.482
1768500271.7647877,37.039
1768500271.8670468,46.172
1768500271.9695227,33.804
1768500272.0718546,40.05
1768500272.174131,42.118
1768500272.2764134,34.495
1768500272.3786943,48.925
1768500272.4809422,39.58
1768500272.58712,35.856
1768500272.6894078,46.888
1768500272.7917705,33.705
1768500272.8941894,42.61
1768500272.9965115,39.951
1768500273.09884,34.297
1768500273.201093,48.827
1768500273.3033657,39.284
1768500273.4056468,34.791
1768500273.5118554,44.652
1768500273.6143913,40.195
1768500273.7167776,35.481
1768500273.819172,49.023
1768500273.9215758,33.132
1768500274.0239987,39.603
1768500274.1272445,37.434
1768500274.2294104,46.593
1768500274.3366773,33.804
1768500274.4390693,45.341
1768500274.5418344,40.664
1768500274.644092,35.481
1768500274.7464337,49.348
1768500274.848702,33.212
1768500274.9509327,43.792
1768500275.0533764,38.595
1768500275.1593344,35.56
1768500275.261654,45.538
1768500275.3640952,33.409
1768500275.4664156,41.354
1768500275.568951,40.838
1768500275.6712658,34.1
1768500275.7735445,46.227
1768500275.8760514,37.018
1768500275.9784062,37.138
1768500276.0848155,44.921
1768500276.187097,33.606
1768500276.289393,45.171
1768500276.3917277,40.247
1768500276.4941401,42.979
1768500276.5964918,41.034
1768500276.698744,36.172
1768500276.8011642,33.132
1768500276.9035099,40.073
1768500277.0086591,45.216
1768500277.1109982,33.705
1768500277.2133052,47.802
1768500277.315575,32.737
1768500277.4179912,39.777
1768500277.5203013,42.118
1768500277.6227922,34.692
1768500277.725238,45.019
1768500277.827597,34.396
1768500277.9329083,49.78
1768500278.0354114,32.539
1768500278.137878,41.034
1768500278.2402291,37.609
1768500278.3427255,44.921
1768500278.4468524,33.409
1768500278.5491421,42.413
1768500278.6514914,40.148
1768500278.7607126,36.25
1768500278.8630624,47.704
1768500278.965417,33.705
1768500279.0694308,43.891
1768500279.1718557,39.065
1768500279.2741578,37.434
1768500279.3801267,45.216
1768500279.4827397,34.297
1768500279.585292,51.579
1768500279.6876442,33.231
1768500279.7901525,47.38
1768500279.8926978,35.284
1768500279.9951735,47.184
1768500280.097661,33.804
1768500280.200036,44.456
1768500280.305878,37.434
1768500280.4086385,37.532
1768500280.5110283,46.692
1768500280.6133258,33.902
1768500280.7156088,41.527
1768500280.8179085,38.518
1768500280.9203575,39.11
1768500281.022785,43.201
1768500281.1250644,34.692
1768500281.230117,49.613
1768500281.3323624,32.934
1768500281.4347968,42.709
1768500281.5371928,37.631
1768500281.6396744,35.954
1768500281.741995,44.036
1768500281.8442466,32.934
1768500281.9466076,40.936
1768500282.0489595,45.708
1768500282.1557899,33.508
1768500282.2582943,46.916
1768500282.3606832,37.631
1768500282.4630082,38.321
1768500282.565439,36.468
1768500282.6676486,45.315
1768500282.7699692,33.705
1768500282.8721797,45.341
1768500282.974768,38.617
1768500283.0792212,37.039
1768500283.1814742,45.932
1768500283.283743,33.705
1768500283.386095,44.062
1768500283.489495,37.335
1768500283.5927906,36.447
1768500283.6951003,44.383
1768500283.7974415,33.705
1768500283.8998022,45.216
1768500284.0056055,33.606
1768500284.1080542,41.921
1768500284.2104669,35.383
1768500284.3128376,45.046
1768500284.4152253,33.527
1768500284.5176687,44.383
1768500284.6205153,38.792
1768500284.7230027,36.151
1768500284.8290992,42.684
1768500284.9315395,33.705
1768500285.0340922,48.04
1768500285.1364975,32.539
1768500285.2391732,43.497
1768500285.3416073,32.539
1768500285.4440095,49.81
1768500285.5465398,32.737
1768500285.652034,41.921
1768500285.754347,36.151
1768500285.8571136,37.335
1768500285.9598293,38.89
1768500286.0624697,34.988
1768500286.1650352,39.065
1768500286.267536,34.791
1768500286.3699417,40.345
1768500286.472321,34.1
1768500286.577429,43.201
1768500286.6797633,33.231
1768500286.7839117,35.481
1768500286.886316,36.172
1768500286.9897747,38.299
1768500287.092003,38.814
1768500287.1942756,35.185
1768500287.2965431,44.259
1768500287.403678,33.804
1768500287.5060627,50.105
1768500287.6096349,37.138
1768500287.7119546,38.003
1768500287.814505,38.2
1768500287.9168773,36.743
1768500288.0192845,41.133
1768500288.121591,34.297
1768500288.2266273,45.976
1768500288.3289483,32.934
1768500288.4312875,45.538
1768500288.5336468,37.609
1768500288.6360402,37.236
1768500288.73831,41.428
1768500288.8407178,34.988
1768500288.9430661,45.046
1768500289.0455303,32.737
1768500289.1512084,48.59
1768500289.2536235,32.046
1768500289.3560681,46.03
1768500289.4585516,36.743
1768500289.5609236,37.138
1768500289.6632097,43.792
1768500289.765695,33.705
1768500289.8681304,46.397
1768500289.9705927,32.323
1768500290.0757854,40.172
1768500290.178158,38.146
1768500290.280679,34.988
1768500290.383059,44.849
1768500290.485361,32.737
1768500290.5876284,41.551
1768500290.6900375,40.294
1768500290.7923565,34.988
1768500290.8948505,47.113
1768500291.0015194,33.212
1768500291.1038985,39.754
1768500291.2062602,35.185
1768500291.3097003,45.046
1768500291.411979,33.033
1768500291.514129,40.861
1768500291.6168816,42.413
1768500291.7190244,34.593
1768500291.8247,46.987
1768500291.9275115,32.836
1768500292.0299945,42.709
1768500292.1322803,38.397
1768500292.234581,36.447
1768500292.336769,44.849
1768500292.4391894,32.934
1768500292.5415,40.763
1768500292.6438792,41.428
1768500292.7503307,35.185
1768500292.8527284,46.621
1768500292.9552124,33.31
1768500293.057559,46.227
1768500293.1598842,34.692
1768500293.2624133,38.595
1768500293.3649445,37.532
1768500293.467335,43.989
1768500293.5735147,34.001
1768500293.675874,49.416
1768500293.778186,32.62
1768500293.8805149,41.157
1768500293.982806,40.073
1768500294.0853636,35.087
1768500294.187702,43.668
1768500294.2900383,33.409
1768500294.3922937,48.138
1768500294.4947147,32.539
1768500294.5994928,42.019
1768500294.7017713,37.883
1768500294.8042371,36.842
1768500294.906608,38.102
1768500295.0091467,37.434
1768500295.1115384,37.708
1768500295.2138836,34.988
1768500295.316271,45.27
1768500295.4184809,33.033
1768500295.5208602,46.003
1768500295.6257234,36.25
1768500295.7280686,37.236
1768500295.830538,33.606
1768500295.934058,46.003
1768500296.0363142,32.916
1768500296.138581,42.413
1768500296.2415602,38.716
1768500296.3437345,34.889
1768500296.4470263,41.231
1768500296.554973,34.1
1768500296.6572232,44.849
1768500296.7596757,40.641
1768500296.8620558,37.828
1768500296.964586,36.053
1768500297.0669608,46.255
1768500297.1692514,33.113
1768500297.2716758,41.527
1768500297.3770792,38.966
1768500297.4796596,34.396
1768500297.5820541,49.249
1768500297.684398,38.025
1768500297.7869775,38.913
1768500297.889325,41.207
1768500297.9918003,34.001
1768500298.0944383,47.872
1768500298.196932,37.981
1768500298.3026953,35.679
1768500298.4049122,50.331
1768500298.5073357,37.609
1768500298.6097407,37.138
1768500298.7122,45.834
1768500298.8145273,34.1
1768500298.9168067,47.184
1768500299.0191803,40.172
1768500299.1215818,35.185
1768500299.2272284,50.43
1768500299.3295605,39.209
1768500299.431963,35.876
1768500299.5343108,51.812
1768500299.636543,38.223
1768500299.7388322,37.039
1768500299.8410704,47.605
1768500299.9435134,33.31
1768500300.045804,40.664
1768500300.1517506,47.479
1768500300.2542775,37.609
1768500300.3571732,51.253
1768500300.4592595,40.096
1768500300.5614955,36.25
1768500300.6636882,50.271
1768500300.7658591,38.397
1768500300.8689651,39.383
1768500300.9714346,45.511
1768500301.07617,34.889
1768500301.178544,46.987
1768500301.2809792,40.096
1768500301.3832016,36.546
1768500301.485543,54.495
1768500301.5878694,38.595
1768500301.6901348,36.842
1768500301.7925591,47.479
1768500301.8948464,33.902
1768500302.000731,41.034
1768500302.1030967,45.341
1768500302.2055933,34.889
1768500302.3079343,52.071
1768500302.410368,33.705
1768500302.512581,47.015
1768500302.6150186,39.777
1768500302.7172282,34.593
1768500302.8195577,50.203
1768500302.9262612,33.014
1768500303.0286174,43.57
1768500303.1308227,39.284
1768500303.2330835,35.383
1768500303.3354046,45.046
1768500303.4376867,37.927
1768500303.5400934,36.743
1768500303.642384,47.184
1768500303.7445967,38.595
1768500303.850889,36.842
1768500303.9532588,49.082
1768500304.0555325,33.705
1768500304.1579938,40.172
1768500304.2603395,43.004
1768500304.3628623,35.087
1768500304.465257,48.856
1768500304.5677435,39.087
1768500304.6750102,52.562
1768500304.7778468,38.913
1768500304.8804996,37.138
1768500304.9826226,48.237
1768500305.085382,33.705
1768500305.1886559,37.434
1768500305.2910078,50.203
1768500305.3976007,39.482
1768500305.4998686,35.778
1768500305.6022472,49.515
1768500305.704514,38.868
1768500305.8067734,36.842
1768500305.9091246,46.79
1768500306.0113173,33.606
1768500306.1136637,41.256
1768500306.216157,46.03
1768500306.3223097,33.606
1768500306.424552,38.397
1768500306.527049,44.16
1768500306.6292784,34.889
1768500306.7317026,43.792
1768500306.834178,37.335
1768500306.9364886,42.684
1768500307.0389671,35.56
1768500307.1412838,48.04
1768500307.2467103,33.902
1768500307.3491993,51.088
1768500307.4516604,33.31
1768500307.5540404,43.103
1768500307.6563013,38.966
1768500307.758534,37.927
1768500307.8608992,44.456
1768500307.9632883,34.692
1768500308.0656137,46.959
1768500308.171188,37.236
1768500308.2736065,37.434
1768500308.375935,41.256
1768500308.4782696,34.593
1768500308.5805676,49.711
1768500308.6831489,37.215
1768500308.7854736,37.236
1768500308.8879344,42.487
1768500308.9906144,34.297
1768500309.0968642,37.729
1768500309.199128,37.532
1768500309.3037953,42.413
1768500309.4060378,33.902
1768500309.5093088,48.462
1768500309.6121178,36.94
1768500309.7149472,38.792
1768500309.819927,38.025
1768500309.9223142,36.842
1768500310.0248606,37.51
1768500310.127515,39.777
1768500310.2302392,37.018
1768500310.3326106,39.11
1768500310.4350498,40.838
1768500310.5375435,34.1
1768500310.640027,46.03
1768500310.744936,37.313
1768500310.8473282,36.645
1768500310.9497156,44.652
1768500311.0521476,33.606
1768500311.1545243,48.167
1768500311.2568097,32.836
1768500311.3594046,41.748
1768500311.4619193,39.603
1768500311.5643156,34.692
1768500311.6699157,43.767
1768500311.7724018,32.638
1768500311.8748126,41.625
1768500311.9771245,38.397
1768500312.0796456,34.495
1768500312.1820774,47.704
1768500312.2843592,37.236
1768500312.3866253,38.496
1768500312.4891703,44.554
1768500312.5946522,33.606
1768500312.6969213,41.847
1768500312.7993584,40.814
1768500312.9016826,34.297
1768500313.00421,44.849
1768500313.1065006,38.102
1768500313.2087946,36.743
1768500313.3111777,47.844
1768500313.4134948,33.31
1768500313.5204287,41.157
1768500313.622684,34.791
1768500313.7251084,50.959
1768500313.8274236,33.705
1768500313.931249,40.148
1768500314.0335426,38.868
1768500314.1358557,37.828
1768500314.2382083,47.409
1768500314.3440838,34.001
1768500314.4463968,39.482
1768500314.5488858,47.015
1768500314.6512184,34.1
1768500314.753589,44.58
1768500314.8559391,39.801
1768500314.958257,37.335
1768500315.0606,51.352
1768500315.1629598,33.804
1768500315.2682724,41.33
1768500315.370614,40.838
1768500315.4728937,34.593
1768500315.5751932,48.532
1768500315.6776512,37.434
1768500315.7800233,39.284
1768500315.8824997,41.133
1768500315.984834,35.087
1768500316.0872066,52.102
1768500316.189698,36.151
1768500316.2944736,38.397
1768500316.3968143,45.019
1768500316.4993389,34.791
1768500316.601706,49.682
1768500316.70394,32.934
1768500316.8064644,42.906
1768500316.9090545,34.988
1768500317.0114963,45.511
1768500317.1138253,33.606
1768500317.218939,42.118
1768500317.3214095,42.044
1768500317.4237287,34.889
1768500317.526241,48.827
1768500317.628632,33.606
1768500317.7309742,39.876
1768500317.8331819,40.467
1768500317.9354823,35.876
1768500318.0378404,46.129
1768500318.1447983,46.102
1768500318.2469542,38.496
1768500318.3492918,36.743
1768500318.4515035,44.259
1768500318.5540042,33.804
1768500318.656274,50.233
1768500318.7588835,32.441
1768500318.8610837,41.157
1768500318.9635463,39.777
1768500319.0707116,34.495
1768500319.173117,46.2
1768500319.2754388,32.836
1768500319.3779216,40.566
1768500319.4804022,36.447
1768500319.5829513,38.496
1768500319.6852536,43.865
1768500319.7881103,33.329
1768500319.890509,44.16
1768500319.9954715,38.178
1768500320.0980272,35.856
1768500320.200475,46.227
1768500320.3030024,33.113
1768500320.4052644,40.763
1768500320.5077996,40.838
1768500320.610351,34.988
1768500320.7127979,48.561
1768500320.8152506,34.199
1768500320.9200232,41.921
1768500321.0225737,40.542
1768500321.1248372,34.593
1768500321.2273285,51.155
1768500321.329675,38.299
1768500321.4319465,39.186
1768500321.53448,42.782
1768500321.636974,34.593
1768500321.739312,46.424
1768500321.8450477,38.89
1768500321.9474094,37.335
1768500322.0499008,47.577
1768500322.1522384,34.1
1768500322.2549846,47.647
1768500322.3572903,36.623
1768500322.4595616,38.321
1768500322.5620246,46.397
1768500322.6680698,39.876
1768500322.7774634,41.551
1768500322.8815043,34.297
1768500322.983872,49.348
1768500323.086181,39.307
1768500323.1925046,39.186
1768500323.2949562,40.664
1768500323.3972821,35.975
1768500323.4997065,45.538
1768500323.602095,34.1
1768500323.7046971,40.664
1768500323.8072038,36.666
1768500323.909643,38.89
1768500324.0119712,42.487
1768500324.1171308,32.737
1768500324.2194166,44.456
1768500324.3218212,32.836
1768500324.4242618,45.538
1768500324.5267138,37.236
1768500324.6290648,39.383
1768500324.731417,42.833
1768500324.8338382,34.199
1768500324.9364445,47.254
1768500325.042749,32.934
1768500325.1452446,42.782
1768500325.2482924,35.087
1768500325.3506997,38.617
1768500325.4530768,35.383
1768500325.5555449,41.059
1768500325.6579468,33.902
1768500325.760501,43.767
1768500325.8628657,32.539
1768500325.967472,47.605
1768500326.0699904,31.552
1768500326.1725056,42.216
1768500326.27491,36.764
1768500326.3772357,37.138
1768500326.479801,36.743
1768500326.5827687,36.053
1768500326.6866212,39.58
1768500326.795417,32.737
1768500326.8980076,45.467
1768500327.0071504,36.25
1768500327.1097093,37.631
1768500327.2153823,41.428
1768500327.3180778,33.606
1768500327.4206092,45.413
1768500327.5230176,34.692
1768500327.6254983,40.073
1768500327.7278578,38.223
1768500327.8305154,35.481
1768500327.9331253,38.89
1768500328.0357199,35.778
1768500328.1411378,43.15
1768500328.2435274,33.132
1768500328.3461285,47.015
1768500328.4486654,36.131
1768500328.5509944,36.645
1768500328.6533885,43.471
1768500328.7557983,32.934
1768500328.8582933,47.745
1768500328.960679,31.947
1768500329.0658202,40.369
1768500329.1681898,42.61
1768500329.2704973,32.934
1768500329.3729646,41.921
1768500329.4753191,42.782
1768500329.577622,33.606
1768500329.6798449,41.995
1768500329.7822106,40.369
1768500329.8845417,34.001
1768500329.9901671,48.138
1768500330.0925186,38.913
1768500330.1948383,34.889
1768500330.2972457,45.046
1768500330.3995142,38.989
1768500330.5017989,35.757
1768500330.6041288,47.184
1768500330.7064314,36.743
1768500330.8108673,45.118
1768500330.915463,34.001
1768500331.017865,40.345
1768500331.12016,46.621
1768500331.2264829,38.42
1768500331.3287506,38.617
1768500331.430959,38.595
1768500331.533284,33.508
1768500331.6392996,42.782
1768500331.7417254,39.459
1768500331.8443043,35.362
1768500331.946656,46.271
1768500332.0491207,33.902
1768500332.1515572,49.092
1768500332.2538755,38.223
1768500332.3562593,37.532
1768500332.4633265,47.409
1768500332.5655777,33.606
1768500332.667967,40.763
1768500332.7702887,45.511
1768500332.872597,33.902
1768500332.9748921,40.838
1768500333.0771904,43.078
1768500333.1794803,33.902
1768500333.2818646,38.792
1768500333.3874795,48.561
1768500333.4898899,33.212
1768500333.5921683,39.186
1768500333.6945672,47.282
1768500333.7969794,34.001
1768500333.8992734,40.27
1768500334.0016837,44.134
1768500334.1039596,34.001
1768500334.2063272,46.03
1768500334.3105369,39.876
1768500334.41291,36.447
1768500334.5151315,50.694
1768500334.6173937,33.705
1768500334.7197924,41.847
1768500334.8226106,44.948
1768500334.9249253,35.284
1768500335.0272214,34.889
1768500335.1302178,39.087
1768500335.2433002,45.118
1768500335.345538,33.231
1768500335.4479723,39.186
1768500335.5503314,46.326
1768500335.6526864,33.113
1768500335.755018,39.679
1768500335.8600852,47.113
1768500335.9623823,34.495
1768500336.0646572,50.173
1768500336.1669655,36.919
1768500336.2693024,38.223
1768500336.371956,46.987
1768500336.4744756,38.89
1768500336.5769453,46.818
1768500336.6795013,34.692
1768500336.7843585,37.018
1768500336.8867683,37.532
1768500336.9889858,47.549
1768500337.0913882,33.606
1768500337.1936781,39.209
1768500337.2960093,47.52
1768500337.3983328,34.001
1768500337.5005877,45.708
1768500337.6029706,37.631
1768500337.7091146,38.814
1768500337.8115387,42.585
1768500337.913912,34.791
1768500338.0162568,49.053
1768500338.1187606,37.631
1768500338.2210495,37.039
1768500338.3235068,45.341
1768500338.4258637,34.199
1768500338.5282016,48.63
1768500338.6346054,38.89
1768500338.736898,35.383
1768500338.8392768,49.515
1768500338.9416711,33.31
1768500339.0440044,42.216
1768500339.1462898,41.256
1768500339.2486732,50.83
1768500339.3518164,38.42
1768500339.4541798,40.96
1768500339.5600789,44.849
1768500339.6639786,34.791
1768500339.766241,49.446
1768500339.868527,33.902
1768500339.9708543,43.078
1768500340.0731294,39.482
1768500340.1753852,35.658
1768500340.2777097,51.905
1768500340.3833513,40.073
1768500340.4857967,35.56
1768500340.5880806,47.479
1768500340.6903296,38.989
1768500340.7926319,35.778
1768500340.8950078,49.023
1768500340.9972486,33.606
1768500341.099574,44.186
1768500341.202079,40.05
1768500341.3076646,38.025
1768500341.409903,46.424
1768500341.5122082,35.856
1768500341.6145065,50.959
1768500341.7168355,38.792
1768500341.819271,38.42
1768500341.9220147,45.878
1768500342.0244846,34.593
1768500342.1268334,44.58
1768500342.2315583,40.27
1768500342.333982,35.778
1768500342.4363728,52.495
1768500342.538669,33.409
1768500342.6410425,39.186
1768500342.7434196,40.369
1768500342.845698,34.692
1768500342.9479105,51.383
1768500343.0502136,38.003
1768500343.152662,37.729
1768500343.257538,46.719
1768500343.359869,33.527
1768500343.4629104,47.97
1768500343.5653296,38.693
1768500343.6676455,35.58
1768500343.7700977,34.297
1768500343.8796918,49.22
1768500343.9845645,36.623
1768500344.0868566,39.777
1768500344.189229,43.668
1768500344.2915666,34.1
1768500344.3939388,46.888
1768500344.4963417,36.131
1768500344.5989022,39.186
1768500344.7012665,44.357
1768500344.807797,34.593
1768500344.9102604,47.338
1768500345.012695,33.31
1768500345.115193,40.345
1768500345.217436,43.57
1768500345.3198128,34.593
1768500345.4221506,45.905
1768500345.524578,33.508
1768500345.631596,47.704
1768500345.7341197,38.397
1768500345.83656,36.447
1768500345.9389088,44.724
1768500346.0412285,34.199
1768500346.1436026,46.495
1768500346.2459989,39.951
1768500346.348292,34.988
1768500346.456074,43.668
1768500346.5585818,33.212
1768500346.6608157,40.861
1768500346.7632458,32.638
1768500346.865615,42.881
1768500346.9680033,34.396
1768500347.0703628,47.549
1768500347.1727571,32.934
1768500347.2750947,40.172
1768500347.380496,39.974
1768500347.4833083,34.889
1768500347.585654,49.318
1768500347.6879597,34.968
1768500347.790535,44.554
1768500347.8940623,33.606
1768500347.9963274,44.948
1768500348.098635,38.124
1768500348.2024965,35.954
1768500348.3082662,43.471
1768500348.4107246,33.804
1768500348.5132444,45.44
1768500348.6156714,33.033
1768500348.7179928,47.577
1768500348.8203335,36.645
1768500348.923006,41.33
1768500349.0256047,37.138
1768500349.1330585,44.652
1768500349.2354155,36.743
1768500349.3379328,38.814
1768500349.4402952,42.906
1768500349.542752,33.804
1768500349.6451159,47.254
1768500349.7476318,33.033
1768500349.850126,42.512
1768500349.9524803,40.096
1768500350.0573273,34.297
1768500350.159736,50.006
1768500350.2621758,35.383
1768500350.3646848,38.913
1768500350.4669719,41.699
1768500350.56943,33.804
1768500350.6719913,47.675
1768500350.7743373,32.539
1768500350.8767915,43.891
1768500350.9830894,37.138
1768500351.0854237,38.299
1768500351.1880686,40.369
1768500351.2906883,34.593
1768500351.3931186,46.227
1768500351.4956748,33.705
1768500351.5979772,47.282
1768500351.700447,37.631
1768500351.8071754,36.842
1768500351.9094028,44.528
1768500352.0118637,34.001
1768500352.1148114,37.434
1768500352.2185555,37.236
1768500352.3208508,43.963
1768500352.423673,33.902
1768500352.525937,43.176
1768500352.63182,33.31
1768500352.7341602,43.694
1768500352.836568,38.671
1768500352.9391413,36.743
1768500353.0414455,44.357
1768500353.143743,33.902
1768500353.2460866,44.259
1768500353.3483093,32.836
1768500353.4508321,42.709
1768500353.5565462,37.905
1768500353.6589637,34.889
1768500353.7614634,44.482
1768500353.8637302,32.737
1768500353.9660344,42.118
1768500354.0683358,37.51
1768500354.170802,36.053
1768500354.2732887,43.176
1768500354.3756835,32.934
1768500354.4828238,48.335
1768500354.5852482,32.342
1768500354.687774,39.801
1768500354.7902803,38.353
1768500354.8925147,34.396
1768500354.994903,43.963
1768500355.0972507,32.737
1768500355.1996639,44.16
1768500355.305394,37.236
1768500355.4079285,37.532
1768500355.5102623,38.102
1768500355.6127408,37.532
1768500355.7152014,38.814
1768500355.8176172,35.087
1768500355.9199,44.088
1768500356.0223582,33.508
1768500356.124852,34.1
1768500356.229883,36.328
1768500356.3322177,36.743
1768500356.434622,37.335
1768500356.540703,39.209
1768500356.6431692,34.692
1768500356.7467544,32.934
1768500356.849195,43.103
1768500356.9549255,36.447
1768500357.0571978,36.349
1768500357.1596816,44.482
1768500357.2620988,33.804
1768500357.3644114,38.42
1768500357.4667554,42.881
1768500357.5690877,33.329
1768500357.6714258,43.595
1768500357.77377,39.012
1768500357.8804352,34.988
1768500357.9829743,46.692
1768500358.0854273,35.087
1768500358.187733,47.184
1768500358.2901485,33.705
1768500358.3924963,44.456
1768500358.4947324,37.138
1768500358.5972068,38.989
1768500358.7045524,45.834
1768500358.8068178,33.902
1768500358.9093053,40.838
1768500359.0116746,41.946
1768500359.1139822,34.889
1768500359.2163966,45.046
1768500359.3186798,41.083
1768500359.4213195,35.481
1768500359.5236492,47.113
1768500359.6290448,38.617
1768500359.7313886,38.124
1768500359.833739,48.04
1768500359.935955,34.475
1768500360.0382807,39.58
1768500360.1406064,47.507
1768500360.2429535,34.001
1768500360.3451865,38.716
1768500360.4475145,46.861
1768500360.55403,34.001
1768500360.6563494,45.341
1768500360.7586021,35.975
1768500360.8617868,48.364
1768500360.9663072,33.804
1768500361.0686078,37.806
1768500361.170794,49.279
1768500361.2767406,39.087
1768500361.3791208,37.532
1768500361.4814246,37.609
1768500361.583752,39.012
1768500361.686101,46.523
1768500361.7884743,32.934
1768500361.890869,37.828
1768500361.9933324,43.004
1768500362.09572,34.495
1768500362.2024262,52.366
1768500362.304885,36.842
1768500362.4072073,38.124
1768500362.5096443,47.015
1768500362.6121635,33.606
1768500362.7144768,38.496
1768500362.817012,48.335
1768500362.919324,33.014
1768500363.0216348,40.96
1768500363.1269596,43.201
1768500363.2292566,34.593
1768500363.3316994,40.664
1768500363.4340763,43.373
1768500363.536447,34.495
1768500363.6388652,45.019
1768500363.741264,42.61
1768500363.843653,34.593
1768500363.946135,41.453
1768500364.052275,45.664
1768500364.1544962,34.692
1768500364.2567525,46.129
1768500364.3591805,42.807
1768500364.4613838,35.362
1768500364.563763,45.44
1768500364.6661768,38.474
1768500364.7690375,37.532
1768500364.8713033,50.596
1768500364.9768283,33.804
1768500365.0793405,48.04
1768500365.1824307,34.495
1768500365.2851326,44.16
1768500365.3874223,42.019
1768500365.489742,35.58
1768500365.5921261,50.823
1768500365.6944747,33.606
1768500365.799828,39.186
1768500365.902168,45.681
1768500366.0044944,34.396
1768500366.1067667,49.22
1768500366.2091818,37.292
1768500366.3116097,37.806
1768500366.4139733,40.739
1768500366.5163105,33.705
1768500366.618843,46.888
1768500366.7211597,33.231
1768500366.8260632,40.715
1768500366.928447,34.1
1768500367.0307064,43.398
1768500367.1333277,43.891
1768500367.2356167,33.329
1768500367.33805,38.025
1768500367.4404664,44.036
1768500367.542856,34.495
1768500367.645244,45.44
1768500367.7532675,41.847
1768500367.8556595,34.791
1768500367.9579952,45.861
1768500368.06029,39.307
1768500368.1626036,36.172
1768500368.2649748,48.266
1768500368.3674662,33.902
1768500368.469624,41.231
1768500368.5766404,41.921
1768500368.6790278,36.271
1768500368.7812736,53.644
1768500368.8837,38.102
1768500368.9860706,39.209
1768500369.088357,44.921
1768500369.1913369,35.284
1768500369.2938225,46.987
1768500369.4004376,36.053
1768500369.5042167,51.548
1768500369.607364,36.94
1768500369.7096348,37.806
1768500369.8118236,46.003
1768500369.9139962,33.428
1768500370.01637,48.503
1768500370.1186438,37.686
1768500370.2242587,37.927
1768500370.3266704,47.647
1768500370.4289706,37.828
1768500370.531223,37.927
1768500370.6336567,46.692
1768500370.736063,38.716
1768500370.8383462,38.693
1768500370.940803,50.498
1768500371.0432396,33.132
1768500371.1498408,43.767
1768500371.2521565,39.876
1768500371.3546162,34.988
1768500371.4568858,46.916
1768500371.5592773,43.741
1768500371.6615882,34.593
1768500371.7638834,42.807
1768500371.8662043,39.482
1768500371.968516,35.284
1768500372.0753398,48.069
1768500372.1776533,38.474
1768500372.2801323,35.481
1768500372.3825126,38.496
1768500372.4850862,45.779
1768500372.5874286,34.988
1768500372.689865,45.735
1768500372.7923174,43.004
1768500372.8946753,35.087
1768500372.999233,41.133
1768500373.1014829,45.976
1768500373.203801,35.087
1768500373.3062027,42.807
1768500373.408514,46.818
1768500373.5108073,34.889
1768500373.6130643,43.595
1768500373.7155747,41.921
1768500373.8178716,35.757
1768500373.9239976,38.595
1768500374.027286,37.631
1768500374.1294718,51.677
1768500374.236136,33.606
1768500374.3385751,41.034
1768500374.4408655,42.881
1768500374.5478337,33.329
1768500374.6503253,48.561
1768500374.7528434,40.838
1768500374.8552115,37.631
1768500374.957531,46.719
1768500375.0599813,33.606
1768500375.1622674,42.61
1768500375.26452,40.444
1768500375.3669424,33.508
1768500375.4729624,49.023
1768500375.5753,38.223
1768500375.6776536,41.354
1768500375.7800324,39.186
1768500375.882399,35.383
1768500375.9848986,46.692
1768500376.087289,33.409
1768500376.189663,40.936
1768500376.2919233,41.625
1768500376.3968265,32.638
1768500376.4992294,46.987
1768500376.6015267,38.025
1768500376.7038233,37.434
1768500376.8061328,37.335
1768500376.908494,39.482
1768500377.0108967,38.89
1768500377.1131885,34.988
1768500377.2154264,44.357
1768500377.3177521,36.645
1768500377.4234407,37.631
1768500377.5257897,43.767
1768500377.6281385,34.199
1768500377.7304213,47.479
1768500377.8333125,32.934
1768500377.935492,38.989
1768500378.037859,40.763
1768500378.140287,34.297
1768500378.2465777,37.927
1768500378.3495169,37.258
1768500378.4530532,47.38
1768500378.5552843,33.902
1768500378.6575005,42.979
1768500378.7597976,40.566
1768500378.8621519,34.791
1768500378.9644234,41.354
1768500379.0667534,39.284
1768500379.1731975,36.25
1768500379.2755492,53.218
1768500379.3780713,38.693
1768500379.4802988,37.532
1768500379.5827389,51.284
1768500379.6850076,36.447
1768500379.7873545,37.631
1768500379.8897548,52.955
1768500379.992127,38.518
1768500380.0976903,38.025
1768500380.2000196,53.152
1768500380.3028197,39.557
1768500380.4051895,34.791
1768500380.5076907,47.282
1768500380.6100092,38.003
1768500380.7123952,38.42
1768500380.81485,50.006
1768500380.9171822,33.409
1768500381.0220199,42.807
1768500381.1244688,38.42
1768500381.226892,35.778
1768500381.3293223,46.227
1768500381.4317555,33.132
1768500381.5342472,45.708
1768500381.6367004,40.073
1768500381.7393835,34.593
1768500381.8418863,48.601
1768500381.9476275,32.737
1768500382.0502675,39.876
1768500382.1527598,39.307
1768500382.255758,34.889
1768500382.3580189,46.719
1768500382.4605303,32.934
1768500382.562901,39.876
1768500382.665112,44.751
1768500382.767629,33.724
1768500382.8761497,37.335
1768500382.9783614,39.876
1768500383.08086,42.734
1768500383.1832588,34.396
1768500383.2855856,49.053
1768500383.3878753,37.631
1768500383.4900718,38.792
1768500383.5925229,43.078
1768500383.6955605,33.705
1768500383.797934,43.078
1768500383.9002433,39.065
1768500384.002528,35.856
1768500384.1048858,42.782
1768500384.207263,35.778
1768500384.30966,49.348
1768500384.4120636,33.212
1768500384.5143826,41.428
1768500384.6167464,38.397
1768500384.7192125,37.631
1768500384.8245342,46.271
1768500384.9269161,33.804
1768500385.0292819,48.167
1768500385.1318235,36.151
1768500385.23435,39.482
1768500385.3367121,42.364
1768500385.4392002,34.495
1768500385.541475,50.173
1768500385.6438103,33.132
1768500385.7498753,40.861
1768500385.8523333,37.828
1768500385.9546027,35.679
1768500386.0569503,39.383
1768500386.1592023,34.396
1768500386.2617733,46.156
1768500386.3641713,33.804
1768500386.4665556,43.3
1768500386.5690482,37.631
1768500386.671403,36.447
1768500386.7772777,32.243
1768500386.8796732,40.345
1768500386.9821317,34.001
1768500387.0848808,42.315
1768500387.1872885,33.626
1768500387.2919738,43.398
1768500387.3943632,32.934
1768500387.4975429,32.046
1768500387.60344,43.497
1768500387.7059035,37.729
1768500387.8081355,36.151
1768500387.910368,41.527
1768500388.0127947,33.606
1768500388.1152027,45.735
1768500388.2175865,32.539
1768500388.3197834,39.383
1768500388.4257936,37.806
1768500388.52813,34.889
1768500388.6303725,48.335
1768500388.73278,36.25
1768500388.8352387,40.369
1768500388.9377465,38.102
1768500389.0401704,37.927
1768500389.1424344,46.818
1768500389.2449636,33.113
1768500389.3504076,40.27
1768500389.452857,43.176
1768500389.5552204,33.804
1768500389.657597,44.482
1768500389.760239,39.656
1768500389.8627696,35.185
1768500389.9651442,46.566
1768500390.067492,33.132
1768500390.173375,41.822
1768500390.2760918,44.974
1768500390.3785515,33.508
1768500390.4811182,40.739
1768500390.5835774,44.114
1768500390.686381,34.692
1768500390.788706,43.57
1768500390.891138,39.876
1768500390.997717,36.447
1768500391.1008568,40.641
1768500391.2031937,36.25
1768500391.3054283,54.102
1768500391.4080672,39.11
1768500391.5103807,37.434
1768500391.613243,48.896
1768500391.7156975,44.16
1768500391.82291,39.11
1768500391.9252522,38.2
1768500392.0274463,43.347
1768500392.129793,34.791
1768500392.2320065,43.963
1768500392.3344939,42.044
1768500392.4367454,35.284
1768500392.5389895,51.646
1768500392.6448777,38.397
1768500392.7471051,36.94
1768500392.849364,47.97
1768500392.9518306,33.329
1768500393.0542774,41.33
1768500393.156584,44.554
1768500393.2588608,34.1
1768500393.361116,42.216
1768500393.4633825,42.684
1768500393.5691812,34.199
1768500393.6714747,49.938
1768500393.7740045,33.31
1768500393.8763168,38.792
1768500393.9785323,39.777
1768500394.081466,35.362
1768500394.1838264,49.485
1768500394.2861762,36.623
1768500394.388424,37.138
1768500394.494658,50.203
1768500394.596851,39.11
1768500394.6991267,34.889
1768500394.8015232,46.271
1768500394.9037771,38.299
1768500395.0061612,36.053
1768500395.1084719,46.298
1768500395.210821,36.271
1768500395.313213,37.039
1768500395.4186895,45.708
1768500395.5209203,33.902
1768500395.6233416,43.004
1768500395.7262552,38.868
1768500395.8287156,36.151
1768500395.9312005,49.348
1768500396.0344844,35.56
1768500396.1371431,46.916
1768500396.2438679,37.335
1768500396.3462124,38.518
1768500396.448482,38.003
1768500396.550849,37.434
1768500396.653073,41.157
1768500396.7557619,46.2
1768500396.8581676,38.397
1768500396.9607158,37.631
1768500397.0663571,45.511
1768500397.168665,32.836
1768500397.270967,39.186
1768500397.3733506,43.471
1768500397.475648,35.284
1768500397.5779457,49.848
1768500397.6804059,33.212
1768500397.7828803,46.621
1768500397.8851354,39.11
1768500397.991365,36.447
1768500398.0937881,47.479
1768500398.1961186,34.396
1768500398.2985244,43.004
1768500398.4007268,43.865
1768500398.5029464,34.593
1768500398.6054003,52.629
1768500398.7077734,38.693
1768500398.8101945,38.321
1768500398.9155877,47.872
1768500399.0179627,34.001
1768500399.120428,48.433
1768500399.2226806,36.25
1768500399.325216,36.743
1768500399.4275277,50.203
1768500399.5298784,37.828
1768500399.6322334,35.954
1768500399.7347817,51.02
1768500399.8400817,39.087
1768500399.9425428,36.151
1768500400.044835,38.814
1768500400.1472526,36.743
1768500400.2495143,46.523
1768500400.3532317,33.31
1768500400.4555073,45.708
1768500400.558579,33.508
1768500400.6641245,43.497
1768500400.766533,39.974
1768500400.8688738,34.889
1768500400.9711747,51.217
1768500401.0735545,35.087
1768500401.1759624,38.518
1768500401.2782304,47.675
1768500401.3805876,33.31
1768500401.4830499,39.603
1768500401.5888653,45.315
1768500401.6911578,34.593
1768500401.7935028,45.216
1768500401.8959682,41.822
1768500401.9983919,35.087
1768500402.1006846,51.118
1768500402.2030618,38.178
1768500402.3053467,36.447
1768500402.4076574,50.596
1768500402.5127373,38.936
1768500402.615014,36.151
1768500402.7173731,48.757
1768500402.819852,40.345
1768500402.9220796,34.889
1768500403.024478,40.148
1768500403.1272328,45.932
1768500403.2295296,34.297
1768500403.3319004,41.059
1768500403.4373405,43.497
1768500403.5396266,35.56
1768500403.6422055,50.075
1768500403.7444742,34.1
1768500403.8469741,42.118
1768500403.949235,43.128
1768500404.051576,35.778
1768500404.1537962,53.579
1768500404.2560656,36.053
1768500404.3631585,38.693
1768500404.465446,48.266
1768500404.5683098,35.481
1768500404.6722863,54.201
1768500404.774629,37.631
1768500404.877711,46.102
1768500404.979948,35.383
1768500405.0848448,45.145
1768500405.1872609,34.791
1768500405.2895162,46.523
1768500405.3918824,33.231
1768500405.494192,48.757
1768500405.596428,32.737
1768500405.6988614,42.34
1768500405.801202,40.073
1768500405.903474,34.889
1768500406.0059283,46.495
1768500406.111423,33.132
1768500406.213926,42.019
1768500406.3162935,38.693
1768500406.418609,34.495
1768500406.5209844,43.201
1768500406.623278,33.902
1768500406.7256906,35.185
1768500406.8281813,43.694
1768500406.9312723,37.51
1768500407.0355105,36.053
1768500407.1379542,41.921
1768500407.240386,33.705
1768500407.342878,49.151
1768500407.4452667,36.567
1768500407.5476367,38.989
1768500407.650039,38.42
1768500407.7523074,35.284
1768500407.854709,47.774
1768500407.9606543,32.638
1768500408.0631425,40.467
1768500408.1654978,38.2
1768500408.2680564,35.185
1768500408.3705044,47.704
1768500408.4728453,33.033
1768500408.575134,43.398
1768500408.6775353,37.215
1768500408.7801235,37.039
1768500408.8846233,41.404
1768500408.9871767,33.902
1768500409.0897942,47.97
1768500409.193414,32.934
1768500409.2957823,41.256
1768500409.3980505,34.593
1768500409.500476,44.751
1768500409.6028125,32.737
1768500409.708565,45.046
1768500409.8110166,36.743
1768500409.913474,37.434
1768500410.015899,42.216
1768500410.1183863,34.988
1768500410.2207975,44.849
1768500410.3233986,33.033
1768500410.4259298,40.566
1768500410.5282898,39.679
1768500410.6340337,34.297
1768500410.7366557,46.424
1768500410.8392966,32.539
1768500410.9416955,41.133
1768500411.043969,38.769
1768500411.1464953,35.856
1768500411.248936,44.233
1768500411.3512402,32.934
1768500411.4585006,42.413
1768500411.5609586,38.518
1768500411.6636684,35.58
1768500411.766054,46.227
1768500411.86832,33.527
1768500411.971041,45.341
1768500412.0734987,37.631
1768500412.1758933,39.974
1768500412.2818434,40.566
1768500412.3842416,34.593
1768500412.4866214,47.97
1768500412.5890465,32.934
1768500412.6914124,40.664
1768500412.7938902,39.065
1768500412.8963697,34.495
1768500412.9987185,44.876
1768500413.1011097,33.804
1768500413.2067459,43.595
1768500413.309101,33.606
1768500413.413373,45.932
1768500413.5158844,44.16
1768500413.6198866,34.869
1768500413.7221868,41.921
1768500413.8244975,37.927
1768500413.9302173,38.124
1768500414.0330884,40.073
1768500414.135657,36.447
1768500414.238005,46.719
1768500414.3404474,33.409
1768500414.4429276,41.256
1768500414.5453131,38.989
1768500414.6476634,36.447
1768500414.7536917,46.03
1768500414.8565333,33.409
1768500414.9590075,40.838
1768500415.0612965,40.073
1768500415.1637504,36.645
1768500415.2662556,46.888
1768500415.368606,34.001
1768500415.4711416,39.876
1768500415.573497,39.777
1768500415.679388,35.856
1768500415.781957,44.456
1768500415.8844106,34.199
1768500415.987008,51.481
1768500416.0895665,36.447
1768500416.1920295,43.891
1768500416.2944732,37.313
1768500416.3969305,38.89
1768500416.5032349,38.124
1768500416.605801,36.743
1768500416.7081847,38.375
1768500416.8105216,45.538
1768500416.9128532,37.653
1768500417.0157197,34.692
1768500417.11801,48.728
1768500417.2206943,36.82
1768500417.3231332,37.138
1768500417.4283195,42.684
1768500417.5306723,33.606
1768500417.6391726,38.693
1768500417.7414386,35.185
1768500417.843839,47.774
1768500417.946115,34.889
1768500418.0507243,39.482
1768500418.1532156,41.207
1768500418.2555566,34.495
1768500418.3579712,48.208
1768500418.460242,37.532
1768500418.5626662,38.693
1768500418.665011,46.495
1768500418.7672737,33.606
1768500418.869792,46.424
1768500418.9753885,39.209
1768500419.0777035,35.284
1768500419.1800072,50.694
1768500419.2822905,37.653
1768500419.3846042,37.609
1768500419.487058,43.668
1768500419.589355,33.626
1768500419.691611,45.637
1768500419.794108,39.876
1768500419.8964384,35.087
1768500420.0014858,49.476
1768500420.1039028,34.692
1768500420.2063642,38.223
1768500420.3086665,44.383
1768500420.410946,34.199
1768500420.513413,48.925
1768500420.6158316,37.631
1768500420.7183163,37.729
1768500420.8205593,45.145
1768500420.9267747,33.804
1768500421.029159,40.27
1768500421.1315887,40.542
1768500421.2339005,35.481
1768500421.3363261,49.377
1768500421.4390512,39.679
1768500421.5413265,36.743
1768500421.643721,41.354
1768500421.7461426,37.905
1768500421.8511536,38.989
1768500421.9534276,38.2
1768500422.0558476,39.482
1768500422.1597488,38.89
1768500422.2619784,37.609
1768500422.3641942,47.802
1768500422.4664183,33.804
1768500422.5685956,41.551
1768500422.6708636,44.331
1768500422.7759597,34.495
1768500422.878303,46.227
1768500422.9805458,41.034
1768500423.0827858,34.692
1768500423.1850374,50.528
1768500423.2874074,38.518
1768500423.3897264,35.778
1768500423.4921076,48.266
1768500423.594394,41.231
1768500423.6966636,34.495
1768500423.8020594,49.053
1768500423.9042616,39.58
1768500424.006575,35.658
1768500424.109103,40.467
1768500424.2115796,36.349
1768500424.3141093,45.538
1768500424.416348,33.705
1768500424.5187228,44.948
1768500424.6209786,33.508
1768500424.7273357,45.145
1768500424.8299558,32.539
1768500424.9321933,43.103
1768500425.0344937,43.3
1768500425.136824,33.31
1768500425.239182,45.341
1768500425.3415039,39.087
1768500425.4438787,34.1
1768500425.5463548,43.891
1768500425.6526356,42.881
1768500425.7550015,33.409
1768500425.8572977,49.81
1768500425.9596777,37.236
1768500426.0621443,37.806
1768500426.1645224,44.357
1768500426.2671328,34.001
1768500426.3695407,41.157
1768500426.471919,38.299
1768500426.5782444,36.25
1768500426.6807764,49.151
1768500426.783423,33.804
1768500426.8857589,40.247
1768500426.9881022,40.763
1768500427.0902474,35.461
1768500427.1926787,46.79
1768500427.2950416,37.335
1768500427.4006712,36.94
1768500427.5031414,47.577
1768500427.6053767,35.087
1768500427.7079058,38.792
1768500427.8103743,47.45
1768500427.912767,34.1
1768500428.015289,44.777
1768500428.1178389,40.021
1768500428.2201316,36.447
1768500428.3224363,51.972
1768500428.4273622,35.087
1768500428.5297627,40.838
1768500428.6320572,43.078
1768500428.734317,34.988
1768500428.8365753,50.43
1768500428.9388208,42.241
1768500429.04114,35.679
1768500429.1435392,47.647
1768500429.2459059,33.508
