timestamp,power_watts
1768500432.1368454,30.285
1768500432.239313,40.467
1768500432.3417168,32.934
1768500432.4490407,43.792
1768500432.5512955,35.856
1768500432.6536798,37.335
1768500432.756041,44.698
1768500432.8584363,33.231
1768500432.9608767,41.551
1768500433.0633216,41.231
1768500433.1656911,34.199
1768500433.2726893,50.135
1768500433.3750346,37.06
1768500433.4773698,38.397
1768500433.579658,45.932
1768500433.6819718,33.409
1768500433.784339,43.103
1768500433.8868392,39.534
1768500433.9892933,34.889
1768500434.0917294,50.203
1768500434.1973596,37.729
1768500434.3003058,36.645
1768500434.4026997,47.282
1768500434.5051057,33.902
1768500434.6076558,42.979
1768500434.7099192,42.34
1768500434.8123121,35.383
1768500434.9146314,54.364
1768500435.0217514,33.508
1768500435.1240225,41.133
1768500435.2262392,35.778
1768500435.3283901,50.339
1768500435.4305954,38.693
1768500435.5326838,41.157
1768500435.6347916,38.738
1768500435.7369385,40.566
1768500435.8392873,47.113
1768500435.9451387,34.495
1768500436.0475132,50.43
1768500436.1502807,32.342
1768500436.2526681,40.861
1768500436.3553593,42.709
1768500436.4578066,35.284
1768500436.5601323,47.043
1768500436.6623755,33.113
1768500436.7697134,34.889
1768500436.872089,39.58
1768500436.974421,38.353
1768500437.0770104,35.757
1768500437.1795359,43.3
1768500437.28204,33.033
1768500437.3843422,41.724
1768500437.486764,37.335
1768500437.5927799,38.716
1768500437.695128,39.186
1768500437.7975714,35.658
1768500437.9001224,39.012
1768500438.0025606,34.1
1768500438.1050026,47.872
1768500438.2073166,32.342
1768500438.3098388,39.876
1768500438.4122288,36.546
1768500438.5176911,37.236
1768500438.620273,38.442
1768500438.7227,36.842
1768500438.8254437,38.913
1768500438.9278655,35.679
1768500439.0302873,45.565
1768500439.1328263,33.31
1768500439.2351375,40.566
1768500439.340331,39.482
1768500439.4426603,49.348
1768500439.5448585,38.518
1768500439.6470666,36.546
1768500439.7493207,47.675
1768500439.8515315,33.804
1768500439.9537961,40.27
1768500440.0560348,45.708
1768500440.1583705,34.001
1768500440.2641275,46.747
1768500440.3664923,43.398
1768500440.4687347,34.791
1768500440.5710547,49.515
1768500440.6736329,39.012
1768500440.775968,35.876
1768500440.8785172,53.316
1768500440.9809659,37.828
1768500441.087877,37.806
1768500441.1903143,47.085
1768500441.292685,34.297
1768500441.3949463,44.823
1768500441.4975955,39.679
1768500441.5999613,37.631
1768500441.7022183,48.167
1768500441.8046792,34.001
1768500441.9111311,42.143
1768500442.0134869,46.129
1768500442.1159236,34.396
1768500442.218288,47.704
1768500442.3205993,40.641
1768500442.4230494,38.518
1768500442.525319,47.942
1768500442.6276035,34.692
1768500442.7299695,44.186
1768500442.8347564,43.471
1768500442.936991,34.495
1768500443.0394728,52.562
1768500443.1454055,37.905
1768500443.247805,37.806
1768500443.350386,44.062
1768500443.4527438,34.199
1768500443.5597026,37.116
1768500443.6618903,38.518
1768500443.7640903,45.834
1768500443.866302,34.1
1768500443.9686685,45.44
1768500444.0709765,37.532
1768500444.1733758,41.428
1768500444.2757845,39.087
1768500444.3779788,37.039
1768500444.4830492,47.31
1768500444.5853076,34.692
1768500444.68773,48.925
1768500444.7901673,33.508
1768500444.8924966,49.515
1768500444.9948378,37.729
1768500445.0971332,38.223
1768500445.1994164,42.019
1768500445.301754,34.593
1768500445.408003,46.129
1768500445.510415,38.245
1768500445.6128364,37.138
1768500445.7152047,45.959
1768500445.8175504,33.606
1768500445.9198792,45.932
1768500446.0221488,32.521
1768500446.1246293,41.33
1768500446.226886,37.927
1768500446.331426,36.447
1768500446.4338746,44.357
1768500446.5362566,33.132
1768500446.6385155,43.989
1768500446.7410557,32.342
1768500446.8434203,40.566
1768500446.9458632,34.001
1768500447.0484114,46.719
1768500447.150962,36.447
1768500447.2566686,36.053
1768500447.3595364,46.129
1768500447.461867,33.033
1768500447.5674698,40.936
1768500447.6716635,38.639
1768500447.7739732,35.56
1768500447.880747,33.033
1768500447.983008,41.157
1768500448.0853243,40.641
1768500448.1877284,33.705
1768500448.2899187,42.044
1768500448.392111,39.307
1768500448.4944143,36.447
1768500448.5966187,46.818
1768500448.6987114,34.001
1768500448.8035169,44.679
1768500448.905994,37.116
1768500449.0083156,37.434
1768500449.1107461,46.102
1768500449.21314,33.212
1768500449.3154268,41.256
1768500449.4176953,43.201
1768500449.5200863,34.495
1768500449.6223829,49.544
1768500449.7278998,39.406
1768500449.8302305,35.362
1768500449.9324775,48.335
1768500450.0346935,37.708
1768500450.1370006,38.025
1768500450.2392838,44.331
1768500450.3415534,34.396
1768500450.44393,40.27
1768500450.5462863,42.979
1768500450.651702,34.495
1768500450.7540603,43.398
1768500450.8565533,46.227
1768500450.9588885,34.297
1768500451.0612903,43.078
1768500451.163545,43.57
1768500451.2660003,34.593
1768500451.3683002,40.763
1768500451.4705884,49.515
1768500451.5767815,37.883
1768500451.6790144,36.842
1768500451.7812822,47.155
1768500451.8850582,33.508
1768500451.9872434,37.708
1768500452.0895917,47.901
1768500452.1918402,34.495
1768500452.2942436,47.577
1768500452.3996897,36.743
1768500452.5021508,48.659
1768500452.6042678,33.902
1768500452.7066312,40.073
1768500452.8089685,44.849
1768500452.9112837,35.087
1768500453.013504,45.073
1768500453.1158905,38.966
1768500453.2181516,37.51
1768500453.3235164,47.97
1768500453.4257915,34.593
1768500453.528188,52.66
1768500453.6304395,37.905
1768500453.7328439,39.482
1768500453.8351638,42.34
1768500453.9374125,34.791
1768500454.0397055,43.891
1768500454.1419563,37.905
1768500454.2484868,39.777
1768500454.3507469,42.216
1768500454.452986,34.396
1768500454.555263,44.849
1768500454.6575608,38.769
1768500454.759777,36.743
1768500454.8620555,47.97
1768500454.9642613,33.902
1768500455.0664828,43.398
1768500455.1727965,38.989
1768500455.2751107,37.927
1768500455.3773208,40.369
1768500455.4795904,35.58
1768500455.581842,52.169
1768500455.6841125,38.42
1768500455.7864053,36.546
1768500455.8888636,47.352
1768500455.9912233,34.297
1768500456.0968244,48.364
1768500456.1992135,37.412
1768500456.3016424,41.453
1768500456.4057012,45.637
1768500456.508067,37.138
1768500456.6103973,42.413
1768500456.712801,35.185
1768500456.8151245,32.638
1768500456.9218676,33.508
1768500457.024086,52.039
1768500457.1263578,33.902
1768500457.2286038,44.285
1768500457.3307698,40.247
1768500457.4330535,35.383
1768500457.5354693,44.456
1768500457.6375756,32.539
1768500457.7397022,41.453
1768500457.8460643,39.557
1768500457.9485197,35.087
1768500458.0509415,46.369
1768500458.153464,33.409
1768500458.255841,40.566
1768500458.3581553,45.511
1768500458.460535,33.804
1768500458.562832,44.679
1768500458.6651678,38.989
1768500458.7712862,35.383
1768500458.873691,51.972
1768500458.976069,37.949
1768500459.0783894,41.724
1768500459.1806715,42.29
1768500459.2830348,34.889
1768500459.3854785,52.2
1768500459.4878504,39.557
1768500459.5902176,36.053
1768500459.696224,48.462
1768500459.7985675,33.902
1768500459.9011424,44.58
1768500460.0034103,33.428
1768500460.1059086,38.496
1768500460.2088811,39.777
1768500460.3112812,40.838
1768500460.4136627,36.151
1768500460.5187418,48.787
1768500460.6211243,40.641
1768500460.7235758,35.383
1768500460.8260055,47.844
1768500460.9288816,38.913
1768500461.0312207,36.94
1768500461.1339006,54.397
1768500461.2364268,41.453
1768500461.343995,38.397
1768500461.4469182,36.94
1768500461.5493486,48.896
1768500461.6515489,37.412
1768500461.7539358,38.321
1768500461.856323,47.212
1768500461.9587035,34.199
1768500462.061467,45.861
1768500462.1678689,39.777
1768500462.2704017,37.039
1768500462.372834,52.267
1768500462.4752202,35.757
1768500462.57748,39.679
1768500462.680006,48.138
1768500462.7823818,33.705
1768500462.8849745,39.482
1768500462.9917407,45.046
1768500463.09422,35.185
1768500463.196671,48.728
1768500463.2992263,38.639
1768500463.401677,38.003
1768500463.5041342,48.462
1768500463.6064014,34.001
1768500463.7088704,44.751
1768500463.8129344,37.905
1768500463.9153628,36.842
1768500464.0178037,43.201
1768500464.120267,34.889
1768500464.222781,49.318
1768500464.3251753,32.836
1768500464.4281282,40.148
1768500464.5307899,40.96
1768500464.6331863,35.185
1768500464.735495,50.399
1768500464.850333,32.836
1768500464.9525983,40.936
1768500465.055017,33.902
1768500465.158554,51.579
1768500465.2640247,37.828
1768500465.366506,37.039
1768500465.4690037,47.38
1768500465.5714738,34.001
1768500465.6737847,44.331
1768500465.7762334,39.777
1768500465.8786192,36.37
1768500465.9810233,46.861
1768500466.0834193,34.593
1768500466.187541,48.994
1768500466.2900612,33.724
1768500466.3924348,39.777
1768500466.494775,40.763
1768500466.5970986,36.053
1768500466.6994355,38.541
1768500466.8018577,40.247
1768500466.9040937,41.428
1768500467.0064993,35.185
1768500467.1121194,50.498
1768500467.21447,37.313
1768500467.3167555,37.631
1768500467.4192677,42.315
1768500467.5215194,35.185
1768500467.623918,44.921
1768500467.7262487,33.409
1768500467.8286195,43.3
1768500467.9311147,37.729
1768500468.0370111,35.778
1768500468.1395113,49.279
1768500468.2417867,37.116
1768500468.3440256,38.792
1768500468.4470723,44.285
1768500468.5494776,34.001
1768500468.65186,44.823
1768500468.754263,39.186
1768500468.8599865,35.954
1768500468.9622526,46.074
1768500469.0646536,33.508
1768500469.1689425,39.012
1768500469.2711287,47.507
1768500469.373448,34.297
1768500469.4757707,45.315
1768500469.5792286,34.593
1768500469.685005,49.446
1768500469.7876256,39.087
1768500469.8901296,36.645
1768500469.992442,48.699
1768500470.0949697,36.546
1768500470.1974459,38.814
1768500470.2998154,44.383
1768500470.4022071,34.396
1768500470.5046985,46.03
1768500470.6090837,39.383
1768500470.7114267,35.362
1768500470.8139222,46.129
1768500470.9163845,39.406
1768500471.0186818,35.461
1768500471.1210873,54.397
1768500471.2233565,38.913
1768500471.3256726,37.434
1768500471.4280674,51.517
1768500471.5338042,36.94
1768500471.636189,39.087
1768500471.7384968,48.561
1768500471.841043,33.804
1768500471.9433162,43.3
1768500472.0456977,41.33
1768500472.1481636,35.856
1768500472.2504098,50.468
1768500472.352772,38.2
1768500472.4573157,37.335
1768500472.5597327,48.04
1768500472.6620793,33.902
1768500472.7644408,38.102
1768500472.8668163,46.495
1768500472.9692795,37.215
1768500473.072065,37.039
1768500473.1745656,48.433
1768500473.2768843,34.1
1768500473.3842394,43.176
1768500473.4867291,40.763
1768500473.5893695,36.94
1768500473.6918502,49.348
1768500473.7940922,34.297
1768500473.8963535,42.709
1768500473.9986649,35.856
1768500474.1010745,48.63
1768500474.2069519,34.396
1768500474.3092735,48.294
1768500474.4115615,40.444
1768500474.513968,35.383
1768500474.6163197,47.872
1768500474.7186298,39.656
1768500474.8209834,36.842
1768500474.923271,50.075
1768500475.0299292,35.185
1768500475.13227,39.58
1768500475.2346005,43.471
1768500475.337014,35.185
1768500475.4393902,51.383
1768500475.5417216,38.025
1768500475.6440122,38.42
1768500475.746238,47.226
1768500475.848597,33.902
1768500475.9509094,48.364
1768500476.0556414,32.737
1768500476.1579392,43.398
1768500476.2603154,38.245
1768500476.3626122,36.25
1768500476.4649422,44.751
1768500476.567379,33.39
1768500476.6696668,38.617
1768500476.7721078,32.836
1768500476.8745697,51.843
1768500476.9768753,34.988
1768500477.0812635,38.321
1768500477.183612,44.554
1768500477.2864764,34.1
1768500477.388804,44.751
1768500477.4911525,39.482
1768500477.593493,35.383
1768500477.6957753,52.106
1768500477.7983692,37.434
1768500477.901299,36.842
1768500478.0062153,42.906
1768500478.1088603,35.284
1768500478.2112525,53.611
1768500478.3135967,38.617
1768500478.4159136,39.998
1768500478.5183425,35.757
1768500478.620683,49.976
1768500478.7227614,35.481
1768500478.8249023,40.467
1768500478.9311335,41.478
1768500479.0335248,35.481
1768500479.136014,51.646
1768500479.2383025,38.223
1768500479.340879,40.467
1768500479.4432724,46.523
1768500479.5456474,34.199
1768500479.6481175,42.61
1768500479.7542589,41.428
1768500479.8565085,34.396
1768500479.9589193,51.941
1768500480.0613303,38.343
1768500480.1636965,39.284
1768500480.2661057,47.409
1768500480.3685093,34.199
1768500480.471031,42.636
1768500480.5733855,43.792
1768500480.6782005,34.692
1768500480.780545,46.424
1768500480.8829653,40.542
1768500480.985358,35.481
1768500481.087861,52.138
1768500481.1902354,40.247
1768500481.2925534,34.791
1768500481.3948796,43.839
1768500481.5016134,45.243
1768500481.603935,33.705
1768500481.7061615,39.11
1768500481.8085222,43.373
1768500481.911471,34.593
1768500482.013794,46.593
1768500482.1178892,32.638
1768500482.2201977,39.383
1768500482.3252857,43.963
1768500482.4276307,33.508
1768500482.530146,38.124
1768500482.6331217,49.976
1768500482.7353904,37.138
1768500482.8379571,47.999
1768500482.9402285,34.001
1768500483.0424273,39.656
1768500483.144665,46.495
1768500483.2502859,34.396
1768500483.352693,43.471
1768500483.4550996,45.806
1768500483.557406,34.199
1768500483.6596258,39.482
1768500483.7620037,50.535
1768500483.864219,37.412
1768500483.9664736,38.102
1768500484.0733416,48.335
1768500484.1758387,34.001
1768500484.2780879,39.853
1768500484.3804278,45.511
1768500484.4828742,34.396
1768500484.58511,38.518
1768500484.6873384,51.284
1768500484.7896976,40.542
1768500484.891917,34.889
1768500484.9977694,47.605
1768500485.1004012,40.392
1768500485.2029166,37.039
1768500485.305134,54.888
1768500485.4074113,33.902
1768500485.5102077,38.989
1768500485.6126103,49.613
1768500485.7148662,38.693
1768500485.8208506,37.434
1768500485.923199,48.63
1768500486.0254319,34.199
1768500486.128381,43.3
1768500486.2307627,37.631
1768500486.3332562,38.693
1768500486.435678,47.745
1768500486.538075,36.053
1768500486.6403425,51.615
1768500486.7455037,32.836
1768500486.8478212,44.259
1768500486.9502447,33.508
1768500487.052602,42.512
1768500487.1549363,35.185
1768500487.2572339,46.102
1768500487.3594186,40.073
1768500487.4615376,34.889
1768500487.5637245,47.605
1768500487.6658707,40.345
1768500487.7712963,35.067
1768500487.8737445,53.054
1768500487.9760056,38.496
1768500488.07829,37.729
1768500488.1806855,48.462
1768500488.2830684,37.981
1768500488.3852577,37.729
1768500488.4875476,52.236
1768500488.5937314,39.186
1768500488.6960661,37.532
1768500488.7985387,52.695
1768500488.9008229,38.89
1768500489.0031247,38.299
1768500489.1055677,47.45
1768500489.2078485,34.1
1768500489.3102238,43.865
1768500489.412556,40.838
1768500489.5175145,35.481
1768500489.619819,50.301
1768500489.7222016,39.777
1768500489.8244696,36.645
1768500489.9269307,49.387
1768500490.0293925,33.606
1768500490.1318324,54.594
1768500490.2341316,33.606
1768500490.3364034,42.143
1768500490.4420192,38.671
1768500490.5442653,38.321
1768500490.6468585,48.757
1768500490.7491097,34.001
1768500490.8515787,41.059
1768500490.95553,40.715
1768500491.0578458,35.481
1768500491.1604621,51.05
1768500491.2658014,39.725
1768500491.3682022,36.37
1768500491.470655,48.925
1768500491.5730371,40.172
1768500491.675788,46.495
1768500491.7781966,35.481
1768500491.8805904,54.888
1768500491.9829452,33.902
1768500492.0851643,40.838
1768500492.1906402,45.735
1768500492.2929661,34.889
1768500492.3952312,43.595
1768500492.4978595,42.61
1768500492.6004384,35.481
1768500492.7027023,47.605
1768500492.805205,40.861
1768500492.907547,36.25
1768500493.0101535,53.316
1768500493.1148975,33.724
1768500493.2171993,42.906
1768500493.3194354,42.585
1768500493.4220722,35.185
1768500493.5243843,47.549
1768500493.6266649,39.777
1768500493.7290354,35.284
1768500493.8314052,46.03
1768500493.933824,39.383
1768500494.0391295,37.335
1768500494.1413624,48.462
1768500494.2437212,35.658
1768500494.3460822,39.58
1768500494.448619,48.237
1768500494.5509071,36.842
1768500494.6536255,38.595
1768500494.7559402,49.81
1768500494.858404,34.001
1768500494.9641278,38.42
1768500495.0664773,47.45
1768500495.1689532,34.396
1768500495.272417,44.285
1768500495.3746824,42.019
1768500495.4768875,35.481
1768500495.5794704,48.728
1768500495.681725,38.124
1768500495.7872994,37.631
1768500495.889685,47.479
1768500495.992331,44.652
1768500496.095363,37.609
1768500496.1976955,37.708
1768500496.3001013,40.936
1768500496.4023192,35.481
1768500496.5047133,46.818
1768500496.6070366,33.212
1768500496.7118957,36.328
1768500496.814479,37.729
1768500496.9169545,40.763
1768500497.0194967,35.087
1768500497.1219387,44.456
1768500497.2243044,33.132
1768500497.3268402,43.694
1768500497.4293447,37.554
1768500497.5360134,37.828
1768500497.6385908,41.625
1768500497.741147,33.902
1768500497.8435016,48.04
1768500497.946015,32.934
1768500498.0483675,41.428
1768500498.1508842,37.095
1768500498.253486,37.532
1768500498.3601818,39.307
1768500498.4626174,35.679
1768500498.565157,44.626
1768500498.667539,33.113
1768500498.7700312,43.078
1768500498.8723526,38.671
1768500498.974668,35.461
1768500499.0770173,46.987
1768500499.1794667,33.428
1768500499.283855,45.511
1768500499.3862114,38.025
1768500499.488736,37.335
1768500499.5925002,44.751
1768500499.6946833,34.593
1768500499.7971177,47.282
1768500499.899658,33.31
1768500500.0020785,48.294
1768500500.1079004,32.934
1768500500.2103364,38.2
1768500500.314006,36.172
1768500500.4164205,46.326
1768500500.5189033,33.705
1768500500.6212056,43.792
1768500500.7235286,38.595
1768500500.8259592,35.383
1768500500.9317217,46.495
1768500501.034072,37.631
1768500501.1367176,38.025
1768500501.239297,46.692
1768500501.3418086,34.001
1768500501.4444768,49.348
1768500501.5470314,37.532
1768500501.6495218,37.236
1768500501.755738,45.806
1768500501.8583121,37.412
1768500501.9607787,38.89
1768500502.063198,42.61
1768500502.1658094,34.692
1768500502.2682345,46.818
1768500502.3706126,39.186
1768500502.4729335,35.658
1768500502.579228,41.847
1768500502.6817946,35.481
1768500502.784342,44.554
1768500502.8865979,34.889
1768500502.9890473,47.38
1768500503.091663,37.905
1768500503.1948986,35.58
1768500503.2973893,49.878
1768500503.3997838,34.889
1768500503.50449,38.716
1768500503.6069474,45.834
1768500503.7092297,34.1
1768500503.8116748,45.145
1768500503.9150069,39.58
1768500504.0173042,36.743
1768500504.1195207,47.942
1768500504.2217753,38.321
1768500504.3243692,36.842
1768500504.4290507,48.266
1768500504.531429,36.645
1768500504.634104,51.579
1768500504.7363374,39.436
1768500504.8384683,36.447
1768500504.9407182,52.464
1768500505.042946,33.804
1768500505.1450999,41.231
1768500505.24742,43.694
1768500505.354157,33.113
1768500505.456561,46.424
1768500505.5590951,39.459
1768500505.6613276,36.349
1768500505.7636936,50.596
1768500505.8660183,33.606
1768500505.9684367,44.062
1768500506.0709805,38.42
1768500506.1772883,38.518
1768500506.2797577,46.129
1768500506.3821006,33.804
1768500506.4844198,50.105
1768500506.5866687,38.89
1768500506.6889687,36.349
1768500506.7914774,32.934
1768500506.893963,38.518
1768500506.9963076,44.652
1768500507.098631,33.033
1768500507.20381,40.444
1768500507.306132,42.413
1768500507.408472,33.902
1768500507.5110538,49.279
1768500507.6134791,38.321
1768500507.7158046,36.94
1768500507.8183002,46.987
1768500507.9208608,33.508
1768500508.0238683,44.554
1768500508.1292908,37.905
1768500508.231824,37.708
1768500508.3342922,46.424
1768500508.4366632,34.1
1768500508.5400562,46.227
1768500508.6425326,39.186
1768500508.744906,35.658
1768500508.8478038,47.549
1768500508.9526587,43.963
1768500509.0559268,38.868
1768500509.1580508,35.876
1768500509.2603652,47.704
1768500509.362595,33.508
1768500509.464795,42.709
1768500509.5672233,39.777
1768500509.669627,35.679
1768500509.7718627,46.79
1768500509.8784738,33.132
1768500509.9811854,43.3
1768500510.0837288,38.541
1768500510.1861124,35.481
1768500510.289098,53.152
1768500510.3915694,37.532
1768500510.494237,36.645
1768500510.59665,47.774
1768500510.7025492,33.409
1768500510.8049686,39.482
1768500510.907428,46.621
1768500511.009783,33.606
1768500511.112364,40.566
1768500511.2147849,44.456
1768500511.3171246,34.199
1768500511.4195876,43.767
1768500511.5256119,42.438
1768500511.627927,34.495
1768500511.7302258,41.748
1768500511.8325279,46.692
1768500511.9349484,34.495
1768500512.0373452,42.684
1768500512.1396668,43.373
1768500512.242285,35.087
1768500512.3446393,46.397
1768500512.4507577,38.124
1768500512.5532815,36.94
1768500512.6555214,50.535
1768500512.757865,34.278
1768500512.8603551,40.861
1768500512.962738,39.383
1768500513.0651832,35.954
1768500513.1675446,45.806
1768500513.2736342,36.743
1768500513.3763108,47.38
1768500513.478466,38.102
1768500513.5805392,35.284
1768500513.6829588,47.479
1768500513.78525,39.557
1768500513.8876953,35.954
1768500513.989928,52.334
1768500514.0921898,37.532
1768500514.1991255,39.383
1768500514.3015943,47.184
1768500514.403947,34.692
1768500514.5063639,44.751
1768500514.6086738,41.281
1768500514.7109852,35.087
1768500514.8133657,53.775
1768500514.9157624,37.412
1768500515.0182655,38.003
1768500515.1229646,48.138
1768500515.2253902,34.396
1768500515.3277638,43.004
1768500515.4301333,41.921
1768500515.5325224,34.199
1768500515.6349134,40.247
1768500515.7371614,45.637
1768500515.8394344,33.705
1768500515.9419234,39.262
1768500516.0451643,43.792
1768500516.1474087,35.284
1768500516.2497103,46.003
1768500516.351889,39.702
1768500516.454657,35.954
1768500516.5569706,41.207
1768500516.6591725,36.151
1768500516.761593,32.737
1768500516.863839,43.471
1768500516.966167,42.709
1768500517.0734198,36.151
1768500517.1756973,48.393
1768500517.2780166,34.593
1768500517.380338,44.948
1768500517.4826763,38.716
1768500517.584891,37.729
1768500517.687303,47.113
1768500517.789509,33.31
1768500517.8962917,39.777
1768500517.9984338,35.383
1768500518.100552,48.728
1768500518.2028024,32.934
1768500518.3050368,39.679
1768500518.40736,42.118
1768500518.509581,33.705
1768500518.611798,42.906
1768500518.713902,38.814
1768500518.8162546,37.335
1768500518.9224675,42.438
1768500519.0249162,34.001
1768500519.1272492,49.839
1768500519.229583,36.25
1768500519.3319592,39.307
1768500519.4342978,40.664
1768500519.5367954,34.297
1768500519.6392527,49.485
1768500519.7416496,34.297
1768500519.8480673,40.542
1768500519.9504158,38.989
1768500520.0527184,34.495
1768500520.1551113,40.073
1768500520.2573903,37.905
1768500520.3597994,39.186
1768500520.462203,36.645
1768500520.5644157,46.03
1768500520.666705,33.329
1768500520.7690787,44.849
1768500520.8749354,41.527
1768500520.9772394,34.889
1768500521.0801566,49.682
1768500521.1825533,33.014
1768500521.285006,38.2
1768500521.3873887,45.834
1768500521.489745,34.001
1768500521.592142,43.963
1768500521.6956995,40.096
1768500521.802818,34.791
1768500521.9051492,46.227
1768500522.0076098,38.837
1768500522.1099217,36.25
1768500522.2122319,46.79
1768500522.3146155,33.31
1768500522.4168692,39.482
1768500522.5192707,44.482
1768500522.625289,44.652
1768500522.7284803,39.087
1768500522.8306572,34.791
1768500522.9329207,45.735
1768500523.035135,34.001
1768500523.1372647,43.373
1768500523.2394469,38.989
1768500523.3417518,35.481
1768500523.4439604,45.61
1768500523.5498867,34.1
1768500523.652233,44.823
1768500523.754582,37.313
1768500523.856865,40.172
1768500523.9592931,42.143
1768500524.061637,34.396
1768500524.1641269,51.284
1768500524.2663887,33.212
1768500524.3686976,50.959
1768500524.4739335,33.705
1768500524.5762193,45.27
1768500524.6785023,37.51
1768500524.7809138,35.954
1768500524.883217,47.942
1768500524.9855711,37.729
1768500525.0879443,36.447
1768500525.1903358,44.16
1768500525.2929459,36.743
1768500525.39873,37.039
1768500525.5016625,47.675
1768500525.6039212,33.409
1768500525.7065272,41.946
1768500525.8088934,41.453
1768500525.9113185,34.692
1768500526.0140057,49.476
1768500526.1165957,34.199
1768500526.2227883,49.082
1768500526.32513,33.606
1768500526.4274888,49.81
1768500526.529954,33.606
1768500526.632642,44.652
1768500526.735004,32.737
1768500526.8372984,41.256
1768500526.9398918,46.762
1768500527.0439348,33.132
1768500527.1486354,42.512
1768500527.25099,38.989
1768500527.3534036,35.185
1768500527.4558158,43.668
1768500527.5581264,32.737
1768500527.660572,44.751
1768500527.7629607,38.025
1768500527.865376,35.087
1768500527.9711568,47.942
1768500528.0736225,35.461
1768500528.1761208,39.876
1768500528.2785192,43.668
1768500528.3809073,34.199
1768500528.4834166,51.807
1768500528.58591,36.623
1768500528.688471,38.716
1768500528.795301,47.282
1768500528.8976488,33.212
1768500529.0002122,39.482
1768500529.1026502,44.679
1768500529.205152,34.889
1768500529.3075924,50.075
1768500529.410187,33.113
1768500529.5127294,44.554
1768500529.6187344,38.966
1768500529.721003,36.349
1768500529.8233685,39.58
1768500529.9266007,38.913
1768500530.0292456,36.743
1768500530.1316144,41.995
1768500530.2353764,34.791
1768500530.3376968,48.364
1768500530.4432328,39.186
1768500530.5456173,36.645
1768500530.6481392,44.456
1768500530.7505305,33.804
1768500530.8530624,44.652
1768500530.9553978,38.003
1768500531.0578725,35.757
1768500531.1605046,33.902
1768500531.263121,50.203
1768500531.368528,34.297
1768500531.470861,39.482
1768500531.5733638,42.315
1768500531.6760345,34.889
1768500531.7783935,45.315
1768500531.8809106,33.033
1768500531.9837923,42.29
1768500532.0864398,36.962
1768500532.1928773,39.58
1768500532.2952292,40.664
1768500532.397571,33.804
1768500532.499988,48.069
1768500532.6024265,36.623
1768500532.7048976,38.321
1768500532.80756,41.453
1768500532.9100747,33.902
1768500533.016437,48.561
1768500533.118758,33.113
1768500533.221386,40.172
1768500533.323765,39.337
1768500533.4262369,35.185
1768500533.528584,45.806
1768500533.63096,33.31
1768500533.7336013,46.987
1768500533.8401241,36.94
1768500533.94236,37.927
1768500534.0450473,46.397
1768500534.1505306,33.508
1768500534.2529724,50.437
1768500534.3568542,33.31
1768500534.4634073,42.512
1768500534.566125,39.505
1768500534.668546,36.25
1768500534.7711186,48.167
1768500534.873434,33.508
1768500534.9758017,40.172
1768500535.0781186,34.988
1768500535.1814418,52.039
1768500535.288021,33.508
1768500535.390367,46.888
1768500535.4928234,37.708
1768500535.595306,37.51
1768500535.697707,41.503
1768500535.800043,35.778
1768500535.90258,45.708
1768500536.0050056,33.705
1768500536.1102448,46.523
1768500536.2126236,32.934
1768500536.3151875,41.724
1768500536.4177113,36.645
1768500536.5200505,39.777
1768500536.6223512,41.453
1768500536.7266119,38.989
1768500536.8290348,35.383
1768500536.9357865,37.828
1768500537.0383027,42.118
1768500537.140714,34.001
1768500537.2431037,47.844
1768500537.3454719,32.737
1768500537.4477115,43.398
1768500537.5501962,36.645
1768500537.6525383,39.974
1768500537.759298,38.716
1768500537.8615446,34.988
1768500537.963911,47.38
1768500538.0662901,32.836
1768500538.1703124,44.088
1768500538.272669,39.284
1768500538.374852,34.692
1768500538.4771278,47.549
1768500538.582963,38.321
1768500538.6852355,36.94
1768500538.7876062,46.692
1768500538.88985,33.508
1768500538.9923735,39.876
1768500539.0948753,44.528
1768500539.1972358,48.04
1768500539.2997155,39.777
1768500539.401838,36.447
1768500539.5071418,49.348
1768500539.6093862,33.705
1768500539.7118163,42.216
1768500539.8140934,43.595
1768500539.9164705,34.791
1768500540.018826,46.129
1768500540.1211903,39.777
1768500540.223481,36.074
1768500540.3258367,52.66
1768500540.431521,37.729
1768500540.5338943,38.716
1768500540.6362002,47.872
1768500540.7384477,34.1
1768500540.8407202,44.456
1768500540.9430397,41.65
1768500541.0453424,34.297
1768500541.1477356,40.444
1768500541.2500706,43.3
1768500541.3548214,34.692
1768500541.4571168,45.368
1768500541.5595572,39.209
1768500541.6619585,36.645
1768500541.764243,46.03
1768500541.8666766,33.212
1768500541.9691427,41.527
1768500542.0714834,41.601
1768500542.174328,34.396
1768500542.279666,45.243
1768500542.3820298,39.209
1768500542.4844384,36.546
1768500542.5867748,53.054
1768500542.6899781,37.039
1768500542.7922747,39.482
1768500542.894578,42.906
1768500542.996958,35.185
1768500543.101694,45.386
1768500543.2041323,41.625
1768500543.3065789,35.58
1768500543.4089522,50.43
1768500543.511231,40.542
1768500543.6136928,35.679
1768500543.7159436,38.989
1768500543.8187382,36.25
1768500543.9209008,50.498
1768500544.0230706,39.284
1768500544.1278398,35.56
1768500544.2301095,51.124
1768500544.332446,33.409
1768500544.4348376,49.348
1768500544.5370846,34.869
1768500544.6392922,37.905
1768500544.7417347,44.6
1768500544.843991,33.014
1768500544.9463964,38.989
1768500545.0522578,43.865
1768500545.154612,34.593
1768500545.2572646,46.172
1768500545.3596134,38.595
1768500545.4620225,36.25
1768500545.5644362,44.849
1768500545.6667743,33.113
1768500545.7692313,41.133
1768500545.8716881,39.459
1768500545.976734,34.593
1768500546.0791683,46.888
1768500546.1814873,32.836
1768500546.2840009,47.38
1768500546.3863864,39.11
1768500546.4887788,37.532
1768500546.5911474,46.397
1768500546.693625,32.817
1768500546.7959251,35.185
1768500546.9010942,42.906
1768500547.003505,38.397
1768500547.1069508,35.185
1768500547.209245,50.626
1768500547.3115323,36.94
1768500547.4138978,37.532
1768500547.5161097,44.652
1768500547.6182773,33.606
1768500547.7206337,43.963
1768500547.8257728,39.974
1768500547.928049,36.053
1768500548.0304275,51.972
1768500548.13285,38.124
1768500548.235112,47.141
1768500548.3390048,33.705
1768500548.4411743,39.777
1768500548.5433455,43.989
1768500548.6499403,34.199
1768500548.7524362,48.04
1768500548.8548665,38.693
1768500548.9572856,37.434
1768500549.059709,46.003
1768500549.162021,34.001
1768500549.2644365,53.25
1768500549.366818,34.218
1768500549.4691014,39.186
1768500549.5735266,41.059
1768500549.6758995,34.692
1768500549.7781518,49.122
1768500549.8805842,37.313
1768500549.983019,40.739
1768500550.0853221,32.539
1768500550.1876585,48.069
1768500550.2900293,33.428
1768500550.3923419,46.129
1768500550.4946775,35.284
1768500550.600607,41.231
1768500550.7029877,36.962
1768500550.8053832,47.872
1768500550.9078348,33.508
1768500551.0102708,45.216
1768500551.112594,35.383
1768500551.2153986,37.927
1768500551.317711,44.849
1768500551.4201996,33.014
1768500551.525905,38.496
1768500551.6281781,45.806
1768500551.7304428,33.804
1768500551.8328373,43.694
1768500551.9364266,43.937
1768500552.038679,34.988
1768500552.1411157,48.364
1768500552.2434137,39.232
1768500552.3496814,36.842
1768500552.452041,51.088
1768500552.554362,33.508
1768500552.656768,39.482
1768500552.7591286,33.606
1768500552.8617747,40.073
1768500552.9641178,47.605
1768500553.0663204,34.297
1768500553.168594,44.186
1768500553.2746713,45.735
1768500553.376934,34.297
1768500553.4793684,43.3
1768500553.5817313,41.896
1768500553.6841347,38.913
1768500553.786383,41.551
1768500553.8886814,36.546
1768500553.9912412,54.855
1768500554.093517,34.1
1768500554.1990423,45.046
1768500554.3016274,42.216
1768500554.4040308,36.842
1768500554.506512,54.561
1768500554.6088445,38.321
1768500554.711119,37.927
1768500554.8134937,50.241
1768500554.9159002,34.889
1768500555.0223944,41.724
1768500555.12479,49.613
1768500555.2272189,34.692
1768500555.3295844,43.989
1768500555.432337,41.453
1768500555.5346909,35.185
1768500555.6368864,46.959
1768500555.7393727,38.89
1768500555.8467803,36.151
1768500555.9491658,47.352
1768500556.0515215,34.001
1768500556.1542675,44.58
1768500556.2566915,43.103
1768500556.3590465,34.495
1768500556.4614453,46.79
1768500556.5637343,34.1
1768500556.6660776,51.315
1768500556.7726102,33.231
1768500556.8751638,37.708
1768500556.977545,36.842
1768500557.079946,33.113
1768500557.183525,43.865
1768500557.2859669,38.89
1768500557.3884044,35.58
1768500557.490739,46.846
1768500557.5982418,33.705
1768500557.7007077,51.186
1768500557.8030274,34.1
1768500557.9053953,40.566
1768500558.007757,41.133
1768500558.110143,34.199
1768500558.2123554,47.97
1768500558.314875,32.638
1768500558.4222715,44.751
1768500558.524662,32.144
1768500558.6269028,40.467
1768500558.7291448,37.729
1768500558.8314905,35.481
1768500558.9338326,45.511
1768500559.0362625,33.033
1768500559.1385505,46.326
1768500559.2451255,36.863
1768500559.3474,36.94
1768500559.449669,42.512
1768500559.551956,33.705
1768500559.6549742,43.963
1768500559.7572906,32.934
1768500559.8597133,42.807
1768500559.962019,38.595
1768500560.0681646,34.396
1768500560.172368,46.664
1768500560.2746708,35.954
1768500560.377117,38.814
1768500560.4793992,44.751
1768500560.581768,33.508
1768500560.6840863,49.348
1768500560.786401,36.94
1768500560.8887966,37.236
1768500560.9932666,45.61
1768500561.0957623,33.409
1768500561.198153,40.936
1768500561.3018956,34.791
1768500561.4041986,50.43
1768500561.5064073,37.335
1768500561.6086183,37.708
1768500561.7110078,45.145
1768500561.817523,34.297
1768500561.919882,45.243
1768500562.0223823,38.769
1768500562.124778,36.94
1768500562.227212,47.282
1768500562.3297925,34.001
1768500562.4321384,43.57
1768500562.5345204,38.693
1768500562.6401315,35.975
1768500562.742615,46.003
1768500562.84496,33.31
1768500562.9474206,43.3
1768500563.0502863,40.294
1768500563.1527731,34.692
1768500563.2552466,46.987
1768500563.357576,37.729
1768500563.4599748,37.236
1768500563.5657144,44.062
1768500563.6684768,33.31
1768500563.7710078,45.216
1768500563.8735483,37.751
1768500563.9759567,38.617
1768500564.0787299,45.073
1768500564.181237,34.199
1768500564.2835574,49.672
1768500564.387258,35.658
1768500564.4928005,38.496
1768500564.5951579,43.57
1768500564.6974719,34.791
1768500564.7996624,47.479
1768500564.902028,38.102
1768500565.0043054,37.532
1768500565.106643,48.196
1768500565.2090652,33.409
1768500565.3156877,40.05
1768500565.4179556,43.792
1768500565.5204282,50.725
1768500565.6226294,39.899
1768500565.7247722,36.25
1768500565.827052,49.348
1768500565.9292753,33.31
1768500566.031529,43.398
1768500566.1339965,37.313
1768500566.2408092,39.186
1768500566.343136,43.201
1768500566.445475,35.087
1768500566.54789,50.694
1768500566.6501863,32.539
1768500566.7525682,41.034
1768500566.8548138,34.495
1768500566.9572227,45.806
1768500567.0595753,38.2
1768500567.1650622,37.039
1768500567.267421,47.31
1768500567.3698716,33.329
1768500567.472271,39.974
1768500567.574854,39.557
1768500567.6771646,35.481
1768500567.779448,48.433
1768500567.8819137,33.014
1768500567.9886236,42.388
1768500568.0915093,39.33
1768500568.1939607,35.58
1768500568.2963016,50.566
1768500568.3985643,33.212
1768500568.5048873,49.613
1768500568.6077468,37.532
1768500568.712837,36.25
1768500568.8152013,46.818
1768500568.9175155,33.014
1768500569.0199606,45.467
1768500569.12227,39.482
1768500569.2245715,36.172
1768500569.3269563,42.709
1768500569.4292474,35.383
1768500569.5316932,52.955
1768500569.6364267,36.842
1768500569.7386787,46.79
1768500569.841977,33.902
1768500569.9442542,41.65
1768500570.0464253,41.256
1768500570.148766,35.087
1768500570.2509668,48.294
1768500570.353287,41.133
1768500570.4555006,34.297
1768500570.5605316,41.822
1768500570.662955,47.113
1768500570.7654145,33.705
1768500570.8677857,39.383
1768500570.970135,45.735
1768500571.072595,33.606
1768500571.1749146,38.496
1768500571.2771583,47.409
1768500571.3795066,35.461
1768500571.483061,37.708
1768500571.5857522,49.711
1768500571.688042,39.679
1768500571.7903264,36.151
1768500571.8926888,47.507
1768500571.995032,39.656
1768500572.0972733,35.264
1768500572.1995974,48.462
1768500572.3022623,43.3
1768500572.4044733,35.087
1768500572.5097182,42.315
1768500572.6119788,45.118
1768500572.714275,34.199
1768500572.8165572,40.073
1768500572.9198618,50.566
1768500573.0221703,38.913
1768500573.1255627,35.658
1768500573.227838,46.003
1768500573.3343296,42.192
1768500573.4366536,35.185
1768500573.5389585,42.413
1768500573.64127,43.398
1768500573.743571,34.889
1768500573.846018,45.932
1768500573.9483519,40.172
1768500574.0506527,35.658
1768500574.1531472,45.834
1768500574.2575605,38.003
1768500574.3615875,46.397
1768500574.4637034,39.186
1768500574.5659826,37.927
1768500574.668191,51.874
1768500574.7703524,38.671
1768500574.8726003,37.236
1768500574.9747796,52.499
1768500575.0769384,33.606
1768500575.1817372,41.231
1768500575.2839754,47.113
1768500575.3862412,34.297
1768500575.4884708,38.617
1768500575.5908308,49.19
1768500575.693124,33.804
1768500575.7954187,40.641
1768500575.897689,41.724
1768500575.9999838,35.284
1768500576.1060183,47.675
1768500576.2082033,39.58
1768500576.3105989,35.56
1768500576.4130154,50.203
1768500576.5153482,34.889
1768500576.6176853,48.138
1768500576.720094,32.718
1768500576.822414,50.006
1768500576.9247887,37.806
1768500577.0298684,37.927
1768500577.132121,44.993
1768500577.2345076,37.806
1768500577.3403955,35.658
1768500577.4427235,51.481
1768500577.5450442,39.11
1768500577.6473343,35.461
1768500577.7495272,46.424
1768500577.8557155,40.467
1768500577.9581225,35.362
1768500578.0605412,47.282
1768500578.162856,39.163
1768500578.2651758,36.567
1768500578.3676338,49.485
1768500578.4699142,39.679
1768500578.5722284,38.474
1768500578.6786828,52.236
1768500578.7808602,40.96
1768500578.8831534,35.58
1768500578.9855087,53.383
1768500579.0876718,38.814
1768500579.1897626,36.447
1768500579.2919884,52.594
1768500579.394239,37.806
1768500579.496483,35.876
1768500579.6023464,45.413
1768500579.7046318,41.256
1768500579.8069327,34.791
1768500579.9093387,43.989
1768500580.0116825,38.474
1768500580.1139371,37.532
1768500580.216214,38.595
1768500580.3185506,39.679
1768500580.4208019,44.233
1768500580.5271285,34.791
1768500580.6293674,49.053
1768500580.7315931,38.2
1768500580.8340602,37.708
1768500580.936312,47.479
1768500581.0386524,34.495
1768500581.1410189,48.335
1768500581.243555,38.42
1768500581.345789,39.087
1768500581.4512806,41.65
1768500581.5540729,34.396
1768500581.6565309,49.318
1768500581.7638166,32.737
1768500581.8668525,38.693
1768500581.969052,44.456
1768500582.0754986,34.001
1768500582.177869,52.464
1768500582.280174,33.113
1768500582.3826873,39.186
1768500582.4849827,44.921
1768500582.5872614,33.804
1768500582.6896214,44.58
1768500582.791975,39.482
1768500582.894374,35.58
1768500582.9998703,38.814
1768500583.1020632,41.748
1768500583.204298,39.034
1768500583.3066232,37.138
1768500583.4088216,37.708
1768500583.5110445,40.763
1768500583.6132987,38.299
1768500583.7155986,38.89
1768500583.8179364,43.595
1768500583.9237673,34.692
1768500584.026053,45.118
1768500584.128425,38.617
1768500584.2307687,38.496
1768500584.3331745,46.326
1768500584.4353802,33.705
1768500584.5377052,45.538
1768500584.6400633,37.532
1768500584.7424414,38.321
1768500584.8484695,41.059
1768500584.9510243,34.692
1768500585.0532901,49.741
1768500585.1555443,38.42
1768500585.2578537,36.645
1768500585.3601177,49.318
1768500585.4629538,38.299
1768500585.565264,36.567
1768500585.6676624,53.676
1768500585.775872,39.557
1768500585.8781857,36.645
1768500585.980588,52.236
1768500586.0842712,34.1
1768500586.1865878,43.694
1768500586.288926,41.551
1768500586.3912625,35.757
1768500586.4967313,47.704
1768500586.5992029,34.791
1768500586.701473,48.04
1768500586.8038957,46.593
1768500586.9061203,38.003
1768500587.0084782,38.989
1768500587.1108642,45.046
1768500587.2131977,35.58
1768500587.315596,49.19
1768500587.4213417,39.186
1768500587.5238843,41.181
1768500587.626084,35.185
1768500587.7282338,51.45
1768500587.8303733,33.409
1768500587.932662,41.256
1768500588.0348308,38.343
1768500588.1370344,39.754
1768500588.239325,38.716
1768500588.3457947,38.617
1768500588.4482152,38.792
1768500588.5504847,36.842
1768500588.652885,42.315
1768500588.7552319,34.297
1768500588.8577566,51.155
1768500588.9600785,32.737
1768500589.0624368,46.888
1768500589.1649096,33.033
1768500589.2708387,44.088
1768500589.3731341,37.828
1768500589.4754753,39.087
1768500589.5778255,40.763
1768500589.6802323,35.087
1768500589.782748,41.724
1768500589.8851614,33.902
1768500589.9880986,49.741
1768500590.0904613,33.508
1768500590.1961915,41.059
1768500590.2985232,37.236
1768500590.4021106,39.876
1768500590.5044026,39.284
1768500590.6071231,34.692
1768500590.7094805,44.062
1768500590.8117914,33.113
1768500590.9140337,45.145
1768500591.020525,37.039
1768500591.1229184,37.828
1768500591.2252815,41.354
1768500591.3276966,34.593
1768500591.4299784,50.105
1768500591.5324917,36.94
1768500591.634815,37.236
1768500591.7371495,41.428
1768500591.8395894,47.479
1768500591.9463778,33.113
1768500592.0485616,43.497
1768500592.1508317,36.919
1768500592.253168,37.434
1768500592.355466,43.078
1768500592.4576995,34.297
1768500592.5599837,50.173
1768500592.662166,34.297
1768500592.7681415,38.716
1768500592.8705056,40.247
1768500592.9729192,33.804
1768500593.0753226,47.254
1768500593.1776092,32.737
1768500593.2798502,42.537
1768500593.3822198,38.966
1768500593.4848533,37.236
1768500593.5873446,46.172
1768500593.692744,34.396
1768500593.7951136,49.878
1768500593.8974144,33.508
1768500593.999786,43.3
1768500594.1021442,39.406
1768500594.2045074,35.954
1768500594.3068402,46.987
1768500594.4097993,33.606
1768500594.5122762,42.216
1768500594.6185822,38.124
1768500594.7209167,39.58
1768500594.8232396,37.412
1768500594.9263253,40.664
1768500595.029226,38.299
1768500595.1316547,35.778
1768500595.2340014,45.145
1768500595.3362467,33.606
1768500595.442806,38.518
1768500595.5452278,44.331
1768500595.6475823,33.409
1768500595.7500103,43.176
1768500595.852205,43.03
1768500595.9545333,34.593
1768500596.0569801,49.544
1768500596.1594377,37.138
1768500596.2627397,46.987
1768500596.3681903,33.033
1768500596.4704661,41.133
1768500596.5728624,45.145
1768500596.6764753,37.236
1768500596.778992,34.889
1768500596.8813899,39.186
1768500596.9837265,47.745
1768500597.0863597,34.297
1768500597.190777,43.668
1768500597.2931597,43.004
1768500597.3956017,35.284
1768500597.4980907,47.479
1768500597.6003513,41.748
1768500597.702785,36.447
1768500597.8052611,51.388
1768500597.9075737,36.842
1768500598.0143523,38.102
1768500598.1168566,47.745
1768500598.2191658,33.705
1768500598.3214297,42.438
1768500598.4239519,41.921
1768500598.5263917,35.087
1768500598.6288779,44.554
1768500598.7312887,40.467
1768500598.845717,35.383
1768500598.9480307,47.155
1768500599.050308,33.626
1768500599.1526132,42.537
1768500599.2549648,38.792
1768500599.3620439,36.546
1768500599.464508,43.103
1768500599.5667937,33.902
1768500599.6692247,44.456
1768500599.771524,38.42
1768500599.873832,36.645
1768500599.9762578,38.89
1768500600.0786932,32.243
1768500600.181372,40.27
1768500600.287713,39.163
1768500600.3900228,35.185
1768500600.4924455,49.249
1768500600.5947616,38.223
1768500600.6970773,36.447
1768500600.7993789,47.45
1768500600.9015794,33.902
1768500601.0039577,40.247
1768500601.106265,46.03
1768500601.21226,34.396
1768500601.3146393,46.369
1768500601.41691,40.542
1768500601.5192442,36.645
1768500601.6215038,52.727
1768500601.723841,37.806
1768500601.8262012,38.321
1768500601.9285722,47.254
1768500602.0358496,34.199
1768500602.1381655,45.61
1768500602.2406173,39.482
1768500602.343008,36.349
1768500602.445351,48.63
1768500602.54782,38.572
1768500602.6502004,34.889
1768500602.7526512,50.528
1768500602.8594694,38.223
1768500602.9618278,40.641
1768500603.064519,42.537
1768500603.168067,36.842
1768500603.2704725,38.89
1768500603.37285,48.433
1768500603.4750574,35.461
1768500603.5774722,38.792
1768500603.6834965,48.433
1768500603.7857528,34.001
1768500603.8879817,45.243
1768500603.990288,39.459
1768500604.0924735,36.074
1768500604.1948774,49.652
1768500604.297193,40.444
1768500604.400447,43.694
1768500604.5068111,35.481
1768500604.609191,52.397
1768500604.7114203,38.025
1768500604.8137915,37.729
1768500604.916113,45.413
1768500605.0185704,34.791
1768500605.120853,39.284
1768500605.2232254,47.479
1768500605.3256001,38.397
1768500605.4327595,37.236
1768500605.5350332,52.958
1768500605.6372974,39.482
1768500605.7396505,37.335
1768500605.842154,50.86
1768500605.9446073,40.838
1768500606.047093,36.743
1768500606.1492946,52.825
1768500606.254851,39.58
1768500606.3573174,36.546
1768500606.4597034,52.825
1768500606.562066,40.936
1768500606.6644998,35.658
1768500606.7670414,34.475
1768500606.870111,40.96
1768500606.972659,48.237
1768500607.0804105,34.495
1768500607.1826916,43.004
1768500607.284927,48.896
1768500607.3872163,34.199
1768500607.489479,38.716
1768500607.5917966,47.549
1768500607.6941366,33.508
1768500607.796578,39.406
1768500607.9029672,47.704
1768500608.0055928,34.199
1768500608.1079097,39.876
1768500608.2101727,47.942
1768500608.3126779,34.001
1768500608.4150846,38.693
1768500608.5178947,34.396
1768500608.6203487,44.823
1768500608.72295,42.019
1768500608.8288128,35.757
1768500608.9311652,52.924
1768500609.0336077,39.656
1768500609.1360023,36.349
1768500609.2382424,54.397
1768500609.340916,38.989
1768500609.4433274,37.039
1768500609.5457013,49.259
1768500609.6479619,33.409
1768500609.7544248,38.716
1768500609.8567672,50.891
1768500609.9591389,37.708
1768500610.061439,40.27
1768500610.1638243,40.073
1768500610.2662163,36.743
1768500610.3685107,51.088
1768500610.4708164,34.199
1768500610.5730917,52.958
1768500610.6792197,33.606
1768500610.781684,39.284
1768500610.8844059,46.664
1768500610.9866905,34.001
1768500611.0891159,42.118
1768500611.19148,40.838
1768500611.2937596,35.481
1768500611.3961363,48.885
1768500611.4995248,38.124
1768500611.6025615,37.236
1768500611.7059033,46.495
1768500611.8081853,34.1
1768500611.9103868,39.876
1768500612.0128443,48.237
1768500612.1151793,33.606
1768500612.2179112,41.133
1768500612.3201947,43.373
1768500612.4225554,34.495
1768500612.5249536,43.398
1768500612.629972,42.388
1768500612.732466,34.1
1768500612.83485,48.896
1768500612.937148,40.641
1768500613.0395582,35.481
1768500613.1422539,45.538
1768500613.244434,33.902
1768500613.3467417,41.354
1768500613.448812,41.157
1768500613.5545094,34.889
1768500613.6569233,45.61
1768500613.7592394,40.345
1768500613.8615928,35.58
1768500613.963991,44.357
1768500614.06631,43.523
1768500614.1685998,35.087
1768500614.2710855,48.335
1768500614.378564,35.58
1768500614.4808915,49.583
1768500614.5831695,40.294
1768500614.6855845,35.383
1768500614.7877889,48.757
1768500614.8901157,40.416
1768500614.992384,35.778
1768500615.0946667,50.331
1768500615.2006767,39.557
1768500615.3036597,35.954
1768500615.4060407,48.856
1768500615.5084789,40.641
1768500615.6107922,35.56
1768500615.7131073,43.103
1768500615.8160267,49.092
1768500615.9183443,33.902
1768500616.0246968,40.247
1768500616.1270814,48.827
1768500616.2294078,38.792
1768500616.3318024,37.434
1768500616.4342046,52.499
1768500616.5365875,34.1
1768500616.638856,39.012
1768500616.7413325,38.223
1768500616.843843,41.625
1768500616.9484644,44.482
1768500617.0508366,34.889
1768500617.1533844,45.565
1768500617.2557666,44.921
1768500617.3582017,42.709
1768500617.4615004,40.542
1768500617.5637026,36.271
1768500617.6659508,44.429
1768500617.7682126,33.31
1768500617.873021,39.482
1768500617.9755273,44.285
1768500618.078028,34.001
1768500618.1802938,50.105
1768500618.2827468,37.018
1768500618.3850522,36.447
1768500618.4874408,45.806
1768500618.5898724,33.113
1768500618.6921828,39.974
1768500618.7972298,44.948
1768500618.899551,33.31
1768500619.0018413,43.57
1768500619.1041722,38.693
1768500619.2066221,35.954
1768500619.3090422,46.298
1768500619.411299,34.1
1768500619.5136113,49.682
1768500619.6159234,33.014
1768500619.7225862,46.55
1768500619.82504,34.791
1768500619.9275382,50.036
1768500620.0299656,36.25
1768500620.1323664,40.444
1768500620.2352858,40.763
1768500620.337498,35.679
1768500620.4396594,51.677
1768500620.5460727,36.151
1768500620.6483514,39.186
1768500620.7507887,47.184
1768500620.8531423,34.199
1768500620.955433,46.888
1768500621.0577908,41.428
1768500621.1600642,35.284
1768500621.2624943,51.646
1768500621.3648553,33.31
1768500621.4703386,49.446
1768500621.5727065,33.606
1768500621.6750875,51.217
1768500621.7774935,47.774
1768500621.8805387,38.2
1768500621.9827325,37.609
1768500622.084985,47.155
1768500622.1872158,33.508
1768500622.2929714,42.512
1768500622.3953075,37.335
1768500622.4976928,37.828
1768500622.5999389,44.626
1768500622.7022674,33.606
1768500622.804984,43.865
1768500622.907595,38.299
1768500623.00983,37.06
1768500623.1121204,46.172
1768500623.2180285,33.31
1768500623.320531,40.96
1768500623.4228835,43.668
1768500623.5252187,34.791
1768500623.627737,47.745
1768500623.729971,38.89
1768500623.8324943,36.074
1768500623.9349368,49.839
1768500624.041384,34.889
1768500624.143884,39.974
1768500624.2464306,47.057
1768500624.3490212,34.396
1768500624.451417,43.004
1768500624.5551455,43.865
1768500624.6574156,34.495
1768500624.7599235,46.129
1768500624.8660073,38.178
1768500624.9683828,36.447
1768500625.0707164,49.289
1768500625.173344,33.705
1768500625.2756772,39.482
1768500625.3782787,47.901
1768500625.4806433,34.199
1768500625.5832007,40.172
1768500625.6887457,41.453
1768500625.7911289,34.396
1768500625.893473,46.861
1768500625.995976,38.025
1768500626.0995505,43.471
1768500626.2022395,35.58
1768500626.3045497,49.092
1768500626.4071805,33.409
1768500626.5128233,45.735
1768500626.615207,38.42
1768500626.7177527,46.298
1768500626.8201444,33.705
1768500626.9225411,41.724
1768500627.0249424,46.2
1768500627.1272733,34.001
1768500627.2297168,41.256
1768500627.3367822,51.45
1768500627.4391158,39.974
1768500627.541617,35.185
1768500627.6440666,50.498
1768500627.7464333,39.459
1768500627.8489022,36.743
1768500627.951249,52.562
1768500628.053557,38.716
1768500628.1608825,37.039
1768500628.2631779,51.941
1768500628.365519,39.065
1768500628.4683182,37.039
1768500628.570634,54.953
1768500628.6730082,41.256
1768500628.7755067,36.151
1768500628.8777232,51.088
1768500628.9845212,40.641
1768500629.086831,35.658
1768500629.1891868,49.682
1768500629.2916107,38.277
1768500629.3937871,38.792
1768500629.4961972,48.659
1768500629.5986276,33.409
1768500629.7009573,39.876
1768500629.8032098,46.692
1768500629.9088528,34.001
1768500630.0111396,45.046
1768500630.1135373,35.185
1768500630.2159822,45.44
1768500630.3182197,39.186
1768500630.4204433,36.053
1768500630.522625,54.397
1768500630.6248863,39.731
1768500630.7271135,36.743
1768500630.8320715,52.236
1768500630.9349253,33.902
1768500631.0372798,41.33
1768500631.1396968,44.626
1768500631.2419188,34.791
1768500631.344315,45.341
1768500631.4467258,41.231
1768500631.549155,35.778
1768500631.6514452,44.652
1768500631.7562969,44.751
1768500631.8586617,34.297
1768500631.9609911,43.595
1768500632.0638163,43.398
1768500632.166325,35.284
1768500632.26871,46.916
1768500632.3710556,40.27
1768500632.4734344,35.778
1768500632.5757844,48.462
1768500632.6811469,34.396
1768500632.7833784,45.243
1768500632.8857949,38.814
1768500632.9893844,38.025
1768500633.0917192,49.348
1768500633.1940632,34.297
1768500633.2963328,43.865
1768500633.3987122,40.345
1768500633.5055466,36.151
1768500633.6078365,46.495
1768500633.7101536,34.199
1768500633.8125868,47.113
1768500633.9150124,39.899
1768500634.0173845,35.185
1768500634.1199913,48.601
1768500634.2224083,38.102
1768500634.3250043,38.792
1768500634.4293208,46.03
1768500634.5318203,50.369
1768500634.6356711,38.223
1768500634.737932,42.906
1768500634.8402185,39.603
1768500634.9429002,35.56
1768500635.04523,50.989
1768500635.1475155,39.626
1768500635.2536418,36.842
1768500635.3561344,50.989
1768500635.4584682,38.595
1768500635.5608761,37.532
1768500635.6632283,53.284
1768500635.7657588,34.278
1768500635.8681986,38.89
1768500635.9705446,46.79
1768500636.0767975,34.791
1768500636.1791677,44.751
1768500636.2814093,44.528
1768500636.3837547,34.692
1768500636.4863513,47.409
1768500636.5885704,34.297
1768500636.6908703,47.015
1768500636.7931576,36.151
1768500636.8954709,48.699
1768500637.0021915,39.998
1768500637.1045349,35.856
1768500637.2128873,50.596
1768500637.3151143,38.025
1768500637.4173577,36.863
1768500637.5196288,47.38
1768500637.6251178,38.89
1768500637.727405,35.56
1768500637.8297496,48.827
1768500637.932069,40.664
1768500638.03432,34.988
1768500638.1367645,47.97
1768500638.2391489,38.595
1768500638.3414757,36.743
1768500638.4438653,50.203
1768500638.5496387,39.11
1768500638.651891,49.455
1768500638.75442,37.609
1768500638.8567019,38.989
1768500638.9589696,47.647
1768500639.0611224,33.804
1768500639.1633537,41.527
1768500639.2655163,47.913
1768500639.3676765,34.001
1768500639.472155,39.974
1768500639.574377,48.138
1768500639.6767807,38.496
1768500639.779133,38.397
1768500639.881544,50.075
1768500639.9838114,39.998
1768500640.0860815,36.053
1768500640.1885104,50.369
1768500640.2909238,33.409
1768500640.393238,46.397
1768500640.4987705,35.757
1768500640.601189,43.176
1768500640.7035959,34.593
1768500640.806035,44.849
1768500640.908346,43.767
1768500641.0107963,34.001
1768500641.1130931,40.172
1768500641.2152693,46.621
1768500641.3175719,33.705
1768500641.4202478,39.284
1768500641.524561,47.184
1768500641.626858,33.489
1768500641.7292228,38.397
1768500641.8315039,51.315
1768500641.9346116,38.003
1768500642.0368102,36.743
1768500642.1390538,51.646
1768500642.2412539,37.631
1768500642.3435225,38.518
1768500642.4494169,48.659
1768500642.5517259,37.828
1768500642.65398,36.842
1768500642.7563262,50.694
1768500642.8585377,35.757
1768500642.9608264,37.729
1768500643.0631673,50.399
1768500643.1654732,38.639
1768500643.2677298,34.889
1768500643.3703127,46.255
1768500643.475676,36.074
1768500643.5786495,51.29
1768500643.6807775,39.284
1768500643.7830276,38.003
1768500643.8853223,46.959
1768500643.9875636,33.705
1768500644.0897896,40.566
1768500644.1920574,47.745
1768500644.2942216,34.199
1768500644.3996534,47.184
1768500644.5020459,39.557
1768500644.604383,36.349
1768500644.7067473,54.495
1768500644.8090508,37.434
1768500644.9112704,37.828
1768500645.0135872,53.218
1768500645.1159706,41.896
1768500645.2183225,34.1
1768500645.324553,41.256
1768500645.426934,48.393
1768500645.5292583,34.001
1768500645.6317081,38.321
1768500645.7339606,52.531
1768500645.8362374,39.186
1768500645.9385083,37.828
1768500646.040962,49.023
1768500646.1433523,34.001
1768500646.2490165,43.325
1768500646.3513827,46.916
1768500646.4545698,35.087
1768500646.5568352,46.762
1768500646.6591306,34.495
1768500646.7614694,44.554
1768500646.863731,35.856
1768500646.9661822,51.186
1768500647.0683715,35.933
1768500647.173186,39.974
1768500647.2754056,43.004
1768500647.377831,34.495
1768500647.4801757,41.527
1768500647.582508,43.963
1768500647.6848867,33.508
1768500647.7873764,40.763
1768500647.8898475,44.331
1768500647.9922006,34.692
1768500648.0966864,42.512
1768500648.2001386,34.968
1768500648.3025105,46.129
1768500648.4046607,41.625
1768500648.506791,35.58
1768500648.6091952,50.566
1768500648.7113864,38.474
1768500648.8142354,37.434
1768500648.9164414,48.138
1768500649.0229712,35.658
1768500649.1253183,39.58
1768500649.2275937,43.937
1768500649.3298993,34.692
1768500649.4323099,46.621
1768500649.5347998,39.482
1768500649.6370666,36.349
1768500649.7394958,48.306
1768500649.8419147,34.791
1768500649.9476104,51.088
1768500650.0499687,39.383
1768500650.152364,38.2
1768500650.2554686,43.176
1768500650.3578506,34.889
1768500650.4601295,50.528
1768500650.5625012,37.51
1768500650.6682818,36.743
1768500650.7721865,47.31
1768500650.8744745,33.606
1768500650.9771113,46.298
1768500651.0795164,38.124
1768500651.181845,36.567
1768500651.284101,36.053
1768500651.3866773,40.073
1768500651.4892585,35.658
1768500651.5915525,47.704
1768500651.6973288,33.508
1768500651.7998774,45.538
1768500651.902252,32.836
1768500652.0047662,44.751
1768500652.1071975,38.397
1768500652.2097127,38.518
1768500652.3121455,41.798
1768500652.4145603,34.495
1768500652.517232,48.237
1768500652.6236877,44.724
1768500652.725939,38.299
1768500652.8283274,37.138
1768500652.9305508,41.133
1768500653.0327895,34.1
1768500653.1351185,45.708
1768500653.2374337,40.861
1768500653.3398144,34.791
1768500653.4420576,47.409
1768500653.5493739,38.617
1768500653.651733,35.56
1768500653.7539806,50.959
1768500653.8563619,33.606
1768500653.9588444,41.231
1768500654.06113,41.231
1768500654.1634686,34.791
1768500654.2658548,44.456
1768500654.368167,41.207
1768500654.4748049,35.461
1768500654.5770795,49.711
1768500654.6799822,38.102
1768500654.7823074,37.532
1768500654.8847501,46.298
1768500654.9870977,34.988
1768500655.0893133,49.053
1768500655.1916573,34.988
1768500655.2954056,45.61
1768500655.4009476,41.33
1768500655.5032167,35.284
1768500655.6055212,54.692
1768500655.7078073,35.58
1768500655.8102558,39.58
1768500655.9127092,44.751
1768500656.014998,34.495
1768500656.1173916,49.053
1768500656.219717,37.313
1768500656.3251812,38.321
1768500656.4276104,41.453
1768500656.5301356,37.828
1768500656.632437,47.507
1768500656.7350073,33.902
1768500656.8374207,36.842
1768500656.9396915,37.828
1768500657.041976,45.708
1768500657.144142,42.413
1768500657.2513657,39.284
1768500657.3535056,34.988
1768500657.4556882,46.298
1768500657.5577972,39.58
1768500657.659974,35.185
1768500657.7621896,52.102
1768500657.8643365,38.617
1768500657.9665725,37.236
1768500658.0689282,52.397
1768500658.1743002,39.656
1768500658.276526,35.383
1768500658.3788888,46.326
1768500658.48121,41.724
1768500658.5835786,34.495
1768500658.6860487,41.034
1768500658.7883625,43.642
1768500658.8906944,34.199
1768500658.9930944,45.538
1768500659.097574,39.284
1768500659.199899,35.58
1768500659.3022232,45.315
1768500659.4045215,38.08
1768500659.507119,35.679
1768500659.6095405,47.745
1768500659.7118032,39.11
1768500659.8150158,35.284
1768500659.917246,47.577
1768500660.022927,38.42
1768500660.125364,41.33
1768500660.2278864,41.133
1768500660.3302486,35.461
1768500660.432726,48.532
1768500660.534988,33.804
1768500660.6373258,44.777
1768500660.7397227,39.58
1768500660.8463879,35.856
1768500660.9488633,47.97
1768500661.0512974,33.705
1768500661.1537762,41.724
1768500661.2562444,40.247
1768500661.3586197,35.856
1768500661.4611268,49.348
1768500661.5635762,43.103
1768500661.6709914,43.767
1768500661.7733111,34.495
1768500661.8755243,49.416
1768500661.977804,38.671
1768500662.0802488,36.94
1768500662.1825836,48.069
1768500662.284964,33.705
1768500662.3873787,39.087
1768500662.4932828,47.479
1768500662.5956206,34.1
1768500662.6980488,41.724
1768500662.8004756,46.227
1768500662.9029183,34.593
1768500663.0053697,47.113
1768500663.1077125,38.814
1768500663.2099543,39.777
1768500663.3123343,38.989
1768500663.417293,36.94
1768500663.5198224,48.138
1768500663.622099,34.001
1768500663.724785,45.44
1768500663.8271143,38.299
1768500663.9295063,37.927
1768500664.0326893,39.876
1768500664.1349635,36.151
1768500664.2415912,46.495
1768500664.343991,34.297
1768500664.446349,46.987
1768500664.5486372,36.743
1768500664.651102,37.335
1768500664.7535398,45.315
1768500664.8558118,33.508
1768500664.9583182,43.373
1768500665.060661,38.868
1768500665.166111,35.658
1768500665.268472,50.86
1768500665.370736,33.033
1768500665.4730227,41.034
1768500665.5754166,40.838
1768500665.6777353,34.593
1768500665.7800696,46.227
1768500665.8826525,37.927
1768500665.9849067,46.003
1768500666.090212,33.31
1768500666.192525,40.641
1768500666.2948904,39.163
1768500666.3972828,37.532
1768500666.4997618,44.482
1768500666.60198,33.902
1768500666.704293,40.27
1768500666.8067527,35.087
1768500666.9091177,51.677
1768500667.0145254,41.625
1768500667.116917,34.396
1768500667.219142,45.315
1768500667.3213458,45.735
1768500667.4236782,34.396
1768500667.5259264,41.65
1768500667.628274,46.987
1768500667.7306657,34.495
1768500667.8329175,39.58
1768500667.9393992,44.259
1768500668.0416892,34.692
1768500668.1440384,43.792
1768500668.2463675,47.549
1768500668.3497007,34.1
1768500668.451857,39.777
1768500668.5541377,48.491
1768500668.6565528,34.692
1768500668.7621202,48.491
1768500668.864587,41.699
1768500668.9669883,35.383
1768500669.0692847,49.22
1768500669.1718304,38.102
1768500669.2742314,36.546
1768500669.3766563,52.008
1768500669.478993,37.905
1768500669.5815396,39.383
1768500669.6861784,46.987
1768500669.7886195,33.606
1768500669.8910325,41.306
1768500669.9934254,38.102
1768500670.0957506,36.546
1768500670.1982558,48.462
1768500670.300761,37.335
1768500670.4041128,48.098
1768500670.5105815,33.804
1768500670.6131866,46.298
1768500670.7154245,40.05
1768500670.8176126,35.284
1768500670.9200437,47.844
1768500671.0223508,33.113
1768500671.1247544,40.566
1768500671.2270498,48.364
1768500671.329408,38.277
1768500671.4345462,35.757
1768500671.536838,43.176
1768500671.6393325,46.227
1768500671.741725,33.804
1768500671.843997,40.542
1768500671.9463606,46.424
1768500672.0487823,34.593
1768500672.1510901,43.865
1768500672.253466,44.134
1768500672.3592482,34.791
1768500672.461678,43.865
1768500672.564113,43.3
1768500672.667296,35.185
1768500672.7697718,41.724
1768500672.8720212,46.397
1768500672.974476,34.396
1768500673.076936,44.16
1768500673.1829097,41.207
1768500673.285289,35.087
1768500673.3877022,46.523
1768500673.4901485,40.444
1768500673.5925524,35.778
1768500673.6948018,47.999
1768500673.7970474,32.836
1768500673.899574,45.019
1768500674.0019703,36.82
1768500674.108113,37.532
1768500674.2105563,46.2
1768500674.3129323,33.902
1768500674.4153152,47.155
1768500674.5176632,39.087
1768500674.619992,42.931
1768500674.7238712,35.087
1768500674.8260221,44.823
1768500674.9321404,33.705
1768500675.0345583,42.61
1768500675.136908,42.61
1768500675.239228,34.692
1768500675.3416038,45.341
1768500675.443954,46.916
1768500675.5462775,33.902
1768500675.648591,42.241
1768500675.751081,44.751
1768500675.856174,34.495
1768500675.9586957,46.593
1768500676.0609813,39.801
1768500676.1632943,36.842
1768500676.2657468,47.872
1768500676.3680208,33.804
1768500676.4703143,44.285
1768500676.5730476,39.262
1768500676.6754744,36.743
1768500676.7805502,33.231
1768500676.883031,51.155
1768500676.9859028,33.508
1768500677.0884345,40.739
1768500677.1907563,39.087
1768500677.2930882,36.151
1768500677.3953643,51.321
1768500677.4979002,33.804
1768500677.60364,39.876
1768500677.7059708,44.58
1768500677.808584,33.508
1768500677.9110692,51.088
1768500678.0134697,37.806
1768500678.1159017,37.236
1768500678.2181847,47.184
1768500678.320526,33.508
1768500678.4227765,42.216
1768500678.5281608,38.223
1768500678.6307795,37.434
1768500678.7331383,44.849
1768500678.8359208,33.508
1768500678.9382803,45.538
1768500679.0409658,35.362
1768500679.1433158,47.815
1768500679.2458396,34.593
1768500679.351667,38.496
1768500679.454227,43.917
1768500679.5568273,33.902
1768500679.6591818,47.675
1768500679.7616801,38.124
1768500679.8640728,37.138
1768500679.9666603,45.806
1768500680.0689268,33.31
1768500680.1713881,41.822
1768500680.276233,40.148
1768500680.37882,34.791
1768500680.4811728,49.643
1768500680.5835514,38.716
1768500680.6860461,35.856
1768500680.7884772,47.872
1768500680.8908865,32.638
1768500680.9933603,45.341
1768500681.1004083,38.572
1768500681.203098,36.546
1768500681.3058295,45.511
1768500681.4081132,33.31
1768500681.5105016,48.069
1768500681.6129491,36.349
1768500681.715399,38.025
1768500681.817635,44.259
1768500681.9246106,33.606
1768500682.0270283,46.129
1768500682.1295595,33.508
1768500682.2319736,45.932
1768500682.3344753,36.94
1768500682.436903,39.186
1768500682.5394711,39.186
1768500682.6419191,35.58
1768500682.7473557,48.069
1768500682.8498309,35.067
1768500682.9523644,39.656
1768500683.0547159,39.557
1768500683.1570747,50.535
1768500683.2604234,37.434
1768500683.362724,37.905
1768500683.465101,43.325
1768500683.571959,34.593
1768500683.6745033,46.424
1768500683.7768798,33.329
1768500683.879366,49.416
1768500683.9818075,32.144
1768500684.0844162,42.906
1768500684.186803,37.313
1768500684.2892108,36.447
1768500684.3953521,41.207
1768500684.4978828,34.495
1768500684.600373,48.433
1768500684.7029061,34.297
1768500684.8052547,39.186
1768500684.907846,38.397
1768500685.0102646,36.151
1768500685.1127083,44.554
1768500685.2153654,34.199
1768500685.320686,39.777
1768500685.4231007,34.988
1768500685.5255113,44.233
1768500685.6281738,33.132
1768500685.7308831,46.523
1768500685.8333845,37.357
1768500685.9357784,43.668
1768500686.0381603,37.434
1768500686.1439342,39.284
1768500686.24684,37.313
1768500686.3493624,36.645
1768500686.4520254,41.231
1768500686.5544765,34.593
1768500686.6568863,44.062
1768500686.7593253,34.593
1768500686.861813,35.185
1768500686.964227,40.172
1768500687.0701425,36.842
1768500687.1724756,35.757
1768500687.2748935,44.456
1768500687.377286,33.033
1768500687.4798927,32.539
1768500687.5822523,48.63
1768500687.684597,32.243
1768500687.786869,41.724
1768500687.8893096,31.848
1768500687.993928,46.523
1768500688.0965133,32.342
1768500688.1988645,38.792
1768500688.30151,39.307
1768500688.4039333,34.297
1768500688.5064254,45.315
1768500688.6088643,33.033
1768500688.7114408,45.27
1768500688.8176763,34.475
1768500688.9201882,40.073
1768500689.0225506,37.806
1768500689.1251235,34.791
1768500689.2279327,49.053
1768500689.3303263,36.546
1768500689.4327543,39.11
1768500689.535137,40.369
1768500689.637697,34.297
1768500689.7433755,47.774
1768500689.8460176,36.567
1768500689.9487917,40.861
1768500690.0513005,37.828
1768500690.1536407,36.172
1768500690.2559638,44.259
1768500690.358267,33.31
1768500690.460541,41.724
1768500690.5665872,36.349
1768500690.6689084,37.729
1768500690.7713752,43.767
1768500690.8737502,33.409
1768500690.9760413,49.908
1768500691.0785482,35.856
1768500691.1811695,38.003
1768500691.2834845,39.482
1768500691.3859274,34.791
1768500691.4905922,46.074
1768500691.592911,32.638
1768500691.6955051,42.118
1768500691.7979207,35.284
1768500691.9003725,42.807
1768500692.0028377,33.804
1768500692.105288,46.79
1768500692.2076766,32.836
1768500692.3134875,41.527
1768500692.4159527,39.186
1768500692.5183418,36.842
1768500692.6206744,45.413
1768500692.7231798,33.508
1768500692.825712,41.822
1768500692.9280355,38.375
1768500693.0304766,36.074
1768500693.1327102,46.987
1768500693.2386537,33.705
1768500693.3409443,49.81
1768500693.4432757,33.014
1768500693.5458035,44.088
1768500693.6480823,37.949
1768500693.750686,37.828
1768500693.8538923,41.33
1768500693.9562666,35.481
1768500694.0598183,47.015
1768500694.1622288,33.329
1768500694.2665017,44.948
1768500694.3688097,37.138
1768500694.4712753,36.37
1768500694.5737283,45.762
1768500694.6761377,36.25
1768500694.7784386,36.074
1768500694.8808405,46.495
1768500694.986528,33.804
1768500695.0888586,46.424
1768500695.1913662,39.876
1768500695.2937977,35.481
1768500695.3961158,46.172
1768500695.4985206,40.247
1768500695.6010458,35.56
1768500695.703541,46.495
1768500695.8095732,39.702
1768500695.9120958,36.25
1768500696.0146143,33.508
1768500696.1175675,41.231
1768500696.2197554,48.138
1768500696.3218937,34.1
1768500696.4241648,45.341
1768500696.526548,34.791
1768500696.632575,47.479
1768500696.7350268,36.349
1768500696.8373628,43.963
1768500696.9396653,34.297
1768500697.0422466,43.103
1768500697.1446774,41.625
1768500697.2471635,34.1
1768500697.3496623,44.285
1768500697.4520466,39.899
1768500697.5545516,35.778
1768500697.659652,49.416
1768500697.761973,37.631
1768500697.8643823,37.729
1768500697.9667573,47.774
1768500698.069051,33.132
1768500698.171507,40.467
1768500698.2768662,45.243
1768500698.379165,34.1
1768500698.4852571,42.388
1768500698.5884242,41.946
1768500698.6907094,35.58
1768500698.7931626,52.562
1768500698.8953629,38.254
1768500698.9977598,37.609
1768500699.0999715,48.04
1768500699.2022123,34.001
1768500699.3074956,40.763
1768500699.4099588,42.413
1768500699.5122132,35.087
1768500699.6145196,51.941
1768500699.7169106,38.518
1768500699.8191528,37.138
1768500699.9215143,48.306
1768500700.0239754,38.2
1768500700.1263053,36.842
1768500700.2316291,38.299
1768500700.3340418,32.737
1768500700.4364722,33.014
1768500700.5393667,46.397
1768500700.641778,37.686
1768500700.7440968,36.645
1768500700.8463752,44.751
1768500700.9488008,33.409
1768500701.0511086,44.724
1768500701.1578372,37.313
1768500701.2603562,38.223
1768500701.3630998,47.647
1768500701.4657326,33.606
1768500701.568572,50.045
1768500701.6709075,33.033
1768500701.773563,41.822
1768500701.8794034,41.822
1768500701.9819214,35.284
1768500702.08474,51.677
1768500702.1870525,38.595
1768500702.2896094,36.349
1768500702.3920562,49.22
1768500702.4944737,38.321
1768500702.5980644,39.284
1768500702.7036648,46.397
1768500702.8066652,34.1
1768500702.9090889,41.798
1768500703.011419,42.019
1768500703.1143088,35.481
1768500703.2166746,52.857
1768500703.319058,33.31
1768500703.4212775,40.641
1768500703.5280404,37.609
1768500703.6305866,39.58
1768500703.7330759,38.89
1768500703.835554,37.434
1768500703.937918,46.003
1768500704.0402756,34.791
1768500704.1426039,50.664
1768500704.2450855,33.705
1768500704.351662,42.537
1768500704.45392,33.409
1768500704.5564744,48.532
1768500704.6586816,36.842
1768500704.761092,37.729
1768500704.8635743,46.129
1768500704.9657912,33.804
1768500705.0679646,43.398
1768500705.1704736,40.467
1768500705.276351,36.349
1768500705.3786778,52.727
1768500705.4811692,35.264
1768500705.5835378,39.777
1768500705.6859796,43.891
1768500705.7882698,34.791
1768500705.890505,50.694
1768500705.9928684,37.335
1768500706.0989096,39.679
1768500706.201734,43.201
1768500706.3041143,34.889
1768500706.4064803,51.383
1768500706.5090134,33.902
1768500706.6116114,47.113
1768500706.7153296,31.947
1768500706.8175545,44.823
1768500706.9232945,33.014
1768500707.025843,47.577
1768500707.128157,38.496
1768500707.2304702,35.383
1768500707.3328848,50.989
1768500707.4352314,40.444
1768500707.537559,35.185
1768500707.6398487,46.888
1768500707.742335,41.109
1768500707.8484733,35.185
1768500707.9508483,42.881
1768500708.0531728,40.664
1768500708.1555018,35.284
1768500708.257858,53.611
1768500708.3602958,37.806
1768500708.4625826,38.025
1768500708.5649433,46.003
1768500708.6708333,54.397
1768500708.7741525,38.595
1768500708.8763728,39.11
1768500708.9786582,46.102
1768500709.0808992,34.791
1768500709.1832192,46.397
1768500709.285333,38.2
1768500709.3875191,37.905
1768500709.489713,47.999
1768500709.5945792,34.495
1768500709.6969175,49.878
1768500709.799164,34.1
1768500709.9014413,47.45
1768500710.003853,34.889
1768500710.106241,40.345
1768500710.208696,45.243
1768500710.3111649,33.705
1768500710.4135797,44.849
1768500710.5188978,37.927
1768500710.6211758,37.631
1768500710.7236931,41.995
1768500710.8259468,34.593
1768500710.9316938,48.954
1768500711.034084,32.638
1768500711.138011,40.664
1768500711.2439547,37.905
1768500711.3463702,35.856
1768500711.4488797,44.456
1768500711.5512373,32.836
1768500711.6536205,49.544
1768500711.755976,36.743
1768500711.858363,38.102
1768500711.9608502,40.861
1768500712.0681858,34.396
1768500712.1706042,46.326
1768500712.273076,32.934
1768500712.375462,40.27
1768500712.4777558,44.062
1768500712.5800576,33.606
1768500712.6823068,45.834
1768500712.78467,38.814
1768500712.8912172,45.341
1768500712.993648,34.593
1768500713.0958424,48.925
1768500713.197993,33.606
1768500713.3001966,44.751
1768500713.4025176,39.679
1768500713.5049143,36.546
1768500713.6070955,46.987
1768500713.7093432,34.297
1768500713.8142602,49.22
1768500713.9164836,37.927
1768500714.0188854,38.42
1768500714.1214218,46.621
1768500714.2237682,33.902
1768500714.3261876,42.61
1768500714.4285688,42.782
1768500714.5309844,34.199
1768500714.633407,45.315
1768500714.7393131,37.729
1768500714.841668,36.053
1768500714.9491427,45.216
1768500715.0514662,33.606
1768500715.1550288,43.989
1768500715.2574806,38.868
1768500715.3625839,35.658
1768500715.464974,50.694
1768500715.5672562,34.396
1768500715.6695979,39.087
1768500715.7719712,44.921
1768500715.8744314,33.705
1768500715.9767609,46.326
1768500716.0789986,38.178
1768500716.1813064,36.743
1768500716.2868214,45.511
1768500716.3890624,34.199
1768500716.4915712,51.223
1768500716.593867,38.223
1768500716.696138,36.053
1768500716.7985697,32.539
1768500716.9011016,44.921
1768500717.0034006,37.018
1768500717.105922,38.223
1768500717.211077,33.705
1768500717.313434,44.259
1768500717.4157274,39.482
1768500717.5178692,34.495
1768500717.6201086,45.637
1768500717.7223294,39.876
1768500717.8245945,34.1
1768500717.9267497,48.433
1768500718.0290647,36.546
1768500718.1312764,41.33
1768500718.2365093,39.505
1768500718.3388407,36.151
1768500718.4412537,47.282
1768500718.5435314,34.1
1768500718.6459663,43.767
1768500718.7484112,38.814
1768500718.8509178,35.954
1768500718.9532723,49.613
1768500719.0556865,33.804
1768500719.1613917,43.398
1768500719.2637815,43.497
1768500719.3660922,34.396
1768500719.4699697,42.709
1768500719.5722349,38.89
1768500719.674545,36.546
1768500719.776892,46.593
1768500719.879141,33.31
1768500719.984388,41.157
1768500720.0867727,37.609
1768500720.1891625,37.708
1768500720.291636,37.236
1768500720.3939807,40.566
1768500720.4962199,38.025
1768500720.5986176,36.546
1768500720.70092,38.572
1768500720.8032455,36.172
1768500720.909049,43.668
1768500721.0112848,33.113
1768500721.113577,44.751
1768500721.2158582,33.409
1768500721.3182862,49.643
1768500721.4206254,34.1
1768500721.5229936,39.482
1768500721.6254222,40.369
1768500721.7277312,34.001
1768500721.8300846,38.639
1768500721.936036,36.447
1768500722.0382435,43.176
1768500722.1405087,34.1
1768500722.2427623,49.544
1768500722.3448799,36.842
1768500722.4471684,38.792
1768500722.549347,39.656
1768500722.6516216,34.889
1768500722.7539606,44.652
1768500722.858721,33.231
1768500722.9611692,46.2
1768500723.063527,35.461
1768500723.165944,40.369
1768500723.2682872,40.814
1768500723.3706112,34.396
1768500723.4729085,51.677
1768500723.5759144,32.916
1768500723.678163,40.073
1768500723.786198,39.383
1768500723.888517,34.593
1768500723.9908214,50.664
1768500724.0943754,32.638
1768500724.1966736,39.777
1768500724.2991514,45.046
1768500724.4015458,33.508
1768500724.5085988,41.453
1768500724.610889,44.357
1768500724.7135417,33.409
1768500724.8158998,33.033
1768500724.9181204,52.366
1768500725.0204368,33.132
1768500725.122761,38.595
1768500725.224994,44.357
1768500725.3272839,33.705
1768500725.431877,41.428
1768500725.534182,41.354
1768500725.6363938,34.199
1768500725.7386434,44.482
1768500725.8410742,43.201
1768500725.9433205,34.199
1768500726.045873,45.735
1768500726.1481333,38.003
1768500726.2505019,46.888
1768500726.3578212,33.705
1768500726.4600527,43.201
1768500726.5622234,39.087
1768500726.66438,43.373
1768500726.76672,34.791
1768500726.8689759,45.413
1768500726.9711313,39.459
1768500727.0733483,38.496
1768500727.1798735,47.184
1768500727.2822895,33.31
1768500727.3845658,39.11
1768500727.4869668,46.762
1768500727.589342,33.705
1768500727.6917384,40.664
1768500727.7945778,45.932
1768500727.896905,34.1
1768500727.9992123,39.951
1768500728.1042457,43.078
1768500728.2065275,34.889
1768500728.3088107,49.377
1768500728.411259,38.124
1768500728.5139935,39.186
1768500728.616583,47.409
1768500728.7188349,34.495
1768500728.8211417,48.728
1768500728.9233105,39.307
1768500729.0280175,36.447
1768500729.1304781,48.659
1768500729.2328796,34.1
1768500729.335229,49.908
1768500729.437601,37.828
1768500729.5399961,39.262
1768500729.642276,39.876
1768500729.744659,36.447
1768500729.8470783,44.751
1768500729.9528592,34.297
1768500730.055202,41.527
1768500730.1575408,35.284
1768500730.2599683,45.44
1768500730.3624449,33.212
1768500730.464804,45.905
1768500730.5670993,38.693
1768500730.6693254,35.383
1768500730.771818,41.724
1768500730.8742456,49.092
1768500730.9817436,32.243
1768500731.0839586,43.274
1768500731.1863658,37.565
1768500731.2887588,35.778
1768500731.391168,46.959
1768500731.4935358,36.743
1768500731.5958164,36.94
1768500731.6982138,47.113
1768500731.8049605,33.113
1768500731.9073682,39.209
1768500732.0098264,41.921
1768500732.112127,34.396
1768500732.2145169,44.652
1768500732.3169155,37.335
1768500732.419231,37.631
1768500732.5216298,43.792
1768500732.624559,34.495
1768500732.7293851,47.675
1768500732.8317492,40.467
1768500732.9340575,34.988
1768500733.0387714,48.098
1768500733.1410956,37.905
1768500733.2433913,37.532
1768500733.3459558,48.167
1768500733.44817,34.1
1768500733.553,43.274
1768500733.655301,39.042
1768500733.7578921,36.447
1768500733.860297,46.987
1768500733.962686,34.495
1768500734.0651221,46.326
1768500734.1675138,39.557
1768500734.2697778,34.988
1768500734.3720024,50.233
1768500734.4769497,38.42
1768500734.5794754,40.566
1768500734.6818545,39.186
1768500734.7841752,37.335
1768500734.8865051,46.03
1768500734.9889126,33.902
1768500735.0913024,48.925
1768500735.193765,43.398
1768500735.2964387,38.792
1768500735.4019523,35.383
1768500735.5042803,50.203
1768500735.606707,37.138
1768500735.7091193,37.335
1768500735.8116548,46.326
1768500735.9140573,33.606
1768500736.0164855,41.33
1768500736.1189914,41.946
1768500736.2213979,34.988
1768500736.3263407,51.61
1768500736.428724,37.927
1768500736.5313087,38.223
1768500736.633567,46.424
1768500736.736104,42.636
1768500736.8385296,34.593
1768500736.9409935,41.059
1768500737.0437143,38.792
1768500737.1463075,35.757
1768500737.2511995,48.699
1768500737.3534977,38.102
1768500737.457304,36.842
1768500737.559561,46.145
1768500737.661863,33.033
1768500737.7640889,43.176
1768500737.8666532,37.959
1768500737.968819,35.58
1768500738.0712578,48.503
1768500738.1764786,33.508
1768500738.2787366,40.27
1768500738.381145,42.979
1768500738.4834824,34.495
1768500738.5858643,48.659
1768500738.688188,38.397
1768500738.7905774,36.94
1768500738.8930225,45.413
1768500738.9991763,34.297
1768500739.1015635,46.593
1768500739.2039533,38.814
1768500739.3063998,38.102
1768500739.4088957,38.518
1768500739.511295,37.236
1768500739.6135204,34.1
1768500739.716243,51.088
1768500739.818447,32.539
1768500739.9231045,40.739
1768500740.025577,38.693
1768500740.1280234,35.185
1768500740.2303953,48.728
1768500740.3329391,38.124
1768500740.4353774,37.236
1768500740.537671,44.849
1768500740.639916,33.033
1768500740.7423666,46.916
1768500740.8488367,38.299
1768500740.9511874,35.658
1768500741.0536973,46.397
1768500741.1560695,33.409
1768500741.2583852,41.034
1768500741.3606327,39.284
1768500741.4629207,38.814
1768500741.5652943,40.073
1768500741.6677263,35.461
1768500741.7700338,53.152
1768500741.8779564,36.919
1768500741.9802737,38.617
1768500742.0824716,42.315
1768500742.1847742,34.692
1768500742.287247,44.751
1768500742.3894792,39.58
1768500742.4917767,35.087
1768500742.5940378,50.468
1768500742.70031,37.729
1768500742.8026938,37.828
1768500742.9051478,46.692
1768500743.0074773,38.08
1768500743.109842,38.025
1768500743.212124,45.019
1768500743.3143816,33.409
1768500743.4167001,45.538
1768500743.5189598,37.215
1768500743.621209,37.631
1768500743.7262096,45.019
1768500743.8285728,33.508
1768500743.9309518,43.668
1768500744.0331957,37.828
1768500744.1353939,38.102
1768500744.2376592,45.637
1768500744.3399343,43.865
1768500744.4434948,37.729
1768500744.545721,38.792
1768500744.6478891,37.018
1768500744.7531502,36.349
1768500744.8555326,43.176
1768500744.957789,33.902
1768500745.0601807,48.954
1768500745.1624773,38.397
1768500745.2648325,36.151
1768500745.3671787,46.074
1768500745.4694781,36.546
1768500745.571897,38.321
1768500745.6772058,46.79
1768500745.7795086,37.927
1768500745.882372,37.708
1768500745.9848702,46.326
1768500746.0873754,33.902
1768500746.1896865,44.652
1768500746.2918901,38.814
1768500746.3943555,37.631
1768500746.4977167,42.167
1768500746.6022336,34.396
1768500746.7044728,40.861
1768500746.8067544,43.176
1768500746.9092243,38.716
1768500747.011623,36.546
1768500747.1138816,47.52
1768500747.2163157,39.012
1768500747.318675,37.631
1768500747.4209647,48.856
1768500747.5269074,33.508
1768500747.6291842,41.798
1768500747.7316387,45.341
1768500747.8338857,34.297
1768500747.9362476,41.625
1768500748.0385249,40.984
1768500748.1408303,35.856
1768500748.2431543,47.675
1768500748.345513,43.471
1768500748.4507787,34.495
1768500748.553189,43.595
1768500748.6556,42.019
1768500748.7580214,34.988
1768500748.8603477,41.921
1768500748.9636574,35.383
1768500749.065817,51.088
1768500749.168006,47.184
1768500749.273834,34.199
1768500749.3761895,40.542
1768500749.4786146,44.724
1768500749.5811276,34.988
1768500749.6833675,44.751
1768500749.7859015,39.58
1768500749.8882384,36.743
1768500749.9904213,50.959
1768500750.092928,33.705
1768500750.1980069,42.315
1768500750.300433,38.397
1768500750.4033124,36.842
1768500750.506287,44.921
1768500750.6089563,35.284
1768500750.7133102,46.03
1768500750.8156004,33.31
1768500750.9226942,47.38
1768500751.0250938,37.828
1768500751.1278858,41.453
1768500751.2305,32.441
1768500751.3333764,48.462
1768500751.435925,32.737
1768500751.5387728,41.748
1768500751.6453612,38.223
1768500751.7478707,34.889
1768500751.8502336,44.751
1768500751.952584,33.31
1768500752.0548043,43.274
1768500752.1570685,32.126
1768500752.259345,39.284
1768500752.3618658,38.299
1768500752.4679875,35.856
1768500752.5703962,45.145
1768500752.672721,33.508
1768500752.7750976,49.643
1768500752.877589,39.482
1768500752.9798245,42.512
1768500753.0820427,34.495
1768500753.1844091,44.482
1768500753.2867103,32.638
1768500753.3919294,46.719
1768500753.4942994,32.046
1768500753.596805,41.551
1768500753.6992154,37.532
1768500753.8016768,36.271
1768500753.904031,42.019
1768500754.0062954,33.606
1768500754.1088681,44.876
1768500754.2112062,33.132
1768500754.3175251,46.523
1768500754.4198685,36.764
1768500754.5226395,38.397
1768500754.6251965,41.995
1768500754.7274663,34.396
1768500754.8313496,49.878
1768500754.9337347,32.718
1768500755.0359478,41.527
1768500755.1413982,38.693
1768500755.2437444,34.889
1768500755.3461254,50.301
1768500755.4484699,38.693
1768500755.5508146,37.236
1768500755.6530335,47.184
1768500755.7554379,33.705
1768500755.8578336,40.542
1768500755.9602187,40.814
1768500756.0660534,35.284
1768500756.1685114,46.692
1768500756.2708821,33.606
1768500756.373112,41.724
1768500756.4754837,32.638
1768500756.5778315,49.279
1768500756.6802788,38.464
1768500756.782848,44.921
1768500756.890191,34.001
1768500756.9924319,43.201
1768500757.0948067,40.936
1768500757.1971877,45.565
1768500757.3000505,32.342
1768500757.4022586,38.496
1768500757.5044658,42.118
1768500757.6066852,34.199
1768500757.7089548,49.122
1768500757.8142738,38.397
1768500757.9166973,37.927
1768500758.01899,44.652
1768500758.1214128,34.692
1768500758.2238894,50.437
1768500758.3261728,37.215
1768500758.4285195,38.913
1768500758.530783,40.912
1768500758.6331427,34.869
1768500758.7398381,49.387
1768500758.842303,36.743
1768500758.9444706,37.138
1768500759.046869,46.102
1768500759.1505744,33.508
1768500759.2527926,41.453
1768500759.3551176,43.471
1768500759.4573905,34.297
1768500759.5635874,49.455
1768500759.666073,33.014
1768500759.7683995,39.754
1768500759.8708692,44.16
1768500759.9731994,34.199
1768500760.0755107,48.196
1768500760.1779013,37.412
1768500760.2801857,39.087
1768500760.386895,43.891
1768500760.4894009,34.495
1768500760.5919287,32.836
1768500760.694277,48.138
1768500760.7968426,33.508
1768500760.8993068,39.482
1768500761.00177,42.315
1768500761.1041608,35.679
1768500761.208923,44.724
1768500761.3113458,33.902
1768500761.4136174,41.059
1768500761.515907,34.001
1768500761.6187854,46.397
1768500761.7209125,38.648
1768500761.823025,34.988
1768500761.925228,51.579
1768500762.0273447,33.409
1768500762.1295485,44.652
1768500762.235005,42.019
1768500762.3372757,34.692
1768500762.439638,47.844
1768500762.54199,37.609
1768500762.6443233,37.729
1768500762.7467349,48.462
1768500762.8489523,33.428
1768500762.9512498,39.679
1768500763.0535054,42.29
1768500763.1597674,35.58
1768500763.2620869,50.528
1768500763.364396,33.31
1768500763.4685853,43.103
1768500763.5708613,39.209
1768500763.6732318,36.743
1768500763.775622,43.471
1768500763.8819191,34.199
1768500763.984375,49.682
1768500764.0868769,32.836
1768500764.1892562,45.341
1768500764.29152,38.102
1768500764.3938658,34.988
1768500764.496164,46.003
1768500764.5985296,34.001
1768500764.7008367,38.89
1768500764.807122,43.865
1768500764.9094348,33.31
1768500765.012009,44.948
1768500765.1142342,33.508
1768500765.2165117,47.057
1768500765.3188288,38.08
1768500765.4210553,37.335
1768500765.523542,46.664
1768500765.6296425,33.606
1768500765.7319038,41.527
1768500765.8343356,35.284
1768500765.9369068,52.629
1768500766.0391428,33.212
1768500766.1412818,44.554
1768500766.2434988,39.307
1768500766.3458097,36.567
1768500766.4481559,45.44
1768500766.5537803,34.1
1768500766.6575377,46.79
1768500766.7602293,42.315
1768500766.8626986,38.716
1768500766.9649599,36.25
1768500767.0673506,45.932
1768500767.1700892,33.132
1768500767.272444,43.595
1768500767.3778229,38.08
1768500767.4802608,35.876
1768500767.584474,46.649
1768500767.686831,33.014
1768500767.78924,39.012
1768500767.8916879,42.709
1768500767.9941206,34.593
1768500768.0963109,49.446
1768500768.2015123,36.567
1768500768.3038452,38.913
1768500768.4061975,43.668
1768500768.5085268,34.1
1768500768.6109586,49.387
1768500768.713366,37.532
1768500768.8157983,38.989
1768500768.9181623,44.777
1768500769.0204902,34.1
1768500769.125523,48.364
1768500769.2278078,37.631
1768500769.330122,37.927
1768500769.4324055,45.216
1768500769.5347219,34.593
1768500769.6370327,50.528
1768500769.7394764,33.231
1768500769.8418362,47.942
1768500769.9442096,37.215
1768500770.050678,36.743
1768500770.1529024,33.231
1768500770.255787,43.471
1768500770.3580272,38.003
1768500770.4603863,36.349
1768500770.56248,44.259
1768500770.6647902,33.804
1768500770.7670295,48.294
1768500770.8693178,37.653
1768500770.9753816,36.743
1768500771.0776312,43.201
1768500771.180066,36.468
1768500771.28247,36.863
1768500771.3847542,37.138
1768500771.487017,40.172
1768500771.589702,34.692
1768500771.6921933,43.497
1768500771.7947948,33.31
1768500771.9011798,46.692
1768500772.0069697,31.848
1768500772.1095407,43.004
1768500772.211895,35.087
1768500772.3142686,40.073
1768500772.4166763,39.209
1768500772.5193439,34.889
1768500772.6254323,44.062
1768500772.728157,33.212
1768500772.8304236,48.012
1768500772.9329126,32.441
1768500773.0352526,41.059
1768500773.1375885,37.631
1768500773.239997,39.383
1768500773.3423307,39.284
1768500773.4502177,34.889
1768500773.552679,45.538
1768500773.6553364,32.737
1768500773.7578454,43.373
1768500773.8603568,37.51
1768500773.9626818,37.729
1768500774.0659418,41.428
1768500774.1717308,32.836
1768500774.2740993,36.468
1768500774.3763657,37.138
1768500774.4787912,41.921
1768500774.5810876,33.508
1768500774.6835036,49.446
1768500774.78576,31.848
1768500774.8880131,41.33
1768500774.990346,37.51
1768500775.0973177,36.94
1768500775.1996996,41.33
1768500775.302078,34.495
1768500775.4045076,45.341
1768500775.507087,32.916
1768500775.610163,47.015
1768500775.7124865,37.335
1768500775.8149128,38.496
1768500775.9210818,42.34
1768500776.0236776,34.199
1768500776.1260502,46.298
1768500776.2288482,32.737
1768500776.331237,40.073
1768500776.433524,37.313
1768500776.5360222,35.362
1768500776.6383548,48.069
1768500776.740845,34.001
1768500776.8461173,39.087
1768500776.9483705,35.067
1768500777.0506146,47.409
1768500777.1529086,32.934
1768500777.255307,42.044
1768500777.357568,41.822
1768500777.4600546,34.297
1768500777.5624309,50.498
1768500777.6653116,38.223
1768500777.7699249,38.518
1768500777.8723743,41.428
1768500777.9747987,34.791
1768500778.0771196,49.348
1768500778.1796308,33.31
1768500778.2819607,44.751
1768500778.3845718,39.899
1768500778.48693,34.889
1768500778.5892735,51.708
1768500778.694445,40.27
1768500778.7969604,39.899
1768500778.899541,34.593
1768500779.001877,45.019
1768500779.104133,32.737
1768500779.2063224,44.751
1768500779.3085542,37.981
1768500779.4107983,35.087
1768500779.5133038,49.387
1768500779.6193314,32.342
1768500779.7217455,39.974
1768500779.8242223,43.446
1768500779.9269466,33.508
1768500780.0298822,45.341
1768500780.1324224,37.828
1768500780.2348206,39.284
1768500780.33708,46.03
1768500780.4398031,34.1
1768500780.5453274,51.253
1768500780.6485722,33.212
1768500780.7511065,41.034
1768500780.8535433,39.777
1768500780.955983,35.679
1768500781.0582106,51.413
1768500781.1604202,33.212
1768500781.2627456,41.748
1768500781.3678694,40.369
1768500781.470164,35.185
1768500781.5725405,47.479
1768500781.674981,33.823
1768500781.7772913,48.688
1768500781.8799455,35.778
1768500781.982339,37.138
1768500782.0846987,45.637
1768500782.1870966,33.231
1768500782.2924705,43.963
1768500782.3950834,37.708
1768500782.4974673,36.447
1768500782.5999098,43.963
1768500782.7021766,33.902
1768500782.80449,49.81
1768500782.907077,33.212
1768500783.009553,50.271
1768500783.1120026,36.842
1768500783.2168827,42.216
1768500783.319278,34.1
1768500783.4215362,48.491
1768500783.5237372,38.442
1768500783.6259222,36.25
1768500783.7282424,49.387
1768500783.8304722,33.212
1768500783.9325929,40.05
1768500784.034789,42.906
1768500784.1369243,35.284
1768500784.2414663,45.735
1768500784.3438218,34.297
1768500784.4461856,45.44
1768500784.5485368,38.716
1768500784.6508722,37.631
1768500784.75322,41.034
1768500784.855761,35.975
1768500784.9584742,47.212
1768500785.0608945,33.31
1768500785.165785,42.216
1768500785.2681546,40.294
1768500785.3712611,34.1
1768500785.4736402,44.652
1768500785.5760748,40.073
1768500785.678393,35.185
1768500785.7807472,53.12
1768500785.8830273,38.397
1768500785.9853466,38.617
1768500786.0877185,43.227
1768500786.192663,35.481
1768500786.2951214,48.167
1768500786.3975356,33.508
1768500786.4997792,49.643
1768500786.6020117,38.814
1768500786.7042644,37.039
1768500786.8069875,34.001
1768500786.9093769,49.515
1768500787.0119727,33.508
1768500787.1179538,49.908
1768500787.2203584,33.705
1768500787.3228545,45.145
1768500787.4252563,39.11
1768500787.5275898,34.692
1768500787.6300082,50.006
1768500787.7324343,37.412
1768500787.8348873,36.447
1768500787.937234,47.675
1768500788.0395975,37.138
1768500788.1448016,40.763
1768500788.2469542,34.297
1768500788.349117,45.44
1768500788.4513376,38.89
1768500788.5540698,35.284
1768500788.656393,48.561
1768500788.7585588,32.934
1768500788.8608143,39.777
1768500788.963164,44.679
1768500789.0653539,33.705
1768500789.1705303,45.171
1768500789.272864,38.299
1768500789.3752172,36.546
1768500789.477564,45.145
1768500789.5797875,34.297
1768500789.6826012,46.003
1768500789.785012,33.428
1768500789.8904796,39.777
1768500789.9969425,36.623
1768500790.0992804,40.763
1768500790.201503,37.236
1768500790.303882,35.954
1768500790.4063077,44.626
1768500790.508522,33.231
1768500790.6108902,43.004
1768500790.7133803,38.518
1768500790.819564,34.001
1768500790.9219174,47.942
1768500791.024425,35.087
1768500791.1268137,38.693
1768500791.22909,41.33
1768500791.3316205,34.791
1768500791.4339843,51.615
1768500791.536595,33.31
1768500791.6389778,43.201
1768500791.7450101,37.784
1768500791.8473687,36.349
1768500791.949714,47.999
1768500792.052206,33.606
1768500792.1545815,42.315
1768500792.2570677,38.474
1768500792.3594778,36.743
1768500792.4617488,47.45
1768500792.5680416,41.625
1768500792.67024,37.708
1768500792.7723398,36.349
1768500792.8747172,43.963
1768500792.977042,33.31
1768500793.0793095,43.103
1768500793.1820912,38.792
1768500793.284323,36.151
1768500793.386559,45.511
1768500793.4929848,33.508
1768500793.5954256,41.453
1768500793.697891,46.2
1768500793.800367,35.185
1768500793.9051104,38.223
1768500794.0073588,48.069
1768500794.10967,34.988
1768500794.2130368,50.075
1768500794.318191,33.804
1768500794.4205976,42.684
1768500794.5231545,39.777
1768500794.6254876,37.434
1768500794.727836,47.352
1768500794.8301592,34.199
1768500794.9325104,46.227
1768500795.0348442,39.163
1768500795.1410363,37.039
1768500795.2434976,49.151
1768500795.3457866,37.335
1768500795.4480753,38.42
1768500795.5504086,47.155
1768500795.6529567,34.1
1768500795.7551792,40.566
1768500795.8575587,45.708
1768500795.9601197,34.1
1768500796.0644476,44.062
1768500796.1668284,36.842
1768500796.2691815,37.828
1768500796.371486,47.774
1768500796.4738243,33.804
1768500796.5766468,47.254
1768500796.6796458,33.508
1768500796.7824922,36.468
1768500796.8848112,39.951
1768500796.991918,35.087
1768500797.0941875,45.046
1768500797.196593,33.132
1768500797.298978,42.512
1768500797.4014025,41.157
1768500797.5037582,34.297
1768500797.606101,49.544
1768500797.7083857,38.397
1768500797.814995,35.679
1768500797.9176574,46.326
1768500798.0200028,33.428
1768500798.122844,43.078
1768500798.2250433,37.927
1768500798.3273609,35.679
1768500798.430831,46.523
1768500798.533273,33.231
1768500798.6393719,45.145
1768500798.7418156,40.739
1768500798.844439,34.495
1768500798.9469173,50.891
1768500799.0495844,37.653
1768500799.1519504,38.397
1768500799.2546356,39.383
1768500799.3569362,34.199
1768500799.4649003,45.046
1768500799.567272,32.046
1768500799.6696427,41.724
1768500799.772135,38.671
1768500799.874554,34.396
1768500799.9772382,48.433
1768500800.0795925,32.638
1768500800.1821613,39.186
1768500800.286877,40.96
1768500800.3896923,34.396
1768500800.4920323,44.357
1768500800.594596,36.842
1768500800.6969206,38.617
1768500800.7993476,44.652
1768500800.9017282,33.31
1768500801.0041637,38.617
1768500801.1063716,37.039
1768500801.212025,42.881
1768500801.3145604,35.383
1768500801.4169657,51.026
1768500801.5192983,33.508
1768500801.621574,42.537
1768500801.7240329,39.284
1768500801.826646,37.631
1768500801.9290552,46.987
1768500802.0351264,34.593
1768500802.1376443,50.105
1768500802.2400522,33.508
1768500802.3423321,42.931
1768500802.4446764,39.406
1768500802.548956,36.842
1768500802.6513183,47.815
1768500802.753663,32.934
1768500802.8598778,47.675
1768500802.9622307,36.172
1768500803.0646374,38.595
1768500803.1670067,39.974
1768500803.2693667,35.185
1768500803.372215,46.523
1768500803.4747064,33.033
1768500803.5770938,46.2
1768500803.6840053,36.645
1768500803.7863204,38.617
1768500803.88868,43.078
1768500803.9911778,33.705
1768500804.093561,49.643
1768500804.1960557,36.271
1768500804.2984743,38.321
1768500804.4010108,41.231
1768500804.507332,34.199
1768500804.6096601,44.724
1768500804.7120247,33.31
1768500804.8143635,47.97
1768500804.9167542,36.743
1768500805.0191572,37.532
1768500805.121832,32.539
1768500805.2249522,45.637
1768500805.330907,36.842
1768500805.4333005,39.383
1768500805.535667,38.693
1768500805.6381083,34.692
1768500805.740504,46.888
1768500805.8430238,32.539
1768500805.9454458,42.315
1768500806.048049,37.806
1768500806.150894,37.532
1768500806.255921,43.004
1768500806.3588805,34.001
1768500806.4614692,46.058
1768500806.564554,33.132
1768500806.66676,45.637
1768500806.7693553,37.905
1768500806.87168,44.823
1768500806.9740505,33.804
1768500807.079924,47.085
1768500807.1823885,37.905
1768500807.2847414,38.321
1768500807.3872342,46.523
1768500807.4895694,34.968
1768500807.5918071,38.814
1768500807.6942751,46.593
1768500807.7966082,33.804
1768500807.8990982,43.078
1768500808.0036836,37.215
1768500808.106117,39.951
1768500808.2087107,41.306
1768500808.3110955,35.778
1768500808.4134302,53.415
1768500808.5158062,33.409
1768500808.618375,40.369
1768500808.720852,45.834
1768500808.8273969,34.593
1768500808.9298873,44.429
1768500809.0322132,39.406
1768500809.1344767,36.842
1768500809.2368238,49.279
1768500809.3391786,39.679
1768500809.442688,47.38
1768500809.5449302,33.212
1768500809.6509573,46.03
1768500809.7532732,38.277
1768500809.8556297,36.743
1768500809.9579246,47.282
1768500810.0602086,34.396
1768500810.1625955,38.89
1768500810.2650151,45.538
1768500810.3674722,34.199
1768500810.470078,43.865
1768500810.5762045,40.566
1768500810.6787193,34.495
1768500810.7827857,44.383
1768500810.8850772,41.551
1768500810.9873521,35.185
1768500811.0896568,51.91
1768500811.191975,38.299
1768500811.2943692,38.025
1768500811.3998423,49.446
1768500811.5022454,33.508
1768500811.6047711,39.307
1768500811.7071009,47.942
1768500811.8096027,33.804
1768500811.9118648,47.338
1768500812.0141902,39.482
1768500812.116613,37.806
1768500812.2238212,44.134
1768500812.3263862,36.349
1768500812.42885,40.345
1768500812.531276,36.546
1768500812.6335607,46.719
1768500812.7359636,33.014
1768500812.838278,38.518
1768500812.940784,44.186
1768500813.0476582,34.297
1768500813.1501493,43.865
1768500813.252547,39.383
1768500813.354894,36.743
1768500813.4573834,33.606
1768500813.5609655,49.574
1768500813.6630898,38.595
1768500813.7653606,37.138
1768500813.8710084,46.959
1768500813.973332,33.902
1768500814.0757313,45.538
1768500814.1780727,39.307
1768500814.2804756,38.124
1768500814.3828297,45.386
1768500814.4851472,34.001
1768500814.5875328,47.184
1768500814.689939,38.397
1768500814.7955348,37.138
1768500814.8980033,46.987
1768500815.002201,33.31
1768500815.1044333,45.171
1768500815.2066896,38.792
1768500815.3090456,36.94
1768500815.4113376,47.409
1768500815.5136333,33.033
1768500815.6208768,40.566
1768500815.7231593,44.233
1768500815.8253798,34.593
1768500815.9277449,46.298
1768500816.0300832,39.876
1768500816.1324453,36.567
1768500816.234812,51.057
1768500816.337169,37.116
1768500816.4430792,37.434
1768500816.5456126,38.025
1768500816.6479912,38.617
1768500816.7505643,32.342
1768500816.853002,53.12
1768500816.9554393,37.039
1768500817.0578785,39.58
1768500817.1603029,39.209
1768500817.2671504,41.256
1768500817.3694894,38.913
1768500817.4719017,34.692
1768500817.5741937,51.118
1768500817.6765487,36.349
1768500817.779438,45.637
1768500817.8815737,37.532
1768500817.9836948,37.631
1768500818.0859704,45.664
1768500818.1921418,34.889
1768500818.2945955,50.369
1768500818.3971093,37.708
1768500818.49952,38.003
1768500818.601973,46.298
1768500818.7043831,33.902
1768500818.80705,45.27
1768500818.9094248,38.989
1768500819.0162795,37.708
1768500819.1187773,48.266
1768500819.2211838,34.791
1768500819.3246174,39.087
1768500819.4270673,44.259
1768500819.5296912,35.383
1768500819.631953,51.646
1768500819.7345521,38.617
1768500819.8396199,38.397
1768500819.9419284,46.424
1768500820.0442057,34.1
1768500820.1465213,42.61
1768500820.2488575,41.453
1768500820.351175,36.349
1768500820.4535055,49.643
1768500820.5558178,35.481
1768500820.6580846,46.987
1768500820.7639139,33.606
1768500820.8661888,51.708
1768500820.9684224,33.606
1768500821.0707135,42.34
1768500821.1730454,40.936
1768500821.2753298,33.902
1768500821.3775427,46.129
1768500821.479809,37.39
1768500821.5820656,36.546
1768500821.6843503,44.062
1768500821.790088,33.804
1768500821.8924148,43.471
1768500821.9947438,43.497
1768500822.097068,47.282
1768500822.2009244,39.754
1768500822.3032148,38.518
1768500822.4054294,46.172
1768500822.5076098,33.033
1768500822.613737,40.467
1768500822.716157,44.259
1768500822.8185277,34.495
1768500822.92086,42.512
1768500823.0233624,43.57
1768500823.1257043,35.461
1768500823.2279494,37.335
1768500823.330263,39.656
1768500823.4331725,36.349
1768500823.5388606,48.827
1768500823.6413734,34.001
1768500823.744933,44.383
1768500823.8471372,39.974
1768500823.9494464,35.954
1768500824.0516758,49.053
1768500824.154034,38.299
1768500824.2562625,38.617
1768500824.3629138,47.97
1768500824.4653435,33.113
1768500824.5677402,41.133
1768500824.6699755,42.734
1768500824.7723517,34.297
1768500824.874799,50.989
1768500824.9770885,38.102
1768500825.0794117,37.631
1768500825.1817908,42.216
1768500825.2878134,34.692
1768500825.390035,44.751
1768500825.4923625,33.606
1768500825.594711,47.507
1768500825.6970632,38.299
1768500825.799486,35.975
1768500825.901901,46.003
1768500826.0042055,33.428
1768500826.1066704,41.33
1768500826.2123733,40.148
1768500826.3146589,34.396
1768500826.4171395,45.243
1768500826.5194752,36.645
1768500826.621824,46.916
1768500826.72467,45.708
1768500826.8269887,38.299
1768500826.929197,36.546
1768500827.0350776,46.523
1768500827.1374695,33.508
1768500827.239997,40.763
1768500827.3424401,38.474
1768500827.4453578,37.434
1768500827.5477562,47.479
1768500827.65009,34.1
1768500827.7526088,41.625
1768500827.854921,44.311
1768500827.961225,35.778
1768500828.0636652,47.745
1768500828.165989,33.902
1768500828.2682507,41.157
1768500828.3705308,41.428
1768500828.472819,35.185
1768500828.5751152,52.857
1768500828.6775353,38.693
1768500828.782092,41.256
1768500828.8851018,43.57
1768500828.9875402,35.56
1768500829.0900586,46.172
1768500829.192651,35.264
1768500829.2949522,39.11
1768500829.397426,43.595
1768500829.4997892,34.889
1768500829.602136,51.579
1768500829.7078846,34.692
1768500829.8101528,39.974
1768500829.9125738,42.512
1768500830.014924,34.593
1768500830.1171877,49.19
1768500830.219727,38.321
1768500830.3221872,36.743
1768500830.424556,45.315
1768500830.5316932,34.1
1768500830.634039,48.462
1768500830.7365334,38.2
1768500830.83892,46.888
1768500830.9412563,33.705
1768500831.0435534,41.65
1768500831.1458485,42.906
1768500831.2481525,35.481
1768500831.3504283,52.495
1768500831.4557118,38.966
1768500831.5581224,37.335
1768500831.6606524,49.18
1768500831.7631218,33.804
1768500831.8654838,42.61
1768500831.96803,40.96
1768500832.0708613,36.053
1768500832.173149,47.085
1768500832.2761936,34.692
1768500832.384118,47.409
1768500832.486589,33.902
1768500832.5888867,43.3
1768500832.6913843,41.921
1768500832.793771,35.264
1768500832.8962054,45.806
1768500832.998494,33.033
1768500833.1011062,40.861
1768500833.2069569,38.2
1768500833.3092914,35.876
1768500833.411683,47.085
1768500833.5140603,33.31
1768500833.6164443,42.881
1768500833.719382,39.36
1768500833.822038,35.58
1768500833.9246898,46.959
1768500834.030434,33.409
1768500834.1327794,44.285
1768500834.2353313,37.828
1768500834.3376725,38.913
1768500834.4402168,38.716
1768500834.5427525,36.25
1768500834.6453404,42.881
1768500834.7476962,35.185
1768500834.8536546,46.298
1768500834.9560237,33.409
1768500835.0585618,32.737
1768500835.1607995,44.554
1768500835.262999,35.362
1768500835.3652549,39.284
1768500835.4675386,39.603
1768500835.5698407,34.889
1768500835.6722112,45.073
1768500835.7783399,32.934
1768500835.8807628,44.849
1768500835.983349,36.151
1768500836.0857353,42.979
1768500836.1882172,32.243
1768500836.291182,40.566
1768500836.3938746,37.631
1768500836.4978058,36.842
1768500836.602693,42.709
1768500836.7050526,36.447
1768500836.80742,36.25
1768500836.9100091,38.693
1768500837.0124695,39.284
1768500837.1148577,35.58
1768500837.2173495,45.44
1768500837.3197315,33.231
1768500837.4223616,48.885
1768500837.5274332,37.018
1768500837.6299632,36.447
1768500837.732382,44.088
1768500837.834951,32.342
1768500837.9374352,42.315
1768500838.0398843,38.025
1768500838.1421835,37.532
1768500838.244552,44.062
1768500838.3510947,33.705
1768500838.4533296,44.259
1768500838.5560215,40.542
1768500838.658389,34.692
1768500838.760803,47.155
1768500838.863231,36.151
1768500838.9657598,38.814
1768500839.0681772,39.777
1768500839.1750011,34.791
1768500839.277386,38.223
1768500839.3796792,37.236
1768500839.4819593,45.341
1768500839.5841823,33.31
1768500839.68647,38.397
1768500839.788916,46.424
1768500839.8911877,34.791
1768500839.9934776,48.994
1768500840.1001515,35.067
1768500840.2025478,40.148
1768500840.3048081,41.207
1768500840.4071956,35.185
1768500840.5095804,48.167
1768500840.6126614,38.89
1768500840.7149968,38.595
1768500840.8172648,46.987
1768500840.9224339,34.791
1768500841.024871,49.613
1768500841.127304,37.905
1768500841.229684,39.679
1768500841.3325176,40.27
1768500841.4349363,36.447
1768500841.5373693,44.626
1768500841.6396685,33.231
1768500841.7421048,42.709
1768500841.8482182,37.905
1768500841.9504738,35.954
1768500842.053223,45.708
1768500842.1555417,33.31
1768500842.2581806,42.216
1768500842.3604765,38.595
1768500842.4632018,36.271
1768500842.5656085,46.692
1768500842.6711504,33.31
1768500842.7739377,43.398
1768500842.876638,40.172
1768500842.9792173,35.954
1768500843.082224,45.118
1768500843.184615,34.297
1768500843.2870643,46.692
1768500843.3895416,37.653
1768500843.495609,45.467
1768500843.5979264,32.934
1768500843.7001536,42.315
1768500843.8022327,39.012
1768500843.9044871,37.313
1768500844.0068004,45.834
1768500844.1091938,34.297
1768500844.2115161,50.596
1768500844.3137417,32.934
1768500844.4187973,41.798
1768500844.5212193,39.087
1768500844.6235485,37.532
1768500844.7265015,44.751
1768500844.8291855,34.692
1768500844.9328082,49.151
1768500845.0351348,33.231
1768500845.1374955,43.373
1768500845.2428088,37.51
1768500845.3451822,37.828
1768500845.4475408,43.497
1768500845.5500474,34.593
1768500845.6525578,47.647
1768500845.754879,33.724
1768500845.8572705,39.482
1768500845.9594398,42.315
1768500846.0618508,36.053
1768500846.1671793,41.133
1768500846.2694795,33.409
1768500846.3717546,45.315
1768500846.474258,32.441
1768500846.576678,42.512
1768500846.6789143,38.025
1768500846.7813869,44.285
1768500846.8838356,33.804
1768500846.9861336,45.61
1768500847.0928328,38.178
1768500847.1951494,35.876
1768500847.2974675,45.806
1768500847.399716,33.31
1768500847.502065,41.724
1768500847.6043296,41.946
1768500847.7064962,34.889
1768500847.8089392,48.237
1768500847.9113839,33.231
1768500848.016244,40.763
1768500848.1183913,34.593
1768500848.22089,50.528
1768500848.3230796,32.934
1768500848.4252708,41.354
1768500848.5275693,39.853
1768500848.6298158,34.988
1768500848.732035,49.416
1768500848.8342853,33.132
1768500848.9412239,42.906
1768500849.0436766,37.729
1768500849.1462736,40.861
1768500849.248662,37.018
1768500849.3524806,39.482
1768500849.4549115,37.215
1768500849.5574062,36.151
1768500849.6598434,44.554
1768500849.765404,33.033
1768500849.8678052,42.537
1768500849.9701269,31.651
1768500850.072544,49.023
1768500850.1750517,33.231
1768500850.2774725,49.515
1768500850.3797898,31.651
1768500850.482261,41.65
1768500850.584705,38.223
1768500850.6903253,36.546
1768500850.7927427,40.838
1768500850.8951468,34.297
1768500850.9974968,43.963
1768500851.0999684,32.539
1768500851.2026227,46.987
1768500851.3049808,32.243
1768500851.4072497,40.148
1768500851.5097926,39.777
1768500851.6161175,33.902
1768500851.7184436,44.849
1768500851.8210368,32.638
1768500851.9235194,43.398
1768500852.0262754,36.842
1768500852.128582,36.151
1768500852.2308292,44.16
1768500852.3331487,32.934
1768500852.4397423,41.059
1768500852.542506,34.001
1768500852.6448395,48.196
1768500852.7469964,38.124
1768500852.849621,35.165
1768500852.9518597,47.745
1768500853.0541413,33.014
1768500853.1564116,39.876
1768500853.2586708,38.868
1768500853.3659155,35.856
1768500853.4683423,50.664
1768500853.5707495,38.223
1768500853.6739585,36.645
1768500853.7762992,47.324
1768500853.878547,38.321
1768500853.9810922,37.236
1768500854.0835462,48.561
1768500854.1887925,34.297
1768500854.2913053,45.735
1768500854.3935335,40.148
1768500854.4958484,35.284
1768500854.598183,46.959
1768500854.7007942,39.58
1768500854.8031628,36.349
1768500854.9054444,48.601
1768500855.0079112,34.179
1768500855.1131585,37.708
1768500855.2154653,50.596
1768500855.3178325,39.11
1768500855.4200187,37.335
1768500855.5224304,53.022
1768500855.6247535,41.33
1768500855.7271628,34.988
1768500855.8294036,45.834
1768500855.9318943,40.073
1768500856.0387058,35.757
1768500856.141112,49.023
1768500856.2434235,34.396
1768500856.3457103,44.456
1768500856.448216,37.828
1768500856.5505254,42.019
1768500856.652972,40.838
1768500856.7556534,39.087
1768500856.8618293,44.626
1768500856.964067,38.989
1768500857.0663927,40.566
1768500857.168652,40.148
1768500857.2709022,34.199
1768500857.373181,49.908
1768500857.4752862,32.718
1768500857.5774002,41.231
1768500857.6796649,39.459
1768500857.7821352,34.889
1768500857.887046,46.172
1768500857.9937983,32.737
1768500858.0965421,43.694
1768500858.1998737,37.434
1768500858.3021755,36.743
1768500858.404477,44.088
1768500858.5069017,33.231
1768500858.6126788,47.38
1768500858.715082,32.323
1768500858.8176205,39.876
1768500858.9200337,39.951
1768500859.0225449,33.804
1768500859.1250114,47.577
1768500859.2275138,36.546
1768500859.3298292,38.397
1768500859.435593,38.89
1768500859.5378575,33.902
1768500859.6404195,47.507
1768500859.7428894,37.434
1768500859.8451443,36.349
1768500859.9475303,50.732
1768500860.0498686,37.138
1768500860.1521292,38.496
1768500860.2545197,44.921
1768500860.360801,33.902
1768500860.4632518,48.797
1768500860.5656135,33.014
1768500860.6681132,38.124
1768500860.7704866,43.963
1768500860.873031,34.1
1768500860.9755049,46.719
1768500861.0781043,42.61
1768500861.1854005,36.701
1768500861.2877605,38.42
1768500861.390229,44.876
1768500861.4928522,33.804
1768500861.5952327,42.315
1768500861.6976078,40.936
1768500861.8000731,33.902
1768500861.9024448,49.348
1768500862.0099423,33.686
1768500862.1129973,40.861
1768500862.2153306,43.471
1768500862.3179114,34.495
1768500862.4202516,52.791
1768500862.5225542,38.837
1768500862.6249073,35.757
1768500862.7274246,50.732
1768500862.8329287,37.018
1768500862.9354908,38.792
1768500863.0379367,45.61
1768500863.1402745,33.902
1768500863.24284,44.724
1768500863.3452845,39.186
1768500863.4478655,38.124
1768500863.5504208,44.233
1768500863.6566067,34.199
1768500863.7591355,46.959
1768500863.861588,37.532
1768500863.9639509,38.397
1768500864.0663126,46.397
1768500864.1687517,33.606
1768500864.271075,39.087
1768500864.373388,48.63
1768500864.4805546,33.705
1768500864.5829802,43.865
1768500864.685329,39.853
1768500864.7879133,34.791
1768500864.890288,44.751
1768500864.992657,38.792
1768500865.0950828,35.679
1768500865.1975105,33.033
1768500865.301285,39.209
1768500865.4073238,42.192
1768500865.5098376,34.001
1768500865.612193,46.719
1768500865.7146504,39.429
1768500865.817471,35.481
1768500865.9198637,51.776
1768500866.0221474,33.231
1768500866.1245148,45.44
1768500866.231103,33.014
1768500866.3335218,41.034
1768500866.4358904,37.532
1768500866.5394998,37.927
1768500866.6418877,44.331
1768500866.7443311,48.237
1768500866.846731,37.51
1768500866.949097,39.307
1768500867.0553536,47.479
1768500867.157787,33.409
1768500867.2601237,39.284
1768500867.362582,46.227
1768500867.4649198,34.495
1768500867.5673578,49.249
1768500867.6696045,37.905
1768500867.772035,37.631
1768500867.8743687,47.675
1768500867.979171,33.409
1768500868.0815296,46.523
1768500868.1837819,38.245
1768500868.2862425,36.349
1768500868.3886335,46.664
1768500868.4910326,33.033
1768500868.5933056,40.861
1768500868.6957614,41.428
1768500868.7981837,34.1
1768500868.9038885,45.905
1768500869.0062115,32.718
1768500869.1086679,41.921
1768500869.211009,40.491
1768500869.3134737,34.889
1768500869.4158723,49.574
1768500869.5181956,33.014
1768500869.6205182,41.699
1768500869.7231638,33.804
1768500869.828187,47.254
1768500869.9305656,37.631
1768500870.0330293,37.039
1768500870.1355295,46.03
1768500870.238397,33.508
1768500870.3408258,42.61
1768500870.4431136,39.626
1768500870.5454314,35.461
1768500870.647842,48.659
1768500870.753649,37.412
1768500870.8583276,36.842
1768500870.960744,50.528
1768500871.0630422,33.508
1768500871.1652632,42.413
1768500871.2676227,41.428
1768500871.3699758,35.58
1768500871.4721951,53.316
1768500871.5770137,38.42
1768500871.6793196,38.518
1768500871.7816103,49.908
1768500871.8840692,35.087
1768500871.9864802,39.284
1768500872.0887463,43.249
1768500872.191157,35.284
1768500872.2934716,49.082
1768500872.3957324,39.36
1768500872.5011387,32.934
1768500872.6035714,45.735
1768500872.7060378,41.034
1768500872.8083742,35.383
1768500872.9107463,48.983
1768500873.0132568,38.89
1768500873.1156073,36.743
1768500873.2179182,48.827
1768500873.324681,33.804
1768500873.4269626,39.482
1768500873.5293825,43.865
1768500873.631872,35.481
1768500873.73436,51.91
1768500873.8368306,38.89
1768500873.9394808,48.393
1768500874.041816,34.593
1768500874.1465917,53.349
1768500874.2489254,32.836
1768500874.3512466,41.157
1768500874.4539545,39.853
1768500874.5566673,35.757
1768500874.6590288,43.668
1768500874.761288,33.606
1768500874.8644278,43.621
1768500874.9667392,40.467
1768500875.0707045,34.791
1768500875.1766891,51.579
1768500875.279169,36.743
1768500875.3813376,36.349
1768500875.4837835,45.145
1768500875.5859828,33.31
1768500875.6882854,42.512
1768500875.7906463,37.554
1768500875.8929794,36.25
1768500875.9954665,44.259
1768500876.100439,34.001
1768500876.2028327,46.326
1768500876.305282,32.342
1768500876.4075515,45.046
1768500876.509804,34.1
1768500876.611991,49.908
1768500876.7146168,32.046
1768500876.8169804,39.065
1768500876.919284,35.481
1768500877.0263698,44.16
1768500877.1289477,32.539
1768500877.2315016,47.409
1768500877.3338463,36.722
1768500877.4365144,36.447
1768500877.5389566,40.345
1768500877.6413424,33.705
1768500877.7436633,49.053
1768500877.8462265,32.342
1768500877.9518948,44.062
1768500878.054141,37.039
1768500878.1565292,36.567
1768500878.259181,44.357
1768500878.3617094,32.836
1768500878.4641123,36.863
1768500878.5670114,35.856
1768500878.6692803,43.767
1768500878.776441,32.441
1768500878.878934,38.89
1768500878.9815822,42.068
1768500879.0839465,35.284
1768500879.1863334,48.827
1768500879.289092,33.033
1768500879.3916936,44.974
1768500879.4956338,38.025
1768500879.6007802,40.073
1768500879.7031639,43.103
1768500879.8056717,34.988
1768500879.9081628,46.987
1768500880.0107825,33.705
1768500880.1132038,49.711
1768500880.2155912,34.593
1768500880.318005,40.566
1768500880.4246337,41.133
1768500880.527201,34.791
1768500880.62974,47.254
1768500880.732279,32.441
1768500880.8346198,44.652
1768500880.936859,34.297
1768500881.0391648,45.905
1768500881.1415167,32.046
1768500881.243885,38.716
1768500881.350012,41.65
1768500881.452496,35.383
1768500881.5549881,36.37
1768500881.6574159,39.974
1768500881.7599676,36.743
1768500881.8627043,36.645
1768500881.965187,42.118
1768500882.0676851,32.934
1768500882.1739225,43.3
1768500882.2763379,38.025
1768500882.378677,37.138
1768500882.4810803,45.61
1768500882.583402,44.652
1768500882.6866639,38.496
1768500882.788757,35.876
1768500882.891108,47.605
1768500882.9972951,33.329
1768500883.0999308,43.57
1768500883.2023876,40.247
1768500883.3047752,35.757
1768500883.4071414,50.823
1768500883.5096765,33.033
1768500883.6131468,40.861
1768500883.7154214,41.256
1768500883.8213017,35.087
1768500883.9236524,47.774
1768500884.0260537,32.916
1768500884.1284666,41.798
1768500884.230874,42.29
1768500884.333405,34.791
1768500884.435762,50.891
1768500884.5381951,33.212
1768500884.6448996,42.192
1768500884.7472231,39.337
1768500884.849609,35.362
1768500884.952082,46.298
1768500885.0544245,33.212
1768500885.156711,46.326
1768500885.2591605,32.638
1768500885.3614714,44.259
1768500885.467905,35.461
1768500885.5703256,38.814
1768500885.672718,44.259
1768500885.7751398,32.817
1768500885.877598,38.321
1768500885.979835,44.088
1768500886.0821116,33.409
1768500886.184682,44.58
1768500886.2870414,40.444
1768500886.3930993,34.692
1768500886.4953942,48.069
1768500886.5976365,34.593
1768500886.7000427,47.675
1768500886.8023176,47.844
1768500886.9050388,34.692
1768500887.0072947,53.316
1768500887.1096766,33.508
1768500887.2120056,40.172
1768500887.3194897,39.656
1768500887.4220707,37.532
1768500887.525214,41.453
1768500887.627537,36.468
1768500887.7307408,51.321
1768500887.8330557,33.508
1768500887.9354093,42.315
1768500888.0405943,41.404
1768500888.142896,34.988
1768500888.2453709,50.331
1768500888.3476923,38.321
1768500888.450188,35.383
1768500888.5526235,47.605
1768500888.6550088,34.968
1768500888.7575445,39.58
1768500888.8600032,42.019
1768500888.9652421,35.56
1768500889.0676491,48.994
1768500889.170043,33.132
1768500889.2724862,40.345
1768500889.374917,40.345
1768500889.4773045,34.988
1768500889.5795712,45.046
1768500889.6818507,36.82
1768500889.7842102,39.284
1768500889.8900356,45.073
1768500889.9923255,34.001
1768500890.0946941,43.668
1768500890.19702,38.375
1768500890.2993672,37.236
1768500890.4017963,48.098
1768500890.504159,34.001
1768500890.60665,46.719
1768500890.712839,39.58
1768500890.8151762,36.053
1768500890.917419,51.057
1768500891.0197308,37.236
1768500891.1228707,50.271
1768500891.2249508,38.89
1768500891.3271031,38.518
1768500891.4293952,48.757
1768500891.5366983,34.001
1768500891.6391742,40.073
1768500891.7419608,43.839
1768500891.8442917,34.791
1768500891.9477093,49.839
1768500892.0501049,38.518
1768500892.1523836,39.209
1768500892.2547321,49.122
1768500892.360548,34.396
1768500892.4630218,44.921
1768500892.5653658,38.716
1768500892.667683,37.236
1768500892.7701123,45.708
1768500892.8724957,33.508
1768500892.9747348,44.331
1768500893.0771344,38.496
1768500893.1794903,36.053
1768500893.2845545,51.512
1768500893.3870044,33.113
1768500893.489442,39.853
1768500893.5917666,37.784
1768500893.6940353,36.447
1768500893.7964647,45.315
1768500893.8988059,37.806
1768500894.0011845,37.335
1768500894.1034243,47.802
1768500894.2095096,33.902
1768500894.3119338,46.523
1768500894.414298,37.708
1768500894.5167606,37.729
1768500894.6191483,38.769
1768500894.72148,36.94
1768500894.8238435,48.196
1768500894.9264472,33.606
1768500895.033392,42.61
1768500895.135757,39.951
1768500895.2380757,43.078
1768500895.3414931,36.447
1768500895.4437993,47.282
1768500895.5461733,33.804
1768500895.6483133,44.429
1768500895.7506206,37.412
1768500895.856474,36.842
1768500895.9597874,44.429
1768500896.0621488,33.626
1768500896.16675,47.184
1768500896.2690585,32.836
1768500896.3713346,43.595
1768500896.4736264,32.638
1768500896.5758817,39.383
1768500896.6807678,35.954
1768500896.7860944,45.368
1768500896.8885396,33.033
1768500896.9909277,42.585
1768500897.0933287,36.666
1768500897.1956697,32.539
1768500897.2980254,46.397
1768500897.400462,32.638
1768500897.5060825,45.538
1768500897.6085386,33.212
1768500897.7109537,42.807
1768500897.8133347,37.292
1768500897.915742,37.236
1768500898.0181983,40.566
1768500898.1205287,34.791
1768500898.2230346,44.652
1768500898.3289437,32.737
1768500898.4313273,47.774
1768500898.5338845,33.033
1768500898.6363454,47.577
1768500898.7389264,32.638
1768500898.841299,39.974
1768500898.9438815,38.474
1768500899.0465255,35.481
1768500899.1525474,45.341
1768500899.2550182,33.428
1768500899.3574166,33.606
1768500899.4602573,40.05
1768500899.5624077,37.532
1768500899.6647894,36.94
1768500899.7670264,42.512
1768500899.8692715,34.199
1768500899.971518,43.891
1768500900.0772262,32.441
1768500900.1794865,44.652
1768500900.2819448,36.764
1768500900.3859122,38.299
1768500900.4882727,37.215
1768500900.590536,34.988
1768500900.692956,45.44
1768500900.7953882,32.144
1768500900.9020674,39.482
1768500901.0045202,38.025
1768500901.1067982,35.185
1768500901.2094285,43.004
1768500901.311817,32.638
1768500901.4141774,45.341
1768500901.5170257,34.692
1768500901.6193376,40.172
1768500901.7267084,39.383
1768500901.8289635,34.791
1768500901.9312606,45.216
1768500902.0337915,33.212
1768500902.1360881,45.44
1768500902.2386665,32.836
1768500902.341114,43.57
1768500902.4434764,36.525
1768500902.5493796,37.631
1768500902.6518888,39.58
1768500902.754296,34.889
1768500902.856587,44.823
1768500902.9590008,33.033
1768500903.0613537,48.63
1768500903.1638758,32.521
1768500903.2663236,41.453
1768500903.373159,37.215
1768500903.475594,46.227
1768500903.5789196,33.033
1768500903.6811526,44.16
1768500903.7834911,38.223
1768500903.885835,37.532
1768500903.988723,41.231
1768500904.0908952,34.297
1768500904.1978283,45.637
1768500904.3001697,33.231
1768500904.4038422,45.118
1768500904.5062015,36.151
1768500904.608418,37.631
1768500904.7106755,43.767
1768500904.8129554,33.705
1768500904.9154391,50.301
1768500905.0215461,34.1
1768500905.123869,38.617
1768500905.2261517,36.666
1768500905.3285124,42.34
1768500905.430858,32.737
1768500905.5333004,45.413
1768500905.6355903,33.231
1768500905.7380104,43.004
1768500905.84047,39.087
1768500905.9458957,34.692
1768500906.048169,47.745
1768500906.1505876,33.033
1768500906.25299,45.932
1768500906.355496,34.495
1768500906.4578507,35.165
1768500906.5602727,42.734
1768500906.6626723,31.947
1768500906.765055,35.679
1768500906.8708243,45.341
1768500906.973526,32.046
1768500907.0759027,44.921
1768500907.1784759,32.243
1768500907.2807655,41.847
1768500907.3835008,33.113
1768500907.4858394,43.201
1768500907.5880747,32.539
1768500907.6905174,45.61
1768500907.7972593,47.675
1768500907.9000394,33.014
1768500908.0022907,40.664
1768500908.1044972,37.434
1768500908.2069607,35.954
1768500908.3093443,42.585
1768500908.4117575,33.508
1768500908.514053,46.79
1768500908.6165235,32.539
1768500908.7209458,46.003
1768500908.8232455,35.757
1768500908.9256535,39.876
1768500909.0280385,37.653
1768500909.1316953,37.729
1768500909.2339437,40.369
1768500909.3363461,34.396
1768500909.4386287,43.865
1768500909.5410144,32.539
1768500909.6470978,47.212
1768500909.7495003,37.434
1768500909.8520594,36.546
1768500909.9545057,43.03
1768500910.0569017,36.645
1768500910.1593664,37.905
1768500910.2617767,40.739
1768500910.364172,37.455
1768500910.4696724,37.434
1768500910.572277,36.645
1768500910.6747036,39.383
1768500910.7769983,37.828
1768500910.8794825,35.778
1768500910.9818656,44.921
1768500911.0842519,33.804
1768500911.186699,46.102
1768500911.2934823,33.606
1768500911.395964,46.621
1768500911.4983363,37.708
1768500911.6007736,37.927
1768500911.7031636,42.807
1768500911.805557,32.916
1768500911.9079475,39.186
1768500912.0102034,42.216
1768500912.1125278,33.606
1768500912.219075,37.236
1768500912.3213356,37.806
1768500912.4235938,46.495
1768500912.5258496,33.409
1768500912.6284425,42.709
1768500912.730706,40.148
1768500912.8329244,35.58
1768500912.935193,51.941
1768500913.037414,36.447
1768500913.142805,39.186
1768500913.2452118,46.326
1768500913.3490644,33.508
1768500913.4514437,39.974
1768500913.55376,45.413
1768500913.655924,34.297
1768500913.7581732,41.822
1768500913.8607059,45.216
1768500913.9657469,34.001
1768500914.0681677,41.724
1768500914.170504,39.459
1768500914.2729256,35.58
1768500914.3753414,45.735
1768500914.4777431,35.658
1768500914.5800092,48.885
1768500914.6823778,33.705
1768500914.7846673,41.822
1768500914.8907318,40.444
1768500914.9931755,36.151
1768500915.0954797,43.694
1768500915.198113,34.988
1768500915.3005383,47.872
1768500915.4029796,33.606
1768500915.5052378,44.58
1768500915.607685,37.729
1768500915.7141407,39.186
1768500915.8164456,42.241
1768500915.9186857,35.087
1768500916.0211146,46.2
1768500916.1238334,33.31
1768500916.2261844,48.237
1768500916.328477,37.236
1768500916.4308844,37.905
1768500916.533219,38.102
1768500916.6355846,35.757
1768500916.740723,45.341
1768500916.8435998,38.2
1768500916.945896,35.856
1768500917.048591,41.231
1768500917.1509,34.988
1768500917.2532275,41.921
1768500917.355493,34.001
1768500917.4616828,46.172
1768500917.566169,36.349
1768500917.6702137,37.631
1768500917.7725413,44.233
1768500917.8749268,33.033
1768500917.977227,38.693
1768500918.0794053,44.134
1768500918.1818016,33.606
1768500918.284171,44.357
1768500918.3901315,39.899
1768500918.492388,34.396
1768500918.5948434,46.424
1768500918.697162,37.412
1768500918.7994783,37.708
1768500918.9018059,44.554
1768500919.004041,34.297
1768500919.1063962,43.668
1768500919.2089465,39.383
1768500919.3143659,36.349
1768500919.4167597,48.885
1768500919.5190334,34.1
1768500919.6214993,47.015
1768500919.723803,37.138
1768500919.8260458,40.664
1768500919.9283352,44.948
1768500920.0306077,34.001
1768500920.1329224,42.979
1768500920.2393086,39.679
1768500920.3417108,35.185
1768500920.4440255,50.006
1768500920.54639,36.151
1768500920.6489038,39.284
1768500920.7512517,42.216
1768500920.8536751,34.396
1768500920.956085,47.774
1768500921.0584896,37.883
1768500921.1646204,50.369
1768500921.2669399,37.455
1768500921.3692007,37.236
1768500921.4716265,45.44
1768500921.5738943,33.508
1768500921.6761045,39.087
1768500921.7784076,45.637
1768500921.8848953,33.804
1768500921.9880147,43.891
1768500922.090427,39.482
1768500922.1945863,33.231
1768500922.2969472,45.637
1768500922.3992076,40.073
1768500922.5013397,35.58
1768500922.6036167,49.416
1768500922.7059886,33.705
1768500922.8083112,39.777
1768500922.9141223,43.176
1768500923.0166512,35.185
1768500923.1192336,52.695
1768500923.2215567,38.792
1768500923.324074,37.729
1768500923.4265444,47.872
1768500923.5288305,34.001
1768500923.6313748,44.528
1768500923.738986,38.299
1768500923.8412666,36.447
1768500923.943775,48.827
1768500924.0464158,32.737
1768500924.148826,39.777
1768500924.2512476,41.847
1768500924.353899,34.1
1768500924.4563107,49.81
1768500924.5624683,33.212
1768500924.6649075,42.315
1768500924.7673512,39.186
1768500924.8696728,36.074
1768500924.97205,48.196
1768500925.07439,33.409
1768500925.176944,41.133
1768500925.279435,39.656
1768500925.386623,52.562
1768500925.4899008,37.335
1768500925.5921848,38.89
1768500925.6944935,44.062
1768500925.7969012,34.495
1768500925.899233,49.023
1768500926.0018709,37.215
1768500926.1048553,39.679
1768500926.2102363,38.792
1768500926.3125618,35.383
1768500926.414918,42.61
1768500926.517348,34.1
1768500926.6196415,48.827
1768500926.7219217,36.447
1768500926.8243177,37.828
1768500926.926906,38.124
1768500927.0292811,43.078
1768500927.1317217,33.705
1768500927.236983,44.259
1768500927.3392613,34.396
1768500927.441755,39.383
1768500927.5442405,35.58
1768500927.6465964,42.61
1768500927.7489831,34.001
1768500927.851237,50.173
1768500927.9535863,32.638
1768500928.055829,50.075
1768500928.1609492,33.508
1768500928.2632887,45.189
1768500928.3657591,33.428
1768500928.4681902,46.2
1768500928.5705693,37.039
1768500928.6729743,38.321
1768500928.7753935,42.61
1768500928.8776824,34.692
1768500928.9801433,43.471
1768500929.0855486,32.144
1768500929.187785,40.96
1768500929.2902036,37.828
1768500929.392568,35.185
1768500929.4950943,46.2
1768500929.5974467,33.508
1768500929.6997814,49.613
1768500929.802227,36.842
1768500929.9059076,44.751
1768500930.0106905,33.527
1768500930.1131697,49.878
1768500930.215483,37.335
1768500930.3184779,36.645
1768500930.4207711,46.719
1768500930.524186,33.113
1768500930.6266074,45.145
1768500930.733731,39.034
1768500930.8360927,35.383
1768500930.9388068,46.692
1768500931.041243,32.836
1768500931.1435325,40.467
1768500931.2460518,41.034
1768500931.348402,34.1
1768500931.450707,48.827
1768500931.5575078,38.42
1768500931.6598852,39.459
1768500931.7622733,42.954
1768500931.8645504,34.199
1768500931.9669104,46.692
1768500932.0693176,38.989
1768500932.1716816,36.349
1768500932.2741961,47.942
1768500932.3809714,37.927
1768500932.4833055,37.927
1768500932.5857272,44.948
1768500932.6880882,34.495
1768500932.7903647,50.399
1768500932.8927453,37.335
1768500932.995142,38.124
1768500933.097397,46.79
1768500933.204326,33.606
1768500933.3067803,46.298
1768500933.4089866,37.828
1768500933.5113423,36.151
1768500933.6137161,45.145
1768500933.7161622,33.606
1768500933.8185048,42.833
1768500933.9209185,34.199
1768500934.0235696,46.102
1768500934.1265018,39.284
1768500934.228773,37.039
1768500934.3312464,47.675
1768500934.433638,34.1
1768500934.5360274,44.679
1768500934.638436,38.496
1768500934.7423184,37.434
1768500934.8446474,44.554
1768500934.9470484,34.692
1768500935.0522938,47.901
1768500935.1546977,39.603
1768500935.256969,36.645
1768500935.359333,47.774
1768500935.4616294,34.1
1768500935.564008,51.118
1768500935.666436,38.299
1768500935.7688334,37.335
1768500935.8711247,44.849
1768500935.9766536,33.804
1768500936.07903,50.301
1768500936.1815445,32.737
1768500936.2839787,43.004
1768500936.3868127,37.215
1768500936.4893765,45.019
1768500936.5920205,32.934
1768500936.6944058,46.227
1768500936.8007133,41.527
1768500936.9031744,37.215
1768500937.0055645,35.856
1768500937.1079054,44.777
1768500937.2102458,32.638
1768500937.3126528,40.566
1768500937.4149096,42.61
1768500937.5173755,34.001
1768500937.619736,49.122
1768500937.72618,32.638
1768500937.8287084,42.61
1768500937.9311593,37.905
1768500938.0336547,36.074
1768500938.1360312,45.538
1768500938.2385685,41.059
1768500938.3425195,39.777
1768500938.4485917,34.791
1768500938.5513744,45.806
1768500938.653822,33.132
1768500938.7560985,39.876
1768500938.8600063,42.709
1768500938.9623036,34.396
1768500939.0645218,52.629
1768500939.1672256,33.231
1768500939.2727797,42.684
1768500939.3752131,39.383
1768500939.477563,36.151
1768500939.579996,46.621
1768500939.6824946,34.495
1768500939.7852104,50.203
1768500939.8878453,33.409
1768500939.99027,40.345
1768500940.0964792,38.989
1768500940.1989577,37.434
1768500940.3012931,47.97
1768500940.403546,33.606
1768500940.5060792,43.004
1768500940.6084793,41.059
1768500940.7108505,35.658
1768500940.813152,40.96
1768500940.9155161,34.988
1768500941.021593,45.216
1768500941.123959,32.836
1768500941.2261834,41.822
1768500941.3285642,38.025
1768500941.430899,34.593
1768500941.5332406,46.495
1768500941.635533,32.934
1768500941.7378745,41.724
1768500941.8403242,40.542
1768500941.9458766,33.804
1768500942.0482354,48.532
1768500942.1505642,37.039
1768500942.2531304,36.645
1768500942.355514,44.652
1768500942.4578369,36.94
1768500942.5602129,50.43
1768500942.6625783,39.284
1768500942.7653866,34.889
1768500942.8701906,46.888
1768500942.973154,39.163
1768500943.0755439,35.383
1768500943.1792054,52.857
1768500943.281469,33.212
1768500943.3836544,42.906
1768500943.4858131,40.148
1768500943.5880249,35.56
1768500943.693939,46.664
1768500943.796346,33.508
1768500943.8986125,42.093
1768500944.0010996,42.979
1768500944.103494,35.383
1768500944.2059557,52.629
1768500944.30834,36.645
1768500944.4106872,39.482
1768500944.5129685,43.963
1768500944.619138,33.804
1768500944.7213936,51.284
1768500944.8237145,32.836
1768500944.9261525,41.034
1768500945.0284805,42.979
1768500945.1308484,34.297
1768500945.2330625,41.527
1768500945.3353188,39.065
1768500945.4376447,35.56
1768500945.5442188,49.416
1768500945.6466265,32.916
1768500945.74899,47.901
1768500945.851337,37.51
1768500945.9537265,36.151
1768500946.0561388,45.44
1768500946.1583765,33.31
1768500946.2606921,42.881
1768500946.3630228,40.566
1768500946.4679258,34.199
1768500946.570318,48.63
1768500946.6726956,33.508
1768500946.7751017,39.58
1768500946.8776803,51.217
1768500946.9815266,36.053
1768500947.0837524,41.231
1768500947.1860728,39.777
1768500947.2908087,39.777
1768500947.3932812,32.836
1768500947.4959178,47.085
1768500947.5985217,33.409
1768500947.7010188,48.896
1768500947.8032808,34.692
1768500947.9055774,40.566
1768500948.0078871,40.247
1768500948.1102705,36.842
1768500948.2162364,38.868
1768500948.3187351,35.185
1768500948.421431,42.512
1768500948.5238693,32.737
1768500948.626428,46.566
1768500948.728974,34.001
1768500948.8315604,39.482
1768500948.9341502,38.124
1768500949.0403593,34.791
1768500949.1426897,44.554
1768500949.2451847,32.934
1768500949.3474307,45.341
1768500949.4498806,38.047
1768500949.552283,35.954
1768500949.6547217,45.341
1768500949.75723,32.934
1768500949.8595898,41.724
1768500949.9652627,38.617
1768500950.0677328,34.495
1768500950.1701849,49.387
1768500950.2725008,37.412
1768500950.3748615,36.053
1768500950.4773257,44.921
1768500950.5797951,32.916
1768500950.6822035,39.307
1768500950.788468,40.542
1768500950.8906777,34.199
1768500950.9932075,47.45
1768500951.0956376,33.508
1768500951.1980386,50.922
1768500951.3005168,39.876
1768500951.403251,40.739
1768500951.505649,34.692
1768500951.6079283,49.75
1768500951.713477,33.113
1768500951.8159158,41.503
1768500951.9183347,37.215
1768500952.0210373,39.853
1768500952.1235607,38.178
1768500952.226254,37.434
1768500952.3287299,43.004
1768500952.4311073,34.692
1768500952.5340908,47.745
1768500952.6391785,32.934
1768500952.741722,47.577
1768500952.8443112,32.638
1768500952.9467669,42.143
1768500953.0490546,37.159
1768500953.1517704,37.039
1768500953.2541904,43.078
1768500953.3568044,32.638
1768500953.4651601,39.087
1768500953.5674815,41.625
1768500953.670221,34.1
1768500953.7725263,49.416
1768500953.8750787,38.102
1768500953.977411,36.053
1768500954.0802107,45.932
1768500954.187568,33.329
1768500954.2898843,47.212
1768500954.3922412,39.284
1768500954.4946005,35.481
1768500954.5969336,49.18
1768500954.6992884,37.335
1768500954.801838,36.842
1768500954.9040806,47.774
1768500955.010475,32.934
1768500955.1128705,42.241
1768500955.2153022,37.51
1768500955.3176615,44.383
1768500955.4224455,34.692
1768500955.5247319,45.216
1768500955.627151,32.934
1768500955.729519,50.498
1768500955.8350525,32.934
1768500955.9373298,43.373
1768500956.04452,32.243
1768500956.1470213,42.413
1768500956.2494245,37.455
1768500956.3517442,36.842
1768500956.4540777,40.566
1768500956.559011,34.495
1768500956.6613805,44.456
1768500956.7640104,42.537
1768500956.8662817,35.778
1768500956.9687555,37.434
1768500957.0712495,43.963
1768500957.1735935,32.836
1768500957.276124,45.413
1768500957.3784397,32.342
1768500957.4840038,46.424
1768500957.5865078,38.2
1768500957.6889622,34.988
1768500957.7912896,42.906
1768500957.89362,33.626
1768500957.9961112,47.282
1768500958.0986168,34.199
1768500958.2011268,39.679
1768500958.3077438,40.838
1768500958.4102669,34.001
1768500958.5125666,46.102
1768500958.6149445,32.441
1768500958.71731,39.284
1768500958.8198314,39.777
1768500958.9221082,34.199
1768500959.0246682,48.925
1768500959.1314192,33.033
1768500959.2337873,43.57
1768500959.336244,38.595
1768500959.4386754,44.58
1768500959.5410388,33.902
1768500959.6433363,48.699
1768500959.7455409,37.434
1768500959.848613,38.124
1768500959.9552112,43.989
1768500960.0575383,34.199
1768500960.1617968,47.409
1768500960.264293,33.033
1768500960.3666077,44.134
1768500960.4689274,36.053
1768500960.5712414,39.284
1768500960.6736648,37.949
1768500960.7793534,36.842
1768500960.8817067,42.413
1768500960.9841168,33.724
1768500961.0865374,43.274
1768500961.1889253,36.525
1768500961.2911913,37.828
1768500961.393764,43.767
1768500961.496179,33.804
1768500961.5984738,46.818
1768500961.7051384,37.236
1768500961.8074887,37.532
1768500961.9098265,46.719
1768500962.012112,35.087
1768500962.1145365,39.679
1768500962.216896,41.428
1768500962.3193617,34.495
1768500962.4217577,46.523
1768500962.5285091,37.981
1768500962.6309335,36.349
1768500962.7335098,44.948
1768500962.8358076,33.902
1768500962.9381323,44.751
1768500963.0405238,41.059
1768500963.1428752,34.889
1768500963.245798,50.233
1768500963.3514242,37.532
1768500963.453915,39.012
1768500963.5565193,33.231
1768500963.6609826,43.3
1768500963.7632756,40.518
1768500963.8659654,34.889
1768500963.9682658,48.954
1768500964.0705814,38.639
1768500964.1784785,35.481
1768500964.2807822,45.243
1768500964.3832526,33.329
1768500964.486552,44.357
1768500964.5890117,38.989
1768500964.6913848,35.185
1768500964.7937858,48.503
1768500964.8962097,32.539
1768500965.0021927,43.3
1768500965.1045537,39.702
1768500965.2071867,35.481
1768500965.3096113,49.387
1768500965.4120915,33.113
1768500965.514571,43.989
1768500965.6170013,38.375
1768500965.7193713,37.434
1768500965.8217492,42.512
1768500965.927176,34.791
1768500966.0295167,50.596
1768500966.1319032,32.817
1768500966.2343764,43.274
1768500966.3366797,38.42
1768500966.439096,36.053
1768500966.541361,40.12
1768500966.6436791,36.25
1768500966.747672,31.354
1768500966.853275,44.285
1768500966.9556494,32.243
1768500967.0580971,39.679
1768500967.160396,38.047
1768500967.2628694,34.791
1768500967.3651571,44.16
1768500967.4673588,36.623
1768500967.5696847,38.102
1768500967.6721723,40.172
1768500967.774474,34.297
1768500967.8803365,44.16
1768500967.9827173,32.718
1768500968.0855222,32.441
1768500968.1877754,40.861
1768500968.2898996,38.397
1768500968.3920422,36.743
1768500968.4943645,42.512
1768500968.5967727,33.705
1768500968.7002347,49.711
1768500968.80632,37.138
1768500968.9087207,37.335
1768500969.011131,45.243
1768500969.1134799,33.31
1768500969.2159455,43.595
1768500969.318309,39.012
1768500969.4205804,35.58
1768500969.52288,49.122
1768500969.625232,36.645
1768500969.730172,41.157
1768500969.8325005,41.748
1768500969.9348276,34.988
1768500970.0374477,43.544
1768500970.139988,34.988
1768500970.2423007,48.532
1768500970.3447852,34.001
1768500970.4472618,43.767
1768500970.5497546,39.406
1768500970.6545935,36.053
1768500970.7569158,47.113
1768500970.8593955,33.804
1768500970.9616728,43.3
1768500971.0640404,37.729
1768500971.1663756,36.645
1768500971.268839,45.708
1768500971.3711927,33.132
1768500971.473419,41.059
1768500971.57997,44.652
1768500971.6822634,37.532
1768500971.7848105,37.631
1768500971.8871982,46.987
1768500971.9894738,33.804
1768500972.0918434,40.172
1768500972.194164,43.57
1768500972.2965448,34.199
1768500972.398846,43.792
1768500972.5033674,41.133
1768500972.6056552,43.078
1768500972.7089393,43.497
1768500972.81104,33.902
1768500972.9137254,50.271
1768500973.0159004,38.595
1768500973.1202314,36.172
1768500973.2224715,45.708
1768500973.328057,33.428
1768500973.4303591,51.088
1768500973.532734,34.791
1768500973.6351085,38.397
1768500973.7373521,45.413
1768500973.8398342,33.902
1768500973.9422202,42.61
1768500974.0445874,43.398
1768500974.1470048,34.495
1768500974.2529936,43.767
1768500974.355364,41.724
1768500974.457613,34.889
1768500974.5600483,46.495
1768500974.6623163,39.482
1768500974.7647314,36.25
1768500974.8669577,47.901
1768500974.969627,33.508
1768500975.0758328,42.807
1768500975.1780732,40.787
1768500975.280335,34.692
1768500975.3826196,49.446
1768500975.4848406,38.671
1768500975.5871828,36.447
1768500975.6895573,48.462
1768500975.7918873,38.102
1768500975.8942783,37.335
1768500975.9997458,45.118
1768500976.1020083,34.396
1768500976.20451,48.954
1768500976.3068755,39.505
1768500976.409097,37.729
1768500976.5114667,44.921
1768500976.6137133,34.593
1768500976.7162442,45.44
1768500976.8187904,35.679
1768500976.9255104,33.606
1768500977.0279133,41.822
1768500977.1303144,39.012
1768500977.2324345,37.236
1768500977.3347065,47.184
1768500977.4373946,33.606
1768500977.5396864,41.256
1768500977.6419418,40.05
1768500977.7443178,36.151
1768500977.8485553,46.003
1768500977.9508936,32.916
1768500978.0532157,43.398
1768500978.1555157,37.039
1768500978.258013,38.124
1768500978.3602319,39.557
1768500978.462575,34.593
1768500978.5651104,47.254
1768500978.6673214,36.919
1768500978.774562,38.42
1768500978.8769717,40.936
1768500978.9793556,34.1
1768500979.0816634,48.896
1768500979.1839037,33.094
1768500979.2862496,39.482
1768500979.388864,39.307
1768500979.4911263,36.053
1768500979.597673,41.798
1768500979.7000039,33.804
1768500979.802292,44.259
1768500979.904652,33.033
1768500980.0071485,43.274
1768500980.1095383,37.138
1768500980.211924,36.151
1768500980.3142486,41.428
1768500980.4167202,34.791
1768500980.5222294,42.807
1768500980.6245272,33.804
1768500980.726916,47.282
1768500980.8292758,32.539
1768500980.93172,41.034
1768500981.0340893,38.738
1768500981.1365294,36.842
1768500981.2389407,43.471
1768500981.3413968,33.033
1768500981.4477925,32.144
1768500981.5499525,46.424
1768500981.6521614,37.532
1768500981.7543616,38.124
1768500981.8566773,44.383
1768500981.959852,33.508
1768500982.0621667,49.151
1768500982.1643708,34.791
1768500982.2670865,37.335
1768500982.3724086,47.015
1768500982.4747205,33.132
1768500982.5771024,39.186
1768500982.6794744,46.621
1768500982.78186,33.705
1768500982.884206,40.444
1768500982.9863994,38.769
1768500983.0887308,36.271
1768500983.191098,44.679
1768500983.2967515,34.1
1768500983.3989973,45.341
1768500983.501389,40.739
1768500983.6039135,34.988
1768500983.7062564,48.294
1768500983.8085513,37.708
1768500983.9108377,36.94
1768500984.0130985,46.369
1768500984.115571,33.804
1768500984.221289,42.118
1768500984.3235662,38.989
1768500984.425819,35.757
1768500984.5280488,50.664
1768500984.6304061,33.31
1768500984.7328012,40.467
1768500984.8352349,40.96
1768500984.9376056,35.778
1768500985.0399752,51.714
1768500985.1460984,37.708
1768500985.248388,37.532
1768500985.3507686,51.383
1768500985.4530864,39.012
1768500985.5552971,36.053
1768500985.6576865,46.79
1768500985.7600498,39.284
1768500985.8624375,37.039
1768500985.9647663,47.282
1768500986.0671082,34.692
1768500986.1734192,33.804
1768500986.2757957,43.004
1768500986.3779697,33.113
1768500986.4809246,39.284
1768500986.5832684,40.566
1768500986.6855543,40.369
1768500986.7880003,34.495
1768500986.8902733,44.285
1768500986.9967759,42.512
1768500987.09901,35.284
1768500987.2012434,48.787
1768500987.3035538,37.335
1768500987.4058335,38.223
1768500987.508126,39.209
1768500987.6105363,34.791
1768500987.7129369,43.767
1768500987.8153892,34.791
1768500987.9220414,42.61
1768500988.0245578,34.593
1768500988.1271453,39.186
1768500988.229639,34.1
1768500988.3319664,44.652
1768500988.4343402,32.836
1768500988.5368311,45.341
1768500988.63918,33.508
1768500988.7415922,49.22
1768500988.8464868,32.836
1768500988.9488547,45.44
1768500989.0512817,36.94
1768500989.153569,36.645
1768500989.255893,43.595
1768500989.3582432,33.31
1768500989.4607115,44.554
1768500989.5630605,36.842
1768500989.6656854,36.764
1768500989.7709832,44.259
1768500989.8733225,33.132
1768500989.975792,43.398
1768500990.078323,37.018
1768500990.180737,37.039
1768500990.283231,44.062
1768500990.385768,33.409
1768500990.4881485,41.822
1768500990.5905526,38.321
1768500990.6967332,43.792
1768500990.7990232,34.1
1768500990.9012694,46.692
1768500991.0041106,37.335
1768500991.1063106,39.186
1768500991.209109,38.693
1768500991.3115342,35.679
1768500991.4138467,47.015
1768500991.520746,33.014
1768500991.623317,41.453
1768500991.7257454,39.482
1768500991.8282895,35.481
1768500991.9306881,48.885
1768500992.0332983,37.631
1768500992.1357374,37.236
1768500992.2385418,46.959
1768500992.3450692,34.1
1768500992.447474,45.538
1768500992.5499003,38.89
1768500992.6523879,36.546
1768500992.754893,45.861
1768500992.8574054,34.692
1768500992.9599879,51.512
1768500993.0625103,36.666
1768500993.1651077,38.989
1768500993.2698152,41.28
1768500993.3721278,34.692
1768500993.4747431,52.727
1768500993.5771518,37.51
1768500993.6795702,38.321
1768500993.7819285,46.424
1768500993.8844972,33.902
1768500993.9868073,44.383
1768500994.0891852,37.708
1768500994.1951964,35.087
1768500994.297649,48.167
1768500994.400251,36.468
1768500994.5027957,38.025
1768500994.6051855,45.932
1768500994.707543,33.329
1768500994.8105657,40.148
1768500994.9130213,38.42
1768500995.0153372,49.976
1768500995.1223114,33.626
1768500995.2248213,43.201
1768500995.3278103,39.505
1768500995.4303315,36.447
1768500995.5326262,46.79
1768500995.6350133,33.409
1768500995.7372704,42.438
1768500995.8436263,39.11
1768500995.9459896,36.645
1768500996.0483222,44.456
1768500996.150724,34.495
1768500996.25319,34.692
1768500996.355447,43.078
1768500996.457879,41.157
1768500996.560309,37.949
1768500996.6626663,36.546
1768500996.7690136,33.113
1768500996.87134,42.807
1768500996.9738307,33.212
1768500997.0761807,44.849
1768500997.1784413,32.342
1768500997.2809882,42.413
1768500997.3836205,37.039
1768500997.4860847,39.307
1768500997.588758,37.532
1768500997.6939452,36.842
1768500997.7962801,37.806
1768500997.898519,35.284
1768500998.000878,44.383
1768500998.1033916,33.231
1768500998.2057538,48.266
1768500998.3081613,32.638
1768500998.4106202,40.073
1768500998.5131052,39.557
1768500998.6194425,35.087
1768500998.7220426,45.341
1768500998.8244088,33.231
1768500998.9270487,45.538
1768500999.0294297,37.335
1768500999.131776,37.236
1768500999.2340345,40.27
1768500999.336525,45.44
1768500999.4397538,33.606
1768500999.5442436,45.708
1768500999.6466806,33.033
1768500999.7493348,46.719
1768500999.8547223,32.243
1768500999.9573712,39.974
1768501000.0598767,37.532
1768501000.1623225,36.172
1768501000.2676444,41.354
1768501000.3700006,34.692
1768501000.4722962,42.192
1768501000.5746193,32.836
1768501000.6771584,46.79
1768501000.779507,32.916
1768501000.8819325,44.777
1768501000.984459,34.495
1768501001.0871062,43.767
1768501001.192845,36.863
1768501001.2953134,37.532
1768501001.3979068,39.505
1768501001.5004416,33.823
1768501001.6027796,48.885
1768501001.7053604,37.138
1768501001.807902,36.842
1768501001.9101908,46.692
1768501002.012513,33.705
1768501002.118131,49.092
1768501002.220683,38.124
1768501002.322961,38.124
1768501002.4252753,44.751
1768501002.5276809,33.902
1768501002.6300383,45.413
1768501002.7324114,39.186
1768501002.8347807,35.975
1768501002.9373071,46.003
1768501003.0426016,33.626
1768501003.1451118,43.078
1768501003.2475736,38.716
1768501003.3498542,36.94
1768501003.4526856,44.948
1768501003.5550063,33.606
1768501003.6571827,49.446
1768501003.759523,38.617
1768501003.862616,38.671
1768501003.9680207,35.954
1768501004.0762641,42.979
1768501004.1786995,33.804
1768501004.281058,47.38
1768501004.3832226,32.441
1768501004.4855275,46.692
1768501004.5915287,32.441
1768501004.6939127,39.012
1768501004.7963054,40.542
1768501004.8986588,33.902
1768501005.001048,46.916
1768501005.1035018,37.828
1768501005.2057502,37.434
1768501005.3080695,47.155
1768501005.4105177,33.606
1768501005.5172756,40.345
1768501005.6197746,41.798
1768501005.722232,35.284
1768501005.8244963,48.266
1768501005.9269955,33.508
1768501006.0293086,40.861
1768501006.1315925,40.369
1768501006.2339435,36.271
1768501006.3413765,46.03
1768501006.4437459,34.199
1768501006.5460894,50.369
1768501006.6484222,33.31
1768501006.7514808,40.247
1768501006.8539636,39.777
1768501006.9564154,38.89
1768501007.0588398,34.692
1768501007.1650865,43.103
1768501007.2675679,32.441
1768501007.3699074,40.664
1768501007.472718,40.467
1768501007.575234,34.297
1768501007.6775916,44.233
1768501007.7799563,40.369
1768501007.883926,39.482
1768501007.9897232,34.791
1768501008.09205,45.583
1768501008.1958182,32.638
1768501008.298103,43.767
1768501008.400656,35.284
1768501008.5030067,37.313
1768501008.6053448,38.792
1768501008.7079787,36.94
1768501008.8145692,41.921
1768501008.9170322,38.321
1768501009.0193756,36.743
1768501009.122153,45.046
1768501009.2244983,33.409
1768501009.326928,50.105
1768501009.4293666,36.94
1768501009.5317514,38.496
1768501009.6343913,40.641
1768501009.739203,34.495
1768501009.8415504,45.565
1768501009.9439523,33.113
1768501010.0464692,46.424
1768501010.1489282,36.151
1768501010.251246,37.828
1768501010.3537111,43.767
1768501010.4560223,33.014
1768501010.5584028,46.79
1768501010.6649122,32.243
1768501010.767305,43.668
1768501010.8696153,36.053
1768501010.9721165,37.138
1768501011.0747175,44.062
1768501011.1770768,33.804
1768501011.2795532,47.212
1768501011.382025,32.638
1768501011.4883325,38.913
1768501011.590696,37.039
1768501011.6938045,37.039
1768501011.7962105,44.16
1768501011.89862,43.865
1768501012.0024362,38.223
1768501012.104775,38.321
1768501012.2112992,37.631
1768501012.3143766,37.828
1768501012.4168794,43.865
1768501012.519291,33.705
1768501012.6215196,46.03
1768501012.7240179,32.243
1768501012.82632,41.748
1768501012.928938,40.073
1768501013.0352495,35.58
1768501013.1378596,46.79
1768501013.2402983,32.934
1768501013.3427784,47.155
1768501013.4452538,32.934
1768501013.54792,45.637
1768501013.6501768,37.905
1768501013.75266,38.223
1768501013.8592134,39.679
1768501013.9617193,35.778
1768501014.0640965,44.652
1768501014.1665525,32.836
1768501014.2689228,40.664
1768501014.371311,41.699
1768501014.4735897,33.329
1768501014.576027,46.129
1768501014.6827912,37.51
1768501014.7852132,38.223
1768501014.8875816,38.913
1768501014.990052,36.151
1768501015.0926852,44.357
1768501015.1950061,32.836
1768501015.297289,41.748
1768501015.399784,39.951
1768501015.5023723,34.199
1768501015.6086729,48.954
1768501015.7113369,36.919
1768501015.813712,37.236
1768501015.9159682,41.256
1768501016.018399,34.988
1768501016.1215487,33.212
1768501016.224027,44.062
1768501016.3262465,38.716
1768501016.428989,37.236
1768501016.537554,41.428
1768501016.6424997,34.692
1768501016.7450137,32.243
1768501016.8473063,47.085
1768501016.9498205,36.645
1768501017.0521772,36.546
1768501017.1545813,39.876
1768501017.2597477,34.593
1768501017.3621254,44.186
1768501017.4644938,34.1
1768501017.5668795,43.891
1768501017.669316,37.313
1768501017.7714798,37.532
1768501017.8738313,44.456
1768501017.9765623,32.638
1768501018.0789871,44.062
1768501018.1851807,32.836
1768501018.2874694,39.482
1768501018.38989,36.82
1768501018.492224,35.679
1768501018.5945058,40.148
1768501018.6968143,33.705
1768501018.799288,43.865
1768501018.901714,32.441
1768501019.0040336,43.989
1768501019.1063855,36.151
1768501019.210819,39.702
1768501019.313168,39.087
1768501019.4154475,35.185
1768501019.517727,43.668
1768501019.6200771,33.626
1768501019.7224367,46.495
1768501019.824892,35.56
1768501019.9274166,38.913
1768501020.0296874,39.974
1768501020.1364887,33.409
1768501020.2389545,44.036
1768501020.3412936,36.743
1768501020.4437213,36.94
1768501020.5500562,33.113
1768501020.6522536,45.61
1768501020.7545402,37.138
1768501020.8622751,38.814
1768501020.9646463,44.948
1768501021.0670319,34.297
1768501021.169325,48.856
1768501021.271524,41.724
1768501021.3737566,34.889
1768501021.4760473,50.203
1768501021.578505,33.231
1768501021.6807969,40.369
1768501021.7863913,40.763
1768501021.8887875,36.151
1768501021.9911845,46.424
1768501022.0935717,33.804
1768501022.1958542,42.61
1768501022.2982666,43.595
1768501022.4006612,33.902
1768501022.503013,43.201
1768501022.6052213,41.453
1768501022.7074654,34.791
1768501022.8132572,46.593
1768501022.9157162,37.981
1768501023.0181253,37.138
1768501023.1204736,49.122
1768501023.2228818,37.729
1768501023.3251407,38.223
1768501023.4275377,48.561
1768501023.529898,33.705
1768501023.632261,42.512
1768501023.737976,43.004
1768501023.840347,35.383
1768501023.9428918,51.874
1768501024.045242,35.461
1768501024.1476243,38.102
1768501024.2501884,48.294
1768501024.35281,35.383
1768501024.4551687,38.595
1768501024.5614293,46.271
1768501024.6637926,34.001
1768501024.7665637,38.989
1768501024.869,33.508
1768501024.9757853,41.157
1768501025.0781069,39.284
1768501025.1805286,35.778
1768501025.285018,48.04
1768501025.3872442,33.212
1768501025.4894772,40.566
1768501025.5919375,39.406
1768501025.6943343,35.481
1768501025.796753,45.905
1768501025.899178,33.508
1768501026.0015583,46.03
1768501026.1040192,37.434
1768501026.2063687,37.039
1768501026.3109179,48.11
1768501026.4133155,33.033
1768501026.5156205,40.444
1768501026.6179073,42.192
1768501026.7203317,41.33
1768501026.8227375,33.606
1768501026.9251013,43.668
1768501027.027529,39.065
1768501027.1299076,37.532
1768501027.2364805,42.684
1768501027.3389606,35.185
1768501027.4414458,50.271
1768501027.544068,33.31
1768501027.6464324,45.315
1768501027.7488513,36.447
1768501027.851173,40.073
1768501027.9534664,39.482
1768501028.0557582,37.434
1768501028.1611314,43.471
1768501028.263559,33.902
1768501028.3659716,48.856
1768501028.4683497,36.623
1768501028.57074,38.42
1768501028.673166,42.216
1768501028.7754722,34.791
1768501028.877708,47.057
1768501028.9800622,33.212
1768501029.0868666,43.792
1768501029.1900022,37.138
1768501029.2923472,39.383
1768501029.394806,36.349
1768501029.4981217,44.088
1768501029.6004164,34.001
1768501029.702643,48.856
1768501029.804823,33.212
1768501029.9100995,46.369
1768501030.0125422,33.31
1768501030.1150277,46.102
1768501030.217382,36.743
1768501030.3197742,36.25
1768501030.422147,42.019
1768501030.524606,33.606
1768501030.6270297,45.243
1768501030.7295117,38.716
1768501030.8365614,35.383
1768501030.9390206,43.668
1768501031.0412982,33.31
1768501031.1437066,44.383
1768501031.246101,38.124
1768501031.3485487,36.151
1768501031.4508822,48.294
1768501031.5532305,33.212
1768501031.6554763,41.65
1768501031.7609596,37.434
1768501031.8633852,39.482
1768501031.965659,39.012
1768501032.0679295,34.791
1768501032.1703944,46.664
1768501032.272796,33.033
1768501032.3751407,40.664
1768501032.4773364,42.979
1768501032.5796618,33.804
1768501032.6844902,47.675
1768501032.786798,37.159
1768501032.8892038,37.138
1768501032.9916308,44.16
1768501033.0941975,33.804
1768501033.1965172,48.532
1768501033.2991037,37.236
1768501033.401506,37.236
1768501033.5037537,46.523
1768501033.6101093,33.113
1768501033.7125816,38.245
1768501033.816965,36.053
1768501033.9195712,45.118
1768501034.0218718,33.409
1768501034.1242096,43.078
1768501034.2265975,38.321
1768501034.3333747,38.42
1768501034.4357634,45.708
1768501034.538312,33.804
1768501034.640651,46.156
1768501034.7429073,38.321
1768501034.8453045,38.716
1768501034.9476871,38.08
1768501035.0500703,36.349
1768501035.152514,47.815
1768501035.2573314,33.409
1768501035.359861,40.444
1768501035.4623957,46.369
1768501035.5649385,33.508
1768501035.6671762,52.594
1768501035.7695558,38.321
1768501035.8718784,37.335
1768501035.9741893,45.708
1768501036.0764747,33.132
1768501036.1831636,41.921
1768501036.2855153,39.383
1768501036.3877945,35.264
1768501036.4903035,48.462
1768501036.592794,36.546
1768501036.6950116,38.124
1768501036.7975335,33.31
1768501036.8999941,48.954
1768501037.0058858,33.31
1768501037.1086621,39.876
1768501037.2109783,39.853
1768501037.3132348,35.56
1768501037.4156582,47.647
1768501037.5179172,33.902
1768501037.62032,40.566
1768501037.7227674,44.16
1768501037.8249724,34.396
1768501037.9319265,46.424
1768501038.0370522,36.546
1768501038.1392643,48.63
1768501038.2414691,32.836
1768501038.3438485,40.369
1768501038.446206,43.398
1768501038.548533,34.495
1768501038.6509852,47.549
1768501038.756029,38.42
1768501038.858557,38.89
1768501038.9611554,40.369
1768501039.0635388,36.25
1768501039.1658678,46.129
1768501039.2683294,33.705
1768501039.3707223,43.694
1768501039.4729955,39.262
1768501039.5799046,35.658
1768501039.6822462,50.928
1768501039.7846603,37.434
1768501039.8870466,37.236
1768501039.9894748,47.479
1768501040.0918486,33.705
1768501040.1942666,38.814
1768501040.2965415,38.792
1768501040.3989437,33.705
1768501040.505807,48.364
1768501040.6083462,39.284
1768501040.7108078,36.743
1768501040.8132052,49.544
1768501040.9155297,34.1
1768501041.0179524,39.656
1768501041.120269,44.16
1768501041.222781,34.297
1768501041.325263,45.735
1768501041.4306889,38.89
1768501041.5331233,35.679
1768501041.6355355,41.699
1768501041.7378051,38.025
1768501041.840142,37.905
1768501041.9425275,47.802
1768501042.0448508,34.297
1768501042.1472955,50.626
1768501042.249616,33.508
1768501042.3559248,42.413
1768501042.4587812,35.383
1768501042.5610173,51.776
1768501042.6646333,39.284
1768501042.7668245,36.842
1768501042.8690271,51.057
1768501042.971349,35.067
1768501043.0734887,40.172
1768501043.1788833,44.652
1768501043.2811916,34.692
1768501043.3834786,38.299
1768501043.4858565,40.59
1768501043.5880802,36.053
1768501043.6906233,51.843
1768501043.792936,38.792
1768501043.8953462,37.532
1768501043.9975638,48.266
1768501044.1036675,34.396
1768501044.2060876,43.3
1768501044.3084936,45.073
1768501044.4109292,35.087
1768501044.513582,47.479
1768501044.6158378,39.186
1768501044.7181768,37.335
1768501044.820494,49.976
1768501044.922925,33.705
1768501045.0282989,44.948
1768501045.1306138,35.362
1768501045.2329934,37.631
1768501045.335306,42.782
1768501045.437758,33.329
1768501045.540163,51.874
1768501045.642517,38.321
1768501045.7448392,38.693
