timestamp,power_watts
1768497234.8970964,30.186
1768497234.999355,42.61
1768497235.1061158,34.791
1768497235.208834,42.684
1768497235.3112013,37.927
1768497235.413588,34.593
1768497235.515939,41.157
1768497235.618558,33.231
1768497235.720959,40.05
1768497235.823511,33.606
1768497235.9310322,43.201
1768497236.0333118,31.947
1768497236.1356025,44.186
1768497236.2380233,31.534
1768497236.340324,39.974
1768497236.4428391,36.645
1768497236.5452206,35.087
1768497236.6475964,41.625
1768497236.7500353,37.335
1768497236.8557882,31.651
1768497236.9580507,39.087
1768497237.060406,36.229
1768497237.1637719,38.693
1768497237.2660396,34.08
1768497237.3683023,40.148
1768497237.4706352,37.215
1768497237.5729675,33.902
1768497237.6752934,44.456
1768497237.7809923,32.836
1768497237.8833904,44.357
1768497237.9858067,31.947
1768497238.0881314,40.739
1768497238.1906853,37.631
1768497238.2929554,34.495
1768497238.3952823,48.561
1768497238.4976542,36.271
1768497238.5999937,44.285
1768497238.706298,32.934
1768497238.80855,41.059
1768497238.9107983,44.652
1768497239.0130036,34.199
1768497239.1152258,46.129
1768497239.2174253,40.936
1768497239.3196816,34.495
1768497239.421887,47.97
1768497239.5241227,38.496
1768497239.6297767,36.172
1768497239.7321975,47.745
1768497239.8345108,40.467
1768497239.936833,35.778
1768497240.0392177,51.977
1768497240.1414664,37.905
1768497240.2438715,37.532
1768497240.346474,49.583
1768497240.4487689,35.757
1768497240.5540855,38.299
1768497240.656502,48.797
1768497240.7588742,39.307
1768497240.8612626,37.434
1768497240.963538,51.941
1768497241.066014,37.631
1768497241.1685517,38.89
1768497241.27083,47.479
1768497241.373122,34.988
1768497241.4763675,43.963
1768497241.5795498,42.636
1768497241.681954,35.264
1768497241.785522,51.677
1768497241.8877537,39.951
1768497241.9901595,35.56
1768497242.0925221,52.66
1768497242.1949117,34.297
1768497242.297205,43.471
1768497242.4026897,39.951
1768497242.5049007,36.645
1768497242.6072433,43.497
1768497242.7095473,34.396
1768497242.8119807,50.006
1768497242.9142623,36.623
1768497243.0165286,38.124
1768497243.1189668,39.534
1768497243.2213483,49.348
1768497243.32509,32.817
1768497243.4296324,38.89
1768497243.5320451,44.849
1768497243.6345158,33.508
1768497243.7368743,43.694
1768497243.839362,39.679
1768497243.9417377,34.396
1768497244.044046,46.593
1768497244.1464064,39.065
1768497244.2487602,35.876
1768497244.3535278,51.057
1768497244.4560254,33.132
1768497244.5583627,40.861
1768497244.660728,47.31
1768497244.7629776,33.902
1768497244.8652842,45.315
1768497244.9676743,38.989
1768497245.07007,36.447
1768497245.1724093,46.692
1768497245.277609,33.804
1768497245.3799844,44.554
1768497245.4823687,37.018
1768497245.5848234,39.58
1768497245.6870933,43.839
1768497245.7898858,34.495
1768497245.892356,43.398
1768497245.994544,39.876
1768497246.0968766,34.889
1768497246.2121804,49.515
1768497246.3143647,39.133
1768497246.4168046,35.087
1768497246.5192976,45.341
1768497246.6253195,33.329
1768497246.7278903,51.284
1768497246.830217,37.039
1768497246.9325333,46.719
1768497247.0347993,33.231
1768497247.137129,42.512
1768497247.2395203,41.33
1768497247.3417754,44.679
1768497247.4453151,38.792
1768497247.5498683,37.532
1768497247.652302,46.987
1768497247.754618,34.1
1768497247.8570416,47.212
1768497247.9594963,39.33
1768497248.061821,38.025
1768497248.1641815,43.373
1768497248.2664707,34.199
1768497248.3688853,50.339
1768497248.474247,33.212
1768497248.576659,45.118
1768497248.679,37.434
1768497248.7813952,37.828
1768497248.883779,44.062
1768497248.9861562,33.033
1768497249.0885959,47.675
1768497249.1910262,35.933
1768497249.2933345,39.777
1768497249.399476,43.891
1768497249.5019228,34.001
1768497249.6041772,49.848
1768497249.7070794,32.638
1768497249.809845,40.96
1768497249.912221,42.118
1768497250.0144658,35.087
1768497250.1168532,46.129
1768497250.2230434,34.001
1768497250.3255126,45.538
1768497250.4291577,33.508
1768497250.5316184,49.348
1768497250.6340485,35.461
1768497250.7363422,41.822
1768497250.8390102,40.369
1768497250.9413936,34.791
1768497251.0472202,42.093
1768497251.1497886,33.428
1768497251.2521534,39.58
1768497251.35462,41.428
1768497251.4571164,33.705
1768497251.5596237,46.326
1768497251.6619465,38.936
1768497251.7645326,48.433
1768497251.8667948,33.606
1768497251.9719863,39.58
1768497252.0743675,39.777
1768497252.1767726,35.185
1768497252.2791388,52.366
1768497252.3818703,38.2
1768497252.484533,38.595
1768497252.5870638,46.102
1768497252.6894898,34.889
1768497252.7962906,48.393
1768497252.8986838,41.059
1768497253.0011125,35.284
1768497253.1033792,53.218
1768497253.2058282,39.725
1768497253.3081422,36.349
1768497253.4104795,50.241
1768497253.5128782,33.686
1768497253.6199706,40.148
1768497253.722399,45.046
1768497253.824922,34.889
1768497253.927286,45.243
1768497254.029897,39.557
1768497254.132221,37.138
1768497254.2368338,45.708
1768497254.343793,33.212
1768497254.4467862,38.89
1768497254.5491033,44.823
1768497254.6515503,34.001
1768497254.7537835,43.989
1768497254.8561234,39.754
1768497254.9584827,35.658
1768497255.0607922,49.908
1768497255.1676557,33.014
1768497255.2700574,49.544
1768497255.372526,35.856
1768497255.4748266,37.828
1768497255.5771034,44.088
1768497255.6796155,34.001
1768497255.7820325,39.087
1768497255.8843405,35.461
1768497255.9866376,49.318
1768497256.0922403,33.212
1768497256.1946387,45.243
1768497256.2972732,38.617
1768497256.399719,38.025
1768497256.502078,37.949
1768497256.6044812,38.223
1768497256.706866,32.342
1768497256.8093855,47.479
1768497256.9159415,33.508
1768497257.018511,42.782
1768497257.121238,39.406
1768497257.2237942,36.151
1768497257.3262436,45.708
1768497257.4289138,33.132
1768497257.531348,40.861
1768497257.6385164,41.378
1768497257.7409885,35.383
1768497257.8438232,45.779
1768497257.9463334,36.546
1768497258.0486255,38.693
1768497258.150948,43.668
1768497258.2576315,33.329
1768497258.3621395,41.551
1768497258.4647546,44.357
1768497258.5686853,33.804
1768497258.6710258,42.906
1768497258.7732313,45.708
1768497258.875626,33.804
1768497258.9779146,39.58
1768497259.0801146,43.694
1768497259.1823072,34.593
1768497259.287818,42.487
1768497259.3901935,43.694
1768497259.4927104,37.335
1768497259.5950346,39.087
1768497259.697722,48.167
1768497259.8001356,41.527
1768497259.9033887,43.497
1768497260.0056405,34.988
1768497260.1078506,50.732
1768497260.2130587,34.396
1768497260.3152914,38.299
1768497260.4178228,46.424
1768497260.5202754,34.593
1768497260.6227567,48.787
1768497260.7251012,34.495
1768497260.8278499,39.087
1768497260.9302044,46.227
1768497261.032688,33.212
1768497261.1387496,48.364
1768497261.241285,39.754
1768497261.3436728,34.889
1768497261.4461756,43.201
1768497261.5485084,36.94
1768497261.6509218,39.853
1768497261.7534752,36.053
1768497261.8560643,49.023
1768497261.9612672,38.769
1768497262.0636659,35.461
1768497262.1662025,47.184
1768497262.268392,33.31
1768497262.3709388,39.679
1768497262.473645,46.003
1768497262.5759356,33.804
1768497262.678622,41.847
1768497262.780903,42.118
1768497262.8867471,33.409
1768497262.9890323,41.822
1768497263.091396,41.921
1768497263.1937013,34.593
1768497263.2959886,46.692
1768497263.398297,41.921
1768497263.5006862,34.001
1768497263.6030905,41.946
1768497263.7053258,46.326
1768497263.8114095,33.705
1768497263.9137642,38.42
1768497264.016093,51.057
1768497264.118575,38.42
1768497264.220948,53.743
1768497264.324013,38.792
1768497264.4262006,37.806
1768497264.5285492,49.455
1768497264.6343439,34.495
1768497264.7367399,40.172
1768497264.839161,50.105
1768497264.941528,35.284
1768497265.043814,42.807
1768497265.1463997,43.668
1768497265.2489297,35.876
1768497265.3513002,45.806
1768497265.457425,41.822
1768497265.5601506,37.335
1768497265.6625123,49.416
1768497265.7649453,34.791
1768497265.867334,47.38
1768497265.969581,40.247
1768497266.0719688,37.039
1768497266.174485,45.171
1768497266.2768207,34.692
1768497266.3821688,47.97
1768497266.48441,34.199
1768497266.5867321,47.872
1768497266.688889,34.001
1768497266.7913702,37.927
1768497266.898398,39.876
1768497267.0008702,40.247
1768497267.1095963,35.264
1768497267.2120056,49.869
1768497267.3145127,39.36
1768497267.4167683,35.954
1768497267.5191762,49.81
1768497267.6215515,35.461
1768497267.7241225,41.65
1768497267.8297102,43.668
1768497267.932165,34.791
1768497268.0346038,42.807
1768497268.1369467,39.974
1768497268.2394922,49.289
1768497268.3419843,37.039
1768497268.4442751,39.777
1768497268.5464828,43.274
1768497268.6488347,34.889
1768497268.7536397,44.285
1768497268.8560762,39.186
1768497268.9585502,37.434
1768497269.0609782,48.491
1768497269.163209,34.396
1768497269.2656312,41.453
1768497269.3679924,44.429
1768497269.4703689,34.396
1768497269.572796,45.61
1768497269.6776388,39.034
1768497269.780019,37.434
1768497269.8824697,46.692
1768497269.9847162,33.31
1768497270.0870717,41.256
1768497270.1894786,39.777
1768497270.2919319,35.383
1768497270.394256,50.528
1768497270.496619,37.828
1768497270.602671,45.073
1768497270.7049267,39.557
1768497270.8074014,36.94
1768497270.9096642,47.38
1768497271.011987,33.902
1768497271.115349,43.201
1768497271.217584,43.424
1768497271.3199065,35.185
1768497271.4255402,43.201
1768497271.5279067,44.679
1768497271.6302507,34.593
1768497271.732725,42.438
1768497271.8349965,44.233
1768497271.9372742,34.791
1768497272.0396998,44.062
1768497272.1420438,39.284
1768497272.2442863,37.039
1768497272.3499646,46.102
1768497272.4522903,33.902
1768497272.5546181,39.284
1768497272.65698,34.692
1768497272.76057,44.849
1768497272.8627515,38.299
1768497272.965082,36.172
1768497273.06736,48.925
1768497273.1695068,33.902
1768497273.2742374,42.216
1768497273.3765361,43.15
1768497273.47882,34.889
1768497273.5812647,47.942
1768497273.6836185,39.284
1768497273.7858844,36.743
1768497273.8882582,49.22
1768497273.990543,36.349
1768497274.0929086,41.256
1768497274.198258,42.019
1768497274.3006706,35.461
1768497274.4031098,39.186
1768497274.5055168,42.216
1768497274.607986,33.606
1768497274.7104812,47.113
1768497274.813069,38.989
1768497274.915702,38.792
1768497275.0221102,47.352
1768497275.1243727,34.495
1768497275.2268293,44.823
1768497275.3291621,40.885
1768497275.4321046,35.856
1768497275.5343585,51.941
1768497275.6369286,34.968
1768497275.7392702,39.801
1768497275.8415923,44.383
1768497275.9477232,34.297
1768497276.0501585,48.491
1768497276.1526685,38.321
1768497276.2552137,39.679
1768497276.35758,44.849
1768497276.460142,34.001
1768497276.5624034,45.046
1768497276.6648061,34.199
1768497276.7709048,35.757
1768497276.8733284,50.86
1768497276.9758997,41.527
1768497277.0795574,38.102
1768497277.181723,36.546
1768497277.283986,44.456
1768497277.3862743,33.033
1768497277.4885142,40.073
1768497277.5908797,41.921
1768497277.6967156,34.791
1768497277.7992172,44.036
1768497277.9018073,33.132
1768497278.0043814,41.625
1768497278.1068664,37.434
1768497278.209215,37.927
1768497278.3116393,43.274
1768497278.414117,34.001
1768497278.5202053,50.498
1768497278.6226957,33.231
1768497278.7250445,42.61
1768497278.8275032,40.172
1768497278.9299586,35.383
1768497279.0323925,49.18
1768497279.1347587,33.212
1768497279.2371953,43.767
1768497279.3459263,37.905
1768497279.4483511,37.434
1768497279.5515225,44.357
1768497279.6540537,33.902
1768497279.7566555,50.105
1768497279.8590078,36.842
1768497279.961174,38.518
1768497280.0676935,41.034
1768497280.170125,34.396
1768497280.2725112,46.298
1768497280.3748186,34.495
1768497280.4771118,39.11
1768497280.5795274,42.881
1768497280.682059,34.692
1768497280.7845707,45.538
1768497280.8916836,35.778
1768497280.9940898,38.693
1768497281.096479,44.186
1768497281.1987333,33.902
1768497281.3011193,41.625
1768497281.4035482,43.497
1768497281.5057805,34.495
1768497281.608187,44.948
1768497281.710609,40.912
1768497281.8156848,36.546
1768497281.918273,53.186
1768497282.0206711,33.804
1768497282.1231189,42.709
1768497282.2255673,40.247
1768497282.3279762,37.039
1768497282.4302557,54.495
1768497282.5326824,33.804
1768497282.6352289,50.066
1768497282.7396884,38.178
1768497282.8420577,38.003
1768497282.944344,48.67
1768497283.0470295,34.495
1768497283.1494782,54.528
1768497283.251943,37.708
1768497283.3544753,40.27
1768497283.4569654,39.853
1768497283.5593784,36.25
1768497283.664731,40.073
1768497283.7671268,35.757
1768497283.8694766,47.043
1768497283.971709,38.966
1768497284.0739455,36.743
1768497284.1762164,39.777
1768497284.2784781,35.185
1768497284.3809412,50.105
1768497284.4831185,38.124
1768497284.5890036,36.842
1768497284.691411,45.735
1768497284.7937589,33.014
1768497284.8961396,38.2
1768497284.9985547,46.523
1768497285.1008713,33.705
1768497285.2033315,47.282
1768497285.3056097,38.375
1768497285.408339,37.236
1768497285.5132763,46.79
1768497285.6157427,41.157
1768497285.7183506,39.307
1768497285.820696,35.087
1768497285.9229603,52.562
1768497286.025126,35.856
1768497286.127318,42.833
1768497286.2294722,41.231
1768497286.3317602,35.087
1768497286.4368072,46.03
1768497286.5392237,34.001
1768497286.6415136,49.583
1768497286.7440016,37.039
1768497286.8463671,45.61
1768497286.948741,33.212
1768497287.0511124,42.044
1768497287.153467,37.927
1768497287.25577,37.236
1768497287.3614469,45.145
1768497287.4638004,33.902
1768497287.566045,44.777
1768497287.6684713,39.58
1768497287.7707975,35.185
1768497287.873072,50.922
1768497287.9756296,39.899
1768497288.0779927,36.645
1768497288.1802452,48.954
1768497288.2825878,33.705
1768497288.387723,40.467
1768497288.4899952,42.192
1768497288.5923047,35.856
1768497288.6945803,48.294
1768497288.7973027,35.264
1768497288.899718,38.989
1768497289.0020413,47.942
1768497289.104315,33.804
1768497289.2065275,44.974
1768497289.3117678,40.223
1768497289.4140098,35.264
1768497289.5164294,48.167
1768497289.6187024,39.58
1768497289.7209854,36.25
1768497289.8232899,47.675
1768497289.9257905,33.804
1768497290.0281684,37.729
1768497290.1306193,45.511
1768497290.2368407,46.621
1768497290.3395438,39.656
1768497290.4416962,36.151
1768497290.543965,45.932
1768497290.6461942,35.856
1768497290.7483616,47.704
1768497290.8505106,34.791
1768497290.9526536,45.932
1768497291.054781,33.705
1768497291.1597772,46.353
1768497291.262052,41.527
1768497291.3643715,36.546
1768497291.4667704,47.942
1768497291.5691807,34.001
1768497291.6715462,42.684
1768497291.7740173,41.306
1768497291.8763614,35.284
1768497291.9789753,49.485
1768497292.0838523,33.409
1768497292.186263,43.989
1768497292.2884417,43.497
1768497292.3909595,34.495
1768497292.4935286,44.751
1768497292.5963717,42.537
1768497292.698751,34.988
1768497292.80101,45.368
1768497292.9034293,42.019
1768497293.0088677,35.185
1768497293.1113114,43.989
1768497293.213898,40.912
1768497293.318106,35.856
1768497293.4203932,52.597
1768497293.5228071,33.705
1768497293.625192,44.383
1768497293.7277305,38.102
1768497293.8331447,38.496
1768497293.9357831,45.046
1768497294.0382464,34.692
1768497294.1410027,45.61
1768497294.2435899,33.606
1768497294.3460872,41.428
1768497294.4484708,40.148
1768497294.5510516,34.692
1768497294.658079,33.132
1768497294.7603927,42.512
1768497294.8627222,39.012
1768497294.9648404,35.975
1768497295.067059,47.113
1768497295.1692483,32.916
1768497295.2714837,43.3
1768497295.373996,37.51
1768497295.4762588,36.743
1768497295.5815403,41.847
1768497295.6839676,34.692
1768497295.7862244,48.561
1768497295.8888648,32.737
1768497295.9913151,42.118
1768497296.0937397,37.236
1768497296.1962354,35.954
1768497296.2991564,44.554
1768497296.4015598,32.836
1768497296.5072446,45.145
1768497296.6095688,36.546
1768497296.7118435,44.186
1768497296.8142328,34.396
1768497296.9166474,50.105
1768497297.0189538,32.539
1768497297.1216772,40.641
1768497297.2242541,37.981
1768497297.3302078,35.679
1768497297.4325957,51.874
1768497297.5364354,32.934
1768497297.6388657,47.577
1768497297.741227,32.737
1768497297.8436363,42.093
1768497297.9460945,38.814
1768497298.048695,36.25
1768497298.1541352,38.595
1768497298.2564757,35.757
1768497298.3589087,44.751
1768497298.4613092,32.638
1768497298.5639615,45.118
1768497298.6662393,36.546
1768497298.768593,37.335
1768497298.8709316,45.243
1768497298.9733462,33.31
1768497299.0798836,36.701
1768497299.1820323,36.25
1768497299.2842329,45.905
1768497299.3864298,32.638
1768497299.4886851,41.33
1768497299.5910523,38.397
1768497299.69343,36.053
1768497299.7956793,45.145
1768497299.8978794,33.212
1768497300.0029671,43.891
1768497300.1054256,36.842
1768497300.2078373,37.335
1768497300.3102043,43.078
1768497300.4125402,33.31
1768497300.5149841,43.497
1768497300.6173124,40.345
1768497300.719658,34.593
1768497300.8220406,45.467
1768497300.9270663,39.11
1768497301.0296376,35.757
1768497301.1319547,43.839
1768497301.2349412,34.692
1768497301.337197,49.711
1768497301.439539,33.606
1768497301.5417962,39.284
1768497301.6440125,45.019
1768497301.7463694,33.804
1768497301.853381,43.891
1768497301.9557097,39.087
1768497302.0580015,34.593
1768497302.1603909,47.38
1768497302.262748,37.335
1768497302.365099,37.828
1768497302.4673476,44.751
1768497302.569627,33.804
1768497302.6754787,49.613
1768497302.7777367,32.638
1768497302.8803174,41.133
1768497302.9826965,38.2
1768497303.085001,35.757
1768497303.1872454,45.511
1768497303.2897758,33.033
1768497303.3921714,39.974
1768497303.4945464,44.554
1768497303.596933,34.199
1768497303.7027383,38.792
1768497303.8048556,36.349
1768497303.9070585,50.006
1768497304.0093484,34.593
1768497304.111486,38.89
1768497304.2138605,43.642
1768497304.3160844,34.297
1768497304.4182732,45.046
1768497304.5208766,38.397
1768497304.623184,38.025
1768497304.7281353,43.176
1768497304.8304808,34.889
1768497304.932848,53.383
1768497305.0352967,37.215
1768497305.1379676,40.073
1768497305.2403643,43.767
1768497305.3427787,34.593
1768497305.4451919,47.057
1768497305.547592,38.2
1768497305.65423,40.467
1768497305.756731,42.906
1768497305.859245,33.902
1768497305.961874,46.03
1768497306.0642629,32.441
1768497306.1669517,41.625
1768497306.2693925,38.868
1768497306.3719027,35.284
1768497306.4758239,45.046
1768497306.5815675,33.212
1768497306.6840448,47.97
1768497306.7864952,37.236
1768497306.8890185,44.285
1768497306.99173,33.033
1768497307.0944188,47.872
1768497307.1969094,32.046
1768497307.299578,40.172
1768497307.4043956,40.715
1768497307.506755,33.705
1768497307.6090362,49.318
1768497307.711598,32.342
1768497307.814102,40.369
1768497307.9165812,39.36
1768497308.019073,33.902
1768497308.1216652,33.014
1768497308.2286768,39.284
1768497308.3309133,39.603
1768497308.4333317,34.593
1768497308.5356274,37.828
1768497308.637738,32.441
1768497308.7399392,42.512
1768497308.842181,37.215
1768497308.9445553,36.645
1768497309.050573,42.019
1768497309.1528194,35.087
1768497309.2552586,39.777
1768497309.3575292,36.349
1768497309.459786,46.03
1768497309.5621128,33.014
1768497309.6643786,43.792
1768497309.7667437,38.2
1768497309.8691516,35.087
1768497309.9756439,43.891
1768497310.0780308,32.934
1768497310.1805062,47.577
1768497310.2826934,32.046
1768497310.3850865,41.428
1768497310.49118,38.025
1768497310.5934758,34.791
1768497310.7025144,45.905
1768497310.8049283,32.243
1768497310.9072134,41.724
1768497311.0096488,38.124
1768497311.1119256,35.087
1768497311.214169,45.44
1768497311.316495,33.212
1768497311.4186785,48.266
1768497311.5253403,36.82
1768497311.6276603,36.546
1768497311.7299745,45.61
1768497311.8324928,32.934
1768497311.9349227,41.921
1768497312.0371602,42.315
1768497312.1396656,33.705
1768497312.2419329,42.61
1768497312.3453474,33.804
1768497312.449859,38.617
1768497312.552145,49.643
1768497312.6545486,33.113
1768497312.7568085,39.406
1768497312.8592105,48.364
1768497312.9614806,35.165
1768497313.0639815,38.518
1768497313.1663132,41.107
1768497313.2686594,34.988
1768497313.3734732,46.2
1768497313.4758162,39.239
1768497313.5781147,36.151
1768497313.6805787,47.015
1768497313.7829304,34.1
1768497313.885525,48.404
1768497313.9879196,33.31
1768497314.0902476,41.527
1768497314.1924882,37.784
1768497314.2990503,36.645
1768497314.4013548,40.073
1768497314.5038195,36.645
1768497314.6060529,46.523
1768497314.7082164,33.132
1768497314.810742,44.456
1768497314.9132748,38.769
1768497315.0155008,35.185
1768497315.1177773,46.495
1768497315.2237613,36.328
1768497315.3261032,38.025
1768497315.428413,46.523
1768497315.5307908,32.718
1768497315.6330862,38.518
1768497315.735426,42.413
1768497315.8377295,35.087
1768497315.940093,47.999
1768497316.0423899,38.299
1768497316.1482878,37.335
1768497316.250584,44.16
1768497316.3528392,34.593
1768497316.455285,50.105
1768497316.557685,34.001
1768497316.6602812,50.331
1768497316.762809,38.496
1768497316.8664231,37.828
1768497316.9724278,49.81
1768497317.0747895,38.321
1768497317.1770265,37.828
1768497317.2794955,46.467
1768497317.3820882,35.56
1768497317.4844685,38.321
1768497317.58707,42.881
1768497317.689443,34.495
1768497317.7953653,48.63
1768497317.89806,38.025
1768497318.0005202,37.434
1768497318.1033163,45.046
1768497318.2058673,33.508
1768497318.3082094,42.413
1768497318.4104326,41.527
1768497318.5130422,34.297
1768497318.6199386,46.298
1768497318.7220845,36.25
1768497318.8245177,36.842
1768497318.9310744,47.212
1768497319.0337617,33.606
1768497319.1363873,42.388
1768497319.2431793,39.209
1768497319.3456504,35.856
1768497319.4479415,51.776
1768497319.550336,33.212
1768497319.6525874,41.921
1768497319.7552633,39.284
1768497319.8575082,36.053
1768497319.9598129,49.839
1768497320.0622206,36.349
1768497320.1676307,40.444
1768497320.2700248,40.641
1768497320.3724108,35.284
1768497320.4747684,53.513
1768497320.5770833,37.806
1768497320.6794133,39.974
1768497320.7818766,34.495
1768497320.8843648,47.254
1768497320.9865172,38.321
1768497321.0911129,38.814
1768497321.1935053,43.103
1768497321.2960799,33.804
1768497321.3983521,46.102
1768497321.5006804,37.729
1768497321.602993,36.645
1768497321.7053785,46.719
1768497321.8078053,32.916
1768497321.9100883,38.124
1768497322.0156739,46.424
1768497322.118019,32.916
1768497322.2202647,39.383
1768497322.322588,45.932
1768497322.424931,34.001
1768497322.5271678,41.231
1768497322.629896,46.424
1768497322.732179,34.692
1768497322.834527,45.243
1768497322.940773,38.223
1768497323.0431273,37.335
1768497323.1453493,49.092
1768497323.248123,33.606
1768497323.3502598,43.989
1768497323.4524682,43.274
1768497323.5548642,35.185
1768497323.6572304,50.528
1768497323.7594717,38.716
1768497323.8644054,38.989
1768497323.9666545,46.888
1768497324.0690126,34.495
1768497324.171329,45.538
1768497324.2745528,37.039
1768497324.3768153,38.716
1768497324.4790454,44.186
1768497324.581289,33.606
1768497324.6836014,44.921
1768497324.790176,32.638
1768497324.8926294,41.921
1768497324.9950376,38.277
1768497325.0972748,35.679
1768497325.199797,47.282
1768497325.3022625,39.186
1768497325.4047124,41.822
1768497325.507029,33.804
1768497325.6127357,49.741
1768497325.7151148,37.138
1768497325.8174703,38.518
1768497325.9200265,42.709
1768497326.0223782,34.199
1768497326.1246593,47.97
1768497326.2269456,33.231
1768497326.3295581,44.849
1768497326.4318883,32.243
1768497326.5379064,41.256
1768497326.6405046,38.595
1768497326.7437,40.641
1768497326.8460977,35.58
1768497326.9484959,46.523
1768497327.0508633,33.113
1768497327.1531665,47.409
1768497327.2555695,37.631
1768497327.3629184,37.138
1768497327.4651883,39.186
1768497327.5693243,38.321
1768497327.6716573,36.722
1768497327.7739282,39.679
1768497327.876314,35.658
1768497327.9786205,40.936
1768497328.085853,39.876
1768497328.1885374,33.606
1768497328.2907891,43.004
1768497328.3933706,32.046
1768497328.4957452,42.34
1768497328.5984013,36.468
1768497328.7007673,37.434
1768497328.8034477,40.27
1768497328.908961,34.593
1768497329.0113232,48.925
1768497329.1136692,37.236
1768497329.2159722,37.729
1768497329.3183763,41.65
1768497329.4207723,49.416
1768497329.5232482,37.554
1768497329.625532,36.743
1768497329.7278838,46.003
1768497329.8340678,32.817
1768497329.9363532,39.012
1768497330.038767,43.937
1768497330.1411805,33.409
1768497330.2436278,41.724
1768497330.346056,43.595
1768497330.4484222,33.804
1768497330.550916,39.951
1768497330.6571126,48.266
1768497330.7594016,37.434
1768497330.8617566,38.595
1768497330.9641416,46.03
1768497331.0664256,34.001
1768497331.1687691,43.767
1768497331.2711327,39.557
1768497331.3735306,36.546
1768497331.4758277,51.026
1768497331.579743,39.603
1768497331.6820276,35.757
1768497331.7843826,48.757
1768497331.887881,39.406
1768497331.990162,35.185
1768497332.0924418,42.093
1768497332.1946857,42.315
1768497332.2969193,35.481
1768497332.3992202,48.393
1768497332.5015717,40.936
1768497332.6062918,36.053
1768497332.7086408,54.266
1768497332.8108933,38.989
1768497332.9132762,39.679
1768497333.015636,49.377
1768497333.1179924,38.913
1768497333.2204125,37.039
1768497333.3227758,51.874
1768497333.4252145,39.679
1768497333.5294263,37.039
1768497333.6318119,49.249
1768497333.7342293,34.297
1768497333.8365924,43.595
1768497333.9390447,35.185
1768497334.0423155,48.266
1768497334.144581,34.988
1768497334.2468119,40.172
1768497334.3490376,43.201
1768497334.4551685,36.842
1768497334.5577238,44.652
1768497334.6601412,34.692
1768497334.7625985,44.16
1768497334.8653078,39.702
1768497334.9676661,35.856
1768497335.070037,47.999
1768497335.1725783,33.902
1768497335.2796319,45.243
1768497335.3820558,40.444
1768497335.4844716,34.297
1768497335.5868316,46.424
1768497335.6891668,38.397
1768497335.7920625,35.087
1768497335.894619,49.387
1768497335.9970055,37.335
1768497336.1034043,38.003
1768497336.2141438,44.062
1768497336.3163588,34.297
1768497336.4186544,45.511
1768497336.5209093,34.297
1768497336.6258993,51.481
1768497336.728418,33.231
1768497336.8309846,42.487
1768497336.9333637,34.791
1768497337.035722,49.053
1768497337.138033,39.482
1768497337.2404132,35.679
1768497337.3428864,45.905
1768497337.4451356,33.902
1768497337.5504746,42.585
1768497337.6529174,38.792
1768497337.7552197,37.335
1768497337.8574793,34.001
1768497337.9603488,41.256
1768497338.0625448,42.512
1768497338.1647701,34.988
1768497338.2670515,44.036
1768497338.3692815,33.902
1768497338.4742227,49.053
1768497338.5765507,37.018
1768497338.67886,37.631
1768497338.7812843,41.01
1768497338.8836293,35.185
1768497338.9860568,50.596
1768497339.088376,37.335
1768497339.1906374,39.383
1768497339.2931693,39.284
1768497339.3993773,36.447
1768497339.5017743,47.507
1768497339.6041632,33.113
1768497339.706562,43.989
1768497339.8093622,39.853
1768497339.9117322,35.679
1768497340.0140014,47.45
1768497340.116328,33.231
1768497340.2231674,39.679
1768497340.325411,44.088
1768497340.428678,34.001
1768497340.530901,43.963
1768497340.6331449,41.207
1768497340.7354422,35.087
1768497340.8377337,49.544
1768497340.9400647,34.396
1768497341.0423915,41.33
1768497341.1482394,42.906
1768497341.2505252,34.692
1768497341.3529165,48.757
1768497341.4553251,42.833
1768497341.557638,34.791
1768497341.660441,44.554
1768497341.7628198,40.195
1768497341.865108,35.284
1768497341.972163,45.834
1768497342.0744264,43.668
1768497342.1767619,35.58
1768497342.2791605,39.679
1768497342.3814888,36.468
1768497342.4838333,49.81
1768497342.586127,33.922
1768497342.6883695,40.172
1768497342.79076,47.184
1768497342.8960507,34.001
1768497342.9985688,42.636
1768497343.1009798,46.227
1768497343.2032616,34.988
1768497343.306067,46.424
1768497343.4084198,43.668
1768497343.5106947,35.58
1768497343.6131654,52.236
1768497343.7192392,35.58
1768497343.821641,38.913
1768497343.9239721,49.348
1768497344.027018,39.012
1768497344.129303,39.11
1768497344.2317176,48.954
1768497344.3342614,35.185
1768497344.4366138,48.404
1768497344.5439456,41.428
1768497344.6461759,34.988
1768497344.7484083,51.548
1768497344.850898,37.806
1768497344.9532099,36.468
1768497345.0556195,49.643
1768497345.157921,38.769
1768497345.26019,41.354
1768497345.3624387,33.409
1768497345.4674067,47.352
1768497345.5696702,35.856
1768497345.6719642,42.585
1768497345.774294,37.51
1768497345.8766901,40.444
1768497345.9789617,43.398
1768497346.0813227,34.692
1768497346.1836364,43.595
1768497346.286031,39.656
1768497346.3911364,38.496
1768497346.4934084,39.603
1768497346.5957139,39.951
1768497346.6989756,44.724
1768497346.8015099,38.003
1768497346.9039707,44.823
1768497347.0062978,33.508
1768497347.1085336,41.133
1768497347.210763,42.216
1768497347.3171325,36.25
1768497347.4196372,48.266
1768497347.5220625,33.902
1768497347.6243954,40.247
1768497347.7268672,48.196
1768497347.8292453,33.902
1768497347.9317284,42.881
1768497348.03411,40.345
1768497348.1367567,36.645
1768497348.2419171,47.184
1768497348.344213,34.199
1768497348.4469042,48.196
1768497348.5492492,37.215
1768497348.6518302,39.777
1768497348.7542815,44.212
1768497348.8569953,34.889
1768497348.9594357,45.171
1768497349.0627935,39.262
1768497349.1694114,35.757
1768497349.2717426,51.517
1768497349.3742461,33.527
1768497349.4766746,48.885
1768497349.5790586,33.409
1768497349.6815724,46.523
1768497349.7840958,38.693
1768497349.887041,36.842
1768497349.992185,44.751
1768497350.0946224,34.396
1768497350.1970859,51.972
1768497350.2995057,33.033
1768497350.402103,40.936
1768497350.5046344,40.148
1768497350.6070604,35.56
1768497350.709403,45.046
1768497350.8117795,33.606
1768497350.9175007,48.925
1768497351.0201106,46.03
1768497351.1232245,32.539
1768497351.2255898,46.227
1768497351.3279011,34.001
1768497351.4300609,41.724
1768497351.5324433,35.383
1768497351.6347888,37.609
1768497351.742332,35.954
1768497351.8447037,38.2
1768497351.9470978,34.988
1768497352.0496416,43.963
1768497352.1519556,32.737
1768497352.2543547,44.285
1768497352.357128,37.039
1768497352.4595008,37.631
1768497352.5649762,39.482
1768497352.6677456,34.593
1768497352.7702026,45.27
1768497352.8725085,32.836
1768497352.9747999,46.058
1768497353.081602,34.199
1768497353.1838121,39.087
1768497353.2904828,37.828
1768497353.3927488,35.778
1768497353.495221,44.626
1768497353.5976193,32.934
1768497353.7000976,42.807
1768497353.802544,37.806
1768497353.9048069,36.172
1768497354.0071194,44.383
1768497354.1130676,33.033
1768497354.2155988,41.527
1768497354.3179045,38.693
1768497354.4201293,35.481
1768497354.522576,50.922
1768497354.6248682,37.609
1768497354.7272592,37.039
1768497354.8295083,50.331
1768497354.9319124,38.397
1768497355.0367994,38.595
1768497355.1396427,34.593
1768497355.2419393,45.834
1768497355.3440678,38.989
1768497355.446264,35.284
1768497355.5486872,50.271
1768497355.650874,37.51
1768497355.753078,37.335
1768497355.8553133,48.561
1768497355.961439,37.434
1768497356.0642018,39.876
1768497356.1665215,43.325
1768497356.2688546,35.757
1768497356.371036,47.45
1768497356.473308,34.889
1768497356.5756063,52.499
1768497356.6778264,33.902
1768497356.7801366,39.876
1768497356.886409,36.842
1768497356.9889011,47.675
1768497357.091218,34.1
1768497357.1936076,44.285
1768497357.295875,39.801
1768497357.398287,37.631
1768497357.5021026,48.787
1768497357.6042943,34.593
1768497357.710086,35.757
1768497357.812762,37.236
1768497357.9151952,38.913
1768497358.0177176,42.216
1768497358.1200745,34.593
1768497358.222723,46.003
1768497358.325243,33.409
1768497358.4276733,49.446
1768497358.5345058,32.737
1768497358.6369095,42.807
1768497358.739317,38.572
1768497358.8416724,36.645
1768497358.9440293,42.807
1768497359.0464654,34.396
1768497359.148962,48.925
1768497359.2513206,34.297
1768497359.3538594,39.284
1768497359.4584875,36.546
1768497359.5618076,43.176
1768497359.6642873,33.508
1768497359.7666197,41.133
1768497359.8688972,34.791
1768497359.9713576,44.751
1768497360.0737004,32.836
1768497360.1758697,41.65
1768497360.2825484,37.927
1768497360.3849616,35.975
1768497360.4872608,50.135
1768497360.5897548,37.631
1768497360.692252,37.335
1768497360.7946522,47.409
1768497360.897157,33.409
1768497360.9994988,43.471
1768497361.106173,38.966
1768497361.2085972,35.284
1768497361.3115249,46.003
1768497361.4139864,33.014
1768497361.5161836,40.073
1768497361.6201239,44.652
1768497361.722421,33.409
1768497361.8248196,40.763
1768497361.9302254,43.176
1768497362.0325296,34.889
1768497362.1349738,51.843
1768497362.2372785,38.102
1768497362.33964,36.468
1768497362.4419796,49.22
1768497362.5443726,38.223
1768497362.6468449,37.729
1768497362.7491224,48.63
1768497362.8550878,34.1
1768497362.957397,42.241
1768497363.059779,41.207
1768497363.162175,36.172
1768497363.2644143,52.499
1768497363.3667555,33.804
1768497363.4691217,40.763
1768497363.5714667,42.782
1768497363.6738698,35.383
1768497363.7799017,38.671
1768497363.882101,37.335
1768497363.984246,47.057
1768497364.0864887,34.791
1768497364.188828,44.554
1768497364.2910275,39.534
1768497364.3933604,36.645
1768497364.495797,49.122
1768497364.597992,34.278
1768497364.7034287,38.2
1768497364.805833,47.212
1768497364.9082735,33.804
1768497365.0107615,50.626
1768497365.1130877,37.335
1768497365.2154326,37.828
1768497365.3178375,49.053
1768497365.4201548,33.804
1768497365.5224829,39.58
1768497365.6279597,44.528
1768497365.7305126,34.593
1768497365.8331301,45.046
1768497365.935653,40.27
1768497366.0397654,36.842
1768497366.1421614,49.938
1768497366.24437,33.705
1768497366.3467739,41.453
1768497366.4503543,40.247
1768497366.5526707,35.481
1768497366.6551135,48.491
1768497366.7575636,34.199
1768497366.8599117,40.125
1768497366.9622152,35.284
1768497367.0646405,50.891
1768497367.167002,36.349
1768497367.2693172,37.335
1768497367.3716571,38.913
1768497367.477723,35.087
1768497367.5800128,45.637
1768497367.682292,33.31
1768497367.7847466,42.315
1768497367.8870842,38.025
1768497367.9893377,36.151
1768497368.0917306,46.719
1768497368.1939924,33.409
1768497368.2963521,41.65
1768497368.4013638,38.299
1768497368.503665,38.223
1768497368.6059234,38.003
1768497368.7081401,36.722
1768497368.8103526,41.256
1768497368.9125304,38.693
1768497369.0146453,36.151
1768497369.1169093,45.735
1768497369.2191443,33.508
1768497369.3254375,48.63
1768497369.4278383,36.447
1768497369.5302963,37.708
1768497369.6326935,42.782
1768497369.7350695,33.606
1768497369.8373885,47.745
1768497369.939835,36.349
1768497370.0421686,39.482
1768497370.1451015,39.702
1768497370.2515876,34.001
1768497370.357498,44.456
1768497370.4598923,33.033
1768497370.5626397,40.566
1768497370.6649158,42.881
1768497370.767324,33.804
1768497370.8696418,42.512
1768497370.9752324,40.05
1768497371.077664,34.199
1768497371.180162,47.212
1768497371.2824697,37.018
1768497371.3848474,38.025
1768497371.4873443,46.495
1768497371.5896745,32.836
1768497371.692082,40.073
1768497371.7977328,45.861
1768497371.9003055,33.033
1768497372.0027924,36.842
1768497372.1051464,41.625
1768497372.2073817,33.606
1768497372.3097293,42.512
1768497372.4120862,39.951
1768497372.5143228,34.1
1768497372.6166546,42.709
1768497372.7234726,35.185
1768497372.8257022,45.368
1768497372.9278016,41.822
1768497373.0299745,34.297
1768497373.132485,43.767
1768497373.2346952,43.3
1768497373.3368926,34.791
1768497373.4391203,43.989
1768497373.5455022,44.482
1768497373.648013,34.495
1768497373.750372,42.807
1768497373.8529503,45.735
1768497373.9553256,34.1
1768497374.0576615,40.838
1768497374.1602528,48.266
1768497374.26288,37.138
1768497374.3700442,38.792
1768497374.472676,48.364
1768497374.5762308,38.518
1768497374.6784704,37.138
1768497374.7807028,48.856
1768497374.8830357,38.595
1768497374.9852374,36.645
1768497375.0874128,53.774
1768497375.1934874,39.974
1768497375.2957356,37.828
1768497375.3979807,45.511
1768497375.5003092,35.185
1768497375.6026926,38.693
1768497375.705027,52.889
1768497375.80741,45.27
1768497375.9096527,35.185
1768497376.0119894,42.512
1768497376.1173072,50.271
1768497376.2197776,34.376
1768497376.3220634,38.716
1768497376.4244108,47.549
1768497376.526881,35.284
1768497376.6305277,43.694
1768497376.7328527,40.542
1768497376.8353558,41.798
1768497376.9411664,33.902
1768497377.0433986,40.763
1768497377.1457443,45.735
1768497377.2481127,34.396
1768497377.3505044,48.659
1768497377.4528842,38.496
1768497377.5552084,36.447
1768497377.6575747,51.155
1768497377.7599943,37.434
1768497377.8623893,37.828
1768497377.967113,47.901
1768497378.0695052,33.686
1768497378.1718335,38.223
1768497378.274126,49.446
1768497378.376522,33.212
1768497378.479083,39.383
1768497378.582181,47.184
1768497378.684491,33.409
1768497378.7870321,39.11
1768497378.892368,48.561
1768497378.9947324,33.31
1768497379.0971117,39.754
1768497379.1996481,44.16
1768497379.3030155,33.902
1768497379.4055371,40.247
1768497379.508115,45.118
1768497379.6106186,33.705
1768497379.7156792,48.561
1768497379.8182197,32.836
1768497379.9206467,43.398
1768497380.0231056,37.686
1768497380.125621,37.51
1768497380.2280166,41.034
1768497380.3304334,35.954
1768497380.4328837,44.876
1768497380.5354931,33.132
1768497380.6415696,42.413
1768497380.7439265,37.828
1768497380.8463748,36.842
1768497380.9487975,39.754
1768497381.0511887,34.988
1768497381.1536574,46.102
1768497381.2559688,32.441
1768497381.3583603,32.144
1768497381.4622562,44.383
1768497381.5674005,33.31
1768497381.669777,42.34
1768497381.7725556,33.705
1768497381.8748264,45.073
1768497381.9772096,43.249
1768497382.0794861,32.638
1768497382.181773,39.679
1768497382.2841318,37.806
1768497382.3866227,36.842
1768497382.4915822,40.664
1768497382.5940385,34.001
1768497382.6963449,48.069
1768497382.7986927,38.003
1768497382.901061,34.791
1768497383.004033,48.63
1768497383.1064265,40.073
1768497383.2086687,34.692
1768497383.3115137,43.103
1768497383.4171097,39.383
1768497383.5195584,35.185
1768497383.622535,46.55
1768497383.7249067,39.876
1768497383.8272185,34.495
1768497383.9295123,53.054
1768497384.0319128,38.025
1768497384.1342034,37.313
1768497384.2408714,44.724
1768497384.3433433,34.593
1768497384.4456859,52.629
1768497384.548095,37.215
1768497384.6504831,38.2
1768497384.752847,47.802
1768497384.855189,32.934
1768497384.957619,43.078
1768497385.059925,41.157
1768497385.1648588,35.185
1768497385.2672074,49.092
1768497385.3695226,39.899
1768497385.471846,36.37
1768497385.5744035,50.952
1768497385.6767142,39.087
1768497385.7791674,48.896
1768497385.8830955,39.284
1768497385.9885988,37.927
1768497386.0911174,45.118
1768497386.1935556,34.988
1768497386.2959673,53.056
1768497386.3984249,33.606
1768497386.5007737,50.725
1768497386.6031568,33.902
1768497386.7054372,48.827
1768497386.81259,34.791
1768497386.915039,47.184
1768497387.0173993,38.277
1768497387.1196837,39.36
1768497387.2220175,46.102
1768497387.324402,35.087
1768497387.4269347,50.271
1768497387.529259,38.025
1768497387.6405053,41.453
1768497387.7432363,39.186
1768497387.8457873,36.349
1768497387.9482677,45.243
1768497388.0506682,33.329
1768497388.152982,47.577
1768497388.2589602,39.087
1768497388.3614779,35.461
1768497388.4639943,48.196
1768497388.566376,34.001
1768497388.6687477,52.924
1768497388.7710185,37.729
1768497388.873401,37.708
1768497388.9757812,47.774
1768497389.0781229,34.396
1768497389.1831641,50.331
1768497389.2855556,38.025
1768497389.387871,36.842
1768497389.4902759,48.491
1768497389.5926416,34.199
1768497389.694903,45.467
1768497389.7973273,36.94
1768497389.8995333,47.38
1768497390.0017054,34.199
1768497390.1066082,51.776
1768497390.2088857,38.397
1768497390.311247,35.481
1768497390.4136004,47.844
1768497390.5159125,33.804
1768497390.6182425,42.585
1768497390.7206576,40.27
1768497390.82303,36.074
1768497390.9253287,48.069
1768497391.0313668,34.396
1768497391.1338942,54.037
1768497391.2366266,34.001
1768497391.3390543,49.544
1768497391.4415214,34.692
1768497391.543909,48.167
1768497391.6460867,39.899
1768497391.748429,38.223
1768497391.856616,43.103
1768497391.958981,35.778
1768497392.0613256,50.83
1768497392.1636326,33.804
1768497392.2660747,39.603
1768497392.3683023,42.388
1768497392.470657,34.593
1768497392.5729156,48.433
1768497392.6794918,32.638
1768497392.7818327,45.145
1768497392.88423,37.455
1768497392.9865854,38.025
1768497393.088988,41.428
1768497393.1913157,34.593
1768497393.2938352,49.81
1768497393.396213,34.968
1768497393.4986427,37.631
1768497393.6043026,44.16
1768497393.706807,33.212
1768497393.8092191,44.088
1768497393.9118013,37.927
1768497394.0142674,35.087
1768497394.116731,33.527
1768497394.2206748,46.495
1768497394.32283,37.927
1768497394.4249365,37.905
1768497394.530261,37.039
1768497394.6326368,37.729
1768497394.7349567,45.976
1768497394.8374207,33.902
1768497394.93987,49.122
1768497395.0423627,36.743
1768497395.144758,38.989
1768497395.2471938,43.792
1768497395.3538673,34.791
1768497395.4566932,52.857
1768497395.5590968,37.729
1768497395.661371,38.124
1768497395.7638834,42.954
1768497395.870177,33.902
1768497395.9784205,51.284
1768497396.0809202,32.737
1768497396.1831136,41.133
1768497396.2854905,38.42
1768497396.3877065,35.383
1768497396.4902582,36.271
1768497396.5928352,38.89
1768497396.6951509,36.447
1768497396.8002748,43.963
1768497396.9026155,32.342
1768497397.0049796,45.145
1768497397.1072216,38.124
1768497397.2095375,35.58
1768497397.311833,47.745
1768497397.4140592,37.828
1768497397.516514,38.321
1768497397.6187952,46.818
1768497397.7251775,33.113
1768497397.8274984,39.876
1768497397.9300067,43.767
1768497398.0324306,34.199
1768497398.1347802,39.163
1768497398.2377264,36.468
1768497398.3399584,46.003
1768497398.4420419,33.705
1768497398.5478647,43.694
1768497398.650201,41.083
1768497398.752508,35.185
1768497398.8548732,47.057
1768497398.957263,33.804
1768497399.0597978,44.948
1768497399.1622763,41.354
1768497399.2646751,35.284
1768497399.3671365,47.507
1768497399.4716148,40.05
1768497399.5739894,36.053
1768497399.6763744,49.544
1768497399.7788029,33.804
1768497399.881622,41.034
1768497399.9839523,45.932
1768497400.0865498,35.362
1768497400.1890368,48.532
1768497400.2912126,33.705
1768497400.3970685,41.921
1768497400.499398,40.96
1768497400.6018918,35.658
1768497400.7042894,50.006
1768497400.8067882,33.508
1768497400.909275,41.551
1768497401.0116918,40.763
1768497401.1140096,36.074
1768497401.219692,48.11
1768497401.3221078,34.297
1768497401.4244108,50.331
1768497401.5269127,37.949
1768497401.6292145,38.124
1768497401.73156,39.58
1768497401.8339784,35.56
1768497401.936419,48.728
1768497402.0427713,37.236
1768497402.1451247,40.566
1768497402.2474918,38.89
1768497402.349804,36.271
1768497402.4522972,33.705
1768497402.5551565,48.196
1768497402.6573813,36.25
1768497402.7596283,39.209
1768497402.8618686,39.11
1768497402.9681635,34.495
1768497403.0705445,47.057
1768497403.1729228,39.777
1768497403.2753508,35.383
1768497403.3777127,48.393
1768497403.4801261,39.262
1768497403.582547,35.876
1768497403.6848605,49.643
1768497403.7909408,39.482
1768497403.8933089,37.039
1768497403.9956565,51.29
1768497404.0985692,33.606
1768497404.200885,40.664
1768497404.3037622,42.118
1768497404.4061217,36.25
1768497404.508495,49.279
1768497404.6108375,38.89
1768497404.7152894,37.532
1768497404.8176854,54.987
1768497404.9201148,39.58
1768497405.0223432,37.335
1768497405.124617,52.597
1768497405.226912,40.345
1768497405.3292427,36.151
1768497405.4316,52.169
1768497405.5340078,38.223
1768497405.6392095,36.842
1768497405.7415476,48.138
1768497405.8438563,46.621
1768497405.9462872,34.692
1768497406.0486157,40.96
1768497406.150945,47.155
1768497406.253145,34.692
1768497406.355413,40.936
1768497406.4577303,40.416
1768497406.5627763,33.705
1768497406.6650102,41.33
1768497406.767483,33.409
1768497406.869874,45.538
1768497406.9733486,35.087
1768497407.0755067,47.675
1768497407.1777143,42.093
1768497407.2799222,35.975
1768497407.3820672,46.129
1768497407.487461,39.459
1768497407.5897462,35.481
1768497407.6920567,43.3
1768497407.79434,44.134
1768497407.896658,34.495
1768497407.9990304,40.566
1768497408.1014695,46.959
1768497408.2036886,34.495
1768497408.3061569,43.694
1768497408.4115152,42.216
1768497408.5137372,35.954
1768497408.6160636,51.646
1768497408.718383,39.012
1768497408.820771,37.039
1768497408.92429,49.092
1768497409.0266333,38.595
1768497409.1289513,38.693
1768497409.231242,47.647
1768497409.3360276,34.297
1768497409.4383752,42.906
1768497409.5407147,41.231
1768497409.642934,34.988
1768497409.7453775,51.026
1768497409.8476508,39.087
1768497409.9498928,36.94
1768497410.052118,54.397
1768497410.1545484,33.31
1768497410.260377,40.96
1768497410.3628142,44.233
1768497410.4651916,35.067
1768497410.5675533,50.891
1768497410.6697454,39.012
1768497410.77206,39.012
1768497410.8744137,47.45
1768497410.9767232,34.692
1768497411.0790794,49.544
1768497411.1841803,36.151
1768497411.2865007,41.428
1768497411.3887496,39.603
1768497411.4912267,42.709
1768497411.593469,33.705
1768497411.6957235,50.989
1768497411.797905,32.934
1768497411.9001012,42.413
1768497412.0022511,42.438
1768497412.1046264,34.889
1768497412.208929,47.999
1768497412.3113081,33.705
1768497412.4135442,52.071
1768497412.51591,33.428
1768497412.6182287,46.692
1768497412.720535,34.889
1768497412.8229382,43.963
1768497412.9254165,34.495
1768497413.027726,51.481
1768497413.1340048,33.231
1768497413.2361999,42.315
1768497413.3384147,38.617
1768497413.4413831,38.124
1768497413.5436368,39.482
1768497413.64593,34.297
1768497413.7481885,48.167
1768497413.8503594,37.455
1768497413.9527357,38.617
1768497414.058078,46.298
1768497414.1605015,34.001
1768497414.2629125,42.537
1768497414.3652043,44.724
1768497414.4676166,34.001
1768497414.5699992,43.004
1768497414.6729865,43.274
1768497414.775479,36.172
1768497414.8818412,50.075
1768497414.9840949,34.1
1768497415.0863965,45.118
1768497415.188841,40.345
1768497415.2911143,35.757
1768497415.3933268,51.088
1768497415.4957948,34.869
1768497415.5981662,39.087
1768497415.70057,48.138
1768497415.8055723,33.902
1768497415.9079988,38.716
1768497416.0104945,39.012
1768497416.1126764,37.412
1768497416.2149448,46.987
1768497416.3170621,35.778
1768497416.4193094,41.33
1768497416.521399,43.398
1768497416.6236472,34.199
1768497416.7300162,35.461
1768497416.8325396,38.595
1768497416.93496,43.963
1768497417.0376084,33.705
1768497417.1400924,42.906
1768497417.242653,41.231
1768497417.3450766,35.975
1768497417.4477668,48.532
1768497417.5546112,33.804
1768497417.6572635,49.22
1768497417.760117,33.31
1768497417.8625143,42.684
1768497417.9648788,40.096
1768497418.0672023,35.679
1768497418.169497,47.282
1768497418.2719262,33.705
1768497418.378767,47.184
1768497418.4812548,33.508
1768497418.5837283,50.369
1768497418.686089,37.292
1768497418.7884874,37.927
1768497418.8909516,47.704
1768497418.993428,33.212
1768497419.0957806,43.176
1768497419.2028348,38.716
1768497419.3051846,34.889
1768497419.4076374,46.326
1768497419.5099084,33.212
1768497419.612641,40.566
1768497419.71498,38.693
1768497419.8173575,36.546
1768497419.9199429,46.298
1768497420.0259056,33.508
1768497420.1283736,38.639
1768497420.2311933,35.954
1768497420.333338,47.732
1768497420.4357204,33.409
1768497420.5379906,44.036
1768497420.6403186,39.482
1768497420.742794,38.617
1768497420.8489933,43.497
1768497420.9513566,34.791
1768497421.0537019,49.78
1768497421.156036,32.817
1768497421.2583528,39.679
1768497421.360616,41.428
1768497421.4629378,34.988
1768497421.5652397,45.413
1768497421.6679313,33.231
1768497421.781843,40.369
1768497421.8842285,43.078
1768497421.9881425,33.902
1768497422.090539,48.59
1768497422.1973968,37.828
1768497422.2998023,34.889
1768497422.4021754,50.43
1768497422.5044196,39.11
1768497422.6066287,36.94
1768497422.7089465,50.498
1768497422.811335,34.1
1768497422.9136622,50.626
1768497423.0159156,34.1
1768497423.1207433,46.369
1768497423.2230482,38.814
1768497423.3255033,41.059
1768497423.4277117,44.456
1768497423.5301826,35.383
1768497423.6324399,53.808
1768497423.734998,33.606
1768497423.837303,42.044
1768497423.9397178,43.57
1768497424.0458632,48.306
1768497424.1482208,37.236
1768497424.2503085,38.102
1768497424.3526273,47.085
1768497424.4547489,33.329
1768497424.5569832,38.989
1768497424.6592653,46.987
1768497424.7615318,33.014
1768497424.8637795,38.989
1768497424.9692597,43.595
1768497425.071658,34.199
1768497425.1739154,43.57
1768497425.2764406,39.012
1768497425.3788028,36.37
1768497425.4811676,50.006
1768497425.5834105,35.736
1768497425.6859412,38.518
1768497425.788436,47.226
1768497425.8938708,34.1
1768497425.9962175,45.341
1768497426.0986285,39.974
1768497426.2010593,35.876
1768497426.3046603,52.464
1768497426.4070735,38.124
1768497426.5092711,40.467
1768497426.6116085,46.987
1768497426.717869,33.606
1768497426.820179,41.822
1768497426.9224777,35.58
1768497427.0249133,50.762
1768497427.1274016,33.705
1768497427.2298307,41.157
1768497427.332089,41.354
1768497427.4343581,34.791
1768497427.5368671,49.968
1768497427.6437106,36.349
1768497427.7462192,37.631
1768497427.848677,45.118
1768497427.9513283,34.495
1768497428.0537121,47.802
1768497428.1560812,39.482
1768497428.2584238,34.889
1768497428.3607738,44.652
1768497428.4670525,34.396
1768497428.5702696,48.925
1768497428.6725073,39.042
1768497428.77473,36.151
1768497428.877041,53.022
1768497428.9792967,38.299
1768497429.0814757,37.806
1768497429.183807,47.029
1768497429.2859402,34.297
1768497429.391975,43.57
1768497429.4943047,39.232
1768497429.5966115,37.236
1768497429.6988928,46.495
1768497429.8017673,33.705
1768497429.904091,41.133
1768497430.0064697,36.447
1768497430.1088872,41.428
1768497430.2111669,40.542
1768497430.3170922,35.284
1768497430.4239273,49.249
1768497430.5262487,33.527
1768497430.6286318,45.565
1768497430.7309227,38.792
1768497430.8333094,36.842
1768497430.9356937,42.044
1768497431.0410664,33.132
1768497431.1434073,49.318
1768497431.2457597,38.223
1768497431.3481104,40.27
1768497431.4503865,38.025
1768497431.5526574,38.223
1768497431.6549513,41.034
1768497431.7573764,34.889
1768497431.859833,44.062
1768497431.966563,34.1
1768497432.068884,46.987
1768497432.17132,32.934
1768497432.273718,44.357
1768497432.37595,34.791
1768497432.4781742,37.729
1768497432.5805411,38.496
1768497432.6829076,36.863
1768497432.7853124,42.143
1768497432.8906555,49.053
1768497432.9936144,32.638
1768497433.0958335,47.605
1768497433.1980035,37.138
1768497433.3001611,38.496
1768497433.402475,39.58
1768497433.5046067,34.396
1768497433.606773,46.861
1768497433.7090898,37.039
1768497433.8162007,36.447
1768497433.91861,44.554
1768497434.0210319,32.934
1768497434.123468,39.679
1768497434.225662,46.424
1768497434.3280017,33.231
1768497434.4328444,41.428
1768497434.5392072,40.444
1768497434.6416306,34.988
1768497434.744704,46.397
1768497434.8470058,40.814
1768497434.9492693,36.074
1768497435.0515528,51.352
1768497435.1540067,38.003
1768497435.2563198,37.138
1768497435.3585925,53.12
1768497435.464537,38.047
1768497435.5669582,39.482
1768497435.6695309,46.467
1768497435.7718854,33.705
1768497435.8742313,38.617
1768497435.9766777,46.326
1768497436.0790074,34.001
1768497436.1813605,41.65
1768497436.2873962,45.806
1768497436.3897943,35.679
1768497436.4922667,40.369
1768497436.5945926,43.57
1768497436.6968935,34.692
1768497436.7994025,41.109
1768497436.901921,35.185
1768497437.0043623,46.424
1768497437.1068041,38.814
1768497437.2130263,49.643
1768497437.3153336,34.1
1768497437.4175477,41.724
1768497437.519944,47.31
1768497437.622363,34.297
1768497437.7247453,43.078
1768497437.8270147,40.073
1768497437.9294271,35.58
1768497438.031723,48.63
1768497438.1382961,33.705
1768497438.2408984,41.847
1768497438.343393,44.626
1768497438.4460332,34.001
1768497438.5483742,50.989
1768497438.6528242,37.631
1768497438.7551694,38.124
1768497438.8575065,49.122
1768497438.9656525,33.231
1768497439.0680077,38.693
1768497439.170388,46.692
1768497439.2727435,34.001
1768497439.375281,41.921
1768497439.4778023,39.876
1768497439.5802052,35.778
1768497439.6872213,52.727
1768497439.7897685,33.409
1768497439.8920994,41.798
1768497439.9947183,45.341
1768497440.0971212,34.297
1768497440.199471,47.999
1768497440.3020964,39.307
1768497440.4044924,36.25
1768497440.509909,48.474
1768497440.612444,34.396
1768497440.7149608,38.102
1768497440.8173711,45.118
1768497440.9198492,33.606
1768497441.0225136,46.353
1768497441.124966,37.729
1768497441.2273836,40.467
1768497441.3298717,37.236
1768497441.4369898,42.29
1768497441.5391865,34.199
1768497441.6417685,45.511
1768497441.7439852,37.039
1768497441.8464456,39.087
1768497441.948817,42.413
1768497442.0513136,34.297
1768497442.1536064,49.839
1768497442.25995,37.434
1768497442.3623936,38.595
1768497442.4651444,43.03
1768497442.5677555,34.396
1768497442.6748824,45.664
1768497442.7772949,37.236
1768497442.8847353,37.828
1768497442.9871047,42.413
1768497443.0894423,36.074
1768497443.1916816,47.212
1768497443.2939844,34.297
1768497443.396203,47.015
1768497443.498574,33.508
1768497443.6008883,50.959
1768497443.7066379,32.836
1768497443.8090198,40.664
1768497443.9115276,43.201
1768497444.0139287,33.902
1768497444.1162627,47.647
1768497444.218625,38.496
1768497444.3209524,38.42
1768497444.4233456,46.888
1768497444.5297267,34.988
1768497444.632225,47.901
1768497444.734588,33.902
1768497444.8369958,41.133
1768497444.9393685,41.059
1768497445.0417528,35.679
1768497445.1440837,43.471
1768497445.2463992,50.045
1768497445.350116,36.645
1768497445.454574,39.58
1768497445.556959,46.621
1768497445.6593533,34.495
1768497445.7619064,52.334
1768497445.8644288,36.447
1768497445.9668279,39.11
1768497446.0692534,40.148
1768497446.1716938,35.383
1768497446.277188,46.818
1768497446.3795774,33.033
1768497446.4821656,45.511
1768497446.584593,38.375
1768497446.6870694,37.335
1768497446.7894871,33.31
1768497446.8933225,43.595
1768497446.9956205,39.284
1768497447.1012132,34.988
1768497447.2035062,49.023
1768497447.3058147,37.434
1768497447.4081948,37.927
1768497447.5106497,45.315
1768497447.6129994,33.606
1768497447.7154353,46.424
1768497447.81784,37.609
1768497447.9202857,41.133
1768497448.0250857,40.617
1768497448.1275115,34.988
1768497448.2301185,49.682
1768497448.3326728,34.692
1768497448.4349644,38.792
1768497448.5374374,43.373
1768497448.6396887,34.889
1768497448.742127,44.849
1768497448.8444736,39.853
1768497448.9501274,36.842
1768497449.0524344,48.069
1768497449.1547835,33.409
1768497449.257132,43.398
1768497449.3594463,42.241
1768497449.4616866,34.791
1768497449.5641115,34.495
1768497449.6673827,43.497
1768497449.7730634,34.297
1768497449.8754282,42.807
1768497449.977824,33.705
1768497450.0802906,49.613
1768497450.1826332,37.631
1768497450.2850232,36.842
1768497450.3872163,44.088
1768497450.489707,33.606
1768497450.5921082,46.692
1768497450.6984212,33.014
1768497450.8007975,38.518
1768497450.9036822,43.176
1768497451.0059319,33.705
1768497451.110087,48.757
1768497451.2126005,34.396
1768497451.3150406,39.284
1768497451.4222326,41.896
1768497451.52473,34.889
1768497451.6270864,44.849
1768497451.7294998,33.31
1768497451.8319016,47.647
1768497451.9343505,37.236
1768497452.0368102,36.842
1768497452.1392157,42.61
1768497452.2445967,34.1
1768497452.3469906,50.399
1768497452.4492836,33.784
1768497452.5515807,39.186
1768497452.653928,38.124
1768497452.756256,36.074
1768497452.8585742,46.79
1768497452.9609594,32.638
1768497453.0633326,45.145
1768497453.1707876,32.916
1768497453.2732224,39.58
1768497453.3755302,42.118
1768497453.4779062,33.409
1768497453.5803428,43.201
1768497453.682637,37.258
1768497453.7850056,43.103
1768497453.887712,34.001
1768497453.993656,44.456
1768497454.0959008,37.489
1768497454.1982074,38.321
1768497454.30063,42.413
1768497454.4030814,34.889
1768497454.5054758,51.45
1768497454.6079352,33.212
1768497454.7102742,50.694
1768497454.812866,32.934
1768497454.9186375,43.891
1768497455.0211465,39.679
1768497455.1241143,36.349
1768497455.2274134,47.872
1768497455.329823,32.836
1768497455.4321668,49.22
1768497455.534357,33.31
1768497455.6367133,32.836
1768497455.742319,42.807
1768497455.8447056,33.804
1768497455.947121,45.735
1768497456.0494745,32.638
1768497456.1519194,48.433
1768497456.2543063,36.645
1768497456.3567522,36.743
1768497456.4595048,31.256
1768497456.565055,49.22
1768497456.6676166,32.144
1768497456.7701993,31.552
1768497456.872626,38.716
1768497456.975106,36.271
1768497457.0775478,36.349
1768497457.1797884,42.118
1768497457.2821355,32.539
1768497457.3845365,41.133
1768497457.4899356,39.012
1768497457.5923157,36.053
1768497457.6948137,46.593
1768497457.7972581,33.606
1768497457.8996558,44.876
1768497458.0019917,34.593
1768497458.1058788,49.22
1768497458.2081182,38.102
1768497458.3134952,39.209
1768497458.4158306,48.069
1768497458.5180686,33.409
1768497458.6205487,47.155
1768497458.7233303,37.51
1768497458.8259273,36.842
1768497458.928464,45.905
1768497459.0308764,34.001
1768497459.1380088,48.491
1768497459.2405553,32.836
1768497459.343003,43.103
1768497459.445479,39.209
1768497459.5479305,35.778
1768497459.6502597,45.538
1768497459.752859,33.033
1768497459.8551536,46.03
1768497459.9579303,37.828
1768497460.0622392,36.053
1768497460.1645746,45.637
1768497460.2668355,32.836
1768497460.3695426,43.274
1768497460.4718673,39.262
1768497460.574124,36.645
1768497460.6763766,39.11
1768497460.7788136,36.645
1768497460.8811877,46.2
1768497460.9872653,34.001
1768497461.089761,50.369
1768497461.1921287,33.033
1768497461.2945971,43.201
1768497461.3970306,38.178
1768497461.4993777,36.546
1768497461.6017745,47.282
1768497461.7041202,33.508
1768497461.8107426,42.881
1768497461.913174,38.353
1768497462.0156066,36.743
1768497462.1181521,46.79
1768497462.2205226,33.804
1768497462.3228538,37.455
1768497462.4250813,37.609
1768497462.5273294,43.398
1768497462.6296394,34.199
1768497462.734513,50.105
1768497462.8369648,33.705
1768497462.939762,41.453
1768497463.041997,40.172
1768497463.1445925,33.902
1768497463.246967,51.088
1768497463.3496149,35.383
1768497463.4521382,38.693
1768497463.55467,41.354
1768497463.6600611,34.791
1768497463.762995,44.429
1768497463.8661788,32.638
1768497463.9688842,44.062
1768497464.0713832,37.883
1768497464.173905,35.757
1768497464.2761755,46.621
1768497464.378598,32.836
1768497464.484131,41.748
1768497464.5865111,38.518
1768497464.68894,34.495
1768497464.7913516,49.613
1768497464.8939044,38.518
1768497464.9961467,36.271
1768497465.0984683,45.145
1768497465.2009418,32.836
1768497465.3072574,39.087
1768497465.409754,42.807
1768497465.5121672,33.804
1768497465.6145105,46.959
1768497465.7168965,37.828
1768497465.8193493,36.546
1768497465.9218106,47.45
1768497466.0241904,33.409
1768497466.126508,39.284
1768497466.2321427,40.073
1768497466.334479,34.396
1768497466.436807,43.865
1768497466.5392115,37.609
1768497466.6416898,32.539
1768497466.7449446,45.708
1768497466.8471332,34.199
1768497466.9495203,44.751
1768497467.056198,38.716
1768497467.1585808,36.447
1768497467.2608798,49.711
1768497467.3630993,41.256
1768497467.4653354,34.692
1768497467.5675871,45.959
1768497467.6699383,40.345
1768497467.7721605,35.185
1768497467.8745332,44.186
1768497467.9807487,48.433
1768497468.0830293,33.902
1768497468.1907613,42.807
1768497468.2929683,48.433
1768497468.3953335,34.495
1768497468.4975564,38.716
1768497468.603109,53.481
1768497468.7055101,39.36
1768497468.8079836,37.434
1768497468.91052,53.873
1768497469.01295,39.801
1768497469.1153386,39.58
1768497469.2178662,50.203
1768497469.320126,37.729
1768497469.426268,38.42
1768497469.5287087,52.727
1768497469.631159,38.792
1768497469.733634,37.236
1768497469.8362591,49.515
1768497469.938621,34.199
1768497470.041059,39.777
1768497470.1434739,43.963
1768497470.246104,34.692
1768497470.3520627,45.145
1768497470.4544024,38.397
1768497470.5570037,35.876
1768497470.6593988,38.617
1768497470.7632287,37.532
1768497470.8655488,50.83
1768497470.9678984,38.397
1768497471.0700922,37.236
1768497471.1759331,44.626
1768497471.2783341,34.1
1768497471.3806264,45.413
1768497471.4829483,36.151
1768497471.5853853,39.974
1768497471.6879592,41.109
1768497471.7903686,34.199
1768497471.892615,50.105
1768497471.995428,36.131
1768497472.1019967,42.315
1768497472.204528,39.284
1768497472.3071032,35.284
1768497472.4096684,46.495
1768497472.5121126,33.212
1768497472.6143606,44.777
1768497472.7165504,37.905
1768497472.8189774,37.236
1768497472.9214854,40.345
1768497473.0268617,34.791
1768497473.1292872,45.834
1768497473.2315207,32.836
1768497473.3341181,41.453
1768497473.4364076,38.671
1768497473.5387573,35.087
1768497473.6411688,45.511
1768497473.7435343,33.508
1768497473.8461802,47.647
1768497473.9520657,32.342
1768497474.0544238,41.822
1768497474.157053,37.018
1768497474.2594342,36.25
1768497474.3619173,43.937
1768497474.464255,32.638
1768497474.566766,44.259
1768497474.669163,37.236
1768497474.7761114,39.679
1768497474.8785353,37.532
1768497474.9809759,35.679
1768497475.0832736,32.441
1768497475.1857018,41.551
1768497475.287877,40.542
1768497475.3900552,35.087
1768497475.4925811,46.818
1768497475.59496,33.31
1768497475.7000923,49.446
1768497475.8027058,36.25
1768497475.90519,39.11
1768497476.007693,45.341
1768497476.1102169,34.297
1768497476.2124841,50.694
1768497476.3150043,33.014
1768497476.417974,41.034
1768497476.5239224,40.664
1768497476.6263604,34.692
1768497476.7304053,35.461
1768497476.8328183,38.2
1768497476.9351144,46.523
1768497477.0374458,33.212
1768497477.1397762,49.878
1768497477.242094,36.032
1768497477.3445513,37.729
1768497477.4502246,42.61
1768497477.5526555,34.001
1768497477.6552029,47.675
1768497477.7574825,32.638
1768497477.859823,40.641
1768497477.9622388,34.1
1768497478.0647452,45.637
1768497478.1672246,36.25
1768497478.2727401,39.679
1768497478.375325,40.838
1768497478.4776995,34.396
1768497478.5800219,44.554
1768497478.682356,33.606
1768497478.7847471,48.699
1768497478.8870344,35.658
1768497478.9895906,39.876
1768497479.0960681,38.2
1768497479.198418,35.087
1768497479.3007982,48.728
1768497479.4032135,35.185
1768497479.5055513,50.036
1768497479.6077547,34.771
1768497479.710042,38.716
1768497479.812319,46.495
1768497479.9144902,35.679
1768497480.016777,39.284
1768497480.122867,39.876
1768497480.2251458,33.409
1768497480.3273737,44.186
1768497480.4303823,41.157
1768497480.5327785,35.778
1768497480.6350784,51.29
1768497480.7375152,33.804
1768497480.839844,39.679
1768497480.9422715,46.129
1768497481.0457194,34.988
1768497481.1523018,51.91
1768497481.254664,36.94
1768497481.3570223,38.89
1768497481.4593563,44.259
1768497481.561785,35.284
1768497481.6642578,48.728
1768497481.7666416,34.199
1768497481.8689716,45.243
1768497481.9741929,32.737
1768497482.0765254,48.196
1768497482.178993,34.199
1768497482.281386,40.96
1768497482.3837855,35.58
1768497482.486338,43.668
1768497482.5887506,33.31
1768497482.6913247,49.938
1768497482.7939541,32.539
1768497482.9005327,45.341
1768497483.0031161,34.1
1768497483.1054862,46.2
1768497483.2081983,32.836
1768497483.3106885,41.059
1768497483.4132257,38.716
1768497483.5156658,35.757
1768497483.6181746,46.129
1768497483.7206473,33.231
1768497483.8260117,47.647
1768497483.9283853,41.724
1768497484.031762,38.025
1768497484.1339223,35.284
1768497484.2362547,45.565
1768497484.3385773,33.132
1768497484.4410255,47.479
1768497484.5433774,37.532
1768497484.6500785,41.034
1768497484.7524943,37.532
1768497484.854973,37.335
1768497484.957642,42.019
1768497485.0605001,34.001
1768497485.1628175,44.16
1768497485.2653744,32.836
1768497485.3678408,44.777
1768497485.474216,36.25
1768497485.576532,38.518
1768497485.679101,40.566
1768497485.7816014,33.804
1768497485.8839397,46.129
1768497485.986375,37.412
1768497486.0888443,36.842
1768497486.1912315,45.44
1768497486.29706,33.606
1768497486.3994045,47.675
1768497486.5018482,32.934
1768497486.6040874,42.709
1768497486.7066493,32.243
1768497486.8093348,41.231
1768497486.9117305,34.297
1768497487.0141642,46.2
1768497487.1164055,32.737
1768497487.221,43.398
1768497487.323415,37.981
1768497487.4257498,37.927
1768497487.5282104,41.946
1768497487.63064,35.383
1768497487.7331789,39.679
1768497487.835843,33.31
1768497487.9384294,46.326
1768497488.0411656,33.132
1768497488.1462855,33.033
1768497488.2502146,46.692
1768497488.3524804,36.546
1768497488.4547496,36.842
1768497488.556933,45.538
1768497488.6591537,33.31
1768497488.76151,43.274
1768497488.8637865,41.059
1768497488.9705653,34.593
1768497489.0729122,49.544
1768497489.1753552,37.927
1768497489.278096,37.138
1768497489.3804114,47.745
1768497489.4827838,38.223
1768497489.5852711,37.434
1768497489.6879108,47.085
1768497489.7933965,33.212
1768497489.8957014,38.003
1768497489.9980617,41.059
1768497490.1006389,36.074
1768497490.2030232,49.613
1768497490.3053942,40.885
1768497490.4076605,35.362
1768497490.5100772,46.916
1768497490.612471,43.227
1768497490.7176754,35.383
1768497490.8200266,45.779
1768497490.9223604,38.693
1768497491.024824,38.716
1768497491.127152,44.849
1768497491.2296433,35.679
1768497491.332032,53.25
1768497491.4344256,37.335
1768497491.536917,38.397
1768497491.6418304,48.167
1768497491.744177,34.1
1768497491.8465765,48.896
1768497491.9489763,34.968
1768497492.0516846,41.133
1768497492.15412,39.36
1768497492.2563844,35.284
1768497492.3586552,50.399
1768497492.4608579,37.806
1768497492.5668924,47.704
1768497492.6699219,33.902
1768497492.7720945,46.397
1768497492.8741963,37.806
1768497492.9765432,40.664
1768497493.0788474,44.233
1768497493.1810975,35.284
1768497493.283359,47.872
1768497493.3855152,35.778
1768497493.4905457,41.231
1768497493.592822,35.284
1768497493.6951766,51.646
1768497493.7976348,38.814
1768497493.8998208,37.335
1768497494.0025828,46.762
1768497494.1050973,34.001
1768497494.2074428,44.357
1768497494.3098032,39.679
1768497494.4158463,34.791
1768497494.5181332,48.462
1768497494.6204283,37.554
1768497494.7227678,37.631
1768497494.8251731,47.704
1768497494.9275823,33.409
1768497495.0299096,41.724
1768497495.1322045,39.012
1768497495.2346566,36.053
1768497495.339934,46.2
1768497495.442184,33.409
1768497495.5446303,39.679
1768497495.6469522,42.093
1768497495.74929,36.447
1768497495.8517146,46.987
1768497495.9540253,33.902
1768497496.0564382,42.192
1768497496.1632013,39.974
1768497496.265476,36.37
1768497496.367824,53.054
1768497496.470117,33.409
1768497496.5725422,41.921
1768497496.6747828,37.828
1768497496.7771873,47.409
1768497496.8795824,35.284
1768497496.9863436,39.436
1768497497.0885704,37.828
1768497497.1908278,47.38
1768497497.2931554,33.902
1768497497.395381,43.891
1768497497.4977074,38.496
1768497497.600071,35.284
1768497497.7023308,45.61
1768497497.804566,33.508
1768497497.910874,44.679
1768497498.0133288,39.307
1768497498.119861,34.889
1768497498.2221515,52.169
1768497498.324472,32.441
1768497498.426709,39.974
1768497498.5290246,40.073
1768497498.6349692,34.988
1768497498.737348,48.266
1768497498.8398218,33.231
1768497498.9424286,42.241
1768497499.0448625,42.585
1768497499.147191,34.495
1768497499.2495496,45.878
1768497499.351825,33.902
1768497499.4586542,46.326
1768497499.5610056,37.686
1768497499.6633613,37.631
1768497499.7657878,43.176
1768497499.8680806,34.593
1768497499.970443,46.621
1768497500.0730035,39.829
1768497500.1754324,35.087
1768497500.281666,47.675
1768497500.3840237,40.172
1768497500.4862561,34.988
1768497500.5884995,47.774
1768497500.6908052,38.299
1768497500.7930663,38.89
1768497500.8954194,44.456
1768497500.997863,34.593
1768497501.1003366,40.664
1768497501.2036383,34.692
1768497501.3081229,52.924
1768497501.410193,33.705
1768497501.5124283,46.79
1768497501.6144862,39.459
1768497501.7167099,37.039
1768497501.818951,46.172
1768497501.9210417,33.705
1768497502.0233128,39.951
1768497502.1261015,43.201
1768497502.2310433,34.001
1768497502.3371456,42.807
1768497502.4393804,44.429
1768497502.5418162,34.199
1768497502.6457865,45.637
1768497502.748084,39.307
1768497502.8550968,35.284
1768497502.9574807,49.741
1768497503.0599291,38.102
1768497503.1622372,37.138
1768497503.2645376,49.711
1768497503.3668685,33.804
1768497503.4691677,40.664
1768497503.5715194,44.724
1768497503.673774,34.889
1768497503.7791433,53.349
1768497503.881484,38.693
1768497503.9838388,37.609
1768497504.0860927,44.849
1768497504.1884391,35.185
1768497504.2909145,52.432
1768497504.3931565,33.705
1768497504.4954426,42.044
1768497504.5978026,39.951
1768497504.702826,37.039
1768497504.805201,48.827
1768497504.90764,41.822
1768497505.0098908,35.087
1768497505.112131,47.409
1768497505.2143211,39.284
1768497505.3167455,37.236
1768497505.4189818,47.212
1768497505.5213447,33.902
1768497505.6278095,43.963
1768497505.7300785,34.988
1768497505.8322477,49.711
1768497505.9344692,37.905
1768497506.0367703,39.284
1768497506.1391983,41.059
1768497506.2415001,35.658
1768497506.3444147,48.266
1768497506.446692,34.199
1768497506.5516992,45.861
1768497506.65418,36.94
1768497506.757161,48.491
1768497506.859554,33.705
1768497506.9619124,44.383
1768497507.0642405,41.157
1768497507.1667917,35.679
1768497507.2692318,51.646
1768497507.3754945,36.053
1768497507.4779255,40.664
1768497507.580349,41.551
1768497507.682784,34.791
1768497507.785156,47.085
1768497507.8874223,33.033
1768497507.9901958,41.133
1768497508.0926368,38.2
1768497508.1993465,37.039
1768497508.3020349,44.186
1768497508.4046524,32.934
1768497508.507114,42.143
1768497508.609778,39.284
1768497508.7121994,33.705
1768497508.8147402,46.621
1768497508.9171288,38.2
1768497509.0195863,36.053
1768497509.1241984,46.271
1768497509.226807,33.804
1768497509.3292723,39.087
1768497509.432106,46.538
1768497509.534401,33.606
1768497509.6370502,38.716
1768497509.7394314,42.093
1768497509.8421721,44.626
1768497509.9501004,40.641
1768497510.0522947,35.679
1768497510.1544967,52.727
1768497510.2570443,33.902
1768497510.3594213,47.774
1768497510.4619238,39.383
1768497510.564377,38.617
1768497510.6667402,38.2
1768497510.7748284,40.739
1768497510.8787212,41.133
1768497510.9811265,36.447
1768497511.0833724,38.617
1768497511.1857731,39.012
1768497511.288093,37.927
1768497511.3903732,38.989
1768497511.4960444,37.51
1768497511.5984137,36.447
1768497511.7009563,42.906
1768497511.8033047,34.593
1768497511.9057453,47.184
1768497512.0081499,38.003
1768497512.1104715,34.791
1768497512.21304,48.827
1768497512.3155372,34.396
1768497512.421851,39.974
1768497512.5243833,42.881
1768497512.6268697,34.396
1768497512.729555,48.994
1768497512.8327134,38.025
1768497512.9353492,38.025
1768497513.037731,43.668
1768497513.1400986,34.199
1768497513.2449956,46.719
1768497513.3474727,34.396
1768497513.449895,40.172
1768497513.5523267,35.56
1768497513.6546924,42.019
1768497513.7571454,35.185
1768497513.859384,45.44
1768497513.961699,45.511
1768497514.0648775,34.495
1768497514.1692476,46.03
1768497514.2715626,39.679
1768497514.3739216,34.495
1768497514.476352,46.397
1768497514.578765,40.294
1768497514.6810486,35.087
1768497514.7836046,39.307
1768497514.8861046,40.936
1768497514.9888926,39.731
1768497515.0941572,35.56
1768497515.1970701,50.694
1768497515.2995758,38.321
1768497515.4054885,38.223
1768497515.5080786,44.554
1768497515.6106913,35.954
1768497515.7129958,48.266
1768497515.818096,34.001
1768497515.9206612,42.388
1768497516.0231285,41.699
1768497516.125557,36.645
1768497516.22813,48.532
1768497516.3309164,33.705
1768497516.4332516,40.27
1768497516.5360668,34.1
1768497516.6412723,52.401
1768497516.7443159,34.001
1768497516.8469558,38.837
1768497516.949655,37.532
1768497517.052108,47.38
1768497517.1545029,34.199
1768497517.2572386,43.891
1768497517.3596747,39.012
1768497517.4659333,35.284
1768497517.5682397,47.409
1768497517.6708844,33.31
1768497517.7734776,51.481
1768497517.8758976,32.737
1768497517.9785118,50.43
1768497518.0809045,32.342
1768497518.1834817,36.94
1768497518.2861392,37.236
1768497518.3919485,43.865
1768497518.4945042,33.705
1768497518.597021,48.167
1768497518.6993585,34.396
1768497518.8023107,39.679
1768497518.9046202,42.241
1768497519.0069425,34.001
1768497519.1093845,50.233
1768497519.2117584,34.376
1768497519.3177261,39.284
1768497519.4200823,43.891
1768497519.523811,33.508
1768497519.6261163,43.668
1768497519.7284782,38.321
1768497519.8308477,36.349
1768497519.933429,47.015
1768497520.035921,33.113
1768497520.141695,40.861
1768497520.2440524,43.3
1768497520.346411,33.902
1768497520.4487617,42.906
1768497520.5511131,42.585
1768497520.6534166,34.396
1768497520.755681,43.963
1768497520.8580256,40.345
1768497520.9624665,34.988
1768497521.0649128,49.387
1768497521.167366,33.113
1768497521.2697017,38.89
1768497521.3722882,43.767
1768497521.4744868,33.705
1768497521.576941,43.497
1768497521.6793633,39.876
1768497521.7816186,34.396
1768497521.883897,46.888
1768497521.9896622,37.434
1768497522.0920188,36.546
1768497522.1944087,48.757
1768497522.2968686,33.409
1768497522.399226,41.847
1768497522.5014865,42.019
1768497522.6040359,49.613
1768497522.7062364,33.113
1768497522.8146322,43.57
1768497522.916939,38.617
1768497523.0199122,36.94
1768497523.1223876,45.976
1768497523.224783,34.297
1768497523.3272,47.577
1768497523.4294786,34.1
1768497523.5359225,47.282
1768497523.639148,33.606
1768497523.741499,44.58
1768497523.8439195,37.609
1768497523.9461417,35.778
1768497524.0485518,42.019
1768497524.1508586,33.804
1768497524.2530854,48.069
1768497524.355475,37.412
1768497524.4607668,36.053
1768497524.563038,47.31
1768497524.6653845,33.626
1768497524.767747,43.57
1768497524.8700483,40.345
1768497524.9723985,36.25
1768497525.0747776,45.861
1768497525.1772077,34.297
1768497525.2796338,51.579
1768497525.386577,34.495
1768497525.489056,39.974
1768497525.5915663,39.284
1768497525.6940527,36.074
1768497525.7963479,46.987
1768497525.898665,33.409
1768497526.0010216,43.3
1768497526.1033602,38.518
1768497526.2057903,36.94
1768497526.3112512,44.357
1768497526.4135487,32.934
1768497526.5159326,42.906
1768497526.6181056,41.354
1768497526.7205467,35.481
1768497526.8229346,32.144
1768497526.925393,38.792
1768497527.0281181,36.468
1768497527.1305635,46.102
1768497527.237684,33.705
1768497527.3400228,46.719
1768497527.4429264,39.133
1768497527.545344,35.58
1768497527.6476195,52.366
1768497527.7499743,32.934
1768497527.8525226,43.891
1768497527.955075,38.124
1768497528.0582247,37.236
1768497528.1640267,43.989
1768497528.2664688,33.508
1768497528.3689263,49.613
1768497528.4713442,32.243
1768497528.573603,40.27
1768497528.6758492,40.739
1768497528.778165,34.199
1768497528.880624,47.774
1768497528.9867811,32.441
1768497529.0894775,39.876
1768497529.191966,43.103
1768497529.29427,33.606
1768497529.3967648,44.751
1768497529.499153,41.034
1768497529.6014764,37.018
1768497529.7037485,36.842
1768497529.8062947,44.974
1768497529.913213,34.1
1768497530.0157049,45.368
1768497530.118314,41.65
1768497530.220632,34.791
1768497530.3229423,47.619
1768497530.4256296,40.247
1768497530.5279784,35.185
1768497530.6302743,52.106
1768497530.7356353,39.307
1768497530.8386607,36.666
1768497530.941282,49.81
1768497531.0435915,38.003
1768497531.1461327,49.151
1768497531.249331,34.593
1768497531.3516667,52.432
1768497531.4539704,38.223
1768497531.5588202,36.645
1768497531.6617575,51.972
1768497531.7643368,38.792
1768497531.8666131,37.434
1768497531.969024,53.481
1768497532.0713477,33.508
1768497532.1739132,46.495
1768497532.2768407,38.025
1768497532.3828344,37.806
1768497532.4852605,46.397
1768497532.5877285,33.527
1768497532.690102,41.724
1768497532.79232,42.487
1768497532.894947,34.593
1768497532.9973326,50.83
1768497533.099713,36.82
1768497533.2021177,38.321
1768497533.3080347,39.656
1768497533.4103317,34.889
1768497533.5127115,48.167
1768497533.6151214,38.671
1768497533.7173932,35.56
1768497533.8197803,49.318
1768497533.9221609,39.307
1768497534.0243719,38.2
1768497534.1304855,38.025
1768497534.23297,38.2
1768497534.3354428,45.216
1768497534.4377453,34.199
1768497534.5401607,45.735
1768497534.6425657,37.883
1768497534.7448852,37.729
1768497534.847306,46.593
1768497534.9496734,34.495
1768497535.0547445,46.621
1768497535.1573827,38.321
1768497535.259958,38.518
1768497535.3626416,34.692
1768497535.4658718,44.921
1768497535.5682638,32.836
1768497535.670538,39.777
1768497535.772883,41.946
1768497535.8790128,34.889
1768497535.981566,51.186
1768497536.0838823,37.434
1768497536.1864336,37.532
1768497536.2930498,42.044
1768497536.395366,34.297
1768497536.499062,45.806
1768497536.6050324,33.231
1768497536.707336,46.55
1768497536.809736,34.791
1768497536.9121974,45.538
1768497537.0145628,32.62
1768497537.1169603,37.631
1768497537.2193677,43.004
1768497537.321679,34.297
1768497537.4270992,50.006
1768497537.5297155,38.223
1768497537.632136,38.42
1768497537.7344775,42.315
1768497537.8369224,34.297
1768497537.939252,50.528
1768497538.041565,37.927
1768497538.144083,37.532
1768497538.2519147,44.948
1768497538.3542435,33.804
1768497538.456484,43.891
1768497538.558969,37.949
1768497538.661483,37.51
1768497538.763812,45.834
1768497538.8663025,33.033
1768497538.9688172,39.406
1768497539.0739026,41.946
1768497539.176399,34.297
1768497539.278933,49.544
1768497539.3811758,35.284
1768497539.4847572,50.135
1768497539.5870023,37.335
1768497539.689285,37.138
1768497539.7914152,46.298
1768497539.8981845,33.212
1768497540.0005584,48.364
1768497540.1035538,35.699
1768497540.206018,40.172
1768497540.3083549,38.89
1768497540.4122365,35.856
1768497540.5144768,45.959
1768497540.616701,32.934
1768497540.7230334,39.087
1768497540.8253787,40.739
1768497540.9277658,34.988
1768497541.0301807,49.416
1768497541.1325855,38.299
1768497541.23491,35.975
1768497541.337208,46.102
1768497541.439475,33.606
1768497541.5417998,41.798
1768497541.647064,40.838
1768497541.7495263,34.495
1768497541.851846,52.004
1768497541.9542868,37.532
1768497542.0567374,38.223
1768497542.1591284,43.201
1768497542.2615194,34.495
1768497542.3640163,49.711
1768497542.470208,34.692
1768497542.5727055,40.467
1768497542.6751955,39.383
1768497542.777505,36.074
1768497542.8798478,47.113
1768497542.9822087,35.284
1768497543.0847297,52.692
1768497543.1870468,33.902
1768497543.2893987,46.692
1768497543.3948667,34.692
1768497543.4973063,47.802
1768497543.5997214,49.122
1768497543.7036421,32.144
1768497543.805936,42.216
1768497543.9081554,36.447
1768497544.01048,45.467
1768497544.1127226,31.947
1768497544.218515,43.201
1768497544.3213534,38.397
1768497544.423786,36.645
1768497544.5291119,41.921
1768497544.6314673,33.508
1768497544.7338867,48.364
1768497544.8361766,36.743
1768497544.9405634,37.236
1768497545.0429337,44.58
1768497545.1452463,33.527
1768497545.247536,42.709
1768497545.350027,38.966
1768497545.4524233,35.481
1768497545.5550065,45.538
1768497545.6573503,33.902
1768497545.7597127,47.577
1768497545.8621898,36.074
1768497545.9674914,40.542
1768497546.0699372,38.617
1768497546.1723406,35.778
1768497546.274762,47.745
1768497546.3771694,37.434
1768497546.4795675,41.724
1768497546.581913,38.299
1768497546.6842222,38.321
1768497546.787981,32.836
1768497546.891916,40.542
1768497546.9944253,33.902
1768497547.0968208,45.413
1768497547.1991806,32.737
1768497547.3016238,44.751
1768497547.4040809,36.645
1768497547.5064807,37.828
1768497547.608792,40.148
1768497547.7111044,34.396
1768497547.815971,44.554
1768497547.9185097,33.329
1768497548.0209222,35.954
1768497548.1237888,37.236
1768497548.2260633,43.201
1768497548.3283765,34.1
1768497548.430732,50.203
1768497548.5329008,34.297
1768497548.6352835,41.822
1768497548.7422528,38.124
1768497548.8446696,36.074
1768497548.9476166,44.331
1768497549.0498676,33.902
1768497549.1522412,38.321
1768497549.25454,46.959
1768497549.3568778,33.724
1768497549.4591851,43.274
1768497549.564761,42.019
1768497549.667147,35.185
1768497549.7694714,48.335
1768497549.871941,37.039
1768497549.974265,42.241
1768497550.0767853,39.087
1768497550.1792817,37.138
1768497550.281629,44.626
1768497550.384007,33.902
1768497550.4901562,42.734
1768497550.5928128,41.428
1768497550.6953392,34.495
1768497550.797615,47.52
1768497550.9000251,37.138
1768497551.0024414,37.729
1768497551.1049674,42.216
1768497551.2073402,34.199
1768497551.312879,49.574
1768497551.4159234,32.441
1768497551.518263,40.467
1768497551.6206803,41.428
1768497551.723003,34.593
1768497551.825323,48.659
1768497551.9276712,32.638
1768497552.0301507,40.27
1768497552.1325724,40.59
1768497552.238734,34.791
1768497552.3413875,33.132
1768497552.4435642,41.354
1768497552.545881,44.804
1768497552.6483116,34.297
1768497552.750547,47.282
1768497552.852823,36.94
1768497552.9550445,37.335
1768497553.0612087,46.326
1768497553.16351,33.804
1768497553.2659016,46.692
1768497553.3705316,37.532
1768497553.4727833,38.716
1768497553.5751052,45.905
1768497553.6774206,34.001
1768497553.7797818,43.3
1768497553.8854132,38.277
1768497553.987769,36.053
1768497554.0901465,46.664
1768497554.1924663,38.814
1768497554.294862,36.645
1768497554.3971417,48.069
1768497554.499382,33.606
1768497554.601641,41.625
1768497554.7040837,41.428
1768497554.8102055,35.185
1768497554.9124749,45.583
1768497555.014784,34.297
1768497555.1171122,47.507
1768497555.2194672,37.587
1768497555.3217795,38.102
1768497555.4243646,46.888
1768497555.5267043,34.001
1768497555.6290386,42.315
1768497555.73507,40.491
1768497555.8375478,35.856
1768497555.9401133,46.79
1768497556.0426939,33.606
1768497556.1451023,43.398
1768497556.247414,38.397
1768497556.3497748,35.975
1768497556.4521523,48.787
1768497556.5545537,36.447
1768497556.6599493,37.806
1768497556.7625332,48.954
1768497556.8647337,37.313
1768497556.9669793,38.89
1768497557.0693414,43.347
1768497557.1716487,34.593
1768497557.2739904,46.593
1768497557.3763876,38.277
1768497557.478783,36.25
1768497557.5842495,50.498
1768497557.6866992,33.113
1768497557.7889154,39.284
1768497557.8912332,41.896
1768497557.9943464,35.284
1768497558.0966551,50.891
1768497558.1991858,38.223
1768497558.3015704,38.124
1768497558.4038243,45.44
1768497558.5084941,33.231
1768497558.611057,42.019
1768497558.7136257,41.601
1768497558.8159723,34.199
1768497558.9182663,49.544
1768497559.0205524,36.546
1768497559.1229045,38.397
1768497559.2252162,46.692
1768497559.3275537,34.001
1768497559.4339359,44.724
1768497559.5362558,38.496
1768497559.638547,36.25
1768497559.7409055,48.63
1768497559.8432126,33.705
1768497559.9456968,50.725
1768497560.0480232,39.951
1768497560.1503327,36.645
1768497560.252593,49.053
1768497560.3573713,34.1
1768497560.4595668,44.357
1768497560.5619156,39.383
1768497560.6642225,35.58
1768497560.7665427,52.106
1768497560.8689349,38.321
1768497560.9711576,41.157
1768497561.0733154,48.462
1768497561.175419,34.297
1768497561.277574,41.748
1768497561.3805122,46.369
1768497561.48276,43.078
1768497561.5857766,44.554
1768497561.6880107,34.988
1768497561.7902644,45.637
1768497561.892388,41.157
1768497561.994568,35.481
1768497562.0968664,50.596
1768497562.1991875,39.557
1768497562.301559,37.51
1768497562.4071472,49.092
1768497562.5096204,34.001
1768497562.6131146,40.467
1768497562.7154167,46.916
1768497562.817769,34.495
1768497562.9201667,43.471
1768497563.0225406,44.331
1768497563.124886,35.284
1768497563.2307658,44.849
1768497563.3329968,42.29
1768497563.435262,35.679
1768497563.537839,44.259
1768497563.6402495,41.601
1768497563.7426503,35.56
1768497563.8451295,48.532
1768497563.947416,34.001
1768497564.049639,39.284
1768497564.155437,41.946
1768497564.2577195,35.778
1768497564.3600354,47.549
1768497564.46234,33.804
1768497564.564759,48.069
1768497564.6672766,32.836
1768497564.7697191,43.201
1768497564.872189,38.474
1768497564.974568,36.468
1768497565.0806785,45.216
1768497565.1830134,33.527
1768497565.285606,39.087
1768497565.3880136,43.57
1768497565.4903781,34.396
1768497565.5929475,44.16
1768497565.695334,39.163
1768497565.7976348,35.876
1768497565.8999434,45.046
1768497566.0058436,36.447
1768497566.1085284,46.79
1768497566.210784,34.593
1768497566.3133533,48.294
1768497566.4158168,33.902
1768497566.5180562,39.284
1768497566.6204786,45.243
1768497566.722652,41.133
1768497566.8248086,41.453
1768497566.931338,35.658
1768497567.0335531,46.227
1768497567.1359227,38.025
1768497567.238304,37.335
1768497567.340662,47.437
1768497567.443146,33.902
1768497567.545515,46.03
1768497567.647907,32.539
1768497567.7539344,44.876
1768497567.856194,38.2
1768497567.9585488,36.645
1768497568.0610533,44.6
1768497568.1635122,33.902
1768497568.2659614,42.438
1768497568.368331,41.33
1768497568.4707205,34.396
1768497568.5731862,49.938
1768497568.6798682,37.927
1768497568.7822466,38.223
1768497568.8847244,47.352
1768497568.9872274,34.396
1768497569.0895026,46.326
1768497569.1918612,38.814
1768497569.2943616,37.236
1768497569.3967283,47.479
1768497569.5022254,34.396
1768497569.604665,43.201
1768497569.7071493,39.186
1768497569.8094718,35.856
1768497569.911782,52.236
1768497570.0141594,34.376
1768497570.1165438,39.679
1768497570.219023,43.497
1768497570.3213935,34.199
1768497570.4264286,42.34
1768497570.5294323,34.889
1768497570.6324408,46.523
1768497570.7346785,38.595
1768497570.8372772,36.349
1768497570.9396622,47.38
1768497571.0421894,33.804
1768497571.1443262,39.459
1768497571.2486806,44.16
1768497571.3542962,34.495
1768497571.456755,42.413
1768497571.5590794,39.974
1768497571.661557,35.975
1768497571.7638283,51.186
1768497571.8664303,38.496
1768497571.968908,40.467
1768497572.0711753,40.294
1768497572.177711,37.729
1768497572.280223,41.33
1768497572.3826318,36.447
1768497572.4849706,50.891
1768497572.5872912,39.186
1768497572.6896966,37.532
1768497572.7921574,47.675
1768497572.8946216,34.001
1768497572.9970455,48.266
1768497573.1037962,35.56
1768497573.206258,42.019
1768497573.3086126,39.012
1768497573.410914,37.236
1768497573.5134857,43.373
1768497573.6161442,34.1
1768497573.718512,47.479
1768497573.8208804,32.836
1768497573.9231093,40.27
1768497574.0298266,38.518
1768497574.1322365,35.954
1768497574.234684,45.565
1768497574.3371246,33.508
1768497574.4396057,42.585
1768497574.5420249,38.738
1768497574.6446908,35.658
1768497574.747135,33.033
1768497574.8542159,47.535
1768497574.9564836,33.606
1768497575.0589144,46.03
1768497575.161134,37.138
1768497575.2638004,36.94
1768497575.3661427,46.719
1768497575.4717517,34.1
1768497575.5804398,44.062
1768497575.6827755,39.58
1768497575.7854922,36.447
1768497575.8878148,53.284
1768497575.9904232,35.58
1768497576.0927186,39.209
1768497576.1953118,47.999
1768497576.2976928,34.1
1768497576.4028122,39.974
1768497576.5051734,38.716
1768497576.6076245,37.335
1768497576.710014,36.328
1768497576.8122683,44.233
1768497576.9151797,33.409
1768497577.0174403,43.694
1768497577.1198337,39.383
1768497577.2260077,36.743
1768497577.3283627,50.203
1768497577.4307518,34.593
1768497577.5330956,43.004
1768497577.6354198,43.694
1768497577.7377794,36.271
1768497577.8401725,48.138
1768497577.942518,34.001
1768497578.0448952,44.186
1768497578.1504235,39.876
1768497578.2527087,36.468
1768497578.3551064,47.647
1768497578.4574697,37.039
1768497578.559839,38.223
1768497578.662104,47.184
1768497578.764429,38.716
1768497578.8667407,36.349
1768497578.969126,33.508
1768497579.0762067,41.822
1768497579.1785476,40.073
1768497579.2807672,35.087
1768497579.3831143,51.253
1768497579.4853067,38.223
1768497579.5878034,41.231
1768497579.6913803,42.143
1768497579.793652,35.481
1768497579.8990037,47.999
1768497580.001327,34.001
1768497580.1036925,45.61
1768497580.2062178,40.566
1768497580.3085299,35.658
1768497580.410821,50.793
1768497580.5131786,38.496
1768497580.615571,36.447
1768497580.7178364,48.364
1768497580.8230114,33.409
1768497580.925274,40.664
1768497581.0276177,39.482
1768497581.1298637,35.185
1768497581.2321124,48.63
1768497581.3344097,33.31
1768497581.4367666,44.062
1768497581.5392199,37.85
1768497581.641494,35.954
1768497581.7487512,45.216
1768497581.8512123,32.934
1768497581.9535913,41.428
1768497582.0558589,41.33
1768497582.1581247,34.495
1768497582.2606926,50.468
1768497582.3629885,35.461
1768497582.4653113,40.27
1768497582.5714202,43.767
1768497582.673689,34.889
1768497582.7759705,47.352
1768497582.8782794,40.739
1768497582.9805682,34.869
1768497583.0833724,47.057
1768497583.1857607,34.1
1768497583.2881334,39.36
1768497583.39069,38.518
1768497583.4967394,39.731
1768497583.599134,37.138
1768497583.7020602,43.471
1768497583.8044693,34.988
1768497583.9071667,49.976
1768497584.0095525,38.397
1768497584.1119378,38.496
1768497584.2142413,48.167
1768497584.3198876,33.902
1768497584.4221907,40.073
1768497584.5244787,47.97
1768497584.627078,33.804
1768497584.729483,41.157
1768497584.8318667,45.341
1768497584.9341102,34.1
1768497585.0363326,44.823
1768497585.1386993,40.838
1768497585.2434373,35.975
1768497585.345799,51.677
1768497585.4481323,38.003
1768497585.5503495,38.124
1768497585.6526713,47.844
1768497585.7550018,33.804
1768497585.8572927,39.58
1768497585.959663,48.167
1768497586.0620687,33.902
1768497586.1672304,41.946
1768497586.2697346,47.577
1768497586.3720105,34.001
1768497586.4742706,45.834
1768497586.5765946,45.467
1768497586.6788573,34.988
1768497586.7818947,37.927
1768497586.8842468,38.617
1768497586.9865608,48.757
1768497587.092137,33.902
1768497587.194387,39.777
1768497587.296777,48.167
1768497587.3990993,33.902
1768497587.501359,54.594
1768497587.60369,34.1
1768497587.706318,47.184
1768497587.8093438,35.461
1768497587.916273,38.693
1768497588.0188715,45.243
1768497588.125667,34.593
1768497588.2279015,46.03
1768497588.3302948,41.872
1768497588.4328744,34.593
1768497588.5350976,43.03
1768497588.6396213,43.078
1768497588.7419996,34.495
1768497588.8443527,41.034
1768497588.9466753,44.823
1768497589.0490146,34.396
1768497589.1513147,42.61
1768497589.2535686,45.708
1768497589.3557591,34.495
1768497589.4580877,42.881
1768497589.5647862,47.97
1768497589.6671505,34.297
1768497589.7695086,43.103
1768497589.8718657,42.315
1768497589.9741378,35.383
1768497590.0764055,46.03
1768497590.1786857,41.33
1768497590.2811375,35.757
1768497590.3833504,46.523
1768497590.4881947,43.201
1768497590.5905988,35.58
1768497590.6929464,46.424
1768497590.7951748,40.467
1768497590.8975852,36.546
1768497591.0000386,52.169
1768497591.1028323,34.1
1768497591.2052357,40.566
1768497591.3076859,39.482
1768497591.4121735,35.856
1768497591.5146606,48.63
1768497591.617,35.087
1768497591.7192588,37.927
1768497591.8216686,44.823
1768497591.923939,38.08
1768497592.026324,49.968
1768497592.1287909,37.138
1768497592.2308576,38.025
1768497592.337821,45.145
1768497592.4401646,33.033
1768497592.5459795,43.373
1768497592.648949,40.838
1768497592.751249,34.199
1768497592.8536274,46.495
1768497592.9559345,38.716
1768497593.0615556,35.284
1768497593.1639268,47.409
1768497593.2662258,32.836
1768497593.3685408,38.2
1768497593.4708998,46.003
1768497593.5732467,33.527
1768497593.6755333,40.172
1768497593.7779386,43.497
1768497593.8804858,34.692
1768497593.9857736,46.326
1768497594.0881798,39.702
1768497594.1906624,37.138
1768497594.2929347,41.724
1768497594.3952384,36.151
1768497594.497487,43.03
1768497594.59989,35.362
1768497594.7022398,43.523
1768497594.8044815,35.461
1768497594.9100418,41.601
1768497595.012641,34.988
1768497595.1149685,51.284
1768497595.217231,38.814
1768497595.3194191,36.074
1768497595.4218626,48.728
1768497595.5242357,37.335
1768497595.626664,35.876
1768497595.7290227,46.888
1768497595.8347511,38.321
1768497595.9370937,35.56
1768497596.0394638,48.699
1768497596.1418033,32.836
1768497596.2441247,41.256
1768497596.3466074,33.902
1768497596.449245,48.827
1768497596.5516138,33.329
1768497596.6574876,51.284
1768497596.7598917,37.236
1768497596.862632,46.424
1768497596.9650557,34.297
1768497597.067517,48.069
1768497597.1698592,33.508
1768497597.272201,38.496
1768497597.3744404,44.948
1768497597.4771252,34.396
1768497597.5829084,50.075
1768497597.685298,33.31
1768497597.7877102,48.925
1768497597.8901381,33.014
1768497597.9925034,40.838
1768497598.094812,41.527
1768497598.19729,34.889
1768497598.2997804,50.694
1768497598.4021492,33.033
1768497598.507526,42.807
1768497598.6100245,39.777
1768497598.7125304,34.297
1768497598.8149016,46.102
1768497598.9172378,37.631
1768497599.0196192,36.447
1768497599.1221268,45.61
1768497599.2244227,33.527
1768497599.3305523,43.325
1768497599.4329684,42.807
1768497599.535515,33.231
1768497599.6378694,38.223
1768497599.7402134,44.652
1768497599.842495,33.31
1768497599.9450278,39.406
1768497600.0474343,45.046
1768497600.1498966,34.297
1768497600.2561276,43.963
1768497600.3585138,39.801
1768497600.4610178,35.679
1768497600.5633914,53.677
1768497600.6659052,37.532
1768497600.7690268,47.774
1768497600.8713872,33.409
1768497600.973725,42.906
1768497601.079445,39.679
1768497601.1819546,37.138
1768497601.284435,48.237
1768497601.3867934,34.1
1768497601.4909856,45.806
1768497601.5940924,37.018
1768497601.6963778,36.25
1768497601.7987711,49.348
1768497601.904364,34.001
1768497602.0068734,39.482
1768497602.1092575,43.004
1768497602.2116835,33.804
1768497602.3142338,44.528
1768497602.416879,34.692
1768497602.5195289,44.948
1768497602.6220129,34.593
1768497602.728275,46.523
1768497602.8305123,33.231
1768497602.932871,43.176
1768497603.0352294,46.523
1768497603.13748,33.902
1768497603.2398806,49.446
1768497603.3423123,37.159
1768497603.4446547,39.284
1768497603.5469873,37.828
1768497603.6524444,37.532
1768497603.754913,47.212
1768497603.8572671,33.606
1768497603.9596212,42.118
1768497604.0619898,37.609
1768497604.1644256,36.546
1768497604.2668667,45.046
1768497604.3692114,33.231
1768497604.4715407,49.289
1768497604.578259,32.934
1768497604.6806493,43.497
1768497604.7830164,36.94
1768497604.8854733,42.709
1768497604.9900527,35.658
1768497605.092381,45.44
1768497605.1949754,33.231
1768497605.297481,45.019
1768497605.4033298,33.329
1768497605.5058951,50.036
1768497605.6129978,32.144
1768497605.7153583,45.046
1768497605.8177793,36.271
1768497605.9203234,36.842
1768497606.026093,41.256
1768497606.1285305,34.396
1768497606.2312346,44.285
1768497606.333565,32.836
1768497606.436076,47.113
1768497606.5383847,37.357
1768497606.6408932,37.927
1768497606.7434149,31.552
1768497606.8460426,44.724
1768497606.9511113,31.651
1768497607.0535429,43.792
1768497607.1559722,36.645
1768497607.2584267,36.271
1768497607.36104,43.471
1768497607.4634693,32.836
1768497607.5660968,46.692
1768497607.6686232,36.919
1768497607.7747285,37.631
1768497607.8770914,43.865
1768497607.9795134,34.396
1768497608.0819216,48.364
1768497608.184442,33.132
1768497608.2870188,39.58
1768497608.3894804,42.709
1768497608.4920735,34.593
1768497608.5949697,51.057
1768497608.6992362,34.692
1768497608.8016129,39.383
1768497608.903871,43.891
1768497609.0064423,47.38
1768497609.1092293,33.508
1768497609.2116678,43.595
1768497609.3139749,38.693
1768497609.4167807,35.876
1768497609.5228171,46.593
1768497609.6253712,33.902
1768497609.7292027,45.806
1768497609.831511,38.397
1768497609.9341683,42.931
1768497610.0367181,33.231
1768497610.1392045,46.916
1768497610.2418296,32.144
1768497610.3479984,45.046
1768497610.4503198,37.927
1768497610.5526345,37.236
1768497610.6549678,45.171
1768497610.7573764,32.737
1768497610.8599856,38.595
1768497610.9623258,42.906
1768497611.0646954,35.461
1768497611.1670308,43.865
1768497611.2723331,34.1
1768497611.37477,49.023
1768497611.4771163,36.919
1768497611.5796106,37.434
1768497611.6819725,44.429
1768497611.7842677,33.705
1768497611.8865488,42.143
1768497611.9888225,39.679
1768497612.0911746,37.554
1768497612.19671,44.823
1768497612.299069,33.804
1768497612.4014297,42.019
1768497612.5038729,42.512
1768497612.6061528,34.692
1768497612.7086093,50.075
1768497612.8109624,33.329
1768497612.913428,41.354
1768497613.0158107,40.345
1768497613.1210868,35.481
1768497613.2235172,46.692
1768497613.3258379,40.861
1768497613.4294214,40.59
1768497613.531695,35.087
1768497613.6341476,47.282
1768497613.73636,33.033
1768497613.8386052,38.989
1768497613.9461322,45.905
1768497614.048482,34.396
1768497614.1507428,46.692
1768497614.2530665,37.631
1768497614.355252,37.729
1768497614.4575064,46.227
1768497614.5597997,34.988
1768497614.6620424,51.708
1768497614.764349,33.409
1768497614.8705282,41.453
1768497614.9728487,37.708
1768497615.075292,44.259
1768497615.1777477,35.441
1768497615.2801926,41.748
1768497615.3825145,39.702
1768497615.484898,36.447
1768497615.587184,51.352
1768497615.6894796,38.025
1768497615.7919095,37.828
1768497615.8969946,46.959
1768497615.9993117,33.508
1768497616.101738,42.019
1768497616.204109,44.751
1768497616.306443,34.396
1768497616.40881,43.767
1768497616.5110948,38.595
1768497616.613353,36.053
1768497616.7158873,46.424
1768497616.8182652,39.209
1768497616.9240081,43.497
1768497617.0263402,33.902
1768497617.1285894,47.872
1768497617.2309499,37.751
1768497617.33347,36.546
1768497617.4357147,45.637
1768497617.5381496,33.428
1768497617.640566,41.748
1768497617.7429268,42.709
1768497617.8495104,36.271
1768497617.9518216,38.814
1768497618.0561461,38.89
1768497618.1582668,48.954
1768497618.2612462,33.705
1768497618.3634415,40.641
1768497618.4661005,43.497
1768497618.5687792,35.679
1768497618.6735272,48.561
1768497618.776034,33.606
1768497618.878385,43.398
1768497618.980755,43.668
1768497619.08311,35.876
1768497619.185447,49.711
1768497619.2877996,39.459
1768497619.3901932,34.988
1768497619.492521,49.053
1768497619.5979738,37.729
1768497619.7003343,37.236
1768497619.8027098,48.167
1768497619.9049768,33.508
1768497620.0073695,42.118
1768497620.1096497,40.641
1768497620.2120433,35.975
1768497620.3144813,53.447
1768497620.41696,39.209
1768497620.5228136,37.138
1768497620.625194,51.419
1768497620.72755,37.828
1768497620.8299901,37.905
1768497620.9323504,52.138
1768497621.0346115,38.496
1768497621.1368504,38.025
1768497621.2391589,49.249
1768497621.3414958,33.606
1768497621.445618,38.716
1768497621.5480993,39.065
1768497621.6504762,37.729
1768497621.7529652,40.739
1768497621.8552568,36.842
1768497621.9576402,47.577
1768497622.059827,35.757
1768497622.1620555,39.951
1768497622.2643046,46.959
1768497622.3666148,33.902
1768497622.4717555,39.11
1768497622.5741184,39.087
1768497622.6769462,36.053
1768497622.7791872,50.762
1768497622.8818529,40.172
1768497622.9842288,37.039
1768497623.0888448,46.79
1768497623.1910965,33.902
1768497623.296688,40.05
1768497623.399143,45.145
1768497623.5015032,34.1
1768497623.6038618,41.33
1768497623.7062135,47.45
1768497623.8085182,33.606
1768497623.9107072,38.518
1768497624.0129619,42.684
1768497624.115323,36.743
1768497624.2203727,44.062
1768497624.322957,33.705
1768497624.4252489,44.58
1768497624.5276067,40.739
1768497624.6298091,34.396
1768497624.7322552,48.532
1768497624.8344734,33.033
1768497624.937291,39.58
1768497625.039713,41.724
1768497625.1459086,34.988
1768497625.248128,51.057
1768497625.3503468,37.828
1768497625.4525533,36.25
1768497625.5547907,44.357
1768497625.657207,34.1
1768497625.7594807,49.092
1768497625.8618133,32.638
1768497625.9641323,40.739
1768497626.0706713,39.899
1768497626.173139,36.447
1768497626.275555,43.398
1768497626.3778002,33.606
1768497626.480198,45.932
1768497626.582602,34.672
1768497626.6852221,37.927
1768497626.7876256,31.651
1768497626.8952727,32.539
1768497626.997476,40.073
1768497627.0999012,37.335
1768497627.2020776,34.988
1768497627.3043497,48.925
1768497627.406885,38.42
1768497627.5092783,35.679
1768497627.611654,45.538
1768497627.7140105,32.243
1768497627.819412,46.003
1768497627.921833,37.159
1768497628.024281,38.124
1768497628.126743,40.861
1768497628.2291164,33.804
1768497628.3315496,49.643
1768497628.433879,38.496
1768497628.5363152,37.236
1768497628.6386695,45.145
1768497628.7438512,34.1
1768497628.8462026,47.352
1768497628.9485443,33.231
1768497629.0509074,39.876
1768497629.153251,38.496
1768497629.2555537,36.546
1768497629.3579235,46.523
1768497629.4602447,33.804
1768497629.5626616,45.019
1768497629.669137,38.025
1768497629.771467,37.335
1768497629.8740687,47.015
1768497629.9763858,34.889
1768497630.0786436,37.729
1768497630.1810143,46.987
1768497630.2835894,34.396
1768497630.3861215,44.921
1768497630.4928384,39.406
1768497630.5954432,36.842
1768497630.6978354,47.479
1768497630.800347,34.396
1768497630.9028509,45.145
1768497631.0052013,38.245
1768497631.1077566,37.335
1768497631.210168,47.605
1768497631.316625,42.512
1768497631.4189565,44.724
1768497631.5218873,34.692
1768497631.6241944,43.891
1768497631.7268267,40.172
1768497631.8292186,35.185
1768497631.9314985,47.605
1768497632.0337896,38.595
1768497632.136037,39.482
1768497632.2408254,45.44
1768497632.343115,34.396
1768497632.4455004,43.103
1768497632.5479217,40.27
1768497632.6501915,34.692
1768497632.7525423,45.145
1768497632.854859,34.001
1768497632.9573023,44.849
1768497633.0597599,38.003
1768497633.162114,39.087
1768497633.2670705,41.625
1768497633.369501,34.199
1768497633.4718356,48.069
1768497633.5742285,32.836
1768497633.6765144,40.172
1768497633.7788837,40.763
1768497633.8810947,33.804
1768497633.9834712,43.497
1768497634.0859656,38.693
1768497634.192153,36.349
1768497634.2950327,44.16
1768497634.3974686,33.508
1768497634.4998627,46.227
1768497634.6021585,32.342
1768497634.7044713,40.542
1768497634.8067598,38.595
1768497634.9091754,34.988
1768497635.0117166,35.856
1768497635.1171088,41.921
1768497635.2194798,35.856
1768497635.3219125,39.11
1768497635.4242177,39.974
1768497635.526507,34.593
1768497635.6289868,44.088
1768497635.7312577,33.212
1768497635.833773,47.872
1768497635.936176,36.962
1768497636.0426757,41.946
1768497636.1487994,34.396
1768497636.251034,49.22
1768497636.353125,32.934
1768497636.4569776,47.113
1768497636.559245,33.508
1768497636.6616256,44.554
1768497636.7670527,41.724
1768497636.8694942,38.518
1768497636.971922,35.757
1768497637.0744152,45.44
1768497637.176734,34.001
1768497637.27917,46.495
1768497637.3815784,36.842
1768497637.483901,38.595
1768497637.5903027,40.467
1768497637.6927435,34.791
1768497637.795133,45.806
1768497637.8974102,33.132
1768497637.9996681,42.315
1768497638.1021407,36.172
1768497638.2045908,37.828
1768497638.3068786,42.61
1768497638.4093456,33.409
1768497638.5160062,43.201
1768497638.6182735,38.913
1768497638.720724,34.988
1768497638.8232484,50.468
1768497638.925695,36.863
1768497639.0279593,37.828
1768497639.1303923,40.838
1768497639.2329106,34.001
1768497639.3389566,41.133
1768497639.441327,39.482
1768497639.5438712,34.692
1768497639.6461737,50.528
1768497639.748681,38.375
1768497639.8511891,36.842
1768497639.9535677,49.289
1768497640.0559561,33.508
1768497640.1589973,39.459
1768497640.2646217,34.593
1768497640.3674212,43.767
1768497640.469826,39.777
1768497640.5722408,36.546
1768497640.6762261,45.779
1768497640.7785459,34.593
1768497640.881098,44.134
1768497640.983475,39.163
1768497641.089805,38.42
1768497641.1922915,41.157
1768497641.2948706,35.954
1768497641.39716,51.45
1768497641.4994936,38.693
1768497641.60192,37.729
1768497641.704489,48.63
1768497641.807265,33.508
1768497641.913666,40.369
1768497642.0160692,44.062
1768497642.118571,34.001
1768497642.2209003,48.433
1768497642.3231485,39.777
1768497642.4256978,35.757
1768497642.5282614,48.069
1768497642.6305482,33.508
1768497642.73321,39.58
1768497642.8397677,38.913
1768497642.9422877,36.567
1768497643.0449843,46.227
1768497643.1476376,33.705
1768497643.2503316,48.167
1768497643.3527322,38.496
1768497643.4551709,37.039
1768497643.5576768,40.148
1768497643.664048,35.481
1768497643.7664745,42.807
1768497643.8689137,35.284
1768497643.971173,51.383
1768497644.0736349,38.124
1768497644.1761887,37.236
1768497644.2785542,47.535
1768497644.381197,42.315
1768497644.489114,38.89
1768497644.5916352,35.087
1768497644.6939163,51.61
1768497644.8025634,37.434
1768497644.904823,39.209
1768497645.011068,47.057
1768497645.1133378,33.902
1768497645.215654,48.393
1768497645.318149,39.731
1768497645.420434,35.185
1768497645.5229518,51.677
1768497645.6253066,33.212
1768497645.7276406,48.491
1768497645.8300781,37.927
1768497645.9362109,37.631
1768497646.038516,51.383
1768497646.140968,33.329
1768497646.2433205,42.019
1768497646.3456268,38.868
1768497646.4480193,36.645
1768497646.550287,46.129
1768497646.6525855,33.428
1768497646.7550557,31.947
1768497646.8608937,48.335
1768497646.963233,36.962
1768497647.0655036,37.434
1768497647.168042,38.518
1768497647.2705233,35.087
1768497647.3729951,44.58
1768497647.4754684,32.934
1768497647.5778573,44.456
1768497647.6802888,38.693
1768497647.7861452,36.151
1768497647.8886209,44.528
1768497647.9910667,32.836
1768497648.093698,39.58
1768497648.1961296,37.313
1768497648.2986155,36.074
1768497648.4009447,45.834
1768497648.503357,42.315
1768497648.6111567,39.505
1768497648.7135022,36.349
1768497648.8159242,49.741
1768497648.919394,33.329
1768497649.021606,40.444
1768497649.124092,38.496
1768497649.2266648,37.138
1768497649.332779,46.692
1768497649.4352877,34.001
1768497649.5378761,45.243
1768497649.6406348,37.51
1768497649.742927,38.321
1768497649.8451428,45.118
1768497649.9476569,34.199
1768497650.0499756,44.948
1768497650.1522207,38.989
1768497650.2585146,36.151
1768497650.3609104,46.326
1768497650.4632142,35.856
1768497650.5657709,38.716
1768497650.6681905,46.621
1768497650.7705352,33.508
1768497650.8729923,42.979
1768497650.975493,40.566
1768497651.081538,35.383
1768497651.1839008,44.948
1768497651.2862108,35.067
1768497651.3885927,38.989
1768497651.490944,38.738
1768497651.5933008,36.863
1768497651.6956062,45.932
1768497651.7982607,33.705
1768497651.900734,40.542
1768497652.0056517,43.595
1768497652.1081345,34.199
1768497652.2104292,51.972
1768497652.312939,42.29
1768497652.4158714,34.495
1768497652.5182388,45.44
1768497652.620477,40.073
1768497652.7227335,45.118
1768497652.829914,40.392
1768497652.9322593,35.087
1768497653.0345554,47.38
1768497653.1386087,39.482
1768497653.2407956,36.25
1768497653.3430252,53.054
1768497653.4452825,38.102
1768497653.5475562,37.138
1768497653.6498632,49.878
1768497653.756421,38.913
1768497653.8588822,37.434
1768497653.961113,54.659
1768497654.0634902,33.804
1768497654.1658742,42.537
1768497654.268081,49.249
1768497654.370308,34.495
1768497654.4725978,39.974
1768497654.5751004,49.348
1768497654.6799798,34.396
1768497654.782472,41.551
1768497654.8848784,47.057
1768497654.987236,35.185
1768497655.0898225,48.601
1768497655.1921864,33.705
1768497655.2944903,41.625
1768497655.3968399,43.227
1768497655.499137,35.58
1768497655.6036792,53.25
1768497655.7060757,38.913
1768497655.8083732,38.102
1768497655.9107647,48.532
1768497656.0129852,33.527
1768497656.1152432,38.989
1768497656.2174997,38.814
1768497656.3199008,36.94
1768497656.4221654,39.482
1768497656.524519,36.645
1768497656.6298778,46.003
1768497656.7322674,33.31
1768497656.8345304,40.739
1768497656.9368315,33.804
1768497657.039658,42.438
1768497657.1419938,44.482
1768497657.2442687,34.988
1768497657.3465073,38.639
1768497657.449478,37.236
1768497657.5561645,45.976
1768497657.660025,33.804
1768497657.7623596,46.692
1768497657.8645663,34.1
1768497657.966794,45.27
1768497658.0691373,41.601
1768497658.171484,34.495
1768497658.2736993,41.724
1768497658.3795328,45.341
1768497658.4819658,33.804
1768497658.5843658,44.948
1768497658.6866844,40.491
1768497658.788962,35.284
1768497658.891165,48.688
1768497658.9934223,36.94
1768497659.0958874,37.532
1768497659.1983345,45.413
1768497659.304343,33.31
1768497659.4067113,37.828
1768497659.509124,48.659
1768497659.6115282,38.321
1768497659.7139301,36.94
1768497659.8162882,47.774
1768497659.9188206,33.409
1768497660.0212212,39.186
1768497660.1235838,46.987
1768497660.2298207,34.001
1768497660.3321095,42.709
1768497660.4344416,48.11
1768497660.5368488,33.705
1768497660.639402,39.383
1768497660.7417784,48.167
1768497660.8441925,34.1
1768497660.9466195,40.664
1768497661.048968,47.184
1768497661.1546738,35.264
1768497661.2571144,39.087
1768497661.3595285,45.341
1768497661.4619277,34.495
1768497661.5642695,43.523
1768497661.6692848,34.297
1768497661.7717235,47.675
1768497661.8789537,38.025
1768497661.981421,36.271
1768497662.0838852,46.987
1768497662.186198,38.321
1768497662.288609,37.434
1768497662.3909855,50.86
1768497662.4932854,37.828
1768497662.5956635,37.335
1768497662.7018957,47.184
1768497662.804392,33.705
1768497662.9068358,41.822
1768497663.009202,43.57
1768497663.111944,34.968
1768497663.2143486,52.727
1768497663.316693,38.868
1768497663.4190989,36.447
1768497663.525003,50.664
1768497663.6273034,34.968
1768497663.7296085,39.777
1768497663.8319044,43.891
1768497663.9343345,35.185
1768497664.036862,49.377
1768497664.139499,37.587
1768497664.241898,37.138
1768497664.3490007,40.467
1768497664.4514737,34.001
1768497664.5538714,46.987
1768497664.6563523,39.557
1768497664.7589457,35.778
1768497664.861418,50.694
1768497664.9638617,32.916
1768497665.0662467,39.406
1768497665.1689312,39.876
1768497665.274266,34.495
1768497665.3765953,45.637
1768497665.4795945,37.138
1768497665.5822372,38.595
1768497665.6844397,42.807
1768497665.7870457,44.554
1768497665.8969102,35.481
1768497666.0027993,38.025
1768497666.1052923,43.595
1768497666.207837,35.185
1768497666.3102705,47.31
1768497666.4125428,33.508
1768497666.514785,47.184
1768497666.6171367,37.981
1768497666.719727,49.81
1768497666.824267,33.31
1768497666.9266968,42.413
1768497667.0289688,43.497
1768497667.1312401,34.1
1768497667.2335584,42.241
1768497667.335887,41.059
1768497667.4381266,34.495
1768497667.540419,44.357
1768497667.642837,38.989
1768497667.7453325,35.284
1768497667.8517435,45.905
1768497667.954032,32.916
1768497668.056341,39.406
1768497668.1586673,41.601
1768497668.2611036,35.876
1768497668.3634899,48.04
1768497668.4659333,33.606
1768497668.568235,45.538
1768497668.670779,39.11
1768497668.7760947,37.236
1768497668.878474,46.424
1768497668.9809847,34.396
1768497669.083401,48.728
1768497669.1857023,33.527
1768497669.2881467,47.507
1768497669.3904912,33.409
1768497669.4928257,41.551
1768497669.59511,39.186
1768497669.701267,36.447
1768497669.8036556,39.284
1768497669.9064772,34.593
1768497670.008853,44.331
1768497670.1112678,46.888
1768497670.213884,37.806
1768497670.320299,37.905
1768497670.429134,43.694
1768497670.531446,33.409
1768497670.6337109,44.383
1768497670.7361293,37.631
1768497670.838481,36.447
1768497670.9408605,47.535
1768497671.043251,33.231
1768497671.149884,43.103
1768497671.2522368,38.693
1768497671.3547523,35.067
1768497671.4570556,44.58
1768497671.5595438,39.383
1768497671.6619117,36.447
1768497671.7641582,48.503
1768497671.8666503,40.491
1768497671.9689946,36.447
1768497672.074351,53.742
1768497672.176803,38.474
1768497672.2792106,37.236
1768497672.3815646,51.155
1768497672.4838657,38.124
1768497672.5862267,38.223
1768497672.688511,50.989
1768497672.790863,37.609
1768497672.8931882,39.383
1768497672.9987483,48.659
1768497673.1011646,34.297
1768497673.2035427,43.792
1768497673.3059716,44.849
1768497673.408265,35.087
1768497673.5107386,45.538
1768497673.6130836,38.913
1768497673.7155702,39.777
1768497673.8182251,39.034
1768497673.9234958,37.532
1768497674.025863,47.38
1768497674.1288722,34.297
1768497674.2313647,34.1
1768497674.3338368,46.424
1768497674.4360437,40.05
1768497674.5401807,35.876
1768497674.6466427,45.538
1768497674.749005,38.89
1768497674.8514252,36.842
1768497674.953869,50.86
1768497675.0569603,33.606
1768497675.159285,52.169
1768497675.2616756,34.791
1768497675.3641562,45.243
1768497675.4665418,36.645
1768497675.5716836,42.315
1768497675.6739821,36.546
1768497675.7763765,38.89
1768497675.878763,37.609
1768497675.9811306,49.053
1768497676.083407,33.606
1768497676.1856878,41.33
1768497676.2881687,38.89
1768497676.390538,37.532
1768497676.4966283,47.409
1768497676.599158,35.954
1768497676.7014842,37.708
1768497676.804135,32.934
1768497676.906501,43.274
1768497677.0088584,38.496
1768497677.1111612,34.692
1768497677.2136705,45.27
1768497677.3161936,32.422
1768497677.4216876,38.025
1768497677.5242257,43.373
1768497677.626799,32.934
1768497677.7291284,45.735
1768497677.8314793,37.927
1768497677.9340541,35.954
1768497678.0364168,46.102
1768497678.138965,33.329
1768497678.2413297,42.044
1768497678.3478935,38.89
1768497678.4503841,34.889
1768497678.5563338,38.617
1768497678.65854,37.828
1768497678.761705,47.913
1768497678.8640854,33.804
1768497678.9664278,42.192
1768497679.071887,41.354
1768497679.174239,35.856
1768497679.2767174,51.677
1768497679.3791108,39.186
1768497679.481555,37.236
1768497679.58389,49.544
1768497679.6864312,33.902
1768497679.7888877,43.3
1768497679.8950975,39.998
1768497679.9975524,35.975
1768497680.0999396,50.928
1768497680.2023098,39.876
1768497680.3048437,36.546
1768497680.40719,48.138
1768497680.5094695,38.989
1768497680.611776,36.349
1768497680.7139943,48.561
1768497680.8204002,40.27
1768497680.9229262,37.236
1768497681.025158,50.203
1768497681.1275034,39.163
1768497681.229805,37.532
1768497681.332251,52.562
1768497681.434509,36.151
1768497681.536691,38.397
1768497681.63897,48.728
1768497681.7418823,33.804
1768497681.8440938,39.777
1768497681.9465234,45.637
1768497682.0489938,34.396
1768497682.1516273,42.512
1768497682.2542572,44.114
1768497682.3567178,35.383
1768497682.459004,46.621
1768497682.561366,41.207
1768497682.6636734,34.692
1768497682.7706203,42.413
1768497682.8729615,43.617
1768497682.9752474,42.979
1768497683.0774012,44.233
1768497683.1795554,34.495
1768497683.2833843,43.937
1768497683.385646,42.585
1768497683.4879737,35.185
1768497683.593587,48.994
1768497683.6959555,39.012
1768497683.7982616,36.743
1768497683.9006143,54.233
1768497684.002847,39.557
1768497684.1051188,36.349
1768497684.20753,49.023
1768497684.3098817,38.299
1768497684.4121945,37.039
1768497684.5184247,46.593
1768497684.6208303,33.902
1768497684.72307,41.034
1768497684.8254716,42.118
1768497684.927757,34.889
1768497685.0301063,42.29
1768497685.1323817,40.861
1768497685.2348125,35.658
1768497685.3371327,53.088
1768497685.4437094,39.087
1768497685.5461404,37.631
1768497685.6483638,47.085
1768497685.7509174,34.396
1768497685.853325,51.548
1768497685.955749,34.968
1768497686.0580015,40.566
1768497686.160333,43.103
1768497686.2629201,35.185
1768497686.3674927,47.774
1768497686.4698062,34.593
1768497686.5722413,49.976
1768497686.675549,32.638
1768497686.7781792,36.468
1768497686.8807838,38.792
1768497686.9836643,42.364
1768497687.08608,33.132
1768497687.202494,37.949
1768497687.306515,38.989
1768497687.4089108,48.208
1768497687.5148535,39.012
1768497687.6171088,36.546
1768497687.7193727,45.243
1768497687.8216832,35.087
1768497687.923983,51.253
1768497688.026324,39.012
1768497688.1286411,36.546
1768497688.2309883,49.151
1768497688.33334,33.705
1768497688.43758,39.284
1768497688.5398185,43.937
1768497688.642078,35.185
1768497688.7444084,44.383
1768497688.8466668,38.693
1768497688.9490297,37.236
1768497689.0513318,48.659
1768497689.153684,34.001
1768497689.2560427,41.921
1768497689.358488,40.05
1768497689.4643526,36.349
1768497689.5669153,51.745
1768497689.6693165,35.264
1768497689.7720783,40.566
1768497689.874474,43.373
1768497689.9768064,34.988
1768497690.079148,49.643
1768497690.1816647,39.801
1768497690.2841988,35.757
1768497690.3885682,47.647
1768497690.4911363,33.804
1768497690.5935698,37.532
1768497690.6960492,41.896
1768497690.7985485,35.461
1768497690.9008799,44.554
1768497691.0036824,42.093
1768497691.1062713,34.692
1768497691.2087898,40.369
1768497691.3111694,39.012
1768497691.4169276,50.634
1768497691.5199208,37.631
1768497691.6222653,37.631
1768497691.7261705,48.532
1768497691.8286052,33.705
1768497691.9309406,41.724
1768497692.0332887,43.004
1768497692.1397054,35.284
1768497692.242232,50.43
1768497692.3447309,39.307
1768497692.446987,36.349
1768497692.5495312,53.709
1768497692.6518931,38.814
1768497692.7542272,36.842
1768497692.8566897,48.787
1768497692.95909,37.806
1768497693.06239,39.209
1768497693.164792,47.605
1768497693.2672474,33.329
1768497693.3696365,38.913
1768497693.4718845,50.793
1768497693.574287,44.285
1768497693.676607,34.889
1768497693.778905,48.433
1768497693.8813572,33.606
1768497693.983691,38.025
1768497694.0859783,41.428
1768497694.1905,33.409
1768497694.2928026,48.491
1768497694.3952765,37.412
1768497694.497558,40.27
1768497694.599887,42.487
1768497694.7022386,33.804
1768497694.8047307,39.087
1768497694.9070606,36.82
1768497695.0094407,37.828
1768497695.111827,35.798
1768497695.2171087,45.019
1768497695.3194375,38.595
1768497695.4218965,37.631
1768497695.5243502,46.467
1768497695.626594,33.705
1768497695.729184,42.29
1768497695.8315752,37.905
1768497695.933862,41.625
1768497696.0367844,41.601
1768497696.1426756,49.122
1768497696.2449374,37.751
1768497696.3471029,36.743
1768497696.4511628,38.299
1768497696.553532,34.692
1768497696.6575222,43.03
1768497696.7598834,38.792
1768497696.8621824,37.949
1768497696.9683468,34.297
1768497697.0707235,46.03
1768497697.1731865,32.836
1768497697.2756288,48.069
1768497697.377881,38.146
1768497697.4801195,36.743
1768497697.582512,45.341
1768497697.6847336,33.428
1768497697.7871206,49.22
1768497697.8935063,38.146
1768497697.99584,36.546
1768497698.0982409,45.145
1768497698.200756,37.335
1768497698.3030896,40.27
1768497698.405352,40.763
1768497698.5078156,34.396
1768497698.6102257,44.751
1768497698.7124755,32.934
1768497698.818474,38.025
1768497698.9207664,40.05
1768497699.0231855,34.396
1768497699.125585,47.634
1768497699.2278972,33.132
1768497699.330296,42.709
1768497699.432732,38.913
1768497699.5351007,35.679
1768497699.6375122,44.357
1768497699.7437472,32.441
1768497699.8463378,37.532
1768497699.9487977,45.735
1768497700.0516438,33.231
1768497700.1540887,40.073
1768497700.2564116,43.176
1768497700.3588727,33.804
1768497700.4647777,41.551
1768497700.5692582,35.856
1768497700.6729686,51.124
1768497700.7752287,41.527
1768497700.8775153,36.447
1768497700.9797993,51.972
1768497701.0821211,38.124
1768497701.1848493,37.609
1768497701.2872357,47.254
1768497701.391752,33.705
1768497701.494051,39.209
1768497701.5964398,47.577
1768497701.6989474,33.705
1768497701.8012815,41.453
1768497701.903402,47.999
1768497702.0058107,37.236
1768497702.1080968,37.927
1768497702.210404,51.941
1768497702.3164363,32.934
1768497702.4187243,41.65
1768497702.5210788,44.16
1768497702.6235924,33.606
1768497702.7260625,38.89
1768497702.8284268,44.652
1768497702.9307234,33.329
1768497703.0331013,42.61
1768497703.1354723,43.201
1768497703.2377505,34.297
1768497703.3436365,46.621
1768497703.446132,39.284
1768497703.5484462,35.876
1768497703.6507435,47.212
1768497703.753206,40.566
1768497703.8555322,35.481
1768497703.9579322,51.155
1768497704.060217,36.842
1768497704.1625657,37.609
1768497704.2681932,49.19
1768497704.3705616,33.31
1768497704.472853,39.459
1768497704.5753033,44.528
1768497704.6775982,34.297
1768497704.779954,39.974
1768497704.884462,43.595
1768497704.9867105,35.481
1768497705.09101,33.212
1768497705.1979222,42.315
1768497705.3001015,38.595
1768497705.4023564,36.447
1768497705.5045335,47.802
1768497705.6067588,33.705
1768497705.7090204,49.839
1768497705.8112295,32.836
1768497705.9135025,38.496
1768497706.019043,42.315
1768497706.121313,33.705
1768497706.2237377,49.092
1768497706.3260596,32.638
1768497706.4285138,46.621
1768497706.5308917,32.737
1768497706.6333222,45.046
1768497706.7358754,42.512
1768497706.83828,32.836
1768497706.9407983,43.865
1768497707.045626,32.342
1768497707.147957,42.807
1768497707.2502573,37.532
1768497707.352808,35.461
1768497707.4551473,43.865
1768497707.557438,32.836
1768497707.6597247,44.58
1768497707.762099,35.165
1768497707.8643963,41.133
1768497707.9714026,38.617
1768497708.073903,34.889
1768497708.1763203,49.416
1768497708.2786086,38.124
1768497708.3808792,36.743
1768497708.4833586,46.692
1768497708.5858707,32.836
1768497708.6883543,38.299
1768497708.7940748,45.145
1768497708.8964055,33.902
1768497708.9987278,42.315
1768497709.1010008,39.656
1768497709.203446,35.087
1768497709.3063397,51.02
1768497709.4087913,34.001
1768497709.5132604,33.231
1768497709.619478,40.467
1768497709.72191,39.262
1768497709.8241625,35.954
1768497709.9268603,47.774
1768497710.0290961,33.606
1768497710.1316373,42.118
1768497710.2338402,42.807
1768497710.3364193,34.791
1768497710.4413812,46.003
1768497710.5438387,38.792
1768497710.6461747,35.481
1768497710.748424,46.523
1768497710.8507197,37.631
1768497710.9531178,38.42
1768497711.0554154,44.652
1768497711.1578128,33.212
1768497711.2603004,37.236
1768497711.3671048,51.186
1768497711.4694717,34.1
1768497711.5718384,39.679
1768497711.674151,50.143
1768497711.776549,38.299
1768497711.8789158,36.447
1768497711.9811583,49.643
1768497712.0835955,39.974
1768497712.1859279,35.481
1768497712.2906435,45.118
1768497712.3929443,42.093
1768497712.4953544,35.56
1768497712.5975823,53.545
1768497712.6998584,40.542
1768497712.80222,35.954
1768497712.9044726,47.085
1768497713.0068915,39.337
1768497713.1093464,37.927
1768497713.2145462,48.335
1768497713.3172283,34.593
1768497713.4195144,51.217
1768497713.521748,34.495
1768497713.6240747,42.118
1768497713.7263508,43.176
1768497713.8291543,36.743
1768497713.9313848,34.593
1768497714.03492,44.876
1768497714.1392913,33.113
1768497714.2415714,43.373
1768497714.343791,32.817
1768497714.4461455,42.192
1768497714.5485692,42.143
1768497714.6507912,34.692
1768497714.7530818,48.294
1768497714.855371,36.645
1768497714.9577765,39.11
1768497715.0634944,38.617
1768497715.1658711,37.138
1768497715.2681594,41.109
1768497715.370444,34.692
1768497715.472714,50.006
1768497715.5750506,37.039
1768497715.6774518,37.532
1768497715.7799718,40.641
1768497715.8823216,34.593
1768497715.9892867,47.675
1768497716.0914946,37.631
1768497716.1938078,36.645
1768497716.296148,44.357
1768497716.3986216,33.705
1768497716.5011005,47.844
1768497716.6035597,34.869
1768497716.7058876,41.428
1768497716.8122473,34.593
1768497716.914706,45.664
1768497717.0169733,36.722
1768497717.1192615,35.954
1768497717.221619,51.548
1768497717.323991,40.345
1768497717.4263408,35.954
1768497717.5287106,51.383
1768497717.631111,39.801
1768497717.737382,36.25
1768497717.839758,47.085
1768497717.942554,33.902
1768497718.0449154,40.172
1768497718.147216,47.774
1768497718.2502127,33.705
1768497718.3524976,38.223
1768497718.455356,36.842
1768497718.561598,49.387
1768497718.6639538,38.716
1768497718.7662292,37.138
1768497718.868576,46.397
1768497718.9709196,33.804
1768497719.0732436,41.256
1768497719.1755779,45.413
1768497719.2778306,34.396
1768497719.3800857,41.231
1768497719.4852333,46.397
1768497719.587674,34.495
1768497719.689873,40.936
1768497719.7921667,45.834
1768497719.8945415,34.988
1768497719.9969084,45.959
1768497720.0990884,39.557
1768497720.2013977,36.546
1768497720.30379,47.745
1768497720.409357,40.247
1768497720.5118623,36.151
1768497720.6147192,54.659
1768497720.7172375,38.397
1768497720.819674,40.467
1768497720.9220254,40.664
1768497721.0243585,36.447
1768497721.1269383,48.335
1768497721.2337017,34.297
1768497721.336152,41.921
1768497721.4385176,37.609
1768497721.5409205,41.527
1768497721.6432478,43.398
1768497721.7456381,34.593
1768497721.8478854,43.128
1768497721.950197,41.33
1768497722.0524921,34.495
1768497722.159171,43.668
1768497722.2614286,43.963
1768497722.3638682,34.495
1768497722.4662495,41.946
1768497722.5697148,47.45
1768497722.6719496,33.902
1768497722.7742677,51.677
1768497722.876557,34.869
1768497722.9787312,38.397
1768497723.0840752,50.762
1768497723.1863606,39.087
1768497723.288924,39.11
1768497723.3913968,50.498
1768497723.4938076,34.968
1768497723.596396,39.11
1768497723.6989217,49.289
1768497723.8012986,33.902
1768497723.9082031,41.551
1768497724.0105944,46.861
1768497724.1130192,34.396
1768497724.2153163,43.274
1768497724.3175426,44.679
1768497724.4201505,34.988
1768497724.5225205,45.708
1768497724.6249497,38.966
1768497724.7272818,35.461
1768497724.8325293,50.43
1768497724.9350579,36.151
1768497725.0373251,39.186
1768497725.139863,48.167
1768497725.2422442,37.116
1768497725.3447459,37.434
1768497725.4471083,44.724
1768497725.5495214,34.297
1768497725.6517944,44.429
1768497725.7569213,40.05
1768497725.859301,35.383
1768497725.961606,52.039
1768497726.063935,37.806
1768497726.1663167,37.434
1768497726.2686756,46.888
1768497726.3709905,33.804
1768497726.473246,50.399
1768497726.5761638,38.716
1768497726.6824443,39.209
1768497726.7847762,32.836
1768497726.8872967,48.098
1768497726.9905016,33.902
1768497727.092857,45.538
1768497727.1951947,35.876
1768497727.2974935,44.357
1768497727.399946,33.508
1768497727.5050814,47.479
1768497727.6074452,32.539
1768497727.7097878,42.709
1768497727.8123777,37.708
1768497727.914817,36.468
1768497728.0172002,45.046
1768497728.1196294,33.113
1768497728.2219121,46.818
1768497728.324337,38.518
1768497728.4297502,35.58
1768497728.5320797,44.876
1768497728.6345174,32.836
1768497728.7370143,42.216
1768497728.8394425,40.641
1768497728.9418058,34.988
1768497729.0442545,50.596
1768497729.1467588,37.116
1768497729.2491758,37.729
1768497729.3553474,46.916
1768497729.4579086,33.705
1768497729.560328,44.357
1768497729.66274,39.679
1768497729.765281,35.383
1768497729.8678033,47.043
1768497729.9702246,33.132
1768497730.0728269,41.527
1768497730.1784072,39.58
1768497730.280925,35.679
1768497730.383286,46.495
1768497730.4858954,33.132
1768497730.5886304,40.073
1768497730.6910381,42.782
1768497730.793701,34.791
1768497730.895985,49.938
1768497731.0003738,39.876
1768497731.1025853,36.053
1768497731.2048454,48.069
1768497731.3079517,38.003
1768497731.4102256,36.645
1768497731.5125246,38.913
1768497731.6163933,35.975
1768497731.7187617,50.331
1768497731.8209803,40.467
1768497731.9259036,36.37
1768497732.0282726,52.857
1768497732.1307487,33.31
1768497732.2331102,41.527
1768497732.335486,43.201
1768497732.4377558,34.297
1768497732.5400667,47.352
1768497732.6424224,40.073
1768497732.7450192,34.889
1768497732.8510923,44.186
1768497732.953499,38.42
1768497733.055939,35.56
1768497733.1582942,45.44
1768497733.260708,33.409
1768497733.3630571,46.523
1768497733.4653847,37.018
1768497733.5677848,38.124
1768497733.6702554,45.27
1768497733.7750597,33.31
1768497733.8774667,42.216
1768497733.9797323,41.601
1768497734.0819888,33.606
1768497734.1844049,42.807
1768497734.286796,41.01
1768497734.3894305,34.593
1768497734.4918501,45.315
1768497734.594305,42.388
1768497734.7007134,34.791
1768497734.8029807,42.438
1768497734.9053252,43.792
1768497735.007659,34.988
1768497735.1099343,47.872
1768497735.2123559,39.406
1768497735.3146527,37.532
1768497735.4171097,53.186
1768497735.5194917,38.792
1768497735.6258748,37.335
1768497735.7282557,49.583
1768497735.830558,38.89
1768497735.9329495,52.102
1768497736.0383446,39.58
1768497736.140598,37.927
1768497736.2429595,47.942
1768497736.348907,34.199
1768497736.4512382,52.86
1768497736.5535462,37.806
1768497736.6558168,37.729
1768497736.7582986,34.1
1768497736.8605769,47.675
1768497736.9629922,39.383
1768497737.065205,36.645
1768497737.1674743,42.487
1768497737.273885,35.185
1768497737.3762102,43.937
1768497737.478847,35.58
1768497737.5812511,39.163
1768497737.6837146,35.58
1768497737.786234,41.724
1768497737.8888466,35.856
1768497737.9913933,44.974
1768497738.0938075,33.606
1768497738.1993928,48.364
1768497738.302058,32.441
1768497738.4044404,40.369
1768497738.5070624,38.08
1768497738.6096072,35.481
1768497738.7120688,44.062
1768497738.81464,33.033
1768497738.9170623,44.948
1768497739.0239577,37.215
1768497739.1263022,35.975
1768497739.2285407,43.839
1768497739.3308616,32.638
1768497739.4331436,37.532
1768497739.5356271,43.668
1768497739.638053,35.185
1768497739.7404413,39.284
1768497739.8429823,38.025
1768497739.9493248,43.792
1768497740.0517216,34.593
1768497740.1542113,53.184
1768497740.2566566,36.349
1768497740.360498,45.44
1768497740.4632878,34.001
1768497740.5655134,44.088
1768497740.6677043,42.512
1768497740.770203,34.889
1768497740.8753664,49.348
1768497740.9778109,37.412
1768497741.0803308,38.223
1768497741.1826565,47.31
1768497741.2850285,33.231
1768497741.387525,39.482
1768497741.4899693,38.397
1768497741.5923831,35.757
1768497741.6948407,47.479
1768497741.8010883,40.542
1768497741.9034905,35.481
1768497742.0057852,47.999
1768497742.108131,39.58
1768497742.2105303,36.842
1768497742.312934,47.507
1768497742.4154437,34.001
1768497742.517843,47.675
1768497742.620381,39.383
1768497742.7250407,36.053
1768497742.8273835,53.12
1768497742.929825,39.899
1768497743.0321429,36.546
1768497743.1345131,48.728
1768497743.2367291,37.532
1768497743.3390906,37.039
1768497743.4413836,47.675
1768497743.5436835,38.42
1768497743.6498897,37.138
1768497743.7522504,46.959
1768497743.8545318,34.297
1768497743.9569948,50.301
1768497744.0597858,40.27
1768497744.1622424,37.039
1768497744.2645082,49.151
1768497744.366795,34.396
1768497744.472728,38.003
1768497744.575109,53.742
1768497744.6775386,42.192
1768497744.7798731,35.481
1768497744.8820853,47.352
1768497744.984176,34.199
1768497745.086349,38.792
1768497745.1884878,49.515
1768497745.2906065,33.902
1768497745.3928013,39.777
1768497745.498777,45.905
1768497745.601141,34.495
1768497745.703395,44.652
1768497745.8058836,39.58
1768497745.9082458,37.039
1768497746.0105722,53.513
1768497746.1127918,34.199
1768497746.2152715,43.274
1768497746.3174763,38.792
1768497746.4234738,36.172
1768497746.5257163,45.806
1768497746.6279547,33.508
1768497746.7305543,39.951
1768497746.8329754,36.25
1768497746.9353805,45.806
1768497747.0377176,33.113
1768497747.1402023,38.716
1768497747.2427733,46.326
1768497747.3483424,33.705
1768497747.450714,47.352
1768497747.553286,38.102
1768497747.6556501,35.461
1768497747.7580373,43.201
1768497747.8608031,34.297
1768497747.963248,49.839
1768497748.0656297,37.039
1768497748.167904,36.349
1768497748.273941,45.118
1768497748.3763256,34.396
1768497748.4788,39.777
1768497748.5811343,38.966
1768497748.6836398,35.58
1768497748.7859068,46.397
1768497748.8882544,39.679
1768497748.9908652,35.383
1768497749.0932174,50.105
1768497749.1957304,38.025
1768497749.3050437,47.577
1768497749.4077492,37.412
1768497749.5100899,36.645
1768497749.6122668,46.959
1768497749.7146845,37.828
1768497749.8169622,36.94
1768497749.9192944,48.787
1768497750.0254395,34.1
1768497750.1277783,40.172
1768497750.2300854,46.2
1768497750.3324683,34.396
1768497750.4348984,44.652
1768497750.5372362,40.467
1768497750.63982,36.053
1768497750.742143,46.818
1768497750.844695,44.751
1768497750.9469762,35.087
1768497751.05293,44.554
1768497751.1553628,39.998
1768497751.2577662,37.236
1768497751.3600826,52.303
1768497751.4625022,38.595
1768497751.5648656,36.743
1768497751.6670976,48.728
1768497751.7693918,34.692
1768497751.8718007,38.792
1768497751.9777322,46.03
1768497752.0801668,34.495
1768497752.1825273,50.075
1768497752.2849014,37.313
1768497752.3871427,38.102
1768497752.489558,47.745
1768497752.5919204,33.508
1768497752.6942177,40.96
1768497752.7966437,43.963
1768497752.9026601,34.791
1768497753.0049078,48.659
1768497753.1071417,38.42
1768497753.2093744,36.546
1768497753.3117144,48.04
1768497753.4139888,37.236
1768497753.5193877,38.2
1768497753.6287854,34.297
1768497753.7315114,45.171
1768497753.833694,40.787
1768497753.9358928,37.631
1768497754.0380204,47.97
1768497754.1402209,39.482
1768497754.2423291,37.434
1768497754.3447971,50.535
1768497754.4469545,33.902
1768497754.5500004,39.284
1768497754.6522794,48.925
1768497754.7545524,34.001
1768497754.8568745,46.03
1768497754.9591885,39.087
1768497755.0615773,37.335
1768497755.163814,41.33
1768497755.2660959,34.495
1768497755.3684776,43.03
1768497755.4708815,40.763
1768497755.5776174,34.791
1768497755.679907,42.019
1768497755.78266,44.679
1768497755.884899,34.593
1768497755.9873302,48.393
1768497756.0897982,34.1
1768497756.192259,50.793
1768497756.2945716,37.116
1768497756.4004467,36.25
1768497756.5028973,41.748
1768497756.605309,34.791
1768497756.7077496,48.196
1768497756.8100913,35.954
1768497756.9124389,52.66
1768497757.014836,33.113
1768497757.117252,41.724
1768497757.2197077,41.306
1768497757.3256788,34.495
1768497757.428135,50.468
1768497757.5304704,33.231
1768497757.632911,44.482
1768497757.7395627,37.215
1768497757.8418462,36.546
1768497757.9482455,42.34
1768497758.0508971,44.429
1768497758.1531038,33.508
1768497758.255409,46.916
1768497758.3577008,40.172
1768497758.4599938,34.988
1768497758.5623217,45.905
1768497758.6646373,33.804
1768497758.7667587,46.397
1768497758.8739007,36.25
1768497758.9763095,44.849
1768497759.0786614,39.974
1768497759.1810374,35.481
1768497759.2834435,50.823
1768497759.3859513,39.186
1768497759.4882092,37.434
1768497759.590598,49.839
1768497759.6963952,38.89
1768497759.7988524,38.617
1768497759.9015806,42.019
1768497760.0042183,35.185
1768497760.1064894,52.793
1768497760.2089145,33.606
1768497760.311315,42.241
1768497760.4136438,40.05
1768497760.519522,36.546
1768497760.62198,52.695
1768497760.7242632,37.927
1768497760.8266025,38.42
1768497760.9288108,47.647
1768497761.0311656,34.199
1768497761.1335018,43.078
1768497761.2362115,39.603
1768497761.338815,35.264
1768497761.4439168,49.515
1768497761.5463536,34.791
1768497761.6487567,39.505
1768497761.7535262,45.44
1768497761.855934,33.409
1768497761.9585311,41.33
1768497762.06094,38.572
1768497762.1633835,35.856
1768497762.2688315,36.82
1768497762.3716304,39.11
1768497762.4737713,42.906
1768497762.5761082,34.495
1768497762.6783602,43.004
1768497762.780627,42.709
1768497762.8828142,34.297
1768497762.9851997,50.271
1768497763.0874343,38.277
1768497763.1926286,35.362
1768497763.2951083,49.249
1768497763.397413,39.58
1768497763.499744,36.074
1768497763.6021988,51.61
1768497763.7045517,38.223
1768497763.8068187,36.349
1768497763.9090855,48.404
1768497764.0118992,35.658
1768497764.117503,39.974
1768497764.2200181,45.834
1768497764.3225114,34.495
1768497764.4247513,45.538
1768497764.5270832,33.212
1768497764.6294117,40.345
1768497764.731808,46.326
1768497764.8342154,33.804
1768497764.940408,42.881
1768497765.042656,41.428
1768497765.145642,34.593
1768497765.2480867,44.652
1768497765.3505352,41.231
1768497765.4530308,33.823
1768497765.5554338,41.822
1768497765.6578386,44.823
1768497765.7651012,34.1
1768497765.8675094,40.467
1768497765.9698486,45.118
1768497766.0721724,34.001
1768497766.176206,41.453
1768497766.278656,47.577
1768497766.3811116,34.297
1768497766.4835112,51.026
1768497766.5884438,43.004
1768497766.6907184,33.231
1768497766.793145,52.565
1768497766.8953633,33.329
1768497766.99754,43.989
1768497767.1002688,38.792
1768497767.20249,37.236
1768497767.3046358,46.156
1768497767.406961,35.087
1768497767.512479,47.38
1768497767.614753,33.705
1768497767.7172482,41.133
1768497767.8196716,42.019
1768497767.9219985,36.172
1768497768.0244262,45.046
1768497768.1266992,34.1
1768497768.2290618,47.352
1768497768.331498,35.638
1768497768.4378235,40.27
1768497768.5400693,37.532
1768497768.6425471,37.434
1768497768.7449162,44.652
1768497768.8473718,33.606
1768497768.9498413,46.719
1768497769.0521839,37.138
1768497769.1544297,36.074
1768497769.2567496,48.294
1768497769.3620243,33.804
1768497769.4642925,43.865
1768497769.566655,38.397
1768497769.6688657,35.954
1768497769.7712047,46.621
1768497769.8734863,33.606
1768497769.976033,43.004
1768497770.0783393,38.2
1768497770.1809,36.546
1768497770.286654,46.298
1768497770.389523,33.409
1768497770.49188,43.792
1768497770.5946748,35.383
1768497770.6969047,41.354
1768497770.799225,40.172
1768497770.9016593,35.087
1768497771.0040307,49.741
1768497771.106198,37.434
1768497771.2118218,51.253
1768497771.3141549,33.508
1768497771.4164262,38.595
1768497771.5187833,43.595
1768497771.6211429,34.396
1768497771.723352,44.285
1768497771.8255987,42.118
1768497771.9278483,34.791
1768497772.0301251,46.102
1768497772.135816,38.42
1768497772.2381206,35.284
1768497772.340612,50.369
1768497772.4429097,38.496
1768497772.5452416,41.527
1768497772.6477082,41.231
1768497772.7500584,34.889
1768497772.8523686,45.341
1768497772.9546885,38.989
1768497773.0605388,35.757
1768497773.1629996,43.865
1768497773.265339,36.25
1768497773.367677,36.94
1768497773.469969,47.057
1768497773.572291,33.606
1768497773.6746695,40.566
1768497773.7769642,46.959
1768497773.8792622,38.003
1768497773.9840825,38.299
1768497774.08642,43.15
1768497774.1887174,34.396
1768497774.2913356,42.906
1768497774.393733,42.585
1768497774.4960425,34.692
1768497774.5983322,48.167
1768497774.7007425,40.05
1768497774.8032086,36.645
1768497774.908179,48.266
1768497775.0104775,33.606
1768497775.1127434,40.641
1768497775.2152603,44.849
1768497775.3175182,33.626
1768497775.4200351,39.58
1768497775.5223904,44.088
1768497775.6246376,34.297
1768497775.7270114,40.073
1768497775.8335948,34.791
1768497775.9357593,48.954
1768497776.0378494,38.42
1768497776.140214,36.842
1768497776.2425702,40.345
1768497776.344706,36.447
1768497776.4468846,32.638
1768497776.5491233,44.554
1768497776.651269,37.905
1768497776.756734,50.664
1768497776.8592603,36.722
1768497776.9615734,39.702
1768497777.0639334,44.456
1768497777.1662319,34.1
1768497777.2684908,39.284
1768497777.370864,50.498
1768497777.473099,34.672
1768497777.5753682,41.306
1768497777.6813397,41.034
1768497777.7836864,36.053
1768497777.8859446,47.057
1768497777.9881465,33.113
1768497778.0903816,45.637
1768497778.1929433,38.124
1768497778.295203,35.481
1768497778.3974974,48.954
1768497778.4997609,32.441
1768497778.60589,42.512
1768497778.7081563,40.96
1768497778.8105412,34.495
1768497778.9128332,49.878
1768497779.0151381,37.631
1768497779.1176317,34.889
1768497779.2200143,42.413
1768497779.3223393,33.606
1768497779.424955,47.675
1768497779.5272465,38.595
1768497779.6441002,35.481
1768497779.7463977,47.675
1768497779.849142,43.398
1768497779.9533098,38.913
1768497780.0555358,37.335
1768497780.1580215,47.184
1768497780.2603073,34.08
1768497780.3625426,37.434
1768497780.4649644,52.727
1768497780.5674224,39.087
1768497780.6699164,37.631
1768497780.7722526,50.271
1768497780.8747518,34.199
1768497780.9799824,41.921
1768497781.0825994,38.375
1768497781.185,39.284
1768497781.2873733,41.625
1768497781.3897464,36.94
1768497781.492136,52.597
1768497781.5945325,38.617
1768497781.6968808,37.434
1768497781.8033507,48.827
1768497781.9058135,34.297
1768497782.0081475,40.936
1768497782.1106393,44.134
1768497782.21307,34.889
1768497782.3156211,50.823
1768497782.417948,38.814
1768497782.5202942,34.988
1768497782.6228611,50.468
1768497782.7291996,38.025
1768497782.83163,37.138
1768497782.9339554,47.605
1768497783.0362718,34.001
1768497783.138511,39.186
1768497783.241332,48.462
1768497783.343711,33.804
1768497783.44592,42.315
1768497783.5483205,45.243
1768497783.6548448,34.889
1768497783.7573073,42.709
1768497783.8596349,45.779
1768497783.9637191,34.199
1768497784.0660255,42.093
1768497784.1682472,34.495
1768497784.2721274,46.424
1768497784.3765504,43.373
1768497784.478816,35.185
1768497784.581078,46.102
1768497784.6835413,40.369
1768497784.7859132,34.791
1768497784.8881774,44.456
1768497784.9905784,40.148
1768497785.0928543,35.679
1768497785.1952655,51.413
1768497785.301718,37.708
1768497785.404102,37.434
1768497785.5067503,53.054
1768497785.609167,38.102
1768497785.7115147,37.927
1768497785.8140287,47.844
1768497785.9165037,37.828
1768497786.0189543,38.397
1768497786.1256828,39.307
1768497786.228256,36.842
1768497786.3308067,47.409
1768497786.4331708,33.508
1768497786.5355928,43.398
1768497786.6379776,39.482
1768497786.740513,38.299
1768497786.8429768,38.025
1768497786.9490242,35.383
1768497787.0513208,46.523
1768497787.153741,33.033
1768497787.2560403,46.129
1768497787.3583663,38.518
1768497787.460775,35.856
1768497787.5632405,46.664
1768497787.665479,33.409
1768497787.7679522,40.838
1768497787.8738995,39.065
1768497787.9762766,36.645
1768497788.080189,39.777
1768497788.1825051,36.743
1768497788.2850327,39.58
1768497788.387386,37.313
1768497788.4897182,35.954
1768497788.5921776,37.335
1768497788.697474,39.186
1768497788.8000147,37.806
1768497788.9023757,38.42
1768497789.0048594,44.554
1768497789.1072283,34.889
1768497789.2095094,46.495
1768497789.3118885,33.606
1768497789.4143307,38.989
1768497789.5169253,38.08
1768497789.6222777,36.447
1768497789.724556,44.849
1768497789.8269491,33.606
1768497789.9296417,48.728
1768497790.032268,32.934
1768497790.134868,49.19
1768497790.2372417,32.934
1768497790.3397498,43.471
1768497790.4462419,36.645
1768497790.548818,41.527
1768497790.651292,36.447
1768497790.753774,39.186
1768497790.856174,39.383
1768497790.9585414,35.185
1768497791.0610063,45.413
1768497791.1634827,33.409
1768497791.269757,48.012
1768497791.3720555,31.947
1768497791.4743905,38.89
1768497791.5768125,36.863
1768497791.6791234,40.27
1768497791.7817967,37.806
1768497791.8842502,35.778
1768497791.9868407,44.331
1768497792.0892475,33.231
1768497792.1963942,44.652
1768497792.2987802,37.927
1768497792.401153,35.778
1768497792.5034862,44.652
1768497792.6060257,33.329
1768497792.7085857,37.532
1768497792.8108675,35.56
1768497792.913403,47.254
1768497793.0194755,33.409
1768497793.121874,42.931
1768497793.224295,41.699
1768497793.3268456,34.988
1768497793.4295163,50.006
1768497793.5320213,33.31
1768497793.6343741,42.413
1768497793.736831,43.201
1768497793.8393269,34.495
1768497793.944972,50.891
1768497794.0474396,37.927
1768497794.1501591,38.003
1768497794.2524478,46.79
1768497794.3550954,34.199
1768497794.4574962,45.932
1768497794.5598996,34.297
1768497794.6625082,38.595
1768497794.7649677,40.148
1768497794.870495,35.087
1768497794.9730844,47.113
1768497795.075545,32.539
1768497795.1781104,45.538
1768497795.2807074,37.236
1768497795.3832364,37.532
1768497795.485687,42.512
1768497795.5882852,33.508
1768497795.6907191,46.03
1768497795.797057,32.243
1768497795.8996255,40.861
1768497796.0020323,39.951
1768497796.1043944,34.692
1768497796.2068877,44.062
1768497796.3097749,32.836
1768497796.412196,39.383
1768497796.5154653,40.566
1768497796.6216378,34.988
1768497796.7240677,44.357
1768497796.8263001,41.33
1768497796.9286177,41.946
1768497797.0309954,34.001
1768497797.1333282,38.518
1768497797.2359812,35.185
1768497797.3381584,53.415
1768497797.440373,38.518
1768497797.5452404,40.739
1768497797.6476424,43.274
1768497797.750054,34.889
1768497797.8526893,49.78
1768497797.9550054,33.705
1768497798.0572705,45.315
1768497798.1596754,37.532
1768497798.2620668,33.113
1768497798.3644688,44.429
1768497798.469294,40.369
1768497798.5716283,35.362
1768497798.6739326,38.572
1768497798.7762063,40.369
1768497798.8786814,37.313
1768497798.9813066,39.087
1768497799.0838225,41.527
1768497799.186223,34.199
1768497799.2921908,47.901
1768497799.394692,32.342
1768497799.4969862,39.087
1768497799.5993474,41.798
1768497799.7016907,33.626
1768497799.804109,49.878
1768497799.9064877,37.532
1768497800.0087457,36.645
1768497800.1111665,45.61
1768497800.2178817,32.836
1768497800.3206234,38.321
1768497800.4230409,45.341
1768497800.5254145,34.1
1768497800.6277962,49.81
1768497800.730096,34.593
1768497800.8331158,38.025
1768497800.9353318,46.495
1768497801.0417738,33.508
1768497801.1445727,46.129
1768497801.2469099,38.595
1768497801.3492742,37.434
1768497801.4517722,34.593
1768497801.55419,48.433
1768497801.6563914,33.31
1768497801.7586007,43.176
1768497801.8651116,41.699
1768497801.9675024,34.988
1768497802.0699027,47.872
1768497802.172185,32.836
1768497802.2746007,45.118
1768497802.3769667,37.905
1768497802.4793096,35.679
1768497802.58176,47.479
1768497802.6841738,33.508
1768497802.7903066,40.936
1768497802.8927102,43.004
1768497802.9950485,34.495
1768497803.0973732,42.118
1768497803.1998158,41.748
1768497803.302306,34.988
1768497803.4045928,51.383
1768497803.5069203,38.738
1768497803.6127517,37.434
1768497803.714978,48.896
1768497803.8172176,37.215
1768497803.919564,38.321
1768497804.0218453,39.406
1768497804.1242268,35.679
1768497804.2264922,47.38
1768497804.3287506,38.496
1768497804.4310665,34.988
1768497804.5379379,47.675
1768497804.6402097,39.505
1768497804.7428372,34.396
1768497804.8450704,43.497
1768497804.9475954,45.413
1768497805.0500324,34.1
1768497805.1541893,41.33
1768497805.2563906,45.341
1768497805.3623607,34.692
1768497805.4646106,42.118
1768497805.5670156,44.186
1768497805.6694186,44.062
1768497805.7726862,34.692
1768497805.874822,44.429
1768497805.9770486,39.974
1768497806.079448,37.335
1768497806.1850324,48.04
1768497806.2873063,33.902
1768497806.3896646,40.172
1768497806.4919612,43.57
1768497806.5942676,33.705
1768497806.696647,41.921
1768497806.79899,35.383
1768497806.9012923,49.976
1768497807.0036771,38.047
1768497807.1095903,38.913
1768497807.21201,46.916
1768497807.314377,33.31
1768497807.4168963,38.397
1768497807.5192463,45.315
1768497807.621551,33.212
1768497807.7239888,45.538
1768497807.82624,38.671
1768497807.928785,35.975
1768497808.033957,49.377
1768497808.1364202,33.508
1768497808.2388918,39.307
1768497808.3412974,45.386
1768497808.443636,34.001
1768497808.545912,50.498
1768497808.6481504,38.124
1768497808.7503479,37.236
1768497808.8526218,49.515
1768497808.9579334,37.927
1768497809.0603023,37.434
1768497809.1629267,46.987
1768497809.2653093,35.165
1768497809.3703687,37.434
1768497809.474407,52.857
1768497809.5767243,39.406
1768497809.6818554,36.349
1768497809.7842278,52.169
1768497809.8864076,33.508
1768497809.988723,47.45
1768497810.0915344,34.396
1768497810.1938777,42.487
1768497810.2960565,46.227
1768497810.3982146,34.297
1768497810.5003827,42.61
1768497810.6061988,41.231
1768497810.7085223,35.185
1768497810.810934,47.942
1768497810.9133146,38.814
1768497811.0155213,36.447
1768497811.1178367,48.266
1768497811.2201655,33.231
1768497811.3224895,44.948
1768497811.4247615,39.777
1768497811.5302904,35.481
1768497811.63274,53.12
1768497811.7350802,39.087
1768497811.8373394,35.757
1768497811.939708,49.377
1768497812.042122,33.606
1768497812.1446521,43.3
1768497812.2470036,43.201
1768497812.3493962,35.087
1768497812.454876,46.861
1768497812.5571961,39.482
1768497812.659764,37.434
1768497812.7621791,47.085
1768497812.8651044,34.001
1768497812.9675012,52.987
1768497813.0700834,33.31
1768497813.1727972,41.625
1768497813.2784865,42.61
1768497813.3813324,34.988
1768497813.483585,52.071
1768497813.5863478,33.606
1768497813.6887548,41.453
1768497813.7910976,41.428
1768497813.893344,35.481
1768497813.9956224,48.954
1768497814.1016195,39.974
1768497814.2040508,36.546
1768497814.3064265,41.33
1768497814.4103174,34.396
1768497814.5126512,49.938
1768497814.6149583,39.284
1768497814.717128,35.58
1768497814.8194404,52.562
1768497814.921684,33.804
1768497815.0266247,43.497
1768497815.1289814,38.693
1768497815.2313502,50.891
1768497815.333754,34.495
1768497815.4361055,43.865
1768497815.5383365,35.481
1768497815.6407018,52.66
1768497815.7430546,33.902
1768497815.8455663,44.331
1768497815.950803,33.409
1768497816.053166,50.233
1768497816.1555288,33.705
1768497816.2577806,40.073
1768497816.3601964,47.774
1768497816.4632723,38.025
1768497816.5657127,39.557
1768497816.6679492,35.087
1768497816.7749853,31.453
1768497816.8772552,47.844
1768497816.97979,32.62
1768497817.0820868,40.345
1768497817.1845412,39.383
1768497817.2870305,33.014
1768497817.3894672,39.679
1768497817.4918075,43.668
1768497817.5942695,33.033
1768497817.6993518,41.354
1768497817.801646,44.357
1768497817.904098,34.001
1768497818.0063362,43.004
1768497818.1095796,42.906
1768497818.2119348,34.396
1768497818.3143406,40.838
1768497818.4166965,43.741
1768497818.5189834,34.199
1768497818.6241543,39.383
1768497818.7264738,48.757
1768497818.8288352,41.921
1768497818.9309874,40.936
1768497819.0337465,34.889
1768497819.135962,51.512
1768497819.2380497,39.974
1768497819.3403425,36.053
1768497819.4427178,50.566
1768497819.5483446,38.496
1768497819.650937,40.392
1768497819.753354,35.933
1768497819.855847,40.27
1768497819.9584305,38.146
1768497820.0607805,37.039
1768497820.163095,41.724
1768497820.2654283,34.692
1768497820.3726928,47.675
1768497820.475077,32.836
1768497820.5773222,40.444
1768497820.6796646,38.518
1768497820.78207,35.185
1768497820.8845487,49.318
1768497820.986919,33.508
1768497821.0892298,43.128
1768497821.191675,37.784
1768497821.2966485,35.383
1768497821.3991225,46.102
1768497821.501816,35.264
1768497821.6043656,40.172
1768497821.706617,40.664
1768497821.8091426,34.593
1768497821.911516,48.983
1768497822.0143316,38.277
1768497822.116799,37.927
1768497822.2233288,43.741
1768497822.3257265,33.606
1768497822.4286785,41.724
1768497822.5309937,40.566
1768497822.6334476,35.975
1768497822.7356348,50.399
1768497822.837888,33.132
1768497822.9401472,39.58
1768497823.0459645,39.853
1768497823.1483407,45.664
1768497823.251349,33.508
1768497823.3535442,44.16
1768497823.4562829,38.769
1768497823.558616,35.58
1768497823.660835,45.145
1768497823.7631047,33.804
1768497823.8652196,48.856
1768497823.9719052,37.905
1768497824.0744812,37.631
1768497824.176789,41.625
1768497824.2791035,34.593
1768497824.381479,49.544
1768497824.4839334,37.85
1768497824.586215,35.975
1768497824.688476,48.896
1768497824.7908125,38.124
1768497824.897404,37.039
1768497824.9998105,46.03
1768497825.1021554,33.212
1768497825.2046285,40.936
1768497825.3069515,43.103
1768497825.409243,33.606
1768497825.5115852,40.444
1768497825.6139495,47.802
1768497825.716297,34.119
1768497825.8214972,42.512
1768497825.9240134,46.719
1768497826.0264857,33.606
1768497826.128734,41.354
1768497826.2310612,46.298
1768497826.3335571,34.297
1768497826.4359698,46.227
1768497826.5385904,37.412
1768497826.6416893,37.532
1768497826.745443,37.434
1768497826.8478103,46.424
1768497826.9502265,41.847
1768497827.0569696,34.692
1768497827.1591816,47.409
1768497827.2614074,42.413
1768497827.3637161,35.185
1768497827.470499,41.428
1768497827.5730047,35.087
1768497827.6752603,45.637
1768497827.7775228,43.57
1768497827.8798475,35.362
1768497827.98217,48.925
1768497828.0844822,39.505
1768497828.186771,37.828
1768497828.2889574,54.528
1768497828.3948953,33.982
1768497828.497764,41.231
1768497828.6002476,45.905
1768497828.7035437,36.172
1768497828.806145,53.154
1768497828.9086704,37.729
1768497829.0110242,40.763
1768497829.117395,44.679
1768497829.2198086,35.58
1768497829.3223324,46.818
1768497829.4250355,39.951
1768497829.5273764,35.58
1768497829.6300688,50.006
1768497829.7323349,33.113
1768497829.8348753,38.518
1768497829.9414876,45.44
1768497830.0440924,33.705
1768497830.1464772,47.745
1768497830.248986,35.876
1768497830.3514106,38.792
1768497830.4538653,43.078
1768497830.5565414,34.1
1768497830.6591756,49.839
1768497830.761474,32.836
1768497830.8662825,41.822
1768497830.9690669,39.209
1768497831.0755281,34.791
1768497831.1777096,46.467
1768497831.2801702,33.329
1768497831.3826015,43.497
1768497831.4849405,38.2
1768497831.5912318,50.43
1768497831.6935751,33.132
1768497831.7958784,40.27
1768497831.8983798,43.595
1768497832.0007071,34.199
1768497832.1030362,51.383
1768497832.2054343,33.804
1768497832.3078253,49.416
1768497832.4144144,34.297
1768497832.5170145,47.212
1768497832.619597,33.508
1768497832.7220104,43.57
1768497832.824519,39.012
1768497832.9275372,36.053
1768497833.0300293,46.467
1768497833.1325607,33.705
1768497833.2377908,47.704
1768497833.3401508,38.518
1768497833.4425516,36.743
1768497833.5450401,45.61
1768497833.6473854,34.001
1768497833.7499065,46.692
1768497833.8525314,36.525
1768497833.9551258,37.039
1768497834.0615966,45.019
1768497834.1640227,33.409
1768497834.2663884,41.625
1768497834.3690307,40.27
1768497834.4715219,34.199
1768497834.5739238,45.664
1768497834.67635,40.444
1768497834.7789574,36.25
1768497834.8812585,49.878
1768497834.9874375,33.705
1768497835.089851,41.133
1768497835.1923015,39.656
1768497835.2947736,35.757
1768497835.3971803,53.25
1768497835.4996734,33.409
1768497835.6021118,39.284
1768497835.704371,46.2
1768497835.8100762,42.315
1768497835.912301,43.865
1768497836.0146248,34.297
1768497836.1170287,48.364
1768497836.219255,38.102
1768497836.321465,38.814
1768497836.423762,39.284
1768497836.5259695,39.58
1768497836.6281085,33.132
1768497836.7342467,37.236
1768497836.8366039,42.118
1768497836.938911,33.31
1768497837.0413475,46.719
1768497837.1436396,33.508
1768497837.2458713,45.118
1768497837.3480947,33.705
1768497837.4504378,40.861
1768497837.5528374,46.397
1768497837.6562614,34.001
1768497837.7585304,47.409
1768497837.8609507,41.551
1768497837.9631693,35.185
1768497838.0654886,41.625
1768497838.1679137,40.294
1768497838.2702105,34.988
1768497838.3725557,50.498
1768497838.4748027,38.397
1768497838.5771015,40.467
1768497838.6842437,37.85
1768497838.7866757,41.33
1768497838.8894677,38.2
1768497838.9917424,35.087
1768497839.0940602,41.625
1768497839.1963437,35.383
1768497839.2991118,47.999
1768497839.4014995,33.508
1768497839.5056345,38.792
1768497839.6113539,45.341
1768497839.713666,34.1
1768497839.8160062,42.044
1768497839.9182057,47.479
1768497840.020468,34.08
1768497840.122619,38.693
1768497840.2247384,47.97
1768497840.3270738,33.804
1768497840.4294288,39.482
1768497840.5350213,33.804
1768497840.6371257,39.383
1768497840.7393107,43.767
1768497840.841524,34.495
1768497840.9437516,47.999
1768497841.0462687,39.406
1768497841.1484847,36.053
1768497841.2506807,50.928
1768497841.352863,33.508
1768497841.4592638,43.004
1768497841.5615807,42.216
1768497841.6638386,34.1
1768497841.7662308,45.861
1768497841.8684957,42.979
1768497841.9710903,34.495
1768497842.0732977,42.29
1768497842.1755967,38.223
1768497842.277893,36.447
1768497842.3844318,53.677
1768497842.4867318,38.814
1768497842.5889502,36.546
1768497842.6911888,52.267
1768497842.7935574,38.245
1768497842.8959677,36.645
1768497842.998365,48.728
1768497843.1008234,33.508
1768497843.2031977,38.989
1768497843.3084006,47.52
1768497843.410784,33.804
1768497843.5132532,40.444
1768497843.615572,41.65
1768497843.7179985,34.001
1768497843.820386,45.735
1768497843.9227953,39.656
1768497844.0253994,34.593
1768497844.1279278,43.989
1768497844.233963,39.383
1768497844.3362381,35.362
1768497844.4385324,50.664
1768497844.5407743,33.193
1768497844.6430562,38.989
1768497844.74543,42.093
1768497844.8478599,34.495
1768497844.9501805,38.89
1768497845.0572753,34.791
1768497845.1595495,46.424
1768497845.2617242,41.428
1768497845.3640423,34.297
1768497845.4662874,49.976
1768497845.5685904,32.916
1768497845.6713438,41.059
1768497845.773668,32.737
1768497845.8806448,40.96
1768497845.983058,41.256
1768497846.0854754,34.791
1768497846.1877916,48.728
1768497846.2901073,35.165
1768497846.3923802,37.708
1768497846.4946923,46.523
1768497846.5969088,33.705
1768497846.6991477,46.593
1768497846.804924,38.2
1768497846.9073412,45.565
1768497847.0097198,37.313
1768497847.1120858,39.482
1768497847.214575,39.065
1768497847.3169584,36.25
1768497847.4192193,42.388
1768497847.5217113,34.988
1768497847.6241324,49.122
1768497847.7300515,37.609
1768497847.832539,36.25
1768497847.934745,44.751
1768497848.0370586,32.638
1768497848.1392608,38.89
1768497848.2417371,40.96
1768497848.3446298,34.199
1768497848.4470153,49.416
1768497848.5535505,34.297
1768497848.6558473,38.2
1768497848.7582655,44.233
1768497848.8606215,33.804
1768497848.9630322,43.078
1768497849.0653863,38.814
1768497849.167772,36.567
1768497849.2701912,38.223
1768497849.3766465,38.003
1768497849.478965,41.921
1768497849.5814464,34.791
1768497849.683913,51.186
1768497849.7861538,36.172
1768497849.8885841,38.42
1768497849.9909394,44.429
1768497850.093379,33.804
1768497850.195722,44.259
1768497850.300099,39.482
1768497850.4025471,37.138
1768497850.504933,46.566
1768497850.6072924,34.001
1768497850.7095337,39.951
1768497850.8119926,47.745
1768497850.9144247,33.31
1768497851.0167758,41.428
1768497851.1190658,39.36
1768497851.224063,36.349
1768497851.326478,48.659
1768497851.4288938,34.001
1768497851.5313523,41.946
1768497851.6337676,42.438
1768497851.7361782,35.284
1768497851.838546,52.695
1768497851.940956,38.397
1768497852.0468059,36.447
1768497852.1490912,41.921
1768497852.2515063,36.546
1768497852.3541772,41.354
1768497852.4564881,36.172
1768497852.559411,48.04
1768497852.6616898,33.705
1768497852.7640452,40.838
1768497852.8663197,38.496
1768497852.9727924,35.778
1768497853.0750575,44.429
1768497853.177356,33.033
1768497853.2797055,41.428
1768497853.3820014,40.664
1768497853.4844177,34.199
1768497853.5868645,34.199
1768497853.6906075,39.777
1768497853.7964447,38.868
1768497853.898728,34.889
1768497854.0010545,47.774
1768497854.1033454,32.539
1768497854.205712,40.345
1768497854.307986,38.716
1768497854.4102187,35.461
1768497854.5125837,45.073
1768497854.6148076,32.934
1768497854.7210443,46.326
1768497854.823433,37.335
1768497854.9257848,36.25
1768497855.028157,41.354
1768497855.1305654,34.1
1768497855.2328696,47.184
1768497855.3351932,35.56
1768497855.4376714,38.89
1768497855.544526,39.209
1768497855.6468968,34.495
1768497855.7493052,42.044
1768497855.8516755,32.737
1768497855.9541986,42.807
1768497856.0565348,40.294
1768497856.1588316,34.396
1768497856.2614405,51.972
1768497856.3640509,38.003
1768497856.4683983,39.679
1768497856.5706925,41.527
1768497856.6730444,34.297
1768497856.775688,32.046
1768497856.878965,40.936
1768497856.9812953,42.709
1768497857.0837436,34.495
1768497857.1860185,49.485
1768497857.2925682,37.039
1768497857.3949437,38.025
1768497857.4973004,38.496
1768497857.5999012,35.856
1768497857.7024825,50.399
1768497857.8052733,41.748
1768497857.9089,43.201
1768497858.01113,33.705
1768497858.1159797,46.621
1768497858.2184784,40.838
1768497858.3208568,34.495
1768497858.4231913,45.806
1768497858.5255315,38.124
1768497858.6280103,37.138
1768497858.7304094,46.664
1768497858.832912,33.409
1768497858.935499,38.89
1768497859.0406888,46.888
1768497859.143288,33.508
1768497859.2457447,41.724
1768497859.3479762,46.888
1768497859.4503787,36.743
1768497859.5528288,38.025
1768497859.6552587,47.184
1768497859.7578092,33.902
1768497859.860195,40.195
1768497859.9658008,46.227
1768497860.068123,34.199
1768497860.170495,45.118
1768497860.2729182,39.459
1768497860.3752644,35.757
1768497860.4775188,47.507
1768497860.5800352,40.984
1768497860.6823246,35.087
1768497860.7869463,48.925
1768497860.8891695,39.876
1768497860.996598,35.679
1768497861.0989914,50.566
1768497861.2029874,33.231
1768497861.305328,39.974
1768497861.407625,41.428
1768497861.5125802,34.593
1768497861.6149461,48.393
1768497861.717279,33.705
1768497861.819732,48.364
1768497861.922197,32.836
1768497862.024613,40.073
1768497862.1279914,35.087
1768497862.2302256,48.925
1768497862.3367174,33.212
1768497862.4392345,43.078
1768497862.5418024,36.645
1768497862.6443796,38.2
1768497862.7467914,39.11
1768497862.8491664,35.856
1768497862.9515338,44.456
1768497863.054223,33.132
1768497863.160684,46.102
1768497863.2630174,32.342
1768497863.3655515,44.16
1768497863.4682393,37.51
1768497863.5706487,36.447
1768497863.6731951,45.735
1768497863.7755246,32.836
1768497863.8780608,42.29
1768497863.9844053,38.299
1768497864.0868225,36.271
1768497864.1891801,46.074
1768497864.29142,33.31
1768497864.3939013,45.637
1768497864.4962268,38.814
1768497864.5986369,36.349
1768497864.700993,44.849
1768497864.8034172,33.804
1768497864.9083881,52.071
1768497865.0107548,33.033
1768497865.1135235,39.974
1768497865.2161283,41.847
1768497865.3184,34.791
1768497865.4206288,49.023
1768497865.522923,34.613
1768497865.6252055,38.989
1768497865.7274969,44.357
1768497865.833808,33.428
1768497865.9361813,39.383
1768497866.0385163,46.102
1768497866.1408813,34.396
1768497866.2432468,45.637
1768497866.346439,34.396
1768497866.4488304,48.827
1768497866.5511425,41.822
1768497866.6571176,35.876
1768497866.7597034,34.001
1768497866.862057,40.763
1768497866.9643745,48.04
1768497867.0668201,37.313
1768497867.1693413,40.664
1768497867.271748,49.387
1768497867.374107,35.778
1768497867.4812126,39.876
1768497867.583662,48.237
1768497867.6860344,34.297
1768497867.7883878,46.227
1768497867.8906934,43.741
1768497867.9930906,35.185
1768497868.0957227,45.341
1768497868.1980839,41.921
1768497868.304418,35.58
1768497868.4066713,50.823
1768497868.5090048,38.2
1768497868.6113834,36.37
1768497868.7136312,51.972
1768497868.8160703,33.606
1768497868.9183245,41.354
1768497869.0206351,45.019
1768497869.1229653,33.705
1768497869.2359571,39.087
1768497869.339744,47.057
1768497869.4419916,38.2
1768497869.5441256,36.447
1768497869.6462743,52.008
1768497869.7505472,37.434
1768497869.8531158,38.814
1768497869.9554484,48.856
1768497870.0578487,34.199
1768497870.1601865,40.838
1768497870.262564,36.053
1768497870.365033,38.617
1768497870.467137,49.151
1768497870.569358,38.814
1768497870.6716306,38.124
1768497870.7766266,47.38
1768497870.8789709,34.396
1768497870.9812348,42.512
1768497871.0835893,46.987
1768497871.1859014,34.1
1768497871.2885652,38.595
1768497871.3910263,44.429
1768497871.493332,39.899
1768497871.5957792,38.102
1768497871.70015,46.129
1768497871.8026793,35.067
1768497871.9049034,43.004
1768497872.0071874,46.692
1768497872.109531,35.185
1768497872.2118187,44.652
1768497872.3140163,43.078
1768497872.41624,35.067
1768497872.5185552,43.078
1768497872.6253228,43.078
1768497872.7276056,35.876
1768497872.8301363,48.63
1768497872.932433,40.073
1768497873.0349584,37.609
1768497873.1372368,46.2
1768497873.239528,34.1
1768497873.3417053,44.679
1768497873.4446073,41.256
1768497873.5506809,35.461
1768497873.6595788,50.301
1768497873.7621844,33.409
1768497873.8644686,47.282
1768497873.9669313,38.397
1768497874.069354,36.645
1768497874.1746593,47.113
1768497874.2769551,33.902
1768497874.379176,48.896
1768497874.481612,37.729
1768497874.5853283,47.704
1768497874.6874297,33.212
1768497874.7896163,41.133
1768497874.8917627,38.2
1768497874.9942586,35.954
1768497875.0998716,46.03
1768497875.202608,33.804
1768497875.305094,39.58
1768497875.4076345,33.033
1768497875.5101614,50.301
1768497875.6126273,38.716
1768497875.7148495,36.645
1768497875.8172033,47.675
1768497875.9241173,34.001
1768497876.0265157,43.694
1768497876.1288445,38.42
1768497876.2310877,37.806
1768497876.333487,44.652
1768497876.4357939,34.593
1768497876.538217,39.58
1768497876.6405115,36.546
1768497876.743192,32.539
1768497876.8480525,52.727
1768497876.9504895,33.212
1768497877.0530462,45.171
1768497877.1556678,32.441
1768497877.2587235,45.708
1768497877.361533,33.033
1768497877.4654777,46.397
1768497877.5715978,32.342
1768497877.6739938,41.428
1768497877.7766037,38.595
1768497877.8800642,36.053
1768497877.9823463,43.694
1768497878.0848918,33.212
1768497878.1873474,46.818
1768497878.289754,37.434
1768497878.395444,37.116
1768497878.4980023,46.397
1768497878.6004407,39.974
1768497878.704728,41.798
1768497878.807179,35.284
1768497878.9094222,49.122
1768497879.0116231,36.645
1768497879.1137414,37.335
1768497879.21923,46.818
1768497879.3215468,37.51
1768497879.4238973,38.025
1768497879.526317,47.113
1768497879.6286714,33.508
1768497879.7311347,42.044
1768497879.8335352,42.782
1768497879.9359534,35.087
1768497880.0384815,47.942
1768497880.142926,38.2
1768497880.2455049,38.716
1768497880.3480566,46.467
1768497880.4503837,37.729
1768497880.552887,38.124
1768497880.6551847,47.745
1768497880.7575545,33.902
1768497880.8599803,39.951
1768497880.9670985,45.565
1768497881.069338,35.185
1768497881.1718183,46.424
1768497881.274233,42.118
1768497881.3767076,34.593
1768497881.4790862,40.444
1768497881.5816178,49.416
1768497881.6870804,33.902
1768497881.7919278,48.856
1768497881.894269,36.151
1768497881.9967482,39.58
1768497882.0992517,48.757
1768497882.2015743,34.889
1768497882.3038423,42.881
1768497882.406223,47.409
1768497882.508613,34.495
1768497882.6147223,41.822
1768497882.7170138,47.45
1768497882.8196242,48.827
1768497882.9227257,38.518
1768497883.0249767,40.073
1768497883.127334,44.823
1768497883.2295291,36.053
1768497883.3319657,53.252
1768497883.4344077,37.039
1768497883.5401967,40.172
1768497883.6426036,44.331
1768497883.7450335,36.053
1768497883.847336,52.793
1768497883.9500642,34.593
1768497884.052642,45.315
1768497884.1550975,38.966
1768497884.257344,38.617
1768497884.3599713,42.462
1768497884.4659455,34.692
1768497884.5683742,48.885
1768497884.6708457,38.716
1768497884.7732766,36.842
1768497884.8758547,40.688
1768497884.978307,34.791
1768497885.0808387,48.63
1768497885.1831694,36.546
1768497885.28568,39.58
1768497885.3922563,39.406
1768497885.4945538,34.692
1768497885.5971625,48.462
1768497885.699477,37.039
1768497885.802098,39.284
1768497885.9071326,38.124
1768497886.009628,35.658
1768497886.1156392,44.456
1768497886.2193332,32.934
1768497886.3222845,41.921
1768497886.4246843,38.124
1768497886.5270133,38.223
1768497886.6293328,40.369
1768497886.7318265,34.593
1768497886.8342683,32.046
1768497886.9408228,44.285
1768497887.043159,38.617
1768497887.1463091,42.979
1768497887.2484884,33.409
1768497887.3506994,43.3
1768497887.4529848,39.801
1768497887.5554168,35.284
1768497887.6577144,51.61
1768497887.7646613,36.546
1768497887.867101,39.679
1768497887.96955,43.325
1768497888.072188,34.297
1768497888.1747303,47.31
1768497888.2770495,40.641
1768497888.3794048,35.087
1768497888.4819717,47.45
1768497888.5876844,38.496
1768497888.690167,36.666
1768497888.7926235,52.267
1768497888.8949625,39.33
1768497888.997379,36.567
1768497889.0998266,50.596
1768497889.2021396,34.692
1768497889.304531,38.397
1768497889.4067132,47.872
1768497889.5115187,35.284
1768497889.6139092,38.792
1768497889.7163723,49.544
1768497889.8187697,34.1
1768497889.9216504,42.044
1768497890.0240395,46.271
1768497890.1264117,34.297
1768497890.229772,42.413
1768497890.336245,44.482
1768497890.4388945,34.692
1768497890.5411973,41.428
1768497890.6436992,46.566
1768497890.746102,34.495
1768497890.8485692,40.073
1768497890.9509192,47.057
1768497891.0532322,34.199
1768497891.1592696,39.679
1768497891.2614672,34.1
1768497891.3640113,43.839
1768497891.4661148,41.896
1768497891.568434,35.481
1768497891.6707678,49.279
1768497891.7729793,39.557
1768497891.8752594,36.94
1768497891.9773827,47.675
1768497892.083727,33.804
1768497892.186156,46.424
1768497892.288473,37.927
1768497892.3908007,37.236
1768497892.4931154,44.626
1768497892.5955045,33.705
1768497892.6978736,42.61
1768497892.80013,41.231
1768497892.9024673,34.988
1768497893.0085838,48.138
1768497893.1109376,39.11
1768497893.213676,36.349
1768497893.3160222,46.156
1768497893.4186563,33.428
1768497893.5210004,44.062
1768497893.6237695,37.159
1768497893.7261834,36.842
1768497893.8326747,44.58
1768497893.935012,33.902
1768497894.0374959,47.184
1768497894.1435766,33.033
1768497894.2458913,47.774
1768497894.3481827,33.132
1768497894.45221,41.527
1768497894.5570567,38.025
1768497894.6594076,35.58
1768497894.7617252,44.652
1768497894.8639085,34.199
1768497894.9662948,39.974
1768497895.0686762,40.247
1768497895.1709938,34.297
1768497895.2734056,50.105
1768497895.3797107,38.989
1768497895.4825206,43.078
1768497895.5847676,34.199
1768497895.6869342,45.905
1768497895.7891498,45.046
1768497895.891311,33.902
1768497895.993439,42.807
1768497896.0958219,39.754
1768497896.197974,35.757
1768497896.3036783,47.085
1768497896.4059691,33.329
1768497896.5084474,43.497
1768497896.6108627,38.89
1768497896.713523,49.643
1768497896.8158987,33.902
1768497896.9183104,44.062
1768497897.0206852,42.512
1768497897.1282532,34.297
1768497897.230701,46.397
1768497897.3330097,39.482
1768497897.435397,35.58
1768497897.53785,47.647
1768497897.6401358,38.639
1768497897.7427974,38.89
1768497897.845182,41.748
1768497897.9519002,34.199
1768497898.0543911,44.58
1768497898.1570995,39.11
1768497898.2594264,35.284
1768497898.3643966,45.834
1768497898.4673872,33.033
1768497898.5697308,40.96
1768497898.6757967,43.57
1768497898.7780795,34.001
1768497898.8804984,42.906
1768497898.9829,39.899
1768497899.0852098,36.842
1768497899.187522,48.069
1768497899.2898896,33.705
1768497899.3921614,39.186
1768497899.4944377,44.259
1768497899.5999465,45.538
1768497899.7025254,39.557
1768497899.8045933,35.58
1768497899.9067569,50.105
1768497900.0090842,39.087
1768497900.1113496,35.876
1768497900.2135432,48.364
1768497900.3156853,39.801
1768497900.4177804,36.25
1768497900.5199473,50.626
1768497900.625175,33.804
1768497900.7274828,38.42
1768497900.8298674,50.664
1768497900.932114,38.397
1768497901.034394,37.729
1768497901.1372929,51.776
1768497901.2404282,40.247
1768497901.3427515,36.447
1768497901.44962,53.972
1768497901.5518737,39.58
1768497901.6540656,38.716
1768497901.7565615,44.823
1768497901.8589902,36.25
1768497901.9612606,48.728
1768497902.0638733,39.679
1768497902.16662,39.679
1768497902.2728739,39.853
1768497902.3757012,37.335
1768497902.4781733,52.759
1768497902.5805357,39.603
1768497902.6846015,36.447
1768497902.7870502,52.008
1768497902.8893652,38.299
1768497902.991702,38.124
1768497903.0978386,51.419
1768497903.200191,39.284
1768497903.3023806,36.645
1768497903.4047327,48.266
1768497903.5070581,40.861
1768497903.6095016,36.053
1768497903.711978,47.45
1768497903.8142636,39.505
1768497903.9165504,37.729
1768497904.0229003,39.505
1768497904.1251025,39.163
1768497904.2274482,43.201
1768497904.3297572,35.679
1768497904.4319236,48.827
1768497904.5340643,34.199
1768497904.6362684,50.271
1768497904.738473,35.383
1768497904.8408082,44.285
1768497904.9465966,34.199
1768497905.0489373,50.793
1768497905.1511738,34.692
1768497905.2535121,38.003
1768497905.35577,45.315
1768497905.4580953,33.113
1768497905.5603378,38.89
1768497905.6627276,45.145
1768497905.76516,33.31
1768497905.8716443,40.27
1768497905.974125,44.849
1768497906.0766435,34.791
1768497906.17895,44.357
1768497906.2813034,41.059
1768497906.3836553,35.778
1768497906.4858952,49.878
1768497906.5892303,33.705
1768497906.6946402,39.262
1768497906.7970164,34.988
1768497906.8994892,48.503
1768497907.00237,33.705
1768497907.104679,39.482
1768497907.2071483,38.595
1768497907.3095484,36.743
1768497907.41192,46.55
1768497907.5142775,34.692
1768497907.6196637,47.212
1768497907.7222476,39.209
1768497907.8245938,35.383
1768497907.9270155,49.249
1768497908.029598,32.934
1768497908.1319046,39.679
1768497908.2342849,42.709
1768497908.3368268,33.804
1768497908.4392483,42.709
1768497908.544894,35.856
1768497908.6475716,46.227
1768497908.7497547,32.916
1768497908.85197,37.631
1768497908.9542136,46.495
1768497909.0564826,35.56
1768497909.158704,37.039
1768497909.2609224,49.22
1768497909.3631446,39.186
1768497909.469295,36.25
1768497909.5716696,47.605
1768497909.6740847,41.404
1768497909.77636,35.185
1768497909.878669,41.921
1768497909.980997,44.062
1768497910.083264,34.791
1768497910.1855667,45.145
1768497910.2877955,42.782
1768497910.3938046,35.087
1768497910.4960399,43.989
1768497910.598367,44.285
1768497910.7008765,34.791
1768497910.8032682,43.004
1768497910.9055932,46.03
1768497911.008321,34.495
1768497911.1107504,41.428
1768497911.2158227,45.315
1768497911.3181875,35.778
1768497911.4232824,36.764
1768497911.5274112,47.774
1768497911.6296487,39.679
1768497911.7317944,36.074
1768497911.8340495,49.515
1768497911.936434,38.595
1768497912.0418792,35.954
1768497912.1442184,52.267
1768497912.2464426,38.913
1768497912.3488317,39.58
1768497912.4511657,48.433
1768497912.5533888,34.297
1768497912.655771,42.093
1768497912.7582002,42.388
1768497912.8605182,49.348
1768497912.9672415,39.603
1768497913.069636,36.567
1768497913.1721106,51.517
1768497913.274603,38.124
1768497913.3769472,36.053
1768497913.4792864,52.267
1768497913.581764,38.814
1768497913.6842737,36.94
1768497913.7896988,50.468
1768497913.8920817,38.223
1768497913.9944866,37.335
1768497914.0967567,48.167
1768497914.199084,34.297
1768497914.3014255,47.085
1768497914.4037728,39.58
1768497914.5061147,38.025
1768497914.6085026,44.823
1768497914.7135134,35.087
1768497914.8160012,48.364
1768497914.918737,36.645
1768497915.0211658,38.693
1768497915.1234396,43.839
1768497915.2260263,35.185
1768497915.3283732,46.987
1768497915.430826,39.482
1768497915.533188,36.764
1768497915.6483295,46.102
1768497915.7504802,34.001
1768497915.8526392,40.739
1768497915.95501,38.769
1768497916.061634,35.461
1768497916.1638753,48.138
1768497916.266222,38.572
1768497916.3685808,36.151
1768497916.4709287,44.948
1768497916.5732439,34.889
1768497916.6756473,47.015
1768497916.7781985,47.45
1768497916.88136,33.902
1768497916.9858816,40.763
1768497917.0881875,45.834
1768497917.1905909,34.396
1768497917.2928615,40.664
1768497917.395233,47.704
1768497917.4976406,34.791
1768497917.5999923,48.237
1768497917.702413,38.299
1768497917.809628,38.89
1768497917.9120033,47.45
1768497918.0143178,37.708
1768497918.1167169,37.905
1768497918.2191706,47.085
1768497918.3215063,39.58
1768497918.423938,35.876
1768497918.5263567,52.924
1768497918.628904,37.489
1768497918.735522,37.609
1768497918.837767,51.02
1768497918.9401686,33.428
1768497919.042564,41.748
1768497919.1448054,43.373
1768497919.2471063,35.185
1768497919.3493068,47.605
1768497919.451805,39.58
1768497919.5580575,36.842
1768497919.6604311,46.79
1768497919.762886,34.396
1768497919.8667822,44.554
1768497919.9690692,48.983
1768497920.071341,38.299
1768497920.1738167,36.447
1768497920.2760363,53.611
1768497920.3820674,39.012
1768497920.4844303,35.087
1768497920.5868158,44.554
1768497920.689138,41.921
1768497920.7914786,34.495
1768497920.8937614,40.739
1768497920.9961855,45.413
1768497921.0986245,42.881
1768497921.2008102,42.388
1768497921.3062265,35.383
1768497921.4086025,48.462
1768497921.511099,40.294
1768497921.613385,35.58
1768497921.7155926,48.393
1768497921.8179684,43.078
1768497921.9202478,35.185
1768497922.0225244,47.549
1768497922.125251,40.444
1768497922.229803,36.151
1768497922.3320508,52.039
1768497922.4345222,38.572
1768497922.5369182,37.631
1768497922.6394463,54.659
1768497922.741979,39.777
1768497922.8443913,36.94
1768497922.9468844,53.022
1768497923.0531595,34.001
1768497923.1557283,42.807
1768497923.2583563,39.36
1768497923.3608494,36.743
1768497923.463549,51.874
1768497923.566111,33.804
1768497923.6701038,40.936
1768497923.7724452,41.921
1768497923.8783565,33.902
1768497923.9819784,47.38
1768497924.0842955,37.708
1768497924.186663,37.039
1768497924.2892094,41.231
1768497924.39152,35.284
1768497924.4941742,44.088
1768497924.5964751,34.199
1768497924.7017233,47.479
1768497924.8041205,36.82
1768497924.9066632,38.223
1768497925.0091434,40.345
1768497925.1116006,34.1
1768497925.2140076,46.593
1768497925.3164353,38.989
1768497925.4194753,43.891
1768497925.521927,34.791
1768497925.6264002,51.383
1768497925.7290978,33.113
1768497925.831423,40.467
1768497925.9341793,41.748
1768497926.0365932,35.975
1768497926.138932,49.81
1768497926.2412877,33.508
1768497926.3436618,44.383
1768497926.4498732,33.31
1768497926.5523856,50.301
1768497926.6547318,33.902
1768497926.7572112,32.243
1768497926.859661,49.151
1768497926.9622889,37.51
1768497927.0647027,38.595
1768497927.1671634,41.822
1768497927.2730017,34.001
1768497927.3755503,46.102
1768497927.4781287,36.447
1768497927.5806372,39.58
1768497927.6832354,41.133
1768497927.7858274,35.481
1768497927.88885,47.015
1768497927.991481,33.212
1768497928.0941586,43.078
1768497928.2015893,39.702
1768497928.303889,34.692
1768497928.4062724,50.369
1768497928.508555,38.716
1768497928.6109068,36.567
1768497928.7132163,50.762
1768497928.8157287,39.186
1768497928.9180071,36.645
1768497929.0239563,47.999
1768497929.126394,34.1
1768497929.2286518,41.354
1768497929.3308985,46.861
1768497929.4332209,34.199
1768497929.5357127,41.551
1768497929.6381447,33.804
1768497929.7409592,39.383
1768497929.8432891,46.298
1768497929.9502757,35.087
1768497930.052761,44.626
1768497930.1552947,44.357
1768497930.257544,33.902
1768497930.3598757,41.133
1768497930.4623096,45.046
1768497930.564593,34.1
1768497930.6669078,38.518
1768497930.7692585,47.015
1768497930.8760989,33.31
1768497930.9784896,43.103
1768497931.080783,40.369
1768497931.183212,35.658
1768497931.2855213,48.462
1768497931.387853,41.231
1768497931.4902408,34.889
1768497931.5925097,48.196
1768497931.698383,38.102
1768497931.800741,39.087
1768497931.903673,49.289
1768497932.0060503,37.609
1768497932.1084387,38.003
1768497932.2108047,48.462
1768497932.3133616,33.705
1768497932.4166348,42.585
1768497932.5228891,40.542
1768497932.6252394,35.185
1768497932.7275705,46.129
1768497932.83007,41.601
1768497932.9323537,34.988
1768497933.0347753,48.167
1768497933.137114,42.118
1768497933.2393854,35.087
1768497933.3418283,44.626
1768497933.4466498,38.989
1768497933.5490222,36.743
1768497933.651364,49.682
1768497933.7538717,38.518
1768497933.8561924,52.138
1768497933.959831,33.705
1768497934.0621328,39.876
1768497934.1644316,47.38
1768497934.2705894,34.1
1768497934.3728774,39.383
1768497934.4751918,48.237
1768497934.5775163,34.199
1768497934.6798553,40.861
1768497934.7823138,43.471
1768497934.8846598,35.954
1768497934.9870503,45.932
1768497935.089415,34.1
1768497935.1947448,43.398
1768497935.297129,40.172
1768497935.3996875,35.56
1768497935.5022905,38.223
1768497935.6048908,38.89
1768497935.707165,39.459
1768497935.8097608,35.087
1768497935.9120572,48.462
1768497936.0183873,37.631
1768497936.120776,38.025
1768497936.223207,46.523
1768497936.3256965,33.014
1768497936.4281313,39.482
1768497936.530494,34.1
1768497936.6345203,43.201
1768497936.7369487,33.033
1768497936.8429778,37.729
1768497936.94529,38.617
1768497937.0477388,42.019
1768497937.1500883,34.988
1768497937.2523935,50.793
1768497937.3545763,38.814
1768497937.4568477,38.223
1768497937.5592759,37.215
1768497937.6659045,40.664
1768497937.7682204,42.069
1768497937.8707047,34.791
1768497937.9732397,33.508
1768497938.0769222,45.806
1768497938.1791043,33.409
1768497938.2814963,46.495
1768497938.3836234,32.836
1768497938.4886336,41.157
1768497938.5910604,40.172
1768497938.6934292,33.902
1768497938.7957923,47.184
1768497938.8980818,39.262
1768497939.0003796,35.856
1768497939.1027403,48.757
1768497939.2050683,34.1
1768497939.3074698,41.157
1768497939.4130838,44.974
1768497939.5155199,34.593
1768497939.617857,44.357
1768497939.720323,40.148
1768497939.8226686,34.889
1768497939.9249296,43.963
1768497940.0274334,40.392
1768497940.1299226,36.447
1768497940.2324173,47.97
1768497940.3377607,33.804
1768497940.4400885,41.847
1768497940.5424736,43.497
1768497940.6448576,34.988
1768497940.7473128,53.611
1768497940.8506322,37.729
1768497940.9529524,38.89
1768497941.055277,42.192
1768497941.1617153,34.988
1768497941.2641847,52.334
1768497941.3664403,33.705
1768497941.4689007,39.284
1768497941.571364,40.172
1768497941.6737976,35.087
1768497941.7761931,45.905
1768497941.878562,33.231
1768497941.9852495,41.157
1768497942.087583,38.617
1768497942.190009,35.679
1768497942.2923875,32.737
1768497942.3953843,40.073
1768497942.497771,43.004
1768497942.600007,33.409
1768497942.7023032,41.428
1768497942.8091214,43.57
1768497942.9115,33.508
1768497943.0139198,43.3
1768497943.1165276,43.373
1768497943.218798,33.508
1768497943.3212361,39.777
1768497943.4236104,45.315
1768497943.5260737,34.1
1768497943.6284907,46.593
1768497943.7332277,38.321
1768497943.8355205,36.25
1768497943.9379,50.528
1768497944.0407574,37.138
1768497944.1429865,39.186
1768497944.2453315,46.692
1768497944.347721,37.784
1768497944.4500575,37.532
1768497944.55252,45.538
1768497944.657636,34.199
1768497944.7601156,48.797
1768497944.8625515,33.231
1768497944.9648342,41.921
1768497945.067196,38.442
1768497945.1703732,37.236
1768497945.2727199,51.026
1768497945.374993,33.409
1768497945.4771802,40.838
1768497945.5831916,40.861
1768497945.6855323,35.087
1768497945.787793,48.503
1768497945.8901832,33.113
1768497945.9927895,42.906
1768497946.095245,38.913
1768497946.1976569,36.743
1768497946.300044,46.326
1768497946.4071229,33.31
1768497946.509436,49.249
1768497946.6118667,45.216
1768497946.7152221,34.593
1768497946.8175015,38.693
1768497946.9197247,34.593
1768497947.0220275,43.767
1768497947.1242833,32.441
1768497947.230254,38.913
1768497947.3326728,42.881
1768497947.4350302,33.902
1768497947.5373626,46.102
1768497947.6397457,37.335
1768497947.7421594,36.645
1768497947.8445783,45.484
1768497947.947098,33.705
1768497948.0494895,50.498
1768497948.1544695,33.113
1768497948.2567809,39.284
1768497948.3592367,43.792
1768497948.4615803,33.804
1768497948.5639586,47.282
1768497948.6663063,37.631
1768497948.7687435,38.223
1768497948.8710947,44.456
1768497948.9739673,33.033
1768497949.07986,49.583
1768497949.182561,32.441
1768497949.2848868,41.724
1768497949.3883996,38.299
1768497949.4908237,37.138
1768497949.5933712,41.724
1768497949.6958432,33.902
1768497949.7982984,44.554
1768497949.903561,32.342
1768497950.0058172,42.216
1768497950.1084163,36.567
1768497950.2108176,36.25
1768497950.3131642,41.625
1768497950.4155083,32.737
1768497950.5178692,46.818
1768497950.620252,37.335
1768497950.722611,37.039
1768497950.8277557,44.652
1768497950.9302418,33.508
1768497951.032828,37.784
1768497951.1354375,36.94
1768497951.2376926,45.637
1768497951.3398848,33.231
1768497951.4421325,43.004
1768497951.5445395,39.853
1768497951.646906,34.495
1768497951.7517216,49.053
1768497951.8541,38.397
1768497951.9563823,36.25
1768497952.0589654,43.471
1768497952.16125,34.297
1768497952.2636278,48.532
1768497952.365942,34.495
1768497952.468319,38.025
1768497952.5707803,42.709
1768497952.6767678,34.001
1768497952.7790425,44.186
1768497952.881468,39.429
1768497952.9838743,36.645
1768497953.0861714,46.916
1768497953.188634,33.428
1768497953.2909896,42.807
1768497953.3938642,38.845
1768497953.4997396,34.889
1768497953.605768,49.81
1768497953.7080936,39.012
1768497953.8104222,35.757
1768497953.9127898,48.04
1768497954.0150511,33.113
1768497954.1173332,45.735
1768497954.223931,37.729
1768497954.3262014,37.51
1768497954.4284759,44.062
1768497954.5308647,33.033
1768497954.6335917,44.974
1768497954.7360046,37.236
1768497954.8383284,36.271
1768497954.9408782,45.735
1768497955.043324,32.934
1768497955.1491873,42.906
1768497955.2516208,35.876
1768497955.3539057,45.118
1768497955.4560611,32.916
1768497955.5582726,40.467
1768497955.6604323,38.2
1768497955.7626321,36.842
1768497955.8648124,42.906
1768497955.9668927,33.902
1768497956.071621,49.839
1768497956.1742716,32.836
1768497956.2767544,41.847
1768497956.3790064,38.321
1768497956.481244,37.039
1768497956.5837324,40.27
1768497956.6861575,38.003
1768497956.7887125,33.606
1768497956.8910751,45.708
1768497956.9964797,38.792
1768497957.0988946,37.828
1768497957.2013545,44.948
1768497957.304041,34.396
1768497957.4063709,48.63
1768497957.5087693,37.215
1768497957.6116703,38.693
1768497957.7140973,39.853
1768497957.816731,34.593
1768497957.9221041,49.023
1768497958.0327787,34.199
1768497958.1352718,40.369
1768497958.2376175,44.16
1768497958.3445592,34.297
1768497958.4468975,49.151
1768497958.5493238,37.828
1768497958.6519017,36.151
1768497958.754218,51.972
1768497958.8568034,33.508
1768497958.9591775,40.763
1768497959.0615358,42.636
1768497959.1677368,49.711
1768497959.2707608,33.231
1768497959.3731024,41.724
1768497959.4753942,41.059
1768497959.5777874,35.185
1768497959.6800942,51.383
1768497959.782381,38.277
1768497959.8848438,38.124
1768497959.9900064,46.03
1768497960.0922966,33.804
1768497960.1946867,39.777
1768497960.2970226,46.424
1768497960.3993318,33.212
1768497960.501761,38.025
1768497960.604049,45.905
1768497960.706315,37.554
1768497960.8085938,35.383
1768497960.9109447,48.659
1768497961.0157008,40.148
1768497961.118164,36.37
1768497961.2205336,51.223
1768497961.322928,38.572
1768497961.4252062,36.447
1768497961.5275946,53.054
1768497961.6305094,39.482
1768497961.7328074,35.954
1768497961.8351533,46.074
1768497961.9415739,44.16
1768497962.044009,34.297
1768497962.1462824,48.364
1768497962.2494683,39.307
1768497962.3517249,38.989
1768497962.4538803,49.544
1768497962.5560532,34.869
1768497962.658338,38.496
1768497962.7644672,49.515
1768497962.8668866,33.231
1768497962.9692037,43.201
1768497963.071551,43.792
1768497963.1739151,34.593
1768497963.276268,42.315
1768497963.378554,45.44
1768497963.4807618,33.804
1768497963.5830307,43.078
1768497963.6852694,45.806
1768497963.7900805,39.11
1768497963.8925154,48.532
1768497963.9947035,38.42
1768497964.0968127,37.828
1768497964.1990147,47.97
1768497964.3011222,33.508
1768497964.4031942,39.383
1768497964.5053937,47.675
1768497964.6076758,38.474
1768497964.7144897,37.215
1768497964.8168428,46.987
1768497964.9192023,39.012
1768497965.0216012,36.053
1768497965.1241527,49.515
1768497965.2263477,42.413
1768497965.3287125,35.362
1768497965.4310498,46.916
1768497965.5333662,40.467
1768497965.6391149,35.362
1768497965.7415633,42.881
1768497965.8439834,44.823
1768497965.946339,34.988
1768497966.048774,43.398
1768497966.1511343,41.157
1768497966.253507,35.461
1768497966.3557303,49.485
1768497966.4623334,33.606
1768497966.5647526,39.876
1768497966.6686738,49.485
1768497966.7711082,39.974
1768497966.8734736,46.326
1768497966.9757113,34.988
1768497967.077955,39.876
1768497967.1802537,39.262
1768497967.286885,34.593
1768497967.389185,49.19
1768497967.4914994,38.2
1768497967.593783,36.37
1768497967.696027,49.348
1768497967.79843,33.606
1768497967.9008563,48.196
1768497968.0031989,37.905
1768497968.1054971,35.954
1768497968.2103868,34.495
1768497968.3130977,48.237
1768497968.4152772,33.409
1768497968.5174754,34.1
1768497968.6197093,48.393
1768497968.7219791,33.606
1768497968.824262,40.05
1768497968.9263844,45.243
1768497969.0285323,33.902
1768497969.1341453,45.046
1768497969.2365038,40.763
1768497969.3388286,34.692
1768497969.4417393,45.046
1768497969.5440886,39.998
1768497969.646524,34.593
1768497969.7489226,48.04
1768497969.851339,37.159
1768497969.953727,37.905
1768497970.0560553,44.134
1768497970.1605902,33.705
1768497970.262937,47.282
1768497970.365286,32.737
1768497970.468047,41.453
1768497970.5705485,44.088
1768497970.6729202,33.606
1768497970.77542,41.625
1768497970.8815947,45.413
1768497970.9838722,34.297
1768497971.0863345,42.216
1768497971.1895087,42.019
1768497971.291824,34.692
1768497971.3941867,43.767
1768497971.4965477,43.767
1768497971.5989842,34.593
1768497971.7012405,41.748
1768497971.8035786,43.865
1768497971.9096546,34.495
1768497972.012035,42.512
1768497972.1144261,41.453
1768497972.2167885,35.461
1768497972.3191512,47.647
1768497972.4214382,39.209
1768497972.5238242,38.792
1768497972.6260953,49.741
1768497972.7284732,34.593
1768497972.8326447,45.905
1768497972.935056,34.593
1768497973.0372074,42.512
1768497973.1395102,44.036
1768497973.2417872,34.495
1768497973.3440435,43.595
1768497973.4462557,41.995
1768497973.5487053,35.383
1768497973.6509767,52.236
1768497973.7531672,34.849
1768497973.859693,37.532
1768497973.9621313,47.38
1768497974.064584,33.409
1768497974.166941,38.814
1768497974.269195,47.872
1768497974.371501,33.705
1768497974.4737935,39.012
1768497974.5760858,47.774
1768497974.6785378,34.988
1768497974.7847316,39.482
1768497974.8872461,48.63
1768497974.989748,33.705
1768497975.0921192,41.231
1768497975.1943574,44.777
1768497975.2971082,34.495
1768497975.3996255,44.849
1768497975.5019615,42.315
1768497975.605853,34.988
1768497975.7105544,45.905
1768497975.812871,40.073
1768497975.915129,37.138
1768497976.0173972,47.577
1768497976.1198602,33.113
1768497976.2221806,43.3
1768497976.3246706,41.354
1768497976.4270644,34.692
1768497976.5295718,52.236
1768497976.6352344,38.397
1768497976.7378943,39.58
1768497976.8403265,34.1
1768497976.9428184,41.453
1768497977.0452323,40.247
1768497977.1477268,35.087
1768497977.2501094,52.727
1768497977.3524756,38.025
1768497977.4591398,43.446
1768497977.561547,34.593
1768497977.6639314,51.481
1768497977.766199,33.804
1768497977.8684886,45.243
1768497977.9707716,34.692
1768497978.0729513,39.087
1768497978.1751754,43.3
1768497978.2773292,33.31
1768497978.3824337,43.3
1768497978.4849517,39.777
1768497978.5873158,34.396
1768497978.6895778,49.023
1768497978.7920206,38.08
1768497978.8944216,35.778
1768497978.996697,51.579
1768497979.0990653,35.954
1768497979.201561,37.532
1768497979.3076985,48.237
1768497979.4099936,37.927
1768497979.5123298,39.284
1768497979.6148453,43.373
1768497979.717746,34.396
1768497979.8203135,47.774
1768497979.923812,37.159
1768497980.0261767,38.518
1768497980.1314807,41.724
1768497980.2340345,34.692
1768497980.3363883,48.827
1768497980.4388096,38.025
1768497980.5412495,36.053
1768497980.6436055,46.227
1768497980.7461145,33.212
1768497980.8484771,41.256
1768497980.9508483,44.482
1768497981.0551543,34.495
1768497981.1574118,45.932
1768497981.259856,41.773
1768497981.3620572,35.185
1768497981.464544,42.979
1768497981.566865,39.824
1768497981.6693482,38.321
1768497981.7717593,38.102
1768497981.8755152,37.532
1768497981.9806569,47.774
1768497982.0830042,34.001
1768497982.1853747,40.936
1768497982.2878165,42.585
1768497982.3900843,35.087
1768497982.4924767,50.891
1768497982.5949721,38.496
1768497982.6972659,36.25
1768497982.8022752,48.954
1768497982.904599,41.601
1768497983.0068493,35.58
1768497983.1092458,49.908
1768497983.2119486,37.927
1768497983.3143413,36.842
1768497983.4168553,49.092
1768497983.5193074,42.413
1768497983.6217148,34.593
1768497983.7268994,41.231
1768497983.8293512,47.675
1768497983.9315877,33.902
1768497984.0339332,41.724
1768497984.1362045,43.325
1768497984.2383714,35.975
1768497984.3419905,52.071
1768497984.4442825,37.434
1768497984.5501847,38.397
1768497984.6524339,47.507
1768497984.7548862,33.902
1768497984.8571808,46.593
1768497984.9595697,37.236
1768497985.0620153,37.828
1768497985.1643705,44.921
1768497985.2666054,34.396
1768497985.3688505,46.03
1768497985.475259,38.299
1768497985.5776074,35.185
1768497985.6800253,47.507
1768497985.7824292,36.743
1768497985.8847551,38.2
1768497985.9870136,45.046
1768497986.0893543,34.297
1768497986.1917694,33.014
1768497986.294672,41.33
1768497986.4004793,38.716
1768497986.502851,36.151
1768497986.6053116,47.085
1768497986.7076983,39.777
1768497986.810394,34.889
1768497986.9127839,41.059
1768497987.0151227,46.298
1768497987.1173933,34.1
1768497987.2232335,45.44
1768497987.3256269,38.2
1768497987.4279253,39.876
1768497987.5302594,40.664
1768497987.6325266,34.889
1768497987.734833,44.429
1768497987.8371582,34.001
1768497987.939583,47.409
1768497988.0418704,36.447
1768497988.148616,38.595
1768497988.2510257,41.625
1768497988.3534358,34.001
1768497988.4557252,45.932
1768497988.5597072,38.299
1768497988.6619809,34.593
1768497988.764214,48.138
1768497988.8665833,38.518
1768497988.9716485,35.856
1768497989.0740914,46.102
1768497989.1765008,33.804
1768497989.2789295,48.335
1768497989.381563,37.927
1768497989.483946,37.236
1768497989.5862756,44.652
1768497989.688749,33.804
1768497989.7911568,42.979
1768497989.8954015,41.306
1768497989.9979758,34.692
1768497990.1004822,45.243
1768497990.202968,36.447
1768497990.3055773,37.138
1768497990.4082062,45.61
1768497990.5106468,44.16
1768497990.612889,39.087
1768497990.7193272,35.087
1768497990.8219614,50.203
1768497990.924336,37.532
1768497991.026683,37.236
1768497991.129046,43.668
1768497991.2315083,34.495
1768497991.3338714,51.223
1768497991.4364057,38.2
1768497991.5387883,36.447
1768497991.6438193,49.416
1768497991.7464705,37.729
1768497991.8489935,36.743
1768497991.951536,48.728
1768497992.0540073,37.708
1768497992.1563122,40.566
1768497992.2588708,43.741
1768497992.361287,34.495
1768497992.463737,50.203
1768497992.568906,39.974
1768497992.6712153,35.461
1768497992.7734985,40.345
1768497992.8759882,47.212
1768497992.9794846,33.231
1768497993.0818124,38.693
1768497993.1842818,44.777
1768497993.286789,33.804
1768497993.3926792,43.03
1768497993.494937,41.133
1768497993.5972724,34.889
1768497993.6995826,46.03
1768497993.8018758,38.769
1768497993.904213,36.271
1768497994.0066137,52.531
1768497994.10897,33.705
1768497994.2114418,51.45
1768497994.3181317,33.705
1768497994.4205933,38.989
1768497994.522857,48.954
1768497994.6253424,34.1
1768497994.7276826,39.679
1768497994.8301103,35.481
1768497994.9326599,38.792
1768497995.0348692,48.827
1768497995.1415098,33.804
1768497995.2438223,38.299
1768497995.3463955,47.844
1768497995.4487054,34.297
1768497995.5510101,50.006
1768497995.653367,34.692
1768497995.7556093,43.865
1768497995.8579369,36.053
1768497995.9603152,50.203
1768497996.0657375,37.631
1768497996.167988,38.913
1768497996.2704291,45.341
1768497996.3735101,33.409
1768497996.4761465,43.937
1768497996.5786312,33.804
1768497996.6819499,43.201
1768497996.7844002,40.073
1768497996.8907223,40.467
1768497996.9971428,33.409
1768497997.100415,46.818
1768497997.202683,37.039
1768497997.304856,37.039
1768497997.4071908,46.227
1768497997.5143564,32.737
1768497997.6166794,44.134
1768497997.7190137,39.087
1768497997.8214302,34.889
1768497997.9237552,45.243
1768497998.0260293,37.018
1768497998.1283467,42.684
1768497998.230654,35.481
1768497998.337659,39.974
1768497998.439884,38.617
1768497998.5421066,39.974
1768497998.6444027,39.754
1768497998.7468336,36.447
1768497998.8491364,33.508
1768497998.9514842,46.79
1768497999.053845,32.934
1768497999.1561363,50.331
1768497999.2608032,33.113
1768497999.363227,47.97
1768497999.4657216,38.146
1768497999.5680752,36.25
1768497999.6704383,50.891
1768497999.772705,38.913
1768497999.8751352,35.284
1768497999.9774623,48.167
1768498000.0798542,38.913
1768498000.1847837,35.284
1768498000.2870157,50.241
1768498000.3894744,38.375
1768498000.491764,39.974
1768498000.5941544,44.652
1768498000.6964724,33.606
1768498000.798862,38.693
1768498000.9014378,46.719
1768498001.0037444,33.033
1768498001.1106498,38.223
1768498001.218543,46.2
1768498001.3214722,37.335
1768498001.423646,38.397
1768498001.5259666,48.04
1768498001.6282196,36.842
1768498001.7329447,39.087
1768498001.8353767,47.844
1768498001.937674,33.508
1768498002.0400977,38.397
1768498002.1424117,47.38
1768498002.2447205,34.396
1768498002.3471184,42.315
1768498002.449389,43.767
1768498002.551804,34.593
1768498002.658023,45.932
1768498002.760545,40.223
1768498002.862928,35.185
1768498002.9652863,48.699
1768498003.0675936,37.039
1768498003.17016,48.63
1768498003.2724762,34.001
1768498003.3748226,43.989
1768498003.48147,44.259
1768498003.5839531,34.791
1768498003.686407,43.201
1768498003.7887063,42.659
1768498003.8911035,34.968
1768498003.9934418,46.818
1768498004.0960643,39.11
1768498004.1983297,37.434
1768498004.3006701,47.872
1768498004.4062967,33.31
1768498004.5085588,40.444
1768498004.6108701,49.023
1768498004.7132618,33.705
1768498004.8155818,41.625
1768498004.9179385,45.735
1768498005.020808,34.495
1768498005.123064,44.948
1768498005.2253788,39.186
1768498005.3304474,37.138
1768498005.432792,47.212
1768498005.5352132,34.692
1768498005.6376867,44.062
1768498005.7414126,39.58
1768498005.843748,36.349
1768498005.9460502,49.711
1768498006.0483277,38.792
1768498006.1527312,37.039
1768498006.254983,48.925
1768498006.357391,35.757
1768498006.4598317,38.003
1768498006.562055,45.386
1768498006.6643925,33.212
1768498006.766904,39.012
1768498006.8693137,35.778
1768498006.9716856,48.335
1768498007.0740495,35.165
1768498007.1765957,39.702
1768498007.2815564,36.447
1768498007.3839478,37.631
1768498007.4862666,45.905
1768498007.588711,34.001
1768498007.6910212,43.963
1768498007.793539,33.231
1768498007.8958693,41.354
1768498007.9980655,46.692
1768498008.100245,36.842
1768498008.2023582,39.679
1768498008.3079576,47.999
1768498008.4101892,34.08
1768498008.5129275,38.89
1768498008.6152873,47.675
1768498008.7178543,35.461
1768498008.820294,39.087
1768498008.9229963,43.57
1768498009.0253513,35.185
1768498009.1322925,51.579
1768498009.2348757,38.003
1768498009.3370235,38.716
1768498009.4393654,47.577
1768498009.5417511,34.692
1768498009.6442673,46.719
1768498009.7466,38.716
1768498009.8495038,38.321
1768498009.9553127,47.212
1768498010.0575705,34.593
1768498010.161531,44.036
1768498010.2639663,42.537
1768498010.3662648,35.185
1768498010.4686904,47.901
1768498010.5710368,38.693
1768498010.6734304,35.679
1768498010.7792385,47.647
1768498010.8816614,35.264
1768498010.9840486,39.679
1768498011.086356,43.668
1768498011.188784,34.199
1768498011.2910357,42.438
1768498011.393298,42.487
1768498011.4956114,34.297
1768498011.5979092,43.497
1768498011.7039702,42.216
1768498011.806379,34.692
1768498011.9087148,43.373
1768498012.011055,36.074
1768498012.1135473,48.364
1768498012.2157764,33.31
1768498012.3179407,38.595
1768498012.4201534,46.987
1768498012.5223684,34.001
1768498012.6282632,39.974
1768498012.7306921,49.741
1768498012.8330393,35.481
1768498012.9354172,37.631
1768498013.0378752,47.802
1768498013.1405962,34.593
1768498013.2431395,47.057
1768498013.3456006,40.444
1768498013.4479322,36.546
1768498013.5526752,47.549
1768498013.6550384,33.804
1768498013.7573717,43.201
1768498013.8602464,44.876
1768498013.9626215,34.692
1768498014.0648072,47.647
1768498014.1671484,38.769
1768498014.2695584,38.989
1768498014.3719013,47.844
1768498014.477215,34.297
1768498014.5795019,42.782
1768498014.681883,38.595
1768498014.784309,40.172
1768498014.8866985,42.216
1768498014.989043,34.791
1768498015.0913413,45.976
1768498015.1938224,33.705
1768498015.2962255,46.959
1768498015.4015956,33.014
1768498015.5045662,39.383
1768498015.607097,42.241
1768498015.7093844,33.902
1768498015.8119178,50.006
1768498015.9143121,38.89
1768498016.0166266,35.876
1768498016.118983,47.38
1768498016.2214735,33.508
1768498016.3273795,41.354
1768498016.4297202,44.259
1768498016.531995,46.888
1768498016.6374848,32.836
1768498016.7397938,44.285
1768498016.8421152,34.297
1768498016.9443579,34.297
1768498017.046641,46.916
1768498017.15184,33.705
1768498017.2543037,43.865
1768498017.3567753,38.2
1768498017.4590776,37.927
1768498017.5613887,44.849
1768498017.663716,34.791
1768498017.7662606,49.515
1768498017.8686776,33.606
1768498017.970901,41.059
1768498018.073277,39.186
1768498018.1788263,35.679
1768498018.2812688,51.776
1768498018.3836155,39.383
1768498018.4859295,36.94
1768498018.5882418,49.387
1768498018.690587,33.606
1768498018.792989,39.186
1768498018.8989153,45.806
1768498019.0033913,35.284
1768498019.1058085,48.797
1768498019.208162,38.102
1768498019.3105536,37.927
1768498019.4129064,44.823
1768498019.51533,33.606
1768498019.617684,51.745
1768498019.719972,34.278
1768498019.822419,39.284
1768498019.9293525,42.881
1768498020.0317335,34.297
1768498020.1342876,47.31
1768498020.2367947,37.806
1768498020.3390923,37.335
1768498020.4414651,47.338
1768498020.543766,37.587
1768498020.6459985,36.645
1768498020.7521598,46.495
1768498020.854513,46.692
1768498020.958069,41.822
1768498021.060345,35.778
1768498021.162522,45.61
1768498021.2647092,40.096
1768498021.3670063,36.25
1768498021.4692254,52.334
1768498021.5760791,35.087
1768498021.6784098,41.625
1768498021.7809658,40.369
1768498021.8833,36.349
1768498021.9857225,50.989
1768498022.0879703,37.236
1768498022.1902826,38.321
1768498022.2927897,47.085
1768498022.3988674,34.199
1768498022.5014725,41.059
1768498022.6041589,44.062
1768498022.706519,34.495
1768498022.8087537,43.274
1768498022.9158337,38.299
1768498023.0182679,36.842
1768498023.1251445,47.774
1768498023.2274072,33.606
1768498023.3297565,41.453
1768498023.4319634,41.306
1768498023.5342178,34.771
1768498023.636526,49.092
1768498023.7388873,36.053
1768498023.8412209,37.609
1768498023.9471405,46.664
1768498024.0493593,34.001
1768498024.1518097,41.798
1768498024.2541573,39.459
1768498024.3569262,35.087
1768498024.4591928,45.708
1768498024.5614986,39.777
1768498024.66381,35.757
1768498024.7661896,50.135
1768498024.8715975,38.025
1768498024.9739568,49.279
1768498025.076357,37.215
1768498025.1785502,37.927
1768498025.2807655,46.987
1768498025.3829732,34.1
1768498025.4851768,44.429
1768498025.5872653,42.34
1768498025.6894863,35.954
1768498025.79569,53.611
1768498025.8979557,33.508
1768498026.000297,38.792
1768498026.1027293,48.138
1768498026.2051272,34.297
1768498026.3075058,49.574
1768498026.4098752,33.212
1768498026.5123377,40.27
1768498026.614611,39.876
1768498026.7203655,45.44
1768498026.8228133,34.1
1768498026.9250774,43.497
1768498027.0274954,44.383
1768498027.1336138,33.606
1768498027.23581,44.16
1768498027.3379784,43.201
1768498027.443309,34.001
1768498027.545819,40.172
1768498027.6485147,43.497
1768498027.7508035,34.1
1768498027.8531837,44.921
1768498027.9557486,39.58
1768498028.0581012,35.461
1768498028.1604102,46.987
1768498028.2627134,33.508
1768498028.367387,43.767
1768498028.4697604,39.482
1768498028.572139,35.778
1768498028.6745028,48.532
1768498028.776914,33.428
1768498028.879253,39.876
1768498028.9815867,41.995
1768498029.0840394,35.185
1768498029.1862588,45.735
1768498029.2912471,43.004
1768498029.394586,37.905
1768498029.4968123,36.349
1768498029.5990357,46.944
1768498029.7013574,32.638
1768498029.8036985,40.763
1768498029.9060254,39.974
1768498030.008327,35.284
1768498030.1105323,46.452
1768498030.2168424,32.737
1768498030.3194375,39.679
1768498030.4221349,40.936
1768498030.5244052,33.705
1768498030.626988,47.085
1768498030.7294333,37.806
1768498030.8319669,36.074
1768498030.934359,46.916
1768498031.0410898,36.645
1768498031.1435175,39.482
1768498031.2458854,38.572
1768498031.3482883,36.151
1768498031.4509106,46.692
1768498031.5551553,33.705
1768498031.6575754,42.585
1768498031.7643912,43.103
1768498031.8668673,34.593
1768498031.9692273,49.082
1768498032.0714831,37.631
1768498032.1739557,37.434
1768498032.2763422,45.315
1768498032.3787181,34.001
1768498032.4811087,42.438
1768498032.5834775,39.853
1768498032.688954,34.791
1768498032.7913709,46.058
1768498032.8936684,40.763
1768498032.9961288,36.074
1768498033.0985782,39.482
1768498033.2009592,34.396
1768498033.303268,46.523
1768498033.4055395,38.025
1768498033.5079217,36.053
1768498033.6129615,35.264
1768498033.7153,46.79
1768498033.8176389,36.468
1768498033.9198632,39.679
1768498034.022269,39.284
1768498034.1245768,35.383
1768498034.2268274,42.979
1768498034.3291295,33.508
1768498034.431388,47.38
1768498034.5378926,38.025
1768498034.6403334,38.025
1768498034.7426827,39.528
1768498034.844955,34.988
1768498034.9473085,46.987
1768498035.0496652,33.132
1768498035.1519744,42.143
1768498035.2542088,38.617
1768498035.356531,35.362
1768498035.4630008,45.834
1768498035.5658638,33.132
1768498035.6681468,43.373
1768498035.7709033,32.638
1768498035.873477,40.369
1768498035.9758303,37.51
1768498036.078117,37.828
1768498036.180378,38.496
1768498036.2865527,36.151
1768498036.3889637,43.694
1768498036.491372,35.383
1768498036.5937223,46.916
1768498036.696174,33.31
1768498036.7987163,35.067
1768498036.9010115,39.679
1768498037.003859,37.313
1768498037.106309,36.447
1768498037.2112174,41.157
1768498037.3136127,33.409
1768498037.4160082,46.129
1768498037.5184915,35.461
1768498037.6209466,37.927
1768498037.723425,38.814
1768498037.8259726,34.889
1768498037.9282644,42.833
1768498038.0306537,33.31
1768498038.1359432,32.521
1768498038.2381504,38.397
1768498038.3405254,41.822
1768498038.442733,33.902
1768498038.544849,48.364
1768498038.6470692,32.638
1768498038.7493324,42.782
1768498038.851571,39.974
1768498038.9538677,35.087
1768498039.0599184,45.216
1768498039.16235,33.508
1768498039.2647245,48.364
1768498039.366988,38.178
1768498039.4693282,36.37
1768498039.5715911,46.692
1768498039.674116,33.508
1768498039.7764382,43.668
1768498039.8789003,37.751
1768498039.9854672,37.532
1768498040.0877767,46.003
1768498040.1900225,33.902
1768498040.2940829,43.471
1768498040.3965619,39.209
1768498040.4989262,35.679
1768498040.6010807,51.315
1768498040.7036242,33.902
1768498040.8085487,39.974
1768498040.9108477,41.921
1768498041.0133295,34.692
1768498041.115767,49.082
1768498041.2181149,38.08
1768498041.320402,38.223
1768498041.4228492,47.97
1768498041.5257082,37.51
1768498041.6282296,38.223
1768498041.7324266,45.046
1768498041.834772,34.495
1768498041.937098,47.942
1768498042.039546,37.806
1768498042.1420677,39.186
1768498042.2444441,43.471
1768498042.3468852,34.791
1768498042.4491053,50.528
1768498042.5514717,34.791
1768498042.658636,50.989
1768498042.7608082,37.631
1768498042.8630912,36.151
1768498042.9653585,49.544
1768498043.0675695,36.25
1768498043.1698678,39.186
1768498043.272047,44.456
1768498043.3742306,34.396
1768498043.4805815,46.495
1768498043.5829537,38.693
1768498043.6853025,37.708
1768498043.7876277,47.774
1768498043.8900237,34.495
1768498043.9922357,44.357
1768498044.094658,39.998
1768498044.1975267,35.58
1768498044.299832,50.075
1768498044.4058876,33.902
1768498044.5082252,39.899
1768498044.6117811,46.593
1768498044.7140713,34.495
1768498044.8163886,45.019
1768498044.9186563,38.814
1768498045.0209193,35.481
1768498045.1232467,51.646
1768498045.2297914,37.236
1768498045.3322635,37.729
1768498045.434713,46.102
1768498045.5370095,33.804
1768498045.6392677,41.822
1768498045.7416155,39.284
1768498045.8440177,35.778
1768498045.9464195,46.719
1768498046.0526311,34.001
1768498046.1549175,43.103
1768498046.257233,39.505
1768498046.359533,37.039
1768498046.462014,44.777
1768498046.564227,35.757
1768498046.6665316,52.236
1768498046.769012,34.593
1768498046.871323,36.37
1768498046.9791381,46.102
1768498047.0815518,33.606
1768498047.183934,43.3
1768498047.286378,38.89
1768498047.388667,37.116
1768498047.4910283,44.16
1768498047.5933075,36.053
1768498047.6958325,45.145
1768498047.8010035,34.791
1768498047.90363,53.12
1768498048.0060382,38.025
1768498048.108394,39.087
1768498048.210767,47.815
1768498048.3130817,33.606
1768498048.4158933,42.192
1768498048.5182576,39.406
1768498048.6205995,35.679
1768498048.7262208,51.776
1768498048.8352118,38.2
1768498048.9375467,37.631
1768498049.039883,44.554
1768498049.142222,33.705
1768498049.2444181,44.948
1768498049.3493793,39.974
1768498049.4517548,34.692
1768498049.5540898,50.361
1768498049.6563914,37.708
1768498049.759098,36.25
1768498049.861533,43.128
1768498049.9639652,34.199
1768498050.0663967,47.352
1768498050.1687355,38.2
1768498050.2748628,38.003
1768498050.3771937,42.192
1768498050.4796786,34.297
1768498050.5821438,47.675
1768498050.6845179,32.817
1768498050.7868655,43.891
1768498050.8892608,38.913
1768498050.9916685,50.006
1768498051.0944364,38.025
1768498051.1989965,38.299
1768498051.3012397,41.404
1768498051.4036455,34.889
1768498051.5060058,50.233
1768498051.6084304,38.671
1768498051.7107685,35.658
1768498051.8130898,48.757
1768498051.9154851,39.974
1768498052.0178053,35.679
1768498052.1214724,49.81
1768498052.2238665,39.777
1768498052.3261507,38.518
1768498052.4285188,49.711
1768498052.5308173,34.199
1768498052.633086,40.467
1768498052.7353566,46.003
1768498052.8378763,35.087
1768498052.9401002,47.901
1768498053.0430014,40.739
1768498053.147673,36.447
1768498053.2499492,50.399
1768498053.3522651,39.656
1768498053.4560878,36.645
1768498053.558251,50.036
1768498053.6607785,33.113
1768498053.7630095,38.397
1768498053.8653421,50.566
1768498053.9675956,35.185
1768498054.0728629,38.792
1768498054.1751854,48.364
1768498054.277489,33.902
1768498054.379779,41.503
1768498054.482027,44.679
1768498054.584352,34.791
1768498054.6867297,45.735
1768498054.7889547,39.951
1768498054.8911457,36.172
1768498054.9967654,51.419
1768498055.099182,37.138
1768498055.2015061,39.186
1768498055.3039033,47.184
1768498055.4062731,35.383
1768498055.5086963,54.135
1768498055.6110837,33.804
1768498055.7135391,33.409
1768498055.815829,49.446
1768498055.9220834,32.934
1768498056.0243902,39.876
1768498056.1268716,39.928
1768498056.2292285,34.791
1768498056.331635,50.664
1768498056.4342132,33.212
1768498056.5369241,48.098
1768498056.6401389,35.876
1768498056.7483838,39.012
1768498056.8508263,35.185
1768498056.953265,43.398
1768498057.0561652,32.934
1768498057.158528,47.844
1768498057.2609158,32.342
1768498057.3632154,42.315
1768498057.4660919,37.905
1768498057.5709362,34.988
1768498057.6770148,43.937
1768498057.7792451,32.737
1768498057.881489,38.2
1768498057.984019,46.03
1768498058.0863686,33.212
1768498058.1886675,45.341
1768498058.294191,38.617
1768498058.396643,36.842
1768498058.49901,46.944
1768498058.6012704,33.014
1768498058.7035882,41.921
1768498058.806008,37.039
1768498058.9083743,38.989
1768498059.0107934,46.298
1768498059.1131175,33.113
1768498059.2192492,39.58
1768498059.3215885,44.751
1768498059.423986,34.889
1768498059.526298,51.481
1768498059.6287513,38.572
1768498059.731056,51.383
1768498059.8349614,37.708
1768498059.937177,37.039
1768498060.0428262,46.818
1768498060.1451974,33.705
1768498060.2476869,48.364
1768498060.3500717,38.42
1768498060.452445,37.927
1768498060.555169,44.751
1768498060.6574764,33.409
1768498060.7599204,45.315
1768498060.8623278,38.321
1768498060.9675379,35.856
1768498061.0700386,45.664
1768498061.172286,33.113
1768498061.2751188,38.299
1768498061.3775427,41.33
1768498061.479981,34.297
1768498061.5822148,50.036
1768498061.6846366,37.455
1768498061.7869565,37.335
1768498061.8912754,46.003
1768498061.9969995,33.231
1768498062.0992467,42.118
1768498062.2014775,41.428
1768498062.3039262,34.495
1768498062.4062164,47.38
1768498062.5084987,38.299
1768498062.610855,36.743
1768498062.7132316,46.397
1768498062.8202739,33.508
1768498062.9226513,40.27
1768498063.024913,42.709
1768498063.1272814,34.1
1768498063.2296276,45.046
1768498063.3318899,40.739
1768498063.4342098,34.889
1768498063.5365427,50.075
1768498063.6389256,35.441
1768498063.7451844,39.087
1768498063.8475325,43.595
1768498063.9499223,35.087
1768498064.0522609,52.727
1768498064.1547422,37.631
1768498064.257131,46.692
1768498064.359407,34.199
1768498064.4615636,44.186
1768498064.5637352,42.019
1768498064.669046,34.889
1768498064.7713978,50.498
1768498064.8736532,37.631
1768498064.975994,37.828
1768498065.078253,46.2
1768498065.1806092,34.495
1768498065.2829142,48.885
1768498065.3856,33.231
1768498065.4926581,40.838
1768498065.595011,39.186
1768498065.6972833,35.56
1768498065.7995849,46.621
1768498065.9018476,37.335
1768498066.0043364,36.053
1768498066.1067727,47.184
1768498066.209571,33.014
1768498066.3118937,39.603
1768498066.4176981,37.039
1768498066.5202568,38.693
1768498066.6226175,36.743
1768498066.724965,48.659
1768498066.8273518,34.199
1768498066.9297454,47.38
1768498067.0321462,37.412
1768498067.1345844,36.151
1768498067.241662,44.357
1768498067.3439946,34.297
1768498067.4462926,39.284
1768498067.548764,41.207
1768498067.6509802,33.508
1768498067.7533832,41.034
1768498067.855698,41.428
1768498067.9585326,34.297
1768498068.0655115,45.538
1768498068.1680064,38.003
1768498068.2703865,35.778
1768498068.3727603,50.793
1768498068.4750721,39.876
1768498068.5782526,46.916
1768498068.6808062,34.297
1768498068.7831714,44.482
1768498068.888858,41.33
1768498068.9912646,34.988
1768498069.0937324,48.532
1768498069.1959991,38.814
1768498069.2981963,36.94
1768498069.4006727,44.456
1768498069.5029354,34.889
1768498069.6054223,48.787
1768498069.707773,39.777
1768498069.8123345,36.468
1768498069.915319,48.433
1768498070.0175967,42.734
1768498070.1199563,35.481
1768498070.2222645,49.515
1768498070.3246357,40.787
1768498070.4274404,35.757
1768498070.530092,52.039
1768498070.632833,39.731
1768498070.7368193,37.335
1768498070.839263,53.088
1768498070.941642,39.459
1768498071.044114,37.434
1768498071.1466851,49.976
1768498071.2492313,37.631
1768498071.3515494,38.595
1768498071.4542084,48.294
1768498071.5606596,33.902
1768498071.663077,40.27
1768498071.76574,43.595
1768498071.8683717,34.593
1768498071.9708312,43.201
1768498072.0732787,42.34
1768498072.1758366,35.185
1768498072.278104,48.532
1768498072.3851435,33.033
1768498072.4876313,42.537
1768498072.5900116,38.124
1768498072.692558,51.155
1768498072.796388,36.25
1768498072.8987372,38.42
1768498073.0010197,45.806
1768498073.1032596,32.934
1768498073.208209,43.398
1768498073.3105521,41.01
1768498073.4128537,34.495
1768498073.515248,49.908
1768498073.6175885,39.186
1768498073.7200818,37.138
1768498073.8223796,47.802
1768498073.924899,35.461
1768498074.027261,38.397
1768498074.1329672,46.621
1768498074.2351656,33.705
1768498074.3373601,41.527
1768498074.4397123,42.585
1768498074.5420015,34.396
1768498074.644271,45.118
1768498074.7480695,38.375
1768498074.850536,36.645
1768498074.957177,50.331
1768498075.059499,38.716
1768498075.1618457,37.039
1768498075.2641723,52.924
1768498075.3666008,37.927
1768498075.4689822,37.927
1768498075.5713258,47.844
1768498075.6738765,33.804
1768498075.7801292,40.172
1768498075.8824942,47.282
1768498075.9849296,33.902
1768498076.087256,41.034
1768498076.1896935,40.96
1768498076.292087,36.94
1768498076.3944983,48.561
1768498076.4968715,34.791
1768498076.5991864,52.825
1768498076.7041113,33.409
1768498076.8065991,37.357
1768498076.9090483,35.185
1768498077.0114715,37.85
1768498077.1148148,38.003
1768498077.217251,44.554
1768498077.3194866,33.705
1768498077.421822,50.006
1768498077.5241885,34.278
1768498077.629409,41.157
1768498077.731859,37.434
1768498077.834268,36.94
1768498077.936709,45.073
1768498078.038993,32.737
1768498078.1414156,38.397
1768498078.2439218,44.849
1768498078.3463972,36.349
1768498078.4530861,38.299
1768498078.555333,40.566
1768498078.6577485,34.988
1768498078.7600524,46.987
1768498078.8627665,37.236
1768498078.9659078,39.482
1768498079.0683904,39.065
1768498079.1711268,37.631
1768498079.277255,40.739
1768498079.3796983,34.692
1768498079.4822617,44.062
1768498079.5846522,32.836
1768498079.687038,41.256
1768498079.7894974,39.853
1768498079.8919923,33.804
1768498079.9943879,44.259
1768498080.0970511,39.087
1768498080.2020288,35.856
1768498080.304484,47.479
1768498080.4073672,33.231
1768498080.5099344,41.453
1768498080.6123493,38.966
1768498080.714863,35.856
1768498080.817367,47.113
1768498080.9200451,33.606
1768498081.0260346,41.921
1768498081.1282704,44.062
1768498081.230806,42.118
1768498081.333721,44.528
1768498081.4360893,34.593
1768498081.5382707,45.44
1768498081.6407037,39.087
1768498081.7430573,35.56
1768498081.8485,49.544
1768498081.9508502,39.731
1768498082.053108,37.138
1768498082.155542,47.549
1768498082.25784,33.705
1768498082.3601608,38.299
1768498082.4625075,47.872
1768498082.5648546,34.001
1768498082.6671157,40.641
1768498082.7728715,44.751
1768498082.8752575,34.396
1768498082.9776478,49.741
1768498083.0804493,39.459
1768498083.1827922,36.172
1768498083.2850718,52.071
1768498083.387264,37.236
1768498083.4895084,37.532
1768498083.591925,44.948
1768498083.696986,33.508
1768498083.799386,44.186
1768498083.9018476,43.103
1768498084.0040896,33.113
1768498084.106432,37.708
1768498084.2089565,46.424
1768498084.311393,33.113
1768498084.4137063,38.2
1768498084.5159698,45.61
1768498084.6215234,33.014
1768498084.7242842,39.58
1768498084.8264954,45.905
1768498084.9287312,33.409
1768498085.0310347,39.383
1768498085.1333897,47.605
1768498085.235746,34.495
1768498085.3379893,37.039
1768498085.440592,50.755
1768498085.5447793,38.474
1768498085.6469693,37.828
1768498085.7494104,38.42
1768498085.8521686,37.039
1768498085.9543796,46.861
1768498086.0565944,41.921
1768498086.1586967,35.165
1768498086.260847,45.243
1768498086.3629951,39.702
1768498086.46519,37.434
1768498086.5696945,50.596
1768498086.6719701,33.902
1768498086.77452,41.453
1768498086.8768353,34.988
1768498086.9791415,53.022
1768498087.081389,35.461
1768498087.1836889,38.124
1768498087.2859335,53.284
1768498087.3883882,39.163
1768498087.4945493,36.151
1768498087.600408,48.462
1768498087.7028165,41.453
1768498087.8065476,35.757
1768498087.9089067,46.916
1768498088.0112019,45.413
1768498088.1134033,34.988
1768498088.2192955,47.38
1768498088.3215103,41.231
1768498088.423686,35.975
1768498088.526125,50.701
1768498088.628556,34.199
1768498088.730836,44.16
1768498088.833181,39.777
1768498088.9355159,36.25
1768498089.0378957,49.908
1768498089.1429942,34.791
1768498089.2453306,45.538
1768498089.3478024,44.679
1768498089.4500995,34.199
1768498089.5523973,48.532
1768498089.6548183,38.496
1768498089.757237,36.151
1768498089.8596833,46.762
1768498089.9620364,33.902
1768498090.0674684,34.988
1768498090.1700509,33.033
1768498090.272634,39.974
1768498090.3749137,43.57
1768498090.4772716,34.297
1768498090.5795336,46.692
1768498090.6819022,40.096
1768498090.7842197,34.593
1768498090.8864665,51.217
1768498090.9921477,32.441
1768498091.0945446,41.822
1768498091.1971674,42.216
1768498091.2995446,33.804
1768498091.4020834,42.512
1768498091.5046232,39.679
1768498091.607414,36.447
1768498091.7102711,49.613
1768498091.8176444,37.51
1768498091.9201038,38.397
1768498092.0225194,45.959
1768498092.12484,34.396
1768498092.2273316,44.429
1768498092.3315196,41.133
1768498092.4338706,34.889
1768498092.5410888,50.535
1768498092.6435487,33.527
1768498092.7461994,41.699
1768498092.848579,43.497
1768498092.9509897,35.284
1768498093.0534747,48.012
1768498093.1558912,39.482
1768498093.2583447,35.856
1768498093.3636997,46.369
1768498093.4661984,33.033
1768498093.568623,40.763
1768498093.6710799,40.172
1768498093.7735162,34.593
1768498093.8758996,44.186
1768498093.978195,46.79
1768498094.0805795,34.1
1768498094.1829526,39.58
1768498094.2887127,34.001
1768498094.3924766,38.792
1768498094.4948766,47.38
1768498094.5971658,34.001
1768498094.6995049,39.186
1768498094.8016696,46.79
1768498094.9038494,34.199
1768498095.0060337,42.709
1768498095.1122706,38.966
1768498095.214593,35.856
1768498095.3168998,51.677
1768498095.4192424,37.806
1768498095.5215786,36.743
1768498095.624378,46.003
1768498095.726772,34.297
1768498095.829206,48.364
1768498095.9315455,39.163
1768498096.0470011,34.791
1768498096.1492627,49.485
1768498096.2517369,36.842
1768498096.3539228,37.532
1768498096.4604683,41.748
1768498096.5627775,34.297
1768498096.6650395,49.878
1768498096.7675536,34.988
1768498096.8699265,39.974
1768498096.972244,35.185
1768498097.0747833,43.497
1768498097.1771374,33.606
1768498097.279537,49.938
1768498097.385056,34.771
1768498097.4873178,38.025
1768498097.5897167,43.004
1768498097.692006,33.31
1768498097.7944264,48.167
1768498097.896766,32.836
1768498097.999144,42.019
1768498098.1015017,36.666
1768498098.203809,35.481
1768498098.3106093,34.376
1768498098.4128304,40.739
1768498098.5149493,38.868
1768498098.617112,35.975
1768498098.719477,43.767
1768498098.821785,33.705
1768498098.9239368,44.088
1768498099.0262864,40.05
1768498099.1285756,34.495
1768498099.2330148,49.053
1768498099.3352587,33.527
1768498099.4375477,45.637
1768498099.5400822,32.836
1768498099.6426105,46.818
1768498099.7451632,32.836
1768498099.8474073,40.739
1768498099.9499078,38.2
1768498100.0524714,35.856
1768498100.1583152,42.512
1768498100.260825,34.889
1768498100.3644483,49.515
1768498100.4667964,33.231
1768498100.5692592,41.946
1768498100.6717026,38.716
1768498100.7741132,35.087
1768498100.876377,50.075
1768498100.9822848,36.151
1768498101.0848467,38.913
1768498101.1872206,44.948
1768498101.2896373,33.329
1768498101.3919475,41.601
1768498101.4945104,39.58
1768498101.5969307,34.593
1768498101.6991885,42.019
1768498101.8016992,35.087
1768498101.9072855,44.948
1768498102.0096416,33.132
1768498102.1119292,40.664
1768498102.2144146,37.708
1768498102.3167436,36.349
1768498102.419087,43.373
1768498102.5214114,33.705
1768498102.623859,46.03
1768498102.7296996,36.94
1768498102.8321843,44.331
1768498102.9344442,33.31
1768498103.0367115,40.861
1768498103.1390703,42.413
1768498103.2412415,34.396
1768498103.3436425,47.999
1768498103.445747,38.223
1768498103.5480983,38.223
1768498103.6535847,47.113
1768498103.7559898,33.705
1768498103.8583586,42.241
1768498103.960577,41.724
1768498104.0629516,34.692
1768498104.1653788,45.118
1768498104.2679586,39.876
1768498104.3702793,35.757
1768498104.4726925,49.023
1768498104.5796082,33.804
1768498104.6818926,37.806
1768498104.7841609,45.806
1768498104.8865278,33.508
1768498104.9887788,43.694
1768498105.0911822,37.039
1768498105.193572,36.25
1768498105.2958016,47.605
1768498105.3980403,33.033
1768498105.5038743,44.186
1768498105.6062052,37.631
1768498105.7085476,36.546
1768498105.8110452,43.176
1768498105.9132953,33.329
1768498106.0156834,48.237
1768498106.1182718,32.934
1768498106.2205946,43.497
1768498106.3233418,37.039
1768498106.4302816,37.335
1768498106.5326912,38.716
1768498106.635086,34.988
1768498106.7374692,35.856
1768498106.839842,47.675
1768498106.9423044,32.638
1768498107.044688,48.266
1768498107.1472669,32.638
1768498107.2498102,43.201
1768498107.3555028,36.94
1768498107.4578779,40.073
1768498107.5604837,34.495
1768498107.66289,41.724
1768498107.765784,33.705
1768498107.8681698,46.495
1768498107.970438,32.342
1768498108.0727158,40.444
1768498108.175111,37.609
1768498108.2819402,37.335
1768498108.3845518,43.865
1768498108.4873958,33.902
1768498108.590029,49.151
1768498108.6923735,32.441
1768498108.794876,38.42
1768498108.8971057,39.482
1768498108.9994862,35.383
1768498109.1032786,43.668
1768498109.2070923,33.033
1768498109.3094163,49.416
1768498109.4117124,32.441
1768498109.5139914,47.479
1768498109.616406,32.342
1768498109.7187781,39.58
1768498109.8210905,39.505
1768498109.9235713,34.297
1768498110.026048,48.138
1768498110.1317286,32.243
1768498110.2340972,39.383
1768498110.3363268,39.482
1768498110.4387777,33.823
1768498110.541066,44.679
1768498110.6434426,32.638
1768498110.745885,39.679
1768498110.8483164,41.995
1768498110.9507604,33.902
1768498111.0562913,46.03
1768498111.1586175,38.671
1768498111.2610414,35.954
1768498111.3633735,45.538
1768498111.4657924,33.428
1768498111.568259,44.259
1768498111.6706042,38.617
1768498111.7729285,34.988
1768498111.875189,48.757
1768498111.9811883,47.774
1768498112.083797,36.743
1768498112.1858892,36.349
1768498112.288085,48.335
1768498112.390249,37.236
1768498112.4923823,38.42
1768498112.594622,42.855
1768498112.6968315,34.199
1768498112.799144,42.315
1768498112.9014452,40.467
1768498113.00692,34.889
1768498113.1096914,49.416
1768498113.2120233,38.572
1768498113.314722,35.954
1768498113.4171243,47.901
1768498113.5194006,38.617
1768498113.6224444,37.927
1768498113.724806,47.38
1768498113.830318,34.968
1768498113.9326937,38.989
1768498114.0349784,47.113
1768498114.137283,33.508
1768498114.239661,43.398
1768498114.342002,41.527
1768498114.4442892,34.593
1768498114.546725,36.25
1768498114.649175,32.638
1768498114.754219,47.872
1768498114.856633,32.737
1768498114.9589493,39.284
1768498115.0613115,41.207
1768498115.1636918,33.606
1768498115.2659874,50.066
1768498115.368291,36.94
1768498115.4706607,37.729
1768498115.572966,43.741
1768498115.6789768,33.31
1768498115.781408,37.489
1768498115.8837876,38.124
1768498115.9862325,46.762
1768498116.088728,37.708
1768498116.1909893,37.138
1768498116.293594,47.774
1768498116.3958933,44.823
1768498116.499416,33.804
1768498116.6037257,44.383
1768498116.7061694,33.014
1768498116.8086045,46.916
1768498116.9109974,33.508
1768498117.0132263,43.57
1768498117.1155019,40.739
1768498117.217816,35.58
1768498117.320261,49.19
1768498117.4226313,35.165
1768498117.528156,39.284
1768498117.6305723,44.554
1768498117.7328658,33.508
1768498117.8352191,46.298
1768498117.941633,36.623
1768498118.043981,37.039
1768498118.14792,42.906
1768498118.2527332,33.902
1768498118.3549273,46.747
1768498118.4571373,32.934
1768498118.559548,45.637
1768498118.6619947,37.039
1768498118.7644203,36.842
1768498118.8667567,44.259
1768498118.9690747,32.638
1768498119.0714152,46.523
1768498119.1774263,35.954
1768498119.2798262,39.087
1768498119.3821309,39.777
1768498119.484504,34.692
1768498119.5867975,45.538
1768498119.6891882,33.113
1768498119.7915626,44.626
1768498119.8939824,32.539
1768498119.9963965,43.937
1768498120.10185,36.842
1768498120.204305,36.468
1768498120.306689,45.019
1768498120.409101,32.243
1768498120.5115566,39.482
1768498120.6142414,38.868
1768498120.7166176,45.243
1768498120.8201106,33.902
1768498120.9250374,39.951
1768498121.027372,37.927
1768498121.1296427,35.383
1768498121.2319982,42.906
1768498121.334476,33.804
1768498121.436906,46.861
1768498121.539302,34.001
1768498121.6416228,39.284
1768498121.7441673,40.641
1768498121.849039,34.199
1768498121.951422,49.938
1768498122.0539448,33.014
1768498122.1563768,40.641
1768498122.2586672,44.679
1768498122.3625183,33.902
1768498122.4648342,42.118
1768498122.5671322,40.148
1768498122.672914,35.383
1768498122.775261,50.566
1768498122.8782964,37.434
1768498122.9808471,38.792
1768498123.0832007,46.2
1768498123.1855192,33.508
1768498123.2880208,42.906
1768498123.3903413,43.078
1768498123.4963791,34.199
1768498123.5986955,45.046
1768498123.7010136,40.392
1768498123.803428,35.461
1768498123.9057148,52.924
1768498124.0081387,38.769
1768498124.1105871,37.039
1768498124.2130167,48.012
1768498124.3154168,33.508
1768498124.4214177,40.467
1768498124.5237937,44.036
1768498124.6260865,35.284
1768498124.7284892,45.216
1768498124.830963,39.876
1768498124.9331977,35.876
1768498125.0358753,33.508
1768498125.1380901,43.201
1768498125.2444024,38.42
1768498125.3466873,40.27
1768498125.449094,38.868
1768498125.5515125,36.151
1768498125.6539822,43.004
1768498125.7564733,35.383
1768498125.858947,49.583
1768498125.9612622,32.441
1768498126.0636458,40.838
1768498126.1695666,37.729
1768498126.2718523,35.856
1768498126.3742375,46.298
1768498126.4766297,34.495
1768498126.5794644,44.58
1768498126.6818974,33.132
1768498126.784236,33.113
1768498126.8866193,40.148
1768498126.9890501,39.459
1768498127.0943978,34.692
1768498127.1968203,45.118
1768498127.2992,32.539
1768498127.401628,39.58
1768498127.5040889,43.741
1768498127.6066048,34.199
1768498127.7090235,49.839
1768498127.8113692,38.496
1768498127.9173806,36.053
1768498128.0199094,45.315
1768498128.1223705,33.409
1768498128.2247505,42.512
1768498128.3271685,41.477
1768498128.4294918,35.185
1768498128.531903,49.613
1768498128.6344316,33.132
1768498128.7411928,45.073
1768498128.8436632,33.014
1768498128.9463422,40.96
1768498129.0489767,38.496
1768498129.1513095,37.631
1768498129.2542539,34.297
1768498129.3567443,51.941
1768498129.459048,34.791
1768498129.5640156,41.822
1768498129.6669385,38.003
1768498129.76975,38.913
1768498129.8721929,42.241
1768498129.9747105,34.396
1768498130.0772183,46.818
1768498130.1796558,33.014
1768498130.2826958,47.872
1768498130.3907464,33.409
1768498130.4932,39.777
1768498130.5955632,38.003
1768498130.6991699,37.236
1768498130.8015704,40.444
1768498130.9039452,34.692
1768498131.006274,45.762
1768498131.1120784,33.014
1768498131.2144845,48.364
1768498131.3171914,32.144
1768498131.4198303,40.861
1768498131.5222085,38.42
1768498131.6246827,36.271
1768498131.7272828,39.482
1768498131.8295918,34.297
1768498131.9368591,42.315
1768498132.039692,32.934
1768498132.1422992,44.528
1768498132.2447534,32.539
1768498132.3473175,49.348
1768498132.4498222,32.046
1768498132.552194,46.818
1768498132.6547127,31.651
1768498132.7611294,41.059
1768498132.8635886,36.743
1768498132.9660733,36.94
1768498133.0683868,37.905
1768498133.170985,44.16
1768498133.274187,32.539
1768498133.3764765,43.103
1768498133.4789355,36.645
1768498133.5839584,41.354
1768498133.6862533,37.806
1768498133.7887352,36.053
1768498133.8911653,45.735
1768498133.9934354,33.329
1768498134.0958798,50.793
1768498134.1982205,32.539
1768498134.3006306,39.777
1768498134.4029474,42.881
1768498134.508667,34.001
1768498134.6111214,46.102
1768498134.713504,33.014
1768498134.8168168,46.861
1768498134.9191318,33.033
1768498135.0214014,50.233
1768498135.123845,32.836
1768498135.2260423,42.512
1768498135.3328445,37.039
1768498135.4355261,36.151
1768498135.5377522,43.3
1768498135.640206,33.212
1768498135.7425854,45.046
1768498135.8449724,32.243
1768498135.9473774,39.58
1768498136.0497408,39.284
1768498136.1521533,34.199
1768498136.2575147,44.724
1768498136.3598173,32.539
1768498136.4623575,44.849
1768498136.5647538,37.215
1768498136.6671505,38.299
1768498136.7696695,32.144
1768498136.8720086,45.44
1768498136.974249,33.508
1768498137.076633,45.243
1768498137.1816506,37.236
1768498137.2839785,38.814
1768498137.3862996,43.694
1768498137.4886003,33.508
1768498137.5909276,37.631
1768498137.694314,42.413
1768498137.7965164,36.623
1768498137.898909,37.708
1768498138.0055678,41.625
1768498138.107923,34.297
1768498138.2102876,48.294
1768498138.3127685,36.25
1768498138.4150646,39.186
1768498138.5173132,37.609
1768498138.6195734,34.791
1768498138.7218492,45.27
1768498138.824342,32.836
1768498138.9311447,40.936
1768498139.0409446,37.729
1768498139.1434166,36.151
1768498139.2457774,43.741
1768498139.3520033,35.362
1768498139.454411,32.737
1768498139.5569124,47.282
1768498139.6592762,38.693
1768498139.7617543,36.053
1768498139.8642778,49.151
1768498139.9665895,33.033
1768498140.0689867,40.27
1768498140.1713755,40.838
1768498140.276942,34.988
1768498140.379348,51.186
1768498140.4816017,36.645
1768498140.583958,37.236
1768498140.6862304,46.747
1768498140.7885494,34.889
1768498140.8908234,38.003
1768498140.993109,47.872
1768498141.0954382,34.1
1768498141.201472,45.932
1768498141.303912,39.557
1768498141.4062433,35.856
1768498141.5085123,33.902
1768498141.6116147,44.383
1768498141.7137856,41.551
1768498141.8159168,35.876
1768498141.9182756,47.647
1768498142.0246224,33.804
1768498142.127034,49.446
1768498142.2293794,33.508
1768498142.3317707,39.087
1768498142.4346437,45.44
1768498142.5369697,34.199
1768498142.639345,45.413
1768498142.7417743,38.966
1768498142.8481998,36.172
1768498142.9504707,46.102
1768498143.0572429,32.836
1768498143.1595986,43.325
1768498143.2618837,38.913
1768498143.3641698,35.58
1768498143.466341,49.878
1768498143.5686412,32.817
1768498143.6740465,41.625
1768498143.776382,39.505
1768498143.878718,34.396
1768498143.9811172,48.335
1768498144.0836513,32.737
1768498144.1859782,41.822
1768498144.288357,38.2
1768498144.3906443,34.988
1768498144.4931056,50.203
1768498144.5986276,34.001
1768498144.7011495,39.284
1768498144.803472,42.216
1768498144.9061162,34.791
1768498145.0085235,49.289
1768498145.111037,34.593
1768498145.2134397,39.876
1768498145.3161397,43.668
1768498145.4185042,33.804
1768498145.5250163,42.807
1768498145.6273265,41.306
1768498145.729946,44.134
1768498145.8328555,41.527
1768498145.935447,34.791
1768498146.0376742,50.173
1768498146.1399589,33.132
1768498146.2421937,43.694
1768498146.3481607,39.656
1768498146.450505,37.335
1768498146.5528207,46.593
1768498146.655603,34.001
1768498146.758174,37.434
1768498146.8604474,36.645
1768498146.9627256,48.699
1768498147.0651178,33.212
1768498147.17091,43.004
1768498147.2746782,38.223
1768498147.3769999,34.889
1768498147.4793684,48.138
1768498147.5815964,33.784
1768498147.684092,39.087
1768498147.7863963,41.699
1768498147.8887267,34.495
1768498147.994783,51.118
1768498148.0971677,32.934
1768498148.199703,42.537
1768498148.302095,37.532
1768498148.4044943,37.729
1768498148.506853,40.073
1768498148.6095843,35.383
1768498148.7120252,41.256
1768498148.8177376,35.757
1768498148.9202442,42.512
1768498149.0228922,34.396
1768498149.125383,46.495
1768498149.227843,33.428
1768498149.3301165,47.282
1768498149.432648,34.199
1768498149.5350327,38.42
1768498149.641122,38.42
1768498149.7434835,35.481
1768498149.8459167,32.638
1768498149.9498954,41.527
1768498150.0521538,37.631
1768498150.1542673,35.757
1768498150.256649,43.57
1768498150.3590367,34.1
1768498150.4613688,42.906
1768498150.5669022,32.934
1768498150.6692624,49.348
1768498150.7717676,32.323
1768498150.8747375,41.33
1768498150.9770641,38.617
1768498151.0794744,36.743
1768498151.1820114,44.849
1768498151.284281,33.902
1768498151.3866522,47.085
1768498151.4951534,33.014
1768498151.5975084,43.201
1768498151.6996922,38.2
1768498151.8020396,35.954
1768498151.9042945,47.141
1768498152.0065618,34.692
1768498152.109071,39.186
1768498152.2113795,43.249
1768498152.317606,34.889
1768498152.420101,48.63
1768498152.5224705,40.05
1768498152.6247246,36.151
1768498152.7270596,48.167
1768498152.8294995,34.1
1768498152.9317296,43.792
1768498153.0341294,40.739
1768498153.1365895,34.889
1768498153.2428894,46.861
1768498153.3451428,39.11
1768498153.4474754,37.039
1768498153.5498517,48.069
1768498153.652116,34.001
1768498153.7546432,46.298
1768498153.8571336,38.299
1768498153.9594972,36.546
1768498154.0618978,49.711
1768498154.1673913,32.718
1768498154.2696934,38.814
1768498154.3720767,33.705
1768498154.4744956,41.896
1768498154.5767043,39.899
1768498154.6789405,35.185
1768498154.7812655,50.86
1768498154.883507,37.532
1768498154.9858408,36.743
1768498155.0918021,46.818
1768498155.1941092,33.409
1768498155.2970276,42.807
1768498155.3994877,38.496
1768498155.5017917,36.349
1768498155.6041403,43.595
1768498155.706528,34.199
1768498155.8094022,44.134
1768498155.911761,40.912
1768498156.0177984,34.396
1768498156.1201994,47.409
1768498156.2225032,38.595
1768498156.3249009,34.988
1768498156.4272225,50.664
1768498156.5296144,37.138
1768498156.6319866,37.729
1768498156.7345104,31.651
1768498156.841748,42.019
1768498156.944069,42.709
1768498157.0464857,33.31
1768498157.1489298,49.122
1768498157.2513068,32.817
1768498157.3537426,44.285
1768498157.4560955,39.557
1768498157.5583806,34.889
1768498157.6608195,44.948
1768498157.7654111,33.033
1768498157.8677804,43.668
1768498157.9704013,38.693
1768498158.0728984,35.856
1768498158.1755354,43.398
1768498158.2779276,34.791
1768498158.3802383,46.649
1768498158.48277,33.606
1768498158.590132,36.447
1768498158.6936986,40.838
1768498158.7959387,39.459
1768498158.8981595,34.297
1768498159.000614,47.774
1768498159.1029983,32.934
1768498159.2052045,47.479
1768498159.3074725,35.658
1768498159.4133787,39.58
1768498159.5159352,41.724
1768498159.618307,34.001
1768498159.7207894,41.059
1768498159.8232393,35.58
1768498159.929371,41.157
1768498160.0333304,34.297
1768498160.1387408,41.65
1768498160.2411218,34.495
1768498160.3437755,41.354
1768498160.4463582,33.705
1768498160.548874,44.036
1768498160.651315,32.539
1768498160.7538102,48.954
1768498160.856398,32.144
1768498160.9610405,41.527
1768498161.0634744,37.828
1768498161.1660326,36.151
1768498161.2684293,42.413
1768498161.3709388,32.934
1768498161.4733078,44.652
1768498161.5757825,33.705
1768498161.6781797,40.27
1768498161.7852895,37.215
1768498161.8877282,35.481
1768498161.9901814,43.792
1768498162.0924768,34.1
1768498162.194928,39.087
1768498162.297333,41.699
1768498162.3995793,34.889
1768498162.5021737,52.366
1768498162.60852,37.729
1768498162.7118218,46.593
1768498162.8141775,33.508
1768498162.916548,48.294
1768498163.0187426,38.08
1768498163.121055,37.039
1768498163.2233512,47.015
1768498163.3256063,33.409
1768498163.4322052,43.373
1768498163.534514,38.913
1768498163.637076,37.236
1768498163.7398446,43.471
1768498163.8425825,34.988
1768498163.94575,47.675
1768498164.0481932,41.157
1768498164.1505055,34.988
1768498164.2564697,45.511
1768498164.3589349,32.422
1768498164.4613435,38.321
1768498164.5636477,43.3
1768498164.6660664,33.804
1768498164.7683752,44.921
1768498164.8707619,37.631
1768498164.9731576,35.383
1768498165.0754209,45.708
1768498165.1805043,33.705
1768498165.2829094,43.103
1768498165.3855913,43.004
1768498165.4878826,34.001
1768498165.5904636,43.201
1768498165.6928704,38.102
1768498165.7955384,36.447
1768498165.897862,47.38
1768498166.0052962,35.461
1768498166.1076534,37.828
1768498166.2100756,44.383
1768498166.3124654,34.988
1768498166.414812,50.271
1768498166.5172193,34.001
1768498166.6194847,51.61
1768498166.7220104,33.31
1768498166.8280666,41.059
1768498166.9303062,43.865
1768498167.0326607,34.593
1768498167.1350052,47.085
1768498167.237289,37.708
1768498167.3394637,37.51
1768498167.4421382,46.762
1768498167.5446165,33.212
1768498167.6469524,42.512
1768498167.7533772,38.047
1768498167.8558784,37.729
1768498167.9630008,40.542
1768498168.0653675,35.56
1768498168.1675673,40.467
1768498168.2702084,34.672
1768498168.3771317,40.641
1768498168.4796917,35.264
1768498168.582175,44.357
1768498168.6846652,33.902
1768498168.7871568,44.652
1768498168.8895166,32.934
1768498168.9920638,43.668
1768498169.0943472,38.518
1768498169.1966877,34.297
1768498169.3020256,49.613
1768498169.4045236,32.243
1768498169.5070388,39.679
1768498169.6094036,41.995
1768498169.711941,33.31
1768498169.8143492,43.497
1768498169.91666,39.679
1768498170.0191042,34.199
1768498170.1255038,48.433
1768498170.2278812,36.623
1768498170.3303254,37.532
1768498170.4327083,38.595
1768498170.535041,35.58
1768498170.6372464,45.538
1768498170.7396505,33.31
1768498170.8420198,44.16
1768498170.9443917,38.792
1768498171.051148,45.44
1768498171.153342,33.606
1768498171.2556002,48.728
1768498171.3577604,32.737
1768498171.4599555,40.96
1768498171.5623493,37.927
1768498171.664563,36.546
1768498171.7668796,44.652
1768498171.8691125,32.934
1768498171.9751365,39.284
1768498172.077384,42.709
1768498172.17978,34.396
1768498172.282165,46.888
1768498172.3855045,37.927
1768498172.4878206,36.645
1768498172.5901108,45.806
1768498172.6924026,33.606
1768498172.79461,43.201
1768498172.899141,43.373
1768498173.0014775,33.804
1768498173.1039207,43.078
1768498173.206293,39.58
1768498173.3086693,34.968
1768498173.4110918,49.78
1768498173.5135634,37.708
1768498173.616065,36.053
1768498173.7182815,48.04
1768498173.824608,37.434
1768498173.9269557,37.039
1768498174.0293572,51.481
1768498174.1316795,38.2
1768498174.2339375,37.236
1768498174.336214,47.254
1768498174.4384742,34.692
1768498174.540791,46.664
1768498174.6431134,39.899
1768498174.7485044,37.927
1768498174.85083,48.364
1768498174.953204,34.1
1768498175.0554738,42.979
1768498175.1577632,41.995
1768498175.2600834,35.954
1768498175.3623617,49.023
1768498175.4646878,39.284
1768498175.5669906,38.223
1768498175.6730843,33.902
1768498175.7753103,40.369
1768498175.8774092,38.792
1768498175.9796388,35.481
1768498176.0818672,53.152
1768498176.1839888,38.124
1768498176.2860672,37.335
1768498176.3882523,41.034
1768498176.4907658,35.856
1768498176.5929816,49.839
1768498176.6986887,33.804
1768498176.8044977,43.176
1768498176.9085305,33.606
1768498177.0108721,41.33
1768498177.1131372,43.694
1768498177.2154608,33.804
1768498177.3219612,45.637
1768498177.4242365,37.609
1768498177.5266216,39.383
1768498177.6290493,40.345
1768498177.731341,36.349
1768498177.8335826,44.849
1768498177.9358754,37.828
1768498178.0382705,36.94
1768498178.140528,47.774
1768498178.2472181,37.236
1768498178.3495982,37.532
1768498178.4519637,51.745
1768498178.5543363,33.508
1768498178.6567671,41.527
1768498178.759081,42.512
1768498178.8614144,34.791
1768498178.9637556,47.184
1768498179.0660315,41.724
1768498179.1718519,34.988
1768498179.274198,45.145
1768498179.3765125,40.148
1768498179.4790432,34.692
1768498179.581269,46.495
1768498179.6836252,38.102
1768498179.7859194,37.708
1768498179.8881876,47.872
1768498179.9905376,38.124
1768498180.0977614,49.515
1768498180.199865,34.495
1768498180.3021207,44.429
1768498180.4044206,34.001
1768498180.5065973,47.704
1768498180.6088035,40.444
1768498180.7114224,38.397
1768498180.813739,49.22
1768498180.9202595,34.297
1768498181.0226521,44.357
1768498181.1255317,39.383
1768498181.227785,39.186
1768498181.3300664,45.834
1768498181.4323292,34.889
1768498181.5345674,45.019
1768498181.6368384,39.557
1768498181.7390378,37.905
1768498181.845239,46.649
1768498181.9476345,33.212
1768498182.049952,38.321
1768498182.1522422,48.196
1768498182.2544882,33.508
1768498182.356881,50.173
1768498182.4591408,38.42
1768498182.5615857,36.349
1768498182.6638439,47.113
1768498182.7690353,34.1
1768498182.871424,46.326
1768498182.9742897,39.777
1768498183.0766845,36.151
1768498183.1791437,42.979
1768498183.2818155,35.778
1768498183.3841183,43.767
1768498183.4864402,34.396
1768498183.5922961,49.318
1768498183.694771,38.693
1768498183.797018,39.11
1768498183.8993597,42.487
1768498184.0017803,33.606
1768498184.1040602,41.428
1768498184.2063682,40.542
1768498184.3087099,34.889
1768498184.4109719,33.606
1768498184.517219,49.908
1768498184.6194859,33.014
1768498184.7218044,40.444
1768498184.8241487,42.315
1768498184.926466,34.791
1768498185.0292246,47.155
1768498185.1316476,40.936
1768498185.234038,34.001
1768498185.3364048,43.694
1768498185.4422941,41.034
1768498185.5447662,34.988
1768498185.6472757,49.348
1768498185.7509115,38.595
1768498185.8535075,36.94
1768498185.9559426,49.053
1768498186.0583491,33.508
1768498186.1607125,44.088
1768498186.2658875,38.89
1768498186.36835,36.842
1768498186.4708102,44.876
1768498186.573361,34.495
1768498186.6757996,49.976
1768498186.7793067,43.891
1768498186.8816297,40.247
1768498186.9840229,35.362
1768498187.0900493,44.652
1768498187.1925445,32.934
1768498187.2950268,45.905
1768498187.397666,37.927
1768498187.4999335,36.349
1768498187.6025255,45.708
1768498187.7048714,33.033
1768498187.8071938,44.482
1768498187.9137144,39.012
1768498188.0161667,34.495
1768498188.1185722,45.413
1768498188.220902,38.124
1768498188.323568,36.546
1768498188.42595,46.818
1768498188.528316,33.902
1768498188.630731,48.335
1768498188.733234,34.1
1768498188.8379707,49.151
1768498188.940599,37.335
1768498189.0430293,39.284
1768498189.1456892,39.656
1768498189.2486837,37.236
1768498189.3513625,40.838
1768498189.4536817,36.271
1768498189.5562644,46.074
1768498189.6624093,33.329
1768498189.764814,50.263
1768498189.8688912,33.033
1768498189.9711728,41.453
1768498190.07357,37.905
1768498190.175814,36.349
1768498190.2782073,41.034
1768498190.3805225,33.804
1768498190.4866931,49.643
1768498190.589532,37.039
1768498190.69194,37.138
1768498190.7942536,41.625
1768498190.8966644,34.791
1768498190.999223,46.719
1768498191.1016138,33.212
1768498191.2039604,46.861
1768498191.310514,32.539
1768498191.4128997,42.216
1768498191.5156305,38.299
1768498191.6183953,37.138
1768498191.7209396,38.595
1768498191.8234131,36.053
1768498191.9260044,46.353
1768498192.0283105,33.724
1768498192.1332824,48.896
1768498192.235683,33.033
1768498192.3383884,41.724
1768498192.4409454,36.25
1768498192.54329,38.792
1768498192.6456802,37.532
1768498192.7480493,44.259
1768498192.8508587,32.836
1768498192.9530504,43.201
1768498193.0583296,37.434
1768498193.1607902,37.039
1768498193.2630904,42.315
1768498193.3654017,33.014
1768498193.467866,45.735
1768498193.5701635,38.2
1768498193.6728795,36.645
1768498193.7751503,40.641
1768498193.8774805,35.087
1768498193.9842916,46.2
1768498194.086618,33.231
1768498194.1889305,43.176
1768498194.2913382,39.876
1768498194.393674,34.988
1768498194.4958441,49.151
1768498194.5982347,38.693
1768498194.700666,35.876
1768498194.8079565,47.479
1768498194.9103987,33.606
1768498195.0128787,40.247
1768498195.1152241,41.724
1768498195.2175198,35.185
1768498195.3197517,52.597
1768498195.4222562,37.412
1768498195.524683,38.518
1768498195.6271288,47.113
1768498195.733162,34.199
1768498195.835578,50.006
1768498195.9379697,38.299
1768498196.040226,36.842
1768498196.1425562,49.613
1768498196.2448702,33.804
1768498196.347372,41.724
1768498196.449774,38.769
1768498196.55215,35.954
1768498196.6571786,49.485
1768498196.7596514,33.428
1768498196.8620205,37.927
1768498196.964313,36.546
1768498197.0666926,46.129
1768498197.1688995,33.113
1768498197.271139,39.876
1768498197.3740828,35.185
1768498197.4762685,47.577
1768498197.5784774,37.51
1768498197.683175,37.434
1768498197.7856803,42.093
1768498197.8884752,35.481
1768498197.9909806,48.04
1768498198.0932667,34.1
1768498198.1957843,51.776
1768498198.298009,34.593
1768498198.4004216,40.96
1768498198.5037477,39.186
1768498198.6091988,36.349
1768498198.7114851,45.288
1768498198.813711,33.902
1768498198.9160635,44.456
1768498199.0184097,39.383
1768498199.12086,35.679
1768498199.2230737,50.793
1768498199.3253129,37.708
1768498199.427571,37.828
1768498199.5336227,42.585
1768498199.6358924,34.593
1768498199.7384,48.856
1768498199.8407807,32.916
1768498199.9430766,47.901
1768498200.045541,34.278
1768498200.148012,39.58
1768498200.2504632,45.243
1768498200.3574007,33.409
1768498200.4596965,44.849
1768498200.562125,37.236
1768498200.6644957,37.335
1768498200.766776,38.299
1768498200.8693197,35.481
1768498200.9716115,43.078
1768498201.0739272,33.804
1768498201.1801147,45.243
1768498201.2825618,32.817
1768498201.3849418,41.133
1768498201.4873528,41.33
1768498201.5896857,50.793
1768498201.6936145,32.836
1768498201.795835,39.777
1768498201.8981056,42.709
1768498202.0041833,34.593
1768498202.107167,44.357
1768498202.2095478,34.001
1768498202.3118312,46.593
1768498202.4143114,34.199
1768498202.516666,41.428
1768498202.6194665,40.641
1768498202.7219627,35.264
1768498202.8278522,45.583
1768498202.9302082,33.409
1768498203.0325804,41.059
1768498203.1350489,40.27
1768498203.237481,34.988
1768498203.3399088,47.085
1768498203.442277,35.954
1768498203.5447094,38.617
1768498203.6471543,43.57
1768498203.7529583,34.396
1768498203.8553472,48.364
1768498203.9577768,33.033
1768498204.0603545,39.58
1768498204.1628406,43.128
1768498204.2651145,34.1
1768498204.3675575,48.757
1768498204.4698195,38.89
1768498204.5729668,35.264
1768498204.6766279,47.254
1768498204.7790356,38.2
1768498204.881358,36.25
1768498204.9837706,49.946
1768498205.0860405,33.705
1768498205.1884067,41.551
1768498205.29076,40.27
1768498205.3931417,36.25
1768498205.4956224,47.38
1768498205.6011183,33.606
1768498205.7035348,41.428
1768498205.8058555,39.951
1768498205.9081852,35.481
1768498206.010444,41.059
1768498206.1128526,35.264
1768498206.215111,52.303
1768498206.31728,37.159
1768498206.4195445,44.777
1768498206.5255506,38.89
1768498206.6285064,38.693
1768498206.7310658,33.409
1768498206.8333998,46.424
1768498206.9357991,39.801
1768498207.0394325,35.954
1768498207.1416426,49.878
1768498207.2440016,38.343
1768498207.3485086,37.039
1768498207.45087,50.762
1768498207.553255,38.124
1768498207.65564,39.505
1768498207.7581515,40.05
1768498207.860513,36.053
1768498207.962764,49.976
1768498208.0649529,38.42
1768498208.1673272,37.532
1768498208.2733512,46.79
1768498208.375675,34.1
1768498208.4779646,47.942
1768498208.580274,37.729
1768498208.682635,37.236
1768498208.7849557,46.818
1768498208.8873854,34.1
1768498208.9897878,44.58
1768498209.0922012,39.239
1768498209.1971393,35.757
1768498209.2993593,50.498
1768498209.4017367,33.606
1768498209.5041697,41.699
1768498209.606484,39.383
1768498209.7087476,36.271
1768498209.8109703,48.364
1768498209.9133813,33.804
1768498210.015805,42.019
1768498210.1209633,36.743
1768498210.2234223,47.97
1768498210.3260453,34.001
1768498210.428306,34.869
1768498210.5315282,49.18
1768498210.6338375,33.705
1768498210.7360759,41.847
1768498210.8383353,47.085
1768498210.9462295,33.508
1768498211.048542,41.748
1768498211.1548908,43.497
1768498211.2571208,34.396
1768498211.359948,48.237
1768498211.4622917,38.025
1768498211.568911,39.58
1768498211.6713135,47.479
1768498211.7737324,33.508
1768498211.8761506,49.613
1768498211.9785254,32.737
1768498212.0808604,44.777
1768498212.1832883,39.284
1768498212.2857354,35.679
1768498212.3881633,44.751
1768498212.493869,33.212
1768498212.596309,42.019
1768498212.6986861,42.487
1768498212.8009603,33.902
1768498212.9034257,46.79
1768498213.005726,38.178
1768498213.1079972,36.94
1768498213.2103121,46.369
1768498213.3128395,36.053
1768498213.4173598,39.58
1768498213.5198984,42.192
1768498213.622248,34.791
1768498213.724568,51.646
1768498213.826932,33.014
1768498213.929284,38.989
1768498214.0316877,43.963
1768498214.1341429,34.495
1768498214.236912,43.274
1768498214.3411722,40.467
1768498214.4436593,35.383
1768498214.545982,48.983
1768498214.648318,35.58
1768498214.7505429,50.596
1768498214.8527253,41.33
1768498214.9549634,34.988
1768498215.0571256,48.659
1768498215.159315,38.496
1768498215.2614374,37.335
1768498215.3669512,50.596
1768498215.4692142,35.954
1768498215.5715206,38.617
1768498215.6739337,48.757
1768498215.7766466,34.1
1768498215.879195,39.974
1768498215.9814255,46.172
1768498216.083806,34.791
1768498216.186108,50.725
1768498216.2906494,39.087
1768498216.3929374,37.236
1768498216.495227,42.807
1768498216.5976915,35.383
1768498216.699968,39.58
1768498216.8021739,45.861
1768498216.9045606,39.58
1768498217.0068622,35.067
1768498217.1092985,50.075
1768498217.2156756,37.532
1768498217.3179724,37.434
1768498217.420293,47.38
1768498217.5227277,33.212
1768498217.6251707,39.284
1768498217.7273717,44.357
1768498217.8297899,34.889
1768498217.9322355,50.694
1768498218.0344958,37.828
1768498218.1396222,37.412
1768498218.242002,45.243
1768498218.344364,34.199
1768498218.446697,43.57
1768498218.5490959,38.746
1768498218.6513157,35.778
1768498218.7536662,50.203
1768498218.8560402,33.804
1768498218.9583263,42.487
1768498219.0634916,43.103
1768498219.1658747,35.383
1768498219.2682781,37.631
1768498219.3708048,37.806
1768498219.473147,48.04
1768498219.5753953,34.199
1768498219.6775124,43.201
1768498219.7797575,40.467
1768498219.8821137,36.546
1768498219.988248,47.479
1768498220.0907264,34.396
1768498220.1934047,50.43
1768498220.2959945,33.606
1768498220.3982625,41.921
1768498220.5006006,32.539
1768498220.6031125,44.16
1768498220.7054799,39.284
1768498220.8124013,35.876
1768498220.914918,46.003
1768498221.017237,33.409
1768498221.1195543,45.243
1768498221.2219026,38.102
1768498221.3242457,36.546
1768498221.4265933,45.735
1768498221.5289874,33.113
1768498221.6358535,39.087
1768498221.7381814,36.447
1768498221.84058,45.315
1768498221.9429314,36.842
1768498222.0453167,37.631
1768498222.1477752,42.807
1768498222.2502542,34.001
1768498222.352607,50.006
1768498222.4588523,32.836
1768498222.5611618,41.551
1768498222.663688,36.82
1768498222.7661314,36.743
1768498222.8685718,38.989
1768498222.9709263,35.284
1768498223.0732245,43.373
1768498223.1754954,32.539
1768498223.2779047,42.512
1768498223.382942,37.806
1768498223.4853346,46.129
1768498223.5890934,33.113
1768498223.6913579,42.315
1768498223.793561,38.321
1768498223.8957329,35.954
1768498223.9980767,45.118
1768498224.1002128,33.804
1768498224.202471,49.122
1768498224.3085763,32.836
1768498224.4109268,41.059
1768498224.5132277,41.724
1768498224.6167862,34.396
1768498224.719236,50.399
1768498224.8215308,38.025
1768498224.9238715,37.729
1768498225.0261788,46.621
1768498225.1322145,33.606
1768498225.2344706,44.259
1768498225.336747,38.2
1768498225.4391038,34.988
1768498225.541399,49.289
1768498225.6437342,38.913
1768498225.746082,37.729
1768498225.8483653,44.751
1768498225.9507523,34.1
1768498226.0577288,43.668
1768498226.1600113,37.292
1768498226.2622464,37.138
1768498226.3644853,46.397
1768498226.467915,33.31
1768498226.5702145,47.254
1768498226.6724896,37.631
1768498226.7751987,42.143
1768498226.8818228,35.284
1768498226.9843976,47.015
1768498227.0868657,33.409
1768498227.189198,44.383
1768498227.291713,37.532
1768498227.3941073,37.039
1768498227.496654,42.807
1768498227.599043,33.705
1768498227.7016315,45.932
1768498227.8068485,45.467
1768498227.9100072,32.836
1768498228.0122724,44.456
1768498228.114565,37.039
1768498228.2168424,37.039
1768498228.3192713,39.754
1768498228.421678,35.461
1768498228.5240626,45.538
1768498228.6310537,33.705
1768498228.733367,44.948
1768498228.835891,36.666
1768498228.938515,38.003
1768498229.041173,40.073
1768498229.1435351,35.087
1768498229.2462132,44.456
1768498229.348428,33.033
1768498229.4550023,43.668
1768498229.5573986,37.653
1768498229.659669,36.94
1768498229.7619517,42.315
1768498229.8642879,34.495
1768498229.9666445,46.916
1768498230.0688949,32.243
1768498230.1712694,42.512
1768498230.2735724,40.148
1768498230.3792844,34.791
1768498230.4817114,45.735
1768498230.5840318,35.58
1768498230.6864207,38.321
1768498230.7888398,41.896
1768498230.8911734,34.297
1768498230.9935143,47.38
1768498231.095888,32.836
1768498231.1984801,49.741
1768498231.30502,33.329
1768498231.4073095,50.006
1768498231.5097785,37.06
1768498231.6120832,37.51
1768498231.7144752,43.989
1768498231.8170578,34.297
1768498231.919529,49.583
1768498232.0219343,34.376
1768498232.1284232,38.617
1768498232.2306497,36.645
1768498232.3328402,43.668
1768498232.4352686,33.606
1768498232.537426,50.566
1768498232.64018,32.046
1768498232.742577,48.364
1768498232.8449807,33.113
1768498232.9472265,47.774
1768498233.0605233,36.151
1768498233.1628122,37.335
1768498233.2650135,43.103
1768498233.3673384,33.409
1768498233.4697742,45.61
1768498233.5721538,36.447
1768498233.6783686,37.927
1768498233.7808373,37.335
1768498233.8831205,38.42
1768498233.985448,37.313
1768498234.0878234,38.2
1768498234.190477,38.518
1768498234.2928727,35.658
1768498234.3952336,42.315
1768498234.5008397,33.606
1768498234.60314,49.122
1768498234.7055037,34.278
1768498234.8083596,40.073
1768498234.9106443,38.989
1768498235.0130126,35.58
1768498235.1153262,43.471
1768498235.21765,33.409
1768498235.3201914,44.948
1768498235.4260423,37.236
1768498235.5285285,36.25
1768498235.6314676,44.383
1768498235.7339258,33.409
1768498235.8363895,43.398
1768498235.9386988,36.349
1768498236.04109,41.946
1768498236.143427,38.913
1768498236.250715,51.118
1768498236.3529613,36.842
1768498236.4556036,46.003
1768498236.5578537,36.053
1768498236.660294,41.453
1768498236.7625093,34.988
1768498236.8652976,46.747
1768498236.967624,33.231
1768498237.0727997,42.315
1768498237.1758628,38.792
1768498237.2782779,36.546
1768498237.3805766,44.554
1768498237.4829938,33.606
1768498237.5854902,44.751
1768498237.6878388,36.842
1768498237.7901952,37.729
1768498237.8924034,44.383
1768498237.9981658,37.313
1768498238.1005194,37.729
1768498238.2029645,46.227
1768498238.305347,34.1
1768498238.4076886,44.679
1768498238.5101097,38.792
1768498238.6124935,36.743
1768498238.7149618,46.298
1768498238.8175728,33.804
1768498238.9223256,43.891
1768498239.024673,40.739
1768498239.1269171,34.692
1768498239.2293937,50.535
1768498239.331852,34.593
1768498239.434174,38.716
1768498239.5365396,49.741
1768498239.6388843,38.792
1768498239.741266,36.053
1768498239.846061,47.774
1768498239.9483962,33.033
1768498240.0508935,41.157
1768498240.1533794,39.702
1768498240.2556596,34.396
1768498240.3580935,45.243
1768498240.460376,39.505
1768498240.5627103,35.087
1768498240.664991,50.036
1768498240.7673213,39.065
1768498240.8718474,37.806
1768498240.9740033,36.447
1768498241.0761435,37.609
1768498241.1782641,36.447
1768498241.2804458,37.039
1768498241.3831687,36.447
1768498241.485578,44.921
1768498241.5877929,33.113
1768498241.690127,41.231
1768498241.7923148,37.927
1768498241.9000738,37.729
1768498242.0023153,42.881
1768498242.1045408,33.705
1768498242.2070909,43.767
1768498242.3093,37.708
1768498242.411551,35.264
1768498242.5144193,44.383
1768498242.6167736,37.313
1768498242.7229836,35.481
1768498242.825327,48.208
1768498242.9276373,33.033
1768498243.0299194,42.216
1768498243.1322284,41.65
1768498243.2346535,34.396
1768498243.3369448,49.554
1768498243.43925,33.31
1768498243.5414944,50.596
1768498243.6475675,33.113
1768498243.7498825,41.034
1768498243.852204,38.277
1768498243.9545393,36.151
1768498244.0573797,44.259
1768498244.1598246,34.297
1768498244.262139,49.839
1768498244.3645303,37.631
1768498244.4669757,36.94
1768498244.5718746,43.201
1768498244.6742094,34.396
1768498244.7765439,46.523
1768498244.8790643,39.087
1768498244.9814453,35.185
1768498245.0837593,48.433
1768498245.1862195,33.902
1768498245.2887151,43.497
1768498245.3912778,36.546
1768498245.499315,45.145
1768498245.6015265,34.1
1768498245.7039661,45.145
1768498245.8061233,38.716
1768498245.9086626,38.003
1768498246.0109825,47.675
1768498246.1144,34.199
1768498246.220973,43.004
1768498246.3235393,42.019
1768498246.425892,36.25
1768498246.528192,48.393
1768498246.6307786,34.199
1768498246.73325,36.666
1768498246.8356562,40.566
1768498246.9380052,39.11
1768498247.040373,36.645
1768498247.1453254,42.585
1768498247.2476108,33.804
1768498247.349844,46.03
1768498247.452122,36.623
1768498247.5545063,39.876
1768498247.6567857,41.527
1768498247.7590542,34.692
1768498247.8613806,50.725
1768498247.963753,33.113
1768498248.0700483,42.709
1768498248.1724148,38.102
1768498248.2748184,37.927
1768498248.3771374,45.341
1768498248.4796283,34.001
1768498248.5819714,47.745
1768498248.6843314,37.159
1768498248.786765,37.138
1768498248.8890958,45.637
1768498248.9940681,34.692
1768498249.0963674,52.66
1768498249.198635,37.51
1768498249.300894,37.236
1768498249.4031649,46.271
1768498249.5054927,33.606
1768498249.6077526,40.838
1768498249.7101278,44.456
1768498249.8124065,43.668
1768498249.919929,33.508
1768498250.0222692,41.551
1768498250.1247702,41.798
1768498250.227155,34.988
1768498250.3293982,50.203
1768498250.4323692,33.409
1768498250.5348127,40.936
1768498250.637072,42.413
1768498250.7419329,35.481
1768498250.8442924,52.236
1768498250.9465678,33.705
1768498251.0489495,39.777
1768498251.1513004,44.652
1768498251.2536736,34.791
1768498251.3559341,48.069
1768498251.4582827,39.383
1768498251.5606427,37.138
1768498251.6670034,46.762
1768498251.7692444,33.804
1768498251.871491,42.709
1768498251.9740272,37.138
1768498252.0765815,38.102
1768498252.17892,38.518
1768498252.2813542,37.138
1768498252.383712,44.554
1768498252.490344,34.001
1768498252.5927453,52.169
1768498252.695135,34.297
1768498252.797383,38.989
1768498252.8998108,39.209
1768498253.0022275,35.56
1768498253.1046255,46.298
1768498253.206945,33.409
1768498253.3093138,49.976
1768498253.4153538,32.441
1768498253.5177984,44.876
1768498253.62024,33.508
1768498253.7225783,38.89
1768498253.8249466,39.702
1768498253.927299,35.679
1768498254.0303512,33.606
1768498254.1335168,48.856
1768498254.2391474,32.638
1768498254.3415165,40.936
1768498254.4439063,41.034
1768498254.5508108,33.902
1768498254.6530504,45.046
1768498254.7565908,38.792
1768498254.8622713,37.335
1768498254.9646287,44.16
1768498255.0672562,34.692
1768498255.1695352,47.352
1768498255.271941,34.199
1768498255.3743634,50.891
1768498255.4767342,33.902
1768498255.5791736,41.157
1768498255.6856315,40.664
1768498255.7879436,35.778
1768498255.8902888,47.254
1768498255.9926596,33.705
1768498256.0949898,47.38
1768498256.1974697,34.869
1768498256.2998834,41.157
1768498256.4022293,37.357
1768498256.5046082,42.807
1768498256.6096668,38.321
1768498256.7120173,35.56
1768498256.8144042,32.737
1768498256.9168308,47.212
1768498257.0193224,35.461
1768498257.121647,37.927
1768498257.2239914,42.684
1768498257.3262937,33.705
1768498257.429014,47.704
1768498257.5353866,34.791
1768498257.6378064,39.482
1768498257.7402282,40.566
1768498257.842645,34.199
1768498257.9449189,45.046
1768498258.047248,39.262
1768498258.149648,48.462
1768498258.2518358,33.231
1768498258.3582559,43.398
1768498258.4606948,38.716
1768498258.5630372,36.151
1768498258.665416,47.802
1768498258.7685747,33.31
1768498258.8709066,43.865
1768498258.9732432,38.223
1768498259.0755463,37.138
1768498259.1779084,45.341
1768498259.2828782,33.705
1768498259.3853922,44.186
1768498259.4878526,39.14
1768498259.5902336,34.692
1768498259.69256,49.682
1768498259.7951562,38.671
1768498259.897468,37.138
1768498260.0000508,46.593
1768498260.1063037,33.705
1768498260.208745,40.861
1768498260.3112044,41.133
1768498260.4136844,35.284
1768498260.515875,50.263
1768498260.6183944,39.284
1768498260.7206979,36.151
1768498260.82314,49.446
1768498260.9256032,33.212
1768498261.0308895,38.496
1768498261.1332912,44.751
1768498261.2357414,36.743
1768498261.3381348,47.97
1768498261.4406652,36.842
1768498261.54312,39.11
1768498261.6454735,47.97
1768498261.7480135,33.705
1768498261.850274,40.369
1768498261.9553692,46.03
1768498262.0577788,34.1
1768498262.160203,48.393
1768498262.2625408,38.89
1768498262.3649535,37.313
1768498262.4677289,34.593
1768498262.5715609,49.476
1768498262.6738737,43.004
1768498262.7800195,35.58
1768498262.8823411,49.377
1768498262.9846811,34.791
1768498263.088664,46.987
1768498263.191048,39.406
1768498263.2933822,38.496
1768498263.3958924,42.487
1768498263.4982722,35.876
1768498263.602984,50.891
1768498263.7054868,34.396
1768498263.8079567,49.348
1768498263.910281,33.804
1768498264.0127225,38.989
1768498264.1150138,38.102
1768498264.2173939,37.828
1768498264.320029,37.905
1768498264.4223678,36.645
1768498264.5290134,37.116
1768498264.6314037,37.039
1768498264.7337785,43.201
1768498264.8361213,33.705
1768498264.9386792,44.456
1768498265.0411158,32.638
1768498265.143532,47.282
1768498265.2458928,32.323
1768498265.3513992,39.974
1768498265.4539292,38.299
1768498265.556294,37.335
1768498265.659001,39.679
1768498265.7615693,34.791
1768498265.8639526,46.03
1768498265.9662995,33.113
1768498266.0686076,47.745
1768498266.1754074,34.573
1768498266.2780328,38.299
1768498266.380528,42.143
1768498266.483005,33.902
1768498266.5854964,32.934
1768498266.6890352,46.03
1768498266.7920704,35.876
1768498266.894333,42.068
1768498267.0001013,34.297
1768498267.1023788,48.59
1768498267.206068,38.146
1768498267.30836,37.138
1768498267.4107802,44.921
1768498267.5130463,34.1
1768498267.6155193,49.289
1768498267.7179286,33.113
1768498267.8242407,38.89
1768498267.9265645,43.989
1768498268.0289385,34.1
1768498268.1312556,46.227
1768498268.2335916,39.899
1768498268.335881,35.679
1768498268.438176,51.874
1768498268.5405576,38.025
1768498268.642805,39.087
1768498268.7482233,38.397
1768498268.850571,38.89
1768498268.952892,39.853
1768498269.0553112,36.447
1768498269.1577113,46.397
1768498269.2601287,33.606
1768498269.3624768,40.345
1768498269.4648306,42.684
1768498269.5676422,34.988
1768498269.672272,48.59
1768498269.774665,33.409
1768498269.8769722,42.118
1768498269.9792821,35.481
1768498270.0817702,42.881
1768498270.184053,32.441
1768498270.2864382,44.456
1768498270.388845,36.645
1768498270.4911833,36.94
1768498270.5966916,43.865
1768498270.6991267,35.087
1768498270.8014894,39.186
1768498270.9038086,41.109
1768498271.0061998,35.284
1768498271.1086504,38.2
1768498271.211154,37.434
1768498271.3133276,46.271
1768498271.4156566,33.508
1768498271.5177839,43.103
1768498271.624013,42.216
1768498271.7263663,35.284
1768498271.828767,50.105
1768498271.9313867,39.731
1768498272.0340035,36.645
1768498272.1362612,51.223
1768498272.2386138,38.124
1768498272.3409867,38.397
1768498272.446278,47.675
1768498272.5485992,34.199
1768498272.6509788,42.512
1768498272.753374,40.444
1768498272.8557842,35.481
1768498272.9581938,52.825
1768498273.0605106,38.299
1768498273.162889,36.645
1768498273.2652528,47.97
1768498273.3709729,38.518
1768498273.4732907,37.236
1768498273.5755043,45.216
1768498273.6777453,33.409
1768498273.7801454,46.03
1768498273.882345,39.087
1768498273.984785,36.349
1768498274.087126,47.212
1768498274.189548,33.409
1768498274.2919667,40.172
1768498274.3971226,45.44
1768498274.4993405,33.804
1768498274.6017127,41.625
1768498274.7040527,45.145
1768498274.8063495,35.087
1768498274.9088855,43.57
1768498275.0113878,38.792
1768498275.1137302,37.138
1768498275.2161057,48.462
1768498275.3211436,33.804
1768498275.4235399,40.838
1768498275.5259614,41.33
1768498275.6282618,46.172
1768498275.7319057,38.047
1768498275.83419,37.532
1768498275.936508,46.172
1768498276.0395098,34.495
1768498276.1442075,45.538
1768498276.2529376,39.899
1768498276.3551424,36.743
1768498276.4575307,43.471
1768498276.559981,34.889
1768498276.662369,45.861
1768498276.7690117,41.059
1768498276.8712468,41.33
1768498276.9735818,35.856
1768498277.0758922,44.259
1768498277.1783109,34.396
1768498277.2807403,48.994
1768498277.383051,34.771
1768498277.485417,39.186
1768498277.5877092,44.16
1768498277.6900134,33.606
1768498277.795819,49.878
1768498277.8986614,33.409
1768498278.0010252,47.085
1768498278.1036088,36.447
1768498278.2060392,39.482
1768498278.308505,44.186
1768498278.411056,34.001
1768498278.5136435,44.652
1768498278.6190083,41.921
1768498278.721373,34.297
1768498278.8236597,45.905
1768498278.9262314,38.792
1768498279.029036,36.94
1768498279.131498,43.963
1768498279.234594,34.396
1768498279.3372586,48.266
1768498279.4421918,33.132
1768498279.544673,38.693
1768498279.64705,43.57
1768498279.7496831,49.18
1768498279.8531544,38.299
1768498279.9553454,39.284
1768498280.0576718,42.388
1768498280.16,34.889
1768498280.2623782,48.462
1768498280.3676865,38.321
1768498280.470074,38.595
1768498280.5744743,44.482
1768498280.6769588,34.396
1768498280.7794094,46.003
1768498280.8817143,38.989
1768498280.984013,36.842
1768498281.090468,45.44
1768498281.193093,34.593
1768498281.2954736,50.301
1768498281.397911,38.321
1768498281.5003831,37.828
1768498281.602987,43.668
1768498281.7053192,33.508
1768498281.807789,43.792
1768498281.9102955,41.453
1768498282.0156643,36.25
1768498282.1184187,46.129
1768498282.2209947,33.508
1768498282.323636,44.285
1768498282.4260519,40.247
1768498282.5291476,34.692
1768498282.6314912,48.266
1768498282.7340598,34.001
1768498282.839287,38.496
1768498282.9420192,44.823
1768498283.0444908,34.1
1768498283.1472542,48.237
1768498283.2495906,33.329
1768498283.3522384,45.046
1768498283.4546125,33.902
1768498283.557034,42.216
1768498283.6593819,38.102
1768498283.7651932,36.349
1768498283.8675444,41.034
1768498283.9700174,44.751
1768498284.0742502,33.212
1768498284.176676,45.834
1768498284.2795796,37.258
1768498284.38178,35.975
1768498284.487503,44.259
1768498284.5921068,32.737
1768498284.6944036,40.566
1768498284.7969418,39.754
1768498284.899507,34.692
1768498285.001761,49.416
1768498285.1040998,37.532
1768498285.2063818,37.631
1768498285.308669,43.792
1768498285.410965,34.495
1768498285.5160792,41.133
1768498285.618567,35.284
1768498285.7209446,45.413
1768498285.8234859,33.409
1768498285.9258692,45.806
1768498286.0282798,36.94
1768498286.1307333,40.27
1768498286.233415,37.653
1768498286.3359282,38.89
1768498286.4423344,37.159
1768498286.5448456,39.777
1768498286.6471941,41.059
1768498286.7497213,43.471
1768498286.8520496,33.231
1768498286.9544485,41.059
1768498287.0568125,40.641
1768498287.1592348,33.804
1768498287.2615519,41.822
1768498287.3638718,43.668
1768498287.4693518,37.138
1768498287.572051,36.546
1768498287.6744199,45.413
1768498287.7767272,33.31
1768498287.8789845,41.921
1768498287.9813998,40.664
1768498288.0837297,36.349
1768498288.1861465,48.994
1768498288.2885582,38.496
1768498288.3939486,37.039
1768498288.496483,52.695
1768498288.598853,36.842
1768498288.7015092,50.173
1768498288.8036196,38.792
1768498288.906339,37.138
1768498289.0085163,48.561
1768498289.1107879,33.902
1768498289.214846,41.625
1768498289.3194442,44.679
1768498289.4218225,34.692
1768498289.5242093,46.102
1768498289.6265445,39.777
1768498289.7288866,36.645
1768498289.8312085,50.799
1768498289.9335146,34.001
1768498290.0356708,40.763
1768498290.1380024,45.243
1768498290.243873,34.791
1768498290.3462853,44.652
1768498290.4487462,39.777
1768498290.551155,35.658
1768498290.6534076,49.249
1768498290.7558823,38.814
1768498290.858239,37.236
1768498290.9607296,44.751
1768498291.0631168,33.705
1768498291.1690452,40.369
1768498291.2712827,44.456
1768498291.3736153,33.705
1768498291.4759996,40.664
1768498291.5783103,47.507
1768498291.6807027,34.297
1768498291.7830734,41.847
1768498291.8853915,43.57
1768498291.9879541,34.988
1768498292.0928512,48.532
1768498292.1951046,34.001
1768498292.297437,42.118
1768498292.3996847,44.777
1768498292.502027,34.593
1768498292.604338,41.798
1768498292.7067904,44.482
1768498292.8090622,34.692
1768498292.9114683,43.792
1768498293.016604,40.42
1768498293.119498,46.621
1768498293.2218034,33.902
1768498293.3240151,44.429
1768498293.4263132,39.284
1768498293.5325515,37.116
1768498293.6349437,45.145
1768498293.743932,35.185
1768498293.8461702,47.352
1768498293.948735,33.606
1768498294.0512855,42.709
1768498294.1537068,38.595
1768498294.2560437,36.074
1768498294.3586514,45.413
1768498294.465047,33.705
1768498294.5674052,44.554
1768498294.669686,39.307
1768498294.7721004,35.087
1768498294.8746018,47.999
1768498294.9768806,37.138
1768498295.0796046,40.96
1768498295.1820126,41.33
1768498295.2843804,34.396
1768498295.3907828,47.802
1768498295.493129,38.299
1768498295.5955396,36.172
1768498295.697972,46.003
1768498295.8003688,33.31
1768498295.9027405,44.383
1768498296.0051124,43.176
1768498296.1074424,38.496
1768498296.2099652,32.916
1768498296.3143766,45.932
1768498296.4167116,33.329
1768498296.5190551,46.298
1768498296.62137,33.705
1768498296.7237008,41.724
1768498296.8260186,35.679
1768498296.9284306,51.776
1768498297.0307908,37.313
1768498297.1330698,41.822
1768498297.2383366,35.481
1768498297.3420537,49.544
1768498297.4443092,38.321
1768498297.5513153,38.989
1768498297.6536458,42.61
1768498297.7558672,33.508
1768498297.8618293,45.637
1768498297.9641829,38.913
1768498298.0664089,36.053
1768498298.1687744,46.593
1768498298.271072,38.223
1768498298.3734472,35.679
1768498298.4757195,47.675
1768498298.5781865,40.345
1768498298.680573,35.284
1768498298.7877128,46.326
1768498298.8900712,38.595
1768498298.9924002,36.25
1768498299.094758,52.366
1768498299.1971138,39.383
1768498299.2994065,37.236
1768498299.4018033,48.069
1768498299.5042112,34.001
1768498299.6066186,41.059
1768498299.7092562,44.948
1768498299.811644,34.889
1768498299.913933,45.145
1768498300.016242,38.321
1768498300.1186907,45.637
1768498300.2209725,39.406
1768498300.3233619,36.25
1768498300.425757,45.538
1768498300.5280135,33.902
1768498300.6306627,39.383
1768498300.7360168,46.762
1768498300.838392,37.313
1768498300.940884,37.631
1768498301.0433009,51.383
1768498301.1456842,36.172
1768498301.2478702,39.974
1768498301.350152,47.675
1768498301.4523258,35.185
1768498301.5546885,44.186
1768498301.6599355,35.58
1768498301.7641826,46.79
1768498301.8664076,42.881
1768498301.968532,35.658
1768498302.071822,49.839
1768498302.1741054,43.3
1768498302.2763412,34.988
1768498302.3785243,39.284
1768498302.4839344,48.994
1768498302.586261,41.034
1768498302.6886325,35.757
1768498302.7909584,42.782
1768498302.8932564,50.006
1768498302.995416,34.988
1768498303.0975828,43.989
1768498303.199907,48.896
1768498303.302264,37.116
1768498303.404551,38.496
1768498303.5096273,53.775
1768498303.6120543,41.01
1768498303.7145586,37.138
1768498303.816801,51.388
1768498303.9191744,34.771
1768498304.0216234,38.989
1768498304.1239197,51.45
1768498304.2261546,34.692
1768498304.3285897,38.792
1768498304.4347668,48.237
1768498304.537473,35.067
1768498304.639805,53.25
1768498304.7421396,38.89
1768498304.84452,36.546
1768498304.9468427,50.762
1768498305.0492508,39.656
1768498305.1514883,35.954
1768498305.2538652,45.708
1768498305.3606982,42.512
1768498305.4629714,35.185
1768498305.5653324,43.865
1768498305.6676326,43.3
1768498305.7699602,35.185
1768498305.8722794,44.849
1768498305.9745266,43.989
1768498306.0771177,35.185
1768498306.179897,44.357
1768498306.285511,38.003
1768498306.3892415,43.373
1768498306.4915438,34.692
1768498306.595143,41.33
1768498306.6976883,33.508
1768498306.8001266,45.073
1768498306.9026897,33.508
1768498307.004945,39.284
1768498307.1103597,41.921
1768498307.2127354,34.297
1768498307.3150406,43.72
1768498307.4173365,39.876
1768498307.5201397,34.988
1768498307.6225312,48.404
1768498307.7248785,38.003
1768498307.827629,36.743
1768498307.9302192,47.38
1768498308.0349255,33.508
1768498308.1373053,42.118
1768498308.2396057,47.282
1768498308.3419049,33.606
1768498308.4442618,38.792
1768498308.5465176,46.326
1768498308.6488562,33.606
1768498308.7512112,43.792
1768498308.8534694,45.368
1768498308.9593525,34.199
1768498309.06185,42.093
1768498309.164691,41.059
1768498309.266921,34.791
1768498309.3692575,42.512
1768498309.4716403,46.102
1768498309.5739172,34.1
1768498309.6761549,41.354
1768498309.778781,44.357
1768498309.8830671,34.001
1768498309.985228,40.763
1768498310.087629,40.172
1768498310.1898885,34.495
1768498310.292184,44.186
1768498310.3946137,42.979
1768498310.4969683,34.1
1768498310.5992968,41.157
1768498310.7016938,42.61
1768498310.804224,43.201
1768498310.9116964,41.306
1768498311.0139024,35.284
1768498311.1161542,47.634
1768498311.2183762,33.489
1768498311.3205721,37.828
1768498311.4227786,41.256
1768498311.5251944,38.223
1768498311.627564,36.94
1768498311.7338526,47.844
1768498311.8361354,36.546
1768498311.9389243,37.236
1768498312.0413768,45.413
1768498312.1437116,34.1
1768498312.246067,47.282
1768498312.3484974,42.807
1768498312.4507172,34.495
1768498312.5531285,43.201
1768498312.658409,42.29
1768498312.7609167,34.297
1768498312.8634043,42.684
1768498312.965702,44.062
1768498313.068153,34.396
1768498313.1705534,49.348
1768498313.2729177,38.474
1768498313.3752277,35.58
1768498313.4775121,45.288
1768498313.5839612,44.16
1768498313.686208,33.508
1768498313.7885787,38.716
1768498313.8909152,45.341
1768498313.993222,33.508
1768498314.095604,41.921
1768498314.1979275,41.724
1768498314.3003192,34.791
1768498314.4027119,38.025
1768498314.5097775,39.603
1768498314.6121268,36.645
1768498314.714474,53.25
1768498314.816782,39.209
1768498314.919147,38.124
1768498315.0221136,48.688
1768498315.1244845,34.1
1768498315.2269158,47.31
1768498315.3345962,34.001
1768498315.4369578,39.209
1768498315.5394063,46.298
1768498315.6417959,35.383
1768498315.744122,38.223
1768498315.8479729,52.66
1768498315.9503238,38.617
1768498316.0576522,37.828
1768498316.1599069,47.352
1768498316.2623663,33.508
1768498316.3646293,39.482
1768498316.466954,42.388
1768498316.569267,35.087
1768498316.6714256,51.352
1768498316.7740178,38.397
1768498316.8763545,45.834
1768498316.978749,34.001
1768498317.0841267,43.3
1768498317.1865597,39.679
1768498317.2889125,33.804
1768498317.3912492,42.734
1768498317.493522,44.16
1768498317.5959775,33.902
1768498317.6983154,41.724
1768498317.8007004,38.792
1768498317.903074,36.764
1768498318.0098732,52.039
1768498318.1121833,38.223
1768498318.2146523,38.321
1768498318.3170094,49.122
1768498318.4193337,38.792
1768498318.5217364,36.053
1768498318.6241796,52.629
1768498318.7265189,39.702
1768498318.8289077,35.461
1768498318.9318805,44.849
1768498319.0340827,40.96
1768498319.1363356,37.039
1768498319.2386708,53.25
1768498319.3409374,40.247
1768498319.4432037,35.876
1768498319.5454774,43.963
1768498319.6479495,46.424
1768498319.7503705,44.948
1768498319.8545578,44.921
1768498319.9586813,34.692
1768498320.0610783,46.467
1768498320.1634114,40.27
1768498320.2666018,36.349
1768498320.368928,51.677
1768498320.4712691,39.777
1768498320.5736763,35.954
1768498320.6759748,48.266
1768498320.7783713,39.186
1768498320.8834138,35.658
1768498320.9862273,48.069
1768498321.0886636,39.459
1768498321.1909125,36.743
1768498321.2933505,47.45
1768498321.3956668,35.362
1768498321.4981163,38.617
1768498321.6004853,48.335
1768498321.70669,38.89
1768498321.8092124,37.806
1768498321.911528,49.023
1768498322.0139768,39.11
1768498322.1162872,38.025
1768498322.2185318,50.369
1768498322.3209107,36.053
1768498322.4232843,38.617
1768498322.5259428,49.946
1768498322.6318188,37.236
1768498322.7342234,39.186
1768498322.8365624,48.561
1768498322.9390793,33.31
1768498323.0414295,41.699
1768498323.143836,42.29
1768498323.2461207,35.185
1768498323.3485239,42.684
1768498323.450911,43.398
1768498323.5567024,34.495
1768498323.6590323,46.916
1768498323.761476,41.034
1768498323.8638597,34.692
1768498323.9661872,47.113
1768498324.0684404,39.998
1768498324.17099,35.975
1768498324.273373,37.806
1768498324.3763576,36.546
1768498324.482754,50.959
1768498324.5850298,39.505
1768498324.6889858,35.954
1768498324.7912865,51.548
1768498324.8935204,38.299
1768498324.9958632,36.842
1768498325.0982451,48.699
1768498325.2005785,34.001
1768498325.307382,41.428
1768498325.4097242,48.561
1768498325.5121682,34.297
1768498325.614478,41.625
1768498325.71699,44.259
1768498325.8194227,35.284
1768498325.9218037,44.751
1768498326.0241113,43.373
1768498326.126597,35.165
1768498326.2311175,48.728
1768498326.3335483,39.801
1768498326.435852,35.954
1768498326.5383785,50.535
1768498326.6417038,33.883
1768498326.7448282,45.145
1768498326.8471618,35.58
1768498326.9496825,47.38
1768498327.0559,39.557
1768498327.1589344,35.185
1768498327.2613478,47.212
1768498327.3636293,35.342
1768498327.4660764,37.434
1768498327.568516,42.118
1768498327.6708114,34.001
1768498327.773273,44.849
1768498327.8757977,38.299
1768498327.9822118,36.842
1768498328.0846035,43.963
1768498328.1869047,34.199
1768498328.2893324,47.31
1768498328.3918004,34.593
1768498328.4944746,43.274
1768498328.598206,33.014
1768498328.7039654,41.724
1768498328.8062687,38.989
1768498328.9093294,35.461
1768498329.0118756,45.019
1768498329.1141737,33.033
1768498329.2166028,44.259
1768498329.31894,39.801
1768498329.4212463,34.988
1768498329.5237184,46.03
1768498329.6260285,36.645
1768498329.7318873,38.124
1768498329.8343186,45.762
1768498329.9367905,33.014
1768498330.0391114,47.015
1768498330.1414876,34.593
1768498330.2438846,41.133
1768498330.346377,37.828
1768498330.4486094,36.447
1768498330.5510385,45.511
1768498330.6561449,33.212
1768498330.758472,39.012
1768498330.8607647,48.433
1768498330.9631944,34.396
1768498331.0658066,39.087
1768498331.1682217,46.2
1768498331.2705455,33.508
1768498331.372994,39.801
1768498331.4753265,47.774
1768498331.5818756,36.842
1768498331.68424,38.321
1768498331.7865756,48.728
1768498331.8887901,39.58
1768498331.991142,36.151
1768498332.093293,48.167
1768498332.195555,33.705
1768498332.2980766,41.921
1768498332.400393,45.243
1768498332.5063272,35.185
1768498332.6086078,43.595
1768498332.7110183,45.145
1768498332.8133364,36.546
1768498332.916151,39.679
1768498333.0191288,38.321
1768498333.1214757,46.747
1768498333.2299373,34.988
1768498333.3322814,40.739
1768498333.4344246,48.433
1768498333.5366945,39.58
1768498333.6389356,37.434
1768498333.7411141,53.284
1768498333.8433974,40.59
1768498333.945695,37.138
1768498334.0518024,47.155
1768498334.154208,33.804
1768498334.2565606,38.792
1768498334.3589451,42.979
1768498334.4613295,33.508
1768498334.5636656,41.034
1768498334.6660237,48.59
1768498334.768357,33.409
1768498334.870663,37.412
1768498334.9729168,51.155
1768498335.0781603,37.335
1768498335.1804676,37.806
1768498335.2826948,43.767
1768498335.3851035,32.638
1768498335.4873438,47.605
1768498335.5896425,34.1
1768498335.6920006,42.118
1768498335.7944129,42.979
1768498335.896743,33.902
1768498335.9989102,38.102
1768498336.10447,48.728
1768498336.2066724,38.321
1768498336.3088834,37.806
1768498336.4111958,50.762
1768498336.5134716,38.375
1768498336.6158102,36.447
1768498336.718146,54.037
1768498336.8204267,38.792
1768498336.9229457,49.544
1768498337.0252569,36.032
1768498337.1300185,37.434
1768498337.2322662,48.925
1768498337.33449,34.593
1768498337.436884,49.092
1768498337.5397007,38.025
1768498337.6435702,48.63
1768498337.7458863,34.001
1768498337.8481617,41.724
1768498337.9513364,39.482
1768498338.0569658,35.679
1768498338.1594963,49.122
1768498338.2617204,40.073
1768498338.3638973,36.468
1768498338.4661105,49.968
1768498338.5683389,38.277
1768498338.6705775,35.954
1768498338.7729995,50.664
1768498338.875308,33.804
1768498338.980982,39.284
1768498339.0833738,44.751
1768498339.1855733,34.593
1768498339.2878618,49.348
1768498339.3902893,38.814
1768498339.4925537,37.138
1768498339.5947356,48.925
1768498339.6969712,36.94
1768498339.799348,38.814
1768498339.9017088,47.577
1768498340.0064716,33.902
1768498340.108811,41.822
1768498340.2111413,41.133
1768498340.3134785,34.297
1768498340.415813,50.626
1768498340.51813,38.792
1768498340.620463,37.236
1768498340.722854,46.2
1768498340.8252816,33.606
1768498340.9276078,41.059
1768498341.032632,43.103
1768498341.135021,34.1
1768498341.2374406,50.135
1768498341.3398767,38.397
1768498341.4422824,35.975
1768498341.5446308,49.544
1768498341.6468906,38.671
1768498341.7491677,37.927
1768498341.8514931,38.814
1768498341.957354,36.271
1768498342.0596867,50.566
1768498342.1619978,38.08
1768498342.2643087,47.815
1768498342.3676894,38.693
1768498342.46998,36.447
1768498342.5726185,52.759
1768498342.6750166,38.397
1768498342.7785819,38.124
1768498342.881016,48.827
1768498342.9833531,33.705
1768498343.0858803,40.566
1768498343.1882598,45.905
1768498343.290606,33.902
1768498343.3929622,42.118
1768498343.4952543,43.497
1768498343.5975308,34.297
1768498343.6998925,38.89
1768498343.805669,44.554
1768498343.9079216,34.889
1768498344.010345,49.711
1768498344.1127343,38.025
1768498344.214986,38.693
1768498344.3172853,46.353
1768498344.419839,34.199
1768498344.522333,44.456
1768498344.624684,43.398
1768498344.7297566,34.297
1768498344.8321302,38.989
1768498344.934553,47.942
1768498345.0369203,33.705
1768498345.139292,44.554
1768498345.2416933,38.814
1768498345.3441164,37.631
1768498345.446529,48.462
1768498345.5489132,33.606
1768498345.6546378,41.034
1768498345.7570128,38.769
1768498345.8594885,35.383
1768498345.9619305,51.874
1768498346.0643322,34.119
1768498346.1667564,37.828
1768498346.2691677,38.375
1768498346.3714652,34.889
1768498346.4736886,45.905
1768498346.5760195,33.212
1768498346.6819906,40.861
1768498346.7866673,43.176
1768498346.890301,33.212
1768498346.994742,42.413
1768498347.0969381,38.518
1768498347.1991398,37.236
1768498347.3053107,37.609
1768498347.4077601,38.025
1768498347.5100687,38.003
1768498347.6123912,36.25
1768498347.7148628,40.444
1768498347.8172362,34.791
1768498347.9196227,43.57
1768498348.02206,33.212
1768498348.1244771,41.921
1768498348.22692,36.151
1768498348.3315952,38.496
1768498348.434129,46.397
1768498348.5366833,33.231
1768498348.6390717,39.679
1768498348.7414875,42.881
1768498348.8439016,33.902
1768498348.9461377,43.103
1768498349.0484312,34.396
1768498349.150853,40.27
1768498349.257156,40.566
1768498349.3595695,35.658
1768498349.4618864,50.498
1768498349.5643532,33.31
1768498349.6668782,43.15
1768498349.7691686,38.496
1768498349.8718498,36.053
1768498349.974171,49.908
1768498350.0803366,33.212
1768498350.1826441,38.321
1768498350.2850478,47.352
1768498350.387468,33.606
1768498350.4898355,40.467
1768498350.5921943,44.383
1768498350.694584,34.1
1768498350.7969096,41.428
1768498350.8993533,40.369
1768498351.006918,34.396
1768498351.109308,51.972
1768498351.2147834,37.532
1768498351.3176582,45.341
1768498351.4199185,34.199
1768498351.5222147,48.659
1768498351.6247556,38.321
1768498351.7302935,36.37
1768498351.8327062,43.694
1768498351.9351602,33.705
1768498352.0374415,49.22
1768498352.1397963,37.258
1768498352.242177,36.546
1768498352.3446467,47.942
1768498352.4469748,39.679
1768498352.5493574,36.546
1768498352.65576,53.644
1768498352.7581344,37.609
1768498352.860422,37.905
1768498352.9627323,44.01
1768498353.065071,34.791
1768498353.1674743,50.86
1768498353.269798,38.102
1768498353.3722434,39.284
1768498353.4744763,45.413
1768498353.578983,34.495
1768498353.6813796,46.452
1768498353.7839007,39.656
1768498353.8862805,35.481
1768498353.988509,48.896
1768498354.0909784,38.474
1768498354.1933339,37.138
1768498354.2958026,48.167
1768498354.3981628,38.814
1768498354.5035944,38.716
1768498354.6060395,46.397
1768498354.7087488,33.606
1768498354.8112347,40.739
1768498354.9136212,41.872
1768498355.0159876,33.705
1768498355.1184163,43.937
1768498355.2212472,39.307
1768498355.323765,35.679
1768498355.4326618,39.656
1768498355.535112,35.876
1768498355.6372426,48.728
1768498355.739397,39.505
1768498355.8415213,36.074
1768498355.944069,45.932
1768498356.0462935,38.518
1768498356.1526718,45.467
1768498356.2552314,34.297
1768498356.357501,49.122
1768498356.4609876,40.27
1768498356.5633395,48.827
1768498356.665664,35.58
1768498356.7681248,33.508
1768498356.870466,41.059
1768498356.9727333,47.872
1768498357.0787108,34.692
1768498357.1809993,43.078
1768498357.283303,43.176
1768498357.385668,35.757
1768498357.4881415,52.366
1768498357.5905201,38.89
1768498357.692988,38.496
1768498357.79544,48.237
1768498357.8999043,32.916
1768498358.0023084,38.989
1768498358.1049094,44.948
1768498358.2071755,33.705
1768498358.3095496,46.495
1768498358.411954,39.087
1768498358.5142446,35.087
1768498358.6167684,46.747
1768498358.719113,38.102
1768498358.8217943,36.546
1768498358.9279337,47.549
1768498359.0302708,33.508
1768498359.1325219,44.652
1768498359.2349432,37.609
1768498359.3374736,39.087
1768498359.4399636,45.145
1768498359.5424454,34.495
1768498359.6450317,41.822
1768498359.7473748,51.646
1768498359.853896,38.693
1768498359.9576375,46.593
1768498360.0599895,34.199
1768498360.1638155,42.709
1768498360.2660887,46.227
1768498360.3683867,38.102
1768498360.4707112,39.557
1768498360.5764802,43.373
1768498360.6789086,35.481
1768498360.78142,49.711
1768498360.8838675,37.729
1768498360.986172,38.693
1768498361.0885475,44.823
1768498361.190991,33.014
1768498361.293359,45.341
1768498361.3957536,46.888
1768498361.4981635,33.705
1768498361.603516,38.89
1768498361.7057676,40.369
1768498361.808532,35.778
1768498361.9109137,49.544
1768498362.0132484,39.186
1768498362.1156514,35.658
1768498362.2181728,50.045
1768498362.3205404,43.668
1768498362.4270506,34.199
1768498362.5293884,38.025
1768498362.6317098,42.709
1768498362.734052,41.428
1768498362.836372,34.593
1768498362.9388835,40.27
1768498363.0413008,53.775
1768498363.1436028,38.845
1768498363.2459884,36.842
1768498363.3510585,47.844
1768498363.4535294,42.61
1768498363.555824,34.791
1768498363.658225,41.034
1768498363.7605934,44.652
1768498363.8633115,34.692
1768498363.9656222,41.847
1768498364.0678875,48.266
1768498364.1701334,35.362
1768498364.2767286,45.511
1768498364.3789892,39.307
1768498364.4877284,37.335
1768498364.5899324,40.148
1768498364.692057,42.019
1768498364.7943237,35.876
1768498364.8995316,46.916
1768498365.001738,42.782
1768498365.104072,35.658
1768498365.2065003,45.413
1768498365.309,46.888
1768498365.4112294,34.889
1768498365.5136113,45.145
1768498365.6158552,43.497
1768498365.718254,35.856
1768498365.8248348,46.719
1768498365.9271736,44.777
1768498366.0294669,34.889
1768498366.131762,41.256
1768498366.2340558,49.348
1768498366.3364186,34.988
1768498366.4387274,40.345
1768498366.5411932,38.321
1768498366.643556,35.481
1768498366.7500997,32.342
1768498366.8524995,40.467
1768498366.9551888,37.215
1768498367.05754,35.856
1768498367.1599262,46.03
1768498367.2624114,37.434
1768498367.3648453,41.724
1768498367.467146,45.216
1768498367.5695357,34.199
1768498367.675542,40.936
1768498367.7779405,38.792
1768498367.8803494,35.658
1768498367.9825704,47.647
1768498368.0848868,39.186
1768498368.187549,35.087
1768498368.2899137,41.748
1768498368.39242,39.58
1768498368.4952,35.481
1768498368.6019378,39.505
1768498368.7041473,35.856
1768498368.8074949,53.349
1768498368.9100478,38.003
1768498369.0121932,37.729
1768498369.1146061,47.38
1768498369.2168953,34.297
1768498369.3191934,40.861
1768498369.424897,44.652
1768498369.5271957,34.495
1768498369.6295245,39.087
1768498369.7319956,40.321
1768498369.834472,36.151
1768498369.9368174,52.889
1768498370.0391586,33.804
1768498370.141525,42.093
1768498370.2438262,43.373
1768498370.3501184,35.087
1768498370.4525926,43.078
1768498370.5549147,45.538
1768498370.6572669,34.889
1768498370.7596884,44.626
1768498370.862082,40.026
1768498370.9644847,35.185
1768498371.0670757,45.932
1768498371.169498,40.27
1768498371.2739341,36.743
1768498371.3763106,53.12
1768498371.478915,39.951
1768498371.5812187,34.889
1768498371.6835206,41.231
1768498371.7861652,39.482
1768498371.888772,35.856
1768498371.9910939,49.613
1768498372.0935247,38.518
1768498372.199882,38.617
1768498372.3024275,41.404
1768498372.4047737,35.461
1768498372.5076344,48.138
1768498372.6101,39.482
1768498372.7126703,35.954
1768498372.8150754,52.759
1768498372.9175017,39.012
1768498373.0257812,46.397
1768498373.1280944,35.284
1768498373.230478,48.63
1768498373.3328192,38.868
1768498373.4351046,36.447
1768498373.5374,51.186
1768498373.6398416,38.496
1768498373.742157,35.185
1768498373.8445487,49.122
1768498373.9503345,38.496
1768498374.0526986,38.42
1768498374.1550932,44.554
1768498374.2573664,33.902
1768498374.3600152,42.118
1768498374.4624104,39.853
1768498374.56488,35.284
1768498374.6672568,49.249
1768498374.7697675,37.927
1768498374.8762214,37.335
1768498374.9788172,46.888
1768498375.0811746,33.606
1768498375.1837015,41.33
1768498375.2860887,38.496
1768498375.3885884,34.692
1768498375.490949,49.81
1768498375.5935276,39.087
1768498375.6959236,35.58
1768498375.8018486,49.18
1768498375.9042034,36.842
1768498376.0066066,35.757
1768498376.108965,46.692
1768498376.211391,36.151
1768498376.313815,39.012
1768498376.4162111,45.708
1768498376.518812,33.705
1768498376.6210272,41.847
1768498376.7268791,37.159
1768498376.829135,47.704
1768498376.9322968,39.482
1768498377.0346742,36.349
1768498377.1370568,45.145
1768498377.2395914,34.396
1768498377.3418887,50.468
1768498377.4446461,39.163
1768498377.5517273,46.129
1768498377.6539652,34.297
1768498377.7562275,52.366
1768498377.8587437,33.409
1768498377.9609907,43.103
1768498378.0633175,38.223
1768498378.1656847,36.151
1768498378.2679236,45.511
1768498378.3702002,36.468
1768498378.4757097,39.482
1768498378.5780418,45.932
1768498378.6806328,34.396
1768498378.7829554,43.078
1768498378.8853574,40.42
1768498378.9879189,35.679
1768498379.0904672,54.07
1768498379.192883,38.792
1768498379.2954817,39.209
1768498379.4009163,46.495
1768498379.5034196,34.297
1768498379.6058922,42.29
1768498379.7082987,41.207
1768498379.8106904,35.284
1768498379.913026,48.433
1768498380.0154095,34.001
1768498380.1179118,45.44
1768498380.2242744,33.428
1768498380.3269134,43.3
1768498380.4291883,38.42
1768498380.5314455,35.185
1768498380.6339972,45.216
1768498380.736472,33.033
1768498380.8387456,40.073
1768498380.9412744,41.822
1768498381.0475056,33.508
1768498381.150299,48.335
1768498381.2528489,38.989
1768498381.3551311,35.856
1768498381.4574971,46.424
1768498381.5646462,48.561
1768498381.6744826,33.231
1768498381.7769678,47.704
1768498381.8795156,36.172
1768498381.9823287,38.617
1768498382.0848594,41.33
1768498382.1872454,34.1
1768498382.2895558,48.797
1768498382.3954463,37.116
1768498382.4981735,38.518
1768498382.6005719,44.383
1768498382.7029037,33.902
1768498382.8053918,48.167
1768498382.9079924,34.199
1768498383.0103726,40.861
1768498383.112674,39.406
1768498383.2191267,37.138
1768498383.321569,41.527
1768498383.4239767,34.495
1768498383.5263624,50.331
1768498383.6287215,37.883
1768498383.731082,32.539
1768498383.8334172,47.212
1768498383.9357297,39.406
1768498384.0383685,35.383
1768498384.1440518,46.593
1768498384.2462962,37.138
1768498384.3487008,37.927
1768498384.4509676,44.134
1768498384.553262,32.836
1768498384.6556776,38.299
1768498384.7579272,43.57
1768498384.8602705,34.593
1768498384.9626057,50.036
1768498385.0682836,36.645
1768498385.170621,40.566
1768498385.273141,40.369
1768498385.379166,34.889
1768498385.4814818,48.04
1768498385.5837972,36.94
1768498385.686972,44.849
1768498385.792379,33.409
1768498385.8948197,44.948
1768498385.9971154,38.89
1768498386.0997071,36.349
1768498386.2020788,46.593
1768498386.3044696,33.508
1768498386.4069893,47.507
1768498386.5092814,39.58
1768498386.615742,35.481
1768498386.7181659,31.947
1768498386.820492,43.865
1768498386.9229026,38.2
1768498387.0251489,37.729
1768498387.127532,42.709
1768498387.2298033,34.889
1768498387.332151,45.538
1768498387.434585,33.033
1768498387.5395963,39.876
1768498387.641896,42.512
1768498387.744358,34.495
1768498387.8466961,47.942
1768498387.94918,37.215
1768498388.0515525,39.012
1768498388.1539395,39.459
1768498388.2562983,36.151
1768498388.3586698,43.694
1768498388.4638965,34.692
1768498388.5662904,47.675
1768498388.668645,33.705
1768498388.7709184,43.57
1768498388.873299,39.725
1768498388.9757204,37.039
1768498389.0781624,45.243
1768498389.1804216,34.297
1768498389.2828207,46.888
1768498389.389521,35.264
1768498389.4919243,37.532
1768498389.598296,44.259
1768498389.7006106,33.508
1768498389.8035378,34.1
1768498389.9071672,45.538
1768498390.0130866,32.441
1768498390.1153617,41.822
1768498390.217632,37.729
1768498390.3200214,36.151
1768498390.4224188,44.849
1768498390.5247884,34.1
1768498390.627288,46.129
1768498390.7297583,33.132
1768498390.8321383,41.724
1768498390.9370792,37.708
1768498391.039546,36.349
1768498391.1420782,43.865
1768498391.2443652,33.409
1768498391.3468285,44.383
1768498391.449154,39.505
1768498391.5514839,35.954
1768498391.6537995,45.779
1768498391.7564437,33.31
1768498391.8622558,39.974
1768498391.964587,44.849
1768498392.0669484,34.001
1768498392.1693308,50.036
1768498392.2717535,33.113
1768498392.3741524,40.467
1768498392.476538,43.3
1768498392.5788677,34.593
1768498392.6812797,52.727
1768498392.786679,36.764
1768498392.889169,38.124
1768498392.99153,47.675
1768498393.093765,33.31
1768498393.1962793,39.679
1768498393.298757,39.58
1768498393.4011223,34.791
1768498393.5035,43.741
1768498393.6101046,41.157
1768498393.712447,36.349
1768498393.81502,47.155
1768498393.9173563,34.396
1768498394.0208733,44.679
1768498394.1231494,38.025
1768498394.2264092,42.192
1768498394.3286963,35.856
1768498394.4339566,52.924
1768498394.536245,39.853
1768498394.6385427,35.56
1768498394.740811,48.098
1768498394.8431394,40.885
1768498394.9452999,35.284
1768498395.0476408,47.479
1768498395.1500351,40.444
1768498395.2522967,34.889
1768498395.3562303,51.186
1768498395.4588838,37.116
1768498395.5611238,38.321
1768498395.6634986,48.04
1768498395.7659426,33.132
1768498395.8682685,40.073
1768498395.970553,43.3
1768498396.0728054,33.902
1768498396.175141,43.767
1768498396.277544,37.905
1768498396.3834355,39.974
1768498396.4860291,37.631
1768498396.5885012,37.434
1768498396.6917164,38.223
1768498396.7942717,45.637
1768498396.8966022,34.001
1768498396.9988272,42.979
1768498397.101061,40.96
1768498397.206533,35.481
1768498397.3089397,45.637
1768498397.4111967,34.495
1768498397.5135932,41.306
1768498397.6158795,43.471
1768498397.7181287,34.495
1768498397.8205116,46.2
1768498397.922982,39.58
1768498398.0254917,35.757
1768498398.130532,47.184
1768498398.237701,33.606
1768498398.3400607,40.641
1768498398.4425774,35.185
1768498398.5458486,50.075
1768498398.6481805,37.729
1768498398.7540674,41.354
1768498398.8567128,45.288
1768498398.9591022,33.212
1768498399.0614364,41.625
1768498399.1636581,40.247
1768498399.2659974,34.692
1768498399.3682115,45.484
1768498399.4708052,33.033
1768498399.5731432,42.807
1768498399.6798263,38.617
1768498399.7821186,36.546
1768498399.8844867,45.61
1768498399.9869733,32.836
1768498400.0892284,40.247
1768498400.1916032,39.209
1768498400.294006,35.481
1768498400.3962753,44.186
1768498400.498685,33.409
1768498400.6045363,41.724
1768498400.706947,42.019
1768498400.8093982,34.593
1768498400.9117422,49.151
1768498401.0141404,39.186
1768498401.1164336,36.743
1768498401.2188666,48.433
1768498401.3212419,33.409
1768498401.4274783,42.413
1768498401.529887,44.554
1768498401.6321187,34.1
1768498401.7344048,40.172
1768498401.836844,44.062
1768498401.9390771,34.495
1768498402.041499,43.989
1768498402.1438286,39.482
1768498402.2460618,36.25
1768498402.3483665,47.647
1768498402.4551299,33.902
1768498402.5574644,41.822
1768498402.6602993,46.03
1768498402.7628589,43.891
1768498402.866323,42.044
1768498402.9684758,35.185
1768498403.0709221,54.102
1768498403.1768754,37.236
1768498403.2798245,37.927
1768498403.382297,44.652
1768498403.4847682,35.383
1768498403.5871165,50.43
1768498403.6897202,38.496
1768498403.792154,36.645
1768498403.894443,45.216
1768498404.0014327,33.329
1768498404.1038518,45.905
1768498404.2063353,38.321
1768498404.308988,37.532
1768498404.4115095,43.767
1768498404.513978,34.495
1768498404.6165442,46.692
1768498404.7188134,38.518
1768498404.8253417,37.532
1768498404.92795,45.511
1768498405.0303116,32.836
1768498405.1330848,40.172
1768498405.2353983,40.444
1768498405.3376958,34.199
1768498405.440285,44.849
1768498405.542743,38.496
1768498405.6457665,35.284
1768498405.7515404,49.023
1768498405.8539293,39.899
1768498405.9564416,35.383
1768498406.0588899,49.023
1768498406.1612577,38.124
1768498406.2637064,39.406
1768498406.3659549,41.527
1768498406.4681585,35.087
1768498406.5704246,50.399
1768498406.6770504,33.31
1768498406.7796574,40.27
1768498406.8819606,36.94
1768498406.984318,36.074
1768498407.0894287,40.073
1768498407.1916745,38.595
1768498407.2939796,35.56
1768498407.3961968,45.932
1768498407.5018232,32.638
1768498407.6042213,38.518
1768498407.7065232,38.474
1768498407.808858,37.335
1768498407.9113243,46.621
1768498408.01362,33.409
1768498408.1159785,45.44
1768498408.218259,46.2
1768498408.3206906,33.527
1768498408.4265475,45.145
1768498408.5289142,37.927
1768498408.6312554,41.822
1768498408.7336235,34.771
1768498408.835875,41.921
1768498408.9381912,37.335
1768498409.040725,39.383
1768498409.1430776,40.247
1768498409.2453103,35.778
1768498409.3507464,46.987
1768498409.4529948,33.231
1768498409.555345,47.872
1768498409.6576817,35.679
1768498409.7600193,37.335
1768498409.862342,44.679
1768498409.9646697,34.001
1768498410.0670526,44.876
1768498410.1693947,32.539
1768498410.27582,46.102
1768498410.3781343,32.243
1768498410.480592,42.512
1768498410.5829592,36.567
1768498410.6854112,38.913
1768498410.7879298,37.06
1768498410.8903675,37.335
1768498410.9926877,39.777
1768498411.0976315,34.001
1768498411.201091,42.906
1768498411.3034816,33.113
1768498411.4058473,46.298
1768498411.5106573,43.471
1768498411.6128924,36.94
1768498411.7152085,37.631
1768498411.817443,38.989
1768498411.919758,35.087
1768498412.0255058,41.65
1768498412.1280735,35.087
1768498412.2305806,41.33
1768498412.332878,34.396
1768498412.4352908,41.354
1768498412.5376313,34.1
1768498412.6400566,40.641
1768498412.7424223,34.791
1768498412.8448272,43.004
1768498412.9513361,33.014
1768498413.0536437,47.282
1768498413.1560407,31.947
1768498413.2584894,42.241
1768498413.3608487,37.039
1768498413.463232,36.447
1768498413.5656648,42.241
1768498413.6679962,33.902
1768498413.7703705,44.652
1768498413.8755052,33.705
1768498413.9780273,46.566
1768498414.0803804,32.342
1768498414.1828706,41.059
1768498414.2851145,38.003
1768498414.3873675,35.856
1768498414.4898279,43.989
1768498414.5923002,32.441
1768498414.6947088,39.679
1768498414.8007143,37.434
1768498414.9033015,37.806
1768498415.0057702,39.133
1768498415.1087978,35.856
1768498415.2113154,43.227
1768498415.313639,35.185
1768498415.4160657,44.16
1768498415.518429,34.495
1768498415.6243598,49.092
1768498415.7285063,33.527
1768498415.83102,37.018
1768498415.9332228,39.876
1768498416.0355287,38.868
1768498416.1383877,36.349
1768498416.240597,45.932
1768498416.3429666,38.321
1768498416.4483361,31.947
1768498416.55079,40.148
1768498416.6531134,35.954
1768498416.7556076,42.216
1768498416.8580244,33.527
1768498416.9603617,46.03
1768498417.0629702,37.729
1768498417.1651902,36.151
1768498417.2675428,41.748
1768498417.3736987,34.297
1768498417.4761913,43.668
1768498417.5784664,32.126
1768498417.6807272,39.307
1768498417.783087,41.034
1768498417.885522,34.791
1768498417.987979,49.682
1768498418.090369,36.743
1768498418.1929832,39.679
1768498418.2987502,40.936
1768498418.4011688,35.778
1768498418.503579,48.208
1768498418.6059973,33.113
1768498418.708498,41.453
1768498418.8109443,32.539
1768498418.913321,43.398
1768498419.0158775,38.814
1768498419.1188455,36.546
1768498419.2235663,46.129
1768498419.3259714,33.804
1768498419.42837,44.921
1768498419.5313227,38.102
1768498419.6336987,36.25
1768498419.7360392,45.243
1768498419.83862,33.508
1768498419.9410536,45.806
1768498420.04359,32.934
1768498420.1496615,42.487
1768498420.2520423,34.988
1768498420.354712,42.979
1768498420.45708,37.631
1768498420.5593603,35.876
1768498420.6618075,43.595
1768498420.7642937,33.508
1768498420.866772,44.652
1768498420.9692068,33.132
1768498421.074809,47.577
1768498421.1771953,32.243
1768498421.2795305,48.069
1768498421.3825903,32.836
1768498421.4851565,45.735
1768498421.5879889,35.087
1768498421.6903875,39.777
1768498421.793291,36.666
1768498421.8958805,36.25
1768498422.0019453,43.668
1768498422.1043427,32.817
1768498422.2069066,45.932
1768498422.3092525,32.243
1768498422.411938,42.709
1768498422.5146842,36.546
1768498422.617385,36.842
1768498422.71998,37.434
1768498422.8250477,36.349
1768498422.927787,40.369
1768498423.0300746,33.409
1768498423.1325903,45.046
1768498423.2351599,32.243
1768498423.3375974,42.881
1768498423.4402034,35.56
1768498423.5425093,38.716
1768498423.6448553,39.974
1768498423.7503622,34.297
1768498423.8527067,45.484
1768498423.9551241,32.441
1768498424.0576882,37.729
1768498424.1606777,41.896
1768498424.2630105,33.409
1768498424.367363,45.341
1768498424.4726396,32.916
1768498424.5749385,41.527
1768498424.6787038,34.889
1768498424.7809777,48.728
1768498424.8830907,37.039
1768498424.9853196,38.223
1768498425.0875196,37.631
1768498425.1897738,36.842
1768498425.292286,36.842
1768498425.397419,42.315
1768498425.4999263,37.236
1768498425.6024256,35.954
1768498425.7048202,50.922
1768498425.8071082,37.434
1768498425.9094133,36.151
1768498426.0117233,48.532
1768498426.11399,40.148
1768498426.2162683,35.58
1768498426.322002,51.548
1768498426.4242713,33.31
1768498426.5266416,44.186
1768498426.6289032,33.132
1768498426.731273,36.172
1768498426.833608,47.31
1768498426.935997,38.102
1768498427.0382905,38.989
1768498427.1404166,42.118
1768498427.2451274,35.185
1768498427.3474126,52.531
1768498427.449873,33.409
1768498427.5522442,39.284
1768498427.6546552,44.456
1768498427.7569382,34.297
1768498427.8593042,46.326
1768498427.9616208,38.124
1768498428.0638855,36.151
1768498428.1696255,44.823
1768498428.2719429,33.113
1768498428.3742242,39.459
1768498428.4766273,43.767
1768498428.5794928,34.297
1768498428.6820147,44.036
1768498428.7850444,39.777
1768498428.8873982,35.56
1768498428.9897492,50.173
1768498429.09422,38.792
1768498429.1964347,47.774
1768498429.2987044,34.001
1768498429.4009564,43.398
1768498429.503076,42.216
1768498429.6055195,36.25
1768498429.7077172,46.326
1768498429.8099196,34.791
1768498429.9120939,51.057
1768498430.0190206,38.595
1768498430.121344,38.025
1768498430.2236435,45.834
1768498430.3259203,35.067
1768498430.4283757,50.498
1768498430.530742,33.606
1768498430.6330996,39.383
1768498430.7356405,47.97
1768498430.8418486,34.297
1768498430.944473,42.881
1768498431.046865,44.948
1768498431.1492226,34.199
1768498431.2516563,40.96
1768498431.3539739,44.088
1768498431.4563444,34.199
1768498431.558799,44.849
1768498431.6611032,41.059
1768498431.766481,34.889
1768498431.86899,50.664
1768498431.9713142,37.236
1768498432.073621,37.434
1768498432.176022,46.2
1768498432.2783694,33.508
1768498432.3807132,44.357
1768498432.4830132,39.186
1768498432.5854046,35.58
1768498432.6906965,49.122
1768498432.79289,33.231
1768498432.8954153,41.428
1768498432.9979653,41.133
1768498433.1002405,35.481
1768498433.203095,46.397
1768498433.3053377,37.455
1768498433.4076827,38.321
1768498433.5100224,42.585
1768498433.6159298,46.102
1768498433.7182312,33.231
1768498433.8205714,48.925
1768498433.9228847,35.856
1768498434.025216,38.693
1768498434.1274025,43.57
1768498434.2295542,34.001
1768498434.3316689,44.482
1768498434.4339075,38.518
1768498434.5399337,36.25
1768498434.6422215,46.298
1768498434.7446868,33.606
1768498434.8473487,44.751
1768498434.9498622,37.609
1768498435.05229,39.406
1768498435.1546912,40.369
1768498435.2573211,35.778
1768498435.3641882,45.61
1768498435.466542,34.495
1768498435.5689473,49.81
1768498435.6714072,37.949
1768498435.7739198,37.828
1768498435.8762763,47.577
1768498435.978694,33.705
1768498436.0811791,41.453
1768498436.1878097,38.989
1768498436.2901075,35.658
1768498436.3926444,52.727
1768498436.4950018,33.606
1768498436.5973775,44.652
1768498436.6996827,36.25
1768498436.8021271,46.593
1768498436.9046383,34.199
1768498437.0070763,46.959
1768498437.1121933,38.693
1768498437.2147193,36.743
1768498437.3169346,50.596
1768498437.4193528,33.508
1768498437.522683,42.906
1768498437.6249423,38.178
1768498437.7271547,35.954
1768498437.8293266,41.428
1768498437.931546,34.791
1768498438.0371928,33.212
1768498438.1394703,38.299
1768498438.2418046,43.865
1768498438.3439686,34.988
1768498438.4462533,47.282
1768498438.548538,34.692
1768498438.6508813,50.399
1768498438.7529879,33.705
1768498438.8553183,44.652
1768498438.9618692,38.299
1768498439.0642316,38.025
1768498439.166582,47.212
1768498439.2689767,34.199
1768498439.371277,43.176
1768498439.4734867,39.33
1768498439.5758293,36.053
1768498439.678166,52.825
1768498439.780505,38.42
1768498439.8861706,36.25
1768498439.9885814,44.948
1768498440.0909925,33.113
1768498440.1934056,41.157
1768498440.2960734,41.256
1768498440.3984046,34.692
1768498440.5008156,48.462
1768498440.6031828,33.113
1768498440.705553,42.636
1768498440.8110635,37.236
1768498440.9134836,37.532
1768498441.0158527,39.383
1768498441.118148,35.383
1768498441.2204173,44.849
1768498441.3228471,33.014
1768498441.4251947,43.078
1768498441.5278122,37.138
1768498441.6308787,36.447
1768498441.7354465,46.326
1768498441.837972,33.606
1768498441.9402816,41.157
1768498442.0426416,42.979
1768498442.1450188,34.593
1768498442.2487483,46.2
1768498442.3510046,33.705
1768498442.4535096,46.369
1768498442.5596764,40.566
1768498442.661879,40.936
1768498442.7642846,34.791
1768498442.8665745,50.241
1768498442.9687233,36.842
1768498443.070849,37.51
1768498443.1732304,45.511
1768498443.2755034,34.001
1768498443.377665,42.29
1768498443.4844153,38.42
1768498443.5866725,35.954
1768498443.6889822,50.339
1768498443.791417,38.595
1768498443.893674,36.074
1768498443.9960408,50.331
1768498444.0984282,39.284
1768498444.2007935,35.165
1768498444.3034122,52.334
1768498444.4085526,38.025
1768498444.5109274,37.532
1768498444.6133893,49.643
1768498444.715862,34.396
1768498444.8182988,43.668
1768498444.9206755,39.284
1768498445.0230498,36.645
1768498445.125362,48.561
1768498445.2276804,34.495
1768498445.3325882,42.979
1768498445.43484,38.868
1768498445.5371249,36.94
1768498445.6393192,54.168
1768498445.741683,34.988
1768498445.8440115,39.974
1768498445.946515,47.324
1768498446.049439,33.508
1768498446.15172,39.087
1768498446.259478,42.512
1768498446.361823,33.804
1768498446.4643838,40.763
1768498446.568324,38.769
1768498446.6725116,35.481
1768498446.774977,36.863
1768498446.8810112,45.073
1768498446.9837043,33.902
1768498447.0860229,42.388
1768498447.1881967,40.05
1768498447.2903936,34.199
1768498447.39277,43.792
1768498447.4948947,38.321
1768498447.5974438,36.447
1768498447.6997879,46.424
1768498447.8067958,33.508
1768498447.9093957,47.38
1768498448.0120351,37.729
1768498448.114445,37.905
1768498448.2168758,44.777
1768498448.3192663,34.396
1768498448.4217196,48.757
1768498448.524274,33.705
1768498448.6305041,47.31
1768498448.732986,33.428
1768498448.8354461,44.849
1768498448.9380488,38.102
1768498449.0404003,37.335
1768498449.1428885,44.921
1768498449.245151,33.804
1768498449.3476021,44.751
1768498449.4534085,37.927
1768498449.5556972,35.856
1768498449.6582224,44.724
1768498449.7607746,32.836
1768498449.8631704,41.625
1768498449.965692,37.981
1768498450.0689464,35.856
1768498450.1715796,40.542
1768498450.2740908,35.284
1768498450.378744,42.585
1768498450.4810867,34.396
1768498450.583426,44.823
1768498450.6874275,33.014
1768498450.7898448,43.767
1768498450.8922226,37.116
1768498450.9949038,37.806
1768498451.0973036,33.409
1768498451.2035964,45.145
1768498451.3060765,37.729
1768498451.408326,36.349
1768498451.5106888,45.073
1768498451.613098,33.606
1768498451.715474,46.129
1768498451.8180552,37.215
1768498451.9205465,38.617
1768498452.0230708,44.554
1768498452.1282935,34.791
1768498452.2305362,49.249
1768498452.3332288,33.508
1768498452.4356694,46.495
1768498452.538108,34.593
1768498452.640694,39.974
1768498452.7429683,41.822
1768498452.8453531,35.284
1768498452.9479249,46.298
1768498453.0524776,33.902
1768498453.154993,49.878
1768498453.257338,32.737
1768498453.359737,43.004
1768498453.4623272,37.532
1768498453.5649023,37.729
1768498453.6674817,42.734
1768498453.7700012,33.212
1768498453.872408,48.04
1768498453.9789615,33.508
1768498454.0814013,38.321
1768498454.1838756,42.585
1768498454.2864013,34.1
1768498454.3889349,47.745
1768498454.4912424,32.638
1768498454.5938756,39.876
1768498454.6969676,41.256
1768498454.8018937,34.001
1768498454.9044824,48.925
1768498455.0070193,38.397
1768498455.1110694,35.757
1768498455.2134762,49.682
1768498455.3158724,38.572
1768498455.418164,51.253
1768498455.5212498,36.82
1768498455.626386,39.777
1768498455.728804,44.16
1768498455.8313503,35.165
1768498455.9340205,50.86
1768498456.0364058,34.001
1768498456.1386397,43.963
1768498456.241084,40.641
1768498456.343501,36.842
1768498456.449773,42.192
1768498456.5522122,35.954
1768498456.654933,48.179
1768498456.757313,41.231
1768498456.8598027,40.247
1768498456.962132,34.396
1768498457.0644052,48.069
1768498457.1666987,37.751
1768498457.2691064,36.447
1768498457.3764918,49.249
1768498457.478851,33.31
1768498457.5811102,40.664
1768498457.6835492,44.58
1768498457.7858956,35.284
1768498457.8883471,37.729
1768498457.9905996,39.974
1768498458.0928094,35.481
1768498458.1981997,49.053
1768498458.3004215,38.913
1768498458.4028068,35.264
1768498458.5053556,49.976
1768498458.6077456,38.299
1768498458.7100847,37.905
1768498458.8124735,47.226
1768498458.9153185,33.606
1768498459.0176218,43.891
1768498459.127161,38.693
1768498459.229882,35.954
1768498459.332323,46.621
1768498459.4346776,33.409
1768498459.5369985,38.2
1768498459.6399453,39.284
1768498459.7421796,38.518
1768498459.846744,37.138
1768498459.9492445,43.57
1768498460.0515156,33.508
1768498460.1539557,46.129
1768498460.2561958,39.406
1768498460.3585334,34.988
1768498460.4610088,44.652
1768498460.563333,37.039
1768498460.665736,37.631
1768498460.7712975,43.767
1768498460.8736804,34.692
1768498460.9761195,51.253
1768498461.0783777,38.299
1768498461.1807575,36.053
1768498461.2831883,48.885
1768498461.3854766,37.729
1768498461.487918,36.743
1768498461.5903318,52.334
1768498461.6958292,38.124
1768498461.7980669,44.285
1768498461.9005766,33.31
1768498462.003001,41.133
1768498462.1053307,45.216
1768498462.2077584,34.297
1768498462.3101559,39.679
1768498462.4123888,41.921
1768498462.5147238,35.856
1768498462.6206887,48.294
1768498462.7229857,33.705
1768498462.8254485,40.542
1768498462.9280515,41.896
1768498463.0304284,35.284
1768498463.132939,52.138
1768498463.2353299,33.606
1768498463.3415053,38.693
1768498463.4457233,39.58
1768498463.5480258,35.58
1768498463.6503048,44.751
1768498463.7527468,33.804
1768498463.8550963,46.523
1768498463.9576309,35.58
1768498464.0604467,47.338
1768498464.1628568,33.705
1768498464.2684336,45.243
1768498464.371009,38.102
1768498464.4734712,36.25
1768498464.5758622,46.298
1768498464.6785233,36.151
1768498464.7811317,40.172
1768498464.8836205,41.625
1768498464.9859738,35.185
1768498465.088206,49.878
1768498465.1945925,34.869
1768498465.2968574,38.89
1768498465.3992226,45.27
1768498465.501544,34.396
1768498465.6040063,50.762
1768498465.7064366,32.934
1768498465.8088336,41.034
1768498465.9112089,39.284
1768498466.0137448,35.284
1768498466.1202643,47.057
1768498466.2224965,33.31
1768498466.3249137,40.96
1768498466.427193,39.383
1768498466.5295098,35.087
1768498466.631794,45.243
1768498466.7342458,32.441
1768498466.8366563,47.774
1768498466.9391944,33.705
1768498467.045098,40.861
1768498467.1475148,40.739
1768498467.249987,34.692
1768498467.3525038,50.694
1768498467.455013,35.757
1768498467.5579896,38.989
1768498467.6605525,40.467
1768498467.7634878,34.396
1768498467.8702571,46.79
1768498467.9729533,34.1
1768498468.0755498,48.364
1768498468.1779146,36.349
1768498468.2804716,42.413
1768498468.3840551,34.297
1768498468.4866836,45.905
1768498468.5889404,33.212
1768498468.694315,43.891
1768498468.7969232,36.919
1768498468.899389,37.039
1768498469.002108,42.388
1768498469.1044743,34.791
1768498469.2068584,48.462
1768498469.309264,37.335
1768498469.411886,38.223
1768498469.5176516,40.369
1768498469.6202888,34.988
1768498469.7228491,45.637
1768498469.825329,33.409
1768498469.9277666,44.331
1768498470.0302818,38.102
1768498470.1327505,37.609
1768498470.235265,40.247
1768498470.3410342,35.461
1768498470.4433486,45.315
1768498470.5456398,33.212
1768498470.648304,45.046
1768498470.7507339,37.609
1768498470.8531463,37.434
1768498470.955782,41.946
1768498471.058293,33.409
1768498471.160865,46.003
1768498471.2662458,33.033
1768498471.368696,46.003
1768498471.4711618,36.645
1768498471.5733798,40.172
1768498471.6759944,37.434
1768498471.7832873,35.658
1768498471.8917842,37.018
1768498471.99437,35.954
1768498472.0966287,43.103
1768498472.1991684,48.63
1768498472.3018243,32.144
1768498472.40424,40.664
1768498472.5067825,38.2
1768498472.6127238,35.56
1768498472.7151515,43.989
1768498472.8176246,33.409
1768498472.919962,46.987
1768498473.0224063,37.434
1768498473.125206,37.927
1768498473.227474,38.321
1768498473.3298085,35.56
1768498473.4360132,44.974
1768498473.53835,33.705
1768498473.6407003,43.963
1768498473.7429287,32.836
1768498473.8453991,44.554
1768498473.9478908,36.82
1768498474.0503676,38.2
1768498474.1527765,39.262
1768498474.2552652,35.284
1768498474.3602686,43.839
1768498474.4625914,33.31
1768498474.5651097,48.532
1768498474.6678426,38.321
1768498474.7703068,36.053
1768498474.8727875,48.069
1768498474.9753737,33.606
1768498475.0779026,42.29
1768498475.1844444,39.459
1768498475.2870865,36.567
1768498475.389608,48.266
1768498475.4919128,33.606
1768498475.594853,41.625
1768498475.6984808,39.58
1768498475.8007884,35.679
1768498475.9030101,46.959
1768498476.008374,33.508
1768498476.1111052,48.364
1768498476.213474,36.447
1768498476.3160489,41.034
1768498476.4189312,46.593
1768498476.5214813,35.58
1768498476.623797,35.067
1768498476.7262745,41.748
1768498476.8327417,34.593
1768498476.9352021,44.357
1768498477.0375266,32.916
1768498477.1397836,42.315
1768498477.2422197,39.383
1768498477.3448367,35.362
1768498477.4471111,51.186
1768498477.54958,32.916
1768498477.6569428,44.186
1768498477.7593358,39.459
1768498477.861778,36.546
1768498477.9644418,46.719
1768498478.0669072,33.804
1768498478.1692967,46.03
1768498478.2719066,38.716
1768498478.3743522,37.236
1768498478.4802027,40.542
1768498478.582696,35.778
1768498478.6849494,46.79
1768498478.7873757,33.31
1768498478.889659,47.015
1768498478.9919891,38.792
1768498479.094389,36.349
1768498479.1966846,45.216
1768498479.2991633,33.132
1768498479.404247,47.184
1768498479.506585,36.151
1768498479.6100898,39.383
1768498479.7124026,37.905
1768498479.8159232,36.25
1768498479.9183002,42.782
1768498480.020744,33.606
1768498480.1230533,48.659
1768498480.2280114,34.001
1768498480.3304968,38.496
1768498480.4327798,39.777
1768498480.5354114,46.593
1768498480.6382842,32.441
1768498480.7405074,40.664
1768498480.8433197,38.178
1768498480.9459655,35.461
1768498481.0481825,45.538
1768498481.1533835,33.31
1768498481.2557049,44.357
1768498481.3580868,37.609
1768498481.4604685,36.053
1768498481.5628521,44.58
1768498481.6653178,33.705
1768498481.76773,48.335
1768498481.870286,32.638
1768498481.977237,44.456
1768498482.0796785,36.842
1768498482.1822546,37.335
1768498482.2846785,46.03
1768498482.387216,33.132
1768498482.4898233,41.33
1768498482.5923402,39.11
1768498482.6946833,35.362
1768498482.8003743,38.595
1768498482.9028223,43.398
1768498483.0052547,33.508
1768498483.1075969,45.681
1768498483.2101057,38.277
1768498483.3123887,35.264
1768498483.4148693,46.888
1768498483.5171907,33.014
1768498483.6200135,42.118
1768498483.725421,42.512
1768498483.831853,34.199
1768498483.9341755,46.523
1768498484.0368164,38.595
1768498484.1394887,36.645
1768498484.2416556,50.135
1768498484.343951,33.508
1768498484.4492416,40.172
1768498484.551518,44.823
1768498484.6538622,51.579
1768498484.7569125,37.631
1768498484.859058,37.828
1768498484.9611988,48.098
1768498485.0633957,33.705
1768498485.1655238,38.124
1768498485.2678516,46.888
1768498485.3726041,33.606
1768498485.4749296,38.693
1768498485.5771208,45.315
1768498485.6794004,33.508
1768498485.7817616,38.42
1768498485.884135,47.212
1768498485.986573,34.869
1768498486.0889444,39.482
1768498486.1912408,40.664
1768498486.2967036,34.889
1768498486.3989716,45.905
1768498486.501337,33.705
1768498486.6036377,48.306
1768498486.7059577,32.539
1768498486.8083704,41.428
1768498486.9107127,34.199
1768498487.012952,48.757
1768498487.115336,36.82
1768498487.2205725,37.532
1768498487.3232005,43.767
1768498487.4256287,33.606
1768498487.5282469,44.429
1768498487.6310308,32.441
1768498487.7334387,46.397
1768498487.8358283,36.722
1768498487.938176,39.186
1768498488.0406127,44.823
1768498488.1474144,33.31
1768498488.2497506,41.503
1768498488.353836,42.388
1768498488.4560955,34.199
1768498488.5584059,44.974
1768498488.6606412,39.603
1768498488.7629547,37.215
1768498488.8692086,41.034
1768498488.9715848,36.645
1768498489.0740132,38.89
1768498489.176217,38.617
1768498489.278358,47.31
1768498489.3806558,34.593
1768498489.4828568,42.585
1768498489.5851028,39.482
1768498489.687286,36.25
1768498489.7929742,49.613
1768498489.895408,33.804
1768498489.9977343,39.679
1768498490.0999606,41.33
1768498490.2021937,36.151
1768498490.304523,40.073
1768498490.4068573,34.593
1768498490.5091686,51.579
1768498490.611484,34.199
1768498490.7176526,39.679
1768498490.819997,37.828
1768498490.9223647,38.124
1768498491.0246542,44.751
1768498491.1269817,33.033
1768498491.2293265,40.172
1768498491.3315594,40.392
1768498491.4339645,34.1
1768498491.5364187,46.861
1768498491.6427662,38.397
1768498491.745086,36.151
1768498491.8473623,48.208
1768498491.9496565,40.641
1768498492.0519521,34.988
1768498492.1544006,50.793
1768498492.256924,34.1
1768498492.3592682,45.046
1768498492.4616406,42.34
1768498492.5678964,35.679
1768498492.6704416,50.105
1768498492.7737463,34.001
1768498492.8761485,40.148
1768498492.9785244,45.046
1768498493.080914,35.284
1768498493.1833975,51.874
1768498493.2858527,33.902
1768498493.391524,43.373
1768498493.4940324,36.151
1768498493.5963607,52.857
1768498493.6988392,33.804
1768498493.8011587,40.861
1768498493.903486,40.247
1768498494.0057979,35.284
1768498494.108036,46.102
1768498494.210213,33.212
1768498494.315095,42.019
1768498494.417353,43.274
1768498494.51971,33.804
1768498494.6220782,43.201
1768498494.7243812,37.631
1768498494.8266895,36.94
1768498494.929097,43.668
1768498495.0315018,33.804
1768498495.1339312,49.613
1768498495.236327,34.1
1768498495.3412614,41.034
1768498495.4436178,39.876
1768498495.5459135,34.495
1768498495.6481986,48.433
1768498495.750634,37.236
1768498495.8529491,36.468
1768498495.9554055,49.476
1768498496.0578356,33.31
1768498496.1601007,40.763
1768498496.266827,42.979
1768498496.3691216,34.791
1768498496.4714324,49.515
1768498496.5737567,38.343
1768498496.6759818,37.905
1768498496.778487,32.638
1768498496.880817,45.806
1768498496.9831893,39.406
1768498497.0861988,36.743
1768498497.1904202,47.577
1768498497.2927027,33.508
1768498497.3950253,44.482
1768498497.4973478,38.025
1768498497.6012788,39.307
1768498497.7037964,41.256
1768498497.8060465,36.842
1768498497.9083796,36.349
1768498498.0107272,38.595
1768498498.1155477,39.853
1768498498.2186415,38.42
1768498498.320816,35.954
1768498498.4229734,42.512
1768498498.5251684,33.804
1768498498.6272871,46.987
1768498498.7294698,36.94
1768498498.831812,39.876
1768498498.9340312,40.763
1768498499.036205,34.495
1768498499.1412818,50.301
1768498499.2437367,34.988
1768498499.3462756,40.172
1768498499.448735,42.315
1768498499.55107,34.889
1768498499.6535602,44.974
1768498499.7559233,33.113
1768498499.858198,40.467
1768498499.9606965,40.936
1768498500.0659034,35.58
1768498500.1683488,47.212
1768498500.2707627,33.113
1768498500.3731248,40.96
1768498500.4756389,42.315
1768498500.577951,34.199
1768498500.6805768,50.143
1768498500.783034,36.328
1768498500.888135,37.335
1768498500.9905362,45.511
1768498501.092958,33.212
1768498501.195357,43.471
1768498501.2977564,36.898
1768498501.4001665,36.94
1768498501.5025558,45.046
1768498501.604947,33.033
1768498501.7077343,39.679
1768498501.8136568,42.487
1768498501.920683,34.199
1768498502.0232055,47.085
1768498502.1256125,38.693
1768498502.2278805,36.447
1768498502.330108,50.105
1768498502.4365253,37.806
1768498502.538779,47.675
1768498502.640981,33.705
1768498502.7433035,40.861
1768498502.8454182,38.617
1768498502.9477327,36.546
1768498503.0499303,48.462
1768498503.152163,34.001
1768498503.2543201,47.38
1768498503.360448,35.087
1768498503.462895,49.318
1768498503.5653448,33.606
1768498503.6677675,41.625
1768498503.770161,38.2
1768498503.87252,35.481
1768498503.9748616,44.724
1768498504.0771587,33.409
1768498504.179531,43.3
1768498504.2849784,38.518
1768498504.3874192,34.791
1768498504.489721,46.2
1768498504.5921156,37.116
1768498504.6944828,36.842
1768498504.796917,44.652
1768498504.8994114,33.033
1768498505.0018046,39.853
1768498505.1040158,43.398
1768498505.2090764,33.804
1768498505.3113723,43.767
1768498505.4135895,39.876
1768498505.5159602,34.396
1768498505.618221,46.762
1768498505.7206182,38.913
1768498505.8228931,37.532
1768498505.9258993,46.664
1768498506.0283737,33.606
1768498506.1338491,41.847
1768498506.2364419,40.444
1768498506.3387423,35.56
1768498506.4409835,53.284
1768498506.5438,34.593
1768498506.646181,47.901
1768498506.7485228,33.508
1768498506.8510246,41.724
1768498506.958158,49.485
1768498507.0604062,33.804
1768498507.1628096,34.396
1768498507.265197,48.728
1768498507.3674335,36.94
1768498507.4696267,37.828
1768498507.572076,43.103
1768498507.6743639,33.902
1768498507.7767894,46.058
1768498507.88348,33.409
1768498507.985888,41.428
1768498508.0883188,38.124
1768498508.190892,36.25
1768498508.2933362,41.921
1768498508.3957202,33.606
1768498508.4983158,48.532
1768498508.6008568,32.638
1768498508.7031877,39.482
1768498508.80894,40.542
1768498508.9113097,34.297
1768498509.0137384,49.092
1768498509.1160297,37.631
1768498509.218357,38.496
1768498509.3207555,44.186
1768498509.4231038,33.902
1768498509.5256016,45.735
1768498509.6281507,37.412
1768498509.734554,39.383
1768498509.8369892,41.65
1768498509.9399276,34.001
1768498510.0422132,46.719
1768498510.1446314,33.212
1768498510.2469032,49.122
1768498510.3498437,34.593
1768498510.4521189,40.247
1768498510.5552735,37.236
1768498510.6623948,37.927
1768498510.764748,42.143
1768498510.8671649,38.671
1768498510.9694788,36.94
1768498511.0719383,47.844
1768498511.1742272,33.804
1768498511.2764773,42.388
1768498511.3787382,40.641
1768498511.4856985,50.399
1768498511.587956,34.297
1768498511.6902604,37.434
1768498511.7924821,45.708
1768498511.89468,33.705
1768498511.9968212,45.44
1768498512.099134,38.769
1768498512.2013204,36.447
1768498512.3034823,46.2
1768498512.4098535,33.508
1768498512.5125315,41.354
1768498512.6150444,44.751
1768498512.7177002,34.1
1768498512.820068,42.118
1768498512.9228442,40.566
1768498513.025472,35.856
1768498513.1280313,48.462
1768498513.2337925,34.692
1768498513.3366947,46.298
1768498513.4390705,39.36
1768498513.5416043,36.842
1768498513.6439228,48.462
1768498513.7461526,38.223
1768498513.8485363,37.631
1768498513.9511492,48.787
1768498514.0534127,34.593
1768498514.1590898,50.83
1768498514.26173,33.705
1768498514.3639698,41.946
1768498514.46648,42.979
1768498514.571472,34.593
1768498514.6737626,47.605
1768498514.7761776,40.026
1768498514.8850284,35.56
1768498514.987242,49.122
1768498515.0897317,39.557
1768498515.1921954,36.743
1768498515.2944713,49.318
1768498515.3970113,34.889
1768498515.4993885,39.754
1768498515.6071112,40.467
1768498515.7094676,41.921
1768498515.8118055,34.889
1768498515.914214,44.921
1768498516.0165896,42.192
1768498516.1189766,36.172
1768498516.2213242,54.135
1768498516.3238423,33.132
1768498516.430774,47.015
1768498516.533153,38.223
1768498516.635395,39.383
1768498516.7378082,32.737
1768498516.8404427,51.972
1768498516.94319,34.475
1768498517.045408,37.729
1768498517.1479695,45.538
1768498517.2543383,33.409
1768498517.356675,46.692
1768498517.4589095,38.989
1768498517.5612354,35.383
1768498517.663564,51.223
1768498517.7660093,36.151
1768498517.868359,38.595
1768498517.9708896,47.057
1768498518.0731883,33.784
1768498518.1788137,41.551
1768498518.2811377,45.368
1768498518.3835065,34.1
1768498518.4859023,43.103
1768498518.5881953,43.176
1768498518.6905205,35.383
1768498518.794194,50.762
1768498518.8964434,33.902
1768498519.0033941,39.777
1768498519.1057646,45.583
1768498519.2079945,34.593
1768498519.3102953,43.398
1768498519.4126816,40.688
1768498519.5149243,35.757
1768498519.6172545,53.709
1768498519.7195795,37.434
1768498519.8223553,50.762
1768498519.9278336,33.705
1768498520.0301752,43.497
1768498520.1325626,39.58
1768498520.2350004,35.954
1768498520.3372471,46.987
1768498520.439595,37.215
1768498520.5419354,37.335
1768498520.644324,46.593
1768498520.7511647,33.804
1768498520.8534381,41.822
1768498520.9558375,40.96
1768498521.0581396,35.284
1768498521.1604292,48.266
1768498521.2628314,39.406
1768498521.3652956,35.087
1768498521.4675682,49.318
1768498521.5699267,40.223
1768498521.6757636,35.856
1768498521.7780788,45.216
1768498521.8804712,44.036
1768498521.982875,34.692
1768498522.0851388,46.861
1768498522.187384,38.913
1768498522.2899156,38.223
1768498522.3922224,47.577
1768498522.4944735,35.679
1768498522.5995743,53.152
1768498522.7018392,35.658
1768498522.8041348,39.777
1768498522.9065757,48.433
1768498523.0087907,35.264
1768498523.1125832,47.085
1768498523.2149658,40.59
1768498523.3172865,36.94
1768498523.4228535,49.515
1768498523.5252085,34.593
1768498523.6274493,39.186
1768498523.7298,49.544
1768498523.8320794,34.297
1768498523.9343278,41.33
1768498524.0366316,47.085
1768498524.1390746,44.357
1768498524.2421446,39.284
1768498524.345792,36.447
1768498524.4483306,52.169
1768498524.5507267,39.186
1768498524.6529794,36.349
1768498524.755184,50.301
1768498524.857621,38.868
1768498524.9600413,38.124
1768498525.0625439,40.838
1768498525.1648777,34.593
1768498525.267247,49.81
1768498525.372822,38.617
1768498525.4750657,35.56
1768498525.5773628,46.129
1768498525.679681,39.034
1768498525.7821205,35.58
1768498525.8846118,50.664
1768498525.9871206,34.495
1768498526.0894213,39.284
1768498526.1919348,42.782
1768498526.2967098,34.692
1768498526.3990955,49.053
1768498526.5015512,33.329
1768498526.6038635,38.792
1768498526.706281,36.645
1768498526.8085566,47.605
1768498526.9109898,40.444
1768498527.0133133,34.889
1768498527.1157,51.315
1768498527.2215319,33.113
1768498527.3240294,46.719
1768498527.4263704,37.51
1768498527.5291736,38.693
1768498527.6316466,40.148
1768498527.73405,36.37
1768498527.8363962,39.459
1768498527.939005,38.223
1768498528.0443008,38.595
1768498528.1467803,37.039
1768498528.2492661,46.762
1768498528.3517802,34.396
1768498528.454219,45.484
1768498528.5566428,38.693
1768498528.6590374,43.668
1768498528.7615068,34.692
1768498528.8639972,52.464
1768498528.9692528,33.31
1768498529.0717952,44.652
1768498529.1741946,37.729
1768498529.276531,37.631
1768498529.3789115,43.3
1768498529.4814677,34.199
1768498529.583799,47.479
1768498529.6862566,32.539
1768498529.7887125,40.763
1768498529.8935385,40.369
1768498529.996001,34.495
1768498530.0982199,52.004
1768498530.2006733,33.31
1768498530.3030834,49.908
1768498530.4053426,33.033
1768498530.5077248,46.692
1768498530.6100109,36.271
1768498530.7122977,40.763
1768498530.8173573,38.025
1768498530.9198902,39.679
1768498531.0222733,44.652
1768498531.1247413,33.902
1768498531.227012,48.954
1768498531.329422,35.757
1768498531.4317734,39.087
1768498531.5341249,41.231
1768498531.636598,35.481
1768498531.742477,39.679
1768498531.848187,32.441
1768498531.9505055,40.467
1768498532.0528698,39.801
1768498532.1552744,34.396
1768498532.2575135,47.057
1768498532.3598294,36.447
1768498532.4665833,38.124
1768498532.5688841,41.822
1768498532.671212,34.1
1768498532.7734985,48.757
1768498532.8759482,38.474
1768498532.9783938,49.446
1768498533.081041,37.236
1768498533.183246,36.25
1768498533.2899215,45.511
1768498533.3922272,33.132
1768498533.4944847,40.861
1768498533.5968657,43.668
1768498533.6990807,34.297
1768498533.8014665,46.79
1768498533.903873,39.012
1768498534.0061796,35.876
1768498534.1084797,49.122
1768498534.2136726,33.113
1768498534.316028,39.679
1768498534.4182587,47.085
1768498534.520683,33.329
1768498534.62297,39.679
1768498534.7254195,44.823
1768498534.8278525,33.902
1768498534.930152,41.847
1768498535.0326757,43.767
1768498535.1373103,35.481
1768498535.239853,49.476
1768498535.3423169,39.459
1768498535.444648,35.856
1768498535.5469246,46.129
1768498535.6492076,42.807
1768498535.7515004,35.284
1768498535.853906,46.916
1768498535.9562066,41.428
1768498536.0624723,35.087
1768498536.1648517,48.63
1768498536.2694075,39.36
1768498536.3716671,36.94
1768498536.474414,40.838
1768498536.5769432,35.56
1768498536.679329,42.019
1768498536.7859046,49.938
1768498536.8883848,33.606
1768498536.99078,45.243
1768498537.0932746,38.617
1768498537.1957119,42.906
1768498537.2989726,34.593
1768498537.401216,46.987
1768498537.5035787,33.409
1768498537.608806,40.641
1768498537.7111278,40.345
1768498537.8135498,34.297
1768498537.9159496,46.593
1768498538.0183067,39.337
1768498538.1206026,35.856
1768498538.2229939,41.625
1768498538.3253605,34.593
1768498538.4279544,46.987
1768498538.5340424,32.638
1768498538.6365087,42.709
1768498538.738892,37.729
1768498538.841922,37.039
1768498538.9445012,42.684
1768498539.046853,33.606
1768498539.1492906,46.916
1768498539.2518528,38.89
1768498539.3578422,37.828
1768498539.4602954,41.207
1768498539.5627344,35.383
1768498539.6651974,45.905
1768498539.767922,33.31
1768498539.870522,45.538
1768498539.973088,37.927
1768498540.0753033,36.447
1768498540.1824355,39.262
1768498540.2850752,35.658
1768498540.3874893,43.694
1768498540.4899607,34.199
1768498540.5935023,44.652
1768498540.6957972,33.804
1768498540.798083,48.757
1768498540.9004655,32.243
1768498541.006722,42.019
1768498541.1090963,37.434
1768498541.211412,37.138
1768498541.313766,39.087
1768498541.4162836,44.259
1768498541.5185313,32.539
1768498541.6208906,41.157
1768498541.7231045,37.412
1768498541.8254182,36.271
1768498541.9310849,45.538
1768498542.0333471,33.033
1768498542.1356869,40.172
1768498542.2380257,47.015
1768498542.3402815,33.606
1768498542.4426801,40.172
1768498542.5451922,45.019
1768498542.647585,34.001
1768498542.7500808,40.838
1768498542.856232,45.61
1768498542.9585733,35.185
1768498543.0611618,49.053
1768498543.1633894,39.186
1768498543.2656875,35.876
1768498543.3680623,51.284
1768498543.4703324,38.989
1768498543.5726976,38.299
1768498543.6750722,43.839
1768498543.7803833,35.56
1768498543.8829405,47.282
1768498543.985185,34.001
1768498544.0875568,42.413
1768498544.1899042,43.004
1768498544.2927008,34.593
1768498544.3951175,45.511
1768498544.497404,40.566
1768498544.5996625,35.284
1768498544.7123182,43.3
1768498544.8146315,38.89
1768498544.9169056,35.383
1768498545.0191352,47.97
1768498545.121311,33.587
1768498545.2278938,38.42
1768498545.330193,47.043
1768498545.4324894,33.705
1768498545.534914,40.172
1768498545.6373632,33.705
1768498545.739784,41.527
1768498545.8419442,41.157
1768498545.9441576,34.593
1768498546.046331,42.315
1768498546.1484168,44.134
1768498546.254144,34.593
1768498546.3564272,47.184
1768498546.458916,35.362
1768498546.5613573,41.65
1768498546.6638384,33.329
1768498546.766286,46.664
1768498546.8687544,35.185
1768498546.971159,45.735
1768498547.0770397,39.209
1768498547.1794155,38.025
1768498547.2818973,48.069
1768498547.3842556,34.1
1768498547.4865808,39.777
1768498547.589074,43.668
1768498547.6915345,33.902
1768498547.793865,46.129
1768498547.8963792,38.792
1768498548.0012355,38.124
1768498548.1035392,46.523
1768498548.2059083,34.1
1768498548.3084347,50.105
1768498548.410703,35.165
1768498548.5130005,38.595
1768498548.6153474,44.751
1768498548.7183022,35.087
1768498548.8206549,46.762
1768498548.9265091,33.804
1768498549.0296059,43.103
1768498549.1319509,40.247
1768498549.2343109,35.284
1768498549.3365805,51.088
1768498549.4389198,35.56
1768498549.5411758,37.138
1768498549.6434283,46.747
1768498549.750654,33.508
1768498549.8532107,49.416
1768498549.9555297,37.335
1768498550.0583768,46.227
1768498550.1606388,34.1
1768498550.262845,50.339
1768498550.365082,37.335
1768498550.4673128,37.335
1768498550.5730305,45.145
1768498550.675298,34.1
1768498550.7776806,51.284
1768498550.8801243,37.883
1768498550.9824746,35.778
1768498551.08496,44.849
1768498551.187357,33.231
1768498551.2897975,41.921
1768498551.392201,38.671
1768498551.4975245,35.954
1768498551.6000514,43.398
1768498551.7025387,33.705
1768498551.8048136,47.802
1768498551.9071345,38.124
1768498552.0093882,35.954
1768498552.1116598,44.921
1768498552.2140744,33.014
1768498552.3164148,41.059
1768498552.418848,41.33
1768498552.523491,34.1
1768498552.6258829,46.424
1768498552.7282982,38.518
1768498552.8306234,38.299
1768498552.9330294,45.118
1768498553.035487,33.508
1768498553.138102,40.369
1768498553.2404912,40.861
1768498553.3427584,34.988
1768498553.4460633,50.596
1768498553.552657,33.212
1768498553.6549487,46.888
1768498553.7575634,32.836
1768498553.8599327,43.004
1768498553.9623027,41.872
1768498554.0645041,34.297
1768498554.16693,47.45
1768498554.269144,37.532
1768498554.3762045,38.89
1768498554.478676,39.383
1768498554.5810418,47.704
1768498554.6833148,37.806
1768498554.7857387,37.236
1768498554.8880079,45.243
1768498554.9903293,33.508
1768498555.0925217,42.931
1768498555.1947143,39.853
1768498555.2969944,34.495
1768498555.4022636,47.999
1768498555.5046916,33.31
1768498555.6070316,39.383
1768498555.7094026,41.625
1768498555.8120055,34.199
1768498555.914475,45.118
1768498556.0168867,37.236
1768498556.1192012,38.321
1768498556.221888,47.085
1768498556.3272023,32.638
1768498556.4294956,44.652
1768498556.5318785,37.631
1768498556.6342106,37.806
1768498556.7369258,32.243
1768498556.839283,49.75
1768498556.941933,33.033
1768498557.0443118,40.936
1768498557.146628,41.798
1768498557.2514458,34.297
1768498557.3538978,44.088
1768498557.4561875,40.369
1768498557.558584,34.593
1768498557.6608748,49.249
1768498557.7637227,35.284
1768498557.8660846,38.989
1768498557.9685934,45.118
1768498558.0711603,33.902
1768498558.1763752,49.416
1768498558.2789,37.751
1768498558.3812034,37.708
1768498558.4837139,41.527
1768498558.5860214,34.297
1768498558.688399,46.2
1768498558.7907422,38.003
1768498558.8930395,35.954
1768498558.9953995,50.006
1768498559.1004698,37.313
1768498559.2028093,43.963
1768498559.3059251,33.31
1768498559.4082427,46.692
1768498559.5104082,37.357
1768498559.612639,37.236
1768498559.7148807,43.471
1768498559.8170514,33.705
1768498559.9191866,44.16
1768498560.0263443,38.299
1768498560.1286857,35.679
1768498560.2309887,45.932
1768498560.3332896,33.606
1768498560.4357324,46.523
1768498560.5381773,37.949
1768498560.6404827,36.25
1768498560.7428732,42.216
1768498560.8508897,35.087
1768498560.953193,46.326
1768498561.055529,32.934
1768498561.157871,41.33
1768498561.260205,38.397
1768498561.362555,35.284
1768498561.4648235,44.921
1768498561.5673106,32.836
1768498561.67334,42.019
1768498561.7757425,37.138
1768498561.8781438,39.974
1768498561.980758,42.019
1768498562.0832982,34.396
1768498562.185489,47.942
1768498562.2891095,38.321
1768498562.391447,38.124
1768498562.4973214,39.11
1768498562.5996888,36.25
1768498562.7019546,45.834
1768498562.8042653,33.705
1768498562.9066846,49.682
1768498563.0090854,33.508
1768498563.1113527,45.171
1768498563.2137153,37.927
1768498563.315994,38.397
1768498563.4207418,37.631
1768498563.5245018,39.853
1768498563.6270547,34.692
1768498563.7292295,43.865
1768498563.8314278,33.329
1768498563.933973,43.865
1768498564.0360913,36.666
1768498564.1383986,37.138
1768498564.2443237,42.782
1768498564.346601,33.409
1768498564.4489632,50.203
1768498564.5512655,32.817
1768498564.653745,38.518
1768498564.7560322,46.03
1768498564.8585336,33.212
1768498564.9608655,38.792
1768498565.0633824,43.3
1768498565.1694071,33.409
1768498565.2718303,40.936
1768498565.3741627,44.777
1768498565.4764898,33.804
1768498565.5788536,40.467
1768498565.6811695,45.413
1768498565.783561,33.705
1768498565.885945,42.61
1768498565.9883306,45.484
1768498566.0931833,33.902
1768498566.1956217,46.326
1768498566.2980542,38.966
1768498566.401068,36.645
1768498566.5034082,46.959
1768498566.607209,34.199
1768498566.7094858,50.105
1768498566.8118923,39.974
1768498566.9171228,44.233
1768498567.019346,34.593
1768498567.1217492,41.133
1768498567.22393,44.088
1768498567.3262548,34.692
1768498567.428711,45.44
1768498567.5310912,39.777
1768498567.6333625,35.481
1768498567.7357094,51.026
1768498567.8412411,38.89
1768498567.9437864,46.467
1768498568.0460336,33.705
1768498568.1481366,40.369
1768498568.2504263,44.482
1768498568.352687,34.396
1768498568.4549043,44.58
1768498568.5572085,38.989
1768498568.6595597,35.185
1768498568.7649574,48.532
1768498568.8674004,36.743
1768498568.9698389,38.518
1768498569.0721285,47.212
1768498569.1743817,33.409
1768498569.2767804,41.059
1768498569.379119,42.118
1768498569.4815032,35.284
1768498569.5838814,46.172
1768498569.6897857,39.065
1768498569.7921798,35.954
1768498569.8945239,50.241
1768498569.9969354,33.902
1768498570.099332,52.857
1768498570.2016997,33.508
1768498570.3041613,40.073
1768498570.4065254,39.876
1768498570.5088956,35.658
1768498570.615418,48.098
1768498570.71778,34.199
1768498570.8201797,47.774
1768498570.922425,33.31
1768498571.026225,39.186
1768498571.1285834,42.216
1768498571.230902,34.001
1768498571.3333025,50.989
1768498571.439314,36.743
1768498571.5418055,38.102
1768498571.644171,40.073
1768498571.7464747,35.185
1768498571.8488433,45.735
1768498571.951189,33.508
1768498572.0536962,42.833
1768498572.1559894,38.223
1768498572.2582529,36.546
1768498572.3629832,35.264
1768498572.4655535,48.728
1768498572.5677257,32.934
1768498572.669959,43.471
1768498572.7721298,38.738
1768498572.8743055,36.151
1768498572.9767137,49.446
1768498573.0789025,38.595
1768498573.181088,35.954
1768498573.2832277,48.994
1768498573.3888898,38.595
1768498573.4912746,37.806
1768498573.5937808,48.167
1768498573.6962817,34.495
1768498573.798573,50.331
1768498573.9009295,38.299
1768498574.0031874,36.645
1768498574.105823,47.844
1768498574.2119815,34.396
1768498574.3143256,41.034
1768498574.416697,46.129
1768498574.5192146,34.297
1768498574.6215632,42.709
1768498574.7238722,45.216
1768498574.8262146,34.988
1768498574.9285388,51.579
1768498575.0313532,39.012
1768498575.1367571,37.927
1768498575.242703,46.79
1768498575.3449502,33.508
1768498575.4472492,38.518
1768498575.5496614,46.719
1768498575.6518228,33.606
1768498575.7542186,39.876
1768498575.856636,38.572
1768498575.961942,35.856
1768498576.0643294,50.762
1768498576.166725,33.212
1768498576.2690778,39.679
1768498576.3714283,47.38
1768498576.4737806,34.1
1768498576.5760803,52.334
1768498576.6804833,44.456
1768498576.7848573,36.349
1768498576.8872898,47.184
1768498576.9896379,34.1
1768498577.0918565,39.777
1768498577.1942577,40.444
1768498577.2964385,34.593
1768498577.3986247,45.538
1768498577.5008903,37.631
1768498577.603018,36.25
1768498577.7090485,45.735
1768498577.8114326,32.836
1768498577.9142349,42.782
1768498578.0167518,39.012
1768498578.119041,35.087
1768498578.2214744,49.583
1768498578.3238285,32.934
1768498578.426182,42.734
1768498578.5284715,33.902
1768498578.6339173,41.231
1768498578.736346,36.546
1768498578.8387175,38.989
1768498578.941101,41.034
1768498579.0435832,34.889
1768498579.1459272,45.905
1768498579.2483099,33.014
1768498579.3506873,40.27
1768498579.452915,44.823
1768498579.5578096,33.508
1768498579.663316,42.019
1768498579.7657912,40.369
1768498579.8690293,34.692
1768498579.9713507,49.976
1768498580.0735657,35.778
1768498580.175829,40.27
1768498580.2820778,44.724
1768498580.384303,34.791
1768498580.4865522,51.413
1768498580.589003,37.828
1768498580.6913922,38.299
1768498580.7938116,47.015
1768498580.8961546,33.804
1768498580.9987957,45.932
1768498581.101255,37.412
1768498581.2082963,43.865
1768498581.3104718,34.593
1768498581.4128258,45.806
1768498581.5150888,37.828
1768498581.61722,36.743
1768498581.7195067,41.847
1768498581.8218956,36.842
1768498581.9241924,39.36
1768498582.031277,34.297
1768498582.1336653,45.243
1768498582.2360032,37.883
1768498582.3384633,36.546
1768498582.4407477,50.301
1768498582.543234,33.804
1768498582.6455827,41.527
1768498582.747811,42.56
1768498582.850354,36.053
1768498582.95567,47.155
1768498583.0581365,33.902
1768498583.1604817,47.872
1768498583.2628436,38.716
1768498583.3651474,39.505
1768498583.4675438,39.679
1768498583.5700727,38.124
1768498583.6725564,40.763
1768498583.7782335,36.645
1768498583.8806212,38.2
1768498583.9829426,37.236
1768498584.090548,44.186
1768498584.1928527,32.934
1768498584.2954779,39.777
1768498584.402519,36.82
1768498584.5050068,35.856
1768498584.6073318,44.724
1768498584.709693,32.916
1768498584.8121023,38.989
1768498584.914423,42.487
1768498585.0168538,34.199
1768498585.1192381,39.58
1768498585.2261682,35.185
1768498585.3288286,47.479
1768498585.4311392,38.693
1768498585.5334196,36.349
1768498585.6357238,50.241
1768498585.7380977,38.814
1768498585.8404326,38.223
1768498585.9427376,47.282
1768498586.0451424,34.199
1768498586.1502717,50.203
1768498586.2526755,38.178
1768498586.3549182,36.546
1768498586.4572592,44.823
1768498586.5596297,35.087
1768498586.6619458,51.972
1768498586.7645526,39.777
1768498586.8670914,42.807
1768498586.9730663,35.284
1768498587.0754406,49.613
1768498587.1778345,38.025
1768498587.2802148,37.532
1768498587.3824968,45.145
1768498587.4849174,32.934
1768498587.5872877,43.989
1768498587.6895158,40.294
1768498587.7918365,35.856
1768498587.8946624,48.433
1768498587.9994774,38.124
1768498588.1019018,38.124
1768498588.2042894,46.987
1768498588.3066177,33.409
1768498588.4106166,38.595
1768498588.5128145,44.948
1768498588.6151102,34.199
1768498588.7174304,42.709
1768498588.8220687,39.163
1768498588.9244676,36.842
1768498589.0268764,48.335
1768498589.1293194,33.409
1768498589.2316031,40.247
1768498589.3340366,45.681
1768498589.436621,34.1
1768498589.5389574,37.927
1768498589.641552,36.645
1768498589.7471743,45.932
1768498589.849577,33.606
1768498589.9519923,47.31
1768498590.054501,37.609
1768498590.1568358,36.447
1768498590.2591505,46.397
1768498590.3614967,33.508
1768498590.4637716,42.512
1768498590.5660977,38.321
1768498590.6716385,36.053
1768498590.7741258,45.171
1768498590.8765972,34.199
1768498590.979038,47.52
1768498591.0813646,33.804
1768498591.1837993,47.704
1768498591.286194,36.151
1768498591.3884728,39.482
1768498591.4952476,39.754
1768498591.5975916,35.778
1768498591.6998868,45.046
1768498591.8022466,33.527
1768498591.9050336,45.637
1768498592.0075793,33.804
1768498592.109781,40.073
1768498592.2121458,36.623
1768498592.314447,38.595
1768498592.4199789,36.919
1768498592.525447,36.94
1768498592.6277564,36.25
1768498592.730029,40.664
1768498592.832299,36.151
1768498592.9348288,37.905
1768498593.0370698,42.019
1768498593.139358,33.231
1768498593.2447278,44.285
1768498593.3470197,38.299
1768498593.449316,35.185
1768498593.5516815,48.503
1768498593.6541204,33.033
1768498593.7565272,38.792
1768498593.8590112,34.495
1768498593.9619627,50.498
1768498594.0686095,33.132
1768498594.171027,43.642
1768498594.2733,35.757
1768498594.3757222,40.936
1768498594.4779894,39.603
1768498594.580265,35.284
1768498594.6826375,46.102
1768498594.7849715,33.508
1768498594.8918073,51.383
1768498594.9942524,32.934
1768498595.0965543,38.989
1768498595.1990976,39.801
1768498595.3015084,34.297
1768498595.404001,49.22
1768498595.506318,38.671
1768498595.6088083,35.757
1768498595.7153254,52.531
1768498595.817576,37.729
1768498595.919997,40.664
1768498596.022301,42.709
1768498596.1245768,34.988
1768498596.2268121,49.878
1768498596.3294134,33.132
1768498596.431658,44.876
1768498596.5341911,34.199
1768498596.6408424,49.249
1768498596.743212,34.889
1768498596.8460357,38.003
1768498596.9482157,37.729
1768498597.0505195,48.294
1768498597.152902,33.014
1768498597.255323,41.034
1768498597.3575292,41.453
1768498597.459734,35.383
1768498597.564587,53.84
1768498597.667172,38.025
1768498597.769619,39.186
1768498597.8720536,42.216
1768498597.9745011,35.56
1768498598.076972,33.31
1768498598.180852,42.906
1768498598.2832701,39.186
1768498598.3889492,36.349
1768498598.4913225,47.282
1768498598.5936413,33.705
1768498598.6959102,42.487
1768498598.798376,41.724
1768498598.9007514,35.185
1768498599.0031633,50.596
1768498599.1055453,38.89
1768498599.2077765,36.25
1768498599.3100991,51.155
1768498599.4128249,39.482
1768498599.5150654,35.856
1768498599.617242,47.999
1768498599.719638,42.019
1768498599.8220077,34.889
1768498599.924352,44.58
1768498600.0267653,41.231
1768498600.1292737,35.658
1768498600.2317169,52.499
1768498600.3339741,36.722
1768498600.4397974,43.201
1768498600.5423405,40.096
1768498600.644726,36.842
1768498600.7470937,40.195
1768498600.8495452,36.349
1768498600.9524322,47.113
1768498601.0548885,34.692
1768498601.158139,48.237
1768498601.2618186,39.11
1768498601.3643155,37.532
1768498601.4667618,45.878
1768498601.5692048,33.31
1768498601.671578,48.757
1768498601.7738664,32.737
1768498601.8762565,41.724
1768498601.9787302,37.609
1768498602.0812705,37.335
1768498602.1875873,38.617
1768498602.2898636,35.087
1768498602.3922122,46.03
1768498602.4947004,32.934
1768498602.5970588,44.849
1768498602.6994305,36.743
1768498602.8022356,45.243
1768498602.904469,33.705
1768498603.0066018,45.708
1768498603.1119554,36.94
1768498603.2143915,39.383
1768498603.3167207,40.739
1768498603.4189985,34.889
1768498603.5214791,46.818
1768498603.62377,34.199
1768498603.7260656,47.38
1768498603.828367,34.001
1768498603.9309752,51.217
1768498604.0356941,37.236
1768498604.1380107,39.284
1768498604.2405245,41.724
1768498604.3430924,35.087
1768498604.4455001,48.925
1768498604.5479949,37.686
1768498604.650489,36.546
1768498604.7527616,46.172
1768498604.8551595,33.606
1768498604.9614706,43.694
1768498605.0637093,42.118
1768498605.165955,35.185
1768498605.2682488,46.424
1768498605.370781,49.348
1768498605.4730854,33.902
1768498605.57681,39.951
1768498605.6791143,48.138
1768498605.7848856,34.1
1768498605.8871806,41.822
1768498605.9897256,39.262
1768498606.0921097,35.481
1768498606.1945548,51.481
1768498606.2969174,37.631
1768498606.3993294,37.335
1768498606.5016954,39.679
1768498606.6073732,35.58
1768498606.7097876,46.003
1768498606.8121529,40.467
1768498606.9144368,41.33
1768498607.0168371,46.298
1768498607.1202707,40.073
1768498607.222517,34.889
1768498607.3248422,43.865
1768498607.4270546,43.373
1768498607.5326333,34.593
1768498607.6350307,43.668
1768498607.737278,43.937
1768498607.8394988,34.396
1768498607.941981,43.668
1768498608.0443563,39.209
1768498608.146732,35.658
1768498608.2490048,47.774
1768498608.351397,43.078
1768498608.4570684,34.593
1768498608.559392,45.61
1768498608.6617312,40.172
1768498608.7640233,36.349
1768498608.8664856,51.315
1768498608.968807,37.653
1768498609.0712218,38.89
1768498609.1736667,47.774
1768498609.2760575,33.705
1768498609.382331,39.482
1768498609.4846325,47.577
1768498609.5871055,38.814
1768498609.6896338,37.434
1768498609.792012,44.383
1768498609.8954978,34.889
1768498609.997771,48.63
1768498610.1002257,33.508
1768498610.2057517,40.444
1768498610.308077,39.801
1768498610.410472,35.856
1768498610.5127814,48.069
1768498610.6149635,33.231
1768498610.7173018,38.2
1768498610.819787,41.527
1768498610.9220374,35.087
1768498611.0242555,45.806
1768498611.1295097,35.264
1768498611.23176,39.087
1768498611.3340638,41.503
1768498611.436314,33.902
1768498611.5386345,44.876
1768498611.6408556,33.902
1768498611.7431278,41.946
1768498611.8453357,46.271
1768498611.947741,34.297
1768498612.0538294,44.186
1768498612.1562898,39.36
1768498612.258758,35.56
1768498612.3610585,48.699
1768498612.4634106,33.804
1768498612.565907,40.641
1768498612.6683536,42.684
1768498612.7707386,35.362
1768498612.8732378,52.334
1768498612.9774275,33.705
1768498613.0796795,43.989
1768498613.1819315,39.853
1768498613.284332,36.053
1768498613.3866813,44.724
1768498613.4900746,33.508
1768498613.5923355,47.844
1768498613.6948116,36.25
1768498613.7972355,38.321
1768498613.903359,43.937
1768498614.0057554,33.409
1768498614.108087,40.369
1768498614.2148774,42.143
1768498614.3189378,34.001
1768498614.4212832,46.692
1768498614.5266552,38.693
1768498614.6292686,34.988
1768498614.7315602,47.184
1768498614.8339086,39.899
1768498614.9362679,36.25
1768498615.0388846,49.151
1768498615.141252,33.902
1768498615.2436755,43.201
1768498615.3492956,40.172
1768498615.451758,35.56
1768498615.5541856,50.762
1768498615.6564677,37.434
1768498615.7588255,47.942
1768498615.8610022,34.889
1768498615.9631727,48.294
1768498616.0654001,38.223
1768498616.1675282,38.102
1768498616.271622,41.896
1768498616.3740728,36.053
1768498616.476506,49.053
1768498616.5789342,33.113
1768498616.6811688,44.823
1768498616.7835767,38.223
1768498616.8860083,42.61
1768498616.9885902,34.1
1768498617.0913239,49.348
1768498617.1937265,33.033
1768498617.2994723,47.774
1768498617.401918,32.737
1768498617.5042124,40.936
1768498617.6064718,40.27
1768498617.7089005,34.791
1768498617.8115504,42.807
1768498617.9140313,34.1
1768498618.0166056,43.274
1768498618.1225944,32.836
1768498618.225606,41.453
1768498618.3282797,38.397
1768498618.4321587,34.396
1768498618.534524,47.675
1768498618.6367047,36.743
1768498618.738984,37.434
1768498618.8413222,43.052
1768498618.9479153,34.1
1768498619.0503983,50.135
1768498619.1529355,33.014
1768498619.2551715,40.444
1768498619.357516,40.42
1768498619.45975,34.889
1768498619.5619802,50.075
1768498619.6642494,39.186
1768498619.7666047,36.25
1768498619.8716052,51.677
1768498619.9739957,33.705
1768498620.076367,45.637
1768498620.1789637,34.297
1768498620.2811756,45.341
1768498620.3834023,39.262
1768498620.4856012,37.905
1768498620.5877266,46.326
1768498620.6899033,34.495
1768498620.7951488,47.872
1768498620.897558,35.067
1768498620.9998982,40.641
1768498621.1023133,43.668
1768498621.2045765,35.087
1768498621.307038,52.467
1768498621.4095166,32.737
1768498621.5119443,43.274
1768498621.614409,37.828
1768498621.7198243,38.2
1768498621.8222048,39.754
1768498621.9246316,35.679
1768498622.0270045,43.446
1768498622.1293483,33.606
1768498622.2316787,43.471
1768498622.3341877,38.989
1768498622.4369187,34.988
1768498622.5391862,44.482
1768498622.6453974,33.409
1768498622.7478118,47.97
1768498622.8518634,38.321
1768498622.9542475,37.236
1768498623.056502,43.963
1768498623.159015,34.199
1768498623.261358,51.383
1768498623.3635912,34.495
1768498623.4669654,39.505
1768498623.5703626,38.913
1768498623.6729321,36.25
1768498623.775351,45.046
1768498623.8777127,34.1
1768498623.980173,46.566
1768498624.0824754,33.508
1768498624.1847754,47.97
1768498624.2871628,36.645
1768498624.393437,39.974
1768498624.4957972,36.94
1768498624.5987,44.259
1768498624.7009702,33.606
1768498624.8031757,48.728
1768498624.905429,32.539
1768498625.0076106,39.209
1768498625.109887,41.354
1768498625.2122984,34.791
1768498625.31707,45.735
1768498625.4196136,32.539
1768498625.5220447,41.428
1768498625.6244898,39.163
1768498625.7267818,35.185
1768498625.8292162,46.495
1768498625.931572,33.31
1768498626.034004,46.102
1768498626.1364713,37.729
1768498626.2417893,36.842
1768498626.3442252,45.118
1768498626.446637,34.297
1768498626.5490754,48.237
1768498626.651329,37.751
1768498626.7537298,43.497
1768498626.8565888,35.679
1768498626.958991,45.046
1768498627.0613332,34.495
1768498627.166954,45.27
1768498627.277354,39.528
1768498627.379717,37.039
1768498627.4820511,49.476
1768498627.5842412,34.593
1768498627.6889772,43.274
1768498627.7914429,40.27
1768498627.8937743,36.447
1768498627.9963381,47.45
1768498628.098684,34.1
1768498628.2011802,44.233
1768498628.303684,39.928
1768498628.4061887,37.236
1768498628.5084875,48.237
1768498628.613735,34.791
1768498628.7162325,39.11
1768498628.8184786,37.806
1768498628.9209843,47.774
1768498629.0232546,33.508
1768498629.1254032,41.256
1768498629.227752,44.679
1768498629.3300967,34.396
1768498629.432322,43.103
1768498629.5389342,39.899
1768498629.6413913,36.546
1768498629.7438974,46.2
1768498629.846414,37.729
1768498629.9490826,45.27
1768498630.0515573,33.508
1768498630.1541848,44.357
1768498630.2565565,38.89
1768498630.3621986,37.434
1768498630.4647,46.734
1768498630.567038,34.1
1768498630.6694102,45.708
1768498630.7719424,38.716
1768498630.8747623,36.842
1768498630.9770594,48.393
1768498631.0793293,33.231
1768498631.181664,47.409
1768498631.2973168,37.828
1768498631.3996215,36.447
1768498631.5021832,46.2
1768498631.6086373,33.409
1768498631.711064,43.963
1768498631.813432,37.609
1768498631.9158232,36.645
1768498632.0181525,43.963
1768498632.1204216,34.396
1768498632.222826,50.566
1768498632.3252614,35.975
1768498632.4276388,41.65
1768498632.532528,43.3
1768498632.6354265,40.05
1768498632.7376058,35.56
1768498632.8398182,47.605
1768498632.9421294,33.113
1768498633.0444179,38.223
1768498633.146629,39.801
1768498633.2488644,35.087
1768498633.351086,44.259
1768498633.4566734,33.132
1768498633.5589895,48.63
1768498633.6613498,36.645
1768498633.7636807,38.102
1768498633.8659472,41.724
1768498633.96824,33.902
1768498634.0707302,43.57
1768498634.1730742,34.672
1768498634.2754407,38.003
1768498634.3815713,43.373
1768498634.483904,33.804
1768498634.586353,43.963
1768498634.6888487,32.144
1768498634.791276,40.369
1768498634.8936508,38.223
1768498634.996059,35.975
1768498635.098439,43.373
1768498635.200861,34.297
1768498635.3073714,45.932
1768498635.4103882,33.409
1768498635.5129018,44.652
1768498635.6152596,38.025
1768498635.7174876,37.138
1768498635.8199728,44.186
1768498635.9222474,34.297
1768498636.0247028,50.566
1768498636.1308298,38.42
1768498636.233341,36.546
1768498636.3356636,45.905
1768498636.43795,33.231
1768498636.5404203,48.688
1768498636.6429837,37.631
1768498636.74539,40.172
1768498636.8478117,34.199
1768498636.95024,49.122
1768498637.0552647,49.908
1768498637.1580942,34.021
1768498637.2603736,37.609
1768498637.3625896,41.724
1768498637.4648738,33.705
1768498637.5671084,46.03
1768498637.6693308,38.496
1768498637.7716517,37.609
1768498637.8739269,45.44
1768498637.976169,34.001
1768498638.0810487,51.217
1768498638.183532,33.212
1768498638.2858813,40.369
1768498638.3881886,43.398
1768498638.490437,35.284
1768498638.592867,48.787
1768498638.6951728,34.771
1768498638.7974463,37.335
1768498638.8999915,46.102
1768498639.0050774,33.132
1768498639.107373,40.467
1768498639.2099526,39.998
1768498639.3127007,35.58
1768498639.4151375,46.621
1768498639.517333,32.836
1768498639.6196206,44.777
1768498639.7218995,37.018
1768498639.8242126,37.434
1768498639.9302864,44.357
1768498640.0325499,33.804
1768498640.134852,47.675
1768498640.2370627,37.335
1768498640.3393505,37.434
1768498640.4417744,45.413
1768498640.544057,33.033
1768498640.6462576,41.625
1768498640.7485032,39.702
1768498640.8549302,34.791
1768498640.9572694,45.932
1768498641.059719,38.617
1768498641.1620262,35.975
1768498641.2642972,50.075
1768498641.3666983,36.722
1768498641.4690137,38.617
1768498641.5712838,45.806
1768498641.673675,33.31
1768498641.7782536,40.27
1768498641.8805695,36.546
1768498641.9827275,45.216
1768498642.084841,33.113
1768498642.1869414,38.102
1768498642.2891436,47.802
1768498642.3912613,33.705
1768498642.4935122,42.216
1768498642.5956216,44.16
1768498642.697803,34.199
1768498642.8031688,42.782
1768498642.905473,43.201
1768498643.0077896,34.988
1768498643.110173,43.373
1768498643.2125864,45.341
1768498643.3149867,34.1
1768498643.4172537,43.3
1768498643.519595,41.256
1768498643.6219473,35.975
1768498643.7245324,52.366
1768498643.8291478,38.913
1768498643.9314766,38.716
1768498644.0338476,32.916
1768498644.1362467,47.675
1768498644.2385495,33.606
1768498644.3408594,46.129
1768498644.443287,33.31
1768498644.5455108,47.774
1768498644.6478846,33.409
1768498644.7513957,42.709
1768498644.8572857,36.842
1768498644.9595234,36.645
1768498645.0619848,41.33
1768498645.164394,34.396
1768498645.266634,47.675
1768498645.3689148,37.434
1768498645.4712574,36.743
1768498645.5737088,45.959
1768498645.6761928,33.113
1768498645.7811704,40.27
1768498645.8835192,41.085
1768498645.985833,34.396
1768498646.0881505,50.922
1768498646.1906598,33.212
1768498646.2930958,40.664
1768498646.3954883,41.059
1768498646.497983,34.692
1768498646.6003675,33.409
1768498646.7063372,38.299
1768498646.808665,35.461
1768498646.910921,46.593
1768498647.013214,33.409
1768498647.1154432,40.641
1768498647.2177303,43.078
1768498647.319917,33.705
1768498647.4221575,39.777
1768498647.5284326,45.583
1768498647.6308851,34.889
1768498647.7332435,45.664
1768498647.8356128,40.317
1768498647.937854,35.58
1768498648.0402248,49.878
1768498648.1427372,36.447
1768498648.245071,38.989
1768498648.3474793,45.61
1768498648.4529748,34.791
1768498648.5557995,47.745
1768498648.658105,38.913
1768498648.7603087,37.335
1768498648.8627355,46.888
1768498648.9649484,34.988
1768498649.0672472,47.802
1768498649.1707158,38.617
1768498649.2730186,37.138
1768498649.3785465,47.38
1768498649.4809723,33.606
1768498649.5833192,41.059
1768498649.685715,38.89
1768498649.7880986,36.25
1768498649.890794,45.538
1768498649.9931471,33.606
1768498650.0955036,49.908
1768498650.198025,37.116
1768498650.303138,37.313
1768498650.4054472,41.822
1768498650.5079195,34.199
1768498650.6101496,47.577
1768498650.7125006,33.132
1768498650.8150072,44.088
1768498650.9173744,36.842
1768498651.0199027,40.195
1768498651.123789,34.001
1768498651.2289674,46.719
1768498651.331331,38.989
1768498651.4337943,35.362
1768498651.53628,49.053
1768498651.6389182,37.828
1768498651.7415247,38.397
1768498651.8438938,46.818
1768498651.9508522,34.495
1768498652.0532281,47.45
1768498652.1556785,33.113
1768498652.257948,39.186
1768498652.3602457,48.069
1768498652.462656,33.606
1768498652.5648844,43.004
1768498652.66711,43.3
1768498652.7695193,35.284
1768498652.8752344,47.97
1768498652.9774766,33.409
1768498653.079868,47.409
1768498653.182989,38.42
1768498653.2855382,38.792
1768498653.3888488,40.247
1768498653.4911644,36.053
1768498653.5934887,47.507
1768498653.6982331,34.1
1768498653.8005922,51.677
1768498653.9030292,33.31
1768498654.005347,42.881
1768498654.1076927,37.729
1768498654.210135,37.532
1768498654.3126137,38.989
1768498654.4148955,34.199
1768498654.517202,45.341
1768498654.6226022,31.947
1768498654.724966,40.838
1768498654.8275814,36.25
1768498654.9299726,39.777
1768498655.0323696,42.61
1768498655.134805,35.087
1768498655.2372968,51.677
1768498655.3396974,38.792
1768498655.442121,43.891
1768498655.5473056,34.396
1768498655.6497436,45.932
1768498655.7521026,33.705
1768498655.8544753,47.479
1768498655.9567573,32.934
1768498656.0590305,42.315
1768498656.161403,38.102
1768498656.2638,36.447
1768498656.366111,41.822
1768498656.4714777,39.974
1768498656.5738323,38.792
1768498656.6760802,35.461
1768498656.7784743,35.087
1768498656.8807847,41.822
1768498656.983276,34.001
1768498657.085851,39.186
1768498657.1885507,34.791
1768498657.29121,44.679
1768498657.3959672,32.934
1768498657.4983335,47.184
1768498657.6031413,34.791
1768498657.705598,39.11
1768498657.8080504,39.186
1768498657.910823,36.447
1768498658.0133584,43.373
1768498658.119817,33.31
1768498658.222267,49.249
1768498658.3247654,36.764
1768498658.4274762,36.94
1768498658.5300262,43.201
1768498658.6325197,33.705
1768498658.7350016,47.352
1768498658.837437,36.743
1768498658.9443254,37.927
1768498659.046782,40.444
1768498659.1495037,35.284
1768498659.251982,46.03
1768498659.354785,33.033
1768498659.4572394,38.047
1768498659.560362,36.25
1768498659.6671748,44.383
1768498659.7697275,34.396
1768498659.8721383,44.16
1768498659.974688,33.804
1768498660.0770233,49.22
1768498660.1794064,36.764
1768498660.2818055,36.37
1768498660.3842275,46.326
1768498660.490792,37.532
1768498660.5931506,37.631
1768498660.6954863,46.861
1768498660.7977777,36.666
1768498660.9001591,39.505
1768498661.0026205,43.398
1768498661.10515,35.284
1768498661.207481,45.806
1768498661.3116925,38.299
1768498661.4152944,36.151
1768498661.5177019,49.22
1768498661.6201026,39.58
1768498661.7231123,36.645
1768498661.8256824,46.2
1768498661.9280274,33.606
1768498662.0302637,40.664
1768498662.1324644,42.019
1768498662.238179,35.284
1768498662.340528,50.793
1768498662.4427881,38.223
1768498662.5451245,37.434
1768498662.6473882,49.22
1768498662.749662,38.223
1768498662.8521006,39.186
1768498662.954514,43.917
1768498663.056854,34.495
1768498663.162434,48.138
1768498663.2648342,37.729
1768498663.3671207,37.236
1768498663.4693985,46.2
1768498663.571792,33.606
1768498663.6740322,38.989
1768498663.776483,33.508
1768498663.880096,50.793
1768498663.9824777,32.934
1768498664.0874765,44.134
1768498664.189977,32.323
1768498664.2922323,43.3
1768498664.394566,33.922
1768498664.4972687,46.003
1768498664.599635,33.686
1768498664.702037,39.777
1768498664.8044956,36.962
1768498664.907062,45.806
1768498665.0112612,35.067
1768498665.113653,40.172
1768498665.2161376,40.936
1768498665.318489,34.495
1768498665.4209776,49.741
1768498665.5233893,33.033
1768498665.6259346,40.838
1768498665.7284322,42.684
1768498665.8312466,34.495
1768498665.9362528,50.075
1768498666.0386202,36.94
1768498666.1409984,39.777
1768498666.2444866,43.201
1768498666.346709,34.199
1768498666.4490685,50.036
1768498666.551402,36.053
1768498666.653725,39.58
1768498666.7561886,32.539
1768498666.8614385,45.44
1768498666.9638486,33.409
1768498667.0662208,44.974
1768498667.1685884,38.223
1768498667.2710495,37.828
1768498667.3735163,43.274
1768498667.4757378,34.199
1768498667.5779705,52.169
1768498667.6844866,34.001
1768498667.7867815,38.814
1768498667.8892102,44.062
1768498667.9915988,33.705
1768498668.0939276,43.201
1768498668.196315,36.743
1768498668.2993348,46.227
1768498668.401604,33.014
1768498668.5038333,39.974
1768498668.6088417,41.354
1768498668.7112725,35.284
1768498668.8136036,50.891
1768498668.9158764,36.546
1768498669.0181513,39.186
1768498669.1203933,39.36
1768498669.2227266,36.842
1768498669.3249996,47.605
1768498669.4272661,33.804
1768498669.5331757,44.383
1768498669.6353865,39.209
1768498669.737695,38.223
1768498669.840025,47.507
1768498669.9424243,33.705
1768498670.0448427,40.664
1768498670.1471052,40.392
1768498670.2500098,35.778
1768498670.3523448,52.825
1768498670.4606788,38.025
1768498670.5629125,36.645
1768498670.6658745,46.172
1768498670.7698364,33.31
1768498670.8720467,49.318
1768498670.9744132,33.231
1768498671.076731,39.11
1768498671.1822996,40.763
1768498671.284723,33.902
1768498671.3871152,50.006
1768498671.4893808,37.51
1768498671.591673,36.349
1768498671.693996,45.976
1768498671.7964382,37.313
1768498671.8988955,37.532
1768498672.0012195,46.129
1768498672.107425,33.606
1768498672.2096975,47.549
1768498672.3121045,39.284
1768498672.4142923,35.757
1768498672.5166657,32.934
1768498672.6192694,38.989
1768498672.721491,45.315
1768498672.8238435,33.606
1768498672.929791,40.664
1768498673.032048,45.118
1768498673.1342936,34.791
1768498673.236717,41.428
1768498673.3390942,46.397
1768498673.4414043,34.593
1768498673.5437422,46.593
1768498673.6460714,39.505
1768498673.7483468,36.94
1768498673.8523734,53.513
1768498673.9547467,38.89
1768498674.057045,38.89
1768498674.1594734,38.913
1768498674.2618406,40.467
1768498674.3641865,39.899
1768498674.4666016,36.842
1768498674.5688596,48.364
1768498674.671166,34.1
1768498674.7734375,41.946
1768498674.8803864,41.601
1768498674.9827962,35.185
1768498675.089965,50.43
1768498675.1921687,37.335
1768498675.2943618,38.102
1768498675.3967035,43.274
1768498675.4990222,34.1
1768498675.6035783,47.942
1768498675.7057645,38.42
1768498675.8082173,36.645
1768498675.9107356,47.057
1768498676.0132153,33.705
1768498676.115585,43.57
1768498676.2179193,38.321
1768498676.3202152,37.434
1768498676.4226003,43.004
1768498676.5248523,35.56
1768498676.6296868,44.58
1768498676.73218,35.087
1768498676.8346376,33.508
1768498676.936999,46.692
1768498677.0392776,38.025
1768498677.142164,43.694
1768498677.2444065,33.231
1768498677.3466618,40.369
1768498677.4488368,47.38
1768498677.5558264,33.902
1768498677.658073,41.921
1768498677.7605076,37.51
1768498677.863182,40.838
1768498677.9655821,44.456
1768498678.0680296,34.889
1768498678.1702762,52.334
1768498678.2726185,38.321
1768498678.3762531,37.729
1768498678.478982,48.787
1768498678.5813432,33.705
1768498678.6836674,40.247
1768498678.785977,46.03
1768498678.8886259,34.988
1768498678.9910343,48.63
1768498679.093395,33.508
1768498679.1959314,44.062
1768498679.3024025,45.61
1768498679.4046452,33.508
1768498679.511789,39.186
1768498679.6141596,45.538
1768498679.7164812,33.606
1768498679.818775,39.656
1768498679.9211946,41.527
1768498680.0275753,35.185
1768498680.1297882,49.515
1768498680.232107,34.199
1768498680.3343616,45.637
1768498680.4367092,44.186
1768498680.5391965,34.791
1768498680.6415544,49.711
1768498680.743937,40.369
1768498680.8463461,35.481
1768498680.9513252,48.266
1768498681.0536413,39.406
1768498681.1560194,38.716
1768498681.2584474,34.692
1768498681.3607235,47.057
1768498681.4630556,38.299
1768498681.5652623,37.828
1768498681.6675346,46.326
1768498681.7696779,33.606
1768498681.8746033,40.641
1768498681.9769194,41.65
1768498682.079332,35.185
1768498682.1818316,40.073
1768498682.284179,34.889
1768498682.386574,46.003
1768498682.4888556,33.033
1768498682.5912542,44.186
1768498682.6935525,37.335
1768498682.7959955,37.828
1768498682.9006095,38.989
1768498683.0031376,35.481
1768498683.1055808,45.413
1768498683.2080042,33.606
1768498683.310366,48.335
1768498683.412755,32.521
1768498683.5152214,37.335
1768498683.6175306,42.487
1768498683.719984,33.527
1768498683.8258936,47.45
1768498683.9305012,31.848
1768498684.03283,40.739
1768498684.1353862,37.729
1768498684.2375953,35.481
1768498684.3402827,45.216
1768498684.442653,33.014
1768498684.5450978,43.078
1768498684.6505065,39.186
1768498684.7529528,34.791
1768498684.8553157,45.145
1768498684.9576097,32.737
1768498685.060015,40.763
1768498685.1623645,39.998
1768498685.2648323,34.889
1768498685.3671937,49.682
1768498685.4735022,35.165
1768498685.575875,38.89
1768498685.6785047,33.804
1768498685.7815638,44.849
1768498685.8836944,38.397
1768498685.985954,36.645
1768498686.088082,40.838
1768498686.1903408,34.889
1768498686.2926912,44.626
1768498686.3974857,34.297
1768498686.4999328,46.227
1768498686.6023338,34.001
1768498686.7046142,37.609
1768498686.8070288,40.542
1768498686.909415,36.623
1768498687.011821,35.658
1768498687.1142364,41.551
1768498687.2166238,34.001
1768498687.3224266,46.424
1768498687.4247363,32.539
1768498687.5275059,42.487
1768498687.6300023,35.954
1768498687.7323163,39.186
1768498687.8348396,37.751
1768498687.941631,35.481
1768498688.047062,42.019
1768498688.1510065,33.902
1768498688.2533262,44.554
1768498688.3558269,32.836
1768498688.458164,48.266
1768498688.5605488,31.929
1768498688.6628232,39.777
1768498688.7652385,42.61
1768498688.8714933,34.199
1768498688.9739807,49.249
1768498689.076214,36.172
1768498689.1785855,39.087
1768498689.2809954,41.428
1768498689.383422,34.297
1768498689.4859085,48.532
1768498689.5883386,35.954
1768498689.6907134,39.482
1768498689.7965064,40.05
1768498689.8988886,34.889
1768498690.001315,34.199
1768498690.103702,42.512
1768498690.2060034,34.495
1768498690.3082352,45.61
1768498690.4105597,33.212
1768498690.5127587,43.471
1768498690.6149855,36.546
1768498690.7215471,40.369
1768498690.8241513,37.927
1768498690.9265122,36.053
1768498691.0288978,43.989
1768498691.1314187,32.638
1768498691.2338836,46.298
1768498691.3363445,32.441
1768498691.4389691,41.625
1768498691.5450387,40.073
1768498691.6473703,34.001
1768498691.750229,49.78
1768498691.85264,36.053
1768498691.9551961,37.729
1768498692.0576134,44.948
1768498692.1599324,32.934
1768498692.2635033,43.792
1768498692.3701317,37.215
1768498692.4724162,36.349
1768498692.5746453,44.823
1768498692.676997,33.428
1768498692.779343,43.176
1768498692.8816555,38.2
1768498692.984087,37.828
1768498693.0863533,44.724
1768498693.1886766,34.297
1768498693.2935941,47.45
1768498693.395879,33.132
1768498693.498219,41.921
1768498693.6007066,38.178
1768498693.7031524,37.434
1768498693.8055577,39.656
1768498693.9079077,34.889
1768498694.010191,48.63
1768498694.112526,33.113
1768498694.2184794,38.496
1768498694.3221662,35.778
1768498694.4245543,45.932
1768498694.5269027,32.539
1768498694.6291795,42.118
1768498694.7314773,39.209
1768498694.8338792,35.264
1768498694.9363825,46.003
1768498695.042007,33.113
1768498695.1444395,51.383
1768498695.246984,36.447
1768498695.349335,38.2
1768498695.4517791,41.724
1768498695.5542727,34.297
1768498695.6566763,50.694
1768498695.7590632,36.349
1768498695.8655834,37.434
1768498695.9679723,46.621
1768498696.0702534,33.606
1768498696.1727662,44.062
1768498696.2750874,41.059
1768498696.3772871,35.185
1768498696.4803786,51.905
1768498696.5827067,35.856
1768498696.6887636,39.383
1768498696.791069,33.804
1768498696.8934875,48.797
1768498696.9958975,38.693
1768498697.098126,36.349
1768498697.2004657,46.987
1768498697.3028216,33.804
1768498697.4050608,39.974
1768498697.5075834,46.692
1768498697.6126401,33.705
1768498697.714925,39.853
1768498697.81727,41.231
1768498697.9195356,35.481
1768498698.0219338,50.135
1768498698.1242998,38.814
1768498698.2264764,36.743
1768498698.328752,48.196
1768498698.431114,38.223
1768498698.5370371,47.549
1768498698.6401508,40.148
1768498698.7423718,35.383
1768498698.8446205,45.932
1768498698.9468262,41.034
1768498699.0490024,35.362
1768498699.1510942,50.43
1768498699.253407,39.777
1768498699.3556926,37.434
1768498699.4611511,49.348
1768498699.5634654,40.42
1768498699.6661432,34.988
1768498699.7683635,43.767
1768498699.8707497,45.976
1768498699.9730747,34.396
1768498700.0753753,38.617
1768498700.177639,47.675
1768498700.279951,34.593
1768498700.3853633,47.409
1768498700.4876382,45.019
1768498700.5902755,35.679
1768498700.6926095,47.717
1768498700.7948127,41.551
1768498700.8984249,36.271
1768498701.0006907,51.745
1768498701.1028976,40.298
1768498701.2087893,37.335
1768498701.3113484,50.528
1768498701.4138865,39.186
1768498701.516167,37.236
1768498701.6184728,52.892
1768498701.7207184,39.974
1768498701.8230186,39.974
1768498701.9253407,38.617
1768498702.0277712,37.236
1768498702.1331291,47.057
1768498702.2353938,34.968
1768498702.3378227,47.675
1768498702.4400945,34.199
1768498702.542412,45.664
1768498702.644745,34.396
1768498702.7471223,50.891
1768498702.8494284,35.165
1768498702.9516501,38.124
1768498703.054033,46.397
1768498703.1588995,43.792
1768498703.2610958,42.388
1768498703.3632884,34.988
1768498703.4655674,44.088
1768498703.567769,42.118
1768498703.6699638,34.791
1768498703.7722087,35.165
1768498703.8744705,45.315
1768498703.97672,34.297
1768498704.0829,39.58
1768498704.1852016,40.195
1768498704.287412,35.856
1768498704.389658,53.611
1768498704.4920444,39.11
1768498704.594427,37.828
1768498704.6967237,47.774
1768498704.7991045,33.606
1768498704.9015198,42.807
1768498705.0077457,41.822
1768498705.110109,34.495
1768498705.212321,50.437
1768498705.3145509,38.496
1768498705.418252,35.165
1768498705.5204804,49.613
1768498705.6227329,40.444
1768498705.7249796,34.692
1768498705.827174,51.253
1768498705.9331856,36.666
1768498706.0356517,38.2
1768498706.137899,42.585
1768498706.240223,35.185
1768498706.3425362,48.138
1768498706.4448535,38.124
1768498706.547222,36.349
1768498706.6494374,51.745
1768498706.752011,34.692
1768498706.857477,39.876
1768498706.9597585,36.94
1768498707.0622175,48.404
1768498707.1645434,34.001
1768498707.2667859,42.413
1768498707.3691032,39.36
1768498707.4714386,36.447
1768498707.5738196,50.203
1768498707.676042,33.804
1768498707.779197,37.85
1768498707.8828123,39.876
1768498707.985065,46.79
1768498708.0872269,34.396
1768498708.1894228,44.777
1768498708.2920203,39.065
1768498708.3942175,35.679
1768498708.496487,45.341
1768498708.5987494,32.737
1768498708.700925,39.777
1768498708.8059483,39.58
1768498708.9082808,35.383
1768498709.0106564,49.771
1768498709.112935,33.686
1768498709.215224,40.763
1768498709.3174403,43.274
1768498709.4198058,34.889
1768498709.5221653,50.762
1768498709.6250556,37.532
1768498709.7315214,37.927
1768498709.8339756,39.777
1768498709.936268,35.778
1768498710.0398316,50.86
1768498710.142121,35.087
1768498710.2444835,38.989
1768498710.3468297,47.704
1768498710.4491756,35.679
1768498710.555123,40.566
1768498710.6574683,40.467
1768498710.759843,34.199
1768498710.8622923,44.849
1768498710.9648023,39.186
1768498711.0670662,35.481
1768498711.169328,47.675
1768498711.2717376,36.743
1768498711.37412,36.447
1768498711.4791858,50.793
1768498711.581664,40.739
1768498711.684058,35.284
1768498711.7864485,44.849
1768498711.8888354,46.2
1768498711.991169,34.692
1768498712.093398,42.143
1768498712.195713,43.989
1768498712.2979925,50.301
1768498712.4050083,40.073
1768498712.507272,35.58
1768498712.6093779,47.704
1768498712.7116294,40.688
1768498712.8137991,35.778
1768498712.9159324,47.605
1768498713.0180898,39.777
1768498713.1202087,36.645
1768498713.22248,53.152
1768498713.327493,34.672
1768498713.4298565,38.716
1768498713.532101,48.561
1768498713.63447,38.102
1768498713.7368274,37.729
1768498713.8391879,48.659
1768498713.941539,36.172
1768498714.0444167,39.482
1768498714.1467748,44.357
1768498714.253299,35.58
1768498714.3557315,50.566
1768498714.458759,33.508
1768498714.5612416,44.16
1768498714.6638746,37.434
1768498714.7662823,39.284
1768498714.8687472,42.167
1768498714.9711018,35.383
1768498715.0772612,50.173
1768498715.179684,34.889
1768498715.282191,40.641
1768498715.384511,42.044
1768498715.4869645,34.297
1768498715.5893142,50.105
1768498715.6919093,34.199
1768498715.794228,37.532
1768498715.8966415,45.216
1768498716.001627,33.508
1768498716.1039245,42.044
1768498716.206367,38.845
1768498716.3088312,36.074
1768498716.4112625,46.621
1768498716.5136454,37.039
1768498716.6161118,39.853
1768498716.718812,37.434
1768498716.8212223,46.495
1768498716.928087,34.495
1768498717.030524,48.266
1768498717.132835,34.08
1768498717.2353957,42.61
1768498717.3379045,37.927
1768498717.440179,35.658
1768498717.5426764,47.24
1768498717.6498039,32.144
1768498717.7522378,38.989
1768498717.8545954,41.798
1768498717.9571097,34.1
1768498718.059474,46.129
1768498718.1617346,37.927
1768498718.264667,36.842
1768498718.3672326,45.806
1768498718.4743695,33.212
1768498718.57704,45.243
1768498718.679589,36.94
1768498718.7819562,38.321
1768498718.8856893,39.876
1768498718.9880514,36.053
1768498719.0908713,45.637
1768498719.197758,33.409
1768498719.300272,49.682
1768498719.402769,34.869
1768498719.505127,38.321
1768498719.6075184,43.3
1768498719.7099504,33.804
1768498719.8123071,49.053
1768498719.914672,37.116
1768498720.0221674,36.743
1768498720.1246326,43.004
1768498720.2270777,34.199
1768498720.3294423,49.839
1768498720.4317763,38.124
1768498720.5342295,36.645
1768498720.6366577,45.118
1768498720.7397215,44.652
1768498720.8469443,35.284
1768498720.9495473,48.954
1768498721.052003,33.409
1768498721.1543956,47.605
1768498721.2570271,33.014
1768498721.3594468,41.65
1768498721.4618652,39.087
1768498721.5642288,35.778
1768498721.6688776,46.397
1768498721.7714398,33.606
1768498721.8738825,43.398
1768498721.976321,39.482
1768498722.0788805,34.199
1768498722.181343,47.704
1768498722.2836947,33.132
1768498722.3859892,41.724
1768498722.4886186,41.527
1768498722.59116,34.297
1768498722.703714,48.728
1768498722.806082,37.927
1768498722.9085104,37.927
1768498723.010908,44.777
1768498723.1134415,33.902
1768498723.2185426,48.757
1768498723.3208425,37.729
1768498723.423105,38.124
1768498723.5256903,42.807
1768498723.6282403,34.791
1768498723.7306297,50.468
1768498723.8330789,33.329
1768498723.9354172,42.61
1768498724.0379,37.85
1768498724.1432502,38.989
1768498724.245673,40.59
1768498724.3482075,35.679
1768498724.4512131,46.987
1768498724.5536911,32.342
1768498724.6560583,41.724
1768498724.7583447,34.889
1768498724.861206,43.963
1768498724.967829,34.1
1768498725.0705876,45.44
1768498725.1731362,34.1
1768498725.2755032,48.433
1768498725.377832,33.033
1768498725.4805586,42.019
1768498725.583008,38.299
1768498725.6854692,38.124
1768498725.7903943,38.693
1768498725.893045,37.236
1768498725.9953861,46.003
1768498726.0977209,33.705
1768498726.2001398,49.416
1768498726.3023832,33.033
1768498726.4046872,46.424
1768498726.5078006,33.113
1768498726.6138883,49.839
1768498726.7195015,32.934
1768498726.8220136,32.243
1768498726.9244716,47.479
1768498727.026762,34.988
1768498727.1292892,39.284
1768498727.2314878,37.434
1768498727.3378963,39.777
1768498727.440527,37.335
1768498727.5430603,35.087
1768498727.6455176,41.921
1768498727.7479093,33.31
1768498727.8503582,44.652
1768498727.9528062,37.159
1768498728.0552304,36.349
1768498728.1576223,41.256
1768498728.262512,34.396
1768498728.3649027,44.921
1768498728.4672687,37.532
1768498728.5695517,36.546
1768498728.6721284,45.538
1768498728.7746856,33.113
1768498728.8770363,43.471
1768498728.9800024,34.199
1768498729.0822194,45.932
1768498729.187235,38.375
1768498729.2900298,38.397
1768498729.3924289,42.019
1768498729.4948533,34.889
1768498729.597218,49.946
1768498729.6996114,33.329
1768498729.802022,43.891
1768498729.9043295,38.814
1768498730.0109298,35.876
1768498730.1133397,49.485
1768498730.2156842,38.595
1768498730.3185353,37.828
1768498730.420882,46.861
1768498730.5231888,33.606
1768498730.6255152,44.259
1768498730.7276976,33.113
1768498730.8299952,50.301
1768498730.9388542,34.199
1768498731.0411246,47.605
1768498731.1434433,39.14
1768498731.245793,36.645
1768498731.3479657,47.282
1768498731.4501717,34.396
1768498731.5523732,44.259
1768498731.6546452,38.966
1768498731.7569454,36.349
1768498731.8624167,47.015
1768498731.9648664,33.804
1768498732.0673277,46.298
1768498732.169673,34.1
1768498732.2720928,45.315
1768498732.3743873,33.113
1768498732.4766564,43.497
1768498732.5788696,39.11
1768498732.6813486,35.778
1768498732.7869477,44.456
1768498732.8893518,34.791
1768498732.991829,45.44
1768498733.0944343,38.102
1768498733.1971786,37.335
1768498733.299745,34.001
1768498733.4033618,45.118
1768498733.5056682,37.927
1768498733.61168,37.927
1768498733.7141511,41.059
1768498733.8165724,36.151
1768498733.9191751,47.872
1768498734.0215476,33.804
1768498734.123871,45.637
1768498734.2262099,34.179
1768498734.3288832,40.073
1768498734.4312966,39.406
1768498734.537556,36.743
1768498734.6398544,43.373
1768498734.7428944,33.804
1768498734.8453753,44.751
1768498734.9478664,32.836
1768498735.050387,43.176
1768498735.152611,37.631
1768498735.2554374,35.778
1768498735.357915,43.668
1768498735.462723,33.804
1768498735.5651693,49.19
1768498735.6675262,34.573
1768498735.7699213,39.284
1768498735.87232,38.792
1768498735.9747777,37.335
1768498736.0771224,38.792
1768498736.179553,35.383
1768498736.2858446,47.113
1768498736.3881948,32.817
1768498736.4905808,46.003
1768498736.592914,37.806
1768498736.6952233,37.236
1768498736.7977152,33.606
1768498736.9001343,43.398
1768498737.0026858,34.495
1768498737.1049564,51.02
1768498737.2107656,33.804
1768498737.3132691,39.383
1768498737.415604,39.284
1768498737.5181146,35.679
1768498737.6206121,33.033
1768498737.7235513,45.171
1768498737.8258016,33.212
1768498737.9280133,46.227
1768498738.0341325,33.033
1768498738.1364453,42.61
1768498738.2387471,38.42
1768498738.3410747,36.25
1768498738.4435408,45.145
1768498738.5458877,33.508
1768498738.648331,48.856
1768498738.7505755,36.94
1768498738.8577023,37.828
1768498738.9601028,39.777
1768498739.062465,34.593
1768498739.16476,44.456
1768498739.2672074,32.934
1768498739.3695755,43.595
1768498739.4722126,37.729
1768498739.5744998,36.172
1768498739.681842,44.088
1768498739.7841346,33.527
1768498739.8865607,47.507
1768498739.9889102,36.82
1768498740.0912256,35.481
1768498740.1936157,43.891
1768498740.296007,33.31
1768498740.3984387,45.932
1768498740.5007892,38.124
1768498740.6052413,36.743
1768498740.7075977,41.503
1768498740.809878,34.396
1768498740.9121468,47.015
1768498741.014575,37.236
1768498741.1171606,37.335
1768498741.2196224,38.496
1768498741.3219662,36.271
1768498741.424311,40.444
1768498741.5298312,35.185
1768498741.6321292,49.053
1768498741.73453,32.836
1768498741.8368397,40.467
1768498741.9395308,33.527
1768498742.0417204,45.538
1768498742.1438792,38.693
1768498742.2460501,35.679
1768498742.3483171,45.44
1768498742.4545343,32.934
1768498742.556978,42.315
1768498742.659293,38.792
1768498742.7616758,35.383
1768498742.8641846,47.704
1768498742.9664943,32.934
1768498743.0687969,39.58
1768498743.1712573,39.557
1768498743.2780104,34.791
1768498743.3803473,44.724
1768498743.4828815,34.495
1768498743.5855896,38.89
1768498743.6879537,39.505
1768498743.7908332,35.383
1768498743.8931932,44.233
1768498743.9955614,33.902
1768498744.102428,50.657
1768498744.2047503,32.046
1768498744.307118,40.96
1768498744.409527,37.532
1768498744.5119178,35.954
1768498744.6142573,45.932
1768498744.7167196,32.836
1768498744.8191803,39.679
1768498744.9259443,39.459
1768498745.0285664,35.481
1768498745.1310284,46.298
1768498745.2333932,32.934
1768498745.3362002,40.369
1768498745.438723,37.215
1768498745.5410957,36.842
1768498745.6435497,42.807
1768498745.749032,34.001
1768498745.8519084,45.118
1768498745.9545083,34.593
1768498746.0569568,35.383
1768498746.159401,46.495
1768498746.2617226,32.836
1768498746.3640392,41.059
1768498746.4663198,38.223
1768498746.5724928,36.743
1768498746.6749887,32.404
1768498746.777504,46.495
1768498746.8798614,32.243
1768498746.982345,39.876
1768498747.0848236,39.186
1768498747.1872385,34.199
1768498747.2896287,44.456
1768498747.3922424,32.539
1768498747.4977272,45.735
1768498747.6001513,33.014
1768498747.7027059,41.157
1768498747.8050032,36.722
1768498747.9080656,36.151
1768498748.010418,40.073
1768498748.1128266,34.1
1768498748.2153053,42.906
1768498748.3208816,33.705
1768498748.4232318,44.383
1768498748.525584,32.836
1768498748.627982,46.424
1768498748.7305577,31.947
1768498748.832937,46.621
1768498748.935397,31.947
1768498749.0378923,45.861
1768498749.1402838,36.271
1768498749.2453249,38.42
1768498749.3478436,36.962
1768498749.4502504,35.362
1768498749.552757,38.518
1768498749.6553445,34.199
1768498749.7578986,42.61
1768498749.8603714,32.934
1768498749.9629953,41.921
1768498750.06932,34.297
1768498750.1715758,41.921
1768498750.2741394,42.192
1768498750.3780277,32.342
1768498750.4803593,43.595
1768498750.5828137,37.313
1768498750.684949,36.94
1768498750.7873597,38.102
1768498750.8939717,35.284
1768498750.9965425,41.822
1768498751.099223,33.231
1768498751.2014837,47.774
1768498751.3041942,35.067
1768498751.4066536,40.936
1768498751.5090988,38.518
1768498751.611809,34.791
1768498751.718637,43.668
1768498751.8209682,32.342
1768498751.9232647,40.96
1768498752.0268395,37.532
1768498752.1292748,35.185
1768498752.2315931,44.186
1768498752.333933,33.033
1768498752.436494,48.63
1768498752.541396,32.342
1768498752.6437669,39.679
1768498752.7461681,41.33
1768498752.8484244,33.705
1768498752.9510581,50.793
1768498753.0537045,36.94
1768498753.1560724,38.496
1768498753.2584217,42.709
1768498753.3608887,33.508
1768498753.4652703,34.889
1768498753.5676427,37.927
1768498753.6701694,35.481
1768498753.7726378,43.227
1768498753.8753102,34.692
1768498753.97773,43.398
1768498754.0802798,33.033
1768498754.1825411,46.495
1768498754.2850966,32.539
1768498754.3906388,47.015
1768498754.493229,40.664
1768498754.5972524,37.215
1768498754.6993825,35.481
1768498754.8017,44.849
1768498754.9040108,32.934
1768498755.0063438,43.3
1768498755.1087859,38.2
1768498755.2142181,36.271
1768498755.316719,44.062
1768498755.4194725,33.014
1768498755.5221894,43.201
1768498755.624608,37.116
1768498755.7270844,37.927
1768498755.8295405,36.567
1768498755.9320226,39.876
1768498756.0384176,39.998
1768498756.1411595,35.087
1768498756.2456481,46.621
1768498756.348119,33.132
1768498756.450514,45.538
1768498756.552832,37.039
1768498756.6550481,41.625
1768498756.7613146,34.199
1768498756.8638315,45.976
1768498756.9660985,33.508
1768498757.0683832,42.143
1768498757.1707728,38.913
1768498757.273054,36.349
1768498757.37538,42.216
1768498757.477879,35.284
1768498757.5841851,45.61
1768498757.686695,33.705
1768498757.7891178,51.579
1768498757.8915045,33.132
1768498757.9938881,43.471
1768498758.096387,36.94
1768498758.198787,36.546
1768498758.3010826,44.285
1768498758.4034948,33.033
1768498758.509321,47.577
1768498758.6117136,41.059
1768498758.7145712,37.905
1768498758.816756,36.151
1768498758.9190059,42.807
1768498759.0213363,34.396
1768498759.1238077,46.424
1768498759.2260273,32.934
1768498759.332112,46.692
1768498759.4345999,36.666
1768498759.537045,38.223
1768498759.6394005,43.668
1768498759.7419262,34.199
1768498759.8441777,48.561
1768498759.9466386,32.737
1768498760.04904,40.073
1768498760.151435,38.89
1768498760.262597,36.567
1768498760.3652425,41.822
1768498760.4675179,33.508
1768498760.5701876,47.97
1768498760.6725996,32.441
1768498760.7750802,40.861
1768498760.881809,39.459
1768498760.9844017,34.988
1768498761.0867872,44.626
1768498761.1892943,32.836
1768498761.2917655,40.838
1768498761.3942158,40.467
1768498761.4968562,34.692
1768498761.5992708,45.637
1768498761.7052984,32.836
1768498761.8078175,40.641
1768498761.9102354,39.383
1768498762.0127819,34.988
1768498762.1151185,46.747
1768498762.2176526,33.428
1768498762.320297,41.551
1768498762.422564,39.163
1768498762.5283234,35.383
1768498762.6306388,32.934
1768498762.7328224,42.438
1768498762.8349447,39.065
1768498762.937189,34.692
1768498763.039346,48.335
1768498763.141539,39.603
1768498763.2437115,35.778
1768498763.3457985,49.416
1768498763.448023,37.828
1768498763.5533395,38.025
1768498763.655661,45.878
1768498763.7580671,33.606
1768498763.8603542,39.679
1768498763.962618,41.625
1768498764.0651045,34.889
1768498764.167559,47.212
1768498764.2699728,33.705
1768498764.372379,48.659
1768498764.4779131,38.124
1768498764.5801408,36.546
1768498764.689073,50.535
1768498764.791279,33.31
1768498764.8936143,41.428
1768498764.995935,42.044
1768498765.1004946,34.889
1768498765.202897,47.015
1768498765.305167,41.157
1768498765.4075925,35.481
1768498765.5099437,53.022
1768498765.6121666,38.671
1768498765.714441,35.56
1768498765.8168204,49.485
1768498765.919067,33.409
1768498766.0246859,40.172
1768498766.1270916,41.059
1768498766.2293243,35.876
1768498766.3316286,49.387
1768498766.4338636,33.705
1768498766.536315,50.566
1768498766.638496,33.212
1768498766.741317,43.201
1768498766.8436534,36.842
1768498766.946003,43.103
1768498767.0514205,48.757
1768498767.1544917,37.116
1768498767.2567086,36.743
1768498767.3589609,43.274
1768498767.4612465,33.409
1768498767.5635185,49.908
1768498767.665853,37.138
1768498767.7680006,41.625
1768498767.8702538,34.771
1768498767.9728477,38.716
1768498768.0772035,38.146
1768498768.1795905,35.461
1768498768.281936,44.062
1768498768.384791,33.409
1768498768.4874454,47.38
1768498768.5900192,32.737
1768498768.6923976,44.357
1768498768.7947664,32.243
1768498768.8974924,44.849
1768498769.0027008,36.25
1768498769.110809,39.406
1768498769.2131872,41.354
1768498769.3155327,33.409
1768498769.4178164,48.167
1768498769.5202389,34.869
1768498769.626054,39.974
1768498769.7284222,38.617
1768498769.8308222,36.25
1768498769.933271,39.974
1768498770.0357385,33.705
1768498770.1383038,45.538
1768498770.2409518,32.737
1768498770.343305,42.118
1768498770.445631,38.223
1768498770.5514786,35.481
1768498770.6539738,45.118
1768498770.7563186,32.836
1768498770.8587847,45.145
1768498770.9613428,36.94
1768498771.0637133,37.434
1768498771.1661756,39.876
1768498771.2685668,34.199
1768498771.3749282,33.804
1768498771.4773242,47.802
1768498771.5797248,34.495
1768498771.682013,39.087
1768498771.7845547,40.936
1768498771.8868449,33.31
1768498771.9891307,47.015
1768498772.0913434,36.37
1768498772.193918,35.876
1768498772.2989938,43.767
1768498772.4017153,33.508
1768498772.504134,48.306
1768498772.6069016,33.231
1768498772.7099802,46.003
1768498772.8123531,37.532
1768498772.914739,38.2
1768498773.0170999,45.44
1768498773.119487,33.409
1768498773.2263558,44.876
1768498773.328569,38.321
1768498773.43099,37.039
1768498773.5333939,43.57
1768498773.6358793,33.606
1768498773.7383547,43.767
1768498773.8407483,39.482
1768498773.9431388,36.25
1768498774.0489635,47.015
1768498774.151613,33.705
1768498774.2540426,43.201
1768498774.3568234,40.936
1768498774.459408,35.383
1768498774.5618777,46.397
1768498774.664205,33.508
1768498774.766481,41.33
1768498774.8724456,38.617
1768498774.9750066,36.743
1768498775.0773745,46.916
1768498775.1797514,33.606
1768498775.2821422,44.58
1768498775.3845396,37.335
1768498775.4869373,39.186
1768498775.589428,39.777
1768498775.6961064,46.03
1768498775.798613,32.737
1768498775.9008496,39.679
1768498776.0031433,42.118
1768498776.1054897,35.087
1768498776.2078543,44.626
1768498776.3101745,33.31
1768498776.412417,40.96
1768498776.5147154,34.495
1768498776.6169803,46.495
1768498776.7225013,35.679
1768498776.8248618,37.532
1768498776.9275568,39.186
1768498777.0300632,32.638
1768498777.132675,47.184
1768498777.2352078,37.116
1768498777.3380246,37.138
1768498777.4403152,43.078
1768498777.5435653,34.001
1768498777.6509104,49.81
1768498777.7533157,32.342
1768498777.8557181,44.062
1768498777.9581182,33.132
1768498778.0604227,43.767
1768498778.1628811,36.37
1768498778.2653515,38.321
1768498778.3678107,41.157
1768498778.4741137,32.046
1768498778.5764813,43.201
1768498778.6788983,38.025
1768498778.781163,34.988
1768498778.8838177,44.554
1768498778.9863389,34.396
1768498779.0887816,48.925
1768498779.1912026,35.954
1768498779.293559,37.434
1768498779.3992033,43.103
1768498779.5016208,34.396
1768498779.6039188,50.135
1768498779.7063453,32.737
1768498779.8091793,41.33
1768498779.911556,37.806
1768498780.014109,38.716
1768498780.1166024,37.138
1768498780.2191713,38.321
1768498780.3252022,34.001
1768498780.4281154,44.554
1768498780.5304272,32.539
1768498780.6329892,42.512
1768498780.7354293,38.321
1768498780.8379498,35.778
1768498780.9404302,43.668
1768498781.0428214,33.033
1768498781.1449697,42.019
1768498781.2504106,39.951
1768498781.353346,36.074
1768498781.4557457,45.806
1768498781.5581293,34.495
1768498781.6604977,52.825
1768498781.7629054,33.409
1768498781.8655355,42.315
1768498781.9693072,38.792
1768498782.074839,36.842
1768498782.177299,47.113
1768498782.2797005,33.705
1768498782.3820295,41.256
1768498782.4845896,41.256
1768498782.587047,35.658
1768498782.6896577,52.759
1768498782.7922187,33.508
1768498782.897833,41.133
1768498783.0002713,43.694
1768498783.1029272,34.889
1768498783.2054775,51.941
1768498783.3078318,38.496
1768498783.4101326,37.927
1768498783.5125105,45.905
1768498783.614896,34.396
1768498783.717504,51.579
1768498783.822442,33.606
1768498783.925066,40.073
1768498784.0275466,39.482
1768498784.1300118,37.138
1768498784.2323534,43.57
1768498784.33479,33.705
1768498784.4370484,46.326
1768498784.539462,38.518
1768498784.6430287,46.692
1768498784.7478461,33.409
1768498784.8500893,40.467
1768498784.95252,41.995
1768498785.0549695,34.199
1768498785.1572857,50.922
1768498785.2596152,38.837
1768498785.3621182,36.94
1768498785.4644186,46.916
1768498785.5707743,33.329
1768498785.6731043,39.679
1768498785.775303,41.822
1768498785.877748,34.889
1768498785.9800527,47.549
1768498786.0824301,37.905
1768498786.1856873,36.271
1768498786.2881243,46.593
1768498786.3939414,33.033
1768498786.4962413,46.495
1768498786.5985427,36.645
1768498786.7008932,45.243
1768498786.8033526,39.11
1768498786.9060166,32.539
1768498787.0083485,42.61
1768498787.110807,36.447
1768498787.2133346,40.467
1768498787.318314,37.828
1768498787.4207187,37.631
1768498787.5234463,39.307
1768498787.6259553,35.58
1768498787.7283957,45.735
1768498787.830661,32.638
1768498787.9330378,42.906
1768498788.0353346,39.702
1768498788.1377237,34.297
1768498788.2425582,45.834
1768498788.3448353,33.409
1768498788.447113,42.118
1768498788.5494695,37.806
1768498788.6518533,36.546
1768498788.754155,49.476
1768498788.856674,33.033
1768498788.9590223,41.256
1768498789.0623913,35.185
1768498789.1670806,48.364
1768498789.2693925,33.033
1768498789.3717222,46.129
1768498789.4739728,36.074
1768498789.57631,39.383
1768498789.6787176,37.532
1768498789.7812731,37.335
1768498789.8836129,46.424
1768498789.9861174,33.033
1768498790.0917368,44.16
1768498790.1940274,40.467
1768498790.296471,34.495
1768498790.4038193,44.16
1768498790.5061467,39.534
1768498790.6100585,35.481
1768498790.7143664,47.184
1768498790.81723,39.163
1768498790.9196022,36.94
1768498791.0220182,52.892
1768498791.1242728,38.375
1768498791.226603,37.335
1768498791.3288376,50.468
1768498791.431367,37.85
1768498791.5337973,37.905
1768498791.639338,46.888
1768498791.7418246,34.199
1768498791.8440957,42.979
1768498791.9464774,40.345
1768498792.048927,35.975
1768498792.15134,49.249
1768498792.2537606,33.212
1768498792.3561752,43.792
1768498792.462013,39.209
1768498792.5643537,35.658
1768498792.6666632,45.315
1768498792.7690578,33.606
1768498792.8716373,45.511
1768498792.9740775,33.033
1768498793.0765946,47.577
1768498793.1791782,39.754
1768498793.281369,43.57
1768498793.3874838,34.199
1768498793.4898582,49.19
1768498793.5921705,34.692
1768498793.6946654,38.913
1768498793.7970479,41.133
1768498793.8994384,34.199
1768498794.0018752,44.429
1768498794.1042187,39.58
1768498794.2065995,36.645
1768498794.3118758,44.705
1768498794.4146302,35.58
1768498794.5168796,46.03
1768498794.619308,35.185
1768498794.7230694,47.38
1768498794.8253863,37.51
1768498794.9280934,42.019
1768498795.030422,42.709
1768498795.1359072,35.087
1768498795.2383525,45.44
1768498795.3406994,38.989
1768498795.4430754,36.151
1768498795.5454693,47.97
1768498795.6477559,33.606
1768498795.7502043,40.172
1768498795.8526032,39.36
1768498795.95507,34.988
1768498796.0596557,50.006
1768498796.1620357,37.905
1768498796.2645783,36.349
1768498796.3668437,48.503
1768498796.469351,32.638
1768498796.5719373,39.777
1768498796.6741135,45.708
1768498796.776598,37.434
1768498796.878972,38.792
1768498796.9843228,35.856
1768498797.0866113,47.675
1768498797.1888626,37.215
1768498797.2912066,36.25
1768498797.3934672,48.827
1768498797.4958885,37.236
1768498797.5983975,46.102
1768498797.7008526,33.508
1768498797.8032494,51.186
1768498797.9086082,33.626
1768498798.011044,43.839
1768498798.1134222,38.518
1768498798.2159207,40.566
1768498798.3182597,36.271
1768498798.4207125,40.936
1768498798.523199,39.383
1768498798.6256573,36.842
1768498798.7320113,46.495
1768498798.834851,34.001
1768498798.9372928,45.341
1768498799.04119,36.722
1768498799.1435227,36.842
1768498799.2461047,45.019
1768498799.3486419,32.934
1768498799.4508526,43.201
1768498799.5562217,38.124
1768498799.658631,37.905
1768498799.7611742,44.482
1768498799.8634827,34.593
1768498799.965848,51.646
1768498800.068254,33.212
1768498800.1707125,43.201
1768498800.273149,40.345
1768498800.3753822,35.284
1768498800.4806952,47.774
1768498800.5831845,33.705
1768498800.685478,42.413
1768498800.7880223,39.262
1768498800.8903844,36.172
1768498800.9929297,48.728
1768498801.095269,33.705
1768498801.1978533,41.231
1768498801.3040507,38.496
1768498801.4064236,35.679
1768498801.5087895,45.708
1768498801.6114383,33.212
1768498801.7137017,40.566
1768498801.81599,36.172
1768498801.9191985,47.479
1768498802.0213237,33.606
1768498802.1235673,41.109
1768498802.2288325,42.216
1768498802.331267,34.199
1768498802.433555,47.38
1768498802.5358837,39.754
1768498802.6381786,36.962
1768498802.7405407,47.015
1768498802.8427942,35.461
1768498802.9453166,42.487
1768498803.047901,46.003
1768498803.1540418,34.001
1768498803.2564464,44.751
1768498803.3605778,40.172
1768498803.4629188,36.645
1768498803.5652275,45.583
1768498803.6676226,34.199
1768498803.769887,44.849
1768498803.8723364,37.927
1768498803.9769862,37.236
1768498804.0794094,46.2
1768498804.1818962,34.297
1768498804.2842884,46.003
1768498804.3866975,38.025
1768498804.4890292,38.496
1768498804.5912948,40.838
1768498804.6937184,34.199
1768498804.7961228,51.284
1768498804.902074,36.546
1768498805.004473,37.434
1768498805.1069148,44.554
1768498805.2092142,33.409
1768498805.3116355,43.3
1768498805.413937,39.284
1768498805.5163512,36.349
1768498805.6187131,46.79
1768498805.7211294,33.409
1768498805.8270645,38.321
1768498805.9294007,46.621
1768498806.0321362,33.804
1768498806.134466,46.495
1768498806.2368689,47.647
1768498806.3394225,33.231
1768498806.4416869,45.834
1768498806.543927,33.428
1768498806.6500103,43.694
1768498806.7524066,35.658
1768498806.854735,46.888
1768498806.957097,33.409
1768498807.0593863,45.538
1768498807.161992,34.001
1768498807.2649734,40.96
1768498807.3675206,40.096
1768498807.4700267,34.988
1768498807.5759792,48.294
1768498807.6863196,32.836
1768498807.7886622,44.357
1768498807.8908634,37.236
1768498807.9932175,36.645
1768498808.099486,43.891
1768498808.2018027,33.606
1768498808.304335,45.368
1768498808.4067817,38.003
1768498808.509259,37.236
1768498808.6117523,38.2
1768498808.7140477,36.25
1768498808.8163977,37.708
1768498808.922656,38.693
1768498809.0250418,39.186
1768498809.127569,35.284
1768498809.2301257,44.849
1768498809.3325002,33.428
1768498809.4350688,42.709
1768498809.5374365,38.299
1768498809.6399353,36.349
1768498809.7455957,44.528
1768498809.8479319,33.804
1768498809.9504776,49.78
1768498810.0530274,33.033
1768498810.155649,34.593
1768498810.2583375,36.271
1768498810.36067,42.019
1768498810.4629266,35.165
1768498810.5651817,40.96
1768498810.6722898,37.039
1768498810.7749522,38.124
1768498810.8775668,39.656
1768498810.979942,35.087
1768498811.0826726,42.019
1768498811.1849713,32.934
1768498811.2875288,43.963
1768498811.38986,37.729
1768498811.4967897,37.236
1768498811.5995939,43.963
1768498811.7020419,33.033
1768498811.805612,41.625
1768498811.9081075,40.467
1768498812.0105312,34.495
1768498812.1128023,47.479
1768498812.2150748,36.94
1768498812.3204072,36.151
1768498812.4228127,48.462
1768498812.5252693,37.434
1768498812.6277304,38.42
1768498812.7303565,46.916
1768498812.8327749,33.132
1768498812.9353487,40.664
1768498813.0377407,45.118
1768498813.14022,34.889
1768498813.2451024,51.579
1768498813.347428,38.124
1768498813.4499264,37.927
1768498813.5522718,46.818
1768498813.6548057,34.396
1768498813.7570894,45.538
1768498813.8595653,39.777
1768498813.962045,36.94
1768498814.0682468,48.167
1768498814.1704834,34.396
1768498814.2727947,42.413
1768498814.3751721,35.185
1768498814.4784315,49.151
1768498814.5807076,40.641
1768498814.6829553,34.791
1768498814.7851002,49.22
1768498814.8872707,39.36
1768498814.9930232,34.593
1768498815.0953248,44.285
1768498815.1977258,41.748
1768498815.3000917,35.461
1768498815.4024222,51.512
1768498815.504932,37.51
1768498815.6072536,37.905
1768498815.7100232,47.802
1768498815.8123717,34.495
1768498815.9176922,46.074
1768498816.0200539,38.693
1768498816.124007,37.236
1768498816.2262356,49.053
1768498816.3285189,33.508
1768498816.4308972,40.566
1768498816.533272,39.406
1768498816.6355157,37.335
1768498816.740874,32.539
1768498816.843548,47.774
1768498816.9461381,35.284
1768498817.0484414,38.42
1768498817.1509123,42.29
1768498817.2535024,34.001
1768498817.3559356,48.856
1768498817.4583206,32.539
1768498817.5607903,45.171
1768498817.666411,36.447
1768498817.768963,37.532
1768498817.8713758,37.609
1768498817.9737923,35.185
1768498818.076107,44.16
1768498818.1784897,32.441
1768498818.2812157,47.015
1768498818.3836987,33.587
1768498818.4903493,39.482
1768498818.5928102,35.856
1768498818.6952312,39.186
1768498818.7974226,33.804
1768498818.899937,43.57
1768498819.0022244,32.342
1768498819.104591,45.145
1768498819.2069438,36.328
1768498819.3130925,41.748
1768498819.4158106,37.631
1768498819.5183017,38.299
1768498819.6209188,38.397
1768498819.7231495,36.743
1768498819.8256998,37.708
1768498819.9285269,36.567
1768498820.030879,44.357
1768498820.1392288,33.902
1768498820.241583,44.849
1768498820.343984,33.31
1768498820.446221,45.118
1768498820.5486753,32.737
1768498820.651016,42.61
1768498820.7533886,38.124
1768498820.8556933,35.679
1768498820.960971,43.176
1768498821.063523,32.243
1768498821.1658971,40.369
1768498821.2681696,43.3
1768498821.3705666,34.001
1768498821.472847,42.019
1768498821.5751956,40.444
1768498821.677675,35.778
1768498821.7801282,50.233
1768498821.8861582,33.329
1768498821.9885905,42.487
1768498822.0910137,40.912
1768498822.193412,35.087
1768498822.2958522,50.989
1768498822.3982375,38.003
1768498822.5006468,39.11
1768498822.6030583,38.792
1768498822.7053976,37.729
1768498822.811287,42.61
1768498822.9137,34.692
1768498823.0160317,36.863
1768498823.1190822,37.729
1768498823.2213933,44.921
1768498823.3235624,33.212
1768498823.4257429,42.684
1768498823.527994,38.913
1768498823.6302426,35.679
1768498823.7325537,49.092
1768498823.8374913,32.737
1768498823.9400015,40.566
1768498824.0425107,43.497
1768498824.1450164,33.804
1768498824.247471,45.171
1768498824.3503468,39.853
1768498824.452664,34.692
1768498824.555141,49.122
1768498824.6575155,36.349
1768498824.7620335,39.284
1768498824.864327,42.881
1768498824.966569,33.705
1768498825.068828,46.621
1768498825.1713028,37.039
1768498825.2736967,38.025
1768498825.376121,38.913
1768498825.4784913,35.856
1768498825.5807698,45.171
1768498825.6860483,32.539
1768498825.788325,38.716
1768498825.8905418,41.306
1768498825.99296,34.396
1768498826.0953252,49.348
1768498826.197643,37.631
1768498826.300061,36.94
1768498826.4024909,45.019
1768498826.5048592,34.495
1768498826.6105843,43.963
1768498826.713297,36.151
1768498826.8158212,33.902
1768498826.9181643,46.523
1768498827.0205724,34.889
1768498827.1229727,39.777
1768498827.2252038,44.626
1768498827.3275483,33.31
1768498827.4298122,38.102
1768498827.532841,47.184
1768498827.6350913,34.1
1768498827.7373717,43.694
1768498827.8400288,34.1
1768498827.9422987,43.471
1768498828.0447714,39.603
1768498828.1471763,36.546
1768498828.2495918,51.02
1768498828.351756,34.001
1768498828.4538682,42.881
1768498828.5591145,39.777
1768498828.6615014,36.447
1768498828.7638292,53.513
1768498828.8662384,34.001
1768498828.969359,41.921
1768498829.0719347,42.585
1768498829.175477,35.778
1768498829.2779307,50.535
1768498829.3828256,37.532
1768498829.4850442,38.2
1768498829.5871916,45.243
1768498829.6895716,34.001
1768498829.7918687,45.905
1768498829.8942945,36.842
1768498829.9965172,37.532
1768498830.0988638,45.905
1768498830.2012177,32.934
1768498830.3058326,38.496
1768498830.4081914,44.849
1768498830.5105503,33.527
1768498830.6129081,45.932
1768498830.715127,41.256
1768498830.8174288,34.988
1768498830.9197955,50.694
1768498831.0222085,32.934
1768498831.1245723,40.763
1768498831.226899,39.11
1768498831.3323207,35.58
1768498831.4347699,45.708
1768498831.5369747,33.606
1768498831.6393585,40.05
1768498831.7417452,46.719
1768498831.8441682,33.508
1768498831.9465532,42.019
1768498832.048986,38.595
1768498832.155896,46.762
1768498832.25865,38.792
1768498832.3608212,34.988
1768498832.463176,51.088
1768498832.5655017,39.087
1768498832.6676712,35.679
1768498832.7698479,48.925
1768498832.8720963,38.716
1768498832.9744792,37.039
1768498833.0792625,47.409
1768498833.1816664,33.804
1768498833.2840536,43.57
1768498833.3868396,41.354
1768498833.489126,34.889
1768498833.5916855,48.11
1768498833.6945078,35.954
1768498833.797032,38.496
1768498833.9030697,43.792
1768498834.0054393,34.791
1768498834.1079996,49.643
1768498834.2104125,33.606
1768498834.3129902,40.838
1768498834.4155068,38.792
1768498834.5178852,36.94
1768498834.6204417,41.65
1768498834.7268357,34.692
1768498834.8292413,50.498
1768498834.9317884,32.638
1768498835.034343,44.482
1768498835.136849,36.666
1768498835.239152,38.124
1768498835.3417177,40.247
1768498835.444077,34.1
1768498835.5464003,48.167
1768498835.6520724,32.539
1768498835.7546186,40.763
1768498835.8571754,35.284
1768498835.9596298,42.118
1768498836.0620775,38.124
1768498836.1644459,36.37
1768498836.2668366,43.103
1768498836.36927,32.836
1768498836.476712,34.692
1768498836.578794,45.145
1768498836.68103,35.284
1768498836.783443,32.539
1768498836.8856575,41.453
1768498836.987783,37.039
1768498837.090009,42.413
1768498837.1922545,32.638
1768498837.2945154,45.735
1768498837.4008052,38.693
1768498837.5031128,35.58
1768498837.6053185,45.243
1768498837.7075884,33.033
1768498837.8101776,43.767
1768498837.912689,36.898
1768498838.0152678,35.975
1768498838.1174974,45.243
1768498838.2233932,33.409
1768498838.3257277,44.456
1768498838.428053,33.587
1768498838.530282,39.087
1768498838.6325815,38.595
1768498838.7349718,33.804
1768498838.837299,45.171
1768498838.939634,33.132
1768498839.041971,44.554
1768498839.1443892,36.962
1768498839.2492414,37.729
1768498839.351638,42.61
1768498839.4540343,33.823
1768498839.5564172,49.711
1768498839.658883,32.836
1768498839.761291,40.172
1768498839.8637164,41.625
1768498839.9660792,34.593
1768498840.068478,48.098
1768498840.173146,33.132
1768498840.2755287,42.512
1768498840.3778245,39.087
1768498840.4800725,34.593
1768498840.5823889,48.335
1768498840.6847131,33.033
1768498840.7870758,41.354
1768498840.8896277,38.496
1768498840.9920108,35.185
1768498841.0976894,34.593
1768498841.2001803,44.062
1768498841.302645,33.31
1768498841.405013,48.728
1768498841.5071495,32.342
1768498841.609411,42.34
1768498841.7119443,36.863
1768498841.8145003,38.518
1768498841.9169283,39.406
1768498842.0251265,34.988
1768498842.1275861,43.373
1768498842.2301214,33.527
1768498842.3324912,48.797
1768498842.4348423,35.757
1768498842.537293,40.763
1768498842.6397007,36.94
1768498842.7421317,37.335
1768498842.8484042,41.33
1768498842.9507813,33.132
1768498843.0532875,42.512
1768498843.1557555,36.349
1768498843.2580376,38.003
1768498843.3606088,40.664
1768498843.4630256,34.593
1768498843.565424,45.637
1768498843.667719,33.409
1768498843.7734115,50.725
1768498843.8757896,32.638
1768498843.9781945,41.428
1768498844.080535,40.763
1768498844.1828206,34.396
1768498844.2853656,47.282
1768498844.3876982,33.329
1768498844.4900825,43.398
1768498844.5968068,38.617
1768498844.6991544,34.692
1768498844.8014636,47.605
1768498844.903875,37.51
1768498845.0061145,36.151
1768498845.108443,45.511
1768498845.2107556,33.428
1768498845.3129687,41.231
1768498845.4153876,41.724
1768498845.521173,48.59
1768498845.623401,37.729
1768498845.7256944,37.434
1768498845.8279605,44.331
1768498845.9302704,33.902
1768498846.0325222,45.046
1768498846.13492,37.927
1768498846.237406,36.666
1768498846.3398662,48.856
1768498846.445938,34.791
1768498846.5483258,52.173
1768498846.6517088,33.606
1768498846.754119,40.542
1768498846.8563073,35.383
1768498846.9586494,47.507
1768498847.0608537,34.1
1768498847.1631844,46.664
1768498847.2688203,37.138
1768498847.3712175,39.876
1768498847.4734724,40.664
1768498847.5759,35.56
1768498847.678151,49.122
1768498847.780359,33.409
1768498847.882695,41.527
1768498847.9850342,41.724
1768498848.0874267,35.185
1768498848.1938255,47.085
1768498848.2960641,33.409
1768498848.3983617,43.792
1768498848.5006084,37.828
1768498848.602895,36.074
1768498848.7052023,46.397
1768498848.8075144,33.132
1768498848.9099505,39.557
1768498849.0122342,38.55
1768498849.1187935,37.039
1768498849.2211595,38.792
1768498849.3233767,35.087
1768498849.4257228,45.216
1768498849.5279288,33.508
1768498849.6303964,50.006
1768498849.732677,32.638
1768498849.83504,46.2
1768498849.9373207,33.113
1768498850.0436816,40.345
1768498850.1460361,35.185
1768498850.2482252,43.176
1768498850.35044,32.934
1768498850.4527032,43.078
1768498850.5549521,36.229
1768498850.657088,39.307
1768498850.7595713,39.974
1768498850.8620272,34.593
1768498850.9643571,47.507
1768498851.0811424,32.046
1768498851.1835694,41.428
1768498851.2859328,38.124
1768498851.3927314,35.087
1768498851.4952173,44.285
1768498851.5974755,32.144
1768498851.6999302,40.073
1768498851.8023672,38.496
1768498851.904599,35.58
1768498852.0069683,44.554
1768498852.1093378,33.626
1768498852.211839,45.735
1768498852.3168566,38.792
1768498852.4192626,36.546
1768498852.5217714,42.807
1768498852.6243262,31.947
1768498852.7268105,46.719
1768498852.8292034,34.001
1768498852.9315941,41.256
1768498853.033914,37.708
1768498853.1406755,35.679
1768498853.2431004,46.298
1768498853.3455005,33.033
1768498853.4478018,40.467
1768498853.550053,42.438
1768498853.6524167,33.212
1768498853.7546723,38.989
1768498853.8570127,33.113
1768498853.960503,43.201
1768498854.0649085,38.595
1768498854.1671846,37.631
1768498854.2695844,45.243
1768498854.3719795,33.606
1768498854.474207,42.61
1768498854.57649,39.209
1768498854.678772,35.185
1768498854.781046,52.267
1768498854.883998,32.737
1768498854.9894993,42.61
1768498855.0920146,38.003
1768498855.1943765,36.349
1768498855.2983172,47.704
1768498855.4004965,32.934
1768498855.5027394,40.27
1768498855.6050825,40.148
1768498855.7074661,34.692
1768498855.8109672,47.647
1768498855.91326,37.412
1768498856.0156827,37.335
1768498856.1179175,46.916
1768498856.2201443,34.001
1768498856.3223495,47.745
1768498856.424737,33.132
1768498856.527214,44.233
1768498856.6293585,37.434
1768498856.7317894,48.797
1768498856.8368826,36.151
1768498856.9393911,46.79
1768498857.0416574,33.508
1768498857.1441972,41.625
1768498857.2465324,43.595
1768498857.3487508,33.606
1768498857.451046,42.881
1768498857.5535214,40.936
1768498857.6560352,34.1
1768498857.761358,47.479
1768498857.8636022,37.631
1768498857.9659133,40.172
1768498858.0683553,39.262
1768498858.1706636,34.791
1768498858.2729359,50.399
1768498858.3752575,37.949
1768498858.4776096,42.906
1768498858.5810406,33.902
1768498858.6859214,40.566
1768498858.7883043,42.881
1768498858.8907173,34.297
1768498858.9930992,48.659
1768498859.0955694,39.307
1768498859.1978827,35.856
1768498859.3002222,51.481
1768498859.402476,38.989
1768498859.5088034,35.778
1768498859.6111045,47.717
1768498859.71348,38.716
1768498859.8170414,39.186
1768498859.9192567,39.232
1768498860.0216439,36.743
1768498860.123889,50.143
1768498860.2261488,39.012
1768498860.3283184,38.003
1768498860.4307067,48.404
1768498860.5354958,34.199
1768498860.637825,41.724
1768498860.7401495,43.937
1768498860.8425505,34.791
1768498860.944852,43.373
1768498861.0470705,41.083
1768498861.1492958,36.151
1768498861.2517078,53.316
1768498861.3541005,37.828
1768498861.458984,36.546
1768498861.5613697,47.745
1768498861.6637108,38.223
1768498861.7660973,35.954
1768498861.8684478,52.267
1768498861.9707127,38.42
1768498862.072954,38.299
1768498862.1753774,47.577
1768498862.2776387,34.297
1768498862.3849266,39.58
1768498862.487121,48.138
1768498862.589497,34.001
1768498862.6917214,39.284
1768498862.7939374,47.282
1768498862.8962736,34.396
1768498862.9985096,39.702
1768498863.1008377,38.223
1768498863.203078,46.593
1768498863.3086815,34.692
1768498863.411093,45.44
1768498863.5138156,38.223
1768498863.6162877,39.284
1768498863.7186508,41.601
1768498863.821052,34.593
1768498863.923955,49.485
1768498864.02623,38.397
1768498864.1345227,36.94
1768498864.2367978,47.774
1768498864.3390589,33.902
1768498864.4413924,41.33
1768498864.5437553,46.692
1768498864.6460536,33.902
1768498864.7482736,42.979
1768498864.8506148,46.326
1768498864.9560387,34.692
1768498865.0583525,42.807
1768498865.1607664,43.963
1768498865.2630196,34.495
1768498865.3654134,42.906
1768498865.4678378,46.102
1768498865.5702822,34.1
1768498865.6728213,40.664
1768498865.779535,47.085
1768498865.8819304,34.1
1768498865.9843318,39.974
1768498866.086627,44.626
1768498866.188893,34.791
1768498866.291216,45.341
1768498866.393489,40.96
1768498866.4958549,36.645
1768498866.5980937,48.561
1768498866.7044733,32.836
1768498866.8069432,42.782
1768498866.909301,34.1
1768498867.011627,44.062
1768498867.1139016,39.012
1768498867.2162328,35.481
1768498867.3184395,39.284
1768498867.4213586,36.349
1768498867.5235357,50.173
1768498867.6256993,38.299
1768498867.730527,37.729
1768498867.832908,48.069
1768498867.9355717,34.988
1768498868.037825,48.266
1768498868.1402643,37.412
1768498868.2428203,39.656
1768498868.3457787,40.936
1768498868.4482179,37.236
1768498868.551067,45.538
1768498868.658502,35.087
1768498868.760876,47.015
1768498868.8631186,34.001
1768498868.9655163,51.807
1768498869.0680041,33.508
1768498869.170324,44.876
1768498869.272535,38.89
1768498869.3748865,37.335
1768498869.4808514,47.479
1768498869.5832598,33.409
1768498869.6858866,51.217
1768498869.788293,33.982
1768498869.8905435,40.172
1768498869.9928873,37.039
1768498870.095264,41.33
1768498870.1976058,32.539
1768498870.3000216,43.3
1768498870.4049108,37.434
1768498870.5073607,35.954
1768498870.6098087,40.247
1768498870.7121944,34.791
1768498870.8144677,44.554
1768498870.9167945,33.409
1768498871.0192218,43.767
1768498871.1215358,33.113
1768498871.2239995,47.155
1768498871.3301742,32.441
1768498871.4326558,46.523
1768498871.5350997,34.297
1768498871.6374683,40.763
1768498871.739844,37.532
1768498871.842108,39.186
1768498871.9443243,34.495
1768498872.0464623,45.467
1768498872.1533072,32.046
1768498872.255869,42.216
1768498872.358472,39.383
1768498872.46082,34.692
1768498872.563822,43.668
1768498872.6661332,32.539
1768498872.7693667,44.948
1768498872.8718915,37.215
1768498872.9768364,36.151
1768498873.0792446,45.046
1768498873.1817565,33.606
1768498873.284222,46.326
1768498873.3865051,37.039
1768498873.4889061,38.792
1768498873.5915022,40.05
1768498873.69402,34.495
1768498873.8006365,50.006
1768498873.9029202,36.349
1768498874.0051944,36.94
1768498874.1074457,46.719
1768498874.2097707,33.113
1768498874.31213,40.936
1768498874.4144218,39.974
1768498874.5168576,34.791
1768498874.6191657,50.989
1768498874.7244437,34.573
1768498874.8268404,38.693
1768498874.9290805,40.763
1768498875.0315378,34.988
1768498875.1338663,50.271
1768498875.2362416,37.215
1768498875.3385916,37.532
1768498875.4410338,47.212
1768498875.5433352,33.508
1768498875.64892,39.679
1768498875.7511914,45.216
1768498875.853585,33.705
1768498875.9558215,44.876
1768498876.0582035,34.791
1768498876.1605701,49.22
1768498876.262715,38.595
1768498876.3648891,36.151
1768498876.4672318,44.921
1768498876.5738132,34.593
1768498876.6773553,42.093
1768498876.7806084,41.822
1768498876.8829374,39.632
1768498876.9858823,35.58
1768498877.0885158,47.802
1768498877.190866,34.495
1768498877.297177,42.636
1768498877.3995242,39.603
1768498877.502012,38.2
1768498877.6043813,43.078
1768498877.7066987,35.876
1768498877.8090935,46.369
1768498877.9114807,33.804
1768498878.0137718,44.383
1768498878.1202972,38.518
1768498878.2227345,37.828
1768498878.3249931,42.118
1768498878.4274263,34.889
1768498878.5299456,46.003
1768498878.6323192,32.934
1768498878.7347555,43.865
1768498878.837075,39.557
1768498878.9393218,35.58
1768498879.0448596,45.046
1768498879.1471806,33.231
1768498879.249479,45.735
1768498879.3519962,37.609
1768498879.454327,37.138
1768498879.5567598,45.932
1768498879.6591113,33.606
1768498879.76161,43.963
1768498879.8680081,38.397
1768498879.9702587,36.546
1768498880.0726507,46.495
1768498880.1750364,47.577
1768498880.2785764,33.212
1768498880.3809001,42.636
1768498880.4831088,39.307
1768498880.58531,35.362
1768498880.6875095,47.52
1768498880.7924755,33.329
1768498880.8950124,46.102
1768498880.997897,38.025
1768498881.1002777,38.617
1768498881.2047048,38.2
1768498881.3069646,36.151
1768498881.4091759,42.512
1768498881.5115075,33.409
1768498881.617161,49.711
1768498881.7196293,36.645
1768498881.8224356,37.532
1768498881.9247854,42.906
1768498882.027105,33.902
1768498882.1295419,44.679
1768498882.2318752,38.769
1768498882.33436,34.495
1768498882.4414678,48.63
1768498882.5440006,38.343
1768498882.6463866,35.383
1768498882.748799,50.634
1768498882.8511956,39.012
1768498882.9537249,38.42
1768498883.0560327,47.675
1768498883.1583586,33.902
1768498883.2649815,40.542
1768498883.3674662,44.259
1768498883.4698184,34.692
1768498883.5722654,49.318
1768498883.6746933,38.124
1768498883.7772605,38.595
1768498883.8796442,48.196
1768498883.9820652,34.297
1768498884.0886912,44.383
1768498884.1910203,38.89
1768498884.2933574,40.518
1768498884.3970108,34.495
1768498884.4996665,51.874
1768498884.6019638,37.927
1768498884.7040753,38.321
1768498884.8064055,44.357
1768498884.9128942,33.212
1768498885.0159159,41.921
1768498885.118253,38.474
1768498885.2226741,38.321
1768498885.3250332,42.807
1768498885.4271936,34.1
1768498885.5295877,51.088
1768498885.6317654,36.405
1768498885.7368908,37.927
1768498885.8391595,47.999
1768498885.9415886,37.236
1768498886.043923,37.335
1768498886.1461544,45.118
1768498886.2485442,34.692
1768498886.3515818,45.315
1768498886.453968,36.623
1768498886.5563722,38.595
1768498886.661791,43.373
1768498886.7644129,44.528
1768498886.866933,35.975
1768498886.9693553,38.518
1768498887.071644,37.532
1768498887.1740232,47.057
1768498887.2765703,34.297
1768498887.3789394,48.167
1768498887.4851706,33.606
1768498887.587392,46.003
1768498887.6896813,41.306
1768498887.792059,35.876
1768498887.8945324,41.601
1768498887.9969916,34.001
1768498888.0992355,44.554
1768498888.2017212,32.342
1768498888.3040779,43.398
1768498888.4088597,37.412
1768498888.51123,34.495
1768498888.6135828,39.482
1768498888.7163355,35.185
1768498888.8187437,50.331
1768498888.9210005,32.916
1768498889.0231757,40.369
1768498889.1253612,44.429
1768498889.2280686,33.508
1768498889.333174,40.838
1768498889.4356961,42.388
1768498889.5379968,34.396
1768498889.642014,43.792
1768498889.7446513,39.262
1768498889.847044,35.284
1768498889.949882,52.334
1768498890.05219,38.693
1768498890.1580737,39.974
1768498890.260364,48.208
1768498890.3630557,34.475
1768498890.4654326,38.792
1768498890.5680494,47.872
1768498890.6704726,33.804
1768498890.7730937,40.763
1768498890.8754752,44.16
1768498890.9815383,35.284
1768498891.0839994,46.959
1768498891.1863127,39.777
1768498891.2886405,36.349
1768498891.3909316,42.906
1768498891.4933302,35.481
1768498891.5957282,49.22
1768498891.698042,39.209
1768498891.800335,37.236
1768498891.9054775,51.45
1768498892.0078065,39.087
1768498892.1100938,38.792
1768498892.2123978,48.827
1768498892.3147192,34.297
1768498892.4169474,41.65
1768498892.5192842,45.637
1768498892.6216471,34.889
1768498892.7239838,45.27
1768498892.829222,42.906
1768498892.9316351,35.284
1768498893.0340798,39.163
1768498893.1362205,37.138
1768498893.2384381,46.102
1768498893.340588,34.297
1768498893.442863,43.818
1768498893.5456522,38.792
1768498893.647868,36.645
1768498893.7501013,48.266
1768498893.8551965,33.132
1768498893.9575903,42.34
1768498894.063229,38.442
1768498894.1656487,36.349
1768498894.2679,45.637
1768498894.3702724,33.409
1768498894.472496,41.133
1768498894.5784042,41.404
1768498894.6807587,34.297
1768498894.7830307,51.155
1768498894.8854308,37.138
1768498894.987798,38.792
1768498895.0900767,46.129
1768498895.19231,33.804
1768498895.2946694,39.58
1768498895.396988,45.216
1768498895.5031888,34.297
1768498895.6056852,46.987
1768498895.7081106,39.186
1768498895.810564,36.94
1768498895.9131706,46.271
1768498896.015717,33.705
1768498896.1180787,43.004
1768498896.2204409,40.27
1768498896.3229055,35.087
1768498896.4276528,51.088
1768498896.5300593,34.791
1768498896.6323688,51.548
1768498896.73496,32.638
1768498896.837245,38.003
1768498896.9396515,36.645
1768498897.0419798,43.668
1768498897.1445236,34.1
1768498897.2469451,38.792
1768498897.3538692,44.626
1768498897.4572327,32.737
1768498897.5595129,40.073
1768498897.6618693,41.946
1768498897.764073,33.902
1768498897.8665762,46.326
1768498897.9687839,37.095
1768498898.071178,36.349
1768498898.173533,47.647
1768498898.2800696,33.982
1768498898.382475,40.369
1768498898.484774,42.019
1768498898.588036,35.284
1768498898.6903832,45.315
1768498898.7927387,33.823
1768498898.8949714,44.259
1768498898.9972267,38.124
1768498899.1039925,38.025
1768498899.2063222,42.537
1768498899.3088622,34.889
1768498899.411158,45.386
1768498899.5135174,33.705
1768498899.6158886,44.626
1768498899.7182925,38.42
1768498899.8206553,38.397
1768498899.9273608,40.763
1768498900.0299275,34.297
1768498900.1323948,49.22
1768498900.2347329,32.638
1768498900.3374043,41.157
1768498900.4398131,36.328
1768498900.5421486,39.186
1768498900.6445186,37.729
1768498900.7516615,35.954
1768498900.853902,43.201
1768498900.956301,33.902
1768498901.0586948,46.621
1768498901.161149,36.151
1768498901.2636018,38.124
1768498901.3661022,37.729
1768498901.4683487,35.679
1768498901.5706103,42.56
1768498901.6759262,37.138
1768498901.7793286,39.777
1768498901.8814101,36.447
1768498901.9837468,45.905
1768498902.0861228,34.791
1768498902.18832,51.383
1768498902.2905197,33.705
1768498902.3926556,48.925
1768498902.4954693,33.31
1768498902.6005251,41.527
1768498902.7029445,39.11
1768498902.8056207,38.025
1768498902.908239,41.059
1768498903.0104182,35.481
1768498903.1131814,48.532
1768498903.2154794,33.409
1768498903.3178093,40.838
1768498903.4202185,38.966
1768498903.5263398,35.383
1768498903.6288376,48.069
1768498903.731152,34.297
1768498903.8336055,39.012
1768498903.9359932,38.693
1768498904.0383368,34.692
1768498904.1406772,46.467
1768498904.2430694,33.033
1768498904.3454115,43.3
1768498904.4509022,37.159
1768498904.5533388,36.25
1768498904.6558533,48.659
1768498904.758211,32.836
1768498904.8605182,38.792
1768498904.9627995,40.392
1768498905.0651956,34.199
1768498905.167549,48.433
1768498905.269955,37.828
1768498905.3758905,36.447
1768498905.478184,42.216
1768498905.5804873,34.1
1768498905.6828067,46.227
1768498905.7851412,38.496
1768498905.8874078,35.185
1768498905.9898312,49.023
1768498906.0923228,36.645
1768498906.1946857,38.89
1768498906.2994826,34.199
1768498906.4024715,45.538
1768498906.5047443,33.231
1768498906.6069112,44.062
1768498906.7091377,33.231
1768498906.8113713,45.44
1768498906.9137223,34.1
1768498907.0159929,43.471
1768498907.1214921,37.434
1768498907.225041,34.889
1768498907.327637,48.167
1768498907.4305987,33.033
1768498907.5329127,41.625
1768498907.635194,38.693
1768498907.7375195,35.087
1768498907.8399096,44.823
1768498907.9423406,32.934
1768498908.0445983,40.763
1768498908.1495287,41.822
1768498908.2518625,34.889
1768498908.3542747,50.793
1768498908.456628,37.018
1768498908.5590856,37.631
1768498908.6613996,42.34
1768498908.7639718,34.495
1768498908.8662715,49.908
1768498908.968695,32.737
1768498909.073359,40.27
1768498909.1756577,42.413
1768498909.2779312,34.199
1768498909.3803308,44.554
1768498909.4827378,33.113
1768498909.585049,41.33
1768498909.6873178,36.94
1768498909.7896552,38.716
1768498909.8919923,37.609
1768498909.9943044,36.074
1768498910.0993423,43.642
1768498910.2016602,32.934
1768498910.3041074,45.243
1768498910.40656,37.532
1768498910.5089488,36.447
1768498910.6112852,42.61
1768498910.713632,34.199
1768498910.8159347,49.151
1768498910.9183204,37.412
1768498911.020655,38.223
1768498911.1241944,33.804
1768498911.2295473,48.601
1768498911.332291,32.934
1768498911.4346442,43.497
1768498911.5369244,37.532
1768498911.6390698,37.51
1768498911.7416303,41.133
1768498911.843958,34.495
1768498911.9466095,45.341
1768498912.0550425,33.428
1768498912.1573262,45.932
1768498912.2596176,37.335
1768498912.3620768,40.369
1768498912.4642532,38.42
1768498912.566508,36.645
1768498912.668722,37.905
1768498912.7709742,39.087
1768498912.8768423,37.729
1768498912.9791076,38.2
1768498913.0815473,38.025
1768498913.1839793,35.185
1768498913.286354,44.357
1768498913.3887806,32.638
1768498913.4911077,42.118
1768498913.5934937,37.434
1768498913.6957629,34.988
1768498913.8029222,43.865
1768498913.905469,36.349
1768498914.00783,37.335
1768498914.1102633,41.847
1768498914.2127097,33.428
1768498914.3151748,44.285
1768498914.41753,38.989
1768498914.5200064,35.087
1768498914.6223493,48.659
1768498914.7275712,36.053
1768498914.8299432,39.58
1768498914.932377,38.375
1768498915.0347562,35.58
1768498915.1371667,41.625
1768498915.2395484,34.495
1768498915.3418357,50.498
1768498915.44439,32.836
1768498915.5467653,42.216
1768498915.651549,33.705
1768498915.7553034,46.2
1768498915.857598,33.132
1768498915.9598856,40.739
1768498916.0620825,38.518
1768498916.1707888,34.297
1768498916.2754378,47.577
1768498916.3786721,32.934
1768498916.4812381,42.906
1768498916.5836067,38.321
1768498916.6885443,37.236
1768498916.790925,33.606
1768498916.8932135,46.916
1768498916.998912,38.617
1768498917.1012564,35.087
1768498917.2035778,49.878
1768498917.3059278,37.236
1768498917.4082646,36.074
1768498917.5105827,48.659
1768498917.6127858,32.817
1768498917.7150545,42.118
1768498917.8174243,36.37
1768498917.9231977,38.989
1768498918.0255146,46.102
1768498918.1279213,33.705
1768498918.2302454,50.922
1768498918.332651,33.508
1768498918.4349248,50.006
1768498918.5372405,37.927
1768498918.6396015,38.496
1768498918.7418563,43.668
1768498918.8469622,34.593
1768498918.949562,50.535
1768498919.0518794,33.409
1768498919.1542182,44.921
1768498919.256552,39.459
1768498919.3589334,36.645
1768498919.4612248,44.849
1768498919.5634847,33.705
1768498919.665723,41.822
1768498919.7737193,34.199
1768498919.8759813,52.464
1768498919.978174,38.223
1768498920.080473,38.989
1768498920.1827433,42.61
1768498920.2851274,35.185
1768498920.3885186,48.728
1768498920.4906921,33.606
1768498920.5963311,41.921
1768498920.6988301,43.963
1768498920.8012488,34.199
1768498920.9036603,53.022
1768498921.0060575,33.804
1768498921.1082652,51.413
1768498921.2107983,38.617
1768498921.3130898,39.974
1768498921.4199972,44.456
1768498921.522369,35.185
1768498921.6246934,51.714
1768498921.7270546,34.771
1768498921.829537,40.739
1768498921.9317794,43.911
1768498922.03415,35.284
1768498922.1366386,50.43
1768498922.2436292,39.876
1768498922.3459551,36.37
1768498922.448394,50.664
1768498922.5506768,36.94
1768498922.652953,37.434
1768498922.755331,46.298
1768498922.8576436,33.329
1768498922.9599018,49.318
1768498923.0621617,38.693
1768498923.1680179,37.729
1768498923.2703116,46.987
1768498923.372711,33.606
1768498923.4749804,46.298
1768498923.5772343,39.284
1768498923.6796327,37.335
1768498923.7819357,35.954
1768498923.885885,49.279
1768498923.99202,33.212
1768498924.0944026,40.861
1768498924.1970644,40.172
1768498924.2995434,35.876
1768498924.4025934,47.085
1768498924.5048084,33.705
1768498924.6071732,45.932
1768498924.7095923,36.842
1768498924.8156106,39.209
1768498924.917863,44.285
1768498925.0201638,32.934
1768498925.1224408,40.96
1768498925.2248428,44.088
1768498925.3271236,33.902
1768498925.4293582,46.621
1768498925.5318065,38.89
1768498925.6341174,34.988
1768498925.7392871,49.348
1768498925.8416169,38.003
1768498925.9439528,38.299
1768498926.0462618,43.989
1768498926.1486223,34.297
1768498926.2509773,42.881
1768498926.353238,48.098
1768498926.4560344,33.409
1768498926.5584307,46.03
1768498926.6630664,38.42
1768498926.7657306,46.495
1768498926.8681731,35.185
1768498926.970569,47.802
1768498927.072957,33.606
1768498927.175286,40.172
1768498927.277638,47.802
1768498927.3799505,35.087
1768498927.4822075,37.236
1768498927.587315,45.341
1768498927.689577,33.329
1768498927.7919266,38.89
1768498927.8944006,47.212
1768498927.996704,33.705
1768498928.0989592,40.664
1768498928.2013245,34.297
1768498928.3051589,43.497
1768498928.4120085,45.145
1768498928.5144267,34.297
1768498928.6167254,48.659
1768498928.7194705,37.51
1768498928.8234146,43.57
1768498928.9256656,37.708
1768498929.0280807,40.172
1768498929.134309,41.822
1768498929.2368608,35.185
1768498929.3391507,49.455
1768498929.4415329,35.461
1768498929.543894,38.792
1768498929.646256,43.201
1768498929.7484946,34.1
1768498929.8508575,49.544
1768498929.9531767,32.737
1768498930.0592191,43.595
1768498930.1615748,34.199
1768498930.2639298,42.216
1768498930.3662868,33.804
1768498930.468845,47.675
1768498930.5713787,32.342
1768498930.673901,42.906
1768498930.7763095,38.124
1768498930.878692,37.927
1768498930.984251,40.763
1768498931.0867472,34.495
1768498931.1890466,47.38
1768498931.2912788,32.441
1768498931.3935628,45.171
1768498931.4959385,35.481
1768498931.5981905,37.729
1768498931.7006686,40.936
1768498931.802935,34.1
1768498931.9081419,43.3
1768498932.0105784,33.231
1768498932.1128783,46.987
1768498932.2151937,37.455
1768498932.3176534,35.856
1768498932.4200087,43.274
1768498932.5223775,46.172
1768498932.6251135,37.138
1768498932.7273283,37.434
1768498932.8343782,41.551
1768498932.9367077,34.396
1768498933.0391605,49.81
1768498933.14209,37.236
1768498933.2445016,36.172
1768498933.346759,45.315
1768498933.4491487,33.033
1768498933.5515,41.133
1768498933.6574016,41.428
1768498933.7597566,35.284
1768498933.862169,45.637
1768498933.964653,33.033
1768498934.066949,40.861
1768498934.1693285,38.716
1768498934.2717674,35.876
1768498934.3741615,46.227
1768498934.4764805,33.31
1768498934.5823302,43.767
1768498934.6848543,38.792
1768498934.787165,36.546
1768498934.8896658,43.767
1768498934.99203,34.1
1768498935.0943463,46.593
1768498935.1966977,34.001
1768498935.2990296,38.102
1768498935.4016066,41.748
1768498935.5065196,33.804
1768498935.6088226,46.818
1768498935.711169,38.146
1768498935.8134704,36.743
1768498935.9159124,44.383
1768498936.0183427,34.001
1768498936.1208317,52.464
1768498936.2231333,33.014
1768498936.3256075,39.186
1768498936.430429,42.585
1768498936.5327382,35.383
1768498936.6365232,45.583
1768498936.7391336,33.705
1768498936.841484,38.89
1768498936.9449055,44.751
1768498937.047725,34.791
1768498937.1500428,50.83
1768498937.2555118,35.441
1768498937.3578455,39.087
1768498937.4622173,43.373
1768498937.564501,34.791
1768498937.6670957,51.352
1768498937.7695038,33.409
1768498937.872227,43.57
1768498937.977708,39.186
1768498938.0803316,36.546
1768498938.1827428,47.057
1768498938.2853827,36.074
1768498938.3879485,37.631
1768498938.4905202,46.593
1768498938.593135,33.212
1768498938.6955175,39.012
1768498938.8029108,40.787
1768498938.9053807,35.185
1768498939.0077536,46.369
1768498939.110031,32.934
1768498939.2126,42.512
1768498939.315075,38.913
1768498939.4175336,35.954
1768498939.519931,45.708
1768498939.6268055,34.297
1768498939.7291481,38.2
1768498939.8316503,42.216
1768498939.934079,34.593
1768498940.0364094,50.596
1768498940.138746,37.335
1768498940.2412138,36.645
1768498940.3435369,46.79
1768498940.4504738,34.1
1768498940.5530393,44.528
1768498940.6554735,37.412
1768498940.758401,37.236
1768498940.8610203,34.396
1768498940.9634762,50.891
1768498941.0657332,33.132
1768498941.1681237,39.777
1768498941.2762508,42.807
1768498941.3786273,34.889
1768498941.480977,49.711
1768498941.584791,36.546
1768498941.6871326,37.729
1768498941.7895756,43.471
1768498941.891967,36.94
1768498941.9942534,38.693
1768498942.0990329,36.546
1768498942.20137,52.334
1768498942.303824,37.708
1768498942.406228,36.447
1768498942.5086854,48.138
1768498942.6111073,34.968
1768498942.7134144,37.532
1768498942.816067,45.538
1768498942.9183865,34.692
1768498943.0230541,52.66
1768498943.1254702,33.508
1768498943.2278428,40.542
1768498943.3301406,42.216
1768498943.43256,35.264
1768498943.5348973,50.233
1768498943.6371973,36.25
1768498943.7396696,39.777
1768498943.841969,41.33
1768498943.9468827,37.138
1768498944.0494227,44.777
1768498944.1517751,35.481
1768498944.2541106,48.012
1768498944.356425,34.199
1768498944.4590125,42.979
1768498944.561512,39.951
1768498944.6639059,36.546
1768498944.7663558,46.79
1768498944.8723116,33.033
1768498944.9747803,41.625
1768498945.0771475,38.595
1768498945.1794732,44.921
1768498945.2829685,32.836
1768498945.3852363,39.284
1768498945.4874446,41.231
1768498945.5897055,34.199
1768498945.6961405,49.908
1768498945.7985103,32.934
1768498945.9060986,42.807
1768498946.0085387,38.124
1768498946.1108584,36.743
1768498946.2131376,42.61
1768498946.3198614,33.804
1768498946.4223278,48.532
1768498946.524801,36.151
1768498946.6279469,38.913
1768498946.730342,31.552
1768498946.8326402,45.243
1768498946.9350634,32.737
1768498947.0374455,44.062
1768498947.1398346,39.012
1768498947.2442434,34.1
1768498947.3465362,45.216
1768498947.4488506,38.047
1768498947.551092,34.988
1768498947.6535063,47.549
1768498947.7558331,35.658
1768498947.8580935,41.995
1768498947.960485,38.299
1768498948.0627391,36.842
1768498948.1651423,47.535
1768498948.2698476,37.018
1768498948.3723078,36.94
1768498948.474768,46.692
1768498948.5769947,37.806
1768498948.679511,38.792
1768498948.7819855,39.11
1768498948.8843238,40.369
1768498948.9866629,37.806
1768498949.0888805,38.989
1768498949.1935742,48.167
1768498949.2958965,35.757
1768498949.3983624,38.617
1768498949.500754,36.722
1768498949.6030486,37.335
1768498949.7052946,52.664
1768498949.8074045,39.209
1768498949.9102426,38.716
1768498950.012404,48.237
1768498950.1173892,35.383
1768498950.2209384,38.496
1768498950.3234198,47.745
1768498950.42567,34.396
1768498950.5282097,46.621
1768498950.630598,39.58
1768498950.7334049,36.074
1768498950.835871,50.535
1768498950.94088,39.186
1768498951.0431848,37.236
1768498951.1458478,48.925
1768498951.2482684,35.658
1768498951.3509252,41.748
1768498951.4534385,35.876
1768498951.5557904,44.429
1768498951.6581337,33.804
1768498951.760544,47.155
1768498951.8663414,32.836
1768498951.9687355,46.129
1768498952.0711622,32.243
1768498952.1735334,42.413
1768498952.2759204,39.383
1768498952.37818,34.692
1768498952.48051,45.637
1768498952.5828888,32.817
1768498952.6851258,37.236
1768498952.7912164,43.792
1768498952.8936982,32.934
1768498952.9959633,42.585
1768498953.0983026,37.708
1768498953.2006822,35.679
1768498953.3031964,45.538
1768498953.4055235,33.31
1768498953.5082512,50.036
1768498953.6108754,32.737
1768498953.7162151,40.172
1768498953.818655,38.003
1768498953.9216123,43.078
1768498954.0240242,33.804
1768498954.1262805,44.876
1768498954.2285948,40.838
1768498954.3350685,34.396
1768498954.4388506,44.186
1768498954.5413382,42.487
1768498954.6448135,34.692
1768498954.7475235,43.668
1768498954.8498333,37.434
1768498954.9522684,38.299
1768498955.0545924,48.393
1768498955.156943,33.902
1768498955.2594032,42.807
1768498955.3643358,39.383
1768498955.4667594,39.58
1768498955.5689952,42.241
1768498955.6715107,36.053
1768498955.773835,48.994
1768498955.8762147,33.606
1768498955.9785783,44.383
1768498956.0810635,41.034
1768498956.183399,35.778
1768498956.2859774,51.383
1768498956.391822,38.42
1768498956.4942741,51.776
1768498956.596594,35.264
1768498956.699276,39.603
1768498956.8020315,34.396
1768498956.904482,50.331
1768498957.0068822,32.342
1768498957.1092455,40.664
1768498957.2117164,41.059
1768498957.3173318,36.645
1768498957.419603,43.694
1768498957.5218527,33.329
1768498957.6241126,45.073
1768498957.7265105,38.572
1768498957.828804,34.889
1768498957.9312756,49.643
1768498958.0337741,37.335
1768498958.1361647,37.434
1768498958.238532,44.554
1768498958.3441808,33.409
1768498958.4464679,44.16
1768498958.55065,34.001
1768498958.6528773,43.57
1768498958.755576,41.921
1768498958.8578715,34.889
1768498958.9601717,49.938
1768498959.06238,38.397
1768498959.1694279,38.42
1768498959.2717583,48.196
1768498959.3739974,33.705
1768498959.4761739,41.034
1768498959.5785563,47.184
1768498959.6807861,34.495
1768498959.7831209,48.237
1768498959.8854353,33.31
1768498959.9878066,39.284
1768498960.090744,45.216
1768498960.1939733,35.185
1768498960.296266,47.409
1768498960.3988845,39.754
1768498960.5012276,35.461
1768498960.6038446,47.057
1768498960.7060585,40.247
1768498960.8088665,36.645
1768498960.9111319,50.694
1768498961.0180862,33.705
1768498961.1204767,43.274
1768498961.2227097,38.617
1768498961.324955,37.532
1768498961.4275277,40.247
1768498961.529948,35.087
1768498961.6323328,46.861
1768498961.7345846,33.132
1768498961.8371513,42.61
1768498961.942385,37.828
1768498962.04471,35.856
1768498962.1471376,46.129
1768498962.249433,33.705
1768498962.351865,41.527
1768498962.454215,44.062
1768498962.5564709,35.185
1768498962.6590037,44.948
1768498962.7614193,39.186
1768498962.8664963,35.757
1768498962.969554,34.791
1768498963.0717685,46.79
1768498963.174004,40.838
1768498963.2764297,36.151
1768498963.3786957,50.399
1768498963.481144,33.804
1768498963.5842278,43.891
1768498963.6865866,39.505
1768498963.7917016,38.025
1768498963.894235,43.176
1768498963.9966073,34.495
1768498964.098964,44.823
1768498964.201467,33.508
1768498964.303772,49.22
1768498964.406069,32.441
1768498964.5083652,41.946
1768498964.610662,37.981
1768498964.7164023,35.087
1768498964.8189883,46.326
1768498964.9214718,32.638
1768498965.0238502,41.034
1768498965.1263165,38.2
1768498965.228589,35.481
1768498965.330959,48.757
1768498965.4333012,38.496
1768498965.5356543,36.271
1768498965.6419466,50.664
1768498965.7442923,38.321
1768498965.846799,37.335
1768498965.949229,46.495
1768498966.051508,33.705
1768498966.1537838,42.413
1768498966.2560616,42.807
1768498966.3587127,34.791
1768498966.4644039,52.138
1768498966.5668237,37.489
1768498966.669143,38.003
1768498966.7714074,32.737
1768498966.87385,47.409
1768498966.9761481,39.133
1768498967.078537,35.778
1768498967.1810033,50.468
1768498967.2833807,34.495
1768498967.3898342,45.315
1768498967.4928231,34.791
1768498967.5954368,45.019
1768498967.6977594,34.001
1768498967.803802,49.446
1768498967.907272,37.828
1768498968.0138934,38.716
1768498968.1161573,44.16
1768498968.2185748,33.508
1768498968.3209674,42.019
1768498968.423404,44.186
1768498968.5259285,34.001
1768498968.6282687,41.306
1768498968.7305992,44.751
1768498968.8329794,33.902
1768498968.9383907,45.145
1768498969.0408406,41.059
1768498969.1431174,36.151
1768498969.2453768,51.352
1768498969.3477237,38.124
1768498969.4500437,39.679
1768498969.5525396,46.2
1768498969.6548219,34.199
1768498969.757078,40.739
1768498969.862227,44.259
1768498969.9645019,35.284
1768498970.0670142,52.464
1768498970.1692436,38.2
1768498970.271577,37.116
1768498970.3739471,50.823
1768498970.4762895,35.757
1768498970.5786855,39.482
1768498970.6809332,48.237
1768498970.7868798,34.396
1768498970.8893335,41.034
1768498970.991711,40.073
1768498971.094112,37.138
1768498971.1964188,54.692
1768498971.2987618,37.412
1768498971.401056,38.223
1768498971.5035944,48.827
1768498971.6058736,34.495
1768498971.7112958,38.716
1768498971.8136332,40.369
1768498971.9157465,39.383
1768498972.0179205,40.664
1768498972.1201339,40.467
1768498972.223649,35.954
1768498972.3260198,47.844
1768498972.4283125,33.132
1768498972.5308862,38.102
1768498972.6365047,45.905
1768498972.7388885,34.1
1768498972.8411894,47.085
1768498972.9435823,34.869
1768498973.0459163,38.693
1768498973.1482255,46.03
1768498973.2505753,34.199
1768498973.3530166,47.113
1768498973.4553533,34.495
1768498973.560982,40.96
1768498973.6632533,40.148
1768498973.7657068,35.856
1768498973.8682656,42.782
1768498973.9706585,34.791
1768498974.0729768,46.987
1768498974.1752272,33.705
1768498974.2774968,41.625
1768498974.3798292,40.664
1768498974.4861,34.199
1768498974.5884902,49.053
1768498974.6908574,35.954
1768498974.7931814,38.693
1768498974.8955777,44.16
1768498974.9979157,34.297
1768498975.1003368,49.151
1768498975.2028058,39.383
1768498975.305178,35.954
1768498975.407585,50.241
1768498975.5127656,38.003
1768498975.6150908,36.053
1768498975.71737,52.008
1768498975.8200252,34.593
1768498975.9224021,40.073
1768498976.0249584,42.216
1768498976.1272702,35.679
1768498976.2298236,49.485
1768498976.3321817,34.199
1768498976.4378238,39.853
1768498976.540021,36.447
1768498976.642192,45.61
1768498976.7445147,42.61
1768498976.8486054,40.345
1768498976.951042,36.546
1768498977.0533867,52.793
1768498977.1560664,38.299
1768498977.2623022,38.299
1768498977.3646772,45.637
1768498977.4672003,33.409
1768498977.5696766,41.724
1768498977.672117,43.373
1768498977.7744894,34.495
1768498977.8768628,47.352
1768498977.9792135,33.705
1768498978.0860398,46.058
1768498978.1882358,39.853
1768498978.290696,35.185
1768498978.3930507,45.019
1768498978.4956439,38.102
1768498978.598122,36.447
1768498978.7007465,51.45
1768498978.8031447,38.321
1768498978.9054706,38.792
1768498979.010375,41.921
1768498979.1127558,34.889
1768498979.2150605,46.326
1768498979.3172739,39.679
1768498979.4195085,34.593
1768498979.5219648,42.585
1768498979.6243865,46.003
1768498979.7266524,34.396
1768498979.8291295,41.157
1768498979.9352365,44.429
1768498980.0375757,34.791
1768498980.1398606,46.424
1768498980.2421584,39.284
1768498980.3446164,36.25
1768498980.4470224,45.708
1768498980.549389,34.199
1768498980.6521585,42.709
1768498980.7544773,38.913
1768498980.863887,44.948
1768498980.9660206,33.212
1768498981.069642,41.527
1768498981.1718159,40.838
1768498981.27408,34.199
1768498981.3762782,40.566
1768498981.478612,40.467
1768498981.5857613,34.396
1768498981.688093,46.79
1768498981.7904758,40.814
1768498981.892816,35.087
1768498981.9952297,50.203
1768498982.0975142,37.236
1768498982.1997576,37.313
1768498982.302175,46.987
1768498982.4045699,34.199
1768498982.5092814,43.642
1768498982.6116064,40.148
1768498982.7140844,37.236
1768498982.8163779,39.557
1768498982.918634,39.087
1768498983.0209563,42.438
1768498983.1234083,35.087
1768498983.225691,46.369
1768498983.3281448,37.532
1768498983.434073,39.186
1768498983.5363946,43.176
1768498983.6389258,34.495
1768498983.74129,51.315
1768498983.8435814,38.716
1768498983.9459045,39.284
1768498984.0482929,40.369
1768498984.1505873,34.791
1768498984.2529516,48.994
1768498984.3553514,33.212
1768498984.459914,46.156
1768498984.5623431,38.025
1768498984.6648335,38.913
1768498984.7671354,38.89
1768498984.869446,36.743
1768498984.9719393,45.834
1768498985.0747252,34.692
1768498985.1769903,48.069
1768498985.2793357,35.383
1768498985.3871508,50.86
1768498985.4960334,37.927
1768498985.5983503,36.743
1768498985.7006364,49.515
1768498985.8029633,40.172
1768498985.9080327,35.679
1768498986.0104663,51.481
1768498986.1128924,37.905
1768498986.2151682,37.236
1768498986.3175611,48.306
1768498986.419836,33.409
1768498986.5221963,45.171
1768498986.6243923,39.557
1768498986.7268004,45.368
1768498986.8318753,34.791
1768498986.9340982,43.398
1768498987.036406,32.916
1768498987.1387475,43.471
1768498987.2410917,42.537
1768498987.3433821,33.902
1768498987.445753,46.2
1768498987.548102,38.814
1768498987.6505358,35.087
1768498987.7528505,48.364
1768498987.8583398,38.769
1768498987.9607024,34.593
1768498988.0629745,45.861
1768498988.1653454,33.606
1768498988.2676585,46.397
1768498988.3699777,39.186
1768498988.4722419,35.481
1768498988.5747223,45.511
1768498988.6811264,33.014
1768498988.783608,44.456
1768498988.8859909,38.868
1768498988.988446,35.284
1768498989.0907767,46.298
1768498989.1932275,33.606
1768498989.2957547,47.844
1768498989.3982675,37.927
1768498989.5040126,39.186
1768498989.606743,34.692
1768498989.7091393,46.523
1768498989.811504,32.817
1768498989.916696,40.96
1768498990.019345,32.441
1768498990.1219194,40.172
1768498990.2242477,41.428
1768498990.3265486,33.31
1768498990.4320338,49.81
1768498990.5344758,36.94
1768498990.636857,36.447
1768498990.7391012,46.2
1768498990.8416524,33.033
1768498990.9441419,43.201
1768498991.046491,38.989
1768498991.1490812,36.151
1768498991.2514727,46.888
1768498991.3564007,35.954
1768498991.4588175,38.693
1768498991.5613477,43.891
1768498991.6638093,34.791
1768498991.7662342,50.694
1768498991.8685846,33.113
1768498991.971021,41.847
1768498992.073562,38.814
1768498992.1760323,37.828
1768498992.2813284,44.482
1768498992.3840127,34.297
1768498992.4864857,46.888
1768498992.588916,33.804
1768498992.6912453,42.34
1768498992.793628,41.625
1768498992.8960083,35.58
1768498992.9983532,49.741
1768498993.1045249,33.508
1768498993.2071066,40.861
1768498993.3095233,39.899
1768498993.41185,34.001
1768498993.5149167,47.577
1768498993.6175435,37.138
1768498993.72007,47.605
1768498993.8228147,33.409
1768498993.9283059,41.822
1768498994.030749,38.299
1768498994.1349316,36.842
1768498994.2372742,47.605
1768498994.3396232,33.329
1768498994.441825,42.118
1768498994.5441759,40.688
1768498994.6465163,35.284
1768498994.7529833,50.664
1768498994.8553002,32.836
1768498994.9576344,40.861
1768498995.0600393,38.769
1768498995.1624866,35.876
1768498995.264891,48.404
1768498995.3673182,32.737
1768498995.4698305,39.974
1768498995.5722945,38.124
1768498995.6771426,36.645
1768498995.7796192,44.285
1768498995.882,33.804
1768498995.9845364,42.807
1768498996.0867856,38.277
1768498996.1892729,35.481
1768498996.2918265,45.61
1768498996.3942795,32.539
1768498996.4966304,44.482
1768498996.5990167,38.299
1768498996.7040339,35.284
1768498996.8064365,32.934
1768498996.9089115,46.664
1768498997.0112789,32.836
1768498997.1135352,43.103
1768498997.2158477,38.299
1768498997.318091,35.185
1768498997.4204469,48.462
1768498997.5228987,38.989
1768498997.6282353,35.56
1768498997.7306015,51.383
1768498997.8329096,33.033
1768498997.9355423,39.58
1768498998.0378306,45.145
1768498998.1402419,34.692
1768498998.2425873,33.31
1768498998.3457265,47.31
1768498998.447828,37.631
1768498998.5508966,37.828
1768498998.6540165,48.069
1768498998.757866,33.626
1768498998.860128,43.176
1768498998.9625118,38.814
1768498999.0650773,37.039
1768498999.167369,46.987
1768498999.269866,34.593
1768498999.3721788,38.124
1768498999.4769197,48.167
1768498999.5793834,35.342
1768498999.681634,36.842
1768498999.7839332,47.45
1768498999.8863482,39.087
1768498999.9886553,32.737
1768499000.0909529,50.498
1768499000.1932776,33.212
1768499000.2955356,38.989
1768499000.3978748,42.34
1768499000.5030048,34.001
1768499000.6054099,46.2
1768499000.7079043,42.56
1768499000.810229,34.791
1768499000.9127252,45.708
1768499001.0149195,38.2
1768499001.1172826,35.954
1768499001.2196283,47.254
1768499001.3218882,38.102
1768499001.4276145,36.25
1768499001.5298882,47.675
1768499001.632142,38.2
1768499001.7343493,36.25
1768499001.836523,50.036
1768499001.9389586,38.223
1768499002.0413742,38.397
1768499002.143715,41.699
1768499002.245973,35.658
1768499002.3497884,53.316
1768499002.4526145,38.08
1768499002.5550027,39.777
1768499002.6573677,42.807
1768499002.7598133,35.56
1768499002.862255,52.924
1768499002.9651337,39.11
1768499003.0672758,45.341
1768499003.1693888,34.889
1768499003.275513,42.118
1768499003.3793669,38.89
1768499003.481629,34.396
1768499003.5839322,47.085
1768499003.686294,32.934
1768499003.7886984,43.274
1768499003.890997,43.373
1768499003.9932094,34.791
1768499004.0956385,47.549
1768499004.20163,33.329
1768499004.3040044,37.335
1768499004.406296,46.03
1768499004.5088272,35.165
1768499004.6110685,38.299
1768499004.7134013,44.16
1768499004.815884,34.396
1768499004.918155,50.596
1768499005.0204809,32.539
1768499005.1274056,36.151
1768499005.2296534,45.341
1768499005.3320637,32.934
1768499005.434445,44.285
1768499005.5369167,38.518
1768499005.639265,36.151
1768499005.7416458,49.515
1768499005.8441517,32.441
1768499005.946492,43.694
1768499006.0488923,38.913
1768499006.1543326,35.284
1768499006.2566936,49.023
1768499006.3590086,37.532
1768499006.4614305,37.434
1768499006.5639448,38.89
1768499006.666495,35.284
1768499006.7689023,32.934
1768499006.8713872,39.284
1768499006.973784,40.641
1768499007.0800462,34.593
1768499007.1829283,47.38
1768499007.2852426,33.033
1768499007.3874772,38.003
1768499007.489901,32.934
1768499007.5996387,43.891
1768499007.7070286,38.343
1768499007.8092735,36.666
1768499007.9118385,44.456
1768499008.0142162,33.231
1768499008.116795,49.151
1768499008.2191668,37.335
1768499008.3216355,36.25
1768499008.4240127,41.724
1768499008.530602,32.916
1768499008.6330085,47.872
1768499008.7354405,36.645
1768499008.8378208,38.814
1768499008.9402778,39.679
1768499009.0427382,34.297
1768499009.145007,39.777
1768499009.2473528,36.172
1768499009.3546176,42.438
1768499009.4568646,33.231
1768499009.5592816,47.31
1768499009.6616,35.185
1768499009.7639704,38.124
1768499009.866232,42.118
1768499009.9685767,33.804
1768499010.0709188,46.298
1768499010.173215,35.876
1768499010.2782733,37.532
1768499010.3805292,45.511
1768499010.482861,32.934
1768499010.5852375,42.413
1768499010.6874917,38.047
1768499010.7899122,37.631
1768499010.8921244,43.891
1768499010.9943619,34.297
1768499011.0966902,44.429
1768499011.2034142,38.025
1768499011.305745,36.842
1768499011.4079967,50.203
1768499011.5103135,32.934
1768499011.6126165,42.044
1768499011.7151487,34.988
1768499011.8173475,46.074
1768499011.9198534,33.409
1768499012.0222027,40.444
1768499012.1284983,39.482
1768499012.2310128,36.151
1768499012.333333,47.085
1768499012.4356499,39.186
1768499012.5380423,35.954
1768499012.6404443,52.892
1768499012.742743,38.693
1768499012.8448968,38.025
1768499012.9471478,49.151
1768499013.052358,33.508
1768499013.1546564,41.33
1768499013.2568953,41.625
1768499013.3591423,35.58
1768499013.4614275,50.928
1768499013.5637782,35.461
1768499013.666008,40.27
1768499013.7685473,41.551
1768499013.8712032,35.264
1768499013.9766912,51.413
1768499014.0791843,38.496
1768499014.1815157,36.349
1768499014.2838187,46.593
1768499014.3861618,33.626
1768499014.4885244,41.354
1768499014.5907912,39.679
1768499014.6930926,35.658
1768499014.7956345,47.507
1768499014.9026787,33.902
1768499015.0049403,49.377
1768499015.107215,36.151
1768499015.2095582,38.913
1768499015.3124032,36.546
1768499015.4148374,39.754
1768499015.5171359,32.521
1768499015.6193955,43.103
1768499015.7217963,32.441
1768499015.828773,44.186
1768499015.9312086,36.645
1768499016.0374854,47.155
1768499016.139664,36.842
1768499016.241797,35.56
1768499016.3455694,45.735
1768499016.4521663,34.791
1768499016.5544748,44.482
1768499016.6570013,39.012
1768499016.7595668,48.364
1768499016.8618453,39.754
1768499016.9641328,37.039
1768499017.0665076,48.659
1768499017.1689663,34.495
1768499017.2713337,53.12
1768499017.3761075,34.988
1768499017.4786124,40.664
1768499017.5809398,35.679
1768499017.683346,52.892
1768499017.7858257,35.185
1768499017.8882124,39.777
1768499017.9907074,47.549
1768499018.0931158,34.1
1768499018.1955516,43.767
1768499018.301558,38.89
1768499018.4040277,35.185
1768499018.5063608,45.413
1768499018.6087573,33.132
1768499018.7111146,44.259
1768499018.8134768,38.474
1768499018.915908,35.975
1768499019.0182383,49.318
1768499019.1206365,32.934
1768499019.2261612,41.551
1768499019.3284817,43.274
1768499019.4307392,33.804
1768499019.5330627,44.58
1768499019.6352978,42.29
1768499019.7376914,34.692
1768499019.8400767,47.999
1768499019.9423976,33.033
1768499020.044813,40.172
1768499020.150912,38.89
1768499020.2539172,35.481
1768499020.3562553,38.989
1768499020.4592564,35.087
1768499020.5629175,40.936
1768499020.665188,47.774
1768499020.7675045,34.199
1768499020.8698745,39.383
1768499020.9752045,46.719
1768499021.0775454,34.692
1768499021.1798792,50.959
1768499021.2821534,34.771
1768499021.384633,40.27
1768499021.487014,47.577
1768499021.5892742,34.396
1768499021.6915753,42.216
1768499021.7939312,47.675
1768499021.9000213,34.1
1768499022.0023713,39.087
1768499022.1047304,47.97
1768499022.2069633,34.297
1768499022.309387,41.748
1768499022.4117315,43.792
1768499022.5142076,35.58
1768499022.616875,46.692
1768499022.7192712,33.804
1768499022.825279,47.872
1768499022.9279885,35.56
1768499023.030379,39.482
1768499023.1328816,38.102
1768499023.2354665,36.645
1768499023.3377938,42.388
1768499023.4403312,33.606
1768499023.5428188,45.779
1768499023.6494203,32.737
1768499023.7517421,44.357
1768499023.854315,36.82
1768499023.9569666,36.94
1768499024.0593414,43.3
1768499024.1618197,34.692
1768499024.26413,45.145
1768499024.3664756,32.836
1768499024.4689627,40.641
1768499024.5741296,44.259
1768499024.6806717,48.167
1768499024.7828956,32.521
1768499024.8850849,42.636
1768499024.9873385,37.159
1768499025.0895019,39.284
1768499025.1919668,39.853
1768499025.2992778,35.778
1768499025.4017415,45.243
1768499025.5041962,33.033
1768499025.6066005,45.44
1768499025.7089722,35.362
1768499025.8113437,40.763
1768499025.9137728,39.383
1768499026.0162983,34.692
1768499026.123285,43.694
1768499026.2258334,34.1
1768499026.3282435,46.129
1768499026.4305568,32.737
1768499026.532974,47.184
1768499026.6356244,38.693
1768499026.7379966,48.827
1768499026.8403592,33.31
1768499026.9471335,49.348
1768499027.0495322,37.039
1768499027.1520014,38.42
1768499027.2543411,42.734
1768499027.3567445,33.508
1768499027.4593966,46.129
1768499027.561895,37.236
1768499027.6641548,36.94
1768499027.7666907,46.397
1768499027.8719275,33.804
1768499027.9743593,44.456
1768499028.0770524,38.989
1768499028.1794968,36.645
1768499028.2817643,49.515
1768499028.3842237,33.902
1768499028.487078,39.777
1768499028.5894783,43.891
1768499028.6921895,34.692
1768499028.7970197,47.184
1768499028.8994699,37.236
1768499029.0018158,46.369
1768499029.1053736,34.1
1768499029.2077017,37.828
1768499029.3112683,43.963
1768499029.4137282,33.212
1768499029.5159035,40.542
1768499029.6221764,43.398
1768499029.724674,34.593
1768499029.827032,39.482
1768499029.9293814,39.284
1768499030.0319629,35.856
1768499030.1343005,48.885
1768499030.2367897,38.321
1768499030.3392231,38.223
1768499030.4415798,48.364
1768499030.5466754,33.606
1768499030.6490963,44.679
1768499030.7513978,40.787
1768499030.8540807,35.481
1768499030.9565454,52.267
1768499031.0588791,37.784
1768499031.1616132,39.679
1768499031.2639868,40.247
1768499031.3663108,35.778
1768499031.4723277,48.138
1768499031.5748482,33.231
1768499031.677556,38.223
1768499031.7799406,37.949
1768499031.882205,34.396
1768499031.9847658,44.849
1768499032.0872347,35.757
1768499032.1898186,48.433
1768499032.2922602,40.27
1768499032.3976266,37.828
1768499032.500051,41.822
1768499032.602509,34.199
1768499032.7048717,39.505
1768499032.8073611,38.025
1768499032.9100194,36.645
1768499033.012539,46.593
1768499033.1150014,34.199
1768499033.2174284,45.637
1768499033.3231459,36.94
1768499033.426322,51.088
1768499033.5285625,34.889
1768499033.6318307,41.428
1768499033.7341201,38.397
1768499033.8365178,36.94
1768499033.938846,47.282
1768499034.0411348,34.1
1768499034.1468647,52.793
1768499034.2492316,33.31
1768499034.3517287,42.61
1768499034.454103,45.708
1768499034.556369,34.791
1768499034.658686,46.129
1768499034.7610238,33.428
1768499034.8635776,49.839
1768499034.9659584,33.033
1768499035.0716152,37.532
1768499035.1739492,36.842
1768499035.2763605,37.828
1768499035.3787868,40.641
1768499035.4811366,33.804
1768499035.583596,39.284
1768499035.6859198,35.087
1768499035.7881863,45.27
1768499035.89056,32.323
1768499035.9928837,48.167
1768499036.0984182,32.342
1768499036.2007926,45.44
1768499036.3032303,36.94
1768499036.4056888,39.58
1768499036.5079553,36.645
1768499036.6102397,39.777
1768499036.712966,35.481
1768499036.815334,43.891
1768499036.9179842,32.737
1768499037.0229497,46.621
1768499037.1254015,34.889
1768499037.2282188,42.315
1768499037.3307016,36.447
1768499037.4331098,41.428
1768499037.5356648,35.975
1768499037.6381173,39.482
1768499037.7411382,38.299
1768499037.8484058,44.383
1768499037.956852,36.94
1768499038.0590715,37.806
1768499038.161389,41.921
1768499038.2635727,33.705
1768499038.3658562,41.527
1768499038.4714217,41.306
1768499038.5738738,33.705
1768499038.6765962,40.566
1768499038.7791858,38.617
1768499038.881575,36.764
1768499038.9846113,49.711
1768499039.0870667,33.705
1768499039.189476,43.078
1768499039.2951922,41.921
1768499039.3975315,34.692
1768499039.500207,41.527
1768499039.6030378,38.299
1768499039.705705,37.039
1768499039.8081737,48.561
1768499039.9104764,33.902
1768499040.0129406,40.861
1768499040.117187,42.241
1768499040.219421,35.185
1768499040.3217938,46.916
1768499040.424235,41.453
1768499040.5265458,34.791
1768499040.6288862,44.062
1768499040.7312195,40.739
1768499040.833621,35.876
1768499040.935921,52.727
1768499041.0383506,38.792
1768499041.144288,36.053
1768499041.2467203,47.282
1768499041.3491242,35.185
1768499041.4516768,35.954
1768499041.554192,40.467
1768499041.656524,37.85
1768499041.7594135,35.58
1768499041.8618526,45.046
1768499041.9670951,41.453
1768499042.073445,38.124
1768499042.1757498,36.645
1768499042.278068,45.762
1768499042.3802722,33.231
1768499042.4825535,40.96
1768499042.5848515,41.157
1768499042.687158,34.692
1768499042.789531,50.036
1768499042.8956473,33.014
1768499042.998156,41.748
1768499043.1004992,40.96
1768499043.202999,36.151
1768499043.3053014,49.259
1768499043.4076457,37.708
1768499043.5100443,38.518
1768499043.6123362,44.036
1768499043.7147892,34.396
1768499043.82119,51.579
1768499043.9235158,33.014
1768499044.025855,43.963
1768499044.1281395,38.769
1768499044.2305312,36.546
1768499044.3328657,45.019
1768499044.4351277,32.934
1768499044.5378284,42.413
1768499044.6404028,39.406
1768499044.7465649,36.645
1768499044.848952,44.16
1768499044.9512687,34.199
1768499045.0536697,46.818
1768499045.156384,33.902
1768499045.2588134,46.397
1768499045.3613222,33.705
1768499045.463766,49.938
1768499045.5661132,36.349
1768499045.6719651,39.876
1768499045.7743115,38.178
1768499045.8767202,36.349
1768499045.9791403,45.118
1768499046.0814757,33.606
1768499046.1837826,45.44
1768499046.2862213,33.212
1768499046.3925898,37.335
1768499046.50022,35.954
1768499046.6024148,38.541
1768499046.7045228,43.078
1768499046.8069217,34.988
1768499046.9091983,48.856
1768499047.0122004,37.236
1768499047.114411,39.383
1768499047.2166657,38.792
1768499047.322635,36.172
1768499047.4249508,50.43
1768499047.5275736,37.335
1768499047.6298966,37.631
1768499047.7321398,46.621
1768499047.8345582,33.527
1768499047.9370575,44.259
1768499048.0396574,38.321
1768499048.1462958,40.936
1768499048.2487633,32.836
1768499048.351295,43.865
1768499048.4536536,32.539
1768499048.556056,42.413
1768499048.658679,38.42
1768499048.7610514,37.138
1768499048.8637087,37.609
1768499048.968954,40.542
1768499049.0712664,40.467
1768499049.1736126,33.409
1768499049.276222,47.015
1768499049.378618,39.383
1768499049.4809551,33.508
1768499049.583542,46.227
1768499049.6859338,39.012
1768499049.788377,34.889
1768499049.894015,49.289
1768499049.9968276,33.033
1768499050.099644,44.554
1768499050.2021954,32.836
1768499050.3046627,41.724
1768499050.4069016,37.949
1768499050.5096657,40.861
1768499050.612308,36.349
1768499050.7209096,44.259
1768499050.8232992,34.396
1768499050.9255514,48.659
1768499051.0277035,33.606
1768499051.129944,41.822
1768499051.2322595,41.896
1768499051.3345966,34.396
1768499051.4367836,43.004
1768499051.542283,39.853
1768499051.6446602,34.297
1768499051.7470064,48.11
1768499051.849356,38.2
1768499051.951725,37.828
1768499052.0540502,45.735
1768499052.1565776,34.297
1768499052.2588634,48.196
1768499052.3610861,38.693
1768499052.4671845,36.271
1768499052.5694768,48.138
1768499052.6717758,38.003
1768499052.7742178,37.434
1768499052.8766038,44.626
1768499052.9789913,34.199
1768499053.0814257,44.331
1768499053.1836798,39.262
1768499053.2897868,37.138
1768499053.3922653,47.577
1768499053.4945996,33.606
1768499053.5969186,40.444
1768499053.6991959,43.865
1768499053.8015585,34.199
1768499053.9038694,48.069
1768499054.0061975,38.845
1768499054.1087627,35.954
1768499054.2141817,44.357
1768499054.3167477,33.409
1768499054.41917,41.256
1768499054.5215364,44.921
1768499054.6240625,34.396
1768499054.726517,52.66
1768499054.8304222,42.019
1768499054.934277,39.383
1768499055.039021,36.349
1768499055.141321,46.719
1768499055.2436826,34.593
1768499055.3461325,50.989
1768499055.4484124,37.729
1768499055.5508509,37.708
1768499055.6530752,44.456
1768499055.7554662,35.264
1768499055.857861,44.259
1768499055.9627845,35.087
1768499056.0652728,49.18
1768499056.167712,37.828
1768499056.2699971,37.039
1768499056.3729117,47.085
1768499056.475263,33.804
1768499056.5774632,43.57
1768499056.6797068,36.623
1768499056.7820964,45.664
1768499056.8876684,32.737
1768499056.9901881,44.849
1768499057.0928795,37.159
1768499057.1953092,36.743
1768499057.2976637,43.274
1768499057.3999424,33.014
1768499057.5022225,44.751
1768499057.604539,39.012
1768499057.7070212,35.087
1768499057.8132248,45.046
1768499057.915478,32.638
1768499058.0178285,39.876
1768499058.1201377,42.979
1768499058.2226772,33.804
1768499058.3248904,42.29
1768499058.427256,43.373
1768499058.5295792,34.1
1768499058.6320653,44.383
1768499058.7371519,40.294
1768499058.8394258,35.087
1768499058.9417276,50.793
1768499059.044011,33.409
1768499059.146389,44.482
1768499059.2496357,38.025
1768499059.351899,43.424
1768499059.4560866,35.264
1768499059.560892,47.479
1768499059.6631956,33.31
1768499059.7654629,43.398
1768499059.867815,39.065
1768499059.970195,37.039
1768499060.0725148,43.839
1768499060.1747842,34.692
1768499060.2770846,46.326
1768499060.37942,33.31
1768499060.4858766,42.315
1768499060.5883274,38.595
1768499060.6907034,35.679
1768499060.7931068,46.255
1768499060.89551,32.836
1768499060.9977674,40.096
1768499061.1007092,43.471
1768499061.203117,34.495
1768499061.3092604,47.31
1768499061.411754,39.557
1768499061.5140996,34.692
1768499061.6165638,44.259
1768499061.7188702,39.876
1768499061.8210618,35.481
1768499061.9234335,48.069
1768499062.02585,38.792
1768499062.1281023,36.743
1768499062.2333112,47.577
1768499062.3357365,33.804
1768499062.4379861,39.777
1768499062.5402076,48.757
1768499062.6426046,33.705
1768499062.7450283,40.27
1768499062.8473303,48.491
1768499062.949819,33.902
1768499063.0521743,41.453
1768499063.157267,45.806
1768499063.2595215,34.791
1768499063.361793,46.888
1768499063.4689302,41.354
1768499063.5731368,48.364
1768499063.6753063,41.896
1768499063.7807283,34.495
1768499063.8831527,44.679
1768499063.9854374,38.102
1768499064.0878246,36.151
1768499064.1900983,46.621
1768499064.292369,33.409
1768499064.3949273,39.777
1768499064.497319,45.834
1768499064.5997355,34.1
1768499064.7061777,39.679
1768499064.8084862,45.637
1768499064.9108775,34.495
1768499065.0133178,50.891
1768499065.1158571,38.397
1768499065.218291,38.223
1768499065.3205457,48.561
1768499065.4228864,33.804
1768499065.5253093,44.777
1768499065.630347,42.34
1768499065.7326198,35.284
1768499065.834912,47.577
1768499065.9372272,37.412
1768499066.0395558,39.262
1768499066.1419272,41.822
1768499066.2444243,34.593
1768499066.346796,49.19
1768499066.4492693,32.342
1768499066.5549133,42.709
1768499066.6571882,39.679
1768499066.7595744,42.512
1768499066.8618488,33.113
1768499066.9643548,42.044
1768499067.0667503,38.639
1768499067.169288,35.757
1768499067.2716663,41.625
1768499067.3739364,33.508
1768499067.4807792,44.357
1768499067.5831304,37.806
1768499067.6854126,36.25
1768499067.7878907,45.27
1768499067.8916383,35.658
1768499067.9940655,34.396
1768499068.0963607,47.155
1768499068.1985753,32.916
1768499068.3045256,46.523
1768499068.4073224,37.631
1768499068.5099556,38.518
1768499068.612412,43.865
1768499068.7147217,34.001
1768499068.8170538,44.429
1768499068.9194047,32.539
1768499069.0220687,41.847
1768499069.128542,40.861
1768499069.2309277,34.692
1768499069.333246,46.987
1768499069.4355438,40.369
1768499069.5378575,33.902
1768499069.6402016,44.58
1768499069.7426565,40.96
1768499069.8450465,34.889
1768499069.947333,44.876
1768499070.053595,39.284
1768499070.1559916,36.645
1768499070.2583084,47.184
1768499070.360619,33.606
1768499070.462996,38.814
1768499070.5653212,47.549
1768499070.667719,36.842
1768499070.7701564,37.806
1768499070.8725016,47.479
1768499070.9778278,33.428
1768499071.0802624,38.496
1768499071.1825864,43.839
1768499071.2849782,34.988
1768499071.3872597,47.704
1768499071.489573,41.822
1768499071.591816,34.396
1768499071.6946223,43.963
1768499071.796996,38.943
1768499071.9026592,36.447
1768499072.0048664,51.91
1768499072.1077127,40.566
1768499072.209995,35.658
1768499072.3122492,38.913
1768499072.4155655,36.25
1768499072.517795,50.959
1768499072.619923,40.814
1768499072.725503,36.349
1768499072.8279643,48.63
1768499072.930283,39.482
1768499073.032607,35.481
1768499073.134847,48.462
1768499073.2372057,40.444
1768499073.3395114,35.264
1768499073.4418263,47.844
1768499073.5440736,39.928
1768499073.6502645,32.737
1768499073.752552,41.256
1768499073.8551772,44.948
1768499073.9574296,33.902
1768499074.0599964,41.33
1768499074.1622486,39.012
1768499074.2651792,36.94
1768499074.3675144,47.745
1768499074.4701478,33.705
1768499074.5759482,40.936
1768499074.678603,45.735
1768499074.7809055,34.199
1768499074.8836231,42.881
1768499074.9859247,41.724
1768499075.0884414,35.284
1768499075.191001,50.928
1768499075.2934952,34.771
1768499075.3988347,37.631
1768499075.5012217,50.596
1768499075.6035147,35.461
1768499075.7060425,38.595
1768499075.8086782,46.79
1768499075.9114501,33.705
1768499076.0138884,43.103
1768499076.1161547,40.59
1768499076.2183647,34.692
1768499076.3249638,46.692
1768499076.4272842,33.705
1768499076.5360723,33.409
1768499076.6384695,44.357
1768499076.740712,40.936
1768499076.842954,39.951
1768499076.9485867,34.593
1768499077.0509374,46.621
1768499077.1532753,36.645
1768499077.255678,39.974
1768499077.358605,36.426
1768499077.4609253,44.823
1768499077.563329,34.396
1768499077.6658356,49.81
1768499077.7680404,37.631
1768499077.8736231,37.729
1768499077.9759512,42.881
1768499078.0782073,35.284
1768499078.1805315,46.298
1768499078.283004,33.212
1768499078.3853493,45.565
1768499078.4875844,39.209
1768499078.589891,36.447
1768499078.6924014,46.523
1768499078.79776,33.329
1768499078.9001586,39.58
1768499079.0025015,41.354
1768499079.104823,34.889
1768499079.207384,52.531
1768499079.309976,38.397
1768499079.4124386,38.025
1768499079.5148613,46.621
1768499079.6173415,34.791
1768499079.7227407,37.434
1768499079.8251302,43.839
1768499079.9275122,34.889
1768499080.029797,45.046
1768499080.1322327,41.034
1768499080.234551,35.679
1768499080.336976,48.561
1768499080.4392834,34.001
1768499080.542327,40.073
1768499080.647616,43.398
1768499080.750143,34.692
1768499080.8525167,42.413
1768499080.955914,38.989
1768499081.058565,43.103
1768499081.1610475,35.778
1768499081.2633338,49.348
1768499081.3655775,35.757
1768499081.4713247,39.974
1768499081.5737405,45.216
1768499081.6760216,34.297
1768499081.7784102,45.735
1768499081.8806465,41.822
1768499081.9829102,34.396
1768499082.0853481,51.481
1768499082.1876543,38.299
1768499082.289919,37.927
1768499082.3922122,47.577
1768499082.498374,34.692
1768499082.6006908,38.595
1768499082.703113,40.96
1768499082.8056169,34.988
1768499082.9078965,46.397
1768499083.0103128,38.343
1768499083.1127543,36.349
1768499083.2150905,46.692
1768499083.3173232,33.31
1768499083.4239225,43.963
1768499083.5262637,39.186
1768499083.628553,35.481
1768499083.7309554,45.145
1768499083.8332415,33.508
1768499083.9357488,49.122
1768499084.0380602,39.012
1768499084.1404731,35.284
1768499084.2429135,45.118
1768499084.3493552,34.001
1768499084.45161,47.085
1768499084.5539563,37.335
1768499084.656371,36.645
1768499084.7587905,46.593
1768499084.8610768,33.705
1768499084.9636555,51.118
1768499085.066058,37.708
1768499085.1724045,37.039
1768499085.2769089,46.79
1768499085.37911,49.377
1768499085.481332,33.033
1768499085.5835578,41.059
1768499085.6857917,38.397
1768499085.7881334,37.039
1768499085.8905401,41.625
1768499085.997315,34.495
1768499086.0996637,47.577
1768499086.2020173,32.817
1768499086.3045013,41.354
1768499086.4069173,37.554
1768499086.5094404,36.349
1768499086.6117299,46.298
1768499086.7143774,33.329
1768499086.8206959,39.505
1768499086.923193,34.495
1768499087.0255415,44.652
1768499087.1279283,32.836
1768499087.2301557,43.497
1768499087.3325996,38.2
1768499087.4348867,34.889
1768499087.5372221,47.872
1768499087.640081,36.842
1768499087.7455187,38.025
1768499087.847889,38.769
1768499087.9505072,36.349
1768499088.053196,45.637
1768499088.1556509,33.804
1768499088.2582405,49.839
1768499088.3605874,33.329
1768499088.4630802,47.155
1768499088.5656707,32.638
1768499088.6716459,43.792
1768499088.7740617,37.412
1768499088.8766804,37.434
1768499088.9795175,41.921
1768499089.081897,34.396
1768499089.1841943,46.2
1768499089.286609,33.329
1768499089.3894348,48.138
1768499089.4920526,34.692
1768499089.6004164,40.96
1768499089.703055,40.641
1768499089.8057606,37.313
1768499089.908103,35.757
1768499090.0104725,45.637
1768499090.1128185,33.033
1768499090.2151554,46.129
1768499090.3173337,37.532
1768499090.4234471,41.133
1768499090.525887,37.85
1768499090.6284726,35.975
1768499090.7309358,42.833
1768499090.8333952,33.508
1768499090.9361155,47.872
1768499091.0384269,36.764
1768499091.140821,37.434
1768499091.2432692,44.921
1768499091.3496397,34.001
1768499091.4520319,45.861
1768499091.5542943,41.157
1768499091.6567585,34.199
1768499091.759321,49.22
1768499091.861693,37.236
1768499091.9641438,37.631
1768499092.0665655,42.068
1768499092.169126,34.791
1768499092.2750762,47.45
1768499092.3773687,33.705
1768499092.4796517,41.822
1768499092.5821347,43.694
1768499092.6844318,34.297
1768499092.7867513,44.823
1768499092.8890042,39.209
1768499092.991385,35.975
1768499093.0976613,50.86
1768499093.2002048,38.792
1768499093.3026981,37.532
1768499093.4052296,42.684
1768499093.5075207,34.988
1768499093.6105037,48.659
1768499093.7127748,41.231
1768499093.8166196,34.692
1768499093.9225912,50.263
1768499094.0248227,35.185
1768499094.1280932,50.823
1768499094.2302485,37.828
1768499094.3324282,36.645
1768499094.4347837,47.999
1768499094.5369158,33.606
1768499094.6392212,39.012
1768499094.741478,45.905
1768499094.847389,33.902
1768499094.9498265,47.282
1768499095.0523765,38.572
1768499095.1548011,36.546
1768499095.2570937,49.318
1768499095.359474,33.606
1768499095.4617324,40.566
1768499095.5641294,43.103
1768499095.6715643,34.495
1768499095.773976,44.849
1768499095.8763282,37.236
1768499095.9787364,39.11
1768499096.0809598,42.585
1768499096.1832619,34.1
1768499096.2855887,47.745
1768499096.3879755,37.434
1768499096.4939098,39.777
1768499096.5962691,37.806
1768499096.698532,35.975
1768499096.8010714,33.113
1768499096.90357,42.315
1768499097.005967,41.625
1768499097.1084008,33.508
1768499097.210734,42.413
1768499097.3130324,37.412
1768499097.4186275,36.94
1768499097.5210023,38.769
1768499097.6233854,37.236
1768499097.725871,39.482
1768499097.8287146,36.074
1768499097.9311254,42.315
1768499098.0351212,34.1
1768499098.1374307,48.787
1768499098.2421157,33.212
1768499098.3444948,40.42
1768499098.4468324,36.567
1768499098.5493143,45.806
1768499098.6515887,33.705
1768499098.7538958,46.987
1768499098.8561068,37.587
1768499098.958267,37.631
1768499099.0605452,45.511
1768499099.1659384,33.033
1768499099.2685268,41.157
1768499099.3709636,42.241
1768499099.4733167,34.1
1768499099.5757458,46.888
1768499099.6782293,35.876
1768499099.7805526,40.172
1768499099.8828526,39.876
1768499099.985135,35.087
1768499100.0912075,50.43
1768499100.193546,38.223
1768499100.296071,36.25
1768499100.3985164,46.916
1768499100.5008476,33.31
1768499100.6031077,40.345
1768499100.7054741,42.979
1768499100.8078647,33.804
1768499100.915078,43.471
1768499101.0173795,39.406
1768499101.1197488,34.593
1768499101.2220953,46.523
1768499101.324376,39.087
1768499101.426811,35.067
1768499101.529252,50.891
1768499101.631558,37.532
1768499101.7377353,39.209
1768499101.840131,40.294
1768499101.9425406,34.1
1768499102.0454934,48.04
1768499102.1479003,36.94
1768499102.2516959,37.138
1768499102.353984,44.456
1768499102.4563732,33.804
1768499102.5617661,45.511
1768499102.6643732,34.889
1768499102.7666698,46.987
1768499102.8689,34.771
1768499102.9712315,52.495
1768499103.0734189,38.223
1768499103.1757994,35.856
1768499103.2779562,54.004
1768499103.380232,38.716
1768499103.4862816,36.25
1768499103.588634,51.223
1768499103.6909795,39.656
1768499103.7932262,37.631
1768499103.895537,47.38
1768499103.997918,38.693
1768499104.100308,36.447
1768499104.2026489,51.579
1768499104.3050158,39.087
1768499104.4104936,35.856
1768499104.5127456,45.905
1768499104.6150591,41.034
1768499104.7174435,34.791
1768499104.8196945,44.626
1768499104.9219804,40.444
1768499105.0243073,34.889
1768499105.12664,49.289
1768499105.2291965,34.771
1768499105.3349273,41.453
1768499105.4372091,38.321
1768499105.5395083,36.94
1768499105.641822,45.565
1768499105.7441127,33.132
1768499105.846428,42.807
1768499105.9489198,39.58
1768499106.051282,34.297
1768499106.1536374,46.495
1768499106.2606645,38.146
1768499106.3629982,36.151
1768499106.470156,42.118
1768499106.5724022,33.31
1768499106.6745796,40.566
1768499106.7769165,32.638
1768499106.8831446,34.001
1768499106.9853702,38.518
1768499107.0874238,47.872
1768499107.1897273,34.001
1768499107.2920394,43.989
1768499107.3942258,42.684
1768499107.4964721,35.087
1768499107.5987253,45.637
1768499107.7008777,39.853
1768499107.803054,36.743
1768499107.908272,48.237
1768499108.0104768,35.58
1768499108.112962,40.467
1768499108.2152889,42.29
1768499108.317734,36.743
1768499108.420097,47.647
1768499108.5225186,34.001
1768499108.624852,42.512
1768499108.7270992,46.719
1768499108.830642,34.396
1768499108.9339924,44.357
1768499109.0362458,37.729
1768499109.1386006,37.729
1768499109.2411485,44.16
1768499109.3437097,34.396
1768499109.4460063,50.006
1768499109.548282,32.836
1768499109.6507587,39.505
1768499109.753249,40.542
1768499109.857931,34.889
1768499109.9602842,45.511
1768499110.0627306,33.705
1768499110.16509,39.11
1768499110.26756,36.842
1768499110.3700442,35.954
1768499110.472502,38.89
1768499110.5749073,39.679
1768499110.6776311,34.001
1768499110.7830935,48.433
1768499110.8881264,32.342
1768499110.9905062,39.974
1768499111.0929117,40.073
1768499111.1966507,34.593
1768499111.2988644,43.398
1768499111.4012039,32.916
1768499111.507477,41.822
1768499111.6098917,34.1
1768499111.7121363,43.891
1768499111.81447,38.693
1768499111.9166815,35.087
1768499112.0189433,48.196
1768499112.121332,33.014
1768499112.223522,39.186
1768499112.3258471,42.833
1768499112.4321547,34.495
1768499112.5344913,44.751
1768499112.636755,38.595
1768499112.7391262,35.185
1768499112.8414798,48.561
1768499112.9438753,38.792
1768499113.0461988,36.25
1768499113.148681,51.026
1768499113.2510076,36.053
1768499113.3563647,40.467
1768499113.4588346,48.237
1768499113.561246,34.1
1768499113.6637564,40.172
1768499113.7663112,47.141
1768499113.8686464,34.593
1768499113.9709842,48.208
1768499114.0734768,39.133
1768499114.1798089,38.595
1768499114.282048,46.424
1768499114.3843422,35.087
1768499114.4866586,51.714
1768499114.589089,34.396
1768499114.6912706,41.231
1768499114.7936075,41.896
1768499114.8964453,34.495
1768499114.9987984,46.424
1768499115.1082215,38.989
1768499115.210688,36.468
1768499115.312929,46.102
1768499115.4152765,33.132
1768499115.517476,41.157
1768499115.6197577,43.398
1768499115.7221391,34.297
1768499115.8286426,32.836
1768499115.9307868,39.679
1768499116.0330555,45.637
1768499116.135309,33.132
1768499116.2374098,40.27
1768499116.339543,38.2
1768499116.441833,37.236
1768499116.544125,46.326
1768499116.6465082,33.231
1768499116.7488532,32.046
1768499116.851902,44.285
1768499116.9548476,35.362
1768499117.0573573,42.315
1768499117.1598866,36.645
1768499117.262235,39.307
1768499117.364606,38.617
1768499117.4669669,36.546
1768499117.5692966,45.511
1768499117.6719027,33.409
1768499117.7789714,45.806
1768499117.8815901,34.001
1768499117.983933,49.023
1768499118.0862505,32.144
1768499118.1887336,39.406
1768499118.2910697,40.444
1768499118.393399,34.001
1768499118.4958794,48.659
1768499118.6031997,36.546
1768499118.7058687,36.743
1768499118.8083313,41.946
1768499118.9110897,33.705
1768499119.0134764,43.57
1768499119.1158087,42.216
1768499119.218135,33.804
1768499119.3205383,43.595
1768499119.4230392,40.542
1768499119.536956,34.1
1768499119.6413763,48.266
1768499119.7436085,36.447
1768499119.8518465,49.515
1768499119.9541657,38.518
1768499120.056598,36.546
1768499120.1589777,48.237
1768499120.2613115,34.199
1768499120.3636498,46.79
1768499120.4661205,39.482
1768499120.568554,37.434
1768499120.6734178,48.266
1768499120.7757602,34.889
1768499120.8782382,47.015
1768499120.9804983,41.995
1768499121.082838,35.185
1768499121.1851368,45.243
1768499121.2873623,39.482
1768499121.3896801,37.729
1768499121.4920745,50.959
1768499121.5971434,37.335
1768499121.699564,37.828
1768499121.8019402,47.675
1768499121.9042792,34.988
1768499122.0065901,47.675
1768499122.1089697,39.383
1768499122.2112243,35.954
1768499122.3139887,46.298
1768499122.4164095,33.804
1768499122.521873,41.527
1768499122.6242554,40.321
1768499122.7267883,32.539
1768499122.8291934,40.641
1768499122.931588,38.299
1768499123.0341508,35.856
1768499123.1367016,46.2
1768499123.2392218,33.113
1768499123.3415432,40.444
1768499123.4476345,39.284
1768499123.5499256,34.988
1768499123.652345,50.135
1768499123.7560754,38.693
1768499123.8584037,36.074
1768499123.9606993,49.249
1768499124.0632036,36.82
1768499124.1656594,47.422
1768499124.267971,33.902
1768499124.3727312,41.822
1768499124.4749155,42.807
1768499124.5773444,35.087
1768499124.6796849,47.31
1768499124.7821095,40.27
1768499124.8844244,35.461
1768499124.9867947,49.318
1768499125.0890906,38.223
1768499125.1914012,37.532
1768499125.2964125,47.479
1768499125.3990486,34.1
1768499125.5013726,42.241
1768499125.6036823,40.715
1768499125.7060263,35.185
1768499125.808353,51.579
1768499125.9107726,35.067
1768499126.013205,38.617
1768499126.1155276,43.201
1768499126.2211864,33.902
1768499126.3234258,46.424
1768499126.4257834,32.638
1768499126.5281043,39.679
1768499126.6303825,43.078
1768499126.7329617,39.974
1768499126.8353744,32.934
1768499126.9379253,43.694
1768499127.0404198,37.609
1768499127.1465945,35.481
1768499127.248993,46.326
1768499127.3515282,33.31
1768499127.4539542,49.938
1768499127.55666,37.631
1768499127.6590126,38.025
1768499127.7616386,41.231
1768499127.8639407,36.151
1768499127.966319,40.641
1768499128.0713365,34.889
1768499128.1736546,44.823
1768499128.2776937,41.256
1768499128.3802114,34.791
1768499128.4825165,49.878
1768499128.5848653,39.383
1768499128.687198,51.677
1768499128.7898726,33.508
1768499128.8955362,39.899
1768499128.9978576,45.538
1768499129.1001422,34.495
1768499129.202466,48.925
1768499129.304722,33.31
1768499129.4070473,42.413
1768499129.5095797,43.052
1768499129.612122,35.461
1768499129.714481,49.711
1768499129.8211305,33.705
1768499129.9235332,44.482
1768499130.026118,42.216
1768499130.1285682,35.185
1768499130.2309923,51.843
1768499130.3333213,37.138
1768499130.4358363,39.406
1768499130.538303,43.201
1768499130.6409147,34.593
1768499130.7455316,48.335
1768499130.8479166,37.631
1768499130.9505212,37.138
1768499131.0529022,47.212
1768499131.1554816,33.033
1768499131.2578294,40.566
1768499131.3603199,42.734
1768499131.4626043,34.297
1768499131.5652585,48.757
1768499131.6702213,38.496
1768499131.7728248,36.151
1768499131.875474,46.79
1768499131.9784064,33.508
1768499132.0809407,41.822
1768499132.1834261,40.664
1768499132.2858138,35.56
1768499132.3881013,49.023
1768499132.4963248,33.902
1768499132.5987403,43.792
1768499132.7011766,39.163
1768499132.8033462,36.447
1768499132.9057047,47.507
1768499133.0082035,42.709
1768499133.1102898,39.603
1768499133.212481,36.053
1768499133.3158078,52.071
1768499133.418237,38.716
1768499133.520604,37.927
1768499133.6230278,49.22
1768499133.7252939,37.905
1768499133.8277857,36.94
1768499133.930145,47.184
1768499134.0325994,36.546
1768499134.1349752,37.412
1768499134.2372425,52.401
1768499134.3394408,40.27
1768499134.4447877,35.658
1768499134.5473194,48.532
1768499134.649717,41.773
1768499134.7521477,35.185
1768499134.8544314,46.424
1768499134.9572587,42.537
1768499135.0596375,35.362
1768499135.1620781,50.596
1768499135.2643225,39.383
1768499135.3696117,37.806
1768499135.4718218,48.797
1768499135.5740602,34.199
1768499135.6764376,38.102
1768499135.7787635,50.241
1768499135.8810754,33.902
1768499135.9833202,41.724
1768499136.0855892,43.004
1768499136.1879358,35.975
1768499136.2902303,49.643
1768499136.3937285,39.11
1768499136.4961643,47.45
1768499136.598684,33.409
1768499136.7009013,38.792
1768499136.803394,33.902
1768499136.9058852,47.52
1768499137.008636,34.849
1768499137.111111,37.138
1768499137.2168612,45.046
1768499137.3258162,33.212
1768499137.4280527,43.963
1768499137.530286,37.828
1768499137.632605,32.638
1768499137.7360606,46.03
1768499137.8381858,37.927
1768499137.9403343,37.039
1768499138.0462432,41.157
1768499138.1488304,35.185
1768499138.251201,45.834
1768499138.3535318,38.716
1768499138.4560888,37.335
1768499138.5585084,45.216
1768499138.6608682,34.692
1768499138.7632866,50.339
1768499138.8688147,36.447
1768499138.9711924,39.284
1768499139.073477,41.133
1768499139.1757767,34.889
1768499139.2784238,45.735
1768499139.3810503,34.1
1768499139.4834876,47.212
1768499139.5857434,38.89
1768499139.6881456,35.383
1768499139.7931461,43.865
1768499139.8954134,32.737
1768499139.9977324,39.58
1768499140.1000342,42.413
1768499140.2022748,34.495
1768499140.3046398,46.495
1768499140.4070618,33.31
1768499140.5094354,44.652
1768499140.611761,38.496
1768499140.7166631,36.645
1768499140.819642,46.353
1768499140.9218416,36.94
1768499141.024141,37.412
1768499141.1265893,46.326
1768499141.2288542,34.297
1768499141.3312125,45.368
1768499141.4342074,39.262
1768499141.536483,36.151
1768499141.6413355,50.105
1768499141.7438316,33.409
1768499141.8463285,40.172
1768499141.9487758,47.282
1768499142.0514753,39.087
1768499142.154055,42.216
1768499142.2567296,35.284
1768499142.358906,52.759
1768499142.4658926,37.412
1768499142.5682125,38.814
1768499142.6708477,47.155
1768499142.7732184,33.804
1768499142.8757453,44.849
1768499142.9780757,39.383
1768499143.0806127,35.58
1768499143.1829422,46.495
1768499143.290063,33.014
1768499143.3923545,40.369
1768499143.4946613,42.61
1768499143.597003,34.889
1768499143.699344,48.659
1768499143.8018954,32.638
1768499143.9044669,42.709
1768499144.0069613,38.769
1768499144.1129205,35.481
1768499144.2152398,45.118
1768499144.3175542,33.033
1768499144.4200175,40.763
1768499144.5224261,38.518
1768499144.624805,35.876
1768499144.7271774,46.621
1768499144.8296113,33.31
1768499144.9321167,44.383
1768499145.0382004,40.936
1768499145.1406384,34.297
1768499145.2428057,43.274
1768499145.3450255,41.157
1768499145.4507053,34.988
1768499145.553,51.677
1768499145.656493,39.11
1768499145.7617517,37.138
1768499145.8641176,48.323
1768499145.9665575,34.297
1768499146.068914,39.951
1768499146.1725633,36.151
1768499146.2747574,49.416
1768499146.377048,33.606
1768499146.4792492,44.554
1768499146.5852544,39.702
1768499146.6876652,43.891
1768499146.790304,35.087
1768499146.892575,48.954
1768499146.9950025,34.495
1768499147.0972793,37.51
1768499147.1996086,38.245
1768499147.3019898,35.481
1768499147.4084983,48.63
1768499147.5108852,37.532
1768499147.6134686,37.138
1768499147.7161689,44.062
1768499147.8186653,34.297
1768499147.92114,46.846
1768499148.023528,33.231
1768499148.1260102,47.38
1768499148.2324705,37.828
1768499148.334864,38.42
1768499148.437179,40.96
1768499148.539499,34.495
1768499148.641831,49.613
1768499148.7441666,32.836
1768499148.84656,41.625
1768499148.9488647,39.163
1768499149.0512395,35.876
1768499149.1569564,46.621
1768499149.2593179,33.902
1768499149.3617241,45.145
1768499149.4640102,37.828
1768499149.566374,38.223
1768499149.669731,46.621
1768499149.7723522,33.606
1768499149.8746834,49.515
1768499149.9810448,36.546
1768499150.0833986,38.025
1768499150.1859329,46.818
1768499150.2883594,46.03
1768499150.3914046,38.595
1768499150.4937243,37.828
1768499150.5959606,47.97
1768499150.698074,33.804
1768499150.8003693,43.57
1768499150.906175,40.838
1768499151.0084774,35.087
1768499151.1107962,53.12
1768499151.2131538,33.724
1768499151.3155057,39.754
1768499151.417832,42.044
1768499151.5201979,36.074
1768499151.6226013,51.776
1768499151.7250447,33.804
1768499151.8302543,42.29
1768499151.9326167,37.51
1768499152.0349624,39.383
1768499152.1372848,40.392
1768499152.2396903,38.223
1768499152.3421664,43.3
1768499152.4446228,36.151
1768499152.5468726,44.456
1768499152.6532328,35.284
1768499152.7555501,50.989
1768499152.8580015,32.836
1768499152.96036,42.019
1768499153.0628004,38.716
1768499153.1651714,35.383
1768499153.2676766,45.243
1768499153.3701122,33.508
1768499153.472855,45.243
1768499153.578024,36.271
1768499153.6820817,37.828
1768499153.7847197,40.96
1768499153.8870707,34.692
1768499153.9910684,46.058
1768499154.0932946,32.934
1768499154.1957748,43.963
1768499154.301701,36.645
1768499154.404442,39.087
1768499154.5069478,34.692
1768499154.610337,44.429
1768499154.7126791,33.902
1768499154.8149374,39.777
1768499154.9171236,43.103
1768499155.019527,34.001
1768499155.1257493,52.071
1768499155.228062,33.132
1768499155.3304334,43.078
1768499155.432771,38.025
1768499155.535335,37.631
1768499155.6377053,45.538
1768499155.740111,34.1
1768499155.842515,45.511
1768499155.9448721,39.087
1768499156.0506399,36.567
1768499156.1529746,47.282
1768499156.255494,34.1
1768499156.357742,45.538
1768499156.4602466,37.828
1768499156.5625887,38.496
1768499156.6650906,44.357
1768499156.7675219,49.976
1768499156.8735483,37.313
1768499156.9759133,40.542
1768499157.0783215,40.838
1768499157.180749,35.383
1768499157.2831125,51.646
1768499157.38552,33.409
1768499157.4878187,43.694
1768499157.5901556,39.087
1768499157.6924744,35.954
1768499157.797532,46.566
1768499157.9001234,35.185
1768499158.0025043,46.495
1768499158.1059725,33.606
1768499158.2083216,50.036
1768499158.3105526,32.934
1768499158.4129117,41.822
1768499158.5152678,32.441
1768499158.6174893,44.383
1768499158.7227836,36.94
1768499158.825472,37.927
1768499158.9279106,34.001
1768499159.030172,49.348
1768499159.1323857,32.539
1768499159.2347121,41.724
1768499159.3370004,35.185
1768499159.4391737,42.636
1768499159.541495,37.039
1768499159.647671,38.299
1768499159.7502997,43.201
1768499159.8528726,34.199
1768499159.9552753,45.243
1768499160.057716,33.329
1768499160.160215,43.57
1768499160.2626355,37.85
1768499160.3651013,37.236
1768499160.4708169,44.652
1768499160.5731232,33.705
1768499160.6754851,45.932
1768499160.7777784,38.42
1768499160.8802023,36.151
1768499160.9824698,46.861
1768499161.0847237,33.033
1768499161.1870005,40.073
1768499161.289314,43.891
1768499161.3943412,34.001
1768499161.4966502,44.383
1768499161.5989232,38.716
1768499161.7013416,34.988
1768499161.8037517,47.999
1768499161.9060109,39.482
1768499162.008325,36.645
1768499162.111349,50.135
1768499162.2136607,33.626
1768499162.3177214,39.482
1768499162.4198685,46.397
1768499162.522592,33.902
1768499162.6249697,41.231
1768499162.727946,47.409
1768499162.830307,34.001
1768499162.9327726,42.216
1768499163.035094,39.307
1768499163.1373088,37.335
1768499163.2432563,50.271
1768499163.3454692,39.482
1768499163.4483113,42.61
1768499163.5505953,34.495
1768499163.652774,47.45
1768499163.7549424,38.025
1768499163.8570726,35.856
1768499163.959203,48.433
1768499164.0614443,39.186
1768499164.1681514,36.743
1768499164.2706375,46.397
1768499164.3728678,33.606
1768499164.475223,41.921
1768499164.5775204,44.16
1768499164.679911,34.001
1768499164.782189,42.906
1768499164.8844788,42.413
1768499164.9867063,34.692
1768499165.0927398,42.585
1768499165.1950548,41.231
1768499165.297388,34.692
1768499165.3996027,48.237
1768499165.502026,37.215
1768499165.6042702,37.236
1768499165.7064753,51.186
1768499165.808707,33.902
1768499165.911137,43.989
1768499166.0173101,44.357
1768499166.1196682,34.495
1768499166.2223158,43.694
1768499166.324697,39.754
1768499166.4270008,35.757
1768499166.5298305,43.176
1768499166.6321719,35.383
1768499166.7347083,46.2
1768499166.8405085,37.631
1768499166.942894,47.717
1768499167.0452642,34.1
1768499167.149039,37.905
1768499167.251198,48.994
1768499167.3535564,38.223
1768499167.455728,36.447
1768499167.5581439,44.948
1768499167.6641939,38.42
1768499167.7679157,45.243
1768499167.8700929,33.705
1768499167.972225,45.046
1768499168.0744214,36.94
1768499168.1767075,36.842
1768499168.2789967,43.767
1768499168.3810985,33.804
1768499168.4833941,45.091
1768499168.5899732,35.954
1768499168.6923537,36.743
1768499168.7948198,49.122
1768499168.8972185,33.113
1768499168.9995105,39.876
1768499169.1018696,43.767
1768499169.2042577,34.199
1768499169.306829,48.885
1768499169.4130623,34.869
1768499169.5154796,39.777
1768499169.6179416,43.201
1768499169.7202735,34.495
1768499169.8226454,46.818
1768499169.9249828,37.412
1768499170.027309,40.838
1768499170.1296008,34.869
1768499170.232051,43.595
1768499170.3375273,38.693
1768499170.4398725,35.757
1768499170.542203,45.806
1768499170.6445856,34.199
1768499170.7472003,38.223
1768499170.849531,45.637
1768499170.9520364,32.934
1768499171.0543342,41.428
1768499171.1568177,40.664
1768499171.2629473,34.199
1768499171.3658466,51.745
1768499171.4681594,32.737
1768499171.5704134,39.186
1768499171.6727595,47.184
1768499171.7751448,40.345
1768499171.877406,34.396
1768499171.979756,44.679
1768499172.0856013,37.434
1768499172.1879928,45.511
1768499172.290179,33.231
1768499172.3923323,42.044
1768499172.4948406,39.307
1768499172.5969653,34.889
1768499172.699231,48.561
1768499172.8013542,38.617
1768499172.9034948,35.876
1768499173.0056553,50.694
1768499173.1108158,38.277
1768499173.2130444,35.284
1768499173.3153224,51.155
1768499173.4176004,36.645
1768499173.5199325,38.299
1768499173.622334,45.878
1768499173.724747,33.606
1768499173.8269818,41.33
1768499173.929481,42.709
1768499174.035163,34.297
1768499174.1374705,46.593
1768499174.239937,39.383
1768499174.3421779,36.468
1768499174.4443886,48.138
1768499174.5467494,33.132
1768499174.6490211,38.299
1768499174.7512553,45.735
1768499174.8536062,32.934
1768499174.95862,39.876
1768499175.0608552,43.176
1768499175.1631548,34.1
1768499175.2654421,44.948
1768499175.3681908,38.989
1768499175.470496,36.151
1768499175.5727744,47.577
1768499175.6751323,35.185
1768499175.7773485,37.138
1768499175.884255,47.31
1768499175.9865813,33.409
1768499176.08885,38.397
1768499176.1910925,46.762
1768499176.2933571,35.284
1768499176.3956199,37.631
1768499176.49793,46.636
1768499176.6003582,34.1
1768499176.7026594,44.357
1768499176.8081138,48.069
1768499176.9103842,32.916
1768499177.0125365,39.58
1768499177.1147747,39.186
1768499177.217032,34.1
1768499177.3192637,45.341
1768499177.421469,32.441
1768499177.523702,47.675
1768499177.6260543,36.842
1768499177.728324,37.609
1768499177.8332303,39.383
1768499177.9355192,35.284
1768499178.0378504,44.751
1768499178.140117,33.033
1768499178.2425816,42.413
1768499178.3449178,38.047
1768499178.44727,35.481
1768499178.549529,39.876
1768499178.6520162,35.185
1768499178.7545412,41.034
1768499178.8595545,33.132
1768499178.961897,49.151
1768499179.0642812,36.447
1768499179.1667926,39.284
1768499179.2691936,39.974
1768499179.3715558,34.001
1768499179.4739203,47.577
1768499179.5761979,33.033
1768499179.6785266,44.554
1768499179.780892,37.653
1768499179.8853722,38.518
1768499179.9877162,38.146
1768499180.0900965,40.148
1768499180.1928449,34.1
1768499180.295191,42.906
1768499180.397409,36.842
1768499180.4998496,40.369
1768499180.6020842,37.532
1768499180.7044964,35.876
1768499180.807696,46.916
1768499180.9147456,32.737
1768499181.0171807,41.157
1768499181.1194923,37.138
1768499181.2217927,37.039
1768499181.3240917,39.754
1768499181.4265285,34.988
1768499181.5288725,40.518
1768499181.6313925,33.902
1768499181.7382534,32.342
1768499181.840511,43.595
1768499181.9429557,32.144
1768499182.0453403,47.45
1768499182.1476955,32.144
1768499182.25003,38.2
1768499182.3523228,41.33
1768499182.4545927,33.724
1768499182.556837,43.103
1768499182.6626368,32.046
1768499182.7651763,41.428
1768499182.8676105,36.032
1768499182.9700758,36.447
1768499183.0725012,40.838
1768499183.175029,33.409
1768499183.2774043,43.497
1768499183.3798022,39.36
1768499183.4865334,34.889
1768499183.5889373,44.751
1768499183.6913044,32.836
1768499183.7936747,40.073
1768499183.8961828,40.641
1768499183.9987228,34.199
1768499184.1010075,49.81
1768499184.2033565,36.94
1768499184.3091881,39.186
1768499184.4120574,43.471
1768499184.5145254,33.527
1768499184.6169143,43.471
1768499184.7192,37.806
1768499184.8218868,35.087
1768499184.9243743,49.151
1768499185.027623,34.001
1768499185.1340358,39.11
1768499185.236474,45.44
1768499185.3388555,33.31
1768499185.4412014,38.792
1768499185.5433848,41.724
1768499185.645821,34.593
1768499185.7481875,47.605
1768499185.8505023,37.335
1768499185.952877,46.326
1768499186.0599363,33.132
1768499186.162368,45.27
1768499186.2647696,38.989
1768499186.3670251,35.481
1768499186.4693494,46.2
1768499186.571696,33.527
1768499186.6741664,50.891
1768499186.7766073,36.151
1768499186.8818583,44.482
1768499186.984183,33.329
1768499187.0868435,45.27
1768499187.1892803,39.012
1768499187.2917187,35.087
1768499187.3942144,46.888
1768499187.496555,33.014
1768499187.5989017,39.482
1768499187.7012362,43.497
1768499187.806155,34.692
1768499187.908676,46.2
1768499188.0112686,34.1
1768499188.1136212,49.151
1768499188.216027,34.1
1768499188.3183882,38.2
1768499188.42085,39.505
1768499188.523438,37.236
1768499188.6304345,41.921
1768499188.7328384,34.495
1768499188.8352535,44.974
1768499188.9375174,32.836
1768499189.0398235,47.015
1768499189.1421728,36.447
1768499189.2460303,36.764
1768499189.3483233,44.259
1768499189.454562,33.231
1768499189.5573308,49.839
1768499189.6597073,32.836
1768499189.7622418,43.103
1768499189.8647492,36.82
1768499189.9672906,39.307
1768499190.0695508,42.807
1768499190.1722066,50.626
1768499190.2794847,33.329
1768499190.3818588,43.963
1768499190.4843168,33.606
1768499190.5867176,40.936
1768499190.689277,39.383
1768499190.7918525,36.074
1768499190.8942974,46.129
1768499190.9967594,33.527
1768499191.1016803,47.802
1768499191.2041025,37.631
1768499191.3064861,36.546
1768499191.4088342,44.554
1768499191.511221,33.428
1768499191.613784,46.424
1768499191.7161856,37.138
1768499191.8185773,37.434
1768499191.921005,45.046
1768499192.0271938,33.231
1768499192.1294897,41.059
1768499192.2317946,43.201
1768499192.3341835,34.791
1768499192.4364965,45.806
1768499192.5387647,37.883
1768499192.6410916,36.94
1768499192.7435124,47.155
1768499192.8510478,33.409
1768499192.9534962,41.65
1768499193.0562387,42.019
1768499193.158537,34.889
1768499193.2615473,50.694
1768499193.36399,38.124
1768499193.4663303,36.546
1768499193.5686696,46.916
1768499193.6737685,34.297
1768499193.7763813,42.782
1768499193.878703,38.496
1768499193.9809978,35.087
1768499194.0833585,48.885
1768499194.1857085,36.645
1768499194.2881293,47.409
1768499194.391847,37.85
1768499194.4972804,37.138
1768499194.5997584,49.122
1768499194.7020025,38.102
1768499194.8043382,35.975
1768499194.906675,50.075
1768499195.0089853,38.397
1768499195.1114712,35.778
1768499195.2137663,50.271
1768499195.3160267,38.397
1768499195.42216,36.743
1768499195.5244744,45.806
1768499195.6268036,33.606
1768499195.7290547,40.763
1768499195.8314762,44.876
1768499195.9339435,34.001
1768499196.03625,45.073
1768499196.1385376,39.133
