timestamp,power_watts
1768493228.9855115,40.467
1768493229.0877504,100.991
1768493229.1900609,67.844
1768493229.2924657,66.432
1768493229.3948398,65.649
1768493229.4970763,66.081
1768493229.599297,67.704
1768493229.7015731,67.55
1768493229.803942,66.081
1768493229.9136746,66.179
1768493230.0163808,66.122
1768493230.1187246,69.857
1768493230.2211578,70.053
1768493230.323492,67.704
1768493230.4257782,68.096
1768493230.5280223,69.172
1768493230.6308503,66.865
1768493230.73319,64.986
1768493230.8354092,64.906
1768493230.9443927,68.236
1768493231.046599,67.019
1768493231.1488256,67.117
1768493231.2510529,66.906
1768493231.3533082,66.22
1768493231.455766,69.661
1768493231.5580208,70.444
1768493231.660322,69.074
1768493231.7627714,66.587
1768493231.865043,69.564
1768493231.967531,66.139
1768493232.0719135,67.215
1768493232.1742089,66.375
1768493232.2798896,67.215
1768493232.3821952,67.998
1768493232.484475,68.236
1768493232.5867155,64.162
1768493232.6890647,65.24
1768493232.7912652,68.096
1768493232.8940532,67.844
1768493232.9963572,68.738
1768493233.0985475,69.129
1768493233.200782,65.649
1768493233.3094492,63.77
1768493233.4118645,67.06
1768493233.5141468,67.606
1768493233.616435,68.781
1768493233.7187195,69.227
1768493233.8209586,64.123
1768493233.9234285,67.06
1768493234.0256593,67.215
1768493234.1279314,67.467
1768493234.230329,70.053
1768493234.3325987,69.325
1768493234.4349422,68.291
1768493234.5442185,68.781
1768493234.6464932,65.494
1768493234.7491224,64.866
1768493234.8513923,66.824
1768493234.9540598,67.802
1768493235.0563433,67.942
1768493235.1592987,65.102
1768493235.2617934,64.162
1768493235.3645647,65.747
1768493235.4757936,68.781
1768493235.5779586,68.389
1768493235.6801817,68.152
1768493235.7824328,68.291
1768493235.885364,70.249
1768493235.9875128,66.963
1768493236.089667,67.102
1768493236.191878,66.432
1768493236.2941895,65.885
1768493236.3964314,68.879
1768493236.4987822,68.389
1768493236.6072075,64.906
1768493236.709487,67.158
1768493236.8119352,66.179
1768493236.9141757,69.508
1768493237.0165846,69.032
1768493237.1189437,68.152
1768493237.2212079,69.032
1768493237.3236382,69.227
1768493237.4258626,65.454
1768493237.5281732,63.262
1768493237.6303945,67.746
1768493237.7326555,66.669
1768493237.84178,68.096
1768493237.9443393,67.704
1768493238.046595,65.258
1768493238.1489022,65.69
1768493238.251198,68.333
1768493238.353507,70.39
1768493238.4560564,68.725
1768493238.5582802,69.9
1768493238.6604788,67.467
1768493238.7627497,65.16
1768493238.8648853,65.926
1768493238.970909,64.906
1768493239.075981,68.487
1768493239.1782756,68.389
1768493239.280694,65.298
1768493239.382964,68.879
1768493239.4852087,66.612
1768493239.5875263,68.04
1768493239.6897857,69.227
1768493239.792062,66.612
1768493239.8943384,67.215
1768493239.9966142,68.389
1768493240.0989764,65.983
1768493240.2069929,66.122
1768493240.3096654,67.411
1768493240.4119537,66.375
1768493240.5142114,69.172
1768493240.6165686,65.2
1768493240.7187896,64.848
1768493240.8210678,65.885
1768493240.9233506,69.716
1768493241.0255044,68.152
1768493241.127858,71.227
1768493241.2300093,68.585
1768493241.3323886,68.347
1768493241.440473,68.04
1768493241.5444386,67.494
1768493241.646742,66.767
1768493241.7495184,65.69
1768493241.8519251,68.487
1768493241.954109,64.906
1768493242.0562582,63.868
1768493242.1585145,66.824
1768493242.2607603,68.18
1768493242.3631527,68.781
1768493242.4655943,69.814
1768493242.5751052,67.648
1768493242.6778898,68.445
1768493242.7806582,67.411
1768493242.8828042,62.164
1768493242.9850395,66.726
1768493243.0872526,67.215
1768493243.189445,68.249
1768493243.291546,68.781
1768493243.393946,64.554
1768493243.4961982,66.334
1768493243.6057427,68.823
1768493243.7080443,69.716
1768493243.8104641,67.76
1768493243.9128358,67.509
1768493244.015862,67.76
1768493244.1180072,65.73
1768493244.220142,64.377
1768493244.322275,67.509
1768493244.424558,67.019
1768493244.526614,67.452
1768493244.6288583,65.788
1768493244.7349877,67.802
1768493244.839236,66.318
1768493244.9415479,68.836
1768493245.0438874,68.389
1768493245.1461363,70.64
1768493245.2483077,69.172
1768493245.350622,69.172
1768493245.452875,68.096
1768493245.5552502,63.672
1768493245.657571,66.334
1768493245.7597992,66.921
1768493245.8622653,68.194
1768493245.964589,65.943
1768493246.0741851,63.672
1768493246.1763647,66.865
1768493246.2786684,68.921
1768493246.3810878,69.325
1768493246.4833357,67.76
1768493246.5855355,70.107
1768493246.6876948,67.802
1768493246.790139,68.683
1768493246.8923376,64.319
1768493246.9946804,64.79
1768493247.097037,67.9
1768493247.1993113,66.824
1768493247.307937,69.032
1768493247.4127562,66.179
1768493247.5149856,64.906
1768493247.6173437,64.612
1768493247.719808,67.998
1768493247.8221977,67.509
1768493247.9245834,69.955
1768493248.026824,68.781
1768493248.1290846,68.249
1768493248.231399,66.963
1768493248.3376176,65.258
1768493248.4429052,65.69
1768493248.5450895,66.865
1768493248.647382,68.683
1768493248.7495506,68.445
1768493248.8517752,66.081
1768493248.9542055,67.704
1768493249.0564988,66.318
1768493249.1589406,69.618
1768493249.261289,68.543
1768493249.3635712,71.823
1768493249.4721212,69.129
1768493249.5747564,68.096
1768493249.676988,62.654
1768493249.7802594,66.53
1768493249.8825057,65.983
1768493249.9846218,68.291
1768493250.0867023,65.102
1768493250.1888435,64.848
1768493250.2910037,64.221
1768493250.3931856,66.081
1768493250.4953542,68.641
1768493250.597537,66.236
1768493250.7019806,69.227
1768493250.8076534,69.564
1768493250.9098506,66.334
1768493251.0123785,67.354
1768493251.115056,66.179
1768493251.217464,67.354
1768493251.3198686,67.411
1768493251.422054,68.487
1768493251.5242267,64.808
1768493251.62638,68.291
1768493251.728843,66.024
1768493251.8311572,69.227
1768493251.9402406,68.683
1768493252.0428355,71.041
1768493252.1450667,69.661
1768493252.2472627,68.291
1768493252.349483,66.612
1768493252.451713,64.417
1768493252.5540113,66.277
1768493252.6562622,67.256
1768493252.7586439,67.998
1768493252.8609462,66.139
1768493252.9632668,66.726
1768493253.0746467,66.432
1768493253.1770065,65.494
1768493253.2797585,68.781
1768493253.3822582,66.53
1768493253.4846525,69.521
1768493253.587129,69.074
1768493253.6893291,67.215
1768493253.7916603,64.181
1768493253.893923,64.515
1768493253.9964063,67.019
1768493254.1051896,67.256
1768493254.207386,68.054
1768493254.3096282,64.456
1768493254.4120874,67.998
1768493254.5143228,66.53
1768493254.616633,70.39
1768493254.7189262,68.152
1768493254.8212569,65.649
1768493254.9238353,69.564
1768493255.026288,67.606
1768493255.1287396,66.53
1768493255.2390063,66.921
1768493255.342748,65.24
1768493255.4449449,69.074
1768493255.5471396,66.041
1768493255.6492379,64.946
1768493255.7513459,66.473
1768493255.853512,68.487
1768493255.9558368,67.117
1768493256.058044,70.151
1768493256.1603322,69.857
1768493256.2626343,68.823
1768493256.371764,67.411
1768493256.474636,66.122
1768493256.57712,67.998
1768493256.6794775,65.592
1768493256.7819684,68.738
1768493256.8844697,65.788
1768493256.9866533,63.672
1768493257.088862,65.983
1768493257.1910512,68.767
1768493257.293299,68.934
1768493257.3955996,66.88
1768493257.4977632,70.792
1768493257.603717,69.27
1768493257.705967,68.138
1768493257.808202,64.025
1768493257.9104617,66.375
1768493258.0127268,67.802
1768493258.1150277,67.354
1768493258.2172632,68.879
1768493258.3197324,64.221
1768493258.422132,69.857
1768493258.5248508,65.454
1768493258.6272788,69.814
1768493258.7297065,68.291
1768493258.836672,69.564
1768493258.9391441,69.27
1768493259.0427089,69.368
1768493259.1451142,64.417
1768493259.2473676,65.788
1768493259.3495932,67.117
1768493259.4521441,67.509
1768493259.5546737,68.781
1768493259.6570075,64.123
1768493259.7593725,68.976
1768493259.8617694,64.71
1768493259.9715753,69.618
1768493260.0738027,66.236
1768493260.1761591,72.401
1768493260.2789474,68.781
1768493260.381245,67.215
1768493260.4836001,66.236
1768493260.5858185,61.517
1768493260.6879954,66.375
1768493260.7901735,67.411
1768493260.89242,67.844
1768493260.9946067,63.633
1768493261.1033883,67.158
1768493261.2067783,69.912
1768493261.308972,67.509
1768493261.411465,68.879
1768493261.5136979,68.725
1768493261.6158774,70.346
1768493261.7180905,66.416
1768493261.8202631,62.398
1768493261.9225078,65.885
1768493262.0246806,66.277
1768493262.134079,67.565
1768493262.2362635,61.615
1768493262.3385587,66.628
1768493262.4408417,67.06
1768493262.543209,69.227
1768493262.645581,66.587
1768493262.747877,69.227
1768493262.8500373,68.683
1768493262.952354,68.04
1768493263.0547142,64.103
1768493263.157133,67.704
1768493263.266604,65.004
1768493263.3689442,67.215
1768493263.4711628,65.551
1768493263.573404,63.476
1768493263.675908,67.411
1768493263.77816,65.551
1768493263.880353,68.934
1768493263.9833128,67.411
1768493264.0857558,70.694
1768493264.1879919,68.194
1768493264.290308,67.509
1768493264.400823,68.585
1768493264.5030475,62.927
1768493264.6053262,67.019
1768493264.7075484,66.824
1768493264.8098586,68.976
1768493264.9121313,65.69
1768493265.0145142,63.672
1768493265.1169493,66.416
1768493265.219286,68.963
1768493265.3216739,68.543
1768493265.4240172,68.152
1768493265.526409,72.552
1768493265.632242,66.767
1768493265.7373838,68.627
1768493265.8396769,64.986
1768493265.941921,67.411
1768493266.0441864,65.102
1768493266.146355,68.096
1768493266.2487056,67.019
1768493266.3509076,65.044
1768493266.453391,67.215
1768493266.5559065,67.313
1768493266.6591551,67.956
1768493266.7616634,68.347
1768493266.8708603,68.194
1768493266.9733825,65.885
1768493267.0773149,62.164
1768493267.179764,67.215
1768493267.282085,66.432
1768493267.3843093,67.9
1768493267.4865415,67.606
1768493267.5887983,63.28
1768493267.690968,68.585
1768493267.7931154,66.628
1768493267.9024796,71.476
1768493268.0048196,67.411
1768493268.1071956,68.291
1768493268.2094843,68.291
1768493268.3119962,68.04
1768493268.4142416,67.509
1768493268.5168166,65.926
1768493268.6193442,67.411
1768493268.7218957,67.55
1768493268.824341,69.074
1768493268.9307306,62.262
1768493269.036359,67.942
1768493269.138656,66.081
1768493269.2408512,67.509
1768493269.3430986,66.978
1768493269.4458568,72.552
1768493269.548164,69.704
1768493269.6504786,68.291
1768493269.7527626,64.573
1768493269.854966,66.081
1768493269.957598,68.291
1768493270.0600746,65.494
1768493270.1660604,69.074
1768493270.2704308,62.79
1768493270.3728626,69.032
1768493270.475294,67.158
1768493270.577729,70.596
1768493270.679985,67.313
1768493270.782258,68.934
1768493270.8843899,69.618
1768493270.986677,67.998
1768493271.0890944,68.082
1768493271.1913555,61.554
1768493271.2935383,67.117
1768493271.395727,67.215
1768493271.5041697,69.661
1768493271.6064425,66.081
1768493271.7087128,63.574
1768493271.8110905,65.788
1768493271.9133658,68.487
1768493272.015571,68.781
1768493272.117783,64.358
1768493272.220197,68.781
1768493272.3226178,66.081
1768493272.4251091,69.411
1768493272.5274274,69.411
1768493272.6301696,70.444
1768493272.7324758,67.998
1768493272.8421316,65.902
1768493272.9465623,64.75
1768493273.0488098,67.704
1768493273.1510382,65.356
1768493273.2532568,68.138
1768493273.3554342,62.202
1768493273.457744,67.942
1768493273.5598583,64.866
1768493273.6620462,69.912
1768493273.764229,66.685
1768493273.8699596,73.53
1768493273.9745445,67.802
1768493274.0769866,68.236
1768493274.1792836,66.236
1768493274.2815728,65.004
1768493274.3839185,67.117
1768493274.4865832,66.571
1768493274.5890508,69.27
1768493274.691383,62.85
1768493274.7935867,67.858
1768493274.8958607,67.411
1768493274.9981155,71.281
1768493275.1045938,65.454
1768493275.2095819,72.748
1768493275.3124793,68.487
1768493275.4148412,68.487
1768493275.5170608,65.609
1768493275.6192148,65.28
1768493275.7216287,67.509
1768493275.8240194,67.354
1768493275.9267921,68.487
1768493276.0290434,66.824
1768493276.131361,61.125
1768493276.2337325,69.759
1768493276.3403287,66.139
1768493276.4460921,70.346
1768493276.5484388,68.389
1768493276.6506438,72.063
1768493276.752958,68.781
1768493276.8552217,67.648
1768493276.957419,66.098
1768493277.0596638,64.025
1768493277.162043,67.313
1768493277.2642324,66.277
1768493277.366502,68.879
1768493277.4689755,63.731
1768493277.5731795,67.9
1768493277.6792636,66.514
1768493277.781912,69.466
1768493277.8844337,68.054
1768493277.9867263,72.846
1768493278.0890772,68.236
1768493278.191347,67.704
1768493278.2937083,67.509
1768493278.3958468,65.73
1768493278.4980047,68.194
1768493278.6002657,67.746
1768493278.7025151,68.585
1768493278.8046856,64.906
1768493278.9137154,63.927
1768493279.0185108,71.814
1768493279.1207721,67.998
1768493279.2230577,68.152
1768493279.3254983,70.748
1768493279.427792,66.669
1768493279.5301292,67.55
1768493279.6325,62.105
1768493279.7348874,66.824
1768493279.8370678,67.606
1768493279.946486,68.738
1768493280.04889,65.943
1768493280.1511443,65.885
1768493280.2534168,67.55
1768493280.3555908,70.586
1768493280.4577477,68.389
1768493280.5599744,66.139
1768493280.6621282,71.618
1768493280.7642643,67.746
1768493280.8667166,69.466
1768493280.96901,63.28
1768493281.0714762,65.983
1768493281.1740627,67.313
1768493281.282332,68.389
1768493281.3849032,67.369
1768493281.4872603,62.888
1768493281.5894907,66.53
1768493281.6918197,68.389
1768493281.7948015,67.509
1768493281.8970296,67.509
1768493281.9992907,72.161
1768493282.1015365,68.194
1768493282.2038045,66.041
1768493282.30604,63.613
1768493282.4082167,66.473
1768493282.5164967,66.628
1768493282.6193101,67.509
1768493282.7217743,65.298
1768493282.824009,66.963
1768493282.9263947,67.606
1768493283.0289123,69.869
1768493283.1312428,66.824
1768493283.2335432,67.663
1768493283.3357995,70.249
1768493283.4380314,67.509
1768493283.5402708,67.788
1768493283.6465027,63.084
1768493283.7517662,65.788
1768493283.854053,67.411
1768493283.9563942,68.738
1768493284.0586822,64.123
1768493284.161029,67.102
1768493284.2632542,67.06
1768493284.365466,67.411
1768493284.4677663,66.236
1768493284.5703177,67.663
1768493284.6727772,67.606
1768493284.7779753,65.69
1768493284.8840814,65.534
1768493284.9863505,66.334
1768493285.0885522,67.313
1768493285.1907074,68.725
1768493285.2928803,66.375
1768493285.3952618,66.375
1768493285.4974778,67.411
1768493285.5998218,67.9
1768493285.7020335,67.452
1768493285.8041723,69.074
1768493285.906395,69.814
1768493286.0150425,66.53
1768493286.117241,67.158
1768493286.2195883,63.927
1768493286.3219047,65.436
1768493286.424208,67.606
1768493286.5265014,67.313
1768493286.6288927,64.612
1768493286.7312107,66.53
1768493286.8333898,67.998
1768493286.9357078,69.9
1768493287.0379584,66.139
1768493287.1472876,67.998
1768493287.2524755,70.499
1768493287.354727,67.606
1768493287.4569848,67.354
1768493287.5591633,65.592
1768493287.6613529,66.179
1768493287.7638316,67.215
1768493287.866127,67.509
1768493287.9683998,65.298
1768493288.0709126,66.432
1768493288.180745,65.983
1768493288.283131,69.325
1768493288.3855593,70.107
1768493288.4880636,69.704
1768493288.5903795,70.944
1768493288.69272,67.509
1768493288.7950363,65.2
1768493288.897305,62.262
1768493288.9996567,66.041
1768493289.10219,66.726
1768493289.2044709,66.179
1768493289.310161,66.669
1768493289.4125361,66.236
1768493289.5149949,67.019
1768493289.6173358,69.368
1768493289.7196424,68.683
1768493289.8220172,70.738
1768493289.924299,69.423
1768493290.0268707,68.487
1768493290.1291568,65.511
1768493290.2315288,63.711
1768493290.3337932,67.117
1768493290.4373903,67.354
1768493290.541653,68.389
1768493290.6480255,63.711
1768493290.750605,65.494
1768493290.8529418,69.802
1768493290.9552486,66.726
1768493291.057548,69.423
1768493291.1600852,67.704
1768493291.2624712,69.857
1768493291.3649068,65.592
1768493291.4673023,68.291
1768493291.5695922,65.2
1768493291.672053,66.432
1768493291.781125,68.152
1768493291.8839238,69.227
1768493291.98619,62.105
1768493292.0889437,65.356
1768493292.1912434,67.76
1768493292.2938728,67.117
1768493292.3961792,65.902
1768493292.4989514,69.368
1768493292.6012344,69.716
1768493292.703832,65.69
1768493292.807262,63.242
1768493292.915854,64.652
1768493293.0183911,66.921
1768493293.1210325,68.487
1768493293.2233303,69.032
1768493293.3256752,66.277
1768493293.428279,66.318
1768493293.5306456,69.172
1768493293.633041,67.858
1768493293.7353213,66.726
1768493293.8453903,69.325
1768493293.9479654,70.205
1768493294.050254,66.139
1768493294.1526027,66.122
1768493294.2548797,64.75
1768493294.3571324,67.215
1768493294.4593136,68.194
1768493294.561607,68.096
1768493294.6640005,66.041
1768493294.7664053,66.963
1768493294.8754125,67.019
1768493294.9783163,68.487
1768493295.0805986,69.27
1768493295.1830876,69.423
1768493295.2853537,68.249
1768493295.38757,67.06
1768493295.4897733,67.844
1768493295.5921438,65.592
1768493295.6952035,68.389
1768493295.797299,66.628
1768493295.8994298,62.85
1768493296.0082374,65.534
1768493296.110582,68.138
1768493296.2131064,67.019
1768493296.3153498,71.183
1768493296.4176364,70.401
1768493296.5198646,69.466
1768493296.62218,67.158
1768493296.7246554,62.594
1768493296.8270926,66.432
1768493296.9296527,67.313
1768493297.0320635,66.669
1768493297.141232,67.76
1768493297.2436442,65.004
1768493297.3457763,66.22
1768493297.448058,69.955
1768493297.5502982,67.411
1768493297.6525364,70.499
1768493297.75488,69.172
1768493297.8571289,67.452
1768493297.9593687,65.454
1768493298.0615573,66.277
1768493298.1644156,66.612
1768493298.2716444,67.802
1768493298.3770208,66.669
1768493298.4794304,62.36
1768493298.5816646,65.788
1768493298.6838646,68.487
1768493298.7861507,68.738
1768493298.8883896,69.955
1768493298.99067,67.565
1768493299.0929592,68.934
1768493299.2024722,66.375
1768493299.3046792,62.85
1768493299.4069655,65.983
1768493299.5093389,66.334
1768493299.6116462,69.129
1768493299.7139316,66.921
1768493299.8162038,64.064
1768493299.9185035,64.417
1768493300.0209703,68.571
1768493300.1231694,69.27
1768493300.2253418,69.032
1768493300.3276572,69.368
1768493300.4365404,69.074
1768493300.5388396,69.074
1768493300.6410255,64.084
1768493300.74331,65.926
1768493300.8456151,65.592
1768493300.9477887,67.256
1768493301.0501587,65.298
1768493301.1526883,67.648
1768493301.25492,68.389
1768493301.3571851,67.411
1768493301.4594057,66.921
1768493301.5631886,69.575
1768493301.6687083,68.445
1768493301.7715807,66.88
1768493301.8738735,65.551
1768493301.976139,64.906
1768493302.0783787,65.885
1768493302.1807113,68.585
1768493302.2830074,67.704
1768493302.3852148,62.458
1768493302.4874802,65.534
1768493302.5897436,68.627
1768493302.6919236,69.575
1768493302.7941802,67.256
1768493302.9025133,68.781
1768493303.00472,69.814
1768493303.1070526,66.571
1768493303.2093942,63.007
1768493303.311716,67.117
1768493303.413903,67.019
1768493303.5161405,68.389
1768493303.6183183,65.983
1768493303.7204924,64.456
1768493303.8226993,65.885
1768493303.9250894,69.27
1768493304.0360165,68.096
1768493304.1382241,69.618
1768493304.2404442,68.487
1768493304.3426425,70.346
1768493304.4448717,65.788
1768493304.547173,63.476
1768493304.6493888,66.865
1768493304.7514987,67.117
1768493304.8537695,67.998
1768493304.9560196,66.041
1768493305.0649955,62.948
1768493305.1675909,63.437
1768493305.2698526,68.738
1768493305.3722484,66.432
1768493305.4744775,69.814
1768493305.576803,67.313
1768493305.679054,68.976
1768493305.7812617,65.062
1768493305.8835046,65.592
1768493305.9858043,64.808
1768493306.0881045,68.585
1768493306.1903205,67.298
1768493306.2957208,64.025
1768493306.3999805,66.473
1768493306.5021496,66.473
1768493306.6044245,71.281
1768493306.7067397,67.369
1768493306.809207,66.098
1768493306.9122074,69.564
1768493307.014371,65.788
1768493307.1166115,65.983
1768493307.2191212,67.117
1768493307.3212726,66.53
1768493307.4234922,68.738
1768493307.5275056,67.158
1768493307.6298864,63.046
1768493307.732075,64.515
1768493307.8362064,68.096
1768493307.9384315,67.019
1768493308.040855,67.369
1768493308.1430016,69.716
1768493308.2452724,69.074
1768493308.3474283,66.88
1768493308.4498403,64.377
1768493308.5520637,66.669
1768493308.654527,66.963
1768493308.7568753,67.704
1768493308.866016,68.529
1768493308.9694219,65.592
1768493309.07179,65.16
1768493309.1741796,64.612
1768493309.276588,69.172
1768493309.3789334,70.249
1768493309.4813864,68.207
1768493309.5837305,69.814
1768493309.6860507,67.215
1768493309.7883072,67.339
1768493309.8954148,66.767
1768493309.9999526,66.375
1768493310.1022036,68.291
1768493310.204549,65.69
1768493310.3069637,64.652
1768493310.4093647,65.926
1768493310.511633,65.788
1768493310.6138945,68.823
1768493310.7161841,69.27
1768493310.8183887,67.663
1768493310.9205616,68.879
1768493311.0263908,64.612
1768493311.12871,64.103
1768493311.23263,65.69
1768493311.3349566,67.998
1768493311.4372177,67.606
1768493311.5395277,64.848
1768493311.641889,68.683
1768493311.7441242,66.571
1768493311.8465474,69.172
1768493311.9489067,65.788
1768493312.0512116,68.487
1768493312.153469,68.725
1768493312.2556689,68.823
1768493312.3648527,63.574
1768493312.467297,67.117
1768493312.5697398,69.27
1768493312.6725092,67.117
1768493312.7746723,65.24
1768493312.8767831,66.963
1768493312.979029,66.767
1768493313.0812037,69.227
1768493313.1837747,66.88
1768493313.2861059,69.521
1768493313.395072,68.194
1768493313.4972596,68.236
1768493313.599528,66.571
1768493313.7018473,65.004
1768493313.80412,66.122
1768493313.9064143,66.865
1768493314.0087807,68.291
1768493314.1112773,63.633
1768493314.2135425,67.158
1768493314.3159006,66.824
1768493314.4183133,68.879
1768493314.5248363,67.704
1768493314.6298025,67.158
1768493314.7323914,65.73
1768493314.834801,70.249
1768493314.9377158,67.76
1768493315.0400643,69.912
1768493315.1423304,70.151
1768493315.2444756,69.661
1768493315.3467238,64.025
1768493315.449048,63.77
1768493315.5514324,65.044
1768493315.6606824,68.333
1768493315.762878,69.227
1768493315.8653061,63.574
1768493315.9677064,66.081
1768493316.0702193,68.096
1768493316.1725059,69.466
1768493316.2748992,66.767
1768493316.377275,69.466
1768493316.4795244,67.704
1768493316.5820844,68.585
1768493316.6852925,63.28
1768493316.7943711,67.06
1768493316.8971395,67.9
1768493316.9994183,69.564
1768493317.1019948,65.926
1768493317.2043045,65.004
1768493317.3065343,67.354
1768493317.4088166,67.76
1768493317.5113325,68.976
1768493317.6136107,66.53
1768493317.7203534,70.346
1768493317.8227754,68.683
1768493317.9266758,61.125
1768493318.0299902,68.291
1768493318.1321743,67.256
1768493318.2343457,67.746
1768493318.3365512,63.437
1768493318.438669,68.096
1768493318.5409055,65.494
1768493318.643031,68.487
1768493318.7451684,66.334
1768493318.8538206,69.423
1768493318.9561355,69.466
1768493319.05843,67.942
1768493319.1606667,65.534
1768493319.2629144,67.215
1768493319.365331,65.298
1768493319.467711,68.291
1768493319.5701756,65.298
1768493319.6727738,63.731
1768493319.7750537,65.396
1768493319.8772526,68.529
1768493319.9836116,67.704
1768493320.088547,69.673
1768493320.1912422,68.738
1768493320.29341,68.487
1768493320.39561,67.452
1768493320.497837,62.654
1768493320.6001554,66.277
1768493320.7023878,67.55
1768493320.8046489,68.934
1768493320.906998,65.142
1768493321.0092506,67.509
1768493321.1177309,65.649
1768493321.2200928,69.966
1768493321.322486,66.685
1768493321.4246967,70.064
1768493321.5271506,68.725
1768493321.6297302,68.291
1768493321.7321115,64.025
1768493321.8344398,65.926
1768493321.9368036,67.452
1768493322.0390878,68.487
1768493322.1477993,68.683
1768493322.2501686,64.221
1768493322.3525827,67.802
1768493322.4549994,66.628
1768493322.5574267,70.01
1768493322.659936,67.648
1768493322.762299,73.139
1768493322.8647115,68.291
1768493322.9669812,67.55
1768493323.0693765,67.648
1768493323.1717165,62.398
1768493323.2760894,66.669
1768493323.3818982,68.291
1768493323.4854133,64.025
1768493323.5876036,67.019
1768493323.689753,65.788
1768493323.7919798,69.172
1768493323.8942604,66.824
1768493323.9965525,71.432
1768493324.099041,69.716
1768493324.2012572,68.291
1768493324.303482,62.36
1768493324.412545,65.004
1768493324.515281,67.313
1768493324.6176922,67.998
1768493324.7199528,68.096
1768493324.8221922,61.381
1768493324.924405,64.866
1768493325.0267076,67.313
1768493325.1290236,68.096
1768493325.2312996,66.294
1768493325.3334744,72.846
1768493325.4357872,68.096
1768493325.542141,68.389
1768493325.6446,65.885
1768493325.7471383,68.194
1768493325.8493736,65.592
1768493325.9517827,67.606
1768493326.0540972,66.375
1768493326.1562781,63.77
1768493326.2594764,65.551
1768493326.3619556,70.542
1768493326.4642518,69.466
1768493326.5664828,68.683
1768493326.6686907,68.836
1768493326.7787576,67.998
1768493326.8810122,67.942
1768493326.9833777,61.969
1768493327.085564,66.628
1768493327.187758,65.788
1768493327.2901711,69.368
1768493327.3926215,64.515
1768493327.4949658,67.998
1768493327.597182,66.081
1768493327.6994655,68.627
1768493327.8017662,69.508
1768493327.90413,67.256
1768493328.013528,70.151
1768493328.11583,67.704
1768493328.21806,67.509
1768493328.3202531,67.942
1768493328.4225347,66.824
1768493328.5247254,66.921
1768493328.6268983,68.194
1768493328.7290735,67.998
1768493328.8313937,64.71
1768493328.933676,65.983
1768493329.0362306,65.983
1768493329.138476,69.129
1768493329.247409,69.032
1768493329.3508327,69.423
1768493329.4530942,68.152
1768493329.5554419,68.431
1768493329.6577039,62.007
1768493329.7598338,67.117
1768493329.862039,67.215
1768493329.9642162,68.585
1768493330.0663583,64.162
1768493330.1685174,67.606
1768493330.270691,66.318
1768493330.379813,68.347
1768493330.4820397,65.788
1768493330.5842922,70.65
1768493330.686693,69.564
1768493330.7889447,68.194
1768493330.8913836,62.811
1768493330.9938722,62.986
1768493331.096391,67.117
1768493331.1987412,67.215
1768493331.3011105,67.998
1768493331.4034,61.223
1768493331.5058184,66.669
1768493331.6123989,64.377
1768493331.7146082,69.423
1768493331.81842,66.53
1768493331.9225936,70.934
1768493332.0251222,69.411
1768493332.1273017,68.096
1768493332.229646,65.044
1768493332.3318512,64.71
1768493332.4344404,66.375
1768493332.5369172,65.551
1768493332.6397805,68.529
1768493332.7421074,64.808
1768493332.8527808,66.865
1768493332.9553041,66.53
1768493333.05749,71.183
1768493333.159883,66.334
1768493333.2621937,71.423
1768493333.3645043,69.423
1768493333.4668298,68.291
1768493333.569007,66.669
1768493333.6712027,64.692
1768493333.773411,67.313
1768493333.8758638,66.473
1768493333.9781299,67.998
1768493334.0863442,67.215
1768493334.1897018,61.027
1768493334.2920575,66.963
1768493334.3944821,66.824
1768493334.4970188,67.998
1768493334.5992842,67.76
1768493334.7015963,71.041
1768493334.803971,69.27
1768493334.9063177,67.313
1768493335.0085337,64.808
1768493335.110812,64.652
1768493335.2130632,67.313
1768493335.3153293,67.802
1768493335.4177177,70.249
1768493335.5273263,66.277
1768493335.629525,65.004
1768493335.7326097,69.564
1768493335.8348377,67.606
1768493335.9370577,67.467
1768493336.0395358,71.823
1768493336.1418128,67.467
1768493336.244229,67.215
1768493336.346684,64.906
1768493336.449,66.081
1768493336.5513682,66.726
1768493336.653601,67.215
1768493336.75589,69.716
1768493336.8619258,61.185
1768493336.9643385,66.921
1768493337.0667827,65.258
1768493337.169,67.467
1768493337.2712777,67.313
1768493337.3734207,71.628
1768493337.4757621,67.354
1768493337.5780087,66.767
1768493337.6801534,62.654
1768493337.7825685,65.885
1768493337.884864,66.865
1768493337.987337,67.606
1768493338.089782,67.117
1768493338.1921384,65.983
1768493338.29464,66.726
1768493338.401332,68.291
1768493338.503784,67.76
1768493338.6065042,68.738
1768493338.7087493,72.116
1768493338.811004,69.27
1768493338.9132247,68.04
1768493339.0154479,62.398
1768493339.1177742,66.669
1768493339.2201316,66.334
1768493339.3223464,69.27
1768493339.4245753,64.964
1768493339.5270038,66.571
1768493339.6293764,65.298
1768493339.73956,69.032
1768493339.8420982,67.313
1768493339.9444222,69.606
1768493340.0466435,71.476
1768493340.148871,68.194
1768493340.2511487,67.509
1768493340.3532937,64.906
1768493340.4556541,66.767
1768493340.557901,66.824
1768493340.660167,67.509
1768493340.7625031,69.227
1768493340.8649035,63.182
1768493340.9704819,66.53
1768493341.0747,67.117
1768493341.177044,68.836
1768493341.2794726,68.585
1768493341.3818545,70.542
1768493341.48423,67.746
1768493341.5866184,67.746
1768493341.6889803,64.456
1768493341.7912488,67.606
1768493341.8934462,66.571
1768493341.9958074,69.716
1768493342.1045144,66.081
1768493342.208871,63.79
1768493342.311007,71.379
1768493342.4132893,65.845
1768493342.5155697,69.575
1768493342.6178298,69.998
1768493342.7201366,68.291
1768493342.8223486,67.215
1768493342.9247036,61.577
1768493343.0269682,66.628
1768493343.1292133,65.943
1768493343.231425,67.998
1768493343.3358672,65.396
1768493343.439372,66.767
1768493343.5417988,65.062
1768493343.6452649,69.564
1768493343.747626,68.641
1768493343.849893,72.259
1768493343.9522183,67.117
1768493344.0544817,67.354
1768493344.156723,62.36
1768493344.2591224,66.375
1768493344.3614218,66.963
1768493344.463899,67.606
1768493344.5662897,67.158
1768493344.6694424,65.338
1768493344.7782393,68.194
1768493344.8806024,67.509
1768493344.982841,70.01
1768493345.0850394,68.879
1768493345.1873484,71.726
1768493345.2895606,68.445
1768493345.391821,67.55
1768493345.4940615,64.946
1768493345.596301,66.375
1768493345.698855,66.277
1768493345.801161,67.313
1768493345.9034755,68.585
1768493346.0059714,63.574
1768493346.111915,67.956
1768493346.214171,64.71
1768493346.318756,69.423
1768493346.421099,66.571
1768493346.5233784,69.227
1768493346.6255746,70.053
1768493346.7278833,67.117
1768493346.8301067,67.942
1768493346.9323218,63.221
1768493347.0344687,68.096
1768493347.1366878,67.004
1768493347.2390628,70.444
1768493347.341366,63.437
1768493347.44366,63.672
1768493347.5460372,67.9
1768493347.6550488,68.236
1768493347.7575092,69.857
1768493347.8599384,68.445
1768493347.9622722,71.672
1768493348.0645561,68.194
1768493348.1669886,68.291
1768493348.2693,66.767
1768493348.3716857,66.628
1768493348.473882,67.802
1768493348.576136,67.117
1768493348.6785336,69.325
1768493348.780711,67.06
1768493348.8859437,66.726
1768493348.9886215,68.249
1768493349.0942178,66.726
1768493349.1964016,70.89
1768493349.2988224,67.704
1768493349.4011467,66.726
1768493349.503409,63.084
1768493349.6058342,65.2
1768493349.708267,68.291
1768493349.810725,67.411
1768493349.912936,68.445
1768493350.0151167,65.102
1768493350.117294,67.076
1768493350.2207744,66.726
1768493350.3261678,67.746
1768493350.4283974,69.508
1768493350.5305712,70.499
1768493350.6328394,66.865
1768493350.7351294,65.77
1768493350.8373058,66.669
1768493350.9396074,67.802
1768493351.041872,66.963
1768493351.1446016,67.704
1768493351.246846,65.24
1768493351.3490784,66.277
1768493351.4585068,69.215
1768493351.5620134,70.738
1768493351.6644382,66.139
1768493351.76672,69.423
1768493351.868963,68.934
1768493351.9712074,66.53
1768493352.0734756,65.926
1768493352.1757998,65.298
1768493352.2780771,67.648
1768493352.3803062,67.956
1768493352.4839258,67.117
1768493352.5895805,65.73
1768493352.6919837,66.669
1768493352.794201,69.716
1768493352.896605,67.452
1768493352.998919,67.998
1768493353.101288,71.085
1768493353.2037272,66.628
1768493353.305939,65.356
1768493353.4082963,65.436
1768493353.510752,66.669
1768493353.6207414,66.767
1768493353.723094,69.325
1768493353.8254347,64.554
1768493353.9278648,67.452
1768493354.0301824,68.04
1768493354.1325731,67.411
1768493354.2347674,65.707
1768493354.336989,68.347
1768493354.4394732,66.139
1768493354.5435057,64.456
1768493354.651833,64.906
1768493354.7544012,66.571
1768493354.8568795,67.411
1768493354.9591756,68.194
1768493355.061422,65.102
1768493355.1637154,66.921
1768493355.2658901,67.509
1768493355.3682942,67.117
1768493355.4705772,67.019
1768493355.5728428,69.423
1768493355.682106,71.281
1768493355.7850509,65.788
1768493355.8873692,63.633
1768493355.9896622,66.081
1768493356.091942,67.215
1768493356.1949563,67.158
1768493356.2974021,67.704
1768493356.3998997,66.179
1768493356.5022104,67.411
1768493356.6050181,68.879
1768493356.7136,67.117
1768493356.8160915,69.802
1768493356.918354,72.161
1768493357.0205064,66.824
1768493357.12281,67.019
1768493357.2249913,62.224
1768493357.3274322,66.865
1768493357.4297152,67.411
1768493357.531951,66.179
1768493357.6342077,63.007
1768493357.7366145,65.69
1768493357.842576,68.194
1768493357.9465382,66.921
1768493358.048879,67.019
1768493358.1511028,60.635
1768493358.2532423,65.258
1768493358.355475,68.585
1768493358.4577346,67.215
1768493358.5599873,67.174
1768493358.662272,69.912
1768493358.7646613,69.912
1768493358.866879,65.983
1768493358.969173,64.964
1768493359.0714805,66.473
1768493359.180141,66.767
1768493359.2834678,66.963
1768493359.3857274,69.172
1768493359.4880316,63.868
1768493359.5903406,67.802
1768493359.6925924,67.858
1768493359.7951243,69.032
1768493359.8973694,69.423
1768493360.000086,69.716
1768493360.1023154,66.375
1768493360.210597,64.221
1768493360.3135731,66.179
1768493360.4159603,67.313
1768493360.5182683,67.998
1768493360.6205196,67.704
1768493360.722875,65.396
1768493360.8250248,63.829
1768493360.9272044,68.291
1768493361.0295715,68.934
1768493361.131876,69.423
1768493361.2341168,69.9
1768493361.3406103,69.466
1768493361.442774,68.543
1768493361.5464234,66.139
1768493361.6488304,67.984
1768493361.7513285,65.592
1768493361.8543084,65.983
1768493361.9565754,68.976
1768493362.0588655,67.956
1768493362.161233,63.182
1768493362.2641962,67.158
1768493362.3663642,69.117
1768493362.472931,68.333
1768493362.5751874,68.781
1768493362.6774988,70.249
1768493362.780108,68.543
1768493362.8822856,65.885
1768493362.984436,65.69
1768493363.086841,65.885
1768493363.1890776,67.215
1768493363.2914739,68.781
1768493363.393816,67.998
1768493363.4961746,65.494
1768493363.5983853,67.215
1768493363.7006109,68.375
1768493363.8028965,68.641
1768493363.9129846,68.738
1768493364.0153437,68.738
1768493364.1175215,69.661
1768493364.2199209,65.396
1768493364.3223038,62.594
1768493364.4245462,67.117
1768493364.5269015,66.726
1768493364.6291444,67.704
1768493364.7314281,68.096
1768493364.837882,65.396
1768493364.9426603,65.298
1768493365.0448353,68.738
1768493365.1472106,67.956
1768493365.2495668,66.978
1768493365.3519368,68.836
1768493365.4541764,70.846
1768493365.5564144,63.437
1768493365.659181,66.669
1768493365.7613611,67.019
1768493365.8635464,67.9
1768493365.969665,67.467
1768493366.071865,63.476
1768493366.1742036,66.179
1768493366.2764008,68.683
1768493366.378708,67.9
1768493366.481053,67.215
1768493366.5834048,68.236
1768493366.6859512,67.509
1768493366.7884028,67.55
1768493366.890795,63.653
1768493366.993079,65.2
1768493367.0957406,67.215
1768493367.2020912,67.9
1768493367.307277,67.354
1768493367.4096131,65.788
1768493367.5122766,66.767
1768493367.6145935,67.76
1768493367.7170398,70.401
1768493367.8192928,70.586
1768493367.9216053,69.716
1768493368.0239117,69.27
1768493368.1261992,66.179
1768493368.2284946,62.594
1768493368.3375547,65.396
1768493368.4397852,67.509
1768493368.5420363,69.074
1768493368.6445546,66.375
1768493368.7468326,65.885
1768493368.8491423,66.375
1768493368.951526,68.781
1768493369.0540102,68.585
1768493369.156245,69.564
1768493369.258394,68.891
1768493369.3606284,69.814
1768493369.4631631,66.277
1768493369.5663884,63.182
1768493369.6721406,67.313
1768493369.7745407,67.117
1768493369.8767705,69.857
1768493369.9791205,67.648
1768493370.0815334,63.182
1768493370.1838794,65.983
1768493370.2862337,68.921
1768493370.388622,68.194
1768493370.4909916,70.738
1768493370.5933435,69.032
1768493370.6998503,69.172
1768493370.804261,66.081
1768493370.9066737,66.22
1768493371.0089006,67.606
1768493371.1112514,66.628
1768493371.2135565,66.139
1768493371.3167994,64.554
1768493371.4190152,63.535
1768493371.5212157,68.487
1768493371.62338,68.431
1768493371.7323825,69.032
1768493371.8349812,68.585
1768493371.9372087,70.455
1768493372.039494,67.509
1768493372.1418548,67.298
1768493372.2441523,66.179
1768493372.346577,67.411
1768493372.449015,67.117
1768493372.5512934,66.277
1768493372.6537483,62.692
1768493372.7559927,64.26
1768493372.8582697,70.64
1768493372.9692955,67.411
1768493373.0715516,69.032
1768493373.1739557,68.529
1768493373.2761614,70.694
1768493373.3785474,65.747
1768493373.4807513,65.28
1768493373.5831342,67.313
1768493373.6854377,66.041
1768493373.7877352,67.354
1768493373.8900852,63.535
1768493373.9992042,68.976
1768493374.1015086,66.669
1768493374.2043276,71.432
1768493374.3065486,68.934
1768493374.408778,70.64
1768493374.5110967,66.726
1768493374.6133444,69.618
1768493374.7156239,65.943
1768493374.8178146,62.909
1768493374.9200718,67.704
1768493375.0223465,66.921
1768493375.1307163,68.194
1768493375.2331662,65.494
1768493375.335442,67.9
1768493375.4377933,67.215
1768493375.5400922,68.333
1768493375.642354,68.194
1768493375.7447298,69.27
1768493375.8470776,69.172
1768493375.9493825,69.368
1768493376.0516346,66.179
1768493376.1540656,64.103
1768493376.2562878,67.802
1768493376.3584237,67.019
1768493376.469958,65.885
1768493376.5721877,65.649
1768493376.6745555,66.865
1768493376.7779386,67.606
1768493376.8802216,66.432
1768493376.9824753,68.543
1768493377.0848958,66.921
1768493377.1871035,69.215
1768493377.2966952,65.004
1768493377.3989499,66.612
1768493377.5012782,67.158
1768493377.6036444,66.53
1768493377.705921,65.788
1768493377.8083534,64.848
1768493377.9105418,66.571
1768493378.012853,64.612
1768493378.1151319,67.313
1768493378.2172894,68.194
1768493378.319562,69.423
1768493378.423335,69.227
1768493378.530404,65.454
1768493378.6331403,65.632
1768493378.7354727,66.726
1768493378.838259,66.139
1768493378.9407434,67.956
1768493379.0432456,65.926
1768493379.1456223,65.885
1768493379.2480495,65.142
1768493379.3507009,70.151
1768493379.4532182,68.921
1768493379.5598085,71.476
1768493379.6639543,67.158
1768493379.7662106,68.487
1768493379.868515,66.041
1768493379.9706833,64.181
1768493380.0729282,65.396
1768493380.1751833,67.606
1768493380.277519,68.627
1768493380.3798318,62.752
1768493380.4821625,67.411
1768493380.5845964,67.942
1768493380.6868622,69.368
1768493380.795791,66.432
1768493380.8981733,70.748
1768493381.0004733,69.368
1768493381.1028762,67.9
1768493381.2051685,67.102
1768493381.3074422,64.279
1768493381.409753,66.628
1768493381.512104,67.704
1768493381.6142657,69.074
1768493381.7164743,64.025
1768493381.818702,64.221
1768493381.9278858,66.587
1768493382.0302863,69.564
1768493382.1327195,69.423
1768493382.236438,68.976
1768493382.338688,68.921
1768493382.440884,66.669
1768493382.543007,64.417
1768493382.6452832,67.06
1768493382.7474675,67.9
1768493382.8497672,68.781
1768493382.9519305,64.084
1768493383.056372,68.976
1768493383.1620593,65.396
1768493383.2642748,69.759
1768493383.3664384,67.802
1768493383.46875,71.716
1768493383.5709603,67.354
1768493383.6733127,67.9
1768493383.775733,64.888
1768493383.8781676,67.313
1768493383.9804773,64.906
1768493384.0828059,68.641
1768493384.1852722,64.221
1768493384.2962801,63.77
1768493384.398469,64.866
1768493384.5008278,66.277
1768493384.6032953,67.956
1768493384.7056084,71.325
1768493384.8077428,68.529
1768493384.9100626,69.172
1768493385.0122814,66.963
1768493385.1146286,62.654
1768493385.2168803,67.019
1768493385.319104,66.432
1768493385.4213347,68.738
1768493385.5300658,66.334
1768493385.6323385,65.24
1768493385.7347305,65.24
1768493385.837105,69.466
1768493385.939399,68.5
1768493386.0417533,71.325
1768493386.1440217,69.466
1768493386.2462072,70.01
1768493386.3484445,67.411
1768493386.4507623,62.79
1768493386.5531042,67.117
1768493386.6576166,65.592
1768493386.7603455,68.389
1768493386.8655221,67.158
1768493386.9677346,65.298
1768493387.0701823,66.473
1768493387.1724734,68.767
1768493387.2747428,68.641
1768493387.3770099,69.759
1768493387.4792726,67.606
1768493387.5817478,67.9
1768493387.6840715,67.746
1768493387.7863407,63.025
1768493387.888696,66.277
1768493387.9968526,66.571
1768493388.0994663,67.411
1768493388.201675,67.019
1768493388.304947,65.983
1768493388.4071248,67.998
1768493388.5093153,67.9
1768493388.6114767,69.129
1768493388.713622,69.227
1768493388.815826,67.663
1768493388.9180806,66.921
1768493389.0203307,65.592
1768493389.1225495,67.215
1768493389.2326834,65.592
1768493389.334882,68.487
1768493389.437088,67.354
1768493389.5391998,61.381
1768493389.6414936,65.73
1768493389.7437541,65.649
1768493389.8460112,68.291
1768493389.9481907,67.354
1768493390.0504155,70.89
1768493390.1527288,68.138
1768493390.2550607,66.628
1768493390.3577693,64.515
1768493390.4637306,66.628
1768493390.571407,67.215
1768493390.6736472,66.179
1768493390.7759979,68.249
1768493390.8784785,61.381
1768493390.9809067,67.256
1768493391.0833182,67.998
1768493391.1856923,69.466
1768493391.2879424,67.271
1768493391.3902595,70.499
1768493391.4996994,68.683
1768493391.602501,66.685
1768493391.7048457,64.808
1768493391.8070784,65.24
1768493391.9093394,67.9
1768493392.0117111,67.9
1768493392.114044,68.194
1768493392.2163427,64.162
1768493392.3187852,67.802
1768493392.4209545,67.06
1768493392.5231228,69.129
1768493392.632256,69.019
1768493392.735197,72.401
1768493392.8374226,68.781
1768493392.9396348,66.824
1768493393.041933,65.436
1768493393.1442513,66.473
1768493393.2464802,66.767
1768493393.348741,66.53
1768493393.450951,69.227
1768493393.5532448,62.85
1768493393.6554716,67.369
1768493393.759993,67.313
1768493393.8655715,66.277
1768493393.968345,69.508
1768493394.070806,68.781
1768493394.1730254,67.354
1768493394.2752059,65.378
1768493394.3774364,66.53
1768493394.4795747,67.019
1768493394.5817857,67.117
1768493394.6839583,69.074
1768493394.7861683,62.573
1768493394.8882344,66.726
1768493394.990385,66.432
1768493395.0926032,70.01
1768493395.2016227,66.978
1768493395.3038409,70.205
1768493395.4060848,68.879
1768493395.5086403,67.802
1768493395.611042,65.902
1768493395.7133863,65.338
1768493395.8156948,67.117
1768493395.9179318,66.571
1768493396.0209637,67.942
1768493396.1236048,64.946
1768493396.2259061,68.152
1768493396.336362,64.417
1768493396.4390702,68.333
1768493396.541392,67.019
1768493396.6436338,70.194
1768493396.7464287,67.704
1768493396.8487911,68.138
1768493396.951119,68.333
1768493397.05347,64.456
1768493397.155834,66.669
1768493397.2580936,66.179
1768493397.3664386,70.096
1768493397.4698575,63.966
1768493397.5722601,67.9
1768493397.6745887,65.356
1768493397.7768824,71.129
1768493397.879226,68.585
1768493397.9816802,69.661
1768493398.0838928,67.802
1768493398.1862302,68.431
1768493398.2886176,63.692
1768493398.3972473,66.432
1768493398.500635,67.998
1768493398.6029458,66.375
1768493398.7053862,67.411
1768493398.8075979,62.633
1768493398.9099886,66.963
1768493399.0122893,67.9
1768493399.1146932,68.976
1768493399.2168977,70.694
1768493399.3193493,68.054
1768493399.4283755,66.824
1768493399.5337687,60.733
1768493399.635932,66.921
1768493399.7380722,66.726
1768493399.8402016,67.704
1768493399.9423091,64.417
1768493400.044535,67.606
1768493400.146755,66.628
1768493400.2490041,68.194
1768493400.351233,66.963
1768493400.458032,63.378
1768493400.5602596,67.802
1768493400.6637442,68.291
1768493400.7660704,69.661
1768493400.8683543,68.236
1768493400.970479,71.672
1768493401.0727482,67.9
1768493401.1750965,68.585
1768493401.277948,65.69
1768493401.3804793,67.354
1768493401.483015,66.024
1768493401.585332,69.857
1768493401.688254,68.487
1768493401.797293,63.378
1768493401.9000754,68.389
1768493402.0023475,67.452
1768493402.1048217,68.976
1768493402.207202,65.609
1768493402.3094192,72.019
1768493402.411765,67.844
1768493402.5143526,67.271
1768493402.6165898,66.963
1768493402.7190611,63.731
1768493402.8213766,67.117
1768493402.9303346,65.69
1768493403.032512,70.303
1768493403.1349812,63.144
1768493403.2372797,68.543
1768493403.3396125,65.102
1768493403.4419003,68.934
1768493403.5444727,67.704
1768493403.646932,70.249
1768493403.7492447,67.998
1768493403.8514333,68.291
1768493403.9537206,66.277
1768493404.0560439,61.125
1768493404.1649077,65.943
1768493404.267117,65.885
1768493404.3694754,69.955
1768493404.4717112,63.476
1768493404.5740476,68.543
1768493404.676473,65.747
1768493404.7789664,70.401
1768493404.8812668,67.019
1768493404.9836025,68.836
1768493405.0859785,69.661
1768493405.18856,67.158
1768493405.2984197,63.182
1768493405.4040084,66.473
1768493405.5061808,67.102
1768493405.6083145,70.542
1768493405.7105775,63.692
1768493405.8128257,66.963
1768493405.9150605,64.612
1768493406.017238,71.085
1768493406.1195114,67.313
1768493406.225474,68.976
1768493406.3278487,70.64
1768493406.4303994,67.648
1768493406.5329413,67.746
1768493406.6353192,61.75
1768493406.7379627,66.041
1768493406.8401551,66.375
1768493406.9424703,69.27
1768493407.044828,65.004
1768493407.1470146,66.865
1768493407.2492783,66.081
1768493407.3522527,68.879
1768493407.4545546,67.844
1768493407.563678,69.716
1768493407.6661832,67.802
1768493407.7683465,67.55
1768493407.87064,65.983
1768493407.9730372,60.733
1768493408.0753918,67.9
1768493408.1776097,65.592
1768493408.2798913,69.564
1768493408.3821318,64.652
1768493408.4846072,68.598
1768493408.587212,66.628
1768493408.6896088,70.792
1768493408.7992866,67.117
1768493408.9016674,67.467
1768493409.0038717,70.694
1768493409.106125,66.628
1768493409.2084205,67.06
1768493409.3106565,63.496
1768493409.412894,67.606
1768493409.5151649,68.291
1768493409.6174753,68.781
1768493409.7197967,66.473
1768493409.8221831,64.26
1768493409.9245179,67.019
1768493410.0331154,68.976
1768493410.1358232,68.543
1768493410.2381475,65.356
1768493410.3406262,72.019
1768493410.4429731,68.934
1768493410.545433,68.389
1768493410.6476936,67.592
1768493410.7499933,64.906
1768493410.852182,67.256
1768493410.9544356,66.963
1768493411.0566804,69.521
1768493411.1588495,64.515
1768493411.2680447,64.181
1768493411.370253,70.988
1768493411.474359,66.334
1768493411.5766358,68.891
1768493411.678784,69.074
1768493411.7811794,67.746
1768493411.8833683,68.627
1768493411.9857357,64.201
1768493412.0880089,67.158
1768493412.1902764,65.649
1768493412.2924376,68.725
1768493412.3966238,64.025
1768493412.4987566,67.452
1768493412.6049743,65.534
1768493412.7071884,68.781
1768493412.809433,67.313
1768493412.9116566,69.912
1768493413.0138319,69.716
1768493413.1161528,67.313
1768493413.2185023,67.256
1768493413.3208914,66.808
1768493413.4233024,67.313
1768493413.5255196,66.963
1768493413.627702,69.716
1768493413.7300105,65.788
1768493413.8406634,66.571
1768493413.9433837,66.921
1768493414.0457752,65.902
1768493414.1480935,67.9
1768493414.2502928,68.138
1768493414.3526323,71.574
1768493414.4549413,68.333
1768493414.557375,66.139
1768493414.6596541,61.283
1768493414.7622194,67.802
1768493414.8661327,68.291
1768493414.9695306,69.074
1768493415.073953,66.041
1768493415.176154,65.2
1768493415.2785065,67.509
1768493415.3808239,67.998
1768493415.4831173,68.347
1768493415.585557,67.452
1768493415.68809,70.162
1768493415.7904077,68.194
1768493415.8927286,68.291
1768493415.995008,66.416
1768493416.0972407,64.808
1768493416.199518,67.256
1768493416.3030891,68.389
1768493416.4053745,69.521
1768493416.5109885,63.476
1768493416.613542,66.139
1768493416.7159462,67.256
1768493416.818163,68.152
1768493416.9205437,65.649
1768493417.0227814,71.521
1768493417.1250277,68.976
1768493417.2275507,68.529
1768493417.3300323,66.277
1768493417.4321973,61.871
1768493417.5344174,66.432
1768493417.636652,67.606
1768493417.7388368,62.164
1768493417.8489456,65.454
1768493417.9512482,66.767
1768493418.0534725,67.704
1768493418.1558294,65.454
1768493418.258173,68.389
1768493418.3605196,68.445
1768493418.4627044,66.432
1768493418.5650883,65.926
1768493418.6673977,64.808
1768493418.7697837,67.802
1768493418.8809068,67.942
1768493418.9831405,69.759
1768493419.086168,65.396
1768493419.18852,66.963
1768493419.290858,68.194
1768493419.393074,68.879
1768493419.4954333,68.823
1768493419.59763,69.521
1768493419.6997635,70.596
1768493419.8022165,66.571
1768493419.9108608,65.454
1768493420.0130172,65.004
1768493420.1151867,66.236
1768493420.2173576,67.844
1768493420.319584,68.291
1768493420.421882,64.906
1768493420.5243032,66.767
1768493420.6266232,67.509
1768493420.7289503,69.325
1768493420.8314047,68.138
1768493420.9337306,70.303
1768493421.0405965,69.869
1768493421.142862,66.628
1768493421.246217,64.417
1768493421.348466,62.79
1768493421.4506319,66.277
1768493421.5528073,68.194
1768493421.6550305,67.313
1768493421.757307,66.375
1768493421.8595786,66.571
1768493421.961877,67.942
1768493422.0643191,68.976
1768493422.1666424,67.606
1768493422.2688763,70.303
1768493422.3713093,68.976
1768493422.480116,66.628
1768493422.5824773,63.34
1768493422.6846943,65.592
1768493422.7868564,66.179
1768493422.8891187,68.194
1768493422.991433,66.432
1768493423.0936635,66.277
1768493423.1961076,65.885
1768493423.2983177,68.487
1768493423.400825,67.354
1768493423.5041409,69.716
1768493423.6118877,68.934
1768493423.7143786,66.53
1768493423.8167908,65.494
1768493423.9190652,64.71
1768493424.0213041,65.592
1768493424.123847,68.194
1768493424.2262566,68.641
1768493424.3285344,67.704
1768493424.4308748,66.122
1768493424.5331213,66.669
1768493424.6353633,68.291
1768493424.7469854,68.683
1768493424.8492804,67.998
1768493424.9528816,70.205
1768493425.0551527,68.585
1768493425.157594,68.04
1768493425.2597663,64.123
1768493425.3619711,66.921
1768493425.4644046,66.726
1768493425.5668297,65.494
1768493425.6695476,64.221
1768493425.779686,66.71
1768493425.8820143,66.236
1768493425.9842494,68.738
1768493426.0864468,69.325
1768493426.18867,69.423
1768493426.2908616,70.205
1768493426.393032,68.487
1768493426.495366,64.808
1768493426.5981846,62.909
1768493426.7005358,66.432
1768493426.8030112,67.411
1768493426.9114785,68.096
1768493427.0138247,67.215
1768493427.1162908,64.808
1768493427.2185779,64.906
1768493427.3210196,68.585
1768493427.423591,70.01
1768493427.5259163,66.824
1768493427.6283472,69.117
1768493427.730728,69.618
1768493427.8330293,66.824
1768493427.935341,63.34
1768493428.0376444,65.885
1768493428.1461506,67.313
1768493428.2489512,67.606
1768493428.3512192,66.628
1768493428.4533503,63.927
1768493428.5555375,66.628
1768493428.6577785,68.823
1768493428.7601254,69.716
1768493428.862312,69.857
1768493428.964767,69.618
1768493429.0678453,65.943
1768493429.1701524,67.004
1768493429.2753136,65.102
1768493429.3812792,66.375
1768493429.4835489,67.06
1768493429.5860188,67.215
1768493429.6882784,62.556
1768493429.7904756,64.319
1768493429.892647,69.411
1768493429.9948592,68.543
1768493430.0970368,68.347
1768493430.1993363,68.529
1768493430.301722,71.139
1768493430.4041042,67.271
1768493430.506305,66.139
1768493430.6121764,62.888
1768493430.7167034,66.767
1768493430.8189528,67.55
1768493430.9213922,65.2
1768493431.0237236,64.848
1768493431.1260428,64.573
1768493431.2283034,67.55
1768493431.3306396,67.313
1768493431.4329362,65.788
1768493431.5352964,68.487
1768493431.6375062,70.944
1768493431.7429092,66.375
1768493431.8486838,66.375
1768493431.9509542,64.692
1768493432.0532618,65.004
1768493432.1556916,68.836
1768493432.257974,68.096
1768493432.3601997,67.509
1768493432.4625232,64.964
1768493432.5648372,65.592
1768493432.6670082,70.542
1768493432.7693791,67.019
1768493432.8717093,68.585
1768493432.9739919,68.976
1768493433.0829227,69.172
1768493433.1851215,66.963
1768493433.2873936,63.182
1768493433.3896456,66.122
1768493433.4918473,67.452
1768493433.5941274,67.606
1768493433.6964424,67.117
1768493433.7988384,66.53
1768493433.9011471,67.158
1768493434.0035198,67.411
1768493434.1059103,70.096
1768493434.2092578,69.508
1768493434.315694,69.661
1768493434.4183407,68.781
1768493434.520639,65.73
1768493434.6230738,64.319
1768493434.7252343,66.432
1768493434.8275983,67.956
1768493434.9300466,65.102
1768493435.0324733,64.221
1768493435.1346898,67.9
1768493435.2368274,66.726
1768493435.3390133,70.738
1768493435.4491072,68.543
1768493435.5514743,69.955
1768493435.6537173,68.389
1768493435.7561533,64.417
1768493435.85875,63.574
1768493435.961269,65.845
1768493436.0637062,67.411
1768493436.1661942,66.963
1768493436.269294,64.71
1768493436.3714998,67.215
1768493436.4791105,66.473
1768493436.5830235,68.781
1768493436.6860578,68.445
1768493436.7887003,69.019
1768493436.890967,69.955
1768493436.993262,66.978
1768493437.0955608,64.71
1768493437.1979926,64.964
1768493437.3006315,66.081
1768493437.4030802,67.509
1768493437.505605,67.802
1768493437.6138432,66.334
1768493437.716264,67.9
1768493437.818668,66.571
1768493437.9210126,70.346
1768493438.0235393,66.628
1768493438.1259868,68.194
1768493438.2282739,69.716
1768493438.3304813,69.564
1768493438.4328074,66.024
1768493438.5352013,66.122
1768493438.6444707,66.865
1768493438.746685,68.096
1768493438.8488388,69.172
1768493438.951145,66.277
1768493439.0534132,64.612
1768493439.1558285,64.71
1768493439.2581158,68.347
1768493439.360318,70.836
1768493439.462637,69.564
1768493439.5650215,70.401
1768493439.6674714,67.509
1768493439.7696974,65.788
1768493439.8762546,64.71
1768493439.981444,66.432
1768493440.083645,66.375
1768493440.1858022,68.921
1768493440.2879348,66.628
1768493440.3901,65.69
1768493440.4936652,70.01
1768493440.5958686,68.976
1768493440.6984005,69.27
1768493440.8006897,67.019
1768493440.9029365,69.814
1768493441.0119257,65.551
1768493441.1142313,65.868
1768493441.216712,67.354
1768493441.3190782,67.313
1768493441.4212654,69.074
1768493441.5234764,63.633
1768493441.625741,66.473
1768493441.7283483,66.669
1768493441.830602,70.836
1768493441.932906,67.019
1768493442.042023,69.074
1768493442.1449492,68.683
1768493442.2472365,67.858
1768493442.34958,67.004
1768493442.4518871,65.2
1768493442.5541463,65.494
1768493442.6564617,67.998
1768493442.7589252,68.683
1768493442.8621125,63.672
1768493442.964587,67.06
1768493443.0669005,67.313
1768493443.1755822,67.858
1768493443.2783413,65.142
1768493443.3806956,64.848
1768493443.4832172,64.946
1768493443.5859323,68.096
1768493443.6881719,68.152
1768493443.7904081,69.368
1768493443.8927553,70.488
1768493443.9949398,70.499
1768493444.097203,66.963
1768493444.1995485,65.868
1768493444.3018258,66.139
1768493444.4111378,66.375
1768493444.513299,69.172
1768493444.6155295,66.041
1768493444.7177985,64.417
1768493444.820016,66.473
1768493444.9223154,63.829
1768493445.0245764,68.725
1768493445.1269686,70.684
1768493445.2292066,70.444
1768493445.3314734,67.858
1768493445.433881,66.628
1768493445.5430737,64.573
1768493445.645402,66.375
1768493445.7475817,66.277
1768493445.8499439,68.249
1768493445.9532979,63.242
1768493446.0554268,66.612
1768493446.157593,67.886
1768493446.2597518,68.487
1768493446.3620305,69.129
1768493446.4643848,68.096
1768493446.5666354,69.325
1768493446.6749122,67.256
1768493446.7773938,65.632
1768493446.8797414,66.53
1768493446.9819834,66.432
1768493447.0843153,67.704
1768493447.1874413,66.277
1768493447.2896655,64.75
1768493447.391938,63.476
1768493447.4941635,68.781
1768493447.596906,66.726
1768493447.6992092,69.117
1768493447.8073952,67.606
1768493447.9096227,67.411
1768493448.0118601,66.416
1768493448.1144753,64.515
1768493448.2170286,66.473
1768493448.3192947,67.55
1768493448.421795,68.683
1768493448.5243804,63.378
1768493448.6268482,67.354
1768493448.7291718,67.452
1768493448.8314147,69.466
1768493448.9351344,67.998
1768493449.0408387,69.368
1768493449.1431491,68.921
1768493449.2453783,67.215
1768493449.3476465,62.692
1768493449.4502065,65.885
1768493449.5524843,66.921
1768493449.6546562,68.389
1768493449.7569556,66.318
1768493449.8592114,64.515
1768493449.9614973,66.628
1768493450.0639517,67.788
1768493450.1697524,68.194
1768493450.2750566,68.445
1768493450.3775904,68.934
1768493450.4798717,68.445
1768493450.5820744,66.334
1768493450.6844726,62.829
1768493450.786706,66.726
1768493450.888944,65.2
1768493450.991214,68.934
1768493451.0934038,66.236
1768493451.195672,64.515
1768493451.2984622,67.313
1768493451.4066036,67.256
1768493451.5089767,69.074
1768493451.6112359,68.781
1768493451.7138069,68.641
1768493451.8161387,66.865
1768493451.9185572,63.399
1768493452.0209405,66.514
1768493452.1231098,66.041
1768493452.225233,68.138
1768493452.327342,67.117
1768493452.4318423,61.75
1768493452.5341642,66.041
1768493452.639301,67.313
1768493452.7416193,67.467
1768493452.8443966,68.976
1768493452.94668,69.521
1768493453.0491664,69.27
1768493453.1514418,67.746
1768493453.2536345,62.262
1768493453.3558784,66.081
1768493453.45881,64.71
1768493453.5611467,69.27
1768493453.670798,66.628
1768493453.7731705,64.848
1768493453.875614,64.906
1768493453.977825,68.823
1768493454.0800307,67.663
1768493454.1823394,69.368
1768493454.2847893,69.9
1768493454.3871567,68.781
1768493454.489439,67.019
1768493454.591651,64.612
1768493454.693887,66.179
1768493454.8029969,66.921
1768493454.9060183,67.509
1768493455.0082178,68.096
1768493455.110564,63.417
1768493455.2129512,65.845
1768493455.3152432,67.215
1768493455.41751,68.445
1768493455.5200055,66.726
1768493455.62254,68.836
1768493455.7248495,67.816
1768493455.8270597,67.704
1768493455.9334075,63.849
1768493456.0379152,65.69
1768493456.1400874,67.704
1768493456.2423387,67.411
1768493456.3445497,67.9
1768493456.4468935,63.868
1768493456.5492706,68.04
1768493456.651627,67.942
1768493456.7541487,69.857
1768493456.8564336,66.767
1768493456.9588628,70.944
1768493457.061118,69.172
1768493457.170867,64.3
1768493457.2745278,67.215
1768493457.3767118,67.509
1768493457.4787784,66.767
1768493457.5809288,67.467
1768493457.6830564,60.635
1768493457.7852697,67.606
1768493457.8873813,67.606
1768493457.9896948,68.389
1768493458.0918725,67.9
1768493458.194156,70.249
1768493458.302988,67.313
1768493458.4052994,68.487
1768493458.508251,65.926
1768493458.610685,67.704
1768493458.7131224,65.592
1768493458.8155417,68.879
1768493458.9184215,66.726
1768493459.020874,63.046
1768493459.1232452,66.334
1768493459.2254117,66.53
1768493459.330053,67.858
1768493459.4357522,68.096
1768493459.5381567,68.976
1768493459.6404808,68.054
1768493459.7427876,67.313
1768493459.845068,64.612
1768493459.9473765,66.179
1768493460.0497262,66.628
1768493460.1520507,67.998
1768493460.254383,69.27
1768493460.356806,63.711
1768493460.4590702,67.802
1768493460.5616412,66.318
1768493460.6706605,69.955
1768493460.7730637,69.423
1768493460.875325,70.357
1768493460.9777572,69.564
1768493461.079947,67.313
1768493461.182216,64.594
1768493461.2844849,64.808
1768493461.3868287,67.998
1768493461.4891133,67.704
1768493461.5913668,68.879
1768493461.693609,62.829
1768493461.8025534,66.53
1768493461.9050663,67.998
1768493462.0072472,69.618
1768493462.1095407,67.076
1768493462.211847,69.716
1768493462.3141644,69.368
1768493462.4165883,67.648
1768493462.5189862,62.79
1768493462.6214242,65.494
1768493462.7237442,66.921
1768493462.8260362,67.9
1768493462.9352374,63.123
1768493463.0374763,67.746
1768493463.1397438,67.858
1768493463.2418544,68.934
1768493463.3441203,67.55
1768493463.4462807,70.151
1768493463.5485797,69.606
1768493463.6508384,67.55
1768493463.7530427,64.064
1768493463.8552692,67.55
1768493463.9574847,65.983
1768493464.0672636,68.138
1768493464.1707973,66.22
1768493464.2729628,64.319
1768493464.3756912,64.671
1768493464.4779584,69.368
1768493464.5803144,68.487
1768493464.6826646,71.183
1768493464.7850268,68.738
1768493464.8871922,68.347
1768493464.989652,67.117
1768493465.0942755,61.064
1768493465.2008533,66.865
1768493465.3031719,66.334
1768493465.4056256,67.942
1768493465.5080194,64.515
1768493465.6102955,64.946
1768493465.7126625,66.963
1768493465.8150811,69.368
1768493465.9173503,68.249
1768493466.0196264,71.325
1768493466.1219356,68.891
1768493466.2241523,68.096
1768493466.3264754,67.354
1768493466.4326966,62.437
1768493466.5350938,66.277
1768493466.637269,65.454
1768493466.739635,68.194
1768493466.8418653,64.064
1768493466.9442232,66.375
1768493467.046651,67.844
1768493467.1490235,70.836
1768493467.2514186,67.802
1768493467.3537192,70.988
1768493467.456032,68.194
1768493467.5584688,67.411
1768493467.6607115,65.16
1768493467.7629387,61.321
1768493467.8723056,67.158
1768493467.974616,67.117
1768493468.0768087,69.716
1768493468.179142,63.123
1768493468.2814918,67.298
1768493468.3838234,66.963
1768493468.4861166,70.303
1768493468.5883474,68.725
1768493468.6906679,72.597
1768493468.7928607,69.661
1768493468.8951976,67.06
1768493468.997385,67.354
1768493469.0996907,61.027
1768493469.2064106,65.788
1768493469.3138242,69.912
1768493469.4159641,63.182
1768493469.518128,68.389
1768493469.620326,64.612
1768493469.7225132,69.966
1768493469.8246248,68.194
1768493469.9269195,69.955
1768493470.0290983,68.152
1768493470.1313057,67.9
1768493470.2336044,65.983
1768493470.3359919,61.577
1768493470.4427092,67.606
1768493470.5470676,67.509
1768493470.6525836,67.606
1768493470.754999,64.71
1768493470.8572598,66.71
1768493470.959524,65.356
1768493471.0618103,70.151
1768493471.1640615,69.27
1768493471.2664685,70.249
1768493471.375402,68.683
1768493471.4777303,68.529
1768493471.5799167,66.139
1768493471.6820817,65.926
1768493471.7843413,66.473
1768493471.8866222,67.998
1768493471.9888296,68.389
1768493472.0911958,65.788
1768493472.193444,63.535
1768493472.2958858,66.473
1768493472.3982522,67.998
1768493472.5006835,67.509
1768493472.602929,67.509
1768493472.705163,72.748
1768493472.8072965,69.27
1768493472.9163504,68.389
1768493473.0187523,68.04
1768493473.1209228,64.025
1768493473.2232816,67.019
1768493473.3255253,66.628
1768493473.4279501,69.423
1768493473.5303245,62.556
1768493473.6326554,67.313
1768493473.7350092,67.509
1768493473.8371878,70.303
1768493473.9394138,68.347
1768493474.0417905,66.236
1768493474.1441271,70.542
1768493474.2502904,67.704
1768493474.3525898,66.432
1768493474.4548333,63.809
1768493474.5570128,66.432
1768493474.6592436,66.963
1768493474.7615416,69.27
1768493474.8639073,66.628
1768493474.9662175,66.571
1768493475.0686467,68.096
1768493475.1709945,66.432
1768493475.2732904,68.976
1768493475.3756888,65.707
1768493475.4781334,71.335
1768493475.5804274,69.019
1768493475.6828523,68.194
1768493475.7852726,66.041
1768493475.8913217,67.704
1768493475.9939306,68.333
1768493476.0961404,68.487
1768493476.2011023,63.123
1768493476.3033218,67.411
1768493476.4058352,67.746
1768493476.5081131,71.325
1768493476.6106508,69.521
1768493476.713013,67.55
1768493476.8157332,69.759
1768493476.9181654,68.054
1768493477.0205455,67.704
1768493477.1255805,67.215
1768493477.2321525,65.69
1768493477.3346121,67.06
1768493477.4369593,68.487
1768493477.5392952,65.436
1768493477.64142,65.592
1768493477.7436588,67.55
1768493477.8459682,68.781
1768493477.9481783,69.661
1768493478.0503774,67.858
1768493478.1525903,71.183
1768493478.2592459,67.648
1768493478.3614855,66.628
1768493478.4653223,61.871
1768493478.5678003,65.142
1768493478.670084,67.215
1768493478.7727094,68.738
1768493478.8751576,69.661
1768493478.9774806,63.829
1768493479.079848,66.767
1768493479.1821425,64.084
1768493479.2844844,67.9
1768493479.386765,68.249
1768493479.489053,68.836
1768493479.5912757,69.716
1768493479.700155,67.313
1768493479.803179,65.943
1768493479.9053464,65.926
1768493480.0075927,66.921
1768493480.109914,67.06
1768493480.212209,68.879
1768493480.3146312,66.375
1768493480.4169648,63.966
1768493480.5192907,66.906
1768493480.621783,68.431
1768493480.7240582,69.074
1768493480.8263977,68.781
1768493480.9363163,70.596
1768493481.038624,67.019
1768493481.1409874,66.963
1768493481.2433703,63.633
1768493481.3456519,67.117
1768493481.4478617,67.117
1768493481.5500264,68.291
1768493481.652222,66.277
1768493481.7544875,66.865
1768493481.8567011,64.279
1768493481.9590733,68.865
1768493482.061353,69.759
1768493482.1707487,72.063
1768493482.2761075,67.663
1768493482.378342,66.236
1768493482.4806004,65.062
1768493482.5828836,64.71
1768493482.6851552,67.215
1768493482.7873096,66.53
1768493482.889502,69.857
1768493482.9922621,64.319
1768493483.0945296,67.411
1768493483.2055514,67.313
1768493483.3078861,69.411
1768493483.4101908,69.313
1768493483.5124412,69.716
1768493483.6147282,67.76
1768493483.716921,67.9
1768493483.819114,67.509
1768493483.9213986,64.3
1768493484.0237787,68.194
1768493484.1261537,66.432
1768493484.2283354,68.683
1768493484.337601,65.298
1768493484.4409802,66.024
1768493484.5432987,65.16
1768493484.6456437,66.041
1768493484.7478964,68.194
1768493484.8501441,68.333
1768493484.95247,71.53
1768493485.054779,66.571
1768493485.156979,68.04
1768493485.259267,64.75
1768493485.361526,67.9
1768493485.4638426,67.06
1768493485.5677812,68.585
1768493485.6736565,61.615
1768493485.776139,67.844
1768493485.878473,67.215
1768493485.9809875,69.423
1768493486.0833046,64.848
1768493486.1857479,67.117
1768493486.2880948,67.956
1768493486.3906827,68.389
1768493486.4932177,67.509
1768493486.5956774,67.313
1768493486.7054405,71.476
1768493486.8078785,65.983
1768493486.9102392,63.731
1768493487.0124977,65.298
1768493487.1147628,68.194
1768493487.2169602,68.096
1768493487.3191826,70.107
1768493487.4214046,63.378
1768493487.523647,67.606
1768493487.6272674,67.117
1768493487.7308898,68.823
1768493487.836378,68.445
1768493487.9388356,67.313
1768493488.0413144,67.746
1768493488.1434624,62.126
1768493488.2459471,66.334
1768493488.3483684,67.313
1768493488.450591,67.606
1768493488.5527759,67.313
1768493488.655116,62.339
1768493488.7573411,67.019
1768493488.8601444,67.158
1768493488.9681325,70.64
1768493489.0714803,65.551
1768493489.1737165,69.759
1768493489.2758622,69.966
1768493489.3781586,66.628
1768493489.480551,66.921
1768493489.5827522,64.75
1768493489.685156,67.606
1768493489.7873826,67.354
1768493489.8896825,67.313
1768493489.9919565,61.811
1768493490.1018903,66.277
1768493490.2040966,68.291
1768493490.3066995,70.988
1768493490.408954,66.0
1768493490.5112174,68.138
1768493490.6134307,69.673
1768493490.7156014,66.041
1768493490.8177664,66.139
1768493490.9201062,65.592
1768493491.0223823,66.571
1768493491.1247334,66.571
1768493491.2268753,68.389
1768493491.3329792,65.73
1768493491.438186,67.313
1768493491.540605,67.565
1768493491.6429868,68.096
1768493491.7452466,69.661
1768493491.8476524,68.487
1768493491.9500265,70.596
1768493492.052421,66.571
1768493492.1547143,67.452
1768493492.2570424,64.26
1768493492.3591816,65.885
1768493492.4615443,67.746
1768493492.5654385,67.158
1768493492.6710353,65.062
1768493492.7735515,67.313
1768493492.8758914,67.019
1768493492.9781702,68.054
1768493493.0804224,67.467
1768493493.1828892,67.369
1768493493.285213,69.814
1768493493.3874774,67.411
1768493493.4897983,63.966
1768493493.592984,65.004
1768493493.7027204,68.291
1768493493.804928,67.256
1768493493.9072127,66.824
1768493494.0096462,64.319
1768493494.1125329,66.22
1768493494.2148032,68.096
1768493494.3170166,70.542
1768493494.4194045,67.663
1768493494.5219269,70.107
1768493494.6244018,67.606
1768493494.7267842,67.844
1768493494.8352256,62.594
1768493494.9377997,67.256
1768493495.040365,66.824
1768493495.1427114,65.943
1768493495.2452428,65.044
1768493495.347581,67.06
1768493495.4500973,66.375
1768493495.5524693,68.194
1768493495.6550608,68.445
1768493495.7572744,70.596
1768493495.8596435,69.172
1768493495.968246,67.411
1768493496.0717282,65.356
1768493496.1741307,64.221
1768493496.2764184,66.53
1768493496.3788884,68.487
1768493496.481328,67.648
1768493496.5837238,67.354
1768493496.6871893,62.986
1768493496.7899368,68.096
1768493496.8923717,67.956
1768493497.0016096,69.313
1768493497.1040583,66.473
1768493497.2064002,70.346
1768493497.3085806,69.423
1768493497.4107924,66.473
1768493497.5131004,65.885
1768493497.6154218,64.612
1768493497.7179005,65.298
1768493497.8201432,69.618
1768493497.9226303,65.494
1768493498.0248675,65.396
1768493498.1273532,65.69
1768493498.2349968,67.369
1768493498.3373373,67.117
1768493498.439603,66.236
1768493498.541871,68.683
1768493498.6442165,69.857
1768493498.746594,65.788
1768493498.8488603,62.986
1768493498.9513915,67.704
1768493499.054432,67.606
1768493499.1566327,66.473
1768493499.2589335,63.046
1768493499.3672206,65.983
1768493499.469427,69.27
1768493499.571875,67.019
1768493499.6742163,68.836
1768493499.7766793,70.107
1768493499.879095,69.368
1768493499.9813914,66.824
1768493500.0839577,64.142
1768493500.186272,66.179
1768493500.288626,66.921
1768493500.3909361,67.606
1768493500.5006797,68.054
1768493500.603223,63.731
1768493500.7057045,66.514
1768493500.8078644,66.824
1768493500.9102437,69.368
1768493501.0124857,68.403
1768493501.1148126,69.759
1768493501.2170343,69.478
1768493501.3193374,67.019
1768493501.4217439,65.436
1768493501.5239553,65.592
1768493501.6265175,66.041
1768493501.7316654,68.641
1768493501.8365755,67.411
1768493501.9388354,65.396
1768493502.0412047,66.669
1768493502.1434877,67.158
1768493502.245882,69.857
1768493502.3480947,68.781
1768493502.4504323,69.521
1768493502.5528066,70.107
1768493502.6551628,68.487
1768493502.7575839,66.767
1768493502.8598843,65.454
1768493502.9691126,67.215
1768493503.0713477,66.277
1768493503.1735032,67.606
1768493503.2758086,68.585
1768493503.3782203,65.649
1768493503.4807158,67.648
1768493503.583172,67.256
1768493503.6855223,68.445
1768493503.7877524,70.542
1768493503.8900096,69.716
1768493503.9923623,69.857
1768493504.101588,67.858
1768493504.2037873,65.102
1768493504.3061252,63.731
1768493504.4083893,65.494
1768493504.510635,68.585
1768493504.6129584,65.044
1768493504.7159903,67.313
1768493504.8181133,65.983
1768493504.920323,69.227
1768493505.022426,68.347
1768493505.1246955,68.879
1768493505.2333796,68.738
1768493505.3356385,70.455
1768493505.4380114,67.158
1768493505.540217,65.258
1768493505.6432714,66.375
1768493505.7456472,65.885
1768493505.8480096,68.389
1768493505.950288,66.432
1768493506.0524423,64.358
1768493506.1547146,64.221
1768493506.2604916,69.313
1768493506.3653564,67.998
1768493506.4675188,69.325
1768493506.5698037,68.976
1768493506.6719894,69.716
1768493506.7744439,67.06
1768493506.876678,63.829
1768493506.9789822,66.375
1768493507.0812218,67.313
1768493507.1835258,68.879
1768493507.2858586,66.53
1768493507.3883111,63.966
1768493507.4974694,67.648
1768493507.5999575,67.55
1768493507.7023058,68.236
1768493507.8044913,68.291
1768493507.906739,69.955
1768493508.0089142,71.183
1768493508.1111426,67.354
1768493508.2133405,67.339
1768493508.3155098,66.473
1768493508.4176705,66.921
1768493508.5199878,68.333
1768493508.6225727,65.102
1768493508.7264922,63.868
1768493508.8322706,65.16
1768493508.9349022,68.725
1768493509.0373068,68.431
1768493509.139794,71.075
1768493509.2421365,70.151
1768493509.3444657,68.347
1768493509.4467573,68.333
1768493509.5489256,66.081
1768493509.6511407,66.179
1768493509.7533913,66.628
1768493509.8627236,68.138
1768493509.9653966,68.836
1768493510.0676742,64.808
1768493510.1698735,66.041
1768493510.2722106,69.172
1768493510.3762176,70.64
1768493510.4784808,69.857
1768493510.5807016,68.891
1768493510.6831107,66.978
1768493510.7855852,63.692
1768493510.8878431,66.71
1768493510.993767,64.71
1768493511.1019235,67.606
1768493511.2041028,67.844
1768493511.306347,65.044
1768493511.408575,66.767
1768493511.5108235,66.473
1768493511.61314,71.031
1768493511.7153728,66.041
1768493511.8176155,68.249
1768493511.919914,69.368
1768493512.027754,67.998
1768493512.1309125,67.452
1768493512.2331195,64.377
1768493512.335379,66.473
1768493512.4376667,67.606
1768493512.5401928,67.9
1768493512.6425524,62.654
1768493512.7448876,68.389
1768493512.8473833,66.824
1768493512.9497666,69.661
1768493513.0521314,67.704
1768493513.154358,72.943
1768493513.2600586,67.998
1768493513.365265,67.509
1768493513.4675517,64.612
1768493513.5698018,65.828
1768493513.672072,64.906
1768493513.7743018,68.096
1768493513.8766725,68.976
1768493513.9790618,64.808
1768493514.0814068,66.71
1768493514.1837444,67.648
1768493514.2860734,69.955
1768493514.388525,68.529
1768493514.4984732,70.151
1768493514.6009173,66.865
1768493514.7034893,69.814
1768493514.8058555,65.534
1768493514.9083624,62.067
1768493515.0107453,66.473
1768493515.1133418,66.571
1768493515.2154863,68.096
1768493515.3181124,66.669
1768493515.4205573,65.983
1768493515.5267668,64.612
1768493515.6310687,69.618
1768493515.7334816,68.487
1768493515.8357844,68.683
1768493515.9395423,68.879
1768493516.0417526,66.489
1768493516.143878,62.811
1768493516.246248,67.117
1768493516.3484323,66.473
1768493516.4508333,67.606
1768493516.553098,69.564
1768493516.6551974,65.142
1768493516.766853,68.585
1768493516.8690476,67.844
1768493516.9712372,68.794
1768493517.0735307,66.921
1768493517.1758327,71.183
1768493517.2782245,70.694
1768493517.3805602,69.172
1768493517.4830165,68.976
1768493517.5852883,63.242
1768493517.694996,66.179
1768493517.7983854,65.943
1768493517.9008427,68.389
1768493518.0032768,66.236
1768493518.1057143,63.399
1768493518.2082288,65.102
1768493518.310472,67.215
1768493518.4126878,67.663
1768493518.515147,69.368
1768493518.6175668,68.976
1768493518.7241325,68.347
1768493518.830139,69.019
1768493518.9324787,66.669
1768493519.0347865,66.628
1768493519.1373947,66.473
1768493519.2398522,67.9
1768493519.3422904,70.01
1768493519.44485,63.378
1768493519.5474367,67.354
1768493519.6498551,67.9
1768493519.7561703,69.129
1768493519.8611035,66.294
1768493519.9635258,70.303
1768493520.0659175,69.074
1768493520.168224,68.823
1768493520.2704725,63.829
1768493520.3727875,66.334
1768493520.4751234,65.788
1768493520.577448,67.746
1768493520.6797397,65.494
1768493520.7819824,64.946
1768493520.891189,64.515
1768493520.9935155,68.781
1768493521.097632,69.564
1768493521.2002993,68.879
1768493521.3027816,70.053
1768493521.405068,67.648
1768493521.5071301,62.752
1768493521.6093302,66.041
1768493521.7115548,64.71
1768493521.814103,68.683
1768493521.9200268,68.585
1768493522.02837,64.946
1768493522.1306777,66.865
1768493522.2328866,68.138
1768493522.335139,69.759
1768493522.437398,65.747
1768493522.539648,69.759
1768493522.641893,67.369
1768493522.7441652,67.704
1768493522.8463836,66.22
1768493522.9540737,64.612
1768493523.0570068,67.411
1768493523.1593697,67.9
1768493523.2618272,69.325
1768493523.3641205,64.162
1768493523.4665895,69.074
1768493523.5689487,65.788
1768493523.671448,69.869
1768493523.7737856,68.096
1768493523.876087,71.618
1768493523.9784138,67.704
1768493524.0871172,67.215
1768493524.1898463,65.845
1768493524.2921534,63.966
1768493524.3945265,67.313
1768493524.4968374,66.277
1768493524.5991905,68.781
1768493524.7016122,64.671
1768493524.8039799,66.963
1768493524.906191,65.592
1768493525.0086503,67.117
1768493525.1109858,69.27
1768493525.2133045,66.432
1768493525.3227608,69.759
1768493525.4267044,67.313
1768493525.5289292,67.215
1768493525.6312587,66.26
1768493525.7335277,65.592
1768493525.8358293,67.998
1768493525.9381528,67.802
1768493526.0403764,68.194
1768493526.142556,63.221
1768493526.244826,69.074
1768493526.3471937,65.534
1768493526.4526114,68.445
1768493526.5550933,66.571
1768493526.6589744,69.27
1768493526.76204,67.452
1768493526.8642888,67.019
1768493526.966533,62.029
1768493527.0686371,66.726
1768493527.1707911,66.865
1768493527.272965,68.389
1768493527.3751636,66.432
1768493527.4779103,64.162
1768493527.5800087,66.571
1768493527.682176,69.466
1768493527.784287,68.836
1768493527.8943717,65.943
1768493527.996542,70.738
1768493528.0989575,68.096
1768493528.2013721,66.294
1768493528.3038359,66.808
1768493528.4061663,65.885
1768493528.5084414,69.716
1768493528.6108472,66.824
1768493528.7133324,68.138
1768493528.8176174,63.829
1768493528.9232116,67.606
1768493529.026155,66.669
1768493529.1286085,68.879
1768493529.2309678,66.375
1768493529.3331816,64.946
1768493529.435518,66.963
1768493529.5378752,69.466
1768493529.6401253,69.368
1768493529.7424684,68.836
1768493529.8447661,71.476
1768493529.9469724,68.194
1768493530.04917,67.019
1768493530.154984,61.871
1768493530.259777,66.375
1768493530.3620532,66.824
1768493530.4645867,67.117
1768493530.5671265,69.074
1768493530.6693978,63.535
1768493530.771737,68.585
1768493530.874063,64.573
1768493530.976383,70.694
1768493531.0790327,67.704
1768493531.1814048,70.205
1768493531.2839162,68.879
1768493531.3877175,68.291
1768493531.4900277,67.019
1768493531.5956578,60.831
1768493531.6978042,66.473
1768493531.7999935,67.704
1768493531.902148,70.053
1768493532.0043468,65.983
1768493532.1066105,66.669
1768493532.209208,65.845
1768493532.3116505,67.648
1768493532.4140892,69.032
1768493532.516874,67.663
1768493532.6236622,69.368
1768493532.731276,68.683
1768493532.8336205,66.081
1768493532.935878,68.291
1768493533.0381002,65.983
1768493533.140662,69.032
1768493533.2427905,66.726
1768493533.3450375,64.358
1768493533.4471397,68.333
1768493533.55718,65.747
1768493533.6593988,69.325
1768493533.7616646,67.369
1768493533.8638387,72.312
1768493533.9660974,68.976
1768493534.0684025,68.04
1768493534.17093,65.16
1768493534.273203,64.319
1768493534.3756745,67.117
1768493534.478023,65.298
1768493534.580487,67.215
1768493534.689981,64.181
1768493534.792246,67.9
1768493534.894616,65.2
1768493534.9967854,69.521
1768493535.0990767,67.956
1768493535.201341,67.746
1768493535.3036005,69.27
1768493535.4058676,66.921
1768493535.5080228,66.334
1768493535.6103756,60.5
1768493535.7125711,68.389
1768493535.8149297,66.669
1768493535.9227633,68.389
1768493536.0254989,66.179
1768493536.1279001,65.044
1768493536.230232,67.648
1768493536.3326836,67.354
1768493536.4350822,68.823
1768493536.5372496,68.725
1768493536.6395047,70.596
1768493536.7419896,66.921
1768493536.844278,66.432
1768493536.946472,66.767
1768493537.048767,67.215
1768493537.1582005,65.494
1768493537.2612603,67.256
1768493537.363585,65.747
1768493537.465885,63.182
1768493537.568274,68.249
1768493537.6707087,67.117
1768493537.773273,70.499
1768493537.875545,68.487
1768493537.9778602,71.628
1768493538.0802295,68.934
1768493538.1828318,67.019
1768493538.2851186,67.158
1768493538.3939779,67.215
1768493538.4962206,65.356
1768493538.5983841,69.564
1768493538.700491,64.946
1768493538.8031585,67.998
1768493538.9052713,67.746
1768493539.007706,69.423
1768493539.1099668,68.249
1768493539.2121994,67.369
1768493539.3147125,69.998
1768493539.417162,67.411
1768493539.5267415,66.963
1768493539.6294236,62.142
1768493539.731797,66.669
1768493539.8340824,65.788
1768493539.9365442,69.466
1768493540.0388224,63.28
1768493540.1410298,68.389
1768493540.243293,65.476
1768493540.345494,67.509
1768493540.4477787,67.354
1768493540.5500119,69.857
1768493540.658791,67.998
1768493540.7613344,68.04
1768493540.8638122,66.375
1768493540.966007,63.437
1768493541.0682125,67.117
1768493541.170462,67.215
1768493541.2728696,69.521
1768493541.3751454,64.964
1768493541.4774027,66.064
1768493541.5799572,66.473
1768493541.6824346,69.313
1768493541.7847407,68.976
1768493541.886989,69.716
1768493541.9927137,69.074
1768493542.0981393,67.215
1768493542.2003827,67.746
1768493542.3027267,61.848
1768493542.4049635,67.565
1768493542.507189,65.2
1768493542.6098099,68.934
1768493542.7120886,64.025
1768493542.814419,67.648
1768493542.916754,66.669
1768493543.0191278,71.085
1768493543.1215425,67.076
1768493543.227305,67.9
1768493543.332855,71.183
1768493543.4350512,68.389
1768493543.5374727,66.824
1768493543.6398578,64.398
1768493543.7421074,66.432
1768493543.8443525,67.802
1768493543.9466062,69.172
1768493544.0487397,67.452
1768493544.1509738,62.36
1768493544.2532537,69.759
1768493544.3556805,67.019
1768493544.4643545,66.334
1768493544.5689914,69.955
1768493544.671404,67.914
1768493544.773711,67.844
1768493544.8760185,65.845
1768493544.978593,60.831
1768493545.0811296,67.411
1768493545.1834416,67.313
1768493545.2857544,70.249
1768493545.3898568,62.927
1768493545.4931748,68.934
1768493545.597631,65.592
1768493545.6999452,68.152
1768493545.8022258,67.215
1768493545.904522,69.368
1768493546.0068483,70.249
1768493546.109129,68.194
1768493546.211498,66.628
1768493546.3138473,62.164
1768493546.4160368,67.55
1768493546.518254,66.628
1768493546.6205826,69.27
1768493546.722919,63.927
1768493546.8324833,64.515
1768493546.9348269,65.983
1768493547.0371888,69.466
1768493547.1396077,66.139
1768493547.241802,71.618
1768493547.3440669,70.249
1768493547.4462683,67.411
1768493547.548479,68.138
1768493547.6506562,64.515
1768493547.753027,67.117
1768493547.8552783,66.726
1768493547.9641037,69.227
1768493548.0666854,67.019
1768493548.1689966,67.411
1768493548.271362,66.53
1768493548.3736625,66.139
1768493548.4761224,68.529
1768493548.5783663,68.683
1768493548.6807597,72.259
1768493548.7829874,69.325
1768493548.885316,66.277
1768493548.987506,66.334
1768493549.0898085,64.808
1768493549.1919982,67.998
1768493549.2941964,67.215
1768493549.4003234,69.466
1768493549.505479,68.781
1768493549.6077173,65.828
1768493549.710106,67.256
1768493549.8125787,67.998
1768493549.9150648,67.858
1768493550.0174792,67.271
1768493550.1200886,70.64
1768493550.222672,67.9
1768493550.325067,66.963
1768493550.4275463,65.592
1768493550.5340595,67.158
1768493550.636302,68.487
1768493550.745109,64.808
1768493550.8473213,65.788
1768493550.94987,67.452
1768493551.0521128,68.347
1768493551.1546924,67.956
1768493551.2570162,68.836
1768493551.359498,70.846
1768493551.4686346,67.467
1768493551.5711973,67.509
1768493551.6737437,68.333
1768493551.7763093,63.221
1768493551.8788795,68.487
1768493551.9812098,65.062
1768493552.083563,68.879
1768493552.185925,65.298
1768493552.2882154,67.998
1768493552.3905132,66.334
1768493552.4927568,68.781
1768493552.601926,67.076
1768493552.7045946,69.521
1768493552.8068302,68.641
1768493552.9090471,66.391
1768493553.0112257,66.024
1768493553.1136138,66.669
1768493553.2160003,66.767
1768493553.3182752,67.256
1768493553.4205508,69.172
1768493553.5230052,63.378
1768493553.6254075,67.313
1768493553.727793,67.06
1768493553.8374252,70.249
1768493553.939764,67.648
1768493554.042394,69.955
1768493554.1445796,68.738
1768493554.246774,66.375
1768493554.3491669,63.319
1768493554.4514759,66.628
1768493554.5538497,68.096
1768493554.6561222,67.746
1768493554.7585425,66.473
1768493554.8608863,66.024
1768493554.969534,66.628
1768493555.0720112,66.628
1768493555.1744175,69.032
1768493555.276914,67.802
1768493555.3791177,69.912
1768493555.481368,71.183
1768493555.5838137,66.432
1768493555.686291,64.181
1768493555.7886815,64.848
1768493555.8909786,67.117
1768493555.9932916,68.683
1768493556.0954673,65.396
1768493556.19867,67.354
1768493556.3042116,67.06
1768493556.4066434,68.054
1768493556.509137,68.054
1768493556.6112938,68.585
1768493556.7135272,70.346
1768493556.8167968,66.824
1768493556.9191372,68.04
1768493557.021704,64.358
1768493557.1239896,67.9
1768493557.2262743,67.158
1768493557.3286595,68.976
1768493557.4308753,63.731
1768493557.5353954,67.509
1768493557.6376033,67.565
1768493557.7423043,69.423
1768493557.8444827,69.759
1768493557.9467475,69.802
1768493558.0488772,69.521
1768493558.1511517,66.685
1768493558.2534711,66.081
1768493558.355979,65.142
1768493558.4582484,65.454
1768493558.5606415,68.291
1768493558.6630223,68.333
1768493558.765241,65.16
1768493558.867664,67.117
1768493558.977221,67.606
1768493559.0794804,68.445
1768493559.1817863,68.725
1768493559.2841456,70.053
1768493559.386572,71.823
1768493559.4887283,68.836
1768493559.5910206,67.256
1768493559.6933186,62.458
1768493559.7955446,66.669
1768493559.8978474,68.291
1768493560.000104,67.942
1768493560.1023874,67.606
1768493560.2108426,64.906
1768493560.3134792,64.319
1768493560.415824,68.543
1768493560.5183673,70.346
1768493560.6207628,65.609
1768493560.7230494,68.305
1768493560.825351,70.303
1768493560.9275954,65.788
1768493561.0298793,62.458
1768493561.1322446,64.612
1768493561.2345102,66.963
1768493561.3367193,66.628
1768493561.4432635,67.55
1768493561.545558,62.398
1768493561.6489716,65.258
1768493561.7513673,68.934
1768493561.853604,68.152
1768493561.9559414,69.227
1768493562.0583835,69.802
1768493562.1607463,70.151
1768493562.263041,69.227
1768493562.365352,68.04
1768493562.46771,65.356
1768493562.5705955,67.215
1768493562.672828,66.318
1768493562.7784178,66.277
1768493562.8806963,65.983
1768493562.984736,65.2
1768493563.087633,68.347
1768493563.1898625,66.921
1768493563.2920659,69.9
1768493563.3942757,69.466
1768493563.496615,70.596
1768493563.5987883,65.298
1768493563.7011645,63.437
1768493563.8036118,65.396
1768493563.905895,66.726
1768493564.00809,67.9
1768493564.1179147,65.298
1768493564.220147,62.986
1768493564.3224456,64.769
1768493564.424771,68.389
1768493564.5269668,67.802
1768493564.629237,66.726
1768493564.731473,70.053
1768493564.833624,68.989
1768493564.9357831,66.571
1768493565.0380201,63.378
1768493565.140542,66.179
1768493565.2495017,67.9
1768493565.352298,67.942
1768493565.4547513,68.347
1768493565.5572581,62.36
1768493565.6595623,65.943
1768493565.761939,66.236
1768493565.864169,69.814
1768493565.966382,69.998
1768493566.068626,68.934
1768493566.1707888,70.01
1768493566.273066,67.215
1768493566.375299,63.594
1768493566.4774427,64.123
1768493566.5834424,64.808
1768493566.685937,66.726
1768493566.788366,68.291
1768493566.8905702,64.75
1768493566.9928951,67.802
1768493567.095103,67.467
1768493567.1973417,69.117
1768493567.2996182,68.683
1768493567.4018955,67.035
1768493567.5042233,68.152
1768493567.6065595,69.129
1768493567.708804,65.983
1768493567.8110952,61.577
1768493567.913358,64.71
1768493568.015641,67.9
1768493568.1243608,67.411
1768493568.2265701,66.921
1768493568.3288007,65.788
1768493568.4310422,65.454
1768493568.533389,68.738
1768493568.6357691,67.174
1768493568.737974,70.107
1768493568.8413339,69.368
1768493568.943612,66.473
1768493569.0459676,66.024
1768493569.1571565,66.081
1768493569.2595959,67.606
1768493569.361828,69.661
1768493569.464066,67.509
1768493569.5663042,63.966
1768493569.668468,67.704
1768493569.7707326,68.236
1768493569.8729968,68.445
1768493569.975195,67.844
1768493570.0773826,68.836
1768493570.179694,68.934
1768493570.2819927,68.781
1768493570.3906062,65.69
1768493570.4929013,63.399
1768493570.5951836,66.179
1768493570.69763,67.802
1768493570.8001509,67.313
1768493570.9024942,65.69
1768493571.004923,65.298
1768493571.1071308,64.75
1768493571.2096684,64.652
1768493571.311936,65.102
1768493571.41422,67.411
1768493571.5233424,66.571
1768493571.6257026,70.303
1768493571.72803,67.271
1768493571.830304,69.521
1768493571.9324856,68.04
1768493572.0347216,69.27
1768493572.1370885,66.571
1768493572.2394037,62.3
1768493572.3416665,65.788
1768493572.4439557,66.865
1768493572.5463955,68.976
1768493572.6488984,65.396
1768493572.7567856,64.652
1768493572.8597667,64.71
1768493572.9622025,69.466
1768493573.0646403,68.543
1768493573.166883,70.151
1768493573.2691603,68.012
1768493573.3714724,69.857
1768493573.4737875,65.298
1768493573.576198,65.102
1768493573.6784742,67.313
1768493573.7806907,66.179
1768493573.8829799,67.509
1768493573.9865937,66.963
1768493574.0888019,65.044
1768493574.1911573,64.671
1768493574.2955775,69.019
1768493574.3980408,68.096
1768493574.5005255,68.291
1768493574.6029944,69.227
1768493574.7055464,65.885
1768493574.8094025,65.632
1768493574.912066,66.824
1768493575.0143337,66.081
1768493575.1168683,68.683
1768493575.2191508,66.53
1768493575.3256903,62.475
1768493575.4306388,67.746
1768493575.5328171,66.726
1768493575.6350682,68.529
1768493575.7374706,68.976
1768493575.8396842,69.661
1768493575.9421506,68.683
1768493576.0448074,66.196
1768493576.1472282,64.064
1768493576.2499006,65.885
1768493576.352216,67.802
1768493576.4580648,67.606
1768493576.5605001,66.277
1768493576.6643138,65.338
1768493576.766848,66.963
1768493576.8690662,65.943
1768493576.971428,68.738
1768493577.0736501,70.249
1768493577.1759815,68.249
1768493577.2782474,69.466
1768493577.3805368,68.879
1768493577.4828742,66.963
1768493577.5851746,65.16
1768493577.6939485,65.2
1768493577.7963116,67.019
1768493577.8985915,67.9
1768493578.0008373,65.102
1768493578.1031754,64.964
1768493578.2054715,66.041
1768493578.3077276,69.032
1768493578.4101205,66.921
1768493578.512282,69.282
1768493578.6145563,69.508
1768493578.716796,68.879
1768493578.819087,67.354
1768493578.9212887,64.652
1768493579.0297294,65.356
1768493579.1319437,67.452
1768493579.2343156,67.158
1768493579.3366244,63.672
1768493579.4388669,68.333
1768493579.5412045,66.571
1768493579.6436875,70.303
1768493579.746146,66.139
1768493579.848406,71.672
1768493579.9508348,69.172
1768493580.053244,69.912
1768493580.162163,65.16
1768493580.2644265,63.084
1768493580.3668017,68.487
1768493580.47122,68.096
1768493580.5734875,62.752
1768493580.6759503,68.389
1768493580.7781413,66.921
1768493580.8804016,68.976
1768493580.9826043,66.041
1768493581.0870395,69.759
1768493581.1924353,68.389
1768493581.2948625,66.88
1768493581.3971512,62.986
1768493581.4999275,66.824
1768493581.602283,66.473
1768493581.7047224,67.998
1768493581.8070815,67.9
1768493581.909604,63.868
1768493582.011921,67.06
1768493582.114195,67.746
1768493582.216598,67.858
1768493582.3245025,67.019
1768493582.4268298,69.423
1768493582.528951,68.487
1768493582.631265,68.389
1768493582.7334964,66.375
1768493582.835863,65.24
1768493582.9381537,66.473
1768493583.0405688,66.767
1768493583.1430063,68.683
1768493583.245267,63.966
1768493583.3475785,68.487
1768493583.4501956,67.117
1768493583.5597224,70.401
1768493583.6621802,68.138
1768493583.7646172,69.857
1768493583.867126,67.9
1768493583.969322,68.389
1768493584.0714822,67.158
1768493584.1737869,62.105
1768493584.276055,67.411
1768493584.37839,66.824
1768493584.4806185,66.334
1768493584.5829432,64.808
1768493584.687118,67.648
1768493584.7927353,66.375
1768493584.8958917,70.249
1768493584.9982653,66.53
1768493585.1006408,70.205
1768493585.2030337,69.27
1768493585.30537,68.291
1768493585.4077299,64.025
1768493585.510079,64.358
1768493585.6122878,66.179
1768493585.7146087,67.019
1768493585.8168252,68.096
1768493585.9228728,63.476
1768493586.0273478,67.802
1768493586.129539,67.256
1768493586.2319348,68.543
1768493586.3351142,70.064
1768493586.4372058,68.683
1768493586.5393925,69.172
1768493586.6415663,65.062
1768493586.745305,64.123
1768493586.8552597,67.117
1768493586.9576962,67.215
1768493587.0599704,67.998
1768493587.1621885,67.354
1768493587.2645996,63.927
1768493587.3669353,64.652
1768493587.4691513,65.16
1768493587.5713387,67.565
1768493587.6736412,69.466
1768493587.7758808,69.411
1768493587.878095,68.152
1768493587.9867074,66.963
1768493588.0894194,64.377
1768493588.1916802,63.927
1768493588.2939324,67.06
1768493588.3962173,68.236
1768493588.498733,69.814
1768493588.6011674,66.236
1768493588.703468,66.669
1768493588.805731,67.452
1768493588.9081519,66.865
1768493589.010519,68.487
1768493589.1201339,66.294
1768493589.2224848,69.38
1768493589.32476,68.487
1768493589.4271061,67.117
1768493589.5293348,61.969
1768493589.6315506,66.416
1768493589.733955,67.256
1768493589.8361926,67.802
1768493589.9385562,69.325
1768493590.0408568,63.046
1768493590.1432605,67.313
1768493590.2455628,67.354
1768493590.3510938,69.325
1768493590.4555383,67.467
1768493590.557825,72.597
1768493590.6601532,68.725
1768493590.7625945,67.9
1768493590.865021,66.318
1768493590.9673684,61.419
1768493591.0696523,67.411
1768493591.1717982,66.921
1768493591.27394,68.683
1768493591.376173,65.943
1768493591.478318,60.696
1768493591.5804837,67.158
1768493591.6827517,67.844
1768493591.78785,69.074
1768493591.8922207,67.998
1768493591.9955301,67.858
1768493592.097976,66.88
1768493592.2003345,64.612
1768493592.3026733,64.201
1768493592.4049473,66.628
1768493592.5071738,67.509
1768493592.6093938,70.303
1768493592.7115881,65.983
1768493592.8137212,63.182
1768493592.9158847,63.144
1768493593.0180855,69.032
1768493593.1236274,66.726
1768493593.2259424,70.151
1768493593.329563,69.129
1768493593.4317632,68.921
1768493593.5339139,67.509
1768493593.636238,61.577
1768493593.7385714,66.53
1768493593.84097,65.885
1768493593.9433324,68.641
1768493594.045576,65.788
1768493594.147886,65.2
1768493594.2501986,65.436
1768493594.3524456,66.432
1768493594.456491,68.836
1768493594.5624754,67.411
1768493594.664852,70.542
1768493594.7671647,68.096
1768493594.8693402,66.489
1768493594.9716456,63.535
1768493595.0739574,66.179
1768493595.1763415,67.313
1768493595.2785747,67.606
1768493595.3809288,66.824
1768493595.4832597,62.692
1768493595.585682,66.277
1768493595.6957772,65.747
1768493595.7980323,68.347
1768493595.9002934,68.781
1768493596.0027204,69.661
1768493596.1049457,68.291
1768493596.207101,69.129
1768493596.3093414,63.084
1768493596.411728,65.592
1768493596.5139341,67.606
1768493596.616158,67.704
1768493596.7184446,68.585
1768493596.8209357,62.948
1768493596.9293017,67.313
1768493597.0328314,67.215
1768493597.1351628,69.368
1768493597.237507,66.53
1768493597.340089,70.064
1768493597.4424915,68.194
1768493597.5448446,68.585
1768493597.6470828,66.571
1768493597.7492592,65.396
1768493597.8515785,67.313
1768493597.9537828,67.509
1768493598.0650606,65.062
1768493598.1672153,68.04
1768493598.2699592,65.845
1768493598.3722627,69.129
1768493598.474499,69.466
1768493598.5767326,67.9
1768493598.6789827,71.281
1768493598.7811484,67.956
1768493598.8834426,68.431
1768493598.985726,66.318
1768493599.0923784,66.628
1768493599.1972964,67.271
1768493599.2998054,67.9
1768493599.4020782,69.325
1768493599.5044065,65.16
1768493599.6068342,68.683
1768493599.7090087,65.592
1768493599.8111715,68.683
1768493599.9133983,68.194
1768493600.0158608,69.313
1768493600.1182024,70.249
1768493600.220399,67.55
1768493600.3246868,66.865
1768493600.430439,66.375
1768493600.5327237,67.019
1768493600.6351433,66.277
1768493600.737522,68.389
1768493600.8399956,68.738
1768493600.9425063,62.829
1768493601.0450587,67.509
1768493601.147418,66.824
1768493601.2497962,69.032
1768493601.3520622,69.466
1768493601.454317,72.41
1768493601.5565133,68.934
1768493601.6654758,68.487
1768493601.76849,64.906
1768493601.8707652,60.966
1768493601.97314,67.117
1768493602.0753272,67.117
1768493602.17771,69.032
1768493602.2800486,62.475
1768493602.3824706,66.824
1768493602.4848351,65.943
1768493602.5873237,68.543
1768493602.6965873,66.865
1768493602.7996972,70.944
1768493602.902015,70.738
1768493603.00441,68.487
1768493603.106935,66.963
1768493603.2091315,62.067
1768493603.3113904,66.041
1768493603.4137862,67.019
1768493603.5159924,67.998
1768493603.618304,69.661
1768493603.7205482,62.888
1768493603.8229227,67.313
1768493603.927474,65.649
1768493604.0329595,67.215
1768493604.140075,73.432
1768493604.2422693,67.215
1768493604.3446689,67.55
1768493604.447162,64.75
1768493604.5496778,66.179
1768493604.651957,67.256
1768493604.7545254,68.683
1768493604.8632782,66.921
1768493604.9658687,66.514
1768493605.0681615,66.963
1768493605.1705477,66.669
1768493605.2728088,68.194
1768493605.37515,66.236
1768493605.4774415,70.89
1768493605.579624,68.194
1768493605.6818924,69.606
1768493605.7842598,65.966
1768493605.8865893,61.577
1768493605.9890075,67.998
1768493606.091423,66.726
1768493606.1961288,69.857
1768493606.3021073,65.885
1768493606.4048347,66.041
1768493606.5070992,64.377
1768493606.6094785,69.032
1768493606.7118042,68.738
1768493606.8142498,65.943
1768493606.9166164,70.934
1768493607.0187807,68.096
1768493607.1210978,67.648
1768493607.223399,62.398
1768493607.3257072,67.019
1768493607.428117,67.998
1768493607.5303898,68.487
1768493607.6327677,67.158
1768493607.7420516,67.354
1768493607.844302,67.55
1768493607.9464762,67.606
1768493608.0487409,68.836
1768493608.1509533,69.521
1768493608.2533946,71.325
1768493608.355755,67.648
1768493608.458011,67.411
1768493608.560225,65.004
1768493608.6624062,65.494
1768493608.7646062,67.313
1768493608.8669963,67.215
1768493608.969443,67.76
1768493609.0719247,63.907
1768493609.1795077,68.347
1768493609.281728,67.648
1768493609.3841348,68.669
1768493609.4865847,69.172
1768493609.5888643,70.151
1768493609.6910937,69.661
1768493609.793317,67.998
1768493609.8956375,66.628
1768493609.997829,64.554
1768493610.1001685,66.571
1768493610.202546,67.004
1768493610.3047872,69.423
1768493610.4146397,67.648
1768493610.5167334,65.632
1768493610.6228337,71.129
1768493610.725078,65.845
1768493610.827363,70.89
1768493610.9297047,70.542
1768493611.0319045,67.648
1768493611.134029,66.277
1768493611.2363408,60.966
1768493611.3387024,67.998
1768493611.4473298,65.845
1768493611.5497265,67.9
1768493611.652048,65.142
1768493611.7543445,63.711
1768493611.8566172,67.648
1768493611.9591298,70.107
1768493612.0613377,68.194
1768493612.1636698,70.26
1768493612.2658863,71.77
1768493612.3681834,67.256
1768493612.470508,68.236
1768493612.5727935,65.672
1768493612.675074,68.096
1768493612.7831185,67.06
1768493612.8858716,68.738
1768493612.9880502,68.194
1768493613.090477,65.534
1768493613.1926181,66.277
1768493613.2949035,67.9
1768493613.3970675,67.942
1768493613.4994426,67.704
1768493613.6017532,70.553
1768493613.7040825,67.998
1768493613.806363,66.432
1768493613.9086788,65.788
1768493614.0108578,72.793
1768493614.12006,69.704
1768493614.222181,68.194
1768493614.3243783,67.984
1768493614.4266522,65.436
1768493614.529125,67.117
1768493614.6312544,65.885
1768493614.7336547,69.661
1768493614.8360112,63.123
1768493614.9383454,66.865
1768493615.0405169,67.06
1768493615.1428266,71.379
1768493615.245256,67.956
1768493615.3547134,70.977
1768493615.4574406,70.694
1768493615.5596619,67.313
1768493615.6619544,66.473
1768493615.7642448,66.571
1768493615.8663769,67.117
1768493615.9685469,66.669
1768493616.0707612,67.117
1768493616.1728764,66.571
1768493616.2750485,62.556
1768493616.3771682,66.432
1768493616.4802537,68.096
1768493616.5827076,67.802
1768493616.6975753,71.53
1768493616.8001466,68.585
1768493616.902443,66.726
1768493617.0048592,61.871
1768493617.1071792,64.221
1768493617.2095175,68.096
1768493617.3118224,66.179
1768493617.4209516,70.205
1768493617.523325,62.594
1768493617.625757,67.844
1768493617.7280712,67.354
1768493617.8304381,70.596
1768493617.9326825,69.313
1768493618.0349152,69.172
1768493618.1372163,69.564
1768493618.2395093,68.836
1768493618.3418143,67.746
1768493618.4440794,62.654
1768493618.5464768,66.921
1768493618.6563292,65.102
1768493618.758595,69.814
1768493618.860754,66.024
1768493618.9630013,62.888
1768493619.0652475,67.452
1768493619.1674767,66.88
1768493619.269859,68.543
1768493619.3721757,65.494
1768493619.4744694,69.912
1768493619.5765948,67.565
1768493619.6789417,67.06
1768493619.781356,65.316
1768493619.8906755,61.064
1768493619.99324,66.921
1768493620.0953736,67.117
1768493620.197733,68.096
1768493620.3000388,65.926
1768493620.4023168,67.509
1768493620.504632,69.325
1768493620.607129,68.389
1768493620.709487,66.53
1768493620.8119624,70.064
1768493620.9142654,67.998
1768493621.0164042,67.215
1768493621.118633,65.142
1768493621.2272046,66.726
1768493621.3293257,67.215
1768493621.4315157,67.76
1768493621.5337894,67.215
1768493621.635979,65.845
1768493621.7384129,65.396
1768493621.840788,68.096
1768493621.9436266,70.205
1768493622.0457895,67.313
1768493622.148136,69.759
1768493622.2504797,64.906
1768493622.3615437,62.496
1768493622.4639046,65.983
1768493622.5663404,68.585
1768493622.6686273,67.9
1768493622.7708917,69.661
1768493622.8731432,61.615
1768493622.975412,66.767
1768493623.0776014,66.824
1768493623.179957,71.281
1768493623.2820852,70.151
1768493623.3887165,68.781
1768493623.4909408,70.792
1768493623.5932972,66.236
1768493623.6956015,66.824
1768493623.7980425,64.848
1768493623.9003665,67.606
1768493624.002738,67.746
1768493624.105038,69.172
1768493624.2075338,65.788
1768493624.309936,67.256
1768493624.4121585,67.369
1768493624.5143054,69.771
1768493624.6240828,69.857
1768493624.7263052,70.249
1768493624.8285255,70.01
1768493624.9307177,68.096
1768493625.032895,66.391
1768493625.135114,65.592
1768493625.2372518,65.983
1768493625.3395286,68.738
1768493625.4417727,66.236
1768493625.544172,67.215
1768493625.6465385,65.885
1768493625.7487915,66.277
1768493625.8549876,69.27
1768493625.960075,67.9
1768493626.062358,69.129
1768493626.1646001,70.249
1768493626.2670503,67.9
1768493626.3692122,65.649
1768493626.4714215,63.476
1768493626.5736773,66.277
1768493626.6758828,67.256
1768493626.7782018,67.411
1768493626.8847945,67.215
1768493626.9901602,61.358
1768493627.092405,65.102
1768493627.1949122,67.565
1768493627.2970626,69.857
1768493627.399938,66.294
1768493627.5022488,69.227
1768493627.6046531,69.325
1768493627.707102,64.475
1768493627.811624,64.319
1768493627.9206448,68.138
1768493628.0234873,68.194
1768493628.1258078,68.291
1768493628.2280674,65.2
1768493628.3302817,66.628
1768493628.4324954,67.606
1768493628.5347586,69.185
1768493628.636913,69.325
1768493628.7391725,68.585
1768493628.8413846,67.663
1768493628.9437096,69.227
1768493629.047845,65.69
1768493629.150424,64.496
1768493629.2557652,65.592
1768493629.3579636,67.117
1768493629.4602618,66.824
1768493629.562698,67.411
1768493629.665065,64.025
1768493629.767341,66.963
1768493629.8696332,67.313
1768493629.9718802,67.9
1768493630.0740418,68.976
1768493630.1763115,69.716
1768493630.2827199,67.452
1768493630.3850737,67.045
1768493630.4873526,64.221
1768493630.5896213,65.2
1768493630.6919742,68.194
1768493630.794323,67.509
1768493630.8965154,63.182
1768493630.998806,65.885
1768493631.10122,68.543
1768493631.2036426,70.553
1768493631.3059492,68.738
1768493631.4083009,68.138
1768493631.510602,70.596
1768493631.616658,65.396
1768493631.721274,66.514
1768493631.8236198,65.592
1768493631.9259675,67.844
1768493632.028284,66.726
1768493632.130525,67.663
1768493632.232889,65.69
1768493632.3351908,67.648
1768493632.4374714,66.726
1768493632.5397902,68.291
1768493632.6419976,66.669
1768493632.7442124,68.249
1768493632.846479,70.162
1768493632.9558432,67.55
1768493633.0581036,65.747
1768493633.1602967,64.221
1768493633.2634223,66.432
1768493633.3657212,68.543
1768493633.4680057,67.802
1768493633.5702336,68.585
1768493633.6730263,66.024
1768493633.7760499,69.9
1768493633.878406,67.648
1768493633.9830759,67.256
1768493634.0857248,69.704
1768493634.1905518,69.368
1768493634.2929451,66.571
1768493634.3954306,63.378
1768493634.4979475,64.906
1768493634.600329,66.921
1768493634.7026055,67.411
1768493634.8049822,67.9
1768493634.9071813,62.986
1768493635.0093777,68.333
1768493635.1116219,66.865
1768493635.2139063,68.152
1768493635.3161592,69.227
1768493635.4246726,69.27
1768493635.5268059,70.01
1768493635.6289933,65.649
1768493635.7315118,67.592
1768493635.8338706,64.221
1768493635.9365196,65.983
1768493636.0389843,69.074
1768493636.1412885,68.18
1768493636.2439651,65.102
1768493636.3464115,63.927
1768493636.4487605,66.767
1768493636.558728,67.956
1768493636.6610415,65.983
1768493636.763509,68.487
1768493636.8658206,70.053
1768493636.968292,66.53
1768493637.0706384,65.551
1768493637.1728892,65.24
1768493637.27517,65.004
1768493637.3775077,68.096
1768493637.4798028,67.704
1768493637.5858142,65.298
1768493637.6901524,65.845
1768493637.792647,64.652
1768493637.894906,70.249
1768493637.9971628,66.824
1768493638.0993764,68.152
1768493638.201719,68.291
1768493638.3039868,70.01
1768493638.406279,66.963
1768493638.5084965,62.888
1768493638.6107686,67.019
1768493638.7130282,67.9
1768493638.8228734,67.565
1768493638.9257197,65.885
1768493639.0282345,65.044
1768493639.1306353,67.606
1768493639.232796,68.781
1768493639.33584,66.978
1768493639.4385958,69.27
1768493639.540872,69.172
1768493639.64318,67.802
1768493639.7455795,63.007
1768493639.8547225,64.417
1768493639.9574215,65.102
1768493640.0597177,68.194
1768493640.162142,68.683
1768493640.2644372,64.417
1768493640.3668664,66.277
1768493640.469082,66.865
1768493640.5712972,68.641
1768493640.6735957,69.325
1768493640.7758305,67.663
1768493640.8781042,69.019
1768493640.9806073,69.172
1768493641.0885577,64.319
1768493641.1912158,63.633
1768493641.293711,65.983
1768493641.396157,68.976
1768493641.4985697,68.054
1768493641.6011786,65.258
1768493641.7037914,66.963
1768493641.8061404,65.494
1768493641.9083896,68.781
1768493642.01061,68.879
1768493642.1128843,69.955
1768493642.2217426,66.098
1768493642.3242474,69.759
1768493642.426522,67.452
1768493642.5289907,63.301
1768493642.6312048,67.411
1768493642.733448,66.236
1768493642.8358064,67.998
1768493642.9381535,66.53
1768493643.0404072,65.396
1768493643.142808,65.062
1768493643.2452393,69.074
1768493643.3478384,68.934
1768493643.457012,68.976
1768493643.5593739,68.487
1768493643.6616385,68.347
1768493643.763866,66.824
1768493643.866188,67.117
1768493643.9684982,65.494
1768493644.0707068,67.802
1768493644.1729262,66.628
1768493644.2751913,68.585
1768493644.3773813,65.24
1768493644.4798257,66.432
1768493644.5821261,66.432
1768493644.690619,69.313
1768493644.794795,68.096
1768493644.8970394,70.934
1768493644.999347,68.389
1768493645.1027224,65.983
1768493645.20489,64.319
1768493645.3070605,65.2
1768493645.4091597,67.802
1768493645.5113285,66.963
1768493645.6134818,66.726
1768493645.7156153,65.828
1768493645.8244076,65.062
1768493645.9266667,69.955
1768493646.0287535,69.325
1768493646.130912,70.096
1768493646.2330754,69.172
1768493646.3354394,69.857
1768493646.4376369,67.215
1768493646.5400472,67.2
1768493646.642402,66.432
1768493646.7446833,67.019
1768493646.8470407,67.802
1768493646.9494178,68.879
1768493647.051879,65.943
1768493647.1573448,67.942
1768493647.2618177,66.963
1768493647.3639932,70.792
1768493647.4661865,66.081
1768493647.5683157,69.618
1768493647.6706626,68.781
1768493647.7728693,68.487
1768493647.8751173,64.417
1768493647.9774723,63.966
1768493648.0799222,66.041
1768493648.1821504,66.669
1768493648.28463,68.585
1768493648.3869727,65.004
1768493648.495508,67.802
1768493648.5979238,66.669
1768493648.700319,68.641
1768493648.802596,68.291
1768493648.9047966,70.303
1768493649.0070283,68.431
1768493649.1092186,70.205
1768493649.211383,66.767
1768493649.3136277,63.496
1768493649.4158587,67.117
1768493649.5180426,65.494
1768493649.6202648,68.194
1768493649.722605,65.788
1768493649.831105,67.509
1768493649.9334424,66.236
1768493650.0357943,68.934
1768493650.1382325,69.019
1768493650.2408104,70.988
1768493650.3431125,68.934
1768493650.4453917,68.445
1768493650.547745,66.669
1768493650.6500757,64.75
1768493650.7523,66.628
1768493650.8546677,66.571
1768493650.9569118,67.313
1768493651.0662806,68.627
1768493651.1685758,63.633
1768493651.2740479,66.432
1768493651.3762116,69.423
1768493651.4783795,67.215
1768493651.580738,67.844
1768493651.6828253,67.998
1768493651.7850258,68.585
1768493651.88723,66.098
1768493651.989556,64.025
1768493652.091826,66.921
1768493652.2012005,67.019
1768493652.303478,68.683
1768493652.4057968,67.313
1768493652.5081725,64.554
1768493652.6105177,67.313
1768493652.7127225,67.354
1768493652.8149164,69.172
1768493652.9170618,68.249
1768493653.0193703,70.401
1768493653.121768,69.172
1768493653.223978,66.88
1768493653.3332808,67.298
1768493653.4355276,65.004
1768493653.5377252,65.788
1768493653.6402028,67.606
1768493653.7424269,67.9
1768493653.844984,64.554
1768493653.94744,67.565
1768493654.049911,65.454
1768493654.152385,70.01
1768493654.2545578,66.782
1768493654.3567345,68.347
1768493654.4656098,68.738
1768493654.5680046,68.879
1768493654.6702044,68.236
1768493654.7723713,65.182
1768493654.8746448,66.865
1768493654.97685,66.179
1768493655.0792181,67.606
1768493655.181554,69.074
1768493655.2838671,66.53
1768493655.3861675,67.648
1768493655.488518,66.375
1768493655.5909271,70.053
1768493655.693297,68.738
1768493655.7957513,70.488
1768493655.9045427,70.303
1768493656.0067494,67.802
1768493656.1089034,67.858
1768493656.2111194,67.256
1768493656.31327,66.179
1768493656.4153929,67.06
1768493656.5176458,67.313
1768493656.6199105,68.389
1768493656.722143,64.515
1768493656.8244793,67.606
1768493656.9268467,66.179
1768493657.029042,69.172
1768493657.1398711,64.554
1768493657.2435906,64.612
1768493657.3458765,69.215
1768493657.4481754,68.738
1768493657.5504076,70.053
1768493657.6526434,70.249
1768493657.7549083,68.487
1768493657.8572206,66.767
1768493657.9594188,62.029
1768493658.0682993,66.53
1768493658.1708372,67.704
1768493658.2731826,67.452
1768493658.3754008,67.802
1768493658.4776332,63.319
1768493658.5799341,66.865
1768493658.6822221,66.375
1768493658.7845428,69.423
1768493658.8868592,65.845
1768493658.9890287,69.466
1768493659.0914946,69.172
1768493659.1936998,66.767
1768493659.3028538,65.983
1768493659.4051208,66.081
1768493659.507497,66.571
1768493659.609787,67.215
1768493659.71211,68.138
1768493659.8144474,63.868
1768493659.9167364,67.998
1768493660.0191479,67.648
1768493660.1214032,68.976
1768493660.2237563,68.249
1768493660.3260446,70.01
1768493660.4284306,69.368
1768493660.530662,68.194
1768493660.6399567,67.746
1768493660.7421446,61.577
1768493660.844286,67.509
1768493660.9464426,66.53
1768493661.0488114,68.934
1768493661.1511638,68.152
1768493661.2534728,63.378
1768493661.3558297,67.942
1768493661.4582086,68.683
1768493661.5607553,68.738
1768493661.663012,67.271
1768493661.7653463,72.695
1768493661.8745985,69.661
1768493661.9770231,68.976
1768493662.0794249,62.398
1768493662.1817043,64.75
1768493662.2838762,66.963
1768493662.38625,67.509
1768493662.4884703,68.194
1768493662.5906737,64.808
1768493662.6928744,67.158
1768493662.7956524,65.592
1768493662.8978996,71.085
1768493663.00042,68.054
1768493663.109117,68.543
1768493663.2139542,67.802
1768493663.3161595,66.824
1768493663.4186535,60.77
1768493663.5208452,66.963
1768493663.6230812,66.726
1768493663.725247,68.879
1768493663.8275046,62.79
1768493663.9298286,66.334
1768493664.0362883,65.69
1768493664.140521,69.759
1768493664.2427456,68.347
1768493664.3449552,71.565
1768493664.4471848,69.27
1768493664.5494773,68.823
1768493664.6519659,65.338
1768493664.7542834,66.473
1768493664.8566535,67.019
1768493664.9589312,65.69
1768493665.0612864,69.716
1768493665.1635175,62.986
1768493665.2658978,66.726
1768493665.3695178,67.019
1768493665.4759626,70.444
1768493665.5781689,66.334
1768493665.6804256,72.019
1768493665.782741,68.738
1768493665.885041,67.55
1768493665.9872286,64.71
1768493666.0895724,64.064
1768493666.1918325,66.865
1768493666.2941508,66.53
1768493666.3965013,68.096
1768493666.4988377,66.628
1768493666.6013086,63.672
1768493666.7035255,64.554
1768493666.8130558,69.074
1768493666.9155273,67.704
1768493667.0181077,71.423
1768493667.1203268,69.564
1768493667.2224848,68.627
1768493667.32483,67.704
1768493667.4271102,62.654
1768493667.529264,66.334
1768493667.6316667,65.788
1768493667.7339346,67.802
1768493667.8362358,66.473
1768493667.9386072,65.436
1768493668.0470684,66.571
1768493668.1494317,70.444
1768493668.2516913,69.368
1768493668.3540266,68.683
1768493668.4563525,67.509
1768493668.55871,67.606
1768493668.6619062,65.983
1768493668.764125,62.79
1768493668.8665528,65.845
1768493668.9689975,65.747
1768493669.0712893,68.096
1768493669.1734908,68.096
1768493669.2827535,65.885
1768493669.3848836,68.054
1768493669.4874096,69.466
1768493669.58965,67.704
1768493669.6919453,68.836
1768493669.7940488,67.06
1768493669.8962994,65.747
1768493669.9986155,65.142
1768493670.100801,67.648
1768493670.2029972,65.298
1768493670.3052483,67.704
1768493670.407419,67.313
1768493670.5171387,65.926
1768493670.619475,67.215
1768493670.7217,67.802
1768493670.8239832,68.054
1768493670.9263055,68.445
1768493671.028579,72.552
1768493671.1308782,67.76
1768493671.2332745,67.019
1768493671.335433,67.844
1768493671.4378192,62.829
1768493671.5402515,67.606
1768493671.642477,67.215
1768493671.7448559,68.683
1768493671.854825,62.867
1768493671.9573307,66.921
1768493672.0597312,66.808
1768493672.1620402,71.476
1768493672.264435,67.509
1768493672.3666592,72.401
1768493672.4690242,70.01
1768493672.5713,67.256
1768493672.6734734,68.627
1768493672.775694,63.809
1768493672.8779876,66.473
1768493672.980372,66.963
1768493673.0829625,70.346
1768493673.1909733,66.081
1768493673.2941475,67.998
1768493673.3968427,64.123
1768493673.499249,68.725
1768493673.6016183,68.236
1768493673.7038832,67.9
1768493673.8061237,72.063
1768493673.9083285,68.236
1768493674.0105824,66.179
1768493674.1127498,64.554
1768493674.2150028,66.865
1768493674.3171794,66.824
1768493674.4258127,67.313
1768493674.527966,66.963
1768493674.6301951,63.77
1768493674.7324321,66.865
1768493674.8346992,66.628
1768493674.937107,68.543
1768493675.0395496,67.509
1768493675.1419163,72.454
1768493675.2442467,68.096
1768493675.3471324,66.921
1768493675.4494205,65.649
1768493675.5597029,67.9
1768493675.6618524,66.726
1768493675.7648609,68.487
1768493675.8670156,66.571
1768493675.9691944,67.411
1768493676.071365,65.2
1768493676.1735585,67.509
1768493676.2757723,68.879
1768493676.3779314,67.174
1768493676.4805582,70.792
1768493676.5827787,67.452
1768493676.6849446,66.081
1768493676.7939227,62.85
1768493676.896083,67.019
1768493676.9982781,67.509
1768493677.100638,68.836
1768493677.2029943,68.543
1768493677.3053684,63.868
1768493677.40767,66.767
1768493677.510004,67.76
1768493677.6122646,67.467
1768493677.7144969,65.102
1768493677.8246481,71.921
1768493677.9268794,67.425
1768493678.0291743,67.55
1768493678.1313787,66.294
1768493678.233617,64.005
1768493678.3358388,67.117
1768493678.4382336,67.509
1768493678.5406406,67.9
1768493678.6431441,65.649
1768493678.7456698,62.986
1768493678.848165,67.452
1768493678.9544952,67.802
1768493679.0586615,68.194
1768493679.1610763,66.88
1768493679.2633147,71.726
1768493679.365812,67.704
1768493679.4680896,68.194
1768493679.5703838,63.496
1768493679.67276,66.669
1768493679.7751324,66.318
1768493679.877296,69.955
1768493679.97952,68.585
1768493680.0818226,62.105
1768493680.1854954,67.019
1768493680.291164,67.411
1768493680.3935454,68.152
1768493680.4960074,65.845
1768493680.598485,70.64
1768493680.7008395,67.509
1768493680.8030713,67.215
1768493680.905408,65.943
1768493681.0084212,64.71
1768493681.110755,67.215
1768493681.2130933,65.943
1768493681.3153434,69.368
1768493681.4210083,66.277
1768493681.5235407,67.606
1768493681.630165,68.879
1768493681.732402,65.649
1768493681.8346002,70.107
1768493681.9369607,68.487
1768493682.0392127,66.978
1768493682.1415231,65.885
1768493682.2438235,64.3
1768493682.346065,67.313
1768493682.4566004,67.256
1768493682.5588665,68.291
1768493682.6612973,67.411
1768493682.7636175,66.334
1768493682.8660386,66.179
1768493682.9681842,68.487
1768493683.0704186,67.746
1768493683.1726642,67.565
1768493683.2747884,71.574
1768493683.3769946,67.998
1768493683.4792817,67.9
1768493683.5833602,66.921
1768493683.685631,65.885
1768493683.7910023,67.06
1768493683.8934326,67.802
1768493683.9957383,68.725
1768493684.0981646,63.731
1768493684.200535,67.942
1768493684.302831,64.612
1768493684.4052234,70.205
1768493684.5075245,68.04
1768493684.6098058,69.27
1768493684.7119877,69.998
1768493684.8141398,67.452
1768493684.916558,66.041
1768493685.0258982,63.242
1768493685.1280982,67.019
1768493685.2303987,67.452
1768493685.332704,67.509
1768493685.4350088,65.73
1768493685.537248,62.986
1768493685.6396034,65.102
1768493685.7418318,67.998
1768493685.8441303,69.325
1768493685.9464927,69.466
1768493686.0489562,70.596
1768493686.1511335,67.746
1768493686.2533727,67.354
1768493686.36265,61.773
1768493686.4649124,66.473
1768493686.5673463,64.964
1768493686.6696758,68.585
1768493686.7720482,63.574
1768493686.8745477,66.024
1768493686.9768298,64.671
1768493687.079177,70.792
1768493687.181628,69.019
1768493687.2840354,68.738
1768493687.3865097,65.592
1768493687.497522,64.123
1768493687.5999544,65.396
1768493687.7024863,66.921
1768493687.804774,67.215
1768493687.907163,70.01
1768493688.0093877,63.34
1768493688.111639,68.291
1768493688.213881,67.704
1768493688.3234677,67.354
1768493688.4258523,68.543
1768493688.5280778,70.596
1768493688.6304102,69.955
1768493688.732678,66.921
1768493688.8348675,64.162
1768493688.9371428,67.019
1768493689.0393946,68.096
1768493689.141704,67.648
1768493689.2440157,67.9
1768493689.3462815,62.241
1768493689.4487572,67.942
1768493689.5580206,65.885
1768493689.6602893,69.172
1768493689.7626197,67.802
1768493689.8648117,70.205
1768493689.9670033,68.976
1768493690.0694022,65.885
1768493690.171595,61.811
1768493690.2739027,65.885
1768493690.3761942,67.411
1768493690.4784985,67.256
1768493690.580983,67.704
1768493690.6892052,65.142
1768493690.7917914,66.71
1768493690.8941808,67.313
1768493690.996799,69.423
1768493691.0992184,67.313
1768493691.2014852,70.64
1768493691.303827,68.683
1768493691.4059947,67.06
1768493691.5082333,66.473
1768493691.610476,67.06
1768493691.7127316,67.019
1768493691.8215222,68.194
1768493691.9237063,67.998
1768493692.0258794,63.144
1768493692.1287587,65.454
1768493692.2311492,68.096
1768493692.333409,70.205
1768493692.4357052,67.411
1768493692.5381591,67.9
1768493692.6404345,70.01
1768493692.7430174,63.751
1768493692.846369,65.69
1768493692.9550674,66.277
1768493693.0572958,68.879
1768493693.159594,67.313
1768493693.261961,65.2
1768493693.364185,67.06
1768493693.466359,67.313
1768493693.5689151,67.956
1768493693.6711495,67.313
1768493693.7735016,67.76
1768493693.8757398,69.325
1768493693.9779208,66.432
1768493694.0862658,66.514
1768493694.1886175,65.534
1768493694.2908597,66.081
1768493694.3933635,68.291
1768493694.4956615,67.648
1768493694.5980394,65.396
1768493694.7003763,66.53
1768493694.8025484,66.921
1768493694.9048262,69.466
1768493695.0069635,68.781
1768493695.109163,67.663
1768493695.2114792,70.988
1768493695.320001,66.473
1768493695.4228594,65.454
1768493695.5250251,62.42
1768493695.6272273,66.571
1768493695.7297232,67.411
1768493695.8320494,68.194
1768493695.9343321,68.836
1768493696.0366561,62.202
1768493696.1388829,67.2
1768493696.24112,65.943
1768493696.3436015,66.921
1768493696.4460065,66.041
1768493696.5483315,68.529
1768493696.6572886,70.846
1768493696.7596867,65.885
1768493696.86198,64.848
1768493696.964127,65.396
1768493697.0664911,67.117
1768493697.1687975,67.509
1768493697.2711556,68.194
1768493697.3736367,65.24
1768493697.4759376,66.122
1768493697.5783737,68.725
1768493697.6807349,69.227
1768493697.7909808,69.869
1768493697.893302,69.508
1768493697.996959,69.966
1768493698.0993693,65.845
1768493698.2017367,66.865
1768493698.3040216,64.319
1768493698.4062505,69.172
1768493698.5098796,67.256
1768493698.612095,66.53
1768493698.7209506,64.808
1768493698.8240852,66.416
1768493698.9264119,67.9
1768493699.0288677,68.543
1768493699.1310844,68.836
1768493699.2334027,69.606
1768493699.3356113,68.725
1768493699.438049,67.117
1768493699.5402977,69.215
1768493699.6424792,70.944
1768493699.7466412,65.788
1768493699.8524697,66.041
1768493699.9547422,64.025
1768493700.056978,65.2
1768493700.1593738,68.781
1768493700.2616398,67.174
1768493700.3638105,67.354
1768493700.4660592,65.004
1768493700.5683136,66.318
1768493700.670613,70.107
1768493700.773024,66.824
1768493700.8753943,70.292
1768493700.9842887,68.934
1768493701.087533,69.27
1768493701.1898322,65.2
1768493701.2920594,65.73
1768493701.3943021,66.726
1768493701.4966228,67.117
1768493701.5988474,67.509
1768493701.7010865,65.044
1768493701.8034453,66.53
1768493701.9056847,64.612
1768493702.0078697,68.152
1768493702.1103232,68.781
1768493702.2207122,67.942
1768493702.3229766,69.661
1768493702.425189,68.152
1768493702.5274472,67.998
1768493702.6296809,64.671
1768493702.7320726,66.081
1768493702.8342457,67.215
1768493702.9363759,67.606
1768493703.0385978,67.802
1768493703.1409445,65.534
1768493703.2438624,64.417
1768493703.3473043,69.019
1768493703.4556165,70.064
1768493703.5578537,69.227
1768493703.660173,69.227
1768493703.7624927,69.215
1768493703.864828,65.062
1768493703.9680817,61.735
1768493704.0701628,67.117
1768493704.1724691,67.509
1768493704.2746627,68.389
1768493704.3839238,69.032
1768493704.486179,65.24
1768493704.588447,65.534
1768493704.6907594,66.277
1768493704.793032,70.499
1768493704.8953123,68.738
1768493704.9974687,69.661
1768493705.0998254,70.194
1768493705.2021275,67.55
1768493705.3043733,66.162
1768493705.406959,63.927
1768493705.5092828,65.592
1768493705.6157486,67.313
1768493705.7183208,67.802
1768493705.8218472,65.983
1768493705.924118,65.24
1768493706.0263975,68.879
1768493706.1287928,68.976
1768493706.2309818,68.529
1768493706.3333375,68.431
1768493706.4354818,69.912
1768493706.5376174,66.865
1768493706.640012,66.375
1768493706.742421,65.983
1768493706.851336,66.921
1768493706.9537902,67.354
1768493707.0559433,65.885
1768493707.1583211,65.338
1768493707.260488,65.338
1768493707.3626878,68.921
1768493707.4650035,68.347
1768493707.5673368,67.76
1768493707.6698122,69.368
1768493707.7720437,68.11
1768493707.8742847,67.354
1768493707.9764235,64.26
1768493708.08615,65.298
1768493708.1884718,67.019
1768493708.290761,69.172
1768493708.3929584,66.824
1768493708.4951615,66.334
1768493708.5974472,66.334
1768493708.6997933,65.356
1768493708.8022482,68.445
1768493708.905326,66.139
1768493709.0078096,70.499
1768493709.1179643,68.934
1768493709.2201588,68.585
1768493709.3225355,67.019
1768493709.425006,65.298
1768493709.5274112,67.704
1768493709.6300802,66.236
1768493709.7322972,64.71
1768493709.8344812,65.592
1768493709.9366016,67.06
1768493710.0387113,68.347
1768493710.1445804,69.704
1768493710.2498832,70.053
1768493710.3520284,67.663
1768493710.4543328,69.172
1768493710.5564969,64.417
1768493710.6587703,63.633
1768493710.7612226,65.102
1768493710.8636062,68.194
1768493710.9659579,68.487
1768493711.06829,64.71
1768493711.170444,67.648
1768493711.27263,66.416
1768493711.3820612,70.107
1768493711.4842336,67.411
1768493711.5864391,71.325
1768493711.688641,69.032
1768493711.7907794,69.912
1768493711.8930833,64.515
1768493711.9955614,64.671
1768493712.0978482,66.139
1768493712.20006,66.236
1768493712.3022754,69.074
1768493712.4046319,65.494
1768493712.506979,64.554
1768493712.6163216,66.375
1768493712.7196407,67.69
1768493712.8219385,67.215
1768493712.9243073,69.716
1768493713.0264707,69.661
1768493713.1286972,70.151
1768493713.2308633,66.824
1768493713.3330932,64.162
1768493713.4353821,65.649
1768493713.537601,66.139
1768493713.639861,67.215
1768493713.7482793,67.704
1768493713.8509905,64.652
1768493713.953496,66.865
1768493714.0558498,65.494
1768493714.1583254,68.054
1768493714.2605617,68.529
1768493714.3634083,68.725
1768493714.4658225,69.716
1768493714.56812,68.333
1768493714.6703715,66.318
1768493714.7807791,66.963
1768493714.882946,65.494
1768493714.985186,69.172
1768493715.0873954,69.129
1768493715.1896586,65.062
1768493715.2926855,66.571
1768493715.3948421,68.976
1768493715.4970655,66.334
1768493715.5993292,68.249
1768493715.7014854,69.172
1768493715.803705,69.074
1768493715.9060113,64.906
1768493716.01123,65.574
1768493716.1134298,66.081
1768493716.216781,68.976
1768493716.3192658,67.117
1768493716.421563,64.025
1768493716.52377,67.354
1768493716.626002,67.298
1768493716.7283857,70.303
1768493716.830549,69.032
1768493716.932802,68.054
1768493717.0351353,69.019
1768493717.137391,67.998
1768493717.2422812,65.632
1768493717.344612,67.158
1768493717.4507265,65.73
1768493717.5529184,70.249
1768493717.655522,68.347
1768493717.757787,66.179
1768493717.8607266,67.942
1768493717.963036,67.746
1768493718.065621,69.521
1768493718.1679606,65.885
1768493718.2748659,69.368
1768493718.3788168,70.053
1768493718.4812367,67.215
1768493718.5834148,65.044
1768493718.6858442,67.019
1768493718.788154,66.726
1768493718.8906252,68.096
1768493718.992915,64.71
1768493719.0952866,64.848
1768493719.1975224,66.767
1768493719.2998307,68.236
1768493719.404604,68.781
1768493719.5111759,68.836
1768493719.6135824,68.5
1768493719.7158868,69.423
1768493719.8186998,66.334
1768493719.921199,65.632
1768493720.0234826,67.06
1768493720.1257098,66.179
1768493720.227984,69.172
1768493720.3302543,66.334
1768493720.432635,64.71
1768493720.5419438,65.494
1768493720.6442928,66.963
1768493720.746637,70.977
1768493720.8503835,69.074
1768493720.9526587,69.172
1768493721.054979,68.04
1768493721.1574128,65.926
1768493721.2597537,67.313
1768493721.3619926,67.746
1768493721.4642298,68.781
1768493721.568251,66.824
1768493721.6744835,61.811
1768493721.776819,64.906
1768493721.8791332,67.998
1768493721.9813528,69.814
1768493722.0836086,67.271
1768493722.1857886,70.26
1768493722.2879596,67.509
1768493722.3904803,67.55
1768493722.4928334,62.556
1768493722.5951946,66.432
1768493722.6974928,65.004
1768493722.8041089,68.641
1768493722.9063618,64.906
1768493723.009328,67.452
1768493723.111764,67.158
1768493723.214046,69.325
1768493723.3163118,68.096
1768493723.4186146,68.347
1768493723.520843,68.934
1768493723.6231625,68.487
1768493723.725366,68.333
1768493723.827579,62.654
1768493723.9333594,68.096
1768493724.0380821,67.06
1768493724.1402822,67.998
1768493724.242642,65.298
1768493724.345019,67.704
1768493724.4473264,66.571
1768493724.549577,70.836
1768493724.6518774,68.823
1768493724.754095,69.673
1768493724.8564095,69.716
1768493724.95871,67.9
1768493725.0686045,66.139
1768493725.1708627,62.007
1768493725.2737327,67.215
1768493725.3759518,68.194
1768493725.478195,69.368
1768493725.5805132,66.139
1768493725.6832435,62.888
1768493725.7855673,65.747
1768493725.8877647,67.802
1768493725.9902358,70.303
1768493726.0990996,68.291
1768493726.2017088,68.487
1768493726.305024,66.767
1768493726.407362,66.865
1768493726.5097842,66.473
1768493726.6119213,65.102
1768493726.7141373,68.836
1768493726.816365,66.041
1768493726.9184804,63.77
1768493727.0206995,63.535
1768493727.1229894,70.096
1768493727.2320495,69.423
1768493727.334329,66.391
1768493727.4366508,70.444
1768493727.5389452,68.543
1768493727.6411307,67.509
1768493727.743409,66.906
1768493727.8456447,65.747
1768493727.9480674,68.138
1768493728.05049,67.215
1768493728.1528463,68.291
1768493728.2552576,64.456
1768493728.3575425,65.845
1768493728.4609697,68.333
1768493728.5638871,69.032
1768493728.668834,66.041
1768493728.7709477,69.759
1768493728.8732083,68.249
1768493728.9754648,67.509
1768493729.0776412,66.318
1768493729.1799672,66.375
1768493729.2822554,68.04
1768493729.384668,67.411
1768493729.4869115,68.683
1768493729.5891888,61.577
1768493729.6915765,66.726
1768493729.8006306,66.921
1768493729.902901,69.759
1768493730.0051541,66.726
1768493730.1075118,69.771
1768493730.209751,68.194
1768493730.312015,67.998
1768493730.414309,65.454
1768493730.5166368,62.556
1768493730.618796,67.802
1768493730.720962,67.606
1768493730.8233707,69.564
1768493730.933032,66.473
1768493731.0353537,65.24
1768493731.137573,65.396
1768493731.239857,70.39
1768493731.342413,67.117
1768493731.4447672,66.978
1768493731.5469327,70.053
1768493731.6491988,68.781
1768493731.7513084,67.844
1768493731.853493,61.675
1768493731.9557283,66.865
1768493732.0579476,67.117
1768493732.1667988,68.934
1768493732.2708135,63.633
1768493732.3729663,69.032
1768493732.4750311,67.998
1768493732.5771658,70.596
1768493732.679286,66.236
1768493732.7814841,69.9
1768493732.8838553,67.509
1768493732.9861786,68.236
1768493733.0883696,66.139
1768493733.190616,65.983
1768493733.2999501,68.585
1768493733.4024475,65.494
1768493733.5047746,67.844
1768493733.607009,66.236
1768493733.7091787,64.162
1768493733.8114293,65.2
1768493733.9136431,68.683
1768493734.0158086,66.391
1768493734.117992,68.781
1768493734.2203407,67.117
1768493734.3225703,67.606
1768493734.430915,68.921
1768493734.5331638,63.731
1768493734.6355374,68.152
1768493734.7380004,65.396
1768493734.8403146,69.564
1768493734.9428153,67.215
1768493735.0452735,63.182
1768493735.147653,67.06
1768493735.2500753,67.663
1768493735.3524156,67.956
1768493735.4547615,66.318
1768493735.5642922,70.151
1768493735.6665876,69.074
1768493735.7689126,67.452
1768493735.8711028,62.067
1768493735.9732573,64.71
1768493736.0754752,67.019
1768493736.1777472,67.411
1768493736.2801592,68.431
1768493736.382511,64.123
1768493736.4848833,68.683
1768493736.5871077,66.179
1768493736.690024,67.998
1768493736.8009784,69.955
1768493736.9035563,68.683
1768493737.0058007,68.823
1768493737.1084108,68.194
1768493737.2108152,64.924
1768493737.3131833,64.808
1768493737.41548,67.998
1768493737.5181172,66.473
1768493737.620358,69.759
1768493737.7313027,67.411
1768493737.8334258,65.983
1768493737.9355097,67.411
1768493738.0376377,68.054
1768493738.1399841,68.487
1768493738.2422004,71.921
1768493738.344556,68.096
1768493738.4467242,68.627
1768493738.548988,66.628
1768493738.6513636,63.046
1768493738.7537053,67.313
1768493738.8558388,67.313
1768493738.9653437,69.368
1768493739.0675497,64.652
1768493739.1699197,67.215
1768493739.2721782,66.824
1768493739.3745544,70.64
1768493739.476844,68.781
1768493739.5790646,68.683
1768493739.6812725,69.466
1768493739.7834146,67.411
1768493739.8858652,65.983
1768493739.9880857,62.594
1768493740.0903935,67.9
1768493740.1928127,66.767
1768493740.2952092,67.354
1768493740.404473,64.906
1768493740.507087,66.375
1768493740.6093535,64.671
1768493740.7118168,71.761
1768493740.8140032,67.858
1768493740.9162822,67.663
1768493741.0185823,71.77
1768493741.1207683,68.725
1768493741.2230358,68.683
1768493741.3252146,67.215
1768493741.4275925,64.594
1768493741.5299377,68.096
1768493741.632364,67.452
1768493741.7347696,68.781
1768493741.842765,62.105
1768493741.945119,67.117
1768493742.047294,67.256
1768493742.14974,65.943
1768493742.2519672,67.019
1768493742.35437,66.024
1768493742.4567196,65.551
1768493742.5590692,67.354
1768493742.6613154,68.194
1768493742.7637236,68.641
1768493742.8660054,72.499
1768493742.9683216,68.431
1768493743.0706441,68.333
1768493743.1773694,65.592
1768493743.2852895,64.848
1768493743.3874817,65.943
1768493743.4896557,66.628
1768493743.5918448,69.466
1768493743.6941261,62.398
1768493743.7965624,67.019
1768493743.8989034,66.726
1768493744.001244,71.476
1768493744.1035144,67.313
1768493744.205992,67.369
1768493744.3160307,68.194
1768493744.4205673,66.88
1768493744.5229528,62.888
1768493744.6252375,64.906
1768493744.7276073,66.963
1768493744.8298624,67.802
1768493744.93206,66.081
1768493745.0343523,62.888
1768493745.1366053,67.565
1768493745.2387116,67.648
1768493745.3408675,68.096
1768493745.4430413,66.669
1768493745.551547,71.325
1768493745.6543012,69.423
1768493745.7564783,68.138
1768493745.8586967,65.356
1768493745.9609332,65.983
1768493746.0631907,67.215
1768493746.1656504,65.592
1768493746.2679663,69.857
1768493746.3702383,65.102
1768493746.472763,63.966
1768493746.5750172,65.396
1768493746.6771991,68.683
1768493746.7797604,67.663
1768493746.884335,68.976
1768493746.990561,70.934
1768493747.0928447,67.76
1768493747.194997,66.432
1768493747.2971823,65.672
1768493747.3997135,67.117
1768493747.5020382,67.802
1768493747.6043873,67.606
1768493747.706805,69.466
1768493747.8091204,64.377
1768493747.9116604,66.669
1768493748.0139925,64.612
1768493748.11626,70.836
1768493748.2186286,69.368
1768493748.3208737,69.478
1768493748.4302704,71.912
1768493748.5327034,68.194
1768493748.634967,66.88
1768493748.7373526,63.868
1768493748.8396385,65.885
1768493748.941911,66.277
1768493749.0441315,67.452
1768493749.1466367,69.227
1768493749.2490056,63.927
1768493749.351287,68.781
1768493749.4536922,63.888
1768493749.5568178,68.738
1768493749.6664734,68.823
1768493749.7714746,72.019
1768493749.8738549,68.389
1768493749.976346,68.738
1768493750.078635,66.432
1768493750.1808922,61.615
1768493750.2832346,66.041
1768493750.3855627,66.571
1768493750.4878435,68.236
1768493750.590058,65.592
1768493750.6923366,67.117
1768493750.798314,72.01
1768493750.9054828,68.921
1768493751.007953,71.521
1768493751.1103072,69.368
1768493751.2126384,67.256
1768493751.3151207,67.802
1768493751.4174683,61.419
1768493751.5198514,67.256
1768493751.6220381,65.885
1768493751.7318006,69.129
1768493751.834079,63.907
1768493751.9363284,66.824
1768493752.0386355,67.019
1768493752.1409035,71.085
1768493752.243118,67.215
1768493752.3453903,67.271
1768493752.4476762,69.129
1768493752.5500338,67.215
1768493752.6524258,67.55
1768493752.754885,63.399
1768493752.8573883,66.726
1768493752.9650607,67.704
1768493753.0679908,68.879
1768493753.170617,66.334
1768493753.2731304,67.256
1768493753.3758607,68.04
1768493753.4781213,68.585
1768493753.5803397,68.445
1768493753.6825702,66.782
1768493753.7848926,70.401
1768493753.8872497,68.641
1768493753.9894733,67.256
1768493754.095816,64.848
1768493754.1981719,67.704
1768493754.30104,66.53
1768493754.403382,67.215
1768493754.5058649,68.291
1768493754.6084337,62.986
1768493754.7112057,66.767
1768493754.813799,68.389
1768493754.9163046,67.956
1768493755.0195358,66.53
1768493755.1219594,70.499
1768493755.2328086,67.215
1768493755.3358772,65.396
1768493755.4382,63.613
1768493755.5405385,66.081
1768493755.6427958,67.215
1768493755.7453852,68.096
1768493755.8477466,65.142
1768493755.9503627,68.096
1768493756.0582378,68.249
1768493756.1605132,70.738
1768493756.2642965,67.663
1768493756.3667126,69.661
1768493756.4690173,69.227
1768493756.571494,65.885
1768493756.6741447,63.084
1768493756.776519,66.375
1768493756.8789623,68.879
1768493756.9812074,68.096
1768493757.0837512,68.487
1768493757.1928167,62.067
1768493757.2951162,66.139
1768493757.3973446,66.824
1768493757.499602,69.955
1768493757.601867,67.858
1768493757.7041123,68.934
1768493757.80641,70.303
1768493757.9087894,66.921
1768493758.0112371,65.258
1768493758.1139112,63.203
1768493758.2163453,66.669
1768493758.3206666,68.291
1768493758.4269705,67.2
1768493758.5293431,66.139
1768493758.6316578,66.669
1768493758.7339108,66.921
1768493758.8363154,68.152
1768493758.938835,67.704
1768493759.0411015,67.271
1768493759.1433766,69.032
1768493759.2456448,68.194
1768493759.3478484,65.494
1768493759.450098,63.319
1768493759.558711,66.865
1768493759.6610014,68.194
1768493759.7633705,67.411
1768493759.8657136,67.942
1768493759.9680235,63.28
1768493760.0705726,65.943
1768493760.172917,67.411
1768493760.2752566,69.814
1768493760.378127,65.885
1768493760.4804769,68.445
1768493760.5827231,69.618
1768493760.6933362,66.669
1768493760.7957706,66.71
1768493760.8980837,66.571
1768493761.0003273,68.096
1768493761.1027513,67.606
1768493761.2049673,67.998
1768493761.307253,62.3
1768493761.4096227,65.885
1768493761.5134723,67.411
1768493761.6169288,67.956
1768493761.7191432,68.934
1768493761.8245375,71.476
1768493761.9268005,67.648
1768493762.0290678,66.416
1768493762.1314795,65.885
1768493762.2337716,67.998
1768493762.336336,67.998
1768493762.4386678,68.194
1768493762.54096,65.69
1768493762.643187,65.534
1768493762.745474,66.53
1768493762.8477314,71.085
1768493762.956836,68.194
1768493763.0589848,67.76
1768493763.1612227,69.618
1768493763.2635584,65.649
1768493763.3657546,63.242
1768493763.4681094,66.024
1768493763.5703695,65.69
1768493763.6726694,68.879
1768493763.7750516,66.921
1768493763.8773277,64.456
1768493763.9795957,67.606
1768493764.0884905,67.215
1768493764.1907935,69.618
1768493764.2929118,69.618
1768493764.3952236,69.032
1768493764.4974172,70.249
1768493764.59962,70.107
1768493764.7019267,65.511
1768493764.8042357,65.16
1768493764.906595,65.2
1768493765.0087385,66.824
1768493765.1111264,67.9
1768493765.2175639,66.921
1768493765.3198707,62.594
1768493765.4233322,64.808
1768493765.5257778,65.69
1768493765.6279511,67.313
1768493765.7302957,67.565
1768493765.8327222,69.325
1768493765.9352088,69.857
1768493766.0373983,66.375
1768493766.1405244,67.648
1768493766.2427304,66.179
1768493766.351006,67.411
1768493766.4541311,67.215
1768493766.5563333,68.976
1768493766.658596,65.396
1768493766.7611156,66.122
1768493766.8633864,66.767
1768493766.965729,66.669
1768493767.0689204,68.879
1768493767.171129,69.759
1768493767.2806349,67.117
1768493767.3828773,64.729
1768493767.4850583,64.906
1768493767.5873327,67.606
1768493767.6896267,67.606
1768493767.7918236,65.983
1768493767.8941953,62.888
1768493767.996474,65.044
1768493768.098839,70.292
1768493768.2009974,69.759
1768493768.303249,67.998
1768493768.4120908,67.998
1768493768.514231,70.346
1768493768.616468,66.767
1768493768.7188315,64.769
1768493768.8211608,65.788
1768493768.923603,67.802
1768493769.0258307,68.194
1768493769.1281245,67.802
1768493769.2303598,64.515
1768493769.3326259,66.53
1768493769.4350388,67.354
1768493769.5452182,68.683
1768493769.6473591,70.39
1768493769.749615,67.998
1768493769.8518538,70.988
1768493769.954106,67.411
1768493770.0564961,65.062
1768493770.158952,63.476
1768493770.2610793,66.53
1768493770.3634899,68.194
1768493770.46586,69.325
1768493770.5701873,67.802
1768493770.6731555,63.535
1768493770.7786098,67.467
1768493770.880821,67.411
1768493770.9834335,68.976
1768493771.0858705,69.9
1768493771.188159,68.879
1768493771.2903683,69.857
1768493771.3933375,67.509
1768493771.495628,63.301
1768493771.5978096,66.571
1768493771.700098,66.139
1768493771.8086605,67.746
1768493771.9108186,67.354
1768493772.0130491,63.731
1768493772.1154435,67.06
1768493772.2177067,68.096
1768493772.3200014,69.129
1768493772.422291,69.087
1768493772.5251963,68.152
1768493772.627401,66.88
1768493772.7297697,64.221
1768493772.8320484,64.025
1768493772.9414983,66.139
1768493773.044018,68.683
1768493773.14643,67.606
1768493773.249126,65.004
1768493773.3513374,66.489
1768493773.453598,67.452
1768493773.555883,68.641
1768493773.658056,69.172
1768493773.7603185,68.879
1768493773.8625486,70.249
1768493773.971701,67.606
1768493774.0740235,66.473
1768493774.17678,65.73
1768493774.2792096,66.571
1768493774.381913,68.194
1768493774.484372,67.942
1768493774.5868192,65.298
1768493774.6889825,67.746
1768493774.7912354,68.138
1768493774.8935838,68.096
1768493774.9959872,70.879
1768493775.1015058,69.661
1768493775.2068663,68.989
1768493775.3090925,67.452
1768493775.4113567,65.574
1768493775.513556,66.179
1768493775.615759,67.019
1768493775.7182431,68.096
1768493775.8207831,67.9
1768493775.9232063,64.064
1768493776.0256631,65.73
1768493776.1345925,69.019
1768493776.2376325,69.716
1768493776.339974,68.725
1768493776.4423409,68.305
1768493776.5447724,69.521
1768493776.646948,66.767
1768493776.7492824,62.398
1768493776.851634,66.865
1768493776.9539406,67.411
1768493777.0561938,68.934
1768493777.1584861,66.375
1768493777.2669075,65.69
1768493777.3691068,64.964
1768493777.4713461,69.172
1768493777.5736904,69.955
1768493777.6761174,68.152
1768493777.7786102,68.683
1768493777.8818204,66.767
1768493777.9840252,66.653
1768493778.086561,66.473
1768493778.188732,66.081
1768493778.2987266,69.032
1768493778.401048,66.628
1768493778.5033605,64.26
1768493778.6056564,64.848
1768493778.707887,68.976
1768493778.810072,69.618
1768493778.9123611,66.921
1768493779.014722,68.725
1768493779.1170998,69.521
1768493779.219329,67.55
1768493779.3217967,65.24
1768493779.4302783,65.885
1768493779.5332868,66.921
1768493779.6356099,67.509
1768493779.738027,64.71
1768493779.8403752,64.652
1768493779.94285,66.081
1768493780.0450401,68.236
1768493780.147372,67.313
1768493780.2497082,68.278
1768493780.352032,69.606
1768493780.4543016,69.423
1768493780.5639322,65.983
1768493780.6664813,62.654
1768493780.7687387,67.019
1768493780.8711555,66.432
1768493780.9734945,68.152
1768493781.0756567,67.704
1768493781.1781147,63.868
1768493781.2804184,64.671
1768493781.3828244,66.906
1768493781.4851162,67.565
1768493781.5946846,67.509
1768493781.6998098,68.641
1768493781.8021216,69.716
1768493781.9043221,67.117
1768493782.0065832,61.577
1768493782.108793,66.669
1768493782.2109694,66.081
1768493782.3132396,68.836
1768493782.4154365,65.551
1768493782.521202,63.966
1768493782.625424,67.158
1768493782.7279081,65.258
1768493782.8302784,68.738
1768493782.9326067,68.683
1768493783.0360177,70.107
1768493783.1382208,69.661
1768493783.2404268,62.888
1768493783.3428009,66.277
1768493783.4449756,66.571
1768493783.5471919,68.291
1768493783.6510363,67.746
1768493783.7543948,63.966
1768493783.8588796,64.808
1768493783.9613225,64.848
1768493784.0634844,68.836
1768493784.165728,67.174
1768493784.2679212,68.683
1768493784.3702404,68.445
1768493784.4724731,67.313
1768493784.5748465,62.85
1768493784.677116,66.375
1768493784.7795217,68.627
1768493784.8820155,66.782
1768493784.9843225,64.475
1768493785.0932546,64.906
1768493785.1965823,65.004
1768493785.2990253,69.27
1768493785.4015436,68.096
1768493785.503871,63.242
1768493785.6061413,68.585
1768493785.7084265,67.354
1768493785.8107564,68.934
1768493785.9130914,66.88
1768493786.0154445,69.857
1768493786.1176765,67.802
1768493786.2201066,69.564
1768493786.3286905,64.71
1768493786.4308789,65.102
1768493786.5332713,66.375
1768493786.63541,67.313
1768493786.7376344,67.844
1768493786.8400087,63.77
1768493786.9425137,67.354
1768493787.0448496,66.081
1768493787.147125,69.564
1768493787.2494226,66.628
1768493787.3588142,69.618
1768493787.4612343,68.249
1768493787.5642135,66.587
1768493787.6664836,66.808
1768493787.768896,63.829
1768493787.871168,66.571
1768493787.9734104,68.333
1768493788.0756254,68.738
1768493788.1778479,63.829
1768493788.2800863,67.998
1768493788.3825145,65.983
1768493788.4849362,68.194
1768493788.5904176,66.139
1768493788.6949959,70.401
1768493788.797192,68.096
1768493788.9006996,66.22
1768493789.0028603,64.515
1768493789.1052372,66.277
1768493789.2074444,67.019
1768493789.3096702,69.466
1768493789.4118268,67.452
1768493789.5139863,63.868
1768493789.6161895,65.885
1768493789.7252738,66.277
1768493789.8275461,68.823
1768493789.9299154,69.117
1768493790.0322618,67.844
1768493790.1347992,67.467
1768493790.237046,66.726
1768493790.339259,64.906
1768493790.441476,67.606
1768493790.5437245,65.004
1768493790.6459527,69.368
1768493790.748584,67.452
1768493790.8507721,65.2
1768493790.9594758,67.648
1768493791.0618606,64.279
1768493791.1641805,70.401
1768493791.2664979,68.445
1768493791.3688326,70.64
1768493791.4710708,67.215
1768493791.573276,68.823
1768493791.6755505,66.71
1768493791.7777746,65.943
1768493791.8801484,67.06
1768493791.9885268,67.019
1768493792.090791,68.976
1768493792.1929781,63.417
1768493792.2952938,66.375
1768493792.3976889,65.102
1768493792.5001493,69.325
1768493792.6023993,68.725
1768493792.7048533,68.543
1768493792.8071947,67.9
1768493792.9093752,66.432
1768493793.0116022,66.849
1768493793.1138618,65.747
1768493793.2164843,66.963
1768493793.3198733,67.411
1768493793.4222205,68.976
1768493793.528007,63.672
1768493793.6311026,67.411
1768493793.733514,66.179
1768493793.8363824,68.738
1768493793.938963,69.564
1768493794.041839,69.227
1768493794.144341,69.521
1768493794.2469373,68.781
1768493794.3492389,64.123
1768493794.456251,65.73
1768493794.5585663,67.313
1768493794.6608584,69.032
1768493794.7642987,63.182
1768493794.866428,67.606
1768493794.9686267,66.669
1768493795.070789,67.956
1768493795.1729512,65.298
1768493795.2751472,70.738
1768493795.3772786,67.509
1768493795.4794993,68.879
1768493795.5817869,66.514
1768493795.6840346,64.71
1768493795.7905073,67.509
1768493795.8965726,66.628
1768493795.9989045,67.9
1768493796.1011152,63.966
1768493796.2034326,67.606
1768493796.305795,67.746
1768493796.4079404,67.802
1768493796.5102258,65.943
1768493796.6123822,71.031
1768493796.7146657,68.152
1768493796.8171465,67.019
1768493796.926005,64.417
1768493797.0283694,61.811
1768493797.1306522,67.509
1768493797.2329028,66.179
1768493797.3352454,69.227
1768493797.437661,67.998
1768493797.5399585,61.419
1768493797.6422555,65.396
1768493797.7445424,66.53
1768493797.84698,68.291
1768493797.9491348,66.669
1768493798.0513656,70.934
1768493798.1578088,69.912
1768493798.2620494,67.452
1768493798.3642614,66.041
1768493798.4664254,64.692
1768493798.5686374,67.998
1768493798.6710045,67.452
1768493798.7735965,70.836
1768493798.875928,66.432
1768493798.9782393,65.396
1768493799.080601,64.279
1768493799.1829684,67.998
1768493799.2902412,67.942
1768493799.3928573,68.194
1768493799.4968128,70.053
1768493799.5991113,68.627
1768493799.7015076,65.902
1768493799.8038237,65.73
1768493799.9061515,67.06
1768493800.0083163,67.06
1768493800.1104808,69.032
1768493800.2126524,66.041
1768493800.3149445,63.378
1768493800.417242,66.53
1768493800.525789,68.445
1768493800.6292162,68.04
1768493800.731475,69.618
1768493800.833842,67.998
1768493800.9364429,67.215
1768493801.0389342,63.653
1768493801.1411657,66.669
1768493801.2432454,67.9
1768493801.3453867,67.704
1768493801.447615,68.487
1768493801.5498514,62.262
1768493801.655723,68.781
1768493801.7579288,66.22
1768493801.8605864,69.857
1768493801.9627485,69.325
1768493802.0651898,69.564
1768493802.1676545,67.76
1768493802.2701285,67.802
1768493802.372677,65.592
1768493802.4748619,66.53
1768493802.577146,67.606
1768493802.6794782,67.998
1768493802.781739,67.648
1768493802.8842096,64.162
1768493802.9936545,65.983
1768493803.0958955,67.354
1768493803.1980348,70.107
1768493803.3005536,67.271
1768493803.402865,70.401
1768493803.5051253,67.117
1768493803.6073618,67.704
1768493803.7096434,66.334
1768493803.811962,65.494
1768493803.9144921,67.215
1768493804.01889,67.019
1768493804.1243982,70.401
1768493804.2269447,65.298
1768493804.3291478,63.672
1768493804.4316216,64.573
1768493804.5342026,68.389
1768493804.636645,67.648
1768493804.7396133,67.019
1768493804.8419657,69.032
1768493804.944206,67.55
1768493805.0464947,65.69
1768493805.1490235,65.004
1768493805.2577295,67.117
1768493805.3612893,67.215
1768493805.4635663,68.291
1768493805.5658047,68.836
1768493805.6681013,63.084
1768493805.7706294,68.879
1768493805.873281,67.004
1768493805.975754,68.738
1768493806.0781715,66.53
1768493806.180696,69.129
1768493806.2831252,68.291
1768493806.392353,65.2
1768493806.4982634,61.321
1768493806.6004817,67.158
1768493806.7027564,67.313
1768493806.804969,69.564
1768493806.9072192,64.064
1768493807.009495,69.019
1768493807.11172,66.318
1768493807.21391,67.411
1768493807.316223,65.454
1768493807.4204767,71.281
1768493807.5229857,67.606
1768493807.6254332,67.9
1768493807.7299461,65.316
1768493807.8322964,62.029
1768493807.934609,67.452
1768493808.037028,65.649
1768493808.1395218,69.564
1768493808.2417796,64.612
1768493808.3442366,66.669
1768493808.4464169,64.319
1768493808.5486848,70.401
1768493808.6510086,67.076
1768493808.757238,68.879
1768493808.8625815,69.368
1768493808.9648511,67.215
1768493809.06709,68.138
1768493809.1693711,63.417
1768493809.271835,67.704
1768493809.374315,66.024
1768493809.4768345,70.738
1768493809.5792782,66.179
1768493809.681851,68.781
1768493809.7841353,65.983
1768493809.890617,68.249
1768493809.9953353,68.487
1768493810.0977275,69.074
1768493810.2006,69.368
1768493810.3029466,67.215
1768493810.4052172,66.767
1768493810.5075016,65.2
1768493810.6096907,67.998
1768493810.711895,66.628
1768493810.8147366,69.074
1768493810.9170387,64.906
1768493811.026953,61.027
1768493811.1291788,67.802
1768493811.231584,66.53
1768493811.333971,68.445
1768493811.4362411,67.369
1768493811.5384681,72.357
1768493811.6407657,68.431
1768493811.7432349,66.921
1768493811.8457074,67.844
1768493811.9479122,65.084
1768493812.0502172,68.194
1768493812.1592464,70.01
1768493812.2614799,66.041
1768493812.3657796,67.998
1768493812.4679716,67.509
1768493812.5702174,69.704
1768493812.6725738,69.032
1768493812.77487,69.172
1768493812.877086,70.26
1768493812.9794345,68.879
1768493813.0819077,67.019
1768493813.184325,65.102
1768493813.286872,62.067
1768493813.3958526,67.55
1768493813.498966,67.802
1768493813.601318,70.053
1768493813.7039523,67.606
1768493813.8063629,66.179
1768493813.9089708,68.641
1768493814.0112915,67.509
1768493814.1138859,71.521
1768493814.216069,68.431
1768493814.3188584,72.454
1768493814.4211438,67.467
1768493814.52777,67.9
1768493814.6312304,65.551
1768493814.7337294,60.476
1768493814.8361235,67.802
1768493814.9385314,67.354
1768493815.0412114,70.499
1768493815.1437254,66.963
1768493815.2461927,66.571
1768493815.3486369,67.06
1768493815.4510694,70.586
1768493815.5534053,67.998
1768493815.6556225,66.978
1768493815.76426,70.205
1768493815.866706,67.509
1768493815.9690053,66.726
1768493816.0712724,64.808
1768493816.1735032,65.73
1768493816.275711,66.179
1768493816.37796,66.726
1768493816.4805882,69.423
1768493816.583084,63.535
1768493816.6864889,68.291
1768493816.7889378,67.117
1768493816.8911984,69.661
1768493817.000432,67.019
1768493817.102907,67.844
1768493817.205256,70.792
1768493817.3075523,68.291
1768493817.4097173,66.767
1768493817.5119374,62.714
1768493817.6141248,67.256
1768493817.7163815,67.802
1768493817.8185956,67.606
1768493817.920764,67.509
1768493818.0230749,63.084
1768493818.1252642,66.865
1768493818.2276058,67.76
1768493818.33611,67.076
1768493818.441252,71.139
1768493818.5436072,68.152
1768493818.645995,67.942
1768493818.7484083,64.612
1768493818.8507998,64.319
1768493818.9529643,67.354
1768493819.0552075,67.019
1768493819.157424,68.096
1768493819.2597659,62.692
1768493819.3620272,69.618
1768493819.4715955,67.648
1768493819.5738094,71.965
1768493819.676091,67.467
1768493819.7783544,73.086
1768493819.8806202,68.054
1768493819.9830046,68.291
1768493820.0855126,67.019
1768493820.18781,62.616
1768493820.2900624,67.509
1768493820.3922865,65.943
1768493820.494727,69.912
1768493820.5969954,66.473
1768493820.707343,68.389
1768493820.8096428,67.411
1768493820.9121299,66.921
1768493821.0143528,69.618
1768493821.1165905,68.543
1768493821.2188432,70.151
1768493821.3211422,67.704
1768493821.4233932,66.88
1768493821.5256221,65.788
1768493821.6278234,63.731
1768493821.7301798,67.019
1768493821.8324366,66.571
1768493821.941904,68.683
1768493822.0441034,64.025
1768493822.1464171,67.746
1768493822.2486086,67.313
1768493822.351611,70.01
1768493822.453939,69.606
1768493822.556261,70.694
1768493822.6587064,67.9
1768493822.7609887,67.55
1768493822.8632607,62.773
1768493822.9655194,66.277
1768493823.0748827,69.27
1768493823.1772406,67.158
1768493823.2795746,67.411
1768493823.3818889,62.36
1768493823.4841561,66.081
1768493823.586645,67.215
1768493823.6890104,69.172
1768493823.791233,66.88
1768493823.8935513,70.064
1768493823.995898,71.876
1768493824.098233,64.964
1768493824.2019067,64.358
1768493824.3105981,66.628
1768493824.4128683,67.215
1768493824.5150366,69.27
1768493824.6172583,60.989
1768493824.7194452,65.592
1768493824.8216841,67.606
1768493824.9238396,67.76
1768493825.0260572,69.061
1768493825.1285305,68.891
1768493825.2308528,70.596
1768493825.3332498,65.943
1768493825.441291,65.102
1768493825.5441165,64.515
1768493825.6464274,65.885
1768493825.7489698,67.998
1768493825.8513522,67.509
1768493825.9537947,68.641
1768493826.0561612,64.75
1768493826.158605,64.612
1768493826.2608016,67.117
1768493826.3630064,71.031
1768493826.4652843,68.543
1768493826.5698752,70.151
1768493826.676065,67.117
1768493826.7800055,65.592
1768493826.8822384,66.375
1768493826.9846117,67.06
1768493827.0872445,67.802
1768493827.1895003,65.298
1768493827.2921228,66.277
1768493827.3946016,66.963
1768493827.496994,65.592
1768493827.608239,66.041
1768493827.7105083,67.76
1768493827.8128684,64.162
1768493827.9152448,67.354
1768493828.0178878,67.313
1768493828.120167,69.032
1768493828.2227337,67.256
1768493828.3252108,69.466
1768493828.4276152,70.01
1768493828.5370162,65.396
1768493828.639314,68.194
1768493828.7415042,64.808
1768493828.8436844,66.53
1768493828.9459162,68.096
1768493829.0481195,68.781
1768493829.1505435,62.105
1768493829.2528324,66.726
1768493829.3550627,67.117
1768493829.4591467,65.805
1768493829.5675235,69.27
1768493829.6707573,70.053
1768493829.7732325,66.767
1768493829.8757446,66.767
1768493829.9781642,65.494
1768493830.0804367,66.236
1768493830.1829221,68.585
1768493830.2854521,68.627
1768493830.3877532,67.704
1768493830.4900887,67.019
1768493830.5923119,65.551
1768493830.6947353,68.976
1768493830.8038757,68.641
1768493830.9075344,67.55
1768493831.0098312,68.389
1768493831.1124418,70.01
1768493831.2147374,66.041
1768493831.317615,64.084
1768493831.4199288,66.375
1768493831.5224168,66.921
1768493831.6248322,67.956
1768493831.7271905,68.879
1768493831.835545,67.606
1768493831.9388306,66.669
1768493832.0411897,64.221
1768493832.1434433,68.683
1768493832.2458332,68.431
1768493832.3481877,70.151
1768493832.4504023,70.499
1768493832.5527987,66.432
1768493832.6550949,67.55
1768493832.7572708,66.767
1768493832.8666053,65.983
1768493832.9691865,66.824
1768493833.0714011,67.606
1768493833.1738262,64.417
1768493833.276402,67.354
1768493833.3787508,67.174
1768493833.4811275,67.313
1768493833.5834286,67.509
1768493833.6857603,68.445
1768493833.7881281,71.085
1768493833.8904295,66.473
1768493833.9928274,64.573
1768493834.102228,64.377
1768493834.2044992,64.808
1768493834.3068953,68.781
1768493834.4091237,67.942
1768493834.511383,65.396
1768493834.6135526,65.534
1768493834.7157354,67.215
1768493834.818412,68.823
1768493834.921741,69.564
1768493835.0239437,69.032
1768493835.1332147,68.879
1768493835.2354827,64.808
1768493835.3377645,64.005
1768493835.4401338,65.004
1768493835.5425613,67.9
1768493835.6448069,66.571
1768493835.747209,65.494
1768493835.8494737,67.844
1768493835.951736,67.313
1768493836.0539906,68.249
1768493836.156356,69.857
1768493836.2622912,67.802
1768493836.3647053,70.694
1768493836.4680536,68.347
1768493836.570253,65.494
1768493836.6725664,63.046
1768493836.7749643,65.142
1768493836.8772666,67.215
1768493836.9796185,68.291
1768493837.0820885,66.669
1768493837.1845684,64.417
1768493837.2869396,65.142
1768493837.389105,66.334
1768493837.491346,69.019
1768493837.593626,67.271
1768493837.7026463,68.879
1768493837.8048964,70.596
1768493837.9072063,65.788
1768493838.0094886,63.829
1768493838.111774,63.927
1768493838.2139645,66.921
1768493838.3164117,67.704
1768493838.4187083,69.814
1768493838.5212293,66.041
1768493838.623539,63.927
1768493838.7261014,67.102
1768493838.828359,68.389
1768493838.939364,68.347
1768493839.0415902,66.824
1768493839.143899,69.074
1768493839.246347,70.01
1768493839.3486567,65.592
1768493839.4508367,65.356
1768493839.553133,64.612
1768493839.6553247,67.117
1768493839.7575772,66.334
1768493839.8599253,67.313
1768493839.9622014,62.654
1768493840.066882,67.06
1768493840.1692054,68.096
1768493840.271691,68.389
1768493840.37597,70.151
1768493840.4783053,68.879
1768493840.5806594,68.543
1768493840.682936,66.489
1768493840.7852101,65.2
1768493840.8875306,65.396
1768493840.9907138,68.431
1768493841.0929918,67.215
1768493841.1952105,65.338
1768493841.300874,67.55
1768493841.40621,66.628
1768493841.5083792,68.781
1768493841.6106327,68.249
1768493841.712891,67.76
1768493841.8150828,68.627
1768493841.9173462,69.661
1768493842.019749,66.081
1768493842.1220372,62.496
1768493842.2242522,64.71
1768493842.3264775,67.55
1768493842.4287887,67.802
1768493842.5379658,64.906
1768493842.6403577,66.473
1768493842.7427998,66.906
1768493842.8451376,68.683
1768493842.9474442,66.432
1768493843.049817,69.313
1768493843.1522102,69.661
1768493843.254488,67.271
1768493843.356715,64.084
1768493843.4590542,64.906
1768493843.5613768,64.808
1768493843.6672423,68.683
1768493843.771849,66.432
1768493843.8741517,63.829
1768493843.97655,66.865
1768493844.0788798,67.215
1768493844.1814113,68.389
1768493844.2837179,70.836
1768493844.38591,69.129
1768493844.488198,68.431
1768493844.5909748,68.781
1768493844.693218,64.866
1768493844.7954106,65.436
1768493844.9010227,64.71
1768493845.0065367,68.194
1768493845.1090574,69.074
1768493845.2113543,63.535
1768493845.3138137,66.473
1768493845.416095,66.963
1768493845.5183814,70.205
1768493845.6206982,68.585
1768493845.7229128,68.445
1768493845.8252304,68.445
1768493845.9275873,69.955
1768493846.0382302,66.041
1768493846.1405542,62.654
1768493846.2427094,66.236
1768493846.345095,66.081
1768493846.4473813,68.879
1768493846.5501075,64.808
1768493846.6521528,64.417
1768493846.75431,67.648
1768493846.85661,67.858
1768493846.9588442,68.934
1768493847.0610378,68.836
1768493847.1697488,69.955
1768493847.2726548,68.529
1768493847.3748705,66.375
1768493847.4772274,65.649
1768493847.5795093,65.885
1768493847.6819615,69.074
1768493847.7841969,67.9
1768493847.88666,63.535
1768493847.9889994,67.117
1768493848.0911932,66.767
1768493848.1934915,68.738
1768493848.303073,68.291
1768493848.4054656,72.206
1768493848.5076478,69.27
1768493848.609832,70.107
1768493848.7121837,65.69
1768493848.814674,64.456
1768493848.9169488,67.354
1768493849.0192957,66.139
1768493849.1216257,68.096
1768493849.224216,66.432
1768493849.3267572,63.672
1768493849.4361944,67.158
1768493849.5392432,66.824
1768493849.6414917,68.152
1768493849.743907,69.368
1768493849.8462036,68.823
1768493849.9485867,69.368
1768493850.0514312,66.334
1768493850.1537192,64.71
1768493850.255941,65.885
1768493850.3581245,65.494
1768493850.4609203,67.998
1768493850.5712786,67.313
1768493850.6734858,65.396
1768493850.7757013,66.824
1768493850.8778994,65.747
1768493850.98035,68.347
1768493851.0827172,67.998
1768493851.1852703,71.227
1768493851.2877135,68.487
1768493851.390076,68.781
1768493851.4922652,65.004
1768493851.5945168,62.692
1768493851.70043,65.885
1768493851.8027892,67.802
1768493851.9063003,68.249
1768493852.008476,63.829
1768493852.1107142,66.571
1768493852.2140095,69.478
1768493852.3161628,68.152
1768493852.4183786,67.956
1768493852.5206554,70.107
1768493852.6230154,68.347
1768493852.7252042,66.391
1768493852.8276045,67.102
1768493852.933776,64.906
1768493853.0390387,65.2
1768493853.1413393,67.411
1768493853.243793,68.291
1768493853.346128,64.612
1768493853.4484305,66.921
1768493853.5507555,68.04
1768493853.6530175,69.661
1768493853.755208,69.129
1768493853.8573713,71.618
1768493853.95964,67.606
1768493854.06188,67.844
1768493854.1706486,63.731
1768493854.2731738,63.476
1768493854.3756428,66.669
1768493854.4781337,67.509
1768493854.5803967,68.431
1768493854.6830776,64.025
1768493854.7855237,68.096
1768493854.8878064,66.041
1768493854.9901237,69.716
1768493855.0924354,68.543
1768493855.1947505,71.227
1768493855.3005168,68.096
1768493855.4027634,68.054
1768493855.5060048,65.902
1768493855.6082706,62.067
1768493855.7104754,67.256
1768493855.8128078,66.473
1768493855.9153848,69.27
1768493856.0176728,67.117
1768493856.1201916,63.417
1768493856.2227292,65.845
1768493856.3259203,67.452
1768493856.4283285,69.411
1768493856.537975,67.942
1768493856.6403205,69.857
1768493856.7443585,68.781
1768493856.846615,67.019
1768493856.948908,66.064
1768493857.0511656,64.221
1768493857.1533895,67.313
1768493857.2556221,67.802
1768493857.3578966,68.976
1768493857.4600651,66.921
1768493857.5666103,65.73
1768493857.6707554,64.808
1768493857.7731874,67.606
1768493857.8770764,69.9
1768493857.9793155,68.934
1768493858.0815723,68.152
1768493858.1839733,68.683
1768493858.2861764,62.986
1768493858.388435,67.019
1768493858.4906974,66.179
1768493858.5928402,68.879
1768493858.6994004,65.534
1768493858.8017108,66.767
1768493858.9048278,64.906
1768493859.007062,69.032
1768493859.1094065,68.291
1768493859.2116582,69.508
1768493859.3140116,68.683
1768493859.4163737,67.76
1768493859.518747,66.921
1768493859.6210287,63.437
1768493859.7233312,67.802
1768493859.8257446,67.215
1768493859.9322913,70.542
1768493860.0373724,65.551
1768493860.1397238,66.767
1768493860.242008,66.122
1768493860.344314,66.669
1768493860.44674,68.543
1768493860.5489945,66.628
1768493860.6512551,68.921
1768493860.7535107,68.194
1768493860.8557925,67.369
1768493860.958177,63.496
1768493861.0628557,67.704
1768493861.1688585,67.117
1768493861.271336,67.942
1768493861.3736618,68.152
1768493861.4759998,63.28
1768493861.5783384,66.139
1768493861.6805074,64.964
1768493861.7835138,69.508
1768493861.8859053,67.746
1768493861.9881814,72.454
1768493862.090472,69.074
1768493862.1926818,66.865
1768493862.298484,62.752
1768493862.4008684,64.808
1768493862.505086,67.606
1768493862.6074817,68.194
1768493862.709791,68.934
1768493862.8119962,63.927
1768493862.9142241,68.291
1768493863.0164833,65.747
1768493863.1188285,69.814
1768493863.2211032,66.921
1768493863.3233495,70.836
1768493863.4256904,67.998
1768493863.534345,68.389
1768493863.638292,64.496
1768493863.7404447,66.824
1768493863.842749,67.509
1768493863.9448805,67.802
1768493864.047055,65.258
1768493864.1493306,67.411
1768493864.25148,65.649
1768493864.3536372,69.466
1768493864.4557905,69.618
1768493864.5579362,66.236
1768493864.6644192,69.564
1768493864.7685215,68.194
1768493864.870702,65.747
1768493864.973126,63.025
1768493865.0756006,66.669
1768493865.1777794,65.16
1768493865.280136,68.879
1768493865.382414,63.672
1768493865.484723,67.117
1768493865.5870728,67.746
1768493865.6893306,69.074
1768493865.7988257,66.628
1768493865.9018505,72.891
1768493866.0040896,69.368
1768493866.1063297,68.291
1768493866.2084892,65.983
1768493866.3107743,64.692
1768493866.4130814,67.9
1768493866.515269,66.277
1768493866.6175091,68.291
1768493866.7200234,63.77
1768493866.8225338,69.227
1768493866.9313765,66.041
1768493867.0355613,68.738
1768493867.1378033,66.685
1768493867.240896,71.281
1768493867.3431737,68.487
1768493867.4454863,67.998
1768493867.547886,67.942
1768493867.6501455,62.458
1768493867.752541,66.726
1768493867.8586748,66.375
1768493867.9610293,68.585
1768493868.0632858,66.473
1768493868.1657953,64.75
1768493868.2681901,65.983
1768493868.3705285,68.585
1768493868.472767,68.096
1768493868.5750587,67.215
1768493868.6774385,68.431
1768493868.7799728,68.096
1768493868.8823774,66.098
1768493868.9846144,63.123
1768493869.086866,67.606
1768493869.189179,66.865
1768493869.2930067,69.423
1768493869.3994913,66.963
1768493869.502309,66.963
1768493869.6044931,69.704
1768493869.7065825,68.152
1768493869.8086853,69.27
1768493869.9109304,70.499
1768493870.013225,68.291
1768493870.115633,66.375
1768493870.2180905,62.594
1768493870.3202863,68.487
1768493870.4230287,67.271
1768493870.5286684,66.767
1768493870.6340933,63.144
1768493870.7364392,67.256
1768493870.8392763,65.2
1768493870.941681,66.628
1768493871.044232,67.215
1768493871.1466153,65.454
1768493871.2491872,67.411
1768493871.3513703,65.16
1768493871.4536386,69.172
1768493871.555867,67.411
1768493871.6651227,71.031
1768493871.7674901,67.076
1768493871.8697186,67.256
1768493871.9718935,64.631
1768493872.0744464,64.162
1768493872.177032,67.076
1768493872.2793941,67.704
1768493872.38173,67.606
1768493872.4841661,63.437
1768493872.5868325,69.27
1768493872.689196,65.298
1768493872.799477,70.303
1768493872.904788,68.249
1768493873.0071273,66.963
1768493873.109338,70.694
1768493873.2115412,66.473
1768493873.3154767,67.998
1768493873.417771,64.3
1768493873.520027,66.824
1768493873.6221902,67.606
1768493873.7313719,67.9
1768493873.8335567,66.375
1768493873.9358249,65.2
1768493874.0381503,66.179
1768493874.1405451,66.432
1768493874.2428517,69.912
1768493874.345111,68.445
1768493874.4474669,70.346
1768493874.5497432,68.585
1768493874.652073,68.194
1768493874.754331,67.158
1768493874.856561,61.909
1768493874.9588373,67.704
1768493875.0610325,66.921
1768493875.1701334,67.802
1768493875.2749808,63.868
1768493875.3770883,69.313
1768493875.4792364,67.648
1768493875.581503,69.759
1768493875.6837873,65.413
1768493875.7861836,71.281
1768493875.888546,69.466
1768493875.990816,67.998
1768493876.0932271,66.921
1768493876.1956348,62.164
1768493876.305197,67.411
1768493876.4076934,66.865
1768493876.5101564,69.129
1768493876.6125417,65.69
1768493876.7149732,63.084
1768493876.817165,67.215
1768493876.9194713,66.628
1768493877.02168,68.249
1768493877.1240864,68.879
1768493877.2262816,72.454
1768493877.328416,68.781
1768493877.4311976,67.354
1768493877.5354924,65.845
1768493877.6378937,65.828
1768493877.7404678,68.291
1768493877.84484,67.509
1768493877.9473186,69.368
1768493878.049894,64.906
1768493878.1522677,66.767
1768493878.2546818,66.514
1768493878.3570023,69.227
1768493878.4592812,68.823
1768493878.56174,69.074
1768493878.6640444,69.521
1768493878.7740903,65.788
1768493878.876288,68.194
1768493878.9785874,62.731
1768493879.0808232,67.9
1768493879.1830776,66.432
1768493879.285446,68.781
1768493879.3880475,68.096
1768493879.4903123,65.084
1768493879.5928392,66.669
1768493879.6952183,67.704
1768493879.7977054,70.053
1768493879.9002378,65.845
1768493880.0099275,73.432
1768493880.1125429,67.606
1768493880.2149131,67.215
1768493880.3171132,64.808
1768493880.4193838,65.2
1768493880.5216036,67.215
1768493880.6238565,66.473
1768493880.7262104,70.053
1768493880.8283849,64.456
1768493880.930943,67.354
1768493881.033126,64.612
1768493881.1423717,67.313
1768493881.2446437,70.205
1768493881.3481216,69.521
1768493881.4505193,67.452
1768493881.5530546,67.746
1768493881.6552925,61.713
1768493881.7575498,65.885
1768493881.8597918,67.802
1768493881.9620287,68.194
1768493882.0643363,64.906
1768493882.1665933,61.125
1768493882.2688107,66.921
1768493882.378051,68.054
1768493882.4805162,68.152
1768493882.582858,65.004
1768493882.6852286,71.379
1768493882.7873564,67.621
1768493882.8896067,67.844
1768493882.9918976,62.594
1768493883.0941343,65.788
1768493883.1965437,66.571
1768493883.2990708,67.256
1768493883.401391,68.934
1768493883.5116715,62.36
1768493883.6140342,67.06
1768493883.7163029,67.704
1768493883.8185916,69.857
1768493883.9207256,68.194
1768493884.02295,68.641
1768493884.1251767,69.032
1768493884.2274854,67.452
1768493884.329628,67.746
1768493884.4319944,65.436
1768493884.534263,67.452
1768493884.63713,68.291
1768493884.7395108,68.627
1768493884.8522696,67.06
1768493884.9545944,67.215
1768493885.0572047,65.983
1768493885.1593668,67.55
1768493885.2616851,69.564
1768493885.364064,65.649
1768493885.4663486,71.618
1768493885.5689843,69.032
1768493885.6712153,67.9
1768493885.7734692,66.628
1768493885.8757987,62.594
1768493885.979086,66.669
1768493886.0856645,67.509
1768493886.1878579,67.509
1768493886.2903178,65.747
1768493886.3925903,64.906
1768493886.4950137,67.746
1768493886.5971806,67.802
1768493886.6995397,67.704
1768493886.801887,66.782
1768493886.9041991,71.574
1768493887.006409,68.725
1768493887.1089556,68.096
1768493887.2188,65.044
1768493887.3234012,67.256
1768493887.4256687,67.215
1768493887.5279486,68.585
1768493887.6302047,63.966
1768493887.732322,66.139
1768493887.8345017,67.942
1768493887.936688,68.487
1768493888.0389347,65.943
1768493888.1411252,73.139
1768493888.2434382,67.704
1768493888.3471909,67.802
1768493888.4537544,66.824
1768493888.5561314,61.735
1768493888.6587808,67.9
1768493888.7611053,66.767
1768493888.863736,69.814
1768493888.9659123,66.375
1768493889.0686975,67.313
1768493889.171081,66.375
1768493889.2738547,68.278
1768493889.3761685,69.606
1768493889.4830816,66.277
1768493889.5873682,71.574
1768493889.689681,67.509
1768493889.79207,63.829
1768493889.8944473,65.102
1768493889.9968421,67.704
1768493890.0991786,68.585
1768493890.201561,67.704
1768493890.3043754,64.025
1768493890.4067178,66.473
1768493890.5089617,66.824
1768493890.6112661,68.543
1768493890.716286,67.411
1768493890.822084,67.411
1768493890.9243867,69.074
1768493891.026629,69.074
1768493891.1288507,66.824
1768493891.2311518,65.885
1768493891.3333995,65.396
1768493891.4356937,67.215
1768493891.537879,66.334
1768493891.6401489,67.354
1768493891.7488747,63.476
1768493891.8513303,66.473
1768493891.9537513,67.158
1768493892.0560164,70.542
1768493892.158528,67.215
1768493892.2609334,69.368
1768493892.3632905,68.879
1768493892.4657905,67.354
1768493892.5682929,62.224
1768493892.6705172,65.885
1768493892.772826,66.236
1768493892.8800805,67.452
1768493892.9844382,63.34
1768493893.0866153,65.062
1768493893.1889338,66.53
1768493893.291216,70.444
1768493893.393418,68.683
1768493893.4957397,70.455
1768493893.597994,68.976
1768493893.7002656,67.942
1768493893.8026054,64.279
1768493893.9048426,64.906
1768493894.007007,65.983
1768493894.113851,68.096
1768493894.2192135,68.291
1768493894.3215344,67.802
1768493894.4239295,65.885
1768493894.5261674,66.669
1768493894.628372,69.227
1768493894.7306597,68.976
1768493894.8328974,68.194
1768493894.9352765,70.303
1768493895.0374644,68.738
1768493895.1397548,66.767
1768493895.2452538,63.458
1768493895.35018,65.828
1768493895.4524136,67.704
1768493895.554786,68.096
1768493895.6571088,68.836
1768493895.7594697,62.986
1768493895.8619273,67.69
1768493895.9643059,67.663
1768493896.0665722,67.858
1768493896.169063,67.565
1768493896.2713728,68.976
1768493896.3760433,70.542
1768493896.4782853,66.139
1768493896.5825675,63.496
1768493896.6848674,66.081
1768493896.7872427,65.983
1768493896.8895514,68.738
1768493896.9921088,67.648
1768493897.094909,65.983
1768493897.1973522,66.726
1768493897.2998834,67.844
1768493897.4022179,69.368
1768493897.5046365,69.9
1768493897.607152,69.521
1768493897.7161748,70.107
1768493897.8185444,66.921
1768493897.920985,66.628
1768493898.0234237,62.262
1768493898.1258597,67.215
1768493898.2280967,66.824
1768493898.3304129,68.879
1768493898.4327667,63.613
1768493898.536031,65.004
1768493898.645054,67.411
1768493898.7477431,70.346
1768493898.8499756,65.747
1768493898.952313,68.291
1768493899.0548081,70.107
1768493899.157288,66.081
1768493899.2596242,66.122
1768493899.362094,64.946
1768493899.4644845,68.194
1768493899.566776,68.389
1768493899.669203,66.921
1768493899.7786577,64.906
1768493899.8809223,65.551
1768493899.9831667,68.194
1768493900.085417,68.096
1768493900.1877148,68.347
1768493900.2900002,69.661
1768493900.3921838,70.596
1768493900.4944127,67.215
1768493900.596625,64.906
1768493900.6989746,62.616
1768493900.8011649,66.473
1768493900.9074748,67.942
1768493901.0117586,67.802
1768493901.1140716,66.726
1768493901.2164984,63.966
1768493901.3188264,66.277
1768493901.421807,69.27
1768493901.5240347,66.824
1768493901.6262736,67.256
1768493901.7284386,69.27
1768493901.8309624,69.227
1768493901.9333966,67.06
1768493902.0430107,64.848
1768493902.145292,64.417
1768493902.2474263,67.215
1768493902.3497748,67.802
1768493902.4520416,67.117
1768493902.5543778,63.731
1768493902.6565926,64.808
1768493902.7590163,70.151
1768493902.8614378,66.824
1768493902.9637089,68.389
1768493903.0660377,68.445
1768493903.1761572,69.368
1768493903.2783601,65.592
1768493903.3806622,66.318
1768493903.4831557,66.277
1768493903.585352,67.746
1768493903.687551,67.452
1768493903.789748,69.661
1768493903.8919287,67.256
1768493903.9945674,67.411
1768493904.096771,69.564
1768493904.1989405,68.976
1768493904.307625,69.423
1768493904.4099984,69.466
1768493904.5124667,68.836
1768493904.6147814,66.808
1768493904.717212,65.044
1768493904.8195362,66.53
1768493904.9218524,68.781
1768493905.0241525,66.277
1768493905.1263897,63.829
1768493905.228578,67.06
1768493905.3308446,65.788
1768493905.4401681,70.89
1768493905.5424042,68.641
1768493905.6446958,69.618
1768493905.7469082,68.696
1768493905.849126,68.641
1768493905.9513469,64.964
1768493906.0537002,67.215
1768493906.1558669,65.69
1768493906.2580786,67.802
1768493906.3602483,68.347
1768493906.4625912,66.963
1768493906.572106,65.592
1768493906.674953,66.865
1768493906.7772944,70.053
1768493906.8796062,69.716
1768493906.981919,68.543
1768493907.0848763,69.857
1768493907.1870475,68.781
1768493907.2893462,66.041
1768493907.3915675,62.654
1768493907.4938047,67.509
1768493907.6023843,66.963
1768493907.7051823,67.606
1768493907.8073688,64.946
1768493907.9100027,65.16
1768493908.0123563,65.649
1768493908.1150863,67.354
1768493908.217275,67.858
1768493908.3197966,68.236
1768493908.4220612,70.053
1768493908.5249007,69.129
1768493908.6354754,67.06
1768493908.737852,64.279
1768493908.8401268,66.122
1768493908.9424732,66.921
1768493909.044706,68.683
1768493909.1469,64.025
1768493909.2503994,64.612
1768493909.3525193,65.885
1768493909.4547043,68.389
1768493909.5568876,69.185
1768493909.666027,69.368
1768493909.7682858,68.794
1768493909.8705416,69.661
1768493909.972867,67.55
1768493910.075065,65.396
1768493910.1773674,65.69
1768493910.2797441,66.865
1768493910.3820765,68.389
1768493910.4845958,67.256
1768493910.5868704,63.34
1768493910.6890342,64.769
1768493910.7912292,68.921
1768493910.9002953,68.096
1768493911.0024693,69.521
1768493911.1047442,69.032
1768493911.206989,68.976
1768493911.309153,67.606
1768493911.411401,62.262
1768493911.5135944,65.592
1768493911.6157677,67.117
1768493911.7180507,68.096
1768493911.8203576,68.641
1768493911.9227486,65.142
1768493912.0251338,67.215
1768493912.136498,65.396
1768493912.2387967,69.618
1768493912.3416486,69.912
1768493912.4439018,67.019
1768493912.546158,69.759
1768493912.6484764,67.802
1768493912.750713,64.025
1768493912.852957,63.868
1768493912.955223,65.298
1768493913.0612261,67.802
1768493913.1667285,66.865
1768493913.2689207,61.087
1768493913.3710518,66.963
1768493913.4732785,66.865
1768493913.5757601,68.487
1768493913.6781042,67.411
1768493913.7803652,63.672
1768493913.882615,65.534
1768493913.9849315,68.487
1768493914.087308,67.509
1768493914.1897283,67.816
1768493914.2961593,68.627
1768493914.3983257,69.912
1768493914.5035048,65.902
1768493914.6058872,66.612
1768493914.7082653,66.921
1768493914.8118255,68.781
1768493914.9140263,65.298
1768493915.016144,63.437
1768493915.1182497,66.318
1768493915.2203605,66.22
1768493915.3226202,68.794
1768493915.4309068,68.347
1768493915.5334284,69.716
1768493915.6357362,68.543
1768493915.737958,67.019
1768493915.8402648,63.986
1768493915.942577,65.16
1768493916.0448632,64.848
1768493916.1471083,68.291
1768493916.249479,66.53
1768493916.351625,64.906
1768493916.4540238,66.473
1768493916.5563192,66.963
1768493916.6584346,68.543
1768493916.7671063,67.858
1768493916.8701599,70.249
1768493916.9723406,69.9
1768493917.074566,69.521
1768493917.1768584,65.788
1768493917.2792754,63.399
1768493917.381488,67.06
1768493917.484042,66.179
1768493917.58644,69.129
1768493917.6887293,65.885
1768493917.791095,64.75
1768493917.893567,66.375
1768493918.0050905,67.2
1768493918.1073787,68.445
1768493918.2100372,67.76
1768493918.3122437,68.585
1768493918.4144027,69.857
1768493918.516767,66.571
1768493918.6190453,62.811
1768493918.7213767,66.53
1768493918.8237517,66.432
1768493918.9299376,68.096
1768493919.032412,68.389
1768493919.134734,65.885
1768493919.2369044,66.432
1768493919.3390543,66.767
1768493919.4413028,69.368
1768493919.5435941,66.294
1768493919.6459394,68.836
1768493919.7482398,68.683
1768493919.8504899,68.683
1768493919.9526987,64.71
1768493920.0550265,65.926
1768493920.157222,65.494
1768493920.259512,68.236
1768493920.3681355,68.976
1768493920.4705775,62.556
1768493920.572914,66.726
1768493920.676774,69.129
1768493920.77914,65.788
1768493920.8814316,68.836
1768493920.9837482,69.172
1768493921.0860662,67.452
1768493921.1883621,62.262
1768493921.297889,66.081
1768493921.4003787,66.139
1768493921.50264,68.194
1768493921.604837,66.334
1768493921.7072792,63.182
1768493921.8094733,64.964
1768493921.911762,67.746
1768493922.013909,68.585
1768493922.116179,67.858
1768493922.2183976,69.606
1768493922.3207395,69.564
1768493922.4230149,69.215
1768493922.5254962,62.948
1768493922.633088,66.375
1768493922.7358015,66.921
1768493922.838088,67.354
1768493922.9406939,69.27
1768493923.0429952,65.592
1768493923.145304,67.354
1768493923.2476945,67.004
1768493923.3500354,69.27
1768493923.4524915,67.606
1768493923.5548508,71.814
1768493923.6569762,69.368
1768493923.766234,67.802
1768493923.8687227,66.416
1768493923.9711437,64.084
1768493924.073361,67.06
1768493924.175645,67.704
1768493924.2782075,68.683
1768493924.3807077,63.927
1768493924.4829826,68.781
1768493924.5851626,65.454
1768493924.68759,69.716
1768493924.7976444,68.096
1768493924.900356,68.641
1768493925.002682,68.389
1768493925.1049054,68.389
1768493925.2073028,65.845
1768493925.30961,65.044
1768493925.4118075,67.313
1768493925.5140328,66.571
1768493925.6163945,68.347
1768493925.7186131,65.2
1768493925.821027,65.004
1768493925.9250772,65.943
1768493926.0273554,68.194
1768493926.132361,68.725
1768493926.2346146,67.704
1768493926.337748,67.802
1768493926.4398782,64.319
1768493926.542089,63.809
1768493926.6443536,66.432
1768493926.7467053,67.9
1768493926.8488324,67.998
1768493926.9509647,64.064
1768493927.0532293,68.389
1768493927.1637447,65.356
1768493927.2659895,69.814
1768493927.3683147,66.53
1768493927.4706202,70.053
1768493927.5728946,67.802
1768493927.675343,68.194
1768493927.7777588,66.432
1768493927.8800812,64.75
1768493927.982672,67.746
1768493928.0850036,65.592
1768493928.1875505,68.627
1768493928.2936027,65.396
1768493928.3994102,67.565
1768493928.5018394,63.829
1768493928.6040592,67.704
1768493928.706319,69.019
1768493928.8085384,69.423
1768493928.9108148,70.455
1768493929.0129857,67.998
1768493929.1153,68.627
1768493929.2175426,63.437
1768493929.3204362,65.534
1768493929.4228368,66.628
1768493929.5270596,66.628
1768493929.630211,69.172
1768493929.7385392,62.888
1768493929.8411663,68.445
1768493929.9436195,65.592
1768493930.0461156,69.521
1768493930.1484797,67.9
1768493930.2509115,71.77
1768493930.3533623,69.368
1768493930.4596844,67.844
1768493930.5619402,65.828
1768493930.6640947,64.221
1768493930.766475,67.117
1768493930.8687465,67.158
1768493930.9709644,67.998
1768493931.0731862,64.123
1768493931.1756501,66.236
1768493931.2780557,66.122
1768493931.3804018,69.325
1768493931.4829268,69.423
1768493931.5853245,70.944
1768493931.6878862,69.227
1768493931.7976167,66.726
1768493931.9017897,60.831
1768493932.003968,66.628
1768493932.106077,67.9
1768493932.2082703,68.879
1768493932.3104064,65.788
1768493932.4125893,66.865
1768493932.5147164,66.53
1768493932.6168382,69.129
1768493932.7189772,69.368
1768493932.8211575,68.389
1768493932.9232466,70.249
1768493933.0277185,67.704
1768493933.130307,66.767
1768493933.2360897,66.555
1768493933.338535,66.277
1768493933.4409041,67.704
1768493933.5432131,67.117
1768493933.645827,67.802
1768493933.7481198,64.221
1768493933.8503063,67.606
1768493933.95273,67.117
1768493934.0550942,69.478
1768493934.1572523,65.2
1768493934.2657704,72.303
1768493934.368486,69.368
1768493934.4708836,66.921
1768493934.5731564,67.55
1768493934.675412,62.731
1768493934.7777145,66.53
1768493934.8799393,66.081
1768493934.9823055,69.759
1768493935.084558,66.628
1768493935.187324,63.672
1768493935.2896197,66.767
1768493935.3918273,69.117
1768493935.4940734,69.759
1768493935.605032,68.487
1768493935.7073247,69.129
1768493935.8094788,68.976
1768493935.9117968,67.215
1768493936.0141447,62.948
1768493936.116481,65.004
1768493936.218767,68.389
1768493936.321083,66.081
1768493936.423355,68.291
1768493936.5254917,64.26
1768493936.628512,66.628
1768493936.7364488,66.416
1768493936.839178,69.423
1768493936.9414854,68.585
1768493937.0440326,67.9
1768493937.1463141,67.844
1768493937.248516,67.746
1768493937.3508432,66.277
1768493937.4530425,67.452
1768493937.5552952,66.921
1768493937.6576054,67.9
1768493937.7598147,67.117
1768493937.8620358,62.398
1768493937.9667304,67.117
1768493938.0694914,66.179
1768493938.1741414,68.291
1768493938.2771187,70.205
1768493938.3793464,68.431
1768493938.4817162,66.921
1768493938.5841496,64.808
1768493938.6864038,66.571
1768493938.7886608,67.509
1768493938.8908682,68.291
1768493938.9930348,69.368
1768493939.0953128,64.75
1768493939.1974087,67.117
1768493939.3068857,66.041
1768493939.4096844,69.661
1768493939.5118275,68.096
1768493939.6141033,68.543
1768493939.716373,69.466
1768493939.8185422,68.487
1768493939.920846,66.432
1768493940.0230534,64.594
1768493940.1253119,66.236
1768493940.227668,67.215
1768493940.3298988,68.823
1768493940.432308,66.824
1768493940.534732,63.34
1768493940.6439047,65.885
1768493940.7461655,66.767
1768493940.848484,68.389
1768493940.9507778,66.824
1768493941.0530248,72.943
1768493941.1552784,68.347
1768493941.2582123,66.726
1768493941.360522,65.943
1768493941.4630866,65.926
1768493941.5655065,67.117
1768493941.6682718,67.354
1768493941.7722118,68.194
1768493941.8781617,64.71
1768493941.9812565,63.378
1768493942.0836031,67.174
1768493942.186102,67.06
1768493942.288499,68.934
1768493942.390882,69.618
1768493942.4932234,71.476
1768493942.595602,68.641
1768493942.6978137,67.858
1768493942.7999978,66.277
1768493942.9022477,60.635
1768493943.0123544,66.921
1768493943.114725,66.334
1768493943.2169816,69.368
1768493943.3192132,63.476
1768493943.4215062,66.53
1768493943.5238159,66.767
1768493943.6260638,70.738
1768493943.7284732,68.585
1768493943.8308094,71.521
1768493943.9332044,68.291
1768493944.0358484,68.487
1768493944.1451907,65.24
1768493944.2498405,68.194
1768493944.3520231,66.824
1768493944.4543095,69.618
1768493944.5565648,65.396
1768493944.6588566,67.452
1768493944.7609634,66.963
1768493944.8630548,71.031
1768493944.965323,66.921
1768493945.067682,66.978
1768493945.1738071,69.325
1768493945.27629,67.9
1768493945.3795223,66.669
1768493945.4818847,63.34
1768493945.5840654,65.69
1768493945.6862879,67.704
1768493945.7884712,66.669
1768493945.8910785,69.368
1768493945.9935963,64.417
1768493946.0958478,68.585
1768493946.1980217,64.515
1768493946.3002234,67.215
1768493946.4023905,68.683
1768493946.5047472,72.703
1768493946.607084,67.76
1768493946.713298,68.138
1768493946.8156095,65.298
1768493946.9179282,61.577
1768493947.0200887,66.726
1768493947.1224473,66.081
1768493947.2247941,70.249
1768493947.3270354,65.258
1768493947.4294322,67.411
1768493947.5318148,67.55
1768493947.6341138,67.76
1768493947.7370055,69.032
1768493947.8393059,67.956
1768493947.9416037,71.77
1768493948.0439615,68.291
1768493948.1493454,68.725
1768493948.2520611,65.24
1768493948.355413,65.338
1768493948.4582236,67.313
1768493948.5605178,68.249
1768493948.6629827,67.9
1768493948.7652988,63.319
1768493948.8676124,68.152
1768493948.970012,68.389
1768493949.0723107,71.912
1768493949.1746352,65.551
1768493949.2853394,73.139
1768493949.387757,67.509
1768493949.4899647,67.998
1768493949.5923693,65.632
1768493949.6948233,63.535
1768493949.797043,67.215
1768493949.8992233,68.781
1768493950.0014682,69.466
1768493950.1037173,63.868
1768493950.2060883,67.55
1768493950.3150756,71.031
1768493950.4201474,67.802
1768493950.522335,69.227
1768493950.6246786,69.661
1768493950.727033,67.019
1768493950.8293762,67.158
1768493950.9316394,62.142
1768493951.034009,66.53
1768493951.136428,66.53
1768493951.2387974,67.802
1768493951.3410828,67.158
1768493951.4471025,64.103
1768493951.552012,69.564
1768493951.6541994,66.334
1768493951.7564902,69.032
1768493951.8590722,66.767
1768493951.961367,70.64
1768493952.0636432,67.704
1768493952.1659145,68.683
1768493952.2682521,63.613
1768493952.370518,66.53
1768493952.472855,67.606
1768493952.5822952,67.509
1768493952.6845832,67.158
1768493952.7868476,64.162
1768493952.8893328,65.436
1768493952.9917006,67.494
1768493953.0940845,68.291
1768493953.1971824,70.01
1768493953.299603,71.139
1768493953.4018562,68.291
1768493953.504115,67.55
1768493953.606549,63.28
1768493953.7158875,64.71
1768493953.818214,66.921
1768493953.920505,66.473
1768493954.0229504,69.368
1768493954.1253068,65.494
1768493954.2274692,67.648
1768493954.3298032,64.475
1768493954.43214,67.313
1768493954.534599,69.227
1768493954.6370077,67.369
1768493954.7393837,69.564
1768493954.8416543,66.865
1768493954.9439511,67.648
1768493955.0526717,63.378
1768493955.1550145,67.802
1768493955.2572062,68.194
1768493955.3594754,67.509
1768493955.461874,68.976
1768493955.5641348,65.102
1768493955.6663048,68.138
1768493955.7685187,67.313
1768493955.8708105,69.172
1768493955.972977,65.102
1768493956.0752547,61.223
1768493956.1774745,68.04
1768493956.279797,68.249
1768493956.3871496,68.487
1768493956.4932013,72.454
1768493956.5955193,67.956
1768493956.697812,68.781
1768493956.8000078,64.554
1768493956.9022775,67.06
1768493957.0044687,67.117
1768493957.1067057,68.389
1768493957.2089002,63.574
1768493957.3111098,66.808
1768493957.4173768,66.767
1768493957.5226963,69.564
1768493957.6249597,65.413
1768493957.727206,69.618
1768493957.8295894,69.521
1768493957.931851,65.592
1768493958.034373,63.731
1768493958.136781,64.71
1768493958.2391298,66.921
1768493958.3413637,67.215
1768493958.4437125,69.27
1768493958.5460172,61.615
1768493958.6581655,66.514
1768493958.7605116,67.886
1768493958.8637297,69.27
1768493958.9659426,67.76
1768493959.0682924,68.738
1768493959.1704915,69.618
1768493959.2728608,67.509
1768493959.3751097,66.53
1768493959.4772365,65.632
1768493959.5837052,65.943
1768493959.6858404,67.313
1768493959.7879887,67.998
1768493959.8903272,67.411
1768493959.9927075,64.417
1768493960.0951133,67.354
1768493960.1973646,70.444
1768493960.2995865,71.672
1768493960.401945,66.726
1768493960.504318,68.921
1768493960.6066008,67.606
1768493960.7088506,68.236
1768493960.8110256,62.142
1768493960.913345,66.726
1768493961.0224748,67.606
1768493961.1247404,68.04
1768493961.2268598,67.956
1768493961.329236,63.123
1768493961.4314296,65.454
1768493961.5339267,68.627
1768493961.6361856,67.509
1768493961.7385118,65.551
1768493961.8407547,70.401
1768493961.9430912,69.227
1768493962.0454316,63.751
1768493962.1557345,64.946
1768493962.2579699,66.432
1768493962.3603075,68.585
1768493962.462761,67.9
1768493962.5649068,62.692
1768493962.6671247,66.334
1768493962.7693677,68.082
1768493962.8715334,67.215
1768493962.973786,66.391
1768493963.076173,68.096
1768493963.17862,70.499
1768493963.2877624,67.704
1768493963.3906236,65.454
1768493963.4928546,62.986
1768493963.595176,66.53
1768493963.6974096,67.019
1768493963.7998292,67.313
1768493963.9022253,68.487
1768493964.0045905,62.927
1768493964.1069605,66.122
1768493964.2093828,68.152
1768493964.3116002,68.934
1768493964.4138913,65.943
1768493964.525607,69.368
1768493964.6278443,68.976
1768493964.7300296,67.998
1768493964.8322117,64.123
1768493964.9344833,65.592
1768493965.0367243,66.669
1768493965.1390753,68.291
1768493965.2412953,68.487
1768493965.3437028,64.75
1768493965.446095,66.628
1768493965.548389,67.313
1768493965.6577077,67.606
1768493965.7607534,68.333
1768493965.8631074,69.368
1768493965.96544,70.151
1768493966.0678647,68.138
1768493966.1701286,65.356
1768493966.2723954,62.224
1768493966.3746054,66.669
1768493966.4769912,68.096
1768493966.5791326,68.585
1768493966.681369,67.117
1768493966.7842495,63.28
1768493966.8939507,68.781
1768493966.9962132,67.746
1768493967.0984125,69.521
1768493967.2007449,67.565
1768493967.3030627,68.738
1768493967.4052665,69.032
1768493967.5075529,67.354
1768493967.6099334,64.573
1768493967.7131503,65.494
1768493967.8153083,68.836
1768493967.9213483,66.767
1768493968.0237556,66.375
1768493968.1259828,65.885
1768493968.2285712,66.122
1768493968.3308449,68.976
1768493968.4331055,68.934
1768493968.5353868,69.117
1768493968.6376238,68.291
1768493968.740004,70.64
1768493968.8422587,65.298
1768493968.9448743,64.692
1768493969.0471196,65.298
1768493969.1494787,68.683
1768493969.259291,66.865
1768493969.3617043,66.432
1768493969.4639654,65.396
1768493969.5662177,65.983
1768493969.668488,69.716
1768493969.7708545,67.117
1768493969.87324,67.509
1768493969.975467,69.423
1768493970.0777488,70.553
1768493970.180067,67.452
1768493970.2823212,64.866
1768493970.3851812,65.592
1768493970.4904199,66.571
1768493970.5972624,67.9
1768493970.6996262,67.117
1768493970.8019576,64.554
1768493970.9043128,67.55
1768493971.0066996,67.509
1768493971.108985,68.487
1768493971.211339,69.564
1768493971.3135183,68.781
1768493971.4159117,68.641
1768493971.5217984,66.334
1768493971.6241164,65.551
1768493971.7283678,65.24
1768493971.8307188,66.179
1768493971.9328527,67.802
1768493972.0352068,67.802
1768493972.1374438,66.669
1768493972.2397661,66.081
1768493972.3420646,67.354
1768493972.4444718,68.683
1768493972.5468655,67.704
1768493972.649213,66.236
1768493972.7589505,69.661
1768493972.861742,70.401
1768493972.9641154,67.648
1768493973.0664918,64.084
1768493973.1688735,65.356
1768493973.2711885,65.788
1768493973.373542,68.431
1768493973.477191,67.648
1768493973.5793664,65.885
1768493973.6814437,65.983
1768493973.7836974,69.521
1768493973.892236,68.738
1768493973.9943643,68.641
1768493974.0965927,68.823
1768493974.1988695,69.129
1768493974.301147,65.592
1768493974.4034078,63.79
1768493974.5058331,64.906
1768493974.6080804,64.71
1768493974.7103865,68.291
1768493974.8127754,69.716
1768493974.9151118,65.102
1768493975.0174913,64.848
1768493975.119611,65.298
1768493975.2218037,70.346
1768493975.3302255,66.824
1768493975.4327106,68.585
1768493975.5349777,68.836
1768493975.637264,68.976
1768493975.7394445,66.514
1768493975.8418972,63.262
1768493975.944164,66.921
1768493976.046305,66.53
1768493976.1487665,68.585
1768493976.2510297,65.102
1768493976.3532093,63.574
1768493976.4561617,67.648
1768493976.566168,69.074
1768493976.6689227,67.9
1768493976.7711143,69.606
1768493976.873483,68.879
1768493976.9757564,69.955
1768493977.0779495,66.236
1768493977.180348,65.142
1768493977.282523,66.375
1768493977.3848653,67.313
1768493977.4871962,67.606
1768493977.596019,69.172
1768493977.6984344,63.966
1768493977.8007512,67.256
1768493977.9031088,67.9
1768493978.0053668,69.564
1768493978.1077304,68.431
1768493978.210229,68.291
1768493978.3127568,69.368
1768493978.415192,68.389
1768493978.5173726,66.318
1768493978.6201966,65.258
1768493978.726547,65.788
1768493978.8287246,68.585
1768493978.9321876,68.487
1768493979.0344286,65.592
1768493979.1368017,68.096
1768493979.2390704,66.571
1768493979.3414278,67.606
1768493979.4440553,67.998
1768493979.546406,68.305
1768493979.6487846,70.444
1768493979.7510011,66.571
1768493979.8532093,66.22
1768493979.955433,65.649
1768493980.0651016,67.313
1768493980.1676216,66.921
1768493980.2700617,68.194
1768493980.3723264,63.829
1768493980.4746153,66.824
1768493980.57686,67.411
1768493980.6790771,68.194
1768493980.7813187,69.955
1768493980.8834941,69.032
1768493980.9858131,69.368
1768493981.0881426,67.663
1768493981.1967528,65.885
1768493981.299156,61.811
1768493981.401421,67.06
1768493981.5036883,67.06
1768493981.6060634,68.249
1768493981.7082696,65.69
1768493981.8106596,67.117
1768493981.9133263,64.946
1768493982.0158591,69.814
1768493982.1181262,67.313
1768493982.2205048,69.411
1768493982.3227382,68.879
1768493982.4314783,68.585
1768493982.5338688,65.69
1768493982.6360657,61.517
1768493982.7383978,67.998
1768493982.840739,66.865
1768493982.943224,69.618
1768493983.045636,67.452
1768493983.1481404,64.71
1768493983.2505271,65.649
1768493983.352881,67.746
1768493983.4552753,68.152
1768493983.5650997,69.857
1768493983.6674674,67.9
1768493983.7699122,69.466
1768493983.8720973,69.074
1768493983.9747908,61.871
1768493984.0769773,65.983
1768493984.1792135,65.338
1768493984.2814696,69.857
1768493984.383809,64.75
1768493984.4860492,64.946
1768493984.5943666,66.473
1768493984.6967728,67.802
1768493984.7989488,67.704
1768493984.901178,69.618
1768493985.0035477,69.074
1768493985.1063592,66.179
1768493985.2086089,65.24
1768493985.3112082,66.473
1768493985.41342,65.2
1768493985.5155566,68.879
1768493985.6177301,67.158
1768493985.7199128,63.476
1768493985.8233862,64.064
1768493985.9301643,67.802
1768493986.0323625,68.823
1768493986.1347933,70.836
1768493986.237055,68.641
1768493986.3395195,68.347
1768493986.4418445,66.571
1768493986.5441492,62.164
1768493986.6466975,66.726
1768493986.7492187,66.277
1768493986.8517191,68.389
1768493986.956038,64.75
1768493987.0625045,64.612
1768493987.1653416,67.55
1768493987.267661,67.998
1768493987.370912,68.836
1768493987.4731708,67.215
1768493987.5758595,69.227
1768493987.678151,69.521
1768493987.7816055,66.824
1768493987.8905833,62.322
1768493987.9932237,66.726
1768493988.0955675,66.277
1768493988.1978405,68.194
1768493988.300091,67.117
1768493988.402361,65.2
1768493988.504762,65.004
1768493988.6071267,64.573
1768493988.7094128,69.521
1768493988.8119714,65.747
1768493988.9222302,69.129
1768493989.0244772,68.291
1768493989.1266909,66.432
1768493989.229028,63.574
1768493989.3314726,65.2
1768493989.433682,66.179
1768493989.5358372,67.313
1768493989.6381211,69.564
1768493989.7404847,63.378
1768493989.8428273,67.704
1768493989.9451354,67.606
1768493990.0475192,68.347
1768493990.155647,67.271
1768493990.2579262,69.912
1768493990.3605163,69.606
1768493990.4627812,66.236
1768493990.5655565,65.828
1768493990.6678367,67.411
1768493990.7699306,65.943
1768493990.8720407,68.585
1768493990.9742181,69.618
1768493991.076362,65.436
1768493991.1785467,69.716
1768493991.2807314,64.808
1768493991.389738,70.205
1768493991.4918962,69.423
1768493991.5941756,69.857
1768493991.6964827,67.9
1768493991.7989857,67.76
1768493991.9014058,66.122
1768493992.003674,64.025
1768493992.1060855,66.824
1768493992.2085004,67.411
1768493992.3107681,69.466
1768493992.4130857,66.139
1768493992.5155575,64.848
1768493992.6251056,66.334
1768493992.727441,68.236
1768493992.8304756,69.508
1768493992.9328358,66.473
1768493993.0351636,70.053
1768493993.137468,68.291
1768493993.2400317,66.375
1768493993.3423426,63.692
1768493993.4445744,65.592
1768493993.5470848,66.628
1768493993.6557126,68.487
1768493993.7580843,69.074
1768493993.860466,63.927
1768493993.9628363,67.019
1768493994.065285,67.452
1768493994.1675768,69.227
1768493994.2700994,67.467
1768493994.3724105,70.988
1768493994.4747136,67.9
1768493994.5768905,67.998
1768493994.6791646,66.375
1768493994.7880754,63.28
1768493994.8907003,67.606
1768493994.9928293,66.236
1768493995.0949538,69.618
1768493995.1973064,66.53
1768493995.2996562,63.476
1768493995.4019883,66.628
1768493995.5043125,67.117
1768493995.6066027,68.781
1768493995.7088256,68.096
1768493995.8110952,71.432
1768493995.9134789,68.627
1768493996.023481,64.554
1768493996.1272953,66.22
1768493996.229468,64.456
1768493996.3316164,68.096
1768493996.4339566,66.236
1768493996.5360792,63.34
1768493996.6381664,67.606
1768493996.7403445,66.921
1768493996.8426085,68.683
1768493996.944858,68.096
1768493997.0538933,71.574
1768493997.1568608,69.019
1768493997.2591624,68.781
1768493997.3615038,62.458
1768493997.4642162,65.2
1768493997.566736,67.06
1768493997.669191,68.194
1768493997.7715178,69.172
1768493997.8737402,63.672
1768493997.976161,68.194
1768493998.0802517,67.452
1768493998.182541,69.172
1768493998.288041,66.334
1768493998.3902311,70.64
1768493998.4927778,66.22
1768493998.5950243,70.586
1768493998.6971946,68.794
1768493998.7993557,66.865
1768493998.902025,70.107
1768493999.0042603,68.585
1768493999.1064763,67.019
1768493999.2086816,66.457
1768493999.3108788,65.885
1768493999.4132504,66.921
1768493999.51682,66.824
1768493999.6192012,69.074
1768493999.7247038,64.808
1768493999.8269558,66.473
1768493999.9293025,66.081
1768494000.0316424,68.823
1768494000.1339064,68.347
1768494000.2361808,71.173
1768494000.3384793,69.912
1768494000.4407666,68.683
1768494000.5430663,66.375
1768494000.6452868,65.338
1768494000.747507,67.313
1768494000.8508842,67.998
1768494000.9571273,69.661
1768494001.0593493,63.144
1768494001.1617115,67.9
1768494001.264092,64.906
1768494001.36655,68.781
1768494001.4689107,68.333
1768494001.571563,71.139
1768494001.6739674,69.117
1768494001.7762518,67.76
1768494001.878747,66.612
1768494001.980993,63.242
1768494002.0831645,67.019
1768494002.1894648,67.313
1768494002.293952,67.369
1768494002.397053,64.652
1768494002.4991753,68.138
1768494002.6013281,67.354
1768494002.7034829,67.998
1768494002.8056896,69.129
1768494002.9079108,71.085
1768494003.0100977,68.879
1768494003.112309,69.368
1768494003.2146509,65.885
1768494003.316838,64.692
1768494003.4230592,66.921
1768494003.5283175,67.704
1768494003.6306016,68.585
1768494003.7329283,65.649
1768494003.8351362,68.487
1768494003.9373643,66.081
1768494004.0396397,69.661
1768494004.1418428,68.836
1768494004.244162,68.543
1768494004.3464036,69.759
1768494004.4488425,67.509
1768494004.551298,67.509
1768494004.6602433,63.437
1768494004.7638526,66.236
1768494004.866153,67.704
1768494004.9693055,65.396
1768494005.071792,69.716
1768494005.1742682,64.652
1768494005.2765374,68.836
1768494005.3788328,65.298
1768494005.4813788,71.031
1768494005.5836098,68.291
1768494005.6903112,70.846
1768494005.7926288,69.27
1768494005.8956482,68.194
1768494005.997981,65.511
1768494006.1003451,61.871
1768494006.2025776,67.158
1768494006.3049018,66.865
1768494006.4072368,69.129
1768494006.5097558,66.139
1768494006.612023,62.986
1768494006.7145977,64.221
1768494006.8170135,69.032
1768494006.9195402,67.704
1768494007.030354,66.587
1768494007.132607,70.401
1768494007.2351816,67.606
1768494007.3375595,68.585
1768494007.4401639,65.983
1768494007.5423906,67.019
1768494007.645056,65.494
1768494007.7473838,68.781
1768494007.849898,67.411
1768494007.9521744,65.044
1768494008.0547333,66.236
1768494008.1635969,68.096
1768494008.268596,66.824
1768494008.3709762,70.357
1768494008.4733298,67.704
1768494008.5755265,67.411
1768494008.6778483,67.004
1768494008.7804174,64.456
1768494008.8827612,67.411
1768494008.9850483,66.767
1768494009.0872412,69.521
1768494009.1894271,63.731
1768494009.2957487,69.129
1768494009.4006956,67.55
1768494009.5030677,69.019
1768494009.6052704,68.096
1768494009.7074792,66.334
1768494009.809707,70.162
1768494009.9121459,68.096
1768494010.0145977,67.467
1768494010.1168697,64.358
1768494010.2191896,65.24
1768494010.3214,67.117
1768494010.423665,66.921
1768494010.526009,69.423
1768494010.628468,64.064
1768494010.7308614,67.019
1768494010.8425608,67.076
1768494010.9448478,70.694
1768494011.0471017,67.509
1768494011.1493232,69.368
1768494011.2515945,69.27
1768494011.3539135,67.606
1768494011.4562624,64.866
1768494011.5586824,60.341
1768494011.661074,67.019
1768494011.763396,67.704
1768494011.8672383,68.976
1768494011.973384,63.378
1768494012.075712,68.934
1768494012.1779072,67.606
1768494012.2801752,69.661
1768494012.3824337,69.618
1768494012.484938,66.669
1768494012.5873485,71.823
1768494012.689623,67.704
1768494012.791898,66.473
1768494012.894236,62.126
1768494012.9964678,66.432
1768494013.0988104,67.606
1768494013.2041497,69.074
1768494013.3096526,68.096
1768494013.411836,64.26
1768494013.514174,65.885
1768494013.6164777,66.824
1768494013.7188804,71.129
1768494013.8211877,65.551
1768494013.92347,71.379
1768494014.0258963,71.912
1768494014.1282194,68.389
1768494014.2306607,66.041
1768494014.3330545,65.084
1768494014.4352655,67.313
1768494014.5439253,67.411
1768494014.6496437,65.845
1768494014.7519677,65.828
1768494014.8541496,67.06
1768494014.956368,67.998
1768494015.0586493,67.509
1768494015.1610205,67.704
1768494015.2633185,72.401
1768494015.365747,67.998
1768494015.4682868,68.236
1768494015.5766346,67.256
1768494015.6798549,64.496
1768494015.782402,66.963
1768494015.8848252,65.551
1768494015.9875934,69.857
1768494016.0899475,64.456
1768494016.1922998,69.129
1768494016.294527,64.866
1768494016.396759,68.976
1768494016.499044,69.172
1768494016.6012473,71.139
1768494016.703499,67.984
1768494016.8058884,66.782
1768494016.915197,66.041
1768494017.0174854,64.26
1768494017.1198416,67.019
1768494017.2221584,66.375
1768494017.3245678,69.716
1768494017.4269724,65.747
1768494017.5292218,67.509
1768494017.6316636,65.004
1768494017.7338734,68.347
1768494017.8362467,69.508
1768494017.9386303,67.802
1768494018.0409412,72.507
1768494018.150094,68.236
1768494018.2523313,66.963
1768494018.3544667,63.105
1768494018.4566483,63.731
1768494018.5588925,67.606
1768494018.6610959,65.494
1768494018.7635362,68.683
1768494018.8659394,63.242
1768494018.9683635,67.55
1768494019.0706027,64.848
1768494019.1730757,68.683
1768494019.2753854,66.726
1768494019.3777368,72.116
1768494019.488109,68.683
1768494019.5904713,67.802
1768494019.692718,68.236
1768494019.7950308,64.201
1768494019.8972692,67.452
1768494019.9995317,65.983
1768494020.1018734,69.27
1768494020.2040987,67.452
1768494020.3064227,64.064
1768494020.4086719,67.117
1768494020.5110044,68.236
1768494020.6132815,68.641
1768494020.7218132,71.912
1768494020.8274112,67.467
1768494020.9296942,67.313
1768494021.0322132,67.55
1768494021.1346228,64.005
1768494021.236943,66.963
1768494021.3391588,67.606
1768494021.4413714,68.096
1768494021.5435102,63.182
1768494021.6500838,67.76
1768494021.7546082,67.354
1768494021.8567445,68.347
1768494021.9591277,68.347
1768494022.0613048,68.934
1768494022.1635582,69.325
1768494022.2659662,67.9
1768494022.368338,67.648
1768494022.4707386,63.417
1768494022.573,67.704
1768494022.6752484,67.606
1768494022.7781117,69.172
1768494022.88038,64.808
1768494022.9826598,65.084
1768494023.0919263,67.606
1768494023.1941745,66.489
1768494023.2964916,67.704
1768494023.398693,67.9
1768494023.5009646,69.661
1768494023.6030998,67.509
1768494023.70522,66.628
1768494023.8076105,66.53
1768494023.909783,65.182
1768494024.0120955,67.313
1768494024.114365,67.215
1768494024.216629,69.814
1768494024.3189638,67.802
1768494024.4212892,62.888
1768494024.530258,67.354
1768494024.6324914,69.998
1768494024.7347074,69.759
1768494024.8369572,69.716
1768494024.9391356,69.564
1768494025.0414414,68.194
1768494025.1436284,68.04
1768494025.2459233,65.004
1768494025.348178,66.081
1768494025.4504197,68.333
1768494025.5526683,67.509
1768494025.655013,66.571
1768494025.7634335,64.906
1768494025.8658748,66.571
1768494025.9680448,68.641
1768494026.0702822,67.509
1768494026.1725993,69.857
1768494026.274904,69.966
1768494026.3772974,67.9
1768494026.479656,67.256
1768494026.5819685,65.966
1768494026.684172,66.767
1768494026.7865112,67.9
1768494026.888759,66.571
1768494026.9909432,64.221
1768494027.0941157,66.416
1768494027.199527,69.074
1768494027.3058598,68.641
1768494027.4080842,66.0
1768494027.5107038,67.411
1768494027.613025,69.912
1768494027.7156413,67.354
1768494027.8179164,63.34
1768494027.9206896,65.632
1768494028.0229237,66.375
1768494028.1296377,68.096
1768494028.234231,66.921
1768494028.3366125,63.613
1768494028.4389224,67.648
1768494028.5412219,67.509
1768494028.643618,68.641
1768494028.7459264,69.325
1768494028.84818,68.096
1768494028.9503531,69.564
1768494029.0525365,67.55
1768494029.154832,67.2
1768494029.264048,65.338
1768494029.3663251,65.983
1768494029.468561,67.998
1768494029.5708048,66.824
1768494029.67321,64.906
1768494029.7753613,67.158
1768494029.8776035,66.824
1768494029.9799592,68.487
1768494030.0824122,69.912
1768494030.1847074,70.194
1768494030.2869647,69.172
1768494030.3891933,66.963
1768494030.4982464,68.138
1768494030.6011803,61.811
1768494030.7035067,66.628
1768494030.805641,67.704
1768494030.9079235,68.487
1768494031.0101087,67.215
1768494031.1125648,62.044
1768494031.2147937,66.669
1768494031.3172078,67.102
1768494031.4196694,69.955
1768494031.5220754,65.413
1768494031.63132,69.032
1768494031.733785,69.074
1768494031.836038,65.69
1768494031.9383743,62.458
1768494032.040797,64.612
1768494032.1431394,66.277
1768494032.2454286,68.249
1768494032.3478835,69.857
1768494032.4500678,65.551
1768494032.553705,67.509
1768494032.659352,69.661
1768494032.7646759,70.64
1768494032.8669522,69.368
1768494032.969144,70.053
1768494033.0714939,66.432
1768494033.1738613,62.948
1768494033.2760525,65.632
1768494033.378293,65.885
1768494033.480803,68.585
1768494033.5831485,68.431
1768494033.685382,66.473
1768494033.7875779,65.102
1768494033.893996,67.606
1768494033.9987695,67.802
1768494034.1010506,67.509
1768494034.2033312,69.074
1768494034.3056855,71.085
1768494034.4080565,66.921
1768494034.5109277,66.963
1768494034.6134658,62.692
1768494034.7157836,67.704
1768494034.8182054,66.824
1768494034.9208887,67.858
1768494035.0300603,67.215
1768494035.132939,63.242
1768494035.2352512,65.396
1768494035.33747,68.096
1768494035.4397738,69.019
1768494035.5420523,68.278
1768494035.6443262,69.074
1768494035.7465703,69.129
1768494035.8487267,66.628
1768494035.9510016,63.242
1768494036.0532188,65.885
1768494036.1627972,67.158
1768494036.2652001,68.487
1768494036.367367,68.04
1768494036.4698727,66.179
1768494036.5722406,67.55
1768494036.6744983,67.606
1768494036.7767937,69.368
1768494036.8791711,70.107
1768494036.9814308,66.489
1768494037.083689,68.291
1768494037.1860323,69.759
1768494037.2957616,66.375
1768494037.3982992,63.731
1768494037.5006886,65.298
1768494037.603162,67.509
1768494037.7054052,68.389
1768494037.807633,67.354
1768494037.9099035,66.318
1768494038.013803,68.571
1768494038.1159256,66.921
1768494038.222347,69.411
1768494038.324739,70.053
1768494038.427614,70.249
1768494038.5299208,66.473
1768494038.6323245,61.871
1768494038.7346597,65.788
1768494038.837031,67.704
1768494038.93938,67.313
1768494039.0417316,65.396
1768494039.1439402,65.69
1768494039.2463238,65.298
1768494039.3485208,69.129
1768494039.4543927,71.031
1768494039.5567093,67.998
1768494039.6588562,68.445
1768494039.7609894,70.151
1768494039.8632643,65.943
1768494039.9659574,64.964
1768494040.0682414,65.885
1768494040.17055,67.606
1768494040.2729912,68.194
1768494040.3758404,66.726
1768494040.4781299,62.594
1768494040.5804012,65.885
1768494040.6826832,67.802
1768494040.7862577,70.346
1768494040.8892329,66.782
1768494040.9941573,67.858
1768494041.0963595,69.368
1768494041.198757,69.27
1768494041.3009617,70.542
1768494041.4032865,66.824
1768494041.5054843,69.172
1768494041.6077971,70.107
1768494041.7100961,66.628
1768494041.8122914,65.062
1768494041.9145024,66.122
1768494042.0167828,67.704
1768494042.1254756,69.032
1768494042.2282066,67.509
1768494042.3304796,63.868
1768494042.4327219,65.983
1768494042.5351813,67.215
1768494042.6374195,68.781
1768494042.7397509,68.04
1768494042.8421516,69.227
1768494042.9445071,68.152
1768494043.046901,66.277
1768494043.14923,63.105
1768494043.255201,66.767
1768494043.3601136,66.53
1768494043.4622617,69.423
1768494043.5646071,66.963
1768494043.6670034,64.064
1768494043.769353,67.411
1768494043.8716767,69.172
1768494043.9748833,67.174
1768494044.0770607,68.012
1768494044.1794004,68.641
1768494044.2817268,66.628
1768494044.3904984,65.494
1768494044.4930608,64.612
1768494044.59538,65.102
1768494044.6976576,67.704
1768494044.7999458,67.704
1768494044.902291,66.921
1768494045.004609,66.669
1768494045.1069264,67.174
1768494045.209236,67.117
1768494045.3116124,68.879
1768494045.4138734,69.857
1768494045.5201445,68.543
1768494045.6224036,69.466
1768494045.7260375,65.983
1768494045.8283327,66.514
1768494045.9306493,66.081
1768494046.0334713,67.704
1768494046.135863,67.019
1768494046.2381983,64.808
1768494046.3405387,67.256
1768494046.4428933,66.139
1768494046.5452027,68.725
1768494046.6475635,68.823
1768494046.753474,67.942
1768494046.8558435,67.509
1768494046.9591568,69.564
1768494047.0613372,67.452
1768494047.1636102,61.931
1768494047.2658622,67.509
1768494047.3680882,66.277
1768494047.470447,69.759
1768494047.572937,68.194
1768494047.6753633,65.044
1768494047.777611,63.927
1768494047.8799703,67.06
1768494047.9901307,68.487
1768494048.092445,71.075
1768494048.1951675,69.716
1768494048.297333,68.389
1768494048.3998253,66.921
1768494048.5020816,67.396
1768494048.6048572,66.53
1768494048.7070882,65.298
1768494048.8096392,67.55
1768494048.9192257,67.9
1768494049.0214012,65.436
1768494049.123675,65.592
1768494049.2258143,67.158
1768494049.3283155,69.466
1768494049.4313679,68.543
1768494049.5335507,68.333
1768494049.6357558,68.585
1768494049.7380505,64.906
1768494049.8402038,66.473
1768494049.9424798,66.473
1768494050.0516021,68.683
1768494050.1540308,68.781
1768494050.2562356,65.788
1768494050.3584397,67.55
1768494050.4607327,66.767
1768494050.563013,67.704
1768494050.6652465,67.509
1768494050.7674387,66.669
1768494050.869742,69.618
1768494050.9720848,68.389
1768494051.0743327,66.71
1768494051.176776,66.473
1768494051.2867117,67.802
1768494051.3890517,65.004
1768494051.4918487,67.9
1768494051.5941596,66.571
1768494051.696396,66.865
1768494051.7988229,65.396
1768494051.9010222,68.585
1768494052.0032074,68.389
1768494052.1054752,69.313
1768494052.2076216,69.661
1768494052.3165584,68.389
1768494052.4190226,65.788
1768494052.5212796,63.046
1768494052.6235442,66.571
1768494052.7258673,66.277
1768494052.8281648,68.389
1768494052.930404,67.858
1768494053.0327508,65.044
1768494053.1350293,67.509
1768494053.2373388,66.571
1768494053.339576,69.618
1768494053.4418218,68.096
1768494053.5515509,68.054
1768494053.6537955,69.325
1768494053.7560732,66.334
1768494053.858448,66.122
1768494053.9607131,64.515
1768494054.0629632,65.396
1768494054.1652822,67.509
1768494054.2674434,68.236
1768494054.3697398,65.885
1768494054.4720042,67.411
1768494054.574256,66.334
1768494054.6765149,68.249
1768494054.7846262,68.249
1768494054.8877928,69.912
1768494054.9901083,68.347
1768494055.0923655,68.879
1768494055.1947718,66.122
1768494055.2970562,66.473
1768494055.3991253,66.179
1768494055.5011914,69.227
1768494055.6033185,66.726
1768494055.705515,64.71
1768494055.8075953,64.064
1768494055.909721,67.998
1768494056.011791,69.521
1768494056.1179738,68.836
1768494056.2228029,70.934
1768494056.3250737,67.858
1768494056.42721,68.683
1768494056.5293937,65.142
1768494056.631695,64.946
1768494056.7340457,66.277
1768494056.8363934,68.04
1768494056.9386778,68.389
1768494057.0409803,64.123
1768494057.1431541,68.487
1768494057.245589,66.277
1768494057.3526888,69.032
1768494057.4569044,67.313
1768494057.561013,69.998
1768494057.6631439,67.704
1768494057.7653544,69.564
1768494057.867535,63.731
1768494057.9698336,65.24
1768494058.0720415,65.943
1768494058.1743562,67.844
1768494058.276743,69.27
1768494058.3789396,63.868
1768494058.4873161,68.291
1768494058.5896344,64.515
1768494058.691926,69.814
1768494058.7942579,70.053
1768494058.89657,71.716
1768494058.9988945,68.487
1768494059.10118,69.172
1768494059.203499,64.964
1768494059.3056839,62.496
1768494059.407917,67.509
1768494059.5101876,66.571
1768494059.6124423,68.738
1768494059.7158313,65.69
1768494059.8215742,66.669
1768494059.923811,65.338
1768494060.0260048,69.27
1768494060.1283455,68.445
1768494060.2306063,68.543
1768494060.3329744,69.423
1768494060.4353275,69.759
1768494060.5375793,67.509
1768494060.639903,66.571
1768494060.7421942,66.375
1768494060.8443491,67.606
1768494060.946594,67.354
1768494061.056154,67.55
1768494061.1583269,65.396
1768494061.2616737,68.781
1768494061.3639524,68.641
1768494061.4662821,67.663
1768494061.5684664,70.401
1768494061.670723,67.215
1768494061.7728508,67.411
1768494061.8751338,65.084
1768494061.9775443,65.649
1768494062.086131,67.55
1768494062.1885056,67.663
1768494062.2908695,69.814
1768494062.393332,64.456
1768494062.495651,68.347
1768494062.597887,66.139
1768494062.70024,70.542
1768494062.8024414,68.725
1768494062.9048185,71.921
1768494063.0075312,68.585
1768494063.1137247,68.487
1768494063.2201836,64.964
1768494063.3224914,63.319
1768494063.4247055,67.998
1768494063.5269694,66.318
1768494063.6293278,68.389
1768494063.731642,66.081
1768494063.8340352,67.215
1768494063.9363394,64.515
1768494064.0406833,71.281
1768494064.1486764,68.487
1768494064.2510765,70.205
1768494064.3533473,68.194
1768494064.4556634,69.27
1768494064.5579126,67.411
1768494064.6601875,65.828
1768494064.7624729,67.9
1768494064.8647504,65.592
1768494064.9670122,69.661
1768494065.0692232,65.788
1768494065.1782198,64.848
1768494065.2814736,64.221
1768494065.383679,67.509
1768494065.4859586,68.236
1768494065.588272,69.117
1768494065.690604,69.564
1768494065.792952,68.976
1768494065.895318,68.138
1768494065.9975464,64.946
1768494066.0998826,67.704
1768494066.2022076,65.494
1768494066.311204,67.509
1768494066.4156532,62.654
1768494066.5178041,67.158
1768494066.6199427,68.04
1768494066.7223642,70.694
1768494066.8247604,66.824
1768494066.9268906,71.085
1768494067.0291736,69.325
1768494067.1315444,68.879
1768494067.2337945,64.769
1768494067.3360107,63.907
1768494067.4424727,66.824
1768494067.5481277,67.9
1768494067.6508136,68.738
1768494067.7532926,63.515
1768494067.855841,68.194
1768494067.9580622,66.824
1768494068.0603144,70.738
1768494068.162562,67.509
1768494068.2654083,68.683
1768494068.3677413,69.172
1768494068.478082,67.55
1768494068.5802166,66.824
1768494068.6825664,60.892
1768494068.7849798,66.473
1768494068.8874226,67.9
1768494068.9898317,70.249
1768494069.092086,66.139
1768494069.194385,65.142
1768494069.2967432,65.044
1768494069.399093,69.032
1768494069.5089698,67.313
1768494069.611312,71.129
1768494069.713707,68.879
1768494069.8160198,68.194
1768494069.918321,66.978
1768494070.0205853,65.004
1768494070.1228442,68.291
1768494070.2250714,65.885
1768494070.3273215,68.879
1768494070.4296947,67.956
1768494070.5321057,63.046
1768494070.6375418,70.053
1768494070.7427123,66.669
1768494070.8450596,69.423
1768494070.9474409,68.823
1768494071.0498796,71.423
1768494071.1523263,67.956
1768494071.2546513,68.683
1768494071.3570006,64.769
1768494071.4592721,66.22
1768494071.561684,67.019
1768494071.6639009,67.998
1768494071.7738314,62.986
1768494071.8760312,67.984
1768494071.978273,67.256
1768494072.0803988,67.663
1768494072.1826527,66.628
1768494072.2849617,70.988
1768494072.3871458,67.956
1768494072.4894028,68.347
1768494072.591715,62.654
1768494072.6940129,64.319
1768494072.7962515,66.669
1768494072.8985298,66.571
1768494073.0086603,70.01
1768494073.11093,63.77
1768494073.2133598,68.934
1768494073.3156211,67.354
1768494073.4179828,70.792
1768494073.5204365,68.683
1768494073.6227822,69.521
1768494073.7251973,69.227
1768494073.8274112,68.543
1768494073.9298503,67.9
1768494074.0321786,63.711
1768494074.1389403,67.9
1768494074.243485,67.648
1768494074.345854,70.542
1768494074.4481297,66.767
1768494074.5505261,64.417
1768494074.652878,67.06
1768494074.7552817,66.432
1768494074.8576298,69.564
1768494074.9599402,65.454
1768494075.0621493,70.694
1768494075.1644254,67.256
1768494075.2730725,67.942
1768494075.3754444,64.201
1768494075.4777462,67.956
1768494075.579987,67.256
1768494075.6821873,67.369
1768494075.7850757,65.396
1768494075.887292,63.221
1768494075.9896953,67.942
1768494076.0920017,67.704
1768494076.1941893,70.455
1768494076.296647,66.865
1768494076.3988726,71.823
1768494076.5011668,68.389
1768494076.609702,67.354
1768494076.7120678,65.77
1768494076.8143368,65.24
1768494076.9165807,67.117
1768494077.0188413,67.313
1768494077.121028,68.389
1768494077.2233377,65.102
1768494077.3255072,66.024
1768494077.4277916,64.964
1768494077.530142,67.313
1768494077.6326187,67.606
1768494077.734964,71.476
1768494077.8372374,69.019
1768494077.9427505,65.454
1768494078.0516057,61.087
1768494078.1538985,67.9
1768494078.256069,65.592
1768494078.3581924,69.857
1768494078.4603627,63.77
1768494078.5625408,69.857
1768494078.6646426,65.454
1768494078.7667556,70.934
1768494078.8756657,66.88
1768494078.977905,69.368
1768494079.080158,69.955
1768494079.1825323,67.858
1768494079.2849212,66.571
1768494079.3877132,63.007
1768494079.490167,67.606
1768494079.592654,67.06
1768494079.6948555,68.347
1768494079.7976556,68.683
1768494079.8998995,63.417
1768494080.0096502,66.139
1768494080.1119804,66.196
1768494080.2143085,72.063
1768494080.3166935,65.609
1768494080.4190261,71.335
1768494080.5211687,68.194
1768494080.6234863,65.805
1768494080.725894,63.829
1768494080.8279939,64.201
1768494080.9301457,66.921
1768494081.0325434,66.375
1768494081.1409466,69.423
1768494081.2436433,65.2
1768494081.3459313,65.983
1768494081.4481952,65.983
1768494081.5505352,70.303
1768494081.652851,67.509
1768494081.7550871,67.509
1768494081.8573,70.303
1768494081.9595828,68.976
1768494082.0619037,66.277
1768494082.1640694,65.24
1768494082.2663589,66.921
1768494082.3685143,67.019
1768494082.4707491,66.041
1768494082.5767272,69.661
1768494082.6788523,62.082
1768494082.7821476,66.571
1768494082.8842795,66.865
1768494082.9864745,71.085
1768494083.0887184,65.413
1768494083.190987,71.672
1768494083.2932646,68.725
1768494083.3955398,68.236
1768494083.497859,66.081
1768494083.6001797,63.046
1768494083.7024767,67.313
1768494083.8046718,68.291
1768494083.90848,67.998
1768494084.0176885,65.983
1768494084.1223137,67.117
1768494084.224473,67.704
1768494084.326624,66.53
1768494084.4288294,63.084
1768494084.5310864,67.06
1768494084.6332853,68.543
1768494084.735436,68.641
1768494084.8375628,67.663
1768494084.9398355,70.64
1768494085.0478508,68.138
1768494085.1502953,67.452
1768494085.2532415,67.648
1768494085.3556776,63.574
1768494085.4580398,66.921
1768494085.5603383,65.983
1768494085.6628442,69.27
1768494085.7652073,63.182
1768494085.867762,68.138
1768494085.9700117,65.983
1768494086.0723166,71.031
1768494086.1746674,66.824
1768494086.2843468,72.801
1768494086.3865054,68.487
1768494086.489058,68.138
1768494086.5913112,67.158
1768494086.6936944,63.084
1768494086.7960124,67.158
1768494086.898478,66.669
1768494087.0009575,69.661
1768494087.1036637,66.179
1768494087.2058604,66.824
1768494087.3085825,68.738
1768494087.4180064,69.325
1768494087.5218322,71.814
1768494087.6240711,66.767
1768494087.7265065,70.162
1768494087.8288152,69.087
1768494087.9312634,67.704
1768494088.0334215,66.081
1768494088.1357567,62.986
1768494088.2379875,67.019
1768494088.3402808,66.865
1768494088.4495435,68.976
1768494088.5520732,66.824
1768494088.6543462,66.963
1768494088.7566926,66.277
1768494088.8589175,66.587
1768494088.961303,67.998
1768494089.0635266,67.467
1768494089.1659598,70.748
1768494089.268199,68.641
1768494089.3705313,68.333
1768494089.4729955,67.102
1768494089.575223,67.06
1768494089.6878796,66.963
1768494089.7901027,69.618
1768494089.8922071,67.117
1768494089.9945388,66.277
1768494090.0966625,66.277
1768494090.1988192,70.053
1768494090.3011034,69.019
1768494090.4033926,68.934
1768494090.5057309,69.27
1768494090.6091578,67.215
1768494090.7168303,66.236
1768494090.819088,61.931
1768494090.9215248,66.921
1768494091.0238636,67.411
1768494091.1269553,67.117
1768494091.2292159,67.117
1768494091.3316596,66.334
1768494091.4338903,68.291
1768494091.5362694,69.521
1768494091.638607,69.716
1768494091.7408931,67.565
1768494091.8496988,69.716
1768494091.9526637,69.227
1768494092.05484,67.354
1768494092.157005,63.966
1768494092.259237,64.612
1768494092.3616264,68.879
1768494092.463906,66.669
1768494092.5661743,69.325
1768494092.6684802,62.731
1768494092.7708008,66.081
1768494092.8730345,69.802
1768494092.9753344,69.955
1768494093.085375,68.823
1768494093.1878202,68.403
1768494093.2900746,70.64
1768494093.3926227,65.943
1768494093.4949172,64.906
1768494093.597061,65.338
1768494093.6993158,65.885
1768494093.8015614,67.019
1768494093.9038372,68.236
1768494094.0060463,64.906
1768494094.108247,66.277
1768494094.2108068,67.509
1768494094.3186352,69.227
1768494094.4220517,67.606
1768494094.5244787,67.956
1768494094.6268408,69.368
1768494094.729012,69.564
1768494094.831279,66.571
1768494094.9335,65.084
1768494095.0359278,64.906
1768494095.138243,67.606
1768494095.240737,66.375
1768494095.3430154,67.467
1768494095.4453104,66.432
1768494095.5547297,67.313
1768494095.6570141,69.661
1768494095.7592068,65.413
1768494095.8615518,69.661
1768494095.963886,69.716
1768494096.0662098,66.53
1768494096.1685374,65.356
1768494096.270813,64.025
1768494096.3730974,65.69
1768494096.475685,68.291
1768494096.5779502,68.194
1768494096.680935,65.102
1768494096.7908163,66.041
1768494096.8932097,67.802
1768494096.99616,67.606
1768494097.0983922,68.529
1768494097.2006865,69.661
1768494097.3028736,70.792
1768494097.4051592,66.375
1768494097.507499,66.669
1768494097.609935,62.202
1768494097.712227,67.06
1768494097.8190002,67.215
1768494097.9234104,68.585
1768494098.0260708,68.194
1768494098.1284266,62.927
1768494098.2308433,66.318
1768494098.3332543,67.858
1768494098.4355588,69.129
1768494098.5378864,65.258
1768494098.6401865,69.466
1768494098.7424824,70.01
1768494098.8446786,67.019
1768494098.9468646,67.942
1768494099.0491352,64.71
1768494099.1549459,66.571
1768494099.2571278,66.921
1768494099.3593895,67.704
1768494099.4616916,64.417
1768494099.5640893,67.844
1768494099.6663988,68.291
1768494099.7686331,69.38
1768494099.8709197,68.823
1768494099.9734294,69.814
1768494100.075739,69.172
1768494100.1778915,67.256
1768494100.2800949,64.866
1768494100.3823748,64.398
1768494100.4847298,65.943
1768494100.5869205,66.963
1768494100.6891055,67.704
1768494100.7914238,66.824
1768494100.8997693,61.223
1768494101.002434,66.375
1768494101.104686,67.998
1768494101.2070768,69.423
1768494101.3093932,65.551
1768494101.4118445,69.564
1768494101.5144696,69.564
1768494101.6168427,66.571
1768494101.7191944,64.221
1768494101.822997,67.606
1768494101.92518,68.291
1768494102.027371,67.704
1768494102.133539,64.808
1768494102.2380388,66.767
1768494102.3404443,67.174
1768494102.4427814,68.445
1768494102.5452678,66.824
1768494102.647623,68.738
1768494102.74985,69.716
1768494102.852219,67.998
1768494102.9545221,63.437
1768494103.056847,64.005
1768494103.159099,65.69
1768494103.2615209,68.781
1768494103.3682184,67.746
1768494103.4755037,65.632
1768494103.57793,66.669
1768494103.6802154,66.767
1768494103.7824824,67.9
1768494103.884824,69.032
1768494103.987028,69.9
1768494104.0894687,68.487
1768494104.1917202,67.215
1768494104.294022,66.71
1768494104.4025073,64.221
1768494104.5048668,65.494
1768494104.6071115,67.998
1768494104.7094274,66.473
1768494104.8117812,65.788
1768494104.914196,65.885
1768494105.0166013,66.236
1768494105.1188886,69.325
1768494105.221182,68.389
1768494105.323534,71.565
1768494105.425821,68.487
1768494105.528022,70.596
1768494105.6303024,66.963
1768494105.7399945,65.218
1768494105.8426898,65.983
1768494105.9449832,66.628
1768494106.047204,68.487
1768494106.1496665,68.291
1768494106.2521536,63.927
1768494106.3543768,66.571
1768494106.4568052,67.313
1768494106.5590553,69.074
1768494106.661369,68.249
1768494106.7639935,68.249
1768494106.8734748,68.738
1768494106.9769642,66.432
1768494107.0792463,64.808
1768494107.181581,63.007
1768494107.283961,64.515
1768494107.3861785,67.802
1768494107.4898088,67.411
1768494107.5920095,66.081
1768494107.6943176,66.71
1768494107.8038023,68.641
1768494107.906092,69.814
1768494108.0082898,66.937
1768494108.110811,69.032
1768494108.2131271,68.934
1768494108.3153238,67.298
1768494108.4176064,66.514
1768494108.519988,66.865
1768494108.6223748,67.509
1768494108.7247248,67.704
1768494108.827102,66.921
1768494108.93,63.437
1768494109.0334916,66.277
1768494109.1372876,68.389
1768494109.241561,69.074
1768494109.3460526,69.802
1768494109.44838,69.368
1768494109.5505857,69.129
1768494109.6528568,66.139
1768494109.755117,64.769
1768494109.8573134,65.436
1768494109.9596508,66.334
1768494110.0618298,68.249
1768494110.1641119,69.325
1768494110.2733078,67.256
1768494110.3756232,63.28
1768494110.4777753,65.102
1768494110.5800695,69.074
1768494110.6824799,68.096
1768494110.7847488,68.781
1768494110.8871107,69.759
1768494110.989357,69.074
1768494111.0916672,66.081
1768494111.1938007,65.672
1768494111.295955,66.669
1768494111.3982491,66.081
1768494111.5006025,68.543
1768494111.6087646,67.117
1768494111.7112222,64.456
1768494111.8135164,64.71
1768494111.9159572,67.663
1768494112.0182245,67.117
1768494112.1206408,69.998
1768494112.2228713,69.857
1768494112.3252084,69.955
1768494112.4273558,67.956
1768494112.5295236,63.437
1768494112.631752,65.102
1768494112.734018,65.885
1768494112.8431485,67.158
1768494112.9454265,68.683
1768494113.047839,64.671
1768494113.1500642,66.334
1768494113.252227,67.117
1768494113.3545096,66.824
1768494113.4572897,69.466
1768494113.559477,69.661
1768494113.6617982,68.781
1768494113.7640326,65.142
1768494113.8662457,65.396
1768494113.9755552,65.983
1768494114.0779538,67.606
1768494114.1803706,67.704
1768494114.282795,65.494
1768494114.3849502,63.731
1768494114.4872725,66.571
1768494114.5897322,68.627
1768494114.6919758,70.292
1768494114.794299,69.074
1768494114.8966627,68.054
1768494115.0071676,69.466
1768494115.109489,65.004
1768494115.2117054,65.788
1768494115.3140728,67.019
1768494115.4164126,68.976
1768494115.5188203,69.215
1768494115.6213229,65.747
1768494115.723632,67.215
1768494115.825868,65.298
1768494115.9281476,69.423
1768494116.030294,69.032
1768494116.1324842,66.808
1768494116.2390373,69.955
1768494116.3433797,69.227
1768494116.4455357,66.277
1768494116.5477426,65.672
1768494116.6499064,66.767
1768494116.7522032,66.571
1768494116.854582,68.879
1768494116.9567978,65.845
1768494117.0590708,63.535
1768494117.1612742,66.865
1768494117.2635624,68.194
1768494117.365857,68.431
1768494117.4682286,70.096
1768494117.5776243,68.934
1768494117.679925,67.9
1768494117.7823439,69.661
1768494117.8845832,66.375
1768494117.986884,64.358
1768494118.0891242,67.509
1768494118.1914003,66.767
1768494118.2939456,68.543
1768494118.3961985,63.633
1768494118.498642,67.802
1768494118.6009142,66.669
1768494118.7062197,70.792
1768494118.810737,68.836
1768494118.9130142,68.333
1768494119.0153515,67.606
1768494119.1176996,65.885
1768494119.2215788,64.3
1768494119.3237174,66.473
1768494119.4258518,67.509
1768494119.5280352,67.9
1768494119.630292,66.669
1768494119.7324102,65.24
1768494119.8346186,66.963
1768494119.9434478,65.338
1768494120.0459704,70.01
1768494120.148155,68.291
1768494120.2503664,68.823
1768494120.352809,68.152
1768494120.4559734,66.921
1768494120.5584037,66.669
1768494120.6607492,65.943
1768494120.7630816,66.824
1768494120.8664253,68.194
1768494120.9710164,68.683
1768494121.0772214,65.004
1768494121.1796257,66.041
1768494121.2818613,66.53
1768494121.3840508,68.585
1768494121.4863193,69.368
1768494121.5886161,68.543
1768494121.6909657,68.976
1768494121.7932076,67.117
1768494121.8954396,62.339
1768494121.997763,67.019
1768494122.1065388,67.452
1768494122.2090697,68.291
1768494122.3115335,69.227
1768494122.4139228,65.338
1768494122.5164225,66.669
1768494122.6188252,67.313
1768494122.7211404,68.585
1768494122.8236017,68.725
1768494122.925864,72.116
1768494123.0280528,67.452
1768494123.134628,67.998
1768494123.238493,66.236
1768494123.3406785,63.672
1768494123.4428704,65.494
1768494123.5451198,67.117
1768494123.647514,68.096
1768494123.7497323,66.628
1768494123.8521209,66.139
1768494123.9546945,65.258
1768494124.0573459,70.346
1768494124.159912,68.683
1768494124.2622979,71.085
1768494124.3688939,70.444
1768494124.4734318,68.683
1768494124.5757523,68.236
1768494124.6780825,67.117
1768494124.7810953,66.375
1768494124.883282,69.032
1768494124.9854853,66.179
1768494125.0877519,66.571
1768494125.1898787,64.319
1768494125.292029,67.802
1768494125.3942685,67.369
1768494125.496435,69.074
1768494125.6054773,69.955
1768494125.7076995,67.998
1768494125.8099868,66.921
1768494125.9129453,62.948
1768494126.01526,66.334
1768494126.117502,65.102
1768494126.2198465,68.641
1768494126.3229442,65.885
1768494126.4256966,64.612
1768494126.5348387,67.117
1768494126.6372137,67.509
1768494126.739493,69.466
1768494126.8418598,62.85
1768494126.944313,68.683
1768494127.046678,65.338
1768494127.149042,68.347
1768494127.2512593,68.291
1768494127.3535829,70.346
1768494127.4557755,67.9
1768494127.5581234,68.291
1768494127.6603227,68.236
1768494127.7624998,64.201
1768494127.8664842,67.509
1768494127.9722807,66.375
1768494128.0745354,69.368
1768494128.17685,66.334
1768494128.2791464,64.848
1768494128.3815677,66.824
1768494128.483961,66.767
1768494128.586318,69.032
1768494128.6887097,66.88
1768494128.7910857,69.912
1768494128.8933928,68.138
1768494128.9957278,67.746
1768494129.1047833,63.515
1768494129.2072375,66.628
1768494129.3096101,65.69
1768494129.4119203,67.648
1768494129.5142336,68.543
1768494129.61663,64.612
1768494129.718968,67.313
1768494129.8213718,66.22
1768494129.9238122,69.521
1768494130.0262566,70.586
1768494130.1288009,69.966
1768494130.2382214,67.704
1768494130.3412082,66.179
1768494130.4439929,64.417
1768494130.546262,67.06
1768494130.6485248,67.9
1768494130.7506938,67.704
1768494130.852836,64.123
1768494130.955004,68.879
1768494131.0571396,65.649
1768494131.1592977,69.857
1768494131.2615805,66.824
1768494131.36771,71.912
1768494131.4720666,68.096
1768494131.5750751,67.452
1768494131.677304,66.294
1768494131.7795854,63.417
1768494131.8819013,67.509
1768494131.9849555,66.865
1768494132.0873125,68.096
1768494132.1896822,65.16
1768494132.2921877,66.669
1768494132.401655,64.71
1768494132.5040867,69.074
1768494132.6064727,68.836
1768494132.7089121,68.543
1768494132.8111074,69.814
1768494132.9134214,68.096
1768494133.0157328,67.942
1768494133.1180286,64.398
1768494133.220256,67.411
1768494133.3225527,65.396
1768494133.424973,69.564
1768494133.5273163,66.628
1768494133.636334,63.633
1768494133.7384677,66.139
1768494133.840818,66.865
1768494133.9430547,68.445
1768494134.045242,68.333
1768494134.1476457,70.205
1768494134.2497935,68.879
1768494134.352035,67.648
1768494134.4543328,65.983
1768494134.5566525,64.201
1768494134.6588142,66.375
1768494134.7686825,67.509
1768494134.8708603,68.976
1768494134.9731147,62.769
1768494135.0753026,68.194
1768494135.1776338,66.098
1768494135.2797954,70.01
1768494135.3819842,64.964
1768494135.4841604,70.781
1768494135.5864275,67.606
1768494135.6888356,69.032
1768494135.7910657,67.06
1768494135.9010644,67.019
1768494136.004858,66.277
1768494136.1069562,68.641
1768494136.2091634,66.865
1768494136.3112543,64.26
1768494136.4135463,65.828
1768494136.515729,69.466
1768494136.6178596,67.9
1768494136.720227,66.628
1768494136.82254,68.879
1768494136.931478,68.487
1768494137.033806,67.509
1768494137.136267,63.731
1768494137.238902,67.354
1768494137.3411765,66.236
1768494137.4435928,66.375
1768494137.5459118,67.802
1768494137.6482353,64.71
1768494137.7504072,69.618
1768494137.8526208,66.824
1768494137.9548674,70.249
1768494138.0570385,66.963
1768494138.165265,71.183
1768494138.2674468,68.096
1768494138.369716,69.368
1768494138.4719074,67.369
1768494138.5742085,64.652
1768494138.6766481,66.921
1768494138.7789943,66.824
1768494138.881494,67.215
1768494138.9837422,66.139
1768494139.0860684,63.672
1768494139.1884346,64.769
1768494139.2907283,70.249
1768494139.39982,68.891
1768494139.5021696,68.249
1768494139.6044328,73.048
1768494139.7066634,68.627
1768494139.8088076,67.9
1768494139.9113672,65.632
1768494140.0136545,64.594
1768494140.1158113,68.096
1768494140.2179766,67.411
1768494140.3201995,68.683
1768494140.4223926,64.064
1768494140.5247884,66.978
1768494140.6269526,66.473
1768494140.7368925,67.9
1768494140.8391669,68.431
1768494140.9414704,70.781
1768494141.0438852,67.9
1768494141.146194,68.627
1768494141.248494,66.865
1768494141.3506231,66.024
1768494141.4528077,67.704
1768494141.5549943,66.473
1768494141.6572793,69.759
1768494141.7594454,65.983
1768494141.861624,64.123
1768494141.9640574,66.865
1768494142.0676131,66.139
1768494142.1706688,69.032
1768494142.2759764,70.151
1768494142.3794293,69.27
1768494142.481692,67.998
1768494142.5839872,63.084
1768494142.6861293,64.808
1768494142.788421,67.158
1768494142.890696,67.704
1768494142.9929345,68.529
1768494143.0951805,63.77
1768494143.1972735,68.836
1768494143.2994077,64.808
1768494143.4091928,70.499
1768494143.5147157,68.249
1768494143.616932,70.107
1768494143.7191336,70.303
1768494143.8213046,67.998
1768494143.923489,69.215
1768494144.0257978,65.436
1768494144.1283023,67.452
1768494144.2307315,66.628
1768494144.3329322,67.313
1768494144.4352407,70.499
1768494144.5376272,63.77
1768494144.647166,68.249
1768494144.750116,66.081
1768494144.8523579,70.249
1768494144.9548042,68.445
1768494145.0571098,69.521
1768494145.1594386,70.303
1768494145.2616363,68.096
1768494145.3638573,68.04
1768494145.4661808,64.769
1768494145.5685036,64.123
1768494145.670887,66.921
1768494145.7733173,67.215
1768494145.875718,69.423
1768494145.9781005,64.515
1768494146.0895243,65.044
1768494146.191741,67.55
1768494146.294152,70.053
1768494146.3964744,68.487
1768494146.4987361,66.767
1768494146.6010256,71.325
1768494146.7031965,67.215
1768494146.8053868,68.236
1768494146.9078057,65.28
1768494147.0101862,64.025
1768494147.1123955,67.019
1768494147.2146738,68.096
1768494147.3236217,70.01
1768494147.4258373,67.215
1768494147.5282567,66.081
1768494147.6304834,65.885
1768494147.7327735,70.694
1768494147.8351648,69.521
1768494147.9374473,68.879
1768494148.0399897,70.944
1768494148.14237,67.117
1768494148.2447295,66.628
1768494148.3469675,65.396
1768494148.4491518,65.494
1768494148.55141,67.509
1768494148.661033,69.606
1768494148.7661176,62.986
1768494148.8685355,68.543
1768494148.97064,64.866
1768494149.0728066,69.661
1768494149.1751804,68.152
1768494149.2775233,68.641
1768494149.3797007,72.552
1768494149.481938,67.663
1768494149.5841002,67.117
1768494149.686292,64.906
1768494149.7927618,64.456
1768494149.8972054,67.215
1768494150.002072,66.179
1768494150.1045434,67.802
1768494150.2068698,61.811
1768494150.3093631,66.628
1768494150.4116793,65.885
1768494150.5139375,67.802
1768494150.6160886,68.683
1768494150.7183356,71.921
1768494150.8243423,67.55
1768494150.9266942,65.788
1768494151.0307264,62.398
1768494151.1329544,64.652
1768494151.235181,68.585
1768494151.3374116,67.215
1768494151.4398093,70.053
1768494151.5421948,63.242
1768494151.6443503,69.564
1768494151.7467153,63.888
1768494151.8490505,69.27
1768494151.9514704,67.606
1768494152.0538495,68.389
1768494152.1561315,69.466
1768494152.2584686,67.215
1768494152.3674693,66.236
1768494152.4696317,66.179
1768494152.5718637,67.117
1768494152.6742418,66.726
1768494152.7766075,68.389
1768494152.879082,65.788
1768494152.981345,61.027
1768494153.0836654,69.606
1768494153.1861687,65.943
1768494153.2885659,72.312
1768494153.390922,67.9
1768494153.493323,69.478
1768494153.5957248,69.955
1768494153.6994154,68.138
1768494153.8017318,67.2
1768494153.9073312,61.456
1768494154.0097327,67.117
1768494154.111872,66.767
1768494154.2142565,68.194
1768494154.316501,63.476
1768494154.4187388,68.725
1768494154.5209894,67.704
1768494154.6233168,67.663
1768494154.72579,68.152
1768494154.8281581,65.396
1768494154.930497,70.694
1768494155.0372703,68.431
1768494155.139833,66.963
1768494155.2467666,62.714
1768494155.3490596,66.963
1768494155.4513004,67.942
1768494155.5534,68.389
1768494155.6556304,66.334
1768494155.7579346,64.496
1768494155.8610742,66.865
1768494155.9707315,66.726
1768494156.072963,67.663
1768494156.1751955,66.88
1768494156.277445,72.695
1768494156.3796911,67.606
1768494156.482061,67.844
1768494156.5843005,65.926
1768494156.6870909,65.044
1768494156.7895346,67.158
1768494156.8918378,68.389
1768494156.9941552,69.466
1768494157.0966108,64.064
1768494157.1992383,68.096
1768494157.308663,67.648
1768494157.4108503,70.694
1768494157.5131547,68.138
1768494157.6155019,69.466
1768494157.7177265,70.542
1768494157.8199594,67.648
1768494157.9221919,67.452
1768494158.024499,62.458
1768494158.1268497,67.117
1768494158.2292361,67.802
1768494158.331538,66.669
1768494158.4339325,68.194
1768494158.5420785,63.868
1768494158.6447115,67.215
1768494158.747235,67.9
1768494158.8496072,69.032
1768494158.9519658,67.802
1768494159.0544157,67.369
1768494159.1568568,69.423
1768494159.259132,67.9
1768494159.3613966,66.865
1768494159.4637501,62.811
1768494159.5661194,67.844
1768494159.6754448,68.781
1768494159.7778418,65.983
1768494159.8801026,65.396
1768494159.9823322,66.236
1768494160.0846577,67.9
1768494160.1870997,68.487
1768494160.2894852,70.542
1768494160.3919156,66.489
1768494160.4942887,68.934
1768494160.5968761,69.618
1768494160.6993334,66.277
1768494160.8017762,64.906
1768494160.9124703,67.313
1768494161.0148609,67.998
1768494161.1170812,67.704
1768494161.2193792,65.396
1768494161.3216217,66.432
1768494161.4238784,67.215
1768494161.5267177,67.06
1768494161.6291642,66.489
1768494161.7314434,71.183
1768494161.8400002,69.618
1768494161.944084,65.494
1768494162.0465248,64.906
1768494162.1489096,65.298
1768494162.2511857,66.277
1768494162.3534336,68.389
1768494162.4557905,67.215
1768494162.558194,67.509
1768494162.6608307,65.494
1768494162.7633162,66.432
1768494162.8720286,69.618
1768494162.974723,68.934
1768494163.0769436,68.627
1768494163.1792247,71.574
1768494163.2814856,67.452
1768494163.3837807,66.334
1768494163.4860458,62.752
1768494163.5883036,65.747
1768494163.6906254,67.998
1768494163.7931392,67.076
1768494163.8954244,66.277
1768494164.0036743,65.2
1768494164.1073332,68.333
1768494164.2098293,67.06
1768494164.312167,70.303
1768494164.4144785,67.858
1768494164.5167403,69.716
1768494164.6190126,68.598
1768494164.7212849,67.158
1768494164.8234887,67.411
1768494164.9257278,65.24
1768494165.027921,65.983
1768494165.1381507,66.628
1768494165.2402804,67.06
1768494165.3426113,65.494
1768494165.4449594,66.179
1768494165.5472822,66.473
1768494165.649528,68.683
1768494165.752053,70.444
1768494165.8543673,68.836
1768494165.9571927,69.955
1768494166.060812,67.019
1768494166.1695647,63.594
1768494166.2719219,64.906
1768494166.3741536,67.746
1768494166.4764426,68.487
1768494166.5792258,69.27
1768494166.6813629,65.142
1768494166.7836788,67.256
1768494166.8859367,67.509
1768494166.9881105,71.085
1768494167.0902877,68.543
1768494167.1931927,68.641
1768494167.297245,70.151
1768494167.3996441,67.117
1768494167.5017946,65.298
1768494167.6055648,65.868
1768494167.707785,65.943
1768494167.8101132,67.019
1768494167.9122932,66.53
1768494168.0148027,65.885
1768494168.1170077,65.338
1768494168.2194777,67.606
1768494168.3217232,70.303
1768494168.4240222,68.738
1768494168.5262575,69.313
1768494168.6348991,70.65
1768494168.737148,68.976
1768494168.8393595,64.769
1768494168.9416156,64.201
1768494169.0438073,65.004
1768494169.1461608,67.998
1768494169.2486944,68.291
1768494169.350876,65.16
1768494169.4531403,64.71
1768494169.555371,67.942
1768494169.6576357,67.313
1768494169.7601378,66.865
1768494169.868342,65.885
1768494169.9713466,65.649
1768494170.0737076,68.389
1768494170.1759012,67.802
1768494170.2781858,69.802
1768494170.3803997,68.5
1768494170.482658,68.389
1768494170.5850616,67.354
1768494170.6873646,65.298
1768494170.789613,63.829
1768494170.891953,66.375
1768494171.0010176,66.921
1768494171.1031735,67.802
1768494171.2053115,67.411
1768494171.3074903,65.044
1768494171.4097667,65.983
1768494171.5124285,69.117
1768494171.614813,67.9
1768494171.7170842,68.138
1768494171.8194885,69.661
1768494171.9225194,67.354
1768494172.0250556,63.046
1768494172.134652,66.179
1768494172.23696,66.375
1768494172.339237,67.998
1768494172.442188,68.683
1768494172.5444806,65.983
1768494172.6468282,67.158
1768494172.7491345,66.921
1768494172.8519592,67.9
1768494172.9542835,68.054
1768494173.0565104,69.313
1768494173.1660113,68.683
1768494173.2682738,68.054
1768494173.3705244,64.769
1768494173.472942,63.084
1768494173.5752258,66.179
1768494173.6774454,67.704
1768494173.7796953,67.019
1768494173.881949,67.313
1768494173.9843705,65.788
1768494174.086716,65.102
1768494174.1890159,70.542
1768494174.2929204,68.823
1768494174.3959,69.508
1768494174.500893,69.172
1768494174.6030269,69.227
1768494174.7053301,65.494
1768494174.807549,64.319
1768494174.9099686,65.943
1768494175.012167,65.69
1768494175.1144383,67.313
1768494175.2167213,67.802
1768494175.3192103,64.906
1768494175.4215941,66.081
1768494175.524078,67.606
1768494175.6329312,68.152
1768494175.7353868,68.389
1768494175.837703,68.236
1768494175.940075,71.583
1768494176.042225,68.683
1768494176.1443875,66.22
1768494176.2467737,65.983
1768494176.3489366,65.983
1768494176.4513505,67.606
1768494176.5535352,67.746
1768494176.6557431,66.179
1768494176.7644703,67.06
1768494176.867112,66.571
1768494176.9694705,68.347
1768494177.0717583,68.781
1768494177.1743312,70.107
1768494177.2768164,68.138
1768494177.3803399,63.535
1768494177.483072,65.102
1768494177.5853772,66.767
1768494177.6954832,67.704
1768494177.7977946,67.313
1768494177.9001637,65.885
1768494178.0024095,67.215
1768494178.104883,65.396
1768494178.207134,69.074
1768494178.3093185,69.759
1768494178.4116335,67.858
1768494178.5138807,68.389
1768494178.6160858,67.467
1768494178.72512,63.594
1768494178.8279905,63.574
1768494178.9302847,64.75
1768494179.032723,68.389
1768494179.1349907,68.641
1768494179.237248,66.041
1768494179.3397477,67.704
1768494179.4420586,65.828
1768494179.5442576,69.575
1768494179.6465557,66.628
1768494179.74875,67.467
1768494179.8583467,69.117
1768494179.960759,68.487
1768494180.0629163,65.004
1768494180.1652167,63.437
1768494180.2675972,65.983
1768494180.3698869,67.55
1768494180.4720755,68.781
1768494180.5746398,65.454
1768494180.6769474,66.865
1768494180.7793546,66.669
1768494180.8816195,68.585
1768494180.9916124,67.606
1768494181.0942805,69.325
1768494181.1966302,68.976
1768494181.298877,68.879
1768494181.4011316,66.963
1768494181.5035214,63.907
1768494181.605768,66.024
1768494181.708094,67.452
1768494181.8103294,67.019
1768494181.9126804,67.452
1768494182.014988,65.69
1768494182.1173532,66.375
1768494182.2249036,70.444
1768494182.3276038,68.836
1768494182.4299722,67.9
1768494182.5322123,67.467
1768494182.6348405,69.325
1768494182.737133,62.594
1768494182.839469,67.06
1768494182.9416592,66.277
1768494183.0437906,67.704
1768494183.1459503,67.313
1768494183.2481105,64.319
1768494183.3503563,67.158
1768494183.4525254,66.921
1768494183.563476,68.194
1768494183.6657283,67.076
1768494183.7689612,69.661
1768494183.8712003,68.641
1768494183.9737508,68.585
1768494184.0760548,65.868
1768494184.1787481,65.649
1768494184.2810457,66.767
1768494184.3858812,68.823
1768494184.4882646,68.641
1768494184.5944078,65.044
1768494184.696862,64.123
1768494184.799028,67.802
1768494184.9013221,71.379
1768494185.0035815,67.117
1768494185.1058648,70.694
1768494185.2080746,68.431
1768494185.3103187,68.543
1768494185.4125469,66.375
1768494185.5147257,63.182
1768494185.6236205,66.277
1768494185.7258554,67.802
1768494185.8282058,68.585
1768494185.9306023,69.27
1768494186.032991,63.476
1768494186.1352394,66.041
1768494186.2374945,65.494
1768494186.3398905,67.858
1768494186.4423294,69.955
1768494186.5446377,69.368
1768494186.646972,69.074
1768494186.7492192,67.076
1768494186.8514433,63.437
1768494186.9598627,65.983
1768494187.0622833,64.71
1768494187.1644537,68.096
1768494187.2667804,68.879
1768494187.3690503,63.182
1768494187.4714444,67.019
1768494187.5737772,66.571
1768494187.6762142,69.38
1768494187.7786596,66.978
1768494187.8808906,69.074
1768494187.9831955,68.683
1768494188.0859528,68.627
1768494188.196159,66.473
1768494188.2988813,65.574
1768494188.4012399,66.432
1768494188.5037367,68.543
1768494188.6073787,67.746
1768494188.709583,63.868
1768494188.8118188,66.767
1768494188.9139352,68.389
1768494189.0160723,68.696
1768494189.1182468,66.685
1768494189.2204752,69.172
1768494189.3228948,69.802
1768494189.425512,69.074
1768494189.5337067,68.431
1768494189.6395578,62.888
1768494189.7420075,66.865
1768494189.844467,66.277
1768494189.9467485,68.389
1768494190.0491087,67.313
1768494190.1513739,63.77
1768494190.2536988,67.354
1768494190.3559577,67.158
1768494190.4582667,67.998
1768494190.567209,68.934
1768494190.6694798,69.172
1768494190.7718306,68.054
1768494190.8740394,66.628
1768494190.9763408,63.242
1768494191.0787277,64.417
1768494191.1811638,66.334
1768494191.2834084,68.194
1768494191.3859956,68.431
1768494191.4884162,64.123
1768494191.5909173,67.411
1768494191.6994343,66.375
1768494191.8022857,70.64
1768494191.9046943,68.333
1768494192.006928,68.725
1768494192.1092367,69.955
1768494192.211435,68.249
1768494192.3136897,66.921
1768494192.4159083,63.653
1768494192.5180776,67.102
1768494192.6202724,65.788
1768494192.722609,67.746
1768494192.825068,66.865
1768494192.9306781,65.69
1768494193.032996,68.04
1768494193.1370034,67.256
1768494193.2394445,70.292
1768494193.3419316,68.543
1768494193.4443333,69.019
1768494193.546718,69.998
1768494193.649076,66.334
1768494193.7513835,67.102
1768494193.8535757,66.334
1768494193.955864,66.277
1768494194.0580251,67.215
1768494194.1676252,69.466
1768494194.269776,64.75
1768494194.3720105,67.158
1768494194.4755065,69.032
1768494194.5776443,69.117
1768494194.6798427,69.368
1768494194.782249,68.487
1768494194.8844364,68.194
1768494194.986659,68.585
1768494195.088824,61.811
1768494195.191175,67.802
1768494195.301804,65.2
1768494195.4041004,68.389
1768494195.5066,65.062
1768494195.608889,67.956
1768494195.711264,65.983
1768494195.8135178,68.738
1768494195.9158478,68.291
1768494196.0180519,69.673
1768494196.1202419,68.781
1768494196.2224872,67.998
1768494196.3311322,68.389
1768494196.433446,62.496
1768494196.536114,67.256
1768494196.6384218,67.606
1768494196.7410104,68.934
1768494196.843388,66.432
1768494196.9456809,65.044
1768494197.0480094,65.788
1768494197.1503808,66.824
1768494197.2527232,69.521
1768494197.3550274,66.782
1768494197.45731,68.487
1768494197.566686,67.998
1768494197.6689782,66.824
1768494197.771196,65.378
1768494197.8735192,65.298
1768494197.9757512,67.256
1768494198.0779495,67.117
1768494198.1805058,68.879
1768494198.2828577,63.417
1768494198.3853164,69.521
1768494198.487603,66.318
1768494198.5899355,68.347
1768494198.6922064,66.921
1768494198.802078,70.977
1768494198.9042826,68.738
1768494199.0065105,66.375
1768494199.1088412,64.769
1768494199.2110827,65.534
1768494199.3134024,66.726
1768494199.4157348,66.334
1768494199.5179791,69.857
1768494199.6202555,62.79
1768494199.7229447,68.487
1768494199.8253486,66.726
1768494199.9311721,69.955
1768494200.03349,67.215
1768494200.137302,67.956
1768494200.2400274,68.487
1768494200.3423214,66.041
1768494200.4446354,62.322
1768494200.546987,67.313
1768494200.649226,64.515
1768494200.7513287,67.956
1768494200.8534958,66.767
1768494200.956186,63.574
1768494201.0582874,67.313
1768494201.160583,68.054
1768494201.2696464,68.249
1768494201.3718326,64.75
1768494201.4740705,70.107
1768494201.5764968,69.129
1768494201.678882,68.836
1768494201.781161,63.084
1768494201.883518,65.338
1768494201.9857273,67.606
1768494202.0878975,68.291
1768494202.1902792,69.759
1768494202.2926385,65.885
1768494202.3951483,67.606
1768494202.5035985,65.885
1768494202.6060417,68.487
1768494202.7084255,67.746
1768494202.8106835,69.27
1768494202.9129255,69.508
1768494203.0152466,68.347
1768494203.117467,65.983
1768494203.2196214,63.301
1768494203.3219562,66.963
1768494203.4242523,66.726
1768494203.5264962,67.117
1768494203.628795,70.303
1768494203.7382812,63.77
1768494203.8405542,67.998
1768494203.942801,66.236
1768494204.0452936,70.542
1768494204.1476836,68.627
1768494204.2499917,70.586
1768494204.3522391,68.934
1768494204.454647,68.291
1768494204.5570238,64.946
1768494204.6592607,66.179
1768494204.769,67.158
1768494204.8715272,67.411
1768494204.9737406,68.333
1768494205.0760577,62.36
1768494205.178261,68.879
1768494205.2804828,66.041
1768494205.3827527,69.074
1768494205.485105,68.347
1768494205.5873933,67.956
1768494205.6898289,69.618
1768494205.7922602,67.411
1768494205.8946216,66.921
1768494206.0043175,65.926
1768494206.1077063,67.9
1768494206.209915,65.494
1768494206.312154,67.998
1768494206.4143896,63.907
1768494206.5165896,67.215
1768494206.6193159,64.671
1768494206.7215889,69.857
1768494206.8239253,67.467
1768494206.9261334,72.357
1768494207.0356667,69.227
1768494207.1379666,67.313
1768494207.2402494,67.158
1768494207.3424258,60.831
1768494207.444669,66.628
1768494207.5472825,67.354
1768494207.6497023,68.249
1768494207.7520237,65.16
1768494207.8542972,68.249
1768494207.9565084,66.081
1768494208.0587947,67.956
1768494208.164856,68.921
1768494208.2701118,72.206
1768494208.3723843,68.04
1768494208.4745708,67.606
1768494208.5768383,64.671
1768494208.6790705,63.966
1768494208.7815402,68.683
1768494208.884021,65.983
1768494208.9864376,68.249
1768494209.0890453,65.845
1768494209.1916664,66.865
1768494209.2941806,65.885
1768494209.4034743,68.836
1768494209.5057206,69.368
1768494209.6082225,68.347
1768494209.7105625,70.944
1768494209.8127816,66.978
1768494209.9150674,67.509
1768494210.0173714,65.396
1768494210.1196527,62.752
1768494210.221892,67.452
1768494210.324307,67.369
1768494210.4265997,69.661
1768494210.529007,65.494
1768494210.637468,61.811
1768494210.7397249,67.215
1768494210.8421512,68.738
1768494210.944613,69.368
1768494211.0470145,67.76
1768494211.1493347,72.454
1768494211.2515721,68.096
1768494211.3538399,67.117
1768494211.456119,65.24
1768494211.558525,63.574
1768494211.6607265,67.648
1768494211.7629962,67.411
1768494211.8651426,69.521
1768494211.9674783,65.943
1768494212.0731392,67.06
1768494212.1758022,68.291
1768494212.2811012,66.473
1768494212.3836522,63.182
1768494212.4865208,67.942
1768494212.588646,66.978
1768494212.6908517,68.934
1768494212.793065,66.782
1768494212.8953915,71.716
1768494212.9976265,69.129
1768494213.10061,66.921
1768494213.2098527,64.964
1768494213.3127623,62.714
1768494213.4150903,67.215
1768494213.5174034,67.704
1768494213.6198888,68.291
1768494213.722292,67.704
1768494213.824547,65.788
1768494213.926858,67.942
1768494214.0291038,68.096
1768494214.1313589,69.716
1768494214.233672,65.16
1768494214.3359375,70.738
1768494214.438279,68.138
1768494214.543687,69.019
1768494214.6482322,65.672
1768494214.7504642,65.338
1768494214.852673,67.019
1768494214.9548616,67.313
1768494215.0571425,66.865
1768494215.1596577,65.73
1768494215.262048,66.669
1768494215.3644762,67.956
1768494215.4668233,68.249
1768494215.5690827,67.256
1768494215.6713,71.823
1768494215.7737865,67.802
1768494215.8773322,69.172
1768494215.9830365,62.105
1768494216.0857127,64.906
1768494216.1881032,66.571
1768494216.2904103,66.767
1768494216.3928208,69.759
1768494216.4951816,62.692
1768494216.5975816,68.836
1768494216.6998677,67.411
1768494216.8022628,70.401
1768494216.9047945,69.019
1768494217.007146,69.325
1768494217.1095142,68.836
1768494217.2189465,68.333
1768494217.3212125,65.494
1768494217.4234912,63.613
1768494217.5258083,67.606
1768494217.6280231,66.334
1768494217.730283,70.542
1768494217.8325176,65.298
1768494217.9349754,63.242
1768494218.037443,66.277
1768494218.1400256,65.747
1768494218.2424965,68.152
1768494218.3448029,67.174
1768494218.4542446,67.509
1768494218.559826,67.452
1768494218.6621983,65.2
1768494218.7647417,64.612
1768494218.8671722,66.963
1768494218.9701526,67.411
1768494219.0723422,69.814
1768494219.1746364,67.117
1768494219.2769175,65.632
1768494219.3860912,66.473
1768494219.4883728,70.684
1768494219.5906408,68.921
1768494219.6928563,67.858
1768494219.7950857,69.564
1768494219.8973072,67.9
1768494219.9996703,66.236
1768494220.1020098,63.378
1768494220.2044713,65.338
1768494220.3068974,66.963
1768494220.4093776,66.139
1768494220.5118659,69.074
1768494220.6217291,63.144
1768494220.7242227,67.802
1768494220.8266728,66.334
1768494220.9290283,68.641
1768494221.0313804,68.291
1768494221.133624,72.063
1768494221.2358415,69.185
1768494221.3380232,67.663
1768494221.4401846,66.236
1768494221.542445,66.653
1768494221.6446939,67.509
1768494221.7470667,66.767
1768494221.8563297,67.215
1768494221.9590638,69.466
1768494222.06152,61.517
1768494222.164054,68.11
1768494222.2667787,66.334
1768494222.3691692,69.27
1768494222.4715896,65.649
1768494222.5739748,71.574
1768494222.6765108,68.879
1768494222.7788658,67.313
1768494222.8811543,66.726
1768494222.9904964,63.242
1768494223.0948117,66.767
1768494223.197109,65.983
1768494223.2993186,69.521
1768494223.401543,66.179
1768494223.5037427,66.669
1768494223.606225,65.258
1768494223.7085996,71.031
1768494223.8110068,69.411
1768494223.9134824,70.205
1768494224.0158405,70.944
1768494224.1253543,65.885
1768494224.2340028,61.185
1768494224.336379,65.788
1768494224.4386551,68.096
1768494224.5409982,67.174
1768494224.6432338,68.836
1768494224.745505,63.927
1768494224.84768,68.04
1768494224.9497676,66.726
1768494225.0588777,69.814
1768494225.1616282,67.369
1768494225.2639718,67.663
1768494225.3662484,69.716
1768494225.4684918,67.158
1768494225.5706697,67.467
1768494225.6729162,64.594
1768494225.7752624,66.375
1768494225.8774652,68.487
1768494225.9798698,67.019
1768494226.082227,68.291
1768494226.1844752,64.279
1768494226.2867556,65.885
1768494226.3890247,67.174
1768494226.4938781,67.509
1768494226.599909,68.096
1768494226.7020307,69.423
1768494226.804209,69.368
1768494226.9064124,67.802
1768494227.0085955,69.227
1768494227.1109085,64.71
1768494227.2132416,66.726
1768494227.3154848,67.509
1768494227.4177222,68.487
1768494227.5201826,64.652
1768494227.6224766,66.571
1768494227.7248268,67.55
1768494227.8338006,70.107
1768494227.9368703,70.542
1768494228.0390716,69.368
1768494228.1414077,69.759
1768494228.2437048,70.053
1768494228.346003,66.865
1768494228.44824,64.671
1768494228.550348,65.004
1768494228.6527781,67.019
1768494228.754964,67.802
1768494228.8571484,68.236
1768494228.959359,64.906
1768494229.0616617,66.865
1768494229.1704066,66.726
1768494229.272845,67.9
1768494229.3753242,70.346
1768494229.477699,68.585
1768494229.5800753,69.564
1768494229.6825702,67.998
1768494229.7847967,67.942
1768494229.887142,61.811
1768494229.9893618,66.375
1768494230.0914965,67.704
1768494230.1937642,68.389
1768494230.2968786,63.319
1768494230.4058335,65.885
1768494230.507984,67.215
1768494230.6101844,70.151
1768494230.7133138,66.921
1768494230.815835,70.455
1768494230.9180672,69.521
1768494231.020351,67.354
1768494231.1227162,62.948
1768494231.22495,63.868
1768494231.327293,67.942
1768494231.4332416,67.606
1768494231.5388129,67.9
1768494231.6409776,63.535
1768494231.7433403,65.788
1768494231.8456619,67.648
1768494231.9478614,67.509
1768494232.050015,69.411
1768494232.1522908,67.802
1768494232.2545083,69.564
1768494232.3567169,66.628
1768494232.458978,67.55
1768494232.565141,63.574
1768494232.669428,67.411
1768494232.7719097,68.291
1768494232.8742836,69.172
1768494232.9764483,64.358
1768494233.0788474,66.767
1768494233.1809683,67.704
1768494233.2832308,68.389
1768494233.3854327,68.627
1768494233.4876497,70.488
1768494233.589937,69.227
1768494233.6923172,66.334
1768494233.7947073,67.06
1768494233.9039102,64.3
1768494234.0062377,65.747
1768494234.1085212,66.726
1768494234.2107532,66.041
1768494234.3131673,65.788
1768494234.4154062,66.277
1768494234.5176675,67.509
1768494234.6199257,70.836
1768494234.7222044,69.998
1768494234.824567,67.606
1768494234.9344225,70.249
1768494235.0367327,68.585
1768494235.138865,67.06
1768494235.2411466,65.182
1768494235.3433306,66.865
1768494235.445494,67.704
1768494235.5476792,67.9
1768494235.649855,67.76
1768494235.7520952,61.969
1768494235.8544455,67.998
1768494235.9579518,69.27
1768494236.0624702,67.117
1768494236.1647532,69.215
1768494236.270434,70.694
1768494236.3737462,68.389
1768494236.4763312,66.865
1768494236.5785499,63.515
1768494236.6808329,64.515
1768494236.78326,68.291
1768494236.8856764,67.06
1768494236.9878514,66.571
1768494237.090044,66.963
1768494237.1923914,66.081
1768494237.2986243,69.704
1768494237.4010253,67.9
1768494237.504285,67.313
1768494237.6064382,68.152
1768494237.709002,70.944
1768494237.811342,66.139
1768494237.9137287,66.26
1768494238.016077,64.221
1768494238.1183496,66.179
1768494238.2206762,68.683
1768494238.323155,67.019
1768494238.4254725,64.808
1768494238.527759,66.767
1768494238.6380649,67.06
1768494238.740551,69.606
1768494238.8427641,71.423
1768494238.9452116,67.858
1768494239.0474248,68.879
1768494239.149793,69.368
1768494239.2520125,65.943
1768494239.354208,62.105
1768494239.4565072,65.943
1768494239.5588856,66.865
1768494239.661335,67.215
1768494239.767189,67.606
1768494239.8715723,65.983
1768494239.973981,66.22
1768494240.0764027,69.032
1768494240.1788142,70.107
1768494240.2812014,69.704
1768494240.3835616,68.879
1768494240.4859235,68.879
1768494240.588061,65.983
1768494240.6903882,65.983
1768494240.792672,66.277
1768494240.89501,67.313
1768494240.9971795,68.096
1768494241.1009874,69.564
1768494241.2039404,63.242
1768494241.306275,64.319
1768494241.4094136,66.334
1768494241.5117798,69.618
1768494241.6141467,66.782
1768494241.7163103,68.934
1768494241.818635,70.107
1768494241.9208932,66.473
1768494242.0231986,64.221
1768494242.1255958,66.375
1768494242.2290583,67.802
1768494242.3311372,67.411
1768494242.4337757,65.396
1768494242.5371256,66.334
1768494242.645976,69.27
1768494242.7483914,67.509
1768494242.8507078,70.934
1768494242.953041,68.781
1768494243.0554452,69.912
1768494243.1580698,65.788
1768494243.2604158,67.298
1768494243.362795,65.828
1768494243.46539,66.628
1768494243.570712,67.704
1768494243.6732821,67.802
1768494243.7804441,65.983
1768494243.8829641,67.648
1768494243.9851708,66.236
1768494244.0874965,69.129
1768494244.189886,67.411
1768494244.2922182,69.716
1768494244.394561,69.857
1768494244.4968526,69.074
1768494244.5991645,66.669
1768494244.7050295,63.594
1768494244.8101213,65.534
1768494244.9123871,66.571
1768494245.0146785,67.802
1768494245.1169088,65.845
1768494245.2193966,63.966
1768494245.321814,65.69
1768494245.4241679,68.333
1768494245.5268798,70.694
1768494245.629195,68.138
1768494245.7315907,67.998
1768494245.8338377,69.966
1768494245.9362097,65.356
1768494246.0451899,65.534
1768494246.1475549,64.808
1768494246.2498856,66.139
1768494246.3520043,68.934
1768494246.4543111,67.411
1768494246.556621,66.628
1768494246.6588726,67.117
1768494246.7613733,66.71
1768494246.863948,68.389
1768494246.9663212,69.074
1768494247.0687165,68.487
1768494247.1779213,69.661
1768494247.2802384,69.759
1768494247.3825283,63.437
1768494247.4848926,63.633
1768494247.587144,65.788
1768494247.689396,69.117
1768494247.792736,66.824
1768494247.8954148,66.669
1768494247.9975522,65.298
1768494248.1000328,69.912
1768494248.2060385,68.543
1768494248.3118615,69.802
1768494248.4140306,69.814
1768494248.5163605,71.031
1768494248.6186337,67.452
1768494248.7208962,63.399
1768494248.823255,65.004
1768494248.925605,66.277
1768494249.0279148,67.998
1768494249.1302798,68.194
1768494249.2325647,63.34
1768494249.334899,65.258
1768494249.437096,65.356
1768494249.5467818,68.347
1768494249.6489832,68.543
1768494249.7511365,68.012
1768494249.8534021,68.529
1768494249.9555614,69.466
1768494250.057767,66.334
1768494250.1603358,62.322
1768494250.262667,66.767
1768494250.3650155,66.334
1768494250.4673953,68.879
1768494250.5698137,66.473
1768494250.6785672,64.75
1768494250.7812634,65.142
1768494250.8835046,66.726
1768494250.985807,67.76
1768494251.0880072,67.076
1768494251.190307,69.704
1768494251.292538,70.053
1768494251.3947954,67.117
1768494251.4970083,61.969
1768494251.5993009,65.142
1768494251.7015285,66.53
1768494251.8038528,69.759
1768494251.9076328,68.641
1768494252.0133908,65.102
1768494252.1170275,67.509
1768494252.2191677,65.592
1768494252.3214445,69.38
1768494252.4238372,68.683
1768494252.526155,69.129
1768494252.6284695,69.074
1768494252.7308745,70.401
1768494252.8331156,66.628
1768494252.9354475,64.573
1768494253.037643,66.334
1768494253.1421704,66.179
1768494253.2480404,67.509
1768494253.3503118,68.389
1768494253.4526162,63.927
1768494253.5549977,65.926
1768494253.6572037,70.303
1768494253.7607343,66.767
1768494253.8628974,70.553
1768494253.9651458,67.06
1768494254.0674882,68.879
1768494254.1698537,67.452
1768494254.276603,63.437
1768494254.382654,66.375
1768494254.4860966,67.998
1768494254.588304,67.704
1768494254.690842,62.986
1768494254.7931902,66.432
1768494254.8954952,65.845
1768494254.9979875,69.423
1768494255.1002343,67.117
1768494255.2100737,65.2
1768494255.312243,63.731
1768494255.4144223,67.452
1768494255.5169191,69.032
1768494255.619089,65.649
1768494255.721211,69.129
1768494255.8234456,68.683
1768494255.925668,67.663
1768494256.0278704,66.416
1768494256.1300333,65.102
1768494256.2322893,67.452
1768494256.3345408,67.019
1768494256.4437907,70.053
1768494256.5460565,65.2
1768494256.6483128,66.375
1768494256.7507071,65.494
1768494256.8530183,69.466
1768494256.9554799,67.509
1768494257.0579202,69.955
1768494257.160344,67.942
1768494257.2627053,68.347
1768494257.3649673,66.921
1768494257.467346,65.574
1768494257.5763135,66.571
1768494257.67847,66.767
1768494257.7808537,67.509
1768494257.8831363,66.921
1768494257.985339,62.007
1768494258.0876186,66.921
1768494258.1898954,66.571
1768494258.2921643,69.814
1768494258.3943644,65.747
1768494258.4967694,70.988
1768494258.599021,67.55
1768494258.709295,66.921
1768494258.811517,67.256
1768494258.9139707,65.788
1768494259.0177748,68.194
1768494259.1200082,68.585
1768494259.222191,66.139
1768494259.324471,67.06
1768494259.4270003,66.612
1768494259.5290654,66.432
1768494259.6312602,68.054
1768494259.7350206,70.684
1768494259.8404763,68.054
1768494259.9428358,68.823
1768494260.0451837,67.411
1768494260.1474218,66.669
1768494260.249706,64.888
1768494260.3519292,67.844
1768494260.4542089,66.767
1768494260.5564828,68.487
1768494260.658836,63.966
1768494260.7609382,67.9
1768494260.8633473,66.236
1768494260.9655738,68.487
1768494261.0741923,67.844
1768494261.1772063,69.9
1768494261.2794683,68.389
1768494261.381808,68.781
1768494261.4839866,66.824
1768494261.5861647,64.71
1768494261.688365,67.158
1768494261.790522,66.375
1768494261.8928924,69.661
1768494261.9951768,67.802
1768494262.0973935,62.202
1768494262.199703,64.123
1768494262.30956,68.291
1768494262.4121103,69.521
1768494262.51435,67.565
1768494262.6166654,70.499
1768494262.7189891,69.129
1768494262.821157,68.781
1768494262.9235072,64.417
1768494263.0257294,62.398
1768494263.1278613,67.313
1768494263.2301965,66.334
1768494263.332388,68.333
1768494263.4347796,67.844
1768494263.5433795,62.594
1768494263.6457322,67.9
1768494263.747954,67.858
1768494263.8502584,70.444
1768494263.9525712,68.585
1768494264.0548806,70.303
1768494264.1571825,67.606
1768494264.2596574,67.956
1768494264.3619912,66.041
1768494264.4643223,61.577
1768494264.566567,67.802
1768494264.6688635,66.277
1768494264.7732887,69.27
1768494264.8788843,69.074
1768494264.9811,66.375
1768494265.0855606,66.277
1768494265.1877677,68.738
1768494265.290101,68.543
1768494265.3923395,69.27
1768494265.4951732,67.998
1768494265.5974255,67.998
1768494265.699806,65.084
1768494265.8019822,63.927
1768494265.910983,67.158
1768494266.013245,67.704
1768494266.1155412,68.389
1768494266.2178407,67.158
1768494266.320036,65.142
1768494266.4222553,65.69
1768494266.5245807,68.333
1768494266.6269128,67.998
1768494266.7292213,67.858
1768494266.8314111,69.172
1768494266.9337063,68.096
1768494267.04222,66.375
1768494267.1453555,64.946
1768494267.247856,67.117
1768494267.3500862,66.921
1768494267.4523258,67.704
1768494267.5545917,67.354
1768494267.6571236,62.3
1768494267.7594151,65.788
1768494267.8618026,67.509
1768494267.9642031,68.096
1768494268.0665073,68.152
1768494268.172867,69.759
1768494268.2776322,67.956
1768494268.3798034,66.179
1768494268.481984,65.142
1768494268.5843036,65.69
1768494268.686701,66.628
1768494268.7888873,67.215
1768494268.8912973,67.9
1768494268.993625,64.123
1768494269.0960712,69.129
1768494269.1983972,66.375
1768494269.3007977,70.346
1768494269.4053385,66.921
1768494269.5118074,70.455
1768494269.614091,68.194
1768494269.7164948,67.9
1768494269.8188522,66.473
1768494269.921196,60.733
1768494270.0234861,66.179
1768494270.1258106,67.606
1768494270.227974,69.325
1768494270.3302581,68.683
1768494270.4325576,63.123
1768494270.5349658,64.71
1768494270.6440425,68.291
1768494270.7481725,69.508
1768494270.8503704,70.444
1768494270.9529378,67.76
1768494271.055381,66.294
1768494271.1577115,63.986
1768494271.2599385,66.277
1768494271.362217,67.704
1768494271.4644046,66.277
1768494271.5666895,68.683
1768494271.6688926,63.77
1768494271.7745638,68.781
1768494271.8793843,65.828
1768494271.9817808,69.857
1768494272.0840337,66.726
1768494272.1864378,70.249
1768494272.288681,69.032
1768494272.3909557,67.354
1768494272.4933734,66.375
1768494272.5956807,61.713
1768494272.6980531,68.194
1768494272.8006182,66.865
1768494272.9029915,67.802
1768494273.0124323,65.69
1768494273.1152523,66.906
1768494273.2176538,66.375
1768494273.3198192,69.074
1768494273.4222062,67.9
1768494273.5245552,68.627
1768494273.6269975,67.663
1768494273.729173,67.998
1768494273.831448,65.69
1768494273.933912,65.788
1768494274.0363,67.411
1768494274.145796,66.179
1768494274.2483897,68.487
1768494274.3508568,68.194
1768494274.4531827,64.79
1768494274.5556223,67.06
1768494274.6579404,68.5
1768494274.7601955,68.641
1768494274.8626814,66.628
1768494274.9649873,72.206
1768494275.0673342,68.976
1768494275.1695354,69.032
1768494275.2719076,66.726
1768494275.3802733,62.36
1768494275.4828644,66.179
1768494275.5852342,66.628
1768494275.687496,69.423
1768494275.789829,65.788
1768494275.8921344,67.998
1768494275.9945319,65.044
1768494276.0968046,69.074
1768494276.1991205,67.271
1768494276.3014948,70.488
1768494276.403741,68.627
1768494276.5060456,67.271
1768494276.6180801,64.946
1768494276.7203307,66.277
1768494276.8226366,68.194
1768494276.9250169,66.726
1768494277.0272548,69.466
1768494277.1294677,62.398
1768494277.231855,69.325
1768494277.3341465,66.571
1768494277.4364204,68.836
1768494277.538813,68.641
1768494277.6486762,66.139
1768494277.7511032,72.401
1768494277.8534055,68.879
1768494277.9557214,68.347
1768494278.057969,65.142
1768494278.1604033,64.005
1768494278.263038,66.921
1768494278.3653538,66.571
1768494278.4677522,68.976
1768494278.5701475,65.926
1768494278.6724193,63.672
1768494278.7746887,64.515
1768494278.8768764,70.781
1768494278.985704,69.564
1768494279.0880141,66.334
1768494279.1901653,72.019
1768494279.2926626,67.076
1768494279.3948846,67.9
1768494279.4970732,65.574
1768494279.5994215,66.628
1768494279.7018297,67.411
1768494279.8040829,67.215
1768494279.906473,68.934
1768494280.0088177,66.236
1768494280.1110044,63.613
1768494280.213322,64.866
1768494280.315772,70.934
1768494280.4251637,70.738
1768494280.5276392,70.988
1768494280.6299767,70.988
1768494280.7321346,67.663
1768494280.8342972,68.236
1768494280.9365535,66.473
1768494281.0389168,63.594
1768494281.1411128,66.726
1768494281.2434,66.122
1768494281.3457122,69.117
1768494281.4479592,63.574
1768494281.5501964,68.585
1768494281.6524885,65.062
1768494281.754872,70.01
1768494281.8601673,66.978
1768494281.9655666,68.934
1768494282.0681865,71.139
1768494282.1706688,65.69
1768494282.2734683,67.746
1768494282.37582,63.613
1768494282.4782903,66.179
1768494282.5805986,66.628
1768494282.6829417,68.738
1768494282.785073,65.885
1768494282.8876936,62.986
1768494282.9900997,66.824
1768494283.0992248,71.53
1768494283.204241,67.215
1768494283.3081381,70.944
1768494283.4103856,68.249
1768494283.5127785,68.725
1768494283.6150064,67.158
1768494283.7172651,63.025
1768494283.8196003,67.06
1768494283.929665,67.158
1768494284.0319648,69.955
1768494284.1341584,67.313
1768494284.2363658,64.515
1768494284.3385787,67.313
1768494284.4408,67.606
1768494284.5429964,68.445
1768494284.6451945,68.431
1768494284.7473204,71.726
1768494284.849541,67.606
1768494284.9517722,68.641
1768494285.0540097,66.081
1768494285.1563933,64.358
1768494285.2588584,66.277
1768494285.3676605,68.194
1768494285.4699569,68.291
1768494285.5723643,66.53
1768494285.674663,64.456
1768494285.7769606,65.632
1768494285.8792992,67.844
1768494285.981584,71.183
1768494286.0838428,67.9
1768494286.1859887,72.988
1768494286.2882588,69.27
1768494286.3904357,67.215
1768494286.49269,69.117
1768494286.5948293,62.79
1768494286.6970017,66.628
1768494286.799358,67.55
1768494286.907604,67.509
1768494287.0099504,67.565
1768494287.1123261,64.26
1768494287.2146916,66.236
1768494287.3168936,68.389
1768494287.419469,68.585
1768494287.521919,68.194
1768494287.624274,72.988
1768494287.726682,70.107
1768494287.828955,68.291
1768494287.9313328,68.236
1768494288.0336971,64.417
1768494288.1417089,68.138
1768494288.2444232,66.179
1768494288.346602,68.683
1768494288.4489825,67.06
1768494288.5512626,61.517
1768494288.653644,67.313
1768494288.7558987,67.648
1768494288.8582487,67.9
1768494288.9604983,70.107
1768494289.0628834,69.814
1768494289.1657002,67.802
1768494289.2680807,68.096
1768494289.3799262,64.848
1768494289.4832516,67.452
1768494289.5870047,67.509
1768494289.6891909,69.172
1768494289.7913563,64.221
1768494289.8936207,63.378
1768494289.9958384,67.858
1768494290.098092,67.117
1768494290.2002442,69.032
1768494290.306862,65.356
1768494290.4091666,71.227
1768494290.5126913,68.529
1768494290.614979,66.963
1768494290.7172449,64.221
1768494290.81955,61.358
1768494290.9218888,66.628
1768494291.0243173,66.375
1768494291.1267512,69.368
1768494291.2290642,64.064
1768494291.3315072,68.291
1768494291.4337788,65.356
1768494291.5360732,67.858
1768494291.640043,65.747
1768494291.7460551,68.249
1768494291.8482811,68.529
1768494291.9504092,67.565
1768494292.0526612,65.845
1768494292.1549053,62.458
1768494292.2571492,64.26
1768494292.3595853,67.256
1768494292.4618592,66.473
1768494292.5641057,68.487
1768494292.6663804,62.142
1768494292.7687542,66.122
1768494292.8710852,67.704
1768494292.9734037,70.303
1768494293.0757117,68.879
1768494293.1841383,72.552
1768494293.2864807,67.746
1768494293.3888395,67.606
1768494293.4909976,63.633
1768494293.5934377,64.848
1768494293.6958559,67.313
1768494293.7980666,67.509
1768494293.900272,69.032
1768494294.002589,67.998
1768494294.1050026,65.396
1768494294.2073534,67.215
1768494294.3096611,66.88
1768494294.4119594,70.988
1768494294.5210564,66.391
1768494294.623289,69.368
1768494294.7256653,67.06
1768494294.8278818,67.354
1768494294.9302087,62.986
1768494295.0325274,66.277
1768494295.1348581,67.313
1768494295.2376077,67.606
1768494295.339857,64.71
1768494295.4421053,66.53
1768494295.5444267,67.704
1768494295.650548,70.934
1768494295.7565155,68.836
1768494295.858848,69.564
1768494295.9610732,67.354
1768494296.063514,68.529
1768494296.1658714,63.515
1768494296.2681885,66.179
1768494296.3705485,67.215
1768494296.4729545,66.921
1768494296.575332,68.781
1768494296.684801,63.084
1768494296.7872412,66.808
1768494296.8894463,66.473
1768494296.991765,70.542
1768494297.0940707,67.158
