timestamp,power_watts
1768494797.7549922,28.902
1768494797.8578534,28.902
1768494797.9601038,29.0
1768494798.0623462,29.0
1768494798.1645832,29.396
1768494798.2672555,35.778
1768494798.3733487,35.856
1768494798.4769742,40.861
1768494798.5793676,30.68
1768494798.6818497,38.617
1768494798.7842011,43.078
1768494798.886501,32.737
1768494798.988822,44.186
1768494799.0910916,39.186
1768494799.1973486,33.823
1768494799.2998114,48.994
1768494799.4021804,36.349
1768494799.504544,36.271
1768494799.6069672,44.751
1768494799.7093258,32.046
1768494799.8117852,39.876
1768494799.9140465,39.482
1768494800.0164855,34.396
1768494800.1213498,48.323
1768494800.2236266,33.705
1768494800.325879,38.518
1768494800.4284058,38.496
1768494800.5310993,34.495
1768494800.6335132,39.754
1768494800.7359083,34.692
1768494800.8382337,47.184
1768494800.9406774,33.508
1768494801.0466275,39.603
1768494801.1488564,40.566
1768494801.2515368,47.409
1768494801.3538888,37.51
1768494801.4562259,34.199
1768494801.5583253,46.916
1768494801.6604838,37.631
1768494801.7626696,35.185
1768494801.8650253,46.79
1768494801.971047,32.225
1768494802.073293,38.102
1768494802.1756449,46.326
1768494802.2784777,32.916
1768494802.3807518,42.315
1768494802.4831226,43.446
1768494802.5855153,33.033
1768494802.6927109,40.542
1768494802.7970698,43.963
1768494802.9004018,33.606
1768494803.002602,43.373
1768494803.1048255,39.482
1768494803.207075,34.593
1768494803.309317,51.579
1768494803.4117062,32.539
1768494803.5142329,39.383
1768494803.6166027,45.44
1768494803.7214086,33.31
1768494803.823784,43.176
1768494803.926233,38.913
1768494804.028496,34.889
1768494804.1308374,47.352
1768494804.2331355,38.124
1768494804.335377,36.074
1768494804.4377162,51.481
1768494804.5399704,36.525
1768494804.6463675,34.593
1768494804.748752,49.515
1768494804.8510969,36.842
1768494804.953422,36.546
1768494805.0558188,45.61
1768494805.1582346,32.144
1768494805.2605555,40.05
1768494805.3628745,41.034
1768494805.465204,33.231
1768494805.5707252,49.711
1768494805.673109,36.074
1768494805.7764215,45.61
1768494805.8786159,32.638
1768494805.9808862,43.398
1768494806.0831974,37.532
1768494806.18548,35.087
1768494806.287753,45.976
1768494806.393531,32.144
1768494806.496022,46.129
1768494806.5983493,37.039
1768494806.7004957,48.138
1768494806.8029497,33.705
1768494806.9059286,47.577
1768494807.008302,32.243
1768494807.1114438,39.482
1768494807.2176294,44.652
1768494807.319971,32.441
1768494807.422358,41.822
1768494807.5247774,37.215
1768494807.627167,33.922
1768494807.7294762,43.595
1768494807.8318994,41.256
1768494807.9342585,33.428
1768494808.0364902,52.004
1768494808.143126,37.905
1768494808.2454987,34.495
1768494808.3477857,46.003
1768494808.4503727,40.641
1768494808.5528717,33.724
1768494808.6550608,45.511
1768494808.7572944,41.354
1768494808.8596735,33.132
1768494808.961892,40.664
1768494809.0672166,38.792
1768494809.1695263,34.199
1768494809.2717636,44.528
1768494809.3741367,38.321
1768494809.4767158,34.593
1768494809.5791283,46.326
1768494809.6814158,39.087
1768494809.7838876,34.988
1768494809.8909988,32.441
1768494809.994079,49.023
1768494810.096261,33.132
1768494810.1985242,47.409
1768494810.3007033,32.836
1768494810.4029543,40.96
1768494810.5051231,39.406
1768494810.6073258,34.199
1768494810.709446,47.802
1768494810.8150978,37.434
1768494810.9174795,34.593
1768494811.019762,50.271
1768494811.1225617,36.074
1768494811.2248456,35.56
1768494811.327183,46.326
1768494811.4301078,32.441
1768494811.5322564,39.284
1768494811.634533,45.467
1768494811.7399523,33.033
1768494811.842208,40.27
1768494811.9446015,43.792
1768494812.046818,33.705
1768494812.149065,48.561
1768494812.2514727,36.328
1768494812.3540213,37.927
1768494812.4563932,45.806
1768494812.5586634,33.033
1768494812.6641252,42.019
1768494812.7665553,38.025
1768494812.86885,34.297
1768494812.9713545,49.583
1768494813.0738883,32.836
1768494813.1764402,46.129
1768494813.2789664,36.546
1768494813.3813202,38.124
1768494813.4879873,37.806
1768494813.5905144,34.495
1768494813.6929288,45.905
1768494813.7953436,31.552
1768494813.897762,42.216
1768494814.000117,35.975
1768494814.1027203,34.988
1768494814.204976,45.073
1768494814.3074763,32.737
1768494814.4132624,33.705
1768494814.5154757,37.729
1768494814.6179373,42.315
1768494814.720233,33.132
1768494814.8225102,49.318
1768494814.9247494,31.947
1768494815.0271552,42.216
1768494815.1294765,37.554
1768494815.2317524,34.791
1768494815.337099,44.259
1768494815.4395518,32.934
1768494815.5428004,45.834
1768494815.6452148,33.409
1768494815.7480164,38.716
1768494815.85035,41.946
1768494815.9529088,33.132
1768494816.0552604,45.708
1768494816.1605172,33.132
1768494816.2630122,46.818
1768494816.3653498,30.977
1768494816.4678583,43.963
1768494816.5702322,31.552
1768494816.6725097,46.003
1768494816.774891,39.801
1768494816.8772676,36.842
1768494816.979786,34.199
1768494817.0856876,39.505
1768494817.1881533,32.718
1768494817.2903912,43.989
1768494817.3929062,31.651
1768494817.4952168,41.822
1768494817.5976312,35.876
1768494817.700026,35.087
1768494817.8023255,39.186
1768494817.9048278,34.1
1768494818.010587,43.668
1768494818.1129286,31.453
1768494818.2152953,39.974
1768494818.3177621,38.913
1768494818.4201584,33.033
1768494818.5225763,45.315
1768494818.6248772,37.631
1768494818.7272615,34.988
1768494818.8297005,44.724
1768494818.9356067,39.603
1768494819.037746,39.087
1768494819.1399295,33.508
1768494819.2421765,43.963
1768494819.344335,38.102
1768494819.4472213,35.284
1768494819.549511,46.495
1768494819.651805,39.505
1768494819.7542245,33.804
1768494819.860251,49.387
1768494819.9630535,34.297
1768494820.0653975,36.25
1768494820.1678069,50.959
1768494820.2722375,37.335
1768494820.3745167,37.335
1768494820.4771342,43.865
1768494820.579493,34.396
1768494820.6853144,46.987
1768494820.78772,37.729
1768494820.8900065,37.236
1768494820.9925036,39.876
1768494821.09496,35.087
1768494821.197221,51.481
1768494821.2995503,33.231
1768494821.4018383,41.33
1768494821.5082827,39.679
1768494821.6106646,36.349
1768494821.7129986,53.349
1768494821.8152177,33.527
1768494821.9174843,41.059
1768494822.0196881,40.12
1768494822.121997,37.532
1768494822.2242568,40.073
1768494822.3266816,33.626
1768494822.4327378,47.577
1768494822.5351484,33.902
1768494822.6375039,38.792
1768494822.739873,34.1
1768494822.8421917,44.134
1768494822.9444816,32.243
1768494823.0468788,39.679
1768494823.1492834,38.124
1768494823.25154,34.692
1768494823.35852,35.087
1768494823.4607441,37.039
1768494823.563027,39.087
1768494823.6654189,33.527
1768494823.7676616,49.151
1768494823.8699107,31.947
1768494823.9722133,43.3
1768494824.074378,37.258
1768494824.1773763,35.876
1768494824.2824438,44.751
1768494824.384781,32.342
1768494824.4872935,42.216
1768494824.5907426,38.223
1768494824.6931882,35.284
1768494824.795476,44.357
1768494824.8977838,32.144
1768494824.999989,37.729
1768494825.1022022,40.861
1768494825.2079015,33.508
1768494825.3102264,49.711
1768494825.4124985,32.342
1768494825.5149708,39.974
1768494825.617227,39.922
1768494825.7195396,34.297
1768494825.8218093,50.989
1768494825.924229,35.383
1768494826.0265105,39.012
1768494826.132249,39.974
1768494826.2345283,34.001
1768494826.3369777,49.908
1768494826.4393785,31.947
1768494826.5417218,39.754
1768494826.6443572,36.447
1768494826.746955,48.561
1768494826.8493872,33.033
1768494826.9557588,49.515
1768494827.0579758,35.679
1768494827.1604471,37.927
1768494827.2629256,45.467
1768494827.365169,32.342
1768494827.4677086,39.209
1768494827.570069,42.709
1768494827.6723554,32.934
1768494827.7746763,42.34
1768494827.8816953,33.606
1768494827.9839828,49.053
1768494828.0861099,37.335
1768494828.1882458,35.778
1768494828.290431,49.613
1768494828.3927345,37.751
1768494828.4950044,37.927
1768494828.5978127,47.31
1768494828.699976,32.836
1768494828.806032,38.913
1768494828.9082851,42.29
1768494829.011011,33.428
1768494829.1132643,42.979
1768494829.2154956,41.551
1768494829.3177786,34.1
1768494829.4200938,49.976
1768494829.522289,32.539
1768494829.6244693,37.631
1768494829.7299504,46.172
1768494829.8322592,37.532
1768494829.9345617,36.842
1768494830.0367868,45.27
1768494830.1391363,32.638
1768494830.2413754,39.087
1768494830.3437655,44.259
1768494830.4461913,32.638
1768494830.548721,39.679
1768494830.654588,42.216
1768494830.756875,33.31
1768494830.8591442,40.861
1768494830.9613607,41.896
1768494831.063751,34.1
1768494831.166093,44.58
1768494831.2682185,42.044
1768494831.3703983,33.626
1768494831.4726691,42.34
1768494831.5779006,43.471
1768494831.6802216,33.113
1768494831.7825375,38.693
1768494831.884863,47.844
1768494831.9871972,37.927
1768494832.0895286,38.299
1768494832.1919122,48.069
1768494832.2944212,33.508
1768494832.3967836,47.704
1768494832.5041535,33.31
1768494832.606647,38.003
1768494832.7089727,48.561
1768494832.8115666,36.94
1768494832.9140708,37.335
1768494833.016824,45.976
1768494833.1191363,33.31
1768494833.2213633,37.335
1768494833.3267763,52.366
1768494833.429172,33.033
1768494833.5314152,37.532
1768494833.6336877,48.561
1768494833.73603,34.968
1768494833.840158,36.349
1768494833.9423804,47.085
1768494834.044731,32.934
1768494834.146965,42.241
1768494834.2531762,45.341
1768494834.355539,33.231
1768494834.4578798,40.27
1768494834.5602882,47.155
1768494834.6625633,34.376
1768494834.7648873,36.743
1768494834.867106,47.085
1768494834.9696794,32.737
1768494835.0719697,42.315
1768494835.17836,40.96
1768494835.2806456,34.1
1768494835.383102,46.861
1768494835.4855318,32.737
1768494835.5878234,48.787
1768494835.6900392,39.36
1768494835.7922714,33.922
1768494835.8946373,49.544
1768494835.9969068,37.653
1768494836.0992641,38.321
1768494836.2036068,42.906
1768494836.3058953,34.297
1768494836.408252,45.019
1768494836.5106597,38.474
1768494836.6155534,35.679
1768494836.7179484,37.631
1768494836.8216827,46.255
1768494836.9273906,33.329
1768494837.029663,45.806
1768494837.1319144,40.96
1768494837.234184,33.508
1768494837.336578,44.259
1768494837.4388802,36.25
1768494837.5412426,40.467
1768494837.6441703,38.42
1768494837.7503772,36.842
1768494837.8577962,43.3
1768494837.9601831,32.836
1768494838.0624266,44.134
1768494838.1647987,37.905
1768494838.2671442,34.001
1768494838.369402,47.282
1768494838.4744952,36.919
1768494838.57686,36.962
1768494838.6791515,44.751
1768494838.7815142,35.954
1768494838.8838856,37.236
1768494838.9861925,48.225
1768494839.0886006,33.804
1768494839.191081,45.762
1768494839.2933116,41.527
1768494839.399412,33.902
1768494839.5018094,46.523
1768494839.6041327,40.172
1768494839.7063227,34.297
1768494839.8087788,46.818
1768494839.9111397,38.541
1768494840.0134788,35.383
1768494840.1158774,49.053
1768494840.223315,32.638
1768494840.3256688,38.397
1768494840.4279904,45.538
1768494840.530475,33.508
1768494840.6328998,40.861
1768494840.7352679,45.046
1768494840.837575,41.157
1768494840.9407325,42.906
1768494841.0469506,33.902
1768494841.1494346,48.787
1768494841.2520397,38.267
1768494841.3544164,36.94
1768494841.4568505,39.754
1768494841.5592291,34.889
1768494841.6621842,52.267
1768494841.764521,34.573
1768494841.870806,39.899
1768494841.97474,37.412
1768494842.0769882,36.863
1768494842.1792543,44.259
1768494842.281426,33.527
1768494842.3837798,48.954
1768494842.486221,36.623
1768494842.588487,37.258
1768494842.6948705,43.57
1768494842.7971337,32.737
1768494842.899382,43.595
1768494843.0018792,37.729
1768494843.104169,36.842
1768494843.2069533,45.118
1768494843.3092933,32.737
1768494843.4116662,44.015
1768494843.5140858,36.37
1768494843.6195326,37.335
1768494843.721947,44.849
1768494843.8242245,32.638
1768494843.926621,40.838
1768494844.029161,39.012
1768494844.1315982,36.37
1768494844.233933,49.476
1768494844.336174,36.842
1768494844.4387584,37.708
1768494844.543984,42.388
1768494844.6466818,34.692
1768494844.7490735,49.652
1768494844.8514278,37.236
1768494844.9538198,37.039
1768494845.056321,46.129
1768494845.1587248,43.274
1768494845.2614696,38.496
1768494845.3636053,35.284
1768494845.467636,46.944
1768494845.571293,33.132
1768494845.6736681,41.354
1768494845.7761383,42.216
1768494845.8786547,34.396
1768494845.9809964,51.941
1768494846.0832658,32.934
1768494846.1855798,49.81
1768494846.2881086,33.606
1768494846.3909993,41.33
1768494846.4987583,34.869
1768494846.6010652,37.434
1768494846.7034464,35.954
1768494846.8059983,33.31
1768494846.9083703,44.311
1768494847.010772,31.947
1768494847.1132147,41.724
1768494847.2156756,43.004
1768494847.3212516,33.527
1768494847.4236176,43.103
1768494847.5263484,40.861
1768494847.628681,33.606
1768494847.7310226,44.974
1768494847.8333223,38.277
1768494847.9356658,35.284
1768494848.0381289,52.267
1768494848.1405153,33.033
1768494848.246126,41.724
1768494848.3484623,41.946
1768494848.450752,34.988
1768494848.553105,47.999
1768494848.6554716,33.902
1768494848.757713,44.849
1768494848.8599784,38.397
1768494848.9623163,35.757
1768494849.064787,47.057
1768494849.171183,33.804
1768494849.2734828,43.471
1768494849.3757443,40.05
1768494849.4780638,35.58
1768494849.5804417,44.259
1768494849.6827302,40.148
1768494849.7850459,35.185
1768494849.887246,37.609
1768494849.9894233,34.791
1768494850.094965,40.739
1768494850.197353,34.001
1768494850.3003848,46.495
1768494850.4029794,32.046
1768494850.5055516,38.518
1768494850.607883,42.906
1768494850.7101848,33.428
1768494850.812604,44.652
1768494850.9154775,37.335
1768494851.0205903,38.321
1768494851.1229434,40.444
1768494851.2252052,33.804
1768494851.3276718,48.167
1768494851.430095,32.144
1768494851.5324833,41.527
1768494851.6347735,38.464
1768494851.7371366,35.185
1768494851.8394108,45.019
1768494851.9439366,32.441
1768494852.0462081,39.383
1768494852.1485982,37.729
1768494852.2509155,35.679
1768494852.3532784,44.554
1768494852.455661,32.737
1768494852.5581496,47.113
1768494852.6604395,36.25
1768494852.7627423,37.631
1768494852.8692882,42.438
1768494852.971486,32.934
1768494853.0738716,44.062
1768494853.1761887,36.743
1768494853.2785375,36.842
1768494853.3809934,42.512
1768494853.4833183,32.046
1768494853.5858083,39.11
1768494853.6882815,38.518
1768494853.7932847,35.58
1768494853.8957014,46.326
1768494853.9980695,33.231
1768494854.1004035,43.792
1768494854.2029297,36.349
1768494854.3058314,46.593
1768494854.4081304,32.737
1768494854.510426,42.585
1768494854.6170397,38.299
1768494854.719482,34.593
1768494854.8219788,50.891
1768494854.9246848,37.927
1768494855.0268843,36.94
1768494855.1292975,46.495
1768494855.2332165,32.836
1768494855.3355188,42.636
1768494855.4406393,42.192
1768494855.5429153,33.606
1768494855.6451666,40.27
1768494855.7476351,44.876
1768494855.849986,33.132
1768494855.9523716,38.397
1768494856.0546908,47.844
1768494856.1569443,32.737
1768494856.259304,39.482
1768494856.365334,39.603
1768494856.4678118,35.284
1768494856.570169,45.834
1768494856.6735008,33.033
1768494856.7760582,34.988
1768494856.8783705,36.842
1768494856.9807026,44.259
1768494857.0829864,32.539
1768494857.1888456,40.566
1768494857.2912605,45.118
1768494857.3935244,35.757
1768494857.4958785,37.609
1768494857.5981545,46.916
1768494857.7004404,32.836
1768494857.8028524,41.724
1768494857.9051406,38.89
1768494858.0075507,34.297
1768494858.1138988,46.523
1768494858.2163064,36.94
1768494858.318614,37.236
1768494858.4210222,33.033
1768494858.52392,43.989
1768494858.6261706,37.116
1768494858.7283397,36.25
1768494858.8305135,46.2
1768494858.9373624,33.804
1768494859.039675,40.073
1768494859.1420982,43.004
1768494859.2443633,33.212
1768494859.3466463,43.694
1768494859.4490144,37.905
1768494859.5514114,36.94
1768494859.6537528,36.053
1768494859.7560494,43.963
1768494859.8618672,34.199
1768494859.9642122,39.284
1768494860.066611,38.572
1768494860.1689348,35.185
1768494860.2711983,49.023
1768494860.3736105,37.631
1768494860.4761093,34.396
1768494860.5784693,45.806
1768494860.680886,38.42
1768494860.7863302,36.25
1768494860.888747,53.12
1768494860.9910772,37.828
1768494861.0935254,37.729
1768494861.195805,46.495
1768494861.298035,33.902
1768494861.400273,42.61
1768494861.5024946,40.787
1768494861.6068916,33.902
1768494861.7133284,46.397
1768494861.8159914,35.284
1768494861.9185426,47.254
1768494862.0208912,33.212
1768494862.1232514,39.012
1768494862.2257185,45.118
1768494862.3280847,34.297
1768494862.430384,50.468
1768494862.5328457,39.11
1768494862.6358469,36.94
1768494862.7381964,47.507
1768494862.8405175,33.014
1768494862.9428828,39.482
1768494863.0451303,33.033
1768494863.1477842,38.299
1768494863.249973,48.069
1768494863.3520591,34.297
1768494863.4542391,38.102
1768494863.5564673,45.341
1768494863.6624992,36.82
1768494863.765309,38.124
1768494863.8675807,46.593
1768494863.9699278,38.2
1768494864.0724754,35.383
1768494864.1754727,47.675
1768494864.277683,41.428
1768494864.386638,33.804
1768494864.4890194,42.61
1768494864.591329,46.424
1768494864.6936493,33.113
1768494864.796035,38.913
1768494864.8983886,46.664
1768494865.000673,33.231
1768494865.1029592,40.27
1768494865.2052913,44.652
1768494865.3076549,33.902
1768494865.412374,46.03
1768494865.514761,38.989
1768494865.6170857,35.658
1768494865.7193983,50.634
1768494865.821732,37.729
1768494865.9239383,38.223
1768494866.0262287,45.243
1768494866.1285348,33.033
1768494866.2309659,39.777
1768494866.3373659,45.834
1768494866.439694,33.212
1768494866.5419917,40.369
1768494866.6442795,37.554
1768494866.7468507,45.046
1768494866.84927,34.001
1768494866.9515653,50.006
1768494867.0539508,37.927
1768494867.1565254,35.876
1768494867.2616904,46.888
1768494867.3640883,38.223
1768494867.4663317,44.233
1768494867.5696473,35.284
1768494867.6717768,47.872
1768494867.773902,33.626
1768494867.8760946,39.777
1768494867.9783406,50.596
1768494868.0806036,33.132
1768494868.186185,39.974
1768494868.2884355,47.38
1768494868.3907256,33.705
1768494868.4938788,39.679
1768494868.5962834,45.932
1768494868.698715,34.1
1768494868.8009634,41.354
1768494868.9032233,43.767
1768494869.0107875,34.495
1768494869.113079,47.409
1768494869.2153218,38.595
1768494869.3176043,36.447
1768494869.4198754,48.728
1768494869.5222466,34.593
1768494869.6246796,37.236
1768494869.7269032,48.098
1768494869.829181,33.132
1768494869.9342985,40.369
1768494870.036795,44.679
1768494870.139086,34.317
1768494870.2417421,38.913
1768494870.344229,37.236
1768494870.4467957,41.847
1768494870.549279,34.001
1768494870.651941,46.2
1768494870.7542648,39.209
1768494870.860601,35.876
1768494870.9629195,47.872
1768494871.065271,33.409
1768494871.1676028,34.001
1768494871.2699783,43.989
1768494871.3723006,34.889
1768494871.4744775,49.249
1768494871.5768864,33.31
1768494871.6834657,41.231
1768494871.7857327,35.383
1768494871.8887792,47.675
1768494871.9909122,33.31
1768494872.0930974,47.282
1768494872.195248,33.033
1768494872.2975461,47.184
1768494872.400218,32.638
1768494872.5024724,46.03
1768494872.611625,32.243
1768494872.7139585,44.357
1768494872.8162813,37.729
1768494872.9185982,36.172
1768494873.02075,43.471
1768494873.1232085,33.508
1768494873.2255013,47.015
1768494873.3318644,38.639
1768494873.4341533,35.284
1768494873.536418,47.872
1768494873.6387985,33.527
1768494873.7412233,42.143
1768494873.8436327,45.046
1768494873.946199,34.692
1768494874.0484471,51.253
1768494874.1507676,33.804
1768494874.2567513,54.299
1768494874.3591163,33.409
1768494874.4614196,44.062
1768494874.5638611,38.617
1768494874.6662114,36.842
1768494874.768619,46.003
1768494874.871109,34.396
1768494874.9734905,50.725
1768494875.0757296,40.05
1768494875.1813023,35.757
1768494875.283735,45.019
1768494875.3859985,33.033
1768494875.4884427,38.518
1768494875.5908554,47.31
1768494875.6933086,33.212
1768494875.795746,42.388
1768494875.8981555,41.724
1768494876.0052443,44.285
1768494876.108883,37.905
1768494876.2111452,36.349
1768494876.3133717,49.476
1768494876.4156032,33.31
1768494876.5177526,49.289
1768494876.619972,32.934
1768494876.7223623,38.2
1768494876.829931,35.284
1768494876.9327607,50.331
1768494877.0350623,37.927
1768494877.137258,37.729
1768494877.2396553,42.979
1768494877.3419971,33.508
1768494877.444289,47.647
1768494877.5467515,38.518
1768494877.649238,34.593
1768494877.7543757,47.844
1768494877.8567932,40.073
1768494877.959274,36.37
1768494878.0616066,51.45
1768494878.164116,33.231
1768494878.2664695,42.636
1768494878.3688793,38.966
1768494878.4714017,36.074
1768494878.5778944,51.512
1768494878.6801353,39.11
1768494878.7824051,35.679
1768494878.8848312,53.186
1768494878.9871519,38.42
1768494879.0895138,37.927
1768494879.1920202,43.741
1768494879.2944348,34.495
1768494879.3968656,47.999
1768494879.5029101,37.434
1768494879.605344,38.518
1768494879.707988,43.274
1768494879.810297,34.297
1768494879.9131455,47.184
1768494880.0155268,32.836
1768494880.1179595,41.157
1768494880.220309,38.769
1768494880.3228989,35.383
1768494880.4277089,32.934
1768494880.531168,44.357
1768494880.6333563,39.133
1768494880.735493,35.383
1768494880.8380072,46.987
1768494880.9402828,32.539
1768494881.04268,44.186
1768494881.1449196,36.349
1768494881.2478833,37.532
1768494881.3530838,41.822
1768494881.4554427,34.495
1768494881.5577621,45.762
1768494881.6616647,33.329
1768494881.764011,47.479
1768494881.8664758,37.039
1768494881.9688241,36.863
1768494882.0710392,41.625
1768494882.1733835,34.988
1768494882.2795854,38.003
1768494882.38196,34.593
1768494882.484314,46.987
1768494882.5866315,36.666
1768494882.689062,38.595
1768494882.7918413,38.617
1768494882.8943186,36.271
1768494882.9969492,47.479
1768494883.1035106,33.626
1768494883.2060974,50.075
1768494883.308636,34.889
1768494883.4111395,38.496
1768494883.5137877,45.637
1768494883.6162806,33.508
1768494883.7188227,45.073
1768494883.8212147,38.89
1768494883.9271116,35.679
1768494884.0296056,46.987
1768494884.132106,33.132
1768494884.234847,42.388
1768494884.3371444,39.754
1768494884.439499,35.087
1768494884.541785,49.711
1768494884.6442387,38.321
1768494884.7465699,36.645
1768494884.8523173,34.396
1768494884.954813,50.271
1768494885.0573127,36.447
1768494885.1595397,38.595
1768494885.261944,47.38
1768494885.3641262,33.132
1768494885.4662843,39.307
1768494885.5685725,47.212
1768494885.674011,37.828
1768494885.7768452,37.434
1768494885.8793883,51.874
1768494885.982081,38.2
1768494886.084359,37.532
1768494886.18667,48.364
1768494886.2890155,33.508
1768494886.3913686,40.96
1768494886.493741,37.806
1768494886.6007047,37.357
1768494886.7032022,38.047
1768494886.8054788,42.807
1768494886.9079163,41.724
1768494887.0102782,35.185
1768494887.1132379,52.464
1768494887.2156518,33.329
1768494887.3179388,42.143
1768494887.4243588,41.33
1768494887.526792,35.383
1768494887.629182,47.802
1768494887.7314699,33.231
1768494887.8339803,37.927
1768494887.9362252,47.212
1768494888.0385454,35.56
1768494888.140915,40.664
1768494888.2433152,42.118
1768494888.3493133,34.692
1768494888.451617,43.891
1768494888.5539825,40.444
1768494888.656383,34.199
1768494888.7587667,41.625
1768494888.8610134,43.989
1768494888.9633553,34.297
1768494889.0657034,44.062
1768494889.168173,38.989
1768494889.2742543,49.485
1768494889.376512,34.1
1768494889.478695,38.89
1768494889.5809574,49.938
1768494889.683091,34.001
1768494889.785199,42.979
1768494889.8873928,39.951
1768494889.9897609,35.383
1768494890.092067,51.745
1768494890.1941764,33.902
1768494890.3030288,40.467
1768494890.4052546,48.954
1768494890.5075035,35.56
1768494890.6097682,38.595
1768494890.7120655,47.872
1768494890.8145957,33.804
1768494890.9169629,40.641
1768494891.019179,45.538
1768494891.1253135,34.988
1768494891.2276988,52.825
1768494891.33004,35.284
1768494891.432528,39.679
1768494891.5349388,46.692
1768494891.6373918,34.396
1768494891.7399108,41.133
1768494891.842313,43.544
1768494891.9446514,34.692
1768494892.0488632,45.834
1768494892.1526976,39.603
1768494892.2550938,38.124
1768494892.357446,49.643
1768494892.4600713,34.889
1768494892.5624452,48.364
1768494892.665095,34.593
1768494892.7675526,49.122
1768494892.8700547,36.842
1768494892.9762402,40.467
1768494893.0787961,38.617
1768494893.1811655,40.861
1768494893.2836308,40.247
1768494893.3862216,36.25
1768494893.4888136,45.806
1768494893.591118,35.383
1768494893.6936476,32.836
1768494893.8004317,41.65
1768494893.903343,40.369
1768494894.0057573,34.495
1768494894.1082883,49.19
1768494894.2104402,36.645
1768494894.3127797,37.828
1768494894.4150712,46.523
1768494894.5188925,33.231
1768494894.6240337,42.487
1768494894.7262676,41.133
1768494894.8286626,35.284
1768494894.9312491,50.664
1768494895.033631,33.606
1768494895.135894,40.936
1768494895.2381265,45.735
1768494895.3404396,34.495
1768494895.4430304,46.452
1768494895.5482597,39.876
1768494895.6506147,33.113
1768494895.7529502,38.814
1768494895.8553228,48.364
1768494895.957651,34.021
1768494896.0598938,46.03
1768494896.1626098,33.902
1768494896.2650106,42.34
1768494896.3673024,46.987
1768494896.4737363,34.593
1768494896.5762007,46.03
1768494896.6784768,38.966
1768494896.7812817,52.86
1768494896.8837204,37.335
1768494896.9862063,37.532
1768494897.088501,49.161
1768494897.190859,34.001
1768494897.2981641,41.256
1768494897.4007723,40.42
1768494897.5031333,36.447
1768494897.605622,42.413
1768494897.7079597,37.532
1768494897.8102913,41.625
1768494897.9126499,33.902
1768494898.0149682,45.735
1768494898.1230414,34.199
1768494898.225354,46.495
1768494898.3276083,42.734
1768494898.4299562,35.284
1768494898.5323274,44.383
1768494898.6350527,34.278
1768494898.7383096,43.668
1768494898.8443441,39.534
1768494898.9468687,35.856
1768494899.049218,49.613
1768494899.1514342,39.656
1768494899.2538357,37.039
1768494899.3560884,52.169
1768494899.458489,39.459
1768494899.5610116,36.743
1768494899.663393,54.757
1768494899.7684395,38.124
1768494899.8708067,39.209
1768494899.9732912,44.876
1768494900.0757194,34.199
1768494900.1780488,49.711
1768494900.2803605,34.573
1768494900.3828344,43.424
1768494900.485227,39.406
1768494900.587475,36.172
1768494900.693969,49.741
1768494900.7962291,33.705
1768494900.8985944,39.505
1768494901.0009334,40.838
1768494901.1033702,34.593
1768494901.2056694,48.699
1768494901.3081145,37.236
1768494901.4104807,38.025
1768494901.5168846,45.216
1768494901.6191924,34.001
1768494901.7216659,46.03
1768494901.8240135,41.527
1768494901.9262762,34.692
1768494902.028671,46.888
1768494902.1311705,38.025
1768494902.2335317,37.236
1768494902.3361351,43.201
1768494902.4410124,32.836
1768494902.5432827,44.679
1768494902.6454868,40.467
1768494902.7483966,34.692
1768494902.8507152,52.562
1768494902.953533,37.313
1768494903.0559275,38.397
1768494903.1593752,43.471
1768494903.2647343,36.271
1768494903.367055,46.523
1768494903.469347,33.409
1768494903.5716772,44.58
1768494903.6740186,39.133
1768494903.7762806,34.889
1768494903.878678,50.989
1768494903.9810464,36.546
1768494904.083625,39.58
1768494904.1897533,42.019
1768494904.2921014,35.284
1768494904.3943403,50.271
1768494904.4968202,33.606
1768494904.599317,40.073
1768494904.7016995,42.906
1768494904.8040237,35.383
1768494904.906447,51.874
1768494905.013471,38.693
1768494905.1159077,36.468
1768494905.2182367,46.987
1768494905.32074,34.001
1768494905.4231098,46.987
1768494905.5254905,39.557
1768494905.6280456,35.876
1768494905.7304246,46.664
1768494905.8377187,33.231
1768494905.9401672,41.256
1768494906.0426486,40.467
1768494906.145243,34.495
1768494906.2477636,48.266
1768494906.3501146,35.954
1768494906.452592,41.378
1768494906.5548563,34.495
1768494906.66077,44.285
1768494906.7632835,38.321
1768494906.8660507,43.792
1768494906.9719326,33.705
1768494907.0741656,44.751
1768494907.1779203,39.087
1768494907.280125,35.876
1768494907.3852067,45.145
1768494907.4876006,33.132
1768494907.5900748,42.537
1768494907.6924357,41.428
1768494907.794874,34.297
1768494907.8971202,48.266
1768494907.9993658,37.905
1768494908.1018505,37.532
1768494908.2042694,43.424
1768494908.3092341,34.692
1768494908.4115224,52.791
1768494908.5138788,33.31
1768494908.6162505,50.203
1768494908.7186894,38.518
1768494908.821116,37.631
1768494908.92358,46.172
1768494909.0260437,33.606
1768494909.1284823,44.482
1768494909.2335088,39.065
1768494909.3358338,36.94
1768494909.4384148,46.227
1768494909.5409713,34.1
1768494909.6433754,44.724
1768494909.7458575,33.231
1768494909.8483257,48.827
1768494909.9507492,32.836
1768494910.053094,44.876
1768494910.1592004,32.441
1768494910.2616103,44.285
1768494910.3640158,32.737
1768494910.4664369,45.834
1768494910.568871,32.539
1768494910.6712472,36.447
1768494910.7749586,39.482
1768494910.8772085,37.313
1768494910.9833376,36.842
1768494911.0861003,36.525
1768494911.191214,38.223
1768494911.2954216,40.861
1768494911.3978522,34.297
1768494911.500076,49.878
1768494911.6064377,35.856
1768494911.7088926,39.974
1768494911.8116148,40.739
1768494911.9142528,34.889
1768494912.0170798,48.069
1768494912.1195304,36.842
1768494912.2220957,38.518
1768494912.324709,41.354
1768494912.4304912,34.692
1768494912.5330439,47.45
1768494912.6355965,32.62
1768494912.7379975,40.566
1768494912.8405302,38.716
1768494912.9429727,35.658
1768494913.0454004,46.102
1768494913.147913,33.329
1768494913.2538412,44.186
1768494913.3562913,32.836
1768494913.4587038,45.046
1768494913.561309,38.595
1768494913.6637757,35.185
1768494913.7661815,46.888
1768494913.8687882,36.349
1768494913.9713476,38.025
1768494914.0769954,42.979
1768494914.1794782,34.199
1768494914.2819772,46.227
1768494914.3845968,37.927
1768494914.4870105,36.645
1768494914.589613,33.033
1768494914.6924744,38.518
1768494914.7951298,49.279
1768494914.901844,33.508
1768494915.0040483,41.33
1768494915.106479,32.836
1768494915.2105727,43.57
1768494915.312997,33.033
1768494915.4154963,41.354
1768494915.517919,42.906
1768494915.621005,34.396
1768494915.7257655,53.282
1768494915.8280597,39.383
1768494915.930477,37.138
1768494916.0328758,48.925
1768494916.1352172,37.116
1768494916.2378778,39.702
1768494916.3403022,44.501
1768494916.4426734,34.889
1768494916.5488563,48.069
1768494916.6511517,33.902
1768494916.7537382,41.378
1768494916.8560522,34.889
1768494916.9584827,48.167
1768494917.0609114,39.209
1768494917.1633372,36.743
1768494917.2656817,47.942
1768494917.368169,34.1
1768494917.4729621,41.059
1768494917.5751817,44.357
1768494917.6774457,34.001
1768494917.779766,44.259
1768494917.882071,38.989
1768494917.984429,36.447
1768494918.0866628,47.745
1768494918.1889403,38.792
1768494918.291246,37.138
1768494918.3967652,50.535
1768494918.499095,33.902
1768494918.6014922,40.247
1768494918.7038522,39.284
1768494918.8063967,36.447
1768494918.9089775,38.003
1768494919.0112975,37.708
1768494919.1136305,48.561
1768494919.2159154,33.705
1768494919.3212545,43.103
1768494919.430628,45.44
1768494919.534419,34.199
1768494919.6367652,39.087
1768494919.7391956,45.905
1768494919.8416984,34.396
1768494919.9467778,48.532
1768494920.0491529,39.58
1768494920.1514711,37.138
1768494920.253932,47.113
1768494920.3562639,38.223
1768494920.4587553,37.236
1768494920.561378,54.79
1768494920.6636736,39.801
1768494920.7681026,36.37
1768494920.8705041,47.507
1768494920.9729226,43.201
1768494921.0752444,34.889
1768494921.1777043,42.512
1768494921.2801445,46.424
1768494921.3824677,34.593
1768494921.4849062,39.679
1768494921.587163,49.711
1768494921.6894221,39.876
1768494921.7933848,38.617
1768494921.895878,54.855
1768494921.998336,41.477
1768494922.1006336,37.236
1768494922.2029881,52.499
1768494922.305391,39.974
1768494922.4078116,38.989
1768494922.5101721,50.664
1768494922.6125698,34.889
1768494922.714923,40.664
1768494922.819298,47.872
1768494922.9217324,35.087
1768494923.0240762,43.891
1768494923.1264,47.127
1768494923.2287629,48.364
1768494923.331979,40.566
1768494923.4343421,35.087
1768494923.5365002,49.75
1768494923.6387615,38.42
1768494923.7408786,38.595
1768494923.8556178,46.888
1768494923.9578576,33.982
1768494924.0604107,39.307
1768494924.162769,46.03
1768494924.2650845,34.001
1768494924.3707476,46.129
1768494924.4730332,39.284
1768494924.575345,37.434
1768494924.6776972,49.741
1768494924.7802005,33.902
1768494924.8825018,39.853
1768494924.984959,48.462
1768494925.087287,34.396
1768494925.189673,45.735
1768494925.294144,37.138
1768494925.3963833,42.979
1768494925.4987407,36.172
1768494925.6009867,49.741
1768494925.7033231,34.001
1768494925.8056996,41.822
1768494925.908059,46.495
1768494926.010555,34.791
1768494926.1131666,49.711
1768494926.218723,38.617
1768494926.3211188,38.496
1768494926.42381,47.549
1768494926.5260494,36.172
1768494926.6284978,51.223
1768494926.730965,34.1
1768494926.8334122,33.606
1768494926.9358308,46.397
1768494927.0383062,38.223
1768494927.1438818,42.216
1768494927.246355,33.231
1768494927.3488111,43.103
1768494927.4512622,47.97
1768494927.5542843,33.231
1768494927.6568198,43.741
1768494927.7590702,34.199
1768494927.8632712,45.538
1768494927.9684803,35.954
1768494928.070873,38.397
1768494928.1746013,43.201
1768494928.277752,33.606
1768494928.3800542,43.103
1768494928.4824197,38.693
1768494928.5846293,36.447
1768494928.686997,46.523
1768494928.793561,34.1
1768494928.8959827,50.339
1768494928.99838,37.927
1768494929.1007318,37.434
1768494929.2031167,46.397
1768494929.3054903,33.409
1768494929.408125,44.088
1768494929.5104656,39.702
1768494929.616419,36.172
1768494929.7187877,53.152
1768494929.8212864,33.902
1768494929.923683,41.822
1768494930.0265172,44.114
1768494930.1288698,34.396
1768494930.2312827,52.825
1768494930.3340054,34.495
1768494930.4398837,47.015
1768494930.5422256,33.705
1768494930.6444855,43.3
1768494930.7470658,42.019
1768494930.8494048,35.58
1768494930.9518428,48.59
1768494931.0543537,33.804
1768494931.1567714,42.118
1768494931.2592068,38.693
1768494931.3642912,36.053
1768494931.466704,44.921
1768494931.5690646,49.289
1768494931.6732795,33.804
1768494931.775558,40.369
1768494931.877846,41.822
1768494931.9802465,34.1
1768494932.082544,50.105
1768494932.1888583,36.94
1768494932.292496,38.397
1768494932.3948545,42.709
1768494932.497222,34.199
1768494932.599399,49.122
1768494932.701916,38.868
1768494932.804198,36.349
1768494932.906401,47.184
1768494933.0130634,33.428
1768494933.1158547,44.876
1768494933.2184753,33.606
1768494933.3209472,41.256
1768494933.4232159,38.42
1768494933.5256457,36.447
1768494933.6280158,46.326
1768494933.7305372,33.329
1768494933.8328962,41.527
1768494933.9391623,40.27
1768494934.0415158,35.56
1768494934.1438932,48.167
1768494934.2463033,33.409
1768494934.3487623,46.2
1768494934.4513187,38.868
1768494934.5536833,36.151
1768494934.656144,49.289
1768494934.75838,35.087
1768494934.863311,38.299
1768494934.965777,48.294
1768494935.0680826,33.527
1768494935.1704757,43.004
1768494935.2727618,38.989
1768494935.3751168,37.532
1768494935.4773886,47.184
1768494935.5797572,33.31
1768494935.6820877,39.679
1768494935.7844322,42.241
1768494935.8904777,35.087
1768494935.992924,39.876
1768494936.0970905,36.349
1768494936.1994135,47.97
1768494936.3019443,32.836
1768494936.4040992,47.872
1768494936.5110595,37.729
1768494936.614952,37.532
1768494936.717281,31.651
1768494936.8194878,42.906
1768494936.921798,38.2
1768494937.0240586,35.284
1768494937.1262953,46.916
1768494937.2285419,36.82
1768494937.3307035,38.025
1768494937.4329734,42.413
1768494937.5353005,35.975
1768494937.6416345,48.196
1768494937.7440677,33.033
1768494937.846494,42.413
1768494937.9487598,39.505
1768494938.0513575,34.1
1768494938.153725,50.793
1768494938.256144,37.828
1768494938.3584952,39.505
1768494938.460911,37.828
1768494938.5657754,38.321
1768494938.66806,40.617
1768494938.7703938,34.593
1768494938.8728027,46.593
1768494938.9750695,32.243
1768494939.077362,38.814
1768494939.1796787,41.946
1768494939.282083,34.1
1768494939.3844264,43.57
1768494939.490831,32.539
1768494939.5931673,47.577
1768494939.6954148,34.001
1768494939.797763,39.383
1768494939.9000106,41.625
1768494940.002218,33.804
1768494940.104634,47.409
1768494940.2070725,33.132
1768494940.3093498,41.65
1768494940.4156954,41.133
1768494940.5183043,47.31
1768494940.6214683,32.934
1768494940.7237194,46.326
1768494940.825882,38.223
1768494940.9281588,35.856
1768494941.030544,47.507
1768494941.1340055,33.132
1768494941.2398784,42.315
1768494941.3423107,38.595
1768494941.444787,36.349
1768494941.5471694,46.916
1768494941.6494648,33.804
1768494941.751881,47.38
1768494941.8543246,39.087
1768494941.9566312,36.546
1768494942.05891,50.989
1768494942.164669,36.074
1768494942.2670424,38.693
1768494942.3696597,43.004
1768494942.472071,35.185
1768494942.5744798,52.857
1768494942.6768346,37.335
1768494942.7794814,40.566
1768494942.8819087,42.266
1768494942.988062,35.284
1768494943.090732,51.419
1768494943.1931758,35.067
1768494943.295513,38.003
1768494943.3980258,46.916
1768494943.5005794,34.1
1768494943.6029193,53.349
1768494943.7053897,33.231
1768494943.8114772,43.694
1768494943.9140468,38.913
1768494944.016477,35.679
1768494944.11888,46.102
1768494944.2212176,32.934
1768494944.3236163,40.444
1768494944.4259713,40.172
1768494944.5283253,34.988
1768494944.6308954,51.481
1768494944.7368476,32.934
1768494944.8406153,52.66
1768494944.9429536,37.412
1768494945.045131,36.447
1768494945.1474054,46.298
1768494945.2498183,33.409
1768494945.3527055,44.679
1768494945.4549868,37.313
1768494945.561489,38.716
1768494945.6638207,44.751
1768494945.7662058,34.297
1768494945.8684945,49.387
1768494945.971004,32.737
1768494946.0734448,47.901
1768494946.175958,32.539
1768494946.278257,38.595
1768494946.380511,41.083
1768494946.4863935,37.039
1768494946.5888298,39.087
1768494946.691198,34.889
1768494946.7935975,35.087
1768494946.8961127,40.467
1768494946.9984958,43.767
1768494947.1009197,33.212
1768494947.2034273,48.433
1768494947.310499,35.461
1768494947.41305,40.27
1768494947.5154881,37.905
1768494947.6179287,39.087
1768494947.720276,35.185
1768494947.822645,41.921
1768494947.9252014,39.33
1768494948.0276406,33.902
1768494948.1337502,46.523
1768494948.236081,32.539
1768494948.3385966,40.664
1768494948.4410691,40.861
1768494948.5433912,34.495
1768494948.6457894,51.972
1768494948.748238,36.053
1768494948.85052,37.828
1768494948.9528663,44.429
1768494949.058687,42.906
1768494949.1616225,38.595
1768494949.2637887,36.151
1768494949.3661463,49.476
1768494949.4683459,36.25
1768494949.5715678,38.321
1768494949.673848,44.16
1768494949.7762039,34.692
1768494949.8822696,45.315
1768494949.9846518,36.645
1768494950.0872226,37.927
1768494950.1896172,43.446
1768494950.2922194,33.902
1768494950.3949032,48.954
1768494950.4973054,37.357
1768494950.5996084,35.954
1768494950.702003,48.787
1768494950.807697,38.42
1768494950.9101002,36.349
1768494951.0125418,46.074
1768494951.1151657,34.199
1768494951.2175329,44.429
1768494951.3200274,39.679
1768494951.4224002,39.482
1768494951.5247877,38.913
1768494951.6272624,36.151
1768494951.7328806,52.857
1768494951.8355045,33.705
1768494951.937926,38.814
1768494952.0403428,46.79
1768494952.1427474,33.705
1768494952.2450645,43.274
1768494952.3474452,38.89
1768494952.450005,37.609
1768494952.5561805,39.876
1768494952.658568,35.58
1768494952.7609336,45.905
1768494952.8635726,33.705
1768494952.9659657,42.019
1768494953.0682929,37.729
1768494953.1707368,35.087
1768494953.2731364,47.872
1768494953.37566,38.89
1768494953.4819324,39.801
1768494953.5849235,35.185
1768494953.687374,49.249
1768494953.792472,32.934
1768494953.8961096,39.11
1768494953.9985926,44.652
1768494954.1008716,33.626
1768494954.2068908,45.44
1768494954.3092303,38.397
1768494954.4116707,37.532
1768494954.5140865,44.652
1768494954.616644,33.409
1768494954.7190292,45.243
1768494954.8216627,38.989
1768494954.9240355,35.185
1768494955.026779,47.282
1768494955.131892,32.638
1768494955.2342231,41.157
1768494955.3370206,38.102
1768494955.4395032,36.743
1768494955.5418696,43.176
1768494955.6442187,33.705
1768494955.746631,49.387
1768494955.849073,37.434
1768494955.9515374,37.532
1768494956.0567436,42.019
1768494956.15927,33.231
1768494956.261848,45.905
1768494956.3644116,32.737
1768494956.4667783,44.679
1768494956.5694735,32.638
1768494956.6735396,42.585
1768494956.77762,32.144
1768494956.8811533,43.595
1768494956.9836009,32.737
1768494957.085987,39.087
1768494957.1884391,41.453
1768494957.290857,32.934
1768494957.3933392,39.383
1768494957.4959204,42.413
1768494957.5983732,34.199
1768494957.7008276,45.735
1768494957.807106,37.236
1768494957.9094772,39.284
1768494958.0118296,35.757
1768494958.1155095,44.357
1768494958.2178607,34.396
1768494958.320212,47.212
1768494958.4225526,33.804
1768494958.5248797,49.711
1768494958.631513,33.033
1768494958.7339942,41.133
1768494958.8364227,38.124
1768494958.9387808,35.876
1768494959.0410564,46.326
1768494959.1433926,33.329
1768494959.2458842,40.861
1768494959.3481987,38.496
1768494959.4505332,35.679
1768494959.5558689,40.96
1768494959.6581488,33.705
1768494959.7605047,46.888
1768494959.8629026,32.638
1768494959.9652603,42.413
1768494960.0677962,36.525
1768494960.170171,39.307
1768494960.2726252,38.025
1768494960.3751087,34.001
1768494960.4818127,45.61
1768494960.5843022,33.587
1768494960.6867986,37.631
1768494960.789068,42.512
1768494960.8913186,33.409
1768494960.9937403,47.38
1768494961.096183,37.138
1768494961.19852,38.025
1768494961.300898,45.484
1768494961.4066272,33.409
1768494961.5089228,49.515
1768494961.6115196,37.949
1768494961.7140489,38.42
1768494961.8164327,44.876
1768494961.9190023,33.508
1768494962.0214312,38.321
1768494962.1238093,46.987
1768494962.226104,38.223
1768494962.3329065,47.184
1768494962.441491,34.791
1768494962.545193,37.335
1768494962.6473732,51.057
1768494962.7496758,38.617
1768494962.8547978,37.313
1768494962.9572546,52.66
1768494963.059638,33.409
1768494963.161969,41.157
1768494963.2643256,44.777
1768494963.3667526,34.692
1768494963.4691906,48.491
1768494963.571587,40.096
1768494963.6738534,36.645
1768494963.779306,52.397
1768494963.8817012,33.902
1768494963.98418,41.354
1768494964.086553,45.735
1768494964.1887846,34.593
1768494964.2912395,43.398
1768494964.3935888,42.585
1768494964.4959567,35.087
1768494964.5984306,48.856
1768494964.7035146,41.625
1768494964.80604,35.975
1768494964.9085433,46.397
1768494965.0108697,39.11
1768494965.1131601,35.975
1768494965.2154305,45.708
1768494965.3177598,33.705
1768494965.4200523,48.196
1768494965.5226948,33.508
1768494965.6286337,41.453
1768494965.7310476,39.284
1768494965.8335302,36.349
1768494965.935817,47.872
1768494966.0382295,33.902
1768494966.1406257,50.006
1768494966.2430735,33.212
1768494966.3455696,38.124
1768494966.453136,41.724
1768494966.5554411,38.321
1768494966.6605394,40.763
1768494966.7632482,35.481
1768494966.865564,47.675
1768494966.9679823,33.527
1768494967.0702727,39.482
1768494967.1754484,38.2
1768494967.2779033,35.778
1768494967.3801403,45.27
1768494967.482492,33.033
1768494967.5850973,45.538
1768494967.6875882,38.2
1768494967.7899914,39.209
1768494967.8923247,42.019
1768494967.994722,34.791
1768494968.1012976,45.708
1768494968.2036932,33.508
1768494968.3062232,46.959
1768494968.4084814,32.934
1768494968.5109613,42.093
1768494968.6133587,32.62
1768494968.7157617,42.61
1768494968.8183222,39.087
1768494968.9237864,35.383
1768494969.0261545,47.745
1768494969.1284928,33.033
1768494969.2308598,43.865
1768494969.3332555,37.806
1768494969.4359574,38.321
1768494969.5384908,45.878
1768494969.6408808,34.199
1768494969.7432466,50.43
1768494969.8494167,35.087
1768494969.9518394,38.124
1768494970.054169,48.688
1768494970.1565065,33.804
1768494970.259513,42.807
1768494970.3617969,40.542
1768494970.4641962,52.204
1768494970.5666683,33.508
1768494970.6718395,42.61
1768494970.7744708,41.034
1768494970.8816793,35.383
1768494970.984048,47.254
1768494971.0865788,34.692
1768494971.1891353,39.482
1768494971.2916164,42.906
1768494971.3968372,34.396
1768494971.499213,46.003
1768494971.6015723,39.801
1768494971.7040057,34.791
1768494971.8064077,48.925
1768494971.9088295,38.003
1768494972.0111506,37.039
1768494972.1136475,51.284
1768494972.2160327,33.527
1768494972.322272,40.763
1768494972.4246702,41.428
1768494972.527061,35.383
1768494972.6294851,51.186
1768494972.7318943,39.459
1768494972.834424,39.679
1768494972.936881,37.236
1768494973.0393531,38.595
1768494973.1460133,43.103
1768494973.2484732,34.791
1768494973.3506637,53.022
1768494973.4538343,37.018
1768494973.5563397,38.913
1768494973.6590753,47.38
1768494973.7613654,33.626
1768494973.863869,38.716
1768494973.9688501,48.167
1768494974.0712688,38.397
1768494974.1736665,36.863
1768494974.2760596,50.664
1768494974.3783844,38.223
1768494974.480688,37.335
1768494974.5829415,49.741
1768494974.6854682,46.818
1768494974.787704,41.157
1768494974.8923554,35.481
1768494974.9947207,48.335
1768494975.0974994,40.542
1768494975.1997578,36.447
1768494975.3022165,51.088
1768494975.4044302,33.804
1768494975.5070643,39.777
1768494975.609267,47.647
1768494975.7119184,34.297
1768494975.818861,43.694
1768494975.921105,46.003
1768494976.0235603,34.988
1768494976.1259623,52.169
1768494976.2282386,33.231
1768494976.3304777,43.3
1768494976.432828,38.989
1768494976.5350966,37.039
1768494976.6374817,46.692
1768494976.7426891,42.537
1768494976.8451385,33.31
1768494976.9474852,39.482
1768494977.0496962,46.129
1768494977.151969,33.508
1768494977.254275,44.186
1768494977.3566465,46.129
1768494977.459059,33.606
1768494977.561279,38.617
1768494977.6683774,48.098
1768494977.7706556,33.606
1768494977.8730211,47.605
1768494977.9754276,40.27
1768494978.0779157,35.481
1768494978.180156,52.138
1768494978.2825065,33.508
1768494978.3848646,39.974
1768494978.491222,47.085
1768494978.5934818,34.692
1768494978.6957965,42.413
1768494978.7982032,45.046
1768494978.9005284,34.791
1768494979.0028467,43.989
1768494979.105713,34.692
1768494979.2079864,43.3
1768494979.3101678,44.482
1768494979.4164019,34.396
1768494979.5202346,44.285
1768494979.6226254,41.157
1768494979.7249177,35.679
1768494979.8272054,45.806
1768494979.9299736,33.804
1768494980.0322685,42.906
1768494980.1346197,40.369
1768494980.2407005,34.001
1768494980.342988,48.63
1768494980.4452698,32.737
1768494980.5475755,42.413
1768494980.649921,43.201
1768494980.7523413,33.705
1768494980.8546596,39.383
1768494980.9569068,42.388
1768494981.059418,34.988
1768494981.1654024,47.577
1768494981.2677445,39.284
1768494981.3701642,35.658
1768494981.472901,47.184
1768494981.5753498,33.409
1768494981.6776898,37.236
1768494981.7801602,39.998
1768494981.8824909,36.743
1768494981.9848468,49.151
1768494982.0898628,35.067
1768494982.1921694,39.209
1768494982.2945294,46.03
1768494982.39679,33.606
1768494982.4991508,42.019
1768494982.60147,40.542
1768494982.70386,34.889
1768494982.8061476,49.583
1768494982.9083707,37.215
1768494983.0151646,38.397
1768494983.1178987,46.916
1768494983.22034,33.804
1768494983.3225322,40.739
1768494983.4249024,42.881
1768494983.5277336,46.424
1768494983.6300652,34.495
1768494983.7323668,51.776
1768494983.8344748,38.617
1768494983.9428694,36.842
1768494984.0452542,48.393
1768494984.1477144,37.806
1768494984.2500958,37.335
1768494984.3523517,51.812
1768494984.4548867,38.716
1768494984.5571632,36.546
1768494984.6594706,46.747
1768494984.7657535,40.96
1768494984.8680713,36.151
1768494984.970513,48.63
1768494985.0728505,41.921
1768494985.175318,36.25
1768494985.2776952,53.284
1768494985.3798268,40.467
1768494985.4821656,37.927
1768494985.5844855,52.66
1768494985.6867552,38.299
1768494985.7920363,38.989
1768494985.894382,49.416
1768494985.9966037,34.593
1768494986.0990589,40.838
1768494986.201373,43.891
1768494986.3037248,36.447
1768494986.406103,49.515
1768494986.508425,34.889
1768494986.6106508,43.176
1768494986.7134044,36.151
1768494986.8181064,46.003
1768494986.9205933,33.527
1768494987.0228944,40.542
1768494987.1251874,44.823
1768494987.2274642,34.1
1768494987.3297637,48.688
1768494987.4320374,39.186
1768494987.5344698,35.975
1768494987.6369221,43.398
1768494987.7392926,33.902
1768494987.8456311,44.16
1768494987.9479682,38.617
1768494988.0502753,36.37
1768494988.15263,51.223
1768494988.254977,42.61
1768494988.3589253,38.989
1768494988.461073,39.505
1768494988.5633867,40.172
1768494988.6674192,36.842
1768494988.7714832,47.844
1768494988.8737214,33.606
1768494988.9759798,41.453
1768494989.0784132,40.838
1768494989.1808164,35.481
1768494989.283071,47.675
1768494989.3852892,33.508
1768494989.4876857,41.256
1768494989.5900981,37.335
1768494989.6955583,42.906
1768494989.7978892,37.708
1768494989.900274,39.777
1768494990.002601,46.888
1768494990.1049926,34.1
1768494990.207375,46.818
1768494990.3096788,38.913
1768494990.4119754,41.847
1768494990.5141885,33.31
1768494990.6205988,51.284
1768494990.7228394,35.757
1768494990.8252022,39.679
1768494990.9274852,47.113
1768494991.030005,36.25
1768494991.1323009,41.33
1768494991.2346206,36.37
1768494991.3369153,48.266
1768494991.4392962,33.804
1768494991.544688,42.979
1768494991.647022,40.172
1768494991.7495222,34.791
1768494991.8517928,50.173
1768494991.9542296,39.406
1768494992.0566049,35.58
1768494992.1590261,47.577
1768494992.2612412,33.231
1768494992.3636236,44.456
1768494992.4659262,39.505
1768494992.5712173,36.842
1768494992.6734943,43.398
1768494992.7759643,36.053
1768494992.8783245,33.31
1768494992.9818602,41.157
1768494993.0839741,42.881
1768494993.1864092,34.988
1768494993.2889853,47.97
1768494993.3954291,34.988
1768494993.4977264,41.453
1768494993.6002018,43.989
1768494993.702543,35.284
1768494993.8049617,35.58
1768494993.9074085,39.186
1768494994.009851,35.185
1768494994.1121366,50.566
1768494994.2145116,38.223
1768494994.3207376,37.434
1768494994.423075,47.507
1768494994.5254939,33.705
1768494994.6278589,42.216
1768494994.7302127,38.397
1768494994.8326936,38.42
1768494994.9351244,42.585
1768494995.03747,35.087
1768494995.1397352,49.583
1768494995.2446635,33.329
1768494995.3472004,44.528
1768494995.4497006,38.375
1768494995.5520587,40.172
1768494995.654343,39.012
1768494995.756808,36.053
1768494995.8591576,47.45
1768494995.9615169,33.231
1768494996.063849,42.61
1768494996.1698701,38.2
1768494996.2723272,38.102
1768494996.374504,44.088
1768494996.4769437,35.087
1768494996.579275,38.518
1768494996.6818054,38.89
1768494996.784359,32.342
1768494996.8867884,40.664
1768494996.98912,33.606
1768494997.0936809,46.03
1768494997.1974149,32.638
1768494997.3002791,43.103
1768494997.4026823,38.42
1768494997.5048425,41.33
1768494997.6080756,34.593
1768494997.7102973,44.456
1768494997.8126667,32.638
1768494997.9149735,42.833
1768494998.0214343,37.018
1768494998.1237783,38.124
1768494998.2261474,41.133
1768494998.3285704,34.791
1768494998.4309216,46.452
1768494998.5332034,33.705
1768494998.6357365,46.353
1768494998.7379875,33.231
1768494998.8405168,44.16
1768494998.9454882,38.025
1768494999.0477486,37.335
1768494999.1502056,39.974
1768494999.2525833,35.58
1768494999.3550525,44.652
1768494999.4574363,33.804
1768494999.5597456,50.233
1768494999.6622071,34.001
1768494999.7645402,38.42
1768494999.871441,39.974
1768494999.973977,34.889
1768495000.0763435,46.102
1768495000.1788063,32.638
1768495000.2813144,43.792
1768495000.3837883,38.025
1768495000.4861448,34.889
1768495000.5885499,49.515
1768495000.6908643,37.236
1768495000.7957358,36.25
1768495000.8980472,48.954
1768495001.0003233,36.151
1768495001.1030412,39.482
1768495001.2054021,39.406
1768495001.307627,36.447
1768495001.4099865,47.942
1768495001.5125961,33.231
1768495001.615512,40.838
1768495001.72119,39.58
1768495001.8236833,35.481
1768495001.926138,38.025
1768495002.0284157,39.406
1768495002.132048,39.482
1768495002.2345338,35.461
1768495002.3368263,49.485
1768495002.4390006,33.212
1768495002.5449982,42.044
1768495002.64741,32.737
1768495002.7497928,47.45
1768495002.852147,33.31
1768495002.954503,47.577
1768495003.0569525,33.033
1768495003.1593547,47.577
1768495003.2617524,32.342
1768495003.3642132,40.641
1768495003.469993,40.05
1768495003.5722756,34.988
1768495003.6748056,46.593
1768495003.7771406,36.645
1768495003.87949,38.792
1768495003.9817572,42.413
1768495004.084141,33.902
1768495004.18666,45.538
1768495004.2890837,39.012
1768495004.3946161,36.37
1768495004.496928,47.549
1768495004.599337,33.329
1768495004.7016368,37.806
1768495004.8039832,50.566
1768495004.906271,38.102
1768495005.0086155,36.271
1768495005.1109467,51.972
1768495005.2131917,38.966
1768495005.3198235,35.856
1768495005.4220889,53.218
1768495005.5243406,39.876
1768495005.6266768,36.842
1768495005.729029,53.611
1768495005.8312912,39.853
1768495005.9335668,36.349
1768495006.0363688,53.415
1768495006.1387026,33.705
1768495006.2447605,39.383
1768495006.3472645,33.606
1768495006.451023,43.103
1768495006.5533428,44.482
1768495006.6554098,33.705
1768495006.7578592,40.566
1768495006.860159,34.297
1768495006.9625943,44.16
1768495007.0648518,33.31
1768495007.1692116,52.759
1768495007.271534,37.138
1768495007.3738117,36.447
1768495007.4760807,50.036
1768495007.5784252,40.369
1768495007.6808002,38.42
1768495007.7831893,38.572
1768495007.8856246,39.284
1768495007.9879127,38.299
1768495008.0942316,41.33
1768495008.1967096,38.716
1768495008.2989802,38.913
1768495008.4013405,38.966
1768495008.5036557,40.172
1768495008.6060832,37.434
1768495008.7084448,38.397
1768495008.8106568,48.63
1768495008.9129984,32.934
1768495009.0186713,40.664
1768495009.1209173,45.834
1768495009.2231462,38.124
1768495009.3254714,38.792
1768495009.4278662,45.243
1768495009.5302074,33.508
1768495009.6325998,37.828
1768495009.734959,39.58
1768495009.837267,33.902
1768495009.9396787,49.643
1768495010.045279,42.585
1768495010.147573,33.606
1768495010.2499735,36.842
1768495010.3523898,42.659
1768495010.4548764,34.1
1768495010.5572295,41.428
1768495010.6603386,41.428
1768495010.7628007,34.988
1768495010.8653288,39.186
1768495010.9706526,39.505
1768495011.0731986,50.566
1768495011.1753967,38.124
1768495011.277666,38.42
1768495011.379908,45.538
1768495011.4836795,34.692
1768495011.5859823,48.462
1768495011.6883452,39.58
1768495011.7908056,36.645
1768495011.8955173,50.86
1768495011.998054,38.102
1768495012.1006644,40.073
1768495012.2030735,44.652
1768495012.3055584,35.284
1768495012.4080195,51.843
1768495012.5105515,33.508
1768495012.6129265,37.631
1768495012.7152474,38.42
1768495012.8210156,33.804
1768495012.9233932,45.413
1768495013.0259128,38.42
1768495013.128249,40.073
1768495013.230724,47.057
1768495013.3330717,33.231
1768495013.435499,39.58
1768495013.5380702,33.606
1768495013.640611,39.679
1768495013.7469788,40.542
1768495013.8493922,34.199
1768495013.951777,46.271
1768495014.0541058,38.913
1768495014.1563292,35.284
1768495014.2589867,41.527
1768495014.3612669,37.434
1768495014.4636934,36.645
1768495014.5662348,47.45
1768495014.6713479,33.409
1768495014.7736752,51.088
1768495014.8760347,32.934
1768495014.9785855,39.482
1768495015.0810332,44.652
1768495015.1836476,34.001
1768495015.2861137,39.482
1768495015.3884,37.631
1768495015.4912133,36.447
1768495015.5969744,33.409
1768495015.6991398,38.693
1768495015.8013387,47.745
1768495015.9053185,34.001
1768495016.0076058,39.383
1768495016.1098595,41.256
1768495016.2121694,35.087
1768495016.314697,47.97
1768495016.420906,35.876
1768495016.5235262,38.693
1768495016.6258798,40.172
1768495016.728179,33.409
1768495016.830519,48.659
1768495016.9330142,33.705
1768495017.035338,37.51
1768495017.1377354,38.518
1768495017.2400131,33.804
1768495017.345875,44.921
1768495017.4482307,32.539
1768495017.550531,46.692
1768495017.6528904,32.539
1768495017.7551334,47.647
1768495017.8574078,37.631
1768495017.9597883,37.236
1768495018.0620441,49.416
1768495018.1644027,32.836
1768495018.2713132,46.523
1768495018.3736906,37.018
1768495018.4760153,36.172
1768495018.5783584,47.872
1768495018.6807053,38.595
1768495018.7830234,36.743
1768495018.8855114,43.963
1768495018.9880111,33.132
1768495019.090297,39.777
1768495019.1969275,38.496
1768495019.2992253,34.791
1768495019.4016054,48.503
1768495019.5041814,37.653
1768495019.6067402,37.434
1768495019.7091918,44.456
1768495019.8118517,33.804
1768495019.9185,40.444
1768495020.0220015,35.185
1768495020.1256163,48.59
1768495020.2280865,34.001
1768495020.330359,42.61
1768495020.432889,40.073
1768495020.5353239,36.546
1768495020.6376858,47.31
1768495020.7401152,34.001
1768495020.8431876,40.073
1768495020.945621,46.424
1768495021.048043,34.396
1768495021.1505342,43.274
1768495021.2530558,41.477
1768495021.3555675,34.889
1768495021.4579604,47.254
1768495021.5602798,37.532
1768495021.6626341,36.842
1768495021.7652636,45.315
1768495021.8696556,33.606
1768495021.972054,43.201
1768495022.0743675,42.906
1768495022.1767528,35.185
1768495022.2791305,47.774
1768495022.3814783,33.231
1768495022.4840071,38.693
1768495022.5863163,43.865
1768495022.6886587,34.001
1768495022.795987,46.003
1768495022.8983464,38.42
1768495023.00068,38.102
1768495023.103127,42.61
1768495023.205713,34.297
1768495023.3082185,46.424
1768495023.410681,38.397
1768495023.5131605,36.645
1768495023.6194985,44.206
1768495023.7218466,33.902
1768495023.8242214,38.989
1768495023.9270134,44.823
1768495024.0294888,34.1
1768495024.1317194,52.727
1768495024.2340996,34.613
1768495024.336561,38.102
1768495024.4389288,42.512
1768495024.5469167,45.637
1768495024.6496344,33.705
1768495024.7519457,41.551
1768495024.8542085,39.679
1768495024.9565678,34.396
1768495025.0588439,49.711
1768495025.1611726,37.215
1768495025.263716,37.729
1768495025.365979,45.046
1768495025.4709876,34.396
1768495025.5735765,47.872
1768495025.675945,32.737
1768495025.7782166,40.073
1768495025.8806288,42.29
1768495025.9831965,33.705
1768495026.085616,48.757
1768495026.188001,33.212
1768495026.2905324,43.3
1768495026.3961856,33.033
1768495026.498572,42.782
1768495026.6009035,33.705
1768495026.7033994,36.764
1768495026.8057365,48.393
1768495026.908088,32.737
1768495027.0103822,39.58
1768495027.1127124,39.087
1768495027.2151492,34.889
1768495027.322591,48.856
1768495027.4251058,32.539
1768495027.5273972,43.3
1768495027.6297991,36.546
1768495027.7322009,38.223
1768495027.8346915,44.429
1768495027.9370425,33.212
1768495028.0393898,43.398
1768495028.1461027,40.247
1768495028.2484202,34.396
1768495028.3508477,46.523
1768495028.4533575,38.913
1768495028.556035,39.186
1768495028.658523,39.974
1768495028.7608254,36.447
1768495028.8649905,33.508
1768495028.9709713,39.284
1768495029.0731006,45.118
1768495029.1753998,33.902
1768495029.2776098,41.428
1768495029.3798518,46.156
1768495029.4821434,34.199
1768495029.5843916,43.004
1768495029.6867075,46.495
1768495029.7931018,34.297
1768495029.8953955,43.128
1768495029.9977095,39.679
1768495030.100153,36.94
1768495030.202572,52.793
1768495030.3049433,34.889
1768495030.4073215,38.989
1768495030.50966,49.053
1768495030.6120474,34.1
1768495030.7174027,40.641
1768495030.8197374,46.523
1768495030.9222214,35.383
1768495031.024742,43.373
1768495031.1269765,41.896
1768495031.2291296,35.481
1768495031.3313704,46.916
1768495031.433604,40.05
1768495031.535947,35.975
1768495031.6415076,52.366
1768495031.7437398,39.702
1768495031.8462927,36.172
1768495031.9489658,52.66
1768495032.0513175,43.103
1768495032.153659,34.791
1768495032.256011,48.098
1768495032.358305,40.27
1768495032.460701,34.889
1768495032.5659435,51.45
1768495032.6683857,37.729
1768495032.770683,36.743
1768495032.8729913,51.155
1768495032.977486,38.913
1768495033.07994,35.185
1768495033.1831808,46.2
1768495033.2854629,35.185
1768495033.3915305,43.989
1768495033.4938374,39.679
1768495033.5962806,36.645
1768495033.6986947,51.548
1768495033.800929,39.209
1768495033.903314,37.434
1768495034.00563,47.254
1768495034.107951,34.1
1768495034.214947,39.383
1768495034.3171802,46.987
1768495034.4194143,34.297
1768495034.521788,47.45
1768495034.6240258,39.209
1768495034.7262971,37.434
1768495034.8285449,52.267
1768495034.9308841,39.383
1768495035.0332174,35.481
1768495035.1394951,51.321
1768495035.2418754,37.905
1768495035.3441827,38.321
1768495035.4466448,46.2
1768495035.5489807,37.806
1768495035.6514256,37.236
1768495035.7537897,47.184
1768495035.856114,35.658
1768495035.9584744,38.223
1768495036.06415,48.462
1768495036.1665275,33.804
1768495036.268828,39.754
1768495036.3711061,44.58
1768495036.473379,35.679
1768495036.575692,48.954
1768495036.6785777,34.1
1768495036.7810907,32.441
1768495036.8852773,42.807
1768495036.987605,43.004
1768495037.089933,35.185
1768495037.192355,47.45
1768495037.2947285,40.416
1768495037.396944,36.447
1768495037.5002847,51.517
1768495037.602654,38.617
1768495037.7059152,44.751
1768495037.8113422,34.297
1768495037.9136355,46.424
1768495038.015965,40.148
1768495038.118358,35.778
1768495038.2208517,52.727
1768495038.3232012,37.116
1768495038.4255676,37.039
1768495038.5279918,47.085
1768495038.6304376,34.692
1768495038.7363296,39.482
1768495038.8386667,43.767
1768495038.940914,33.902
1768495039.0432732,41.724
1768495039.145689,42.807
1768495039.247991,33.508
1768495039.3502471,42.709
1768495039.4526875,39.876
1768495039.555204,36.25
1768495039.660966,48.827
1768495039.7633014,34.495
1768495039.865712,50.369
1768495039.9680018,38.025
1768495040.0702775,38.025
1768495040.1725078,49.318
1768495040.2748208,35.383
1768495040.377202,42.413
1768495040.4795742,38.124
1768495040.5841513,38.814
1768495040.6865764,39.951
1768495040.7888556,36.053
1768495040.8911972,47.647
1768495040.9935002,40.096
1768495041.0958493,35.778
1768495041.1982288,48.688
1768495041.300661,45.637
1768495041.403011,34.199
1768495041.5094774,37.729
1768495041.6122806,51.745
1768495041.7145495,33.902
1768495041.819805,39.284
1768495041.9233768,33.902
1768495042.0266156,45.413
1768495042.132933,39.505
1768495042.2354097,35.383
1768495042.337732,49.771
1768495042.440077,39.974
1768495042.5425868,35.778
1768495042.64491,54.299
1768495042.7473116,46.397
1768495042.849572,34.1
1768495042.951906,40.641
1768495043.0574722,47.97
1768495043.1599243,34.297
1768495043.2621489,39.482
1768495043.3645172,47.352
1768495043.4668791,34.297
1768495043.5692146,40.739
1768495043.6716273,45.538
1768495043.7739494,34.889
1768495043.8762443,44.849
1768495043.9827158,47.085
1768495044.0850427,34.297
1768495044.1875026,40.542
1768495044.2897646,46.692
1768495044.3921576,34.1
1768495044.4944274,41.65
1768495044.596738,45.511
1768495044.6991997,34.889
1768495044.801387,43.128
1768495044.9070253,43.274
1768495045.0093896,34.297
1768495045.111875,41.354
1768495045.214123,47.675
1768495045.316407,33.527
1768495045.4188275,42.636
1768495045.5212574,39.528
1768495045.623512,35.856
1768495045.725801,48.462
1768495045.8331063,34.1
1768495045.9354749,44.186
1768495046.0383954,39.209
1768495046.140917,37.434
1768495046.2432241,34.1
1768495046.3470025,43.865
1768495046.4494252,39.11
1768495046.5546806,38.792
1768495046.6571198,37.39
1768495046.7595236,53.186
1768495046.861785,38.913
1768495046.9641898,37.729
1768495047.0666468,48.757
1768495047.1689012,34.199
1768495047.2713475,44.088
1768495047.3737986,38.474
1768495047.4793851,36.645
1768495047.581753,42.61
1768495047.6842551,36.25
1768495047.786697,44.554
1768495047.8891208,32.934
1768495047.9915154,41.059
1768495048.0938723,39.383
1768495048.1962888,35.185
1768495048.2985194,46.424
1768495048.404141,39.998
1768495048.5065985,36.567
1768495048.6089177,46.523
1768495048.7113457,34.297
1768495048.81371,44.088
1768495048.9162102,39.951
1768495049.0185692,36.074
1768495049.120915,49.151
1768495049.223355,33.626
1768495049.3285735,43.3
1768495049.4308853,39.679
1768495049.5333707,35.658
1768495049.635861,48.925
1768495049.7381184,33.527
1768495049.84044,41.059
1768495049.9428911,41.034
1768495050.0457556,34.495
1768495050.1480703,43.668
1768495050.254623,43.767
1768495050.3570178,34.297
1768495050.4598682,45.243
1768495050.5621016,33.804
1768495050.6643965,36.546
1768495050.7680297,38.2
1768495050.8704166,48.069
1768495050.9726171,36.349
1768495051.0788767,37.828
1768495051.1812286,48.532
1768495051.2835286,37.258
1768495051.386151,39.186
1768495051.4884884,40.838
1768495051.590858,34.988
1768495051.693129,45.511
1768495051.7954187,34.297
1768495051.897683,38.716
1768495052.002969,45.046
1768495052.1052475,33.922
1768495052.2076163,41.921
1768495052.3099413,44.849
1768495052.4124181,35.087
1768495052.5147033,46.692
1768495052.61705,39.951
1768495052.7196069,36.842
1768495052.8218777,54.495
1768495052.9278934,38.913
1768495053.030189,38.321
1768495053.1326323,48.462
1768495053.2349145,34.001
1768495053.337291,45.27
1768495053.439785,39.505
1768495053.542151,37.236
1768495053.6445813,47.774
1768495053.7470186,34.495
1768495053.8522196,47.605
1768495053.9545145,37.905
1768495054.0568473,38.397
1768495054.1593451,39.801
1768495054.2620184,35.185
1768495054.364437,45.834
1768495054.4668765,33.033
1768495054.5691984,40.96
1768495054.6716318,39.186
1768495054.774009,35.58
1768495054.8804104,42.315
1768495054.9828107,34.791
1768495055.086965,50.233
1768495055.189282,43.694
1768495055.2920017,38.223
1768495055.3943715,36.94
1768495055.4966114,40.838
1768495055.5987725,34.396
1768495055.7044475,46.156
1768495055.8066945,32.737
1768495055.9090493,44.062
1768495056.0113728,36.447
1768495056.1137705,37.434
1768495056.216251,41.527
1768495056.3186967,34.199
1768495056.4211247,36.151
1768495056.523609,38.025
1768495056.6259239,37.631
1768495056.7312443,44.777
1768495056.8337195,33.231
1768495056.9359796,49.672
1768495057.038348,32.737
1768495057.140752,40.861
1768495057.243203,34.001
1768495057.345495,44.679
1768495057.4479384,32.441
1768495057.5502865,43.668
1768495057.655908,36.349
1768495057.7583914,37.729
1768495057.8609056,42.29
1768495057.9632401,33.329
1768495058.0656302,43.497
1768495058.1681287,36.863
1768495058.2706392,39.406
1768495058.373226,42.143
1768495058.4756205,34.297
1768495058.5803008,49.092
1768495058.6827774,36.645
1768495058.7851577,39.087
1768495058.8876054,41.133
1768495058.9900155,34.791
1768495059.0928967,44.554
1768495059.1953404,33.231
1768495059.2978778,40.566
1768495059.4003453,38.496
1768495059.5062356,37.039
1768495059.6085517,48.167
1768495059.7110128,34.001
1768495059.8149269,38.025
1768495059.9171746,37.335
1768495060.0196116,41.33
1768495060.121822,36.546
1768495060.2240403,47.732
1768495060.3301125,33.409
1768495060.4324265,39.777
1768495060.53482,44.357
1768495060.637039,34.593
1768495060.7394278,46.129
1768495060.8417897,43.398
1768495060.9441707,35.481
1768495061.046565,51.615
1768495061.1490417,38.2
1768495061.2540035,37.631
1768495061.356267,52.366
1768495061.4587383,39.11
1768495061.5612276,38.321
1768495061.6635885,49.446
1768495061.7658918,33.902
1768495061.8683035,41.034
1768495061.970766,44.823
1768495062.077387,35.185
1768495062.1799622,51.088
1768495062.2825224,33.705
1768495062.3849032,43.398
1768495062.4871283,44.259
1768495062.5895076,34.495
1768495062.6917524,51.413
1768495062.793998,33.132
1768495062.89623,40.467
1768495063.0030465,44.456
1768495063.1052663,33.606
1768495063.2076063,42.61
1768495063.3098457,43.471
1768495063.4122884,33.804
1768495063.5147393,41.527
1768495063.6170003,44.062
1768495063.7194996,34.593
1768495063.821934,46.566
1768495063.9273636,39.702
1768495064.0297735,37.236
1768495064.1333246,34.001
1768495064.237003,41.428
1768495064.3391793,41.231
1768495064.4414628,34.988
1768495064.5437229,43.471
1768495064.6460314,41.256
1768495064.7526093,35.679
1768495064.8549829,45.019
1768495064.957358,44.456
1768495065.059647,34.396
1768495065.1620138,44.948
1768495065.2642522,39.656
1768495065.3666286,35.185
1768495065.4692535,53.12
1768495065.5716555,38.89
1768495065.677057,37.039
1768495065.7794714,47.184
1768495065.8818998,33.606
1768495065.9843626,39.284
1768495066.0869582,45.413
1768495066.1892931,34.593
1768495066.2915678,45.61
1768495066.3938854,33.212
1768495066.4962752,42.413
1768495066.6029365,41.946
1768495066.705128,35.087
1768495066.807403,33.508
1768495066.9098039,39.087
1768495067.0122035,46.369
1768495067.1145167,38.595
1768495067.2169204,32.934
1768495067.3192647,44.357
1768495067.4216042,42.388
1768495067.5272834,34.199
1768495067.6296043,37.927
1768495067.7322733,47.774
1768495067.8346448,33.329
1768495067.937086,38.595
1768495068.0394669,47.45
1768495068.1418009,34.495
1768495068.2442548,51.843
1768495068.347049,34.199
1768495068.4545052,40.936
1768495068.5582573,36.349
1768495068.6604805,48.63
1768495068.762756,34.1
1768495068.8649433,39.951
1768495068.967338,48.04
1768495069.0695128,34.396
1768495069.1752555,46.2
1768495069.2776217,33.428
1768495069.38004,41.946
1768495069.4823647,42.979
1768495069.584766,35.284
1768495069.6874807,50.468
1768495069.7897835,36.842
1768495069.8920877,39.284
1768495069.9944751,46.102
1768495070.0967937,33.606
1768495070.2030241,40.467
1768495070.3053498,45.243
1768495070.407787,33.132
1768495070.510062,39.012
1768495070.6124706,48.167
1768495070.7148137,34.889
1768495070.8171015,42.881
1768495070.9195316,44.876
1768495071.0219338,35.087
1768495071.129008,52.169
1768495071.2314138,39.012
1768495071.3337731,37.532
1768495071.4360406,54.102
1768495071.5382903,38.792
1768495071.640521,37.236
1768495071.7428923,50.793
1768495071.8451233,39.58
1768495071.9474788,36.863
1768495072.0526025,48.503
1768495072.1548321,40.148
1768495072.2570944,36.743
1768495072.3593764,47.999
1768495072.4617016,42.413
1768495072.56455,34.593
1768495072.666876,41.034
1768495072.7726946,38.989
1768495072.8813891,46.03
1768495072.984553,43.004
1768495073.0868874,34.889
1768495073.1892338,43.201
1768495073.2914405,43.373
1768495073.3938687,34.495
1768495073.4959743,42.833
1768495073.602903,46.2
1768495073.7051234,34.396
1768495073.8077996,45.341
1768495073.9100974,43.373
1768495074.012741,35.087
1768495074.1151168,49.583
1768495074.217717,40.247
1768495074.3201191,36.151
1768495074.426752,51.223
1768495074.529004,40.392
1768495074.6314785,35.481
1768495074.7338974,52.2
1768495074.836164,33.606
1768495074.9385805,41.034
1768495075.0408666,47.844
1768495075.1432424,34.001
1768495075.249085,41.551
1768495075.3513682,43.103
1768495075.4538383,34.692
1768495075.5562563,48.393
1768495075.6584702,39.406
1768495075.7608678,38.223
1768495075.86329,49.544
1768495075.9656324,33.902
1768495076.0680614,43.668
1768495076.1735322,38.42
1768495076.2760413,36.743
1768495076.3784416,51.284
1768495076.4808602,33.705
1768495076.5839632,42.709
1768495076.686833,43.642
1768495076.7911336,45.735
1768495076.896523,37.828
1768495076.9988728,48.659
1768495077.1014385,33.902
1768495077.203744,41.428
1768495077.3059945,42.216
1768495077.4081466,34.988
1768495077.5103023,46.353
1768495077.6124198,33.329
1768495077.7146194,43.128
1768495077.8214924,43.176
1768495077.9238703,34.199
1768495078.026142,46.298
1768495078.12847,36.842
1768495078.2307138,36.447
1768495078.3330014,46.523
1768495078.43573,33.231
1768495078.5381093,45.171
1768495078.6404717,38.42
1768495078.7459266,37.631
1768495078.8484921,44.724
1768495078.9509194,33.902
1768495079.0533602,47.999
1768495079.1557508,32.836
1768495079.2581332,43.398
1768495079.3605456,37.927
1768495079.4629228,35.264
1768495079.5697255,43.963
1768495079.6720927,32.638
1768495079.7745416,42.906
1768495079.8770168,40.247
1768495079.9794393,33.902
1768495080.0818355,42.413
1768495080.1844196,38.124
1768495080.286869,36.25
1768495080.3928223,44.285
1768495080.4952242,33.527
1768495080.5974782,46.987
1768495080.6997898,37.729
1768495080.8062198,37.039
1768495080.9085073,46.227
1768495081.012234,33.508
1768495081.1176336,33.033
1768495081.2198722,43.176
1768495081.3221107,37.039
1768495081.4243717,40.444
1768495081.526724,40.739
1768495081.6290877,34.988
1768495081.731281,48.433
1768495081.833869,37.313
1768495081.936191,37.927
1768495082.0409312,47.901
1768495082.1431983,34.199
1768495082.2455196,41.625
1768495082.3477592,43.471
1768495082.450033,35.087
1768495082.5525193,48.04
1768495082.6549,38.124
1768495082.757275,39.11
1768495082.8597372,47.577
1768495082.9648528,34.199
1768495083.0674036,42.118
1768495083.1698956,42.782
1768495083.272296,34.988
1768495083.3745081,50.135
1768495083.4768097,38.397
1768495083.5791903,39.876
1768495083.6815903,44.849
1768495083.7839527,34.396
1768495083.8898852,47.577
1768495083.992243,37.532
1768495084.0946996,37.138
1768495084.1969428,43.201
1768495084.2993875,33.508
1768495084.4018066,44.088
1768495084.5041006,38.474
1768495084.6064482,35.383
1768495084.708833,49.122
1768495084.8150053,33.902
1768495084.9173167,38.989
1768495085.0240262,38.595
1768495085.1263046,34.001
1768495085.2293417,49.711
1768495085.3315918,37.434
1768495085.4381225,42.979
1768495085.5403397,34.593
1768495085.6425545,46.227
1768495085.7447588,39.012
1768495085.8469636,36.151
1768495085.9491699,48.196
1768495086.051287,33.705
1768495086.1535058,45.145
1768495086.2557874,38.814
1768495086.3626335,35.757
1768495086.465091,43.891
1768495086.5674763,34.495
1768495086.6697502,47.507
1768495086.772307,41.527
1768495086.8747215,41.256
1768495086.977141,35.58
1768495087.0796716,52.236
1768495087.1858287,36.743
1768495087.2881572,36.743
1768495087.39059,45.118
1768495087.493077,33.132
1768495087.5954247,44.554
1768495087.698023,37.554
1768495087.8003533,36.645
1768495087.9028847,45.932
1768495088.0052624,33.428
1768495088.1108508,40.444
1768495088.2132895,45.565
1768495088.3156655,33.231
1768495088.418009,39.383
1768495088.5203712,47.704
1768495088.6227248,33.902
1768495088.7252955,45.046
1768495088.8277593,38.321
1768495088.9303153,38.321
1768495089.0353942,47.113
1768495089.1377058,34.297
1768495089.2400577,42.512
1768495089.3423767,41.625
1768495089.4462867,36.349
1768495089.548658,45.341
1768495089.6510088,34.297
1768495089.7532,43.004
1768495089.8589509,35.185
1768495089.9616838,45.932
1768495090.0639324,34.495
1768495090.1661072,48.462
1768495090.2684467,32.836
1768495090.3706772,47.675
1768495090.4728415,32.342
1768495090.5751066,40.467
1768495090.6772833,33.31
1768495090.7835746,42.906
1768495090.8860326,37.631
1768495090.9884467,36.271
1768495091.0908282,48.856
1768495091.1931405,37.434
1768495091.2953756,36.053
1768495091.3977427,46.692
1768495091.5000658,41.625
1768495091.6024728,33.428
1768495091.707675,39.209
1768495091.8098998,46.692
1768495091.9121802,33.428
1768495092.0144727,37.434
1768495092.1167142,48.335
1768495092.2190828,38.913
1768495092.3214793,37.412
1768495092.4236655,52.958
1768495092.5259228,38.595
1768495092.6315265,36.25
1768495092.7338102,49.122
1768495092.8360338,39.754
1768495092.9385087,36.151
1768495093.0408773,52.039
1768495093.143185,33.705
1768495093.2455463,38.2
1768495093.3477635,49.023
1768495093.4506,39.482
1768495093.5572805,36.172
1768495093.6594899,44.456
1768495093.761967,40.566
1768495093.865473,34.988
1768495093.967826,42.782
1768495094.0701914,48.561
1768495094.1725016,34.001
1768495094.2748146,40.172
1768495094.3806863,33.409
1768495094.4829013,37.039
1768495094.585041,52.66
1768495094.68713,38.518
1768495094.7894418,38.595
1768495094.8916578,49.711
1768495094.9938111,38.102
1768495095.096294,37.434
1768495095.1983895,46.987
1768495095.300674,36.919
1768495095.4061844,37.138
1768495095.508485,50.566
1768495095.610762,39.406
1768495095.7130685,35.975
1768495095.8153503,52.562
1768495095.9176657,39.603
1768495096.0200546,35.58
1768495096.122366,46.003
1768495096.2247915,39.853
1768495096.3319736,35.679
1768495096.4343207,47.745
1768495096.5368018,33.804
1768495096.6391475,37.708
1768495096.7420685,32.638
1768495096.8451128,50.528
1768495096.947509,38.102
1768495097.0499406,37.631
1768495097.1564674,53.906
1768495097.2587938,37.138
1768495097.3610744,39.087
1768495097.4635205,47.942
1768495097.5658789,34.001
1768495097.668091,37.729
1768495097.7705867,45.861
1768495097.873281,36.25
1768495097.9791358,48.688
1768495098.081512,34.692
1768495098.184368,44.974
1768495098.2869527,40.664
1768495098.3892598,36.053
1768495098.491518,49.416
1768495098.5940506,38.792
1768495098.6963644,37.532
1768495098.7990606,34.692
1768495098.9049103,44.554
1768495099.007268,40.247
1768495099.109546,37.828
1768495099.2118962,49.485
1768495099.3141947,34.791
1768495099.416496,49.711
1768495099.5189304,33.132
1768495099.6212904,38.693
1768495099.7236695,40.073
1768495099.828496,37.039
1768495099.9308062,46.664
1768495100.0331683,38.025
1768495100.1356554,39.679
1768495100.2379901,42.413
1768495100.3402882,35.284
1768495100.4427092,48.994
1768495100.5451236,38.025
1768495100.6521263,37.434
1768495100.7546525,38.792
1768495100.8569884,37.729
1768495100.9593792,47.549
1768495101.0620923,34.988
1768495101.1644955,40.838
1768495101.2668278,43.176
1768495101.3691072,34.988
1768495101.4732404,45.834
1768495101.5754719,43.865
1768495101.677889,34.297
1768495101.7803633,48.364
1768495101.8825893,33.705
1768495101.9849687,40.148
1768495102.087561,49.81
1768495102.1899137,33.508
1768495102.292126,38.913
1768495102.3945522,41.527
1768495102.5104687,36.666
1768495102.6128619,41.798
1768495102.7152581,44.259
1768495102.818144,38.617
1768495102.9231234,35.679
1768495103.0253577,50.233
1768495103.1276948,32.836
1768495103.2300858,39.853
1768495103.3325963,44.062
1768495103.4349551,33.804
1768495103.5372403,42.709
1768495103.639627,42.979
1768495103.742062,34.495
1768495103.8480437,49.81
1768495103.9504008,36.447
1768495104.0527048,37.434
1768495104.155111,45.61
1768495104.2575414,34.692
1768495104.3600495,47.97
1768495104.4625084,33.31
1768495104.5650835,45.145
1768495104.6673408,38.989
1768495104.7733684,37.532
1768495104.875985,44.16
1768495104.9784079,34.495
1768495105.0807464,46.79
1768495105.183195,37.412
1768495105.2856143,38.989
1768495105.3879337,42.585
1768495105.4901786,34.889
1768495105.59261,52.955
1768495105.6981134,37.51
1768495105.8003743,39.087
1768495105.9029472,40.566
1768495106.0055954,34.396
1768495106.1085346,46.003
1768495106.2110262,32.836
1768495106.3133185,42.782
1768495106.4156835,38.42
1768495106.5181227,37.927
1768495106.6226103,40.715
1768495106.7250097,34.396
1768495106.8274798,32.144
1768495106.9317718,39.679
1768495107.0342267,42.216
1768495107.1366765,33.508
1768495107.2391195,32.836
1768495107.3419356,40.27
1768495107.448036,38.474
1768495107.5505762,35.778
1768495107.6528523,45.341
1768495107.7551577,34.199
1768495107.8574405,39.012
1768495107.959804,47.282
1768495108.062014,33.132
1768495108.164528,41.822
1768495108.2669084,39.58
1768495108.371969,34.495
1768495108.4742343,51.02
1768495108.5765808,37.138
1768495108.6788435,37.236
1768495108.7811942,47.605
1768495108.8835282,33.804
1768495108.9857874,43.004
1768495109.0880277,37.631
1768495109.1903992,39.012
1768495109.297151,46.326
1768495109.3995512,33.804
1768495109.501948,41.133
1768495109.604229,44.554
1768495109.7066355,34.199
1768495109.8089476,43.989
1768495109.911226,40.148
1768495110.0135396,35.778
1768495110.1159227,50.694
1768495110.2211123,37.806
1768495110.323489,36.842
1768495110.4257994,49.082
1768495110.5284436,33.804
1768495110.6309047,43.3
1768495110.7331855,39.284
1768495110.835659,36.743
1768495110.9379542,48.532
1768495111.040175,33.705
1768495111.1463325,40.664
1768495111.2485313,47.942
1768495111.350814,34.199
1768495111.4532173,46.003
1768495111.5555394,39.557
1768495111.657772,48.266
1768495111.7609956,37.883
1768495111.8632529,37.138
1768495111.9687183,48.827
1768495112.0710037,33.626
1768495112.173273,42.044
1768495112.2755466,38.518
1768495112.377868,37.335
1768495112.4802206,43.595
1768495112.582473,34.1
1768495112.6847787,44.482
1768495112.787204,38.671
1768495112.8895507,35.481
1768495112.992895,47.282
1768495113.0965664,33.231
1768495113.1988456,43.176
1768495113.301396,37.729
1768495113.4037206,38.617
1768495113.5060627,40.369
1768495113.6084194,34.791
1768495113.7108598,46.129
1768495113.8133276,33.329
1768495113.9156554,45.565
1768495114.0215328,37.039
1768495114.1241093,39.876
1768495114.2266922,39.679
1768495114.3290138,34.988
1768495114.4313698,47.212
1768495114.533846,32.934
1768495114.6365104,40.936
1768495114.739028,40.467
1768495114.8413992,34.396
1768495114.9475822,45.467
1768495115.049861,32.539
1768495115.1526558,39.406
1768495115.2551312,41.404
1768495115.357613,34.199
1768495115.4599764,50.793
1768495115.5628734,37.729
1768495115.665158,39.702
1768495115.7674947,40.073
1768495115.8761058,34.317
1768495115.9783785,38.42
1768495116.0807061,44.331
1768495116.1831222,33.902
1768495116.2853594,45.27
1768495116.3876994,35.087
1768495116.4902277,38.518
1768495116.59251,35.679
1768495116.6989028,31.848
1768495116.8012927,44.456
1768495116.9037497,38.814
1768495117.0060968,34.001
1768495117.108377,46.987
1768495117.2108529,38.397
1768495117.3131967,35.284
1768495117.415711,52.138
1768495117.5180705,38.42
1768495117.623292,36.37
1768495117.7256346,51.45
1768495117.8279345,36.447
1768495117.9303107,38.321
1768495118.032634,50.891
1768495118.1350243,37.434
1768495118.2372584,37.631
1768495118.3395557,48.491
1768495118.4418383,38.321
1768495118.5482929,37.729
1768495118.6505995,51.941
1768495118.7530658,38.496
1768495118.8554468,36.842
1768495118.9577541,48.138
1768495119.060129,37.806
1768495119.1625538,37.927
1768495119.2648304,48.433
1768495119.3716028,33.705
1768495119.474277,39.899
1768495119.576571,47.549
1768495119.678836,37.236
1768495119.7816544,37.708
1768495119.8840194,43.865
1768495119.9866111,34.791
1768495120.089963,40.96
1768495120.1944962,48.491
1768495120.2971733,34.199
1768495120.3995364,42.512
1768495120.501976,44.259
1768495120.6043682,42.413
1768495120.7078748,36.25
1768495120.8101733,44.186
1768495120.91247,37.708
1768495121.0182564,37.631
1768495121.1205814,42.906
1768495121.2229846,34.396
1768495121.3252802,50.301
1768495121.427647,37.729
1768495121.5300536,37.631
1768495121.6325405,46.861
1768495121.7350423,33.804
1768495121.8375444,47.844
1768495121.9434354,33.902
1768495122.0458047,41.896
1768495122.148177,40.861
1768495122.2507415,34.988
1768495122.3530583,49.485
1768495122.4554691,38.124
1768495122.5578256,36.546
1768495122.6602917,49.485
1768495122.7625644,36.842
1768495122.8675213,38.913
1768495122.9699476,47.774
1768495123.0722106,34.297
1768495123.1748414,43.741
1768495123.277212,39.754
1768495123.3794763,35.778
1768495123.4819963,48.069
1768495123.5843835,34.001
1768495123.690715,47.97
1768495123.7930615,35.383
1768495123.8953176,39.307
1768495123.997844,47.057
1768495124.1001263,33.705
1768495124.2024665,39.679
1768495124.305716,45.834
1768495124.4079485,34.1
1768495124.5103397,46.79
1768495124.6163332,33.626
1768495124.7186468,38.913
1768495124.8209772,46.353
1768495124.9233565,37.631
1768495125.0271456,49.839
1768495125.1292791,40.467
1768495125.2313907,35.481
1768495125.3336744,47.352
1768495125.4393125,39.209
1768495125.541766,36.743
1768495125.6440566,48.503
1768495125.746349,39.406
1768495125.848771,36.666
1768495125.9511364,49.151
1768495126.0535495,38.299
1768495126.155812,37.236
1768495126.2581637,51.941
1768495126.3624246,40.195
1768495126.4646964,39.284
1768495126.5669758,48.561
1768495126.669419,33.804
1768495126.7723885,41.354
1768495126.874747,34.593
1768495126.9770167,45.145
1768495127.07935,41.33
1768495127.1817093,34.495
1768495127.2875626,42.438
1768495127.3898196,45.735
1768495127.4920976,34.593
1768495127.5945413,53.513
1768495127.6969366,38.693
1768495127.799282,40.763
1768495127.9016814,40.467
1768495128.004257,36.074
1768495128.110596,53.906
1768495128.2129319,38.397
1768495128.3154972,36.645
1768495128.4177136,52.071
1768495128.521122,39.58
1768495128.6237123,36.074
1768495128.7259796,44.16
1768495128.828249,43.201
1768495128.9307895,36.743
1768495129.03569,50.793
1768495129.138121,38.397
1768495129.2404668,39.777
1768495129.3427572,35.185
1768495129.445213,49.053
1768495129.5474262,38.769
1768495129.6495576,39.383
1768495129.7518106,41.527
1768495129.8541312,37.335
1768495129.959211,55.085
1768495130.0615087,38.89
1768495130.1637976,38.124
1768495130.2661154,51.253
1768495130.3685136,33.902
1768495130.4708955,40.763
1768495130.5731914,47.38
1768495130.675509,34.001
1768495130.777754,39.58
1768495130.882952,44.259
1768495130.9853003,34.199
1768495131.0875044,39.307
1768495131.189992,48.561
1768495131.2923243,33.705
1768495131.3950799,40.838
1768495131.4974144,44.357
1768495131.5997844,34.692
1768495131.7021277,41.822
1768495131.8088355,39.679
1768495131.911131,35.087
1768495132.0136166,47.942
1768495132.1159265,39.383
1768495132.218163,35.461
1768495132.3206146,48.797
1768495132.4230654,34.179
1768495132.5253828,38.42
1768495132.6323051,48.63
1768495132.7350552,35.165
1768495132.8372645,39.876
1768495132.9399137,39.679
1768495133.042389,35.658
1768495133.1446764,49.22
1768495133.247279,33.902
1768495133.3494835,49.544
1768495133.455321,33.705
1768495133.5576413,51.481
1768495133.6600094,38.025
1768495133.7634263,48.376
1768495133.8657103,34.889
1768495133.9679265,48.659
1768495134.070046,37.039
1768495134.1722481,38.716
1768495134.2743626,40.467
1768495134.380474,35.954
1768495134.4829228,45.019
1768495134.5852003,33.231
1768495134.6875322,40.664
1768495134.7899742,40.294
1768495134.8922422,34.495
1768495134.9945793,49.22
1768495135.096894,37.258
1768495135.1991944,37.828
1768495135.304158,43.767
1768495135.4066017,34.001
1768495135.5089495,49.249
1768495135.611373,37.412
1768495135.7137132,36.546
1768495135.8160613,47.212
1768495135.918481,33.033
1768495136.0208614,41.847
1768495136.1280007,38.245
1768495136.2302964,35.679
1768495136.332604,46.227
1768495136.434951,33.231
1768495136.5371494,42.512
1768495136.6405027,38.716
1768495136.7431536,41.256
1768495136.8461878,33.508
1768495136.9510634,44.383
1768495137.0575323,38.595
1768495137.1599622,34.889
1768495137.263557,44.626
1768495137.3657775,37.116
1768495137.468077,36.842
1768495137.5703373,42.807
1768495137.6756992,34.988
1768495137.7780063,40.247
1768495137.8814456,35.679
1768495137.9838793,49.839
1768495138.0859907,37.751
1768495138.1881063,37.729
1768495138.290189,46.495
1768495138.3924022,34.001
1768495138.4985802,46.523
1768495138.6008852,39.36
1768495138.7033088,36.743
1768495138.8055398,46.664
1768495138.9080281,34.1
1768495139.010385,47.184
1768495139.1127865,39.459
1768495139.2152083,36.645
1768495139.3176446,50.86
1768495139.4228144,37.828
1768495139.5254009,38.42
1768495139.6278315,45.511
1768495139.7302284,33.804
1768495139.8324726,41.527
1768495139.9348302,44.679
1768495140.0371192,38.496
1768495140.1394987,39.482
1768495140.2418773,40.369
1768495140.3472292,35.58
1768495140.4495316,46.593
1768495140.5521834,32.817
1768495140.6546226,38.716
1768495140.75694,44.357
1768495140.85942,34.889
1768495140.9618077,46.593
1768495141.0645597,33.606
1768495141.1670487,41.453
1768495141.2736578,44.383
1768495141.3771787,34.1
1768495141.4796855,40.172
1768495141.5819733,40.617
1768495141.684444,35.185
1768495141.7868323,47.212
1768495141.889119,38.595
1768495141.995854,36.94
1768495142.0982354,38.595
1768495142.2004879,36.546
1768495142.3027735,50.339
1768495142.4050121,34.791
1768495142.5073223,39.383
1768495142.60949,45.046
1768495142.711693,35.185
1768495142.8140466,48.237
1768495142.9198318,38.299
1768495143.0221684,37.335
1768495143.1244442,50.891
1768495143.2266686,37.905
1768495143.3292012,39.186
1768495143.4315248,47.675
1768495143.5341733,33.902
1768495143.6364765,45.861
1768495143.7389631,39.998
1768495143.8442907,36.842
1768495143.9468253,50.369
1768495144.0495124,33.428
1768495144.1520066,42.044
1768495144.2548501,41.527
1768495144.3572829,35.481
1768495144.4596834,50.596
1768495144.56187,37.215
1768495144.6642177,38.989
1768495144.7687929,46.987
1768495144.8715198,33.902
1768495144.9739263,42.906
1768495145.076624,40.617
1768495145.1788964,34.396
1768495145.2817698,43.668
1768495145.384202,41.428
1768495145.486942,34.692
1768495145.5891752,45.932
1768495145.6967297,39.801
1768495145.7990632,36.743
1768495145.9014487,48.797
1768495146.005306,39.58
1768495146.107568,36.25
1768495146.2097814,54.397
1768495146.3121498,38.792
1768495146.4183862,42.684
1768495146.5217855,36.053
1768495146.6238956,52.267
1768495146.7262409,36.94
1768495146.828441,49.544
1768495146.9306743,34.1
1768495147.0329974,41.157
1768495147.1353607,42.61
1768495147.2420576,35.383
1768495147.344337,50.301
1768495147.4467673,33.033
1768495147.5491455,47.38
1768495147.6515749,38.671
1768495147.7538624,35.876
1768495147.856225,50.793
1768495147.9586723,33.193
1768495148.0609195,38.716
1768495148.163261,44.16
1768495148.2687314,33.705
1768495148.370995,46.227
1768495148.4733622,37.784
1768495148.575712,37.138
1768495148.677925,45.145
1768495148.7801769,33.132
1768495148.8824406,39.679
1768495148.9848652,41.527
1768495149.0872443,34.396
1768495149.1894815,43.201
1768495149.2955983,43.3
1768495149.3979526,34.791
1768495149.5001633,50.596
1768495149.6024795,33.705
1768495149.7052455,42.734
1768495149.8075156,41.059
1768495149.9099102,35.284
1768495150.012266,51.352
1768495150.1191304,38.025
1768495150.2216392,37.335
1768495150.3239598,51.45
1768495150.427795,37.609
1768495150.5302575,38.617
1768495150.6324782,46.172
1768495150.734892,34.692
1768495150.8371253,44.16
1768495150.942952,36.151
1768495151.0453334,48.138
1768495151.147534,37.631
1768495151.2497442,36.546
1768495151.3520632,51.026
1768495151.454131,39.186
1768495151.556286,35.757
1768495151.658569,51.124
1768495151.760779,35.954
1768495151.8629808,36.94
1768495151.9686003,47.774
1768495152.070885,38.42
1768495152.173166,37.806
1768495152.2754772,46.467
1768495152.377837,33.508
1768495152.4802039,37.434
1768495152.5825222,50.891
1768495152.6848545,38.868
1768495152.7873168,34.889
1768495152.8935204,42.216
1768495152.9958787,39.482
1768495153.098108,35.461
1768495153.2004158,51.413
1768495153.3027844,38.595
1768495153.4050736,36.842
1768495153.5074167,50.331
1768495153.6096544,38.868
1768495153.711919,35.481
1768495153.817929,45.046
1768495153.9203205,35.481
1768495154.022597,50.83
1768495154.124897,37.215
1768495154.2271788,40.247
1768495154.32942,44.186
1768495154.431901,36.447
1768495154.5347202,40.05
1768495154.6369734,37.039
1768495154.7416835,48.167
1768495154.8447313,33.902
1768495154.947005,50.135
1768495155.049204,33.804
1768495155.1513882,41.059
1768495155.2537627,46.987
1768495155.3561301,34.1
1768495155.458339,41.921
1768495155.560637,47.605
1768495155.66419,38.792
1768495155.7686129,47.38
1768495155.87072,33.31
1768495155.972925,42.118
1768495156.0751026,43.398
1768495156.1773875,34.988
1768495156.279651,44.482
1768495156.3819826,38.42
1768495156.4842308,38.124
1768495156.5865214,44.501
1768495156.6908083,34.791
1768495156.7932484,46.2
1768495156.895603,34.396
1768495156.9978812,43.201
1768495157.1003401,42.192
1768495157.2027595,34.692
1768495157.305101,42.487
1768495157.4074655,41.428
1768495157.5100558,35.284
1768495157.6149583,50.694
1768495157.717244,33.231
1768495157.8194823,42.709
1768495157.9217765,38.518
1768495158.0241427,37.138
1768495158.1264377,46.621
1768495158.2287023,33.804
1768495158.3309772,40.664
1768495158.4332986,44.036
1768495158.5394218,33.606
1768495158.641639,41.133
1768495158.743903,46.003
1768495158.84621,34.495
1768495158.9485261,45.932
1768495159.0508056,40.763
1768495159.1537733,35.383
1768495159.2560785,49.741
1768495159.3584187,38.716
1768495159.4674814,36.271
1768495159.5700848,52.629
1768495159.6723552,38.595
1768495159.7745688,38.124
1768495159.8769305,49.348
1768495159.979203,34.1
1768495160.081481,42.684
1768495160.1836805,44.58
1768495160.287175,42.61
1768495160.3915033,43.595
1768495160.493751,34.1
1768495160.5959256,45.905
1768495160.6980553,38.913
1768495160.8001761,37.335
1768495160.9022377,47.113
1768495161.0043929,34.297
1768495161.1066375,41.33
1768495161.2088456,45.073
1768495161.3148952,34.396
1768495161.4171479,45.046
1768495161.5195673,40.984
1768495161.621883,34.495
1768495161.7243319,50.369
1768495161.8269234,37.806
1768495161.9292045,36.842
1768495162.031472,50.626
1768495162.1339638,36.447
1768495162.2395008,37.51
1768495162.3418853,47.901
1768495162.444241,34.396
1768495162.5466125,47.999
1768495162.6489093,38.124
1768495162.7512064,35.876
1768495162.8536308,47.338
1768495162.955997,33.231
1768495163.058378,43.792
1768495163.1645534,38.814
1768495163.2668748,34.593
1768495163.369217,50.596
1768495163.4714785,32.737
1768495163.5738685,40.861
1768495163.6762242,43.865
1768495163.7813663,33.508
1768495163.883739,42.044
1768495163.9923303,40.172
1768495164.0946486,35.58
1768495164.1972728,42.979
1768495164.2996428,38.966
1768495164.401997,35.087
1768495164.5043542,48.885
1768495164.606651,34.297
1768495164.7131317,44.285
1768495164.8158033,34.593
1768495164.9179752,50.143
1768495165.020207,36.546
1768495165.1226225,41.231
1768495165.2250288,44.652
1768495165.3273563,34.297
1768495165.4297097,51.088
1768495165.5320332,38.223
1768495165.6344447,38.42
1768495165.739021,45.878
1768495165.8413243,34.119
1768495165.9436812,44.652
1768495166.0459912,38.617
1768495166.1482184,38.223
1768495166.2505682,45.61
1768495166.3529005,34.001
1768495166.4553068,50.891
1768495166.557629,39.383
1768495166.6637278,37.039
1768495166.7667212,32.638
1768495166.8692536,39.951
1768495166.9716055,47.479
1768495167.0739381,34.001
1768495167.1763778,41.625
1768495167.2791164,43.497
1768495167.3814728,33.606
1768495167.4863665,41.034
1768495167.588739,41.354
1768495167.6910355,35.087
1768495167.7935164,46.719
1768495167.8958871,43.103
1768495168.001655,34.791
1768495168.105175,44.285
1768495168.2097435,40.467
1768495168.3121166,36.349
1768495168.4145622,53.154
1768495168.5168252,39.209
1768495168.6191666,38.321
1768495168.7216833,49.81
1768495168.824028,35.778
1768495168.9263399,46.467
1768495169.029848,34.988
1768495169.1340454,44.626
1768495169.236384,33.804
1768495169.3388774,42.044
1768495169.4412334,33.508
1768495169.5436206,44.456
1768495169.6458573,38.693
1768495169.7483501,36.645
1768495169.8508384,45.806
1768495169.9531505,33.033
1768495170.058716,43.497
1768495170.1612248,41.724
1768495170.2634091,34.495
1768495170.365733,47.999
1768495170.4681575,37.434
1768495170.5707886,39.557
1768495170.6731284,32.342
1768495170.7753785,53.152
1768495170.8818467,37.828
1768495170.98424,39.801
1768495171.0866146,42.143
1768495171.1889985,34.692
1768495171.2915118,52.759
1768495171.3938718,34.495
1768495171.4962425,39.679
1768495171.5985637,38.102
1768495171.7049417,36.151
1768495171.8073025,44.849
1768495171.90963,33.033
1768495172.012499,43.865
1768495172.1148028,38.299
1768495172.2187598,34.593
1768495172.3211238,49.092
1768495172.4234204,37.215
1768495172.53002,38.299
1768495172.6323106,44.062
1768495172.7346902,33.606
1768495172.8368874,42.216
1768495172.9391203,42.512
1768495173.0414824,34.199
1768495173.1438112,45.834
1768495173.2459967,36.447
1768495173.3481817,42.906
1768495173.4537687,35.185
1768495173.556169,46.2
1768495173.658471,34.1
1768495173.7607462,47.97
1768495173.8630927,39.087
1768495173.965493,36.172
1768495174.0679283,47.057
1768495174.1703167,33.724
1768495174.2727816,42.906
1768495174.3776827,43.668
1768495174.48019,34.1
1768495174.5824924,47.184
1768495174.6849291,41.625
1768495174.7871287,35.087
1768495174.8894453,46.959
1768495174.9918423,41.33
1768495175.094204,34.396
1768495175.1964262,45.315
1768495175.3017704,39.209
1768495175.404265,36.074
1768495175.5064821,46.003
1768495175.6089313,33.724
1768495175.711275,45.565
1768495175.8138273,38.397
1768495175.9161994,36.94
1768495176.0187018,44.554
1768495176.1211576,36.546
1768495176.227024,37.335
1768495176.329447,47.45
1768495176.4360712,32.737
1768495176.5383542,52.531
1768495176.6445124,38.124
1768495176.750627,37.532
1768495176.8529708,38.518
1768495176.9552855,37.138
1768495177.0577066,50.271
1768495177.1600075,38.716
1768495177.262314,47.409
1768495177.365867,33.508
1768495177.4682448,42.684
1768495177.5729978,42.315
1768495177.6754155,34.692
1768495177.7778127,49.092
1768495177.8800983,34.396
1768495177.9824867,38.89
1768495178.0848756,39.951
1768495178.187144,34.889
1768495178.2895114,50.075
1768495178.3918386,37.927
1768495178.4974408,37.039
1768495178.5999227,46.129
1768495178.7022429,36.37
1768495178.8045926,37.609
1768495178.9068983,44.724
1768495179.0093234,33.804
1768495179.1116045,47.45
1768495179.2139192,39.777
1768495179.3163025,35.087
1768495179.421184,50.664
1768495179.5235353,37.236
1768495179.6259596,38.321
1768495179.7283187,43.3
1768495179.8306117,33.902
1768495179.9330158,40.936
1768495180.0353818,43.373
1768495180.1377215,34.495
1768495180.2405798,40.444
1768495180.3466089,48.433
1768495180.4531586,39.284
1768495180.5554922,36.053
1768495180.658993,46.102
1768495180.7612128,40.247
1768495180.8634737,37.039
1768495180.968676,50.241
1768495181.0710793,34.001
1768495181.1734877,47.409
1768495181.275951,40.467
1768495181.378244,36.151
1768495181.4805129,39.505
1768495181.5837052,36.447
1768495181.6859195,49.387
1768495181.7926593,33.902
1768495181.8949773,39.974
1768495181.997374,48.925
1768495182.099737,34.199
1768495182.202059,40.073
1768495182.3044195,46.566
1768495182.4068046,33.804
1768495182.509097,40.345
1768495182.6119444,48.561
1768495182.7177727,33.508
1768495182.820014,41.059
1768495182.9223433,40.838
1768495183.024742,34.988
1768495183.12707,48.069
1768495183.2292986,42.585
1768495183.331713,34.593
1768495183.4340794,47.942
1768495183.5401418,38.769
1768495183.642401,37.729
1768495183.7447417,48.462
1768495183.8470569,34.001
1768495183.949403,42.709
1768495184.0516684,45.288
1768495184.154028,34.297
1768495184.2565122,38.89
1768495184.3589327,46.888
1768495184.468697,33.606
1768495184.5709732,39.974
1768495184.6732924,47.479
1768495184.7764363,33.902
1768495184.8787503,38.792
1768495184.9809246,44.134
1768495185.0831487,34.791
1768495185.18928,50.891
1768495185.2916973,33.705
1768495185.3940673,39.801
1768495185.49656,48.659
1768495185.598847,35.679
1768495185.701189,50.498
1768495185.8034227,38.124
1768495185.9056106,39.307
1768495186.007801,49.839
1768495186.1141913,33.902
1768495186.216528,36.743
1768495186.318915,49.023
1768495186.4213183,38.124
1768495186.5237103,36.271
1768495186.6259322,46.326
1768495186.7283146,46.888
1768495186.830616,33.508
1768495186.932914,47.184
1768495187.0385613,32.934
1768495187.1409311,42.216
1768495187.2431915,41.921
1768495187.3454807,34.001
1768495187.447811,46.326
1768495187.5501125,39.087
1768495187.6525795,35.087
1768495187.755129,47.999
1768495187.857347,38.343
1768495187.9626346,36.349
1768495188.0649471,45.834
1768495188.1672313,34.199
1768495188.2699044,46.495
1768495188.372194,45.708
1768495188.4745252,33.31
1768495188.5769546,43.668
1768495188.679242,39.777
1768495188.7816408,36.447
1768495188.8884113,48.659
1768495188.9907274,35.206
1768495189.0929513,40.148
1768495189.1951916,43.274
1768495189.2975266,35.185
1768495189.3999898,51.186
1768495189.5039232,39.034
1768495189.606237,37.138
1768495189.7111483,47.97
1768495189.8135085,36.172
1768495189.9159155,38.989
1768495190.0181842,36.074
1768495190.1204681,38.397
1768495190.223566,38.124
1768495190.325861,38.2
1768495190.4280522,36.743
1768495190.530212,46.692
1768495190.6361382,33.033
1768495190.7384746,39.284
1768495190.840839,46.2
1768495190.9430857,33.902
1768495191.0454094,39.58
1768495191.147812,48.532
1768495191.2502162,37.532
1768495191.3524678,38.595
1768495191.4548821,45.735
1768495191.5613232,34.791
1768495191.6635644,41.551
1768495191.7662196,41.625
1768495191.868596,35.876
1768495191.9713097,54.823
1768495192.0735323,34.988
1768495192.176263,39.951
1768495192.2786524,48.069
1768495192.3851078,34.791
1768495192.4873862,50.725
1768495192.5898762,39.11
1768495192.6922543,37.138
1768495192.794705,49.348
1768495192.8970225,34.001
1768495192.9993625,42.438
1768495193.101863,40.617
1768495193.2093673,34.889
1768495193.3176327,50.498
1768495193.420135,38.277
1768495193.522382,37.532
1768495193.6247654,46.818
1768495193.7270849,33.606
1768495193.83271,43.201
1768495193.9351108,40.345
1768495194.0375173,35.383
1768495194.139969,35.383
1768495194.2421873,38.693
1768495194.3443983,46.44
1768495194.446695,33.922
1768495194.5489392,41.231
1768495194.6512318,42.709
1768495194.756635,34.791
1768495194.8590333,45.413
1768495194.9613872,41.724
1768495195.0637128,35.679
1768495195.1660466,51.579
1768495195.2687001,33.626
1768495195.371086,40.467
1768495195.4733915,44.528
1768495195.5799708,34.593
1768495195.6825058,46.523
1768495195.784862,38.102
1768495195.88753,38.124
1768495195.9899263,48.561
1768495196.0922728,34.199
1768495196.1949263,46.424
1768495196.2973752,39.801
1768495196.4033,35.778
1768495196.5057538,47.085
1768495196.6081607,33.508
1768495196.7107031,45.341
1768495196.8129582,35.284
1768495196.9155302,48.532
1768495197.0178673,39.11
1768495197.1202092,36.447
1768495197.222519,48.196
1768495197.3281841,33.804
1768495197.4304783,39.679
1768495197.5328808,42.388
1768495197.6367633,34.692
1768495197.7391536,47.605
1768495197.8414679,39.186
1768495197.9438155,35.856
1768495198.0460386,49.946
1768495198.148331,38.496
1768495198.2536607,37.039
1768495198.3560286,50.43
1768495198.4583654,39.36
1768495198.5607834,44.331
1768495198.6629217,43.963
1768495198.7651706,34.1
1768495198.8675048,46.298
1768495198.969762,39.557
1768495199.0718708,35.284
1768495199.1781797,47.549
1768495199.2805612,38.595
1768495199.382925,35.679
1768495199.485343,48.63
1768495199.587623,37.532
1768495199.6900866,37.631
1768495199.7923446,51.284
1768495199.8947961,34.791
1768495199.9970558,40.763
1768495200.1029787,44.849
1768495200.2053006,34.692
1768495200.30765,42.192
1768495200.410129,44.849
1768495200.5124345,34.396
1768495200.6147819,43.767
1768495200.7170827,43.57
1768495200.8194368,34.889
1768495200.9218438,45.368
1768495201.027866,39.284
1768495201.1302843,36.645
1768495201.2325976,48.659
1768495201.3353002,34.396
1768495201.437608,42.782
1768495201.5398953,43.963
1768495201.6422484,34.889
1768495201.7447238,50.891
1768495201.8530028,39.087
1768495201.9553807,37.138
1768495202.0576859,51.186
1768495202.160113,34.001
1768495202.2624333,41.33
1768495202.3648238,44.233
1768495202.467393,34.199
1768495202.56983,40.936
1768495202.6753747,38.321
1768495202.777958,36.053
1768495202.8806899,34.001
1768495202.9839718,51.057
1768495203.086411,33.31
1768495203.1889029,41.428
1768495203.2912114,38.572
1768495203.3936238,35.58
1768495203.495987,46.424
1768495203.6013772,33.804
1768495203.7036304,43.963
1768495203.8060894,38.738
1768495203.9084797,37.138
1768495204.01098,47.31
1768495204.1135411,33.804
1768495204.21592,45.565
1768495204.318288,38.2
1768495204.4208078,35.679
1768495204.527584,47.352
1768495204.629938,38.025
1768495204.7324688,36.743
1768495204.83482,45.243
1768495204.9371943,33.409
1768495205.0396457,39.777
1768495205.1420007,45.681
1768495205.2445338,34.1
1768495205.3469932,42.979
1768495205.4529502,40.542
1768495205.5554802,34.297
1768495205.6578755,44.383
1768495205.7601516,41.404
1768495205.8626332,34.593
1768495205.9656324,48.069
1768495206.068016,37.729
1768495206.1708496,38.693
1768495206.2750776,49.348
1768495206.377444,38.595
1768495206.4800487,39.876
1768495206.5825837,48.138
1768495206.685312,34.889
1768495206.7877512,35.362
1768495206.8901849,38.617
1768495206.992505,49.023
1768495207.0950797,34.593
1768495207.2020197,49.151
1768495207.3044255,35.658
1768495207.4069273,45.637
1768495207.509158,43.398
1768495207.6113687,35.185
1768495207.713818,46.523
1768495207.8160098,40.59
1768495207.9181685,36.349
1768495208.0203786,47.282
1768495208.125949,39.406
1768495208.2283227,36.764
1768495208.330616,46.79
1768495208.4329507,40.566
1768495208.535489,36.842
1768495208.6377685,50.369
1768495208.7404754,33.409
1768495208.8428323,40.369
1768495208.9451394,48.364
1768495209.0501227,34.199
1768495209.1524065,47.774
1768495209.2547889,40.838
1768495209.3572676,35.383
1768495209.4596925,48.138
1768495209.5619571,39.951
1768495209.6644895,36.546
1768495209.7669797,53.349
1768495209.8740036,37.905
1768495209.9764757,37.927
1768495210.078844,52.825
1768495210.1812644,37.138
1768495210.283609,38.989
1768495210.3861046,48.433
1768495210.4890702,39.307
1768495210.5914135,37.138
1768495210.697556,51.284
1768495210.8001726,35.165
1768495210.9025545,39.679
1768495211.0048757,49.682
1768495211.107395,34.396
1768495211.2099004,45.243
1768495211.3123329,40.641
1768495211.4146156,35.481
1768495211.5215194,42.512
1768495211.6246593,35.481
1768495211.726918,44.652
1768495211.8292377,43.201
1768495211.931471,34.791
1768495212.0336456,41.133
1768495212.136073,44.062
1768495212.238288,34.692
1768495212.3404374,42.684
1768495212.4457388,46.298
1768495212.5479698,34.495
1768495212.6503503,45.61
1768495212.7528205,41.453
1768495212.8550944,34.396
1768495212.9574883,41.921
1768495213.059874,45.046
1768495213.162238,34.297
1768495213.2644808,42.906
1768495213.3698623,47.212
1768495213.472163,34.1
1768495213.5745149,38.716
1768495213.6767836,52.366
1768495213.7789874,40.27
1768495213.8814056,36.271
1768495213.9836411,43.57
1768495214.0858889,48.462
1768495214.188257,34.791
1768495214.29356,40.861
1768495214.3958657,51.481
1768495214.4984798,40.566
1768495214.601329,35.856
1768495214.7038782,43.373
1768495214.8061855,48.954
1768495214.9097493,38.792
1768495215.0122056,37.039
1768495215.1187308,52.793
1768495215.2211137,40.641
1768495215.3233387,36.172
1768495215.425662,46.326
1768495215.5279737,45.861
1768495215.6303117,34.791
1768495215.73267,52.531
1768495215.8349879,33.428
1768495215.9372687,39.383
1768495216.042556,38.617
1768495216.1448603,37.927
1768495216.2470613,47.184
1768495216.3493016,33.606
1768495216.4514198,43.201
1768495216.553739,41.748
1768495216.6558268,35.876
1768495216.7581646,36.94
1768495216.8603725,38.223
1768495216.966311,53.611
1768495217.0685606,38.769
1768495217.170843,37.138
1768495217.2732534,49.387
1768495217.3755157,42.044
1768495217.4778779,35.481
1768495217.5802224,43.963
1768495217.6824949,46.298
1768495217.784751,34.988
1768495217.8904817,40.838
1768495217.992793,48.491
1768495218.0950975,34.593
1768495218.197421,41.847
1768495218.2998195,47.085
1768495218.4022212,36.053
1768495218.5045462,39.012
1768495218.606989,54.528
1768495218.709246,41.157
1768495218.8148887,36.743
1768495218.9170904,46.003
1768495219.0199697,48.561
1768495219.1223786,34.988
1768495219.2246711,43.176
1768495219.3271937,44.626
1768495219.4294972,35.679
1768495219.5318954,46.424
1768495219.6341624,40.467
1768495219.7399848,38.003
1768495219.842487,45.145
1768495219.9448066,36.349
1768495220.047223,49.741
1768495220.1496656,34.495
1768495220.2520652,46.102
1768495220.3543942,33.508
1768495220.4567428,43.891
1768495220.5592031,38.025
1768495220.6642568,42.684
1768495220.766626,34.988
1768495220.8689578,51.615
1768495220.9711065,38.321
1768495221.073277,38.025
1768495221.1755624,46.593
1768495221.277714,33.902
1768495221.380018,41.921
1768495221.4823446,39.557
1768495221.5891814,35.087
1768495221.691478,48.04
1768495221.7944834,33.705
1768495221.8972893,48.167
1768495221.9998426,33.804
1768495222.1022565,40.664
1768495222.2045538,45.834
1768495222.307039,34.199
1768495222.4127948,44.554
1768495222.5152562,38.518
1768495222.617521,39.209
1768495222.719878,44.626
1768495222.8222094,33.902
1768495222.9244342,49.81
1768495223.0269833,34.001
1768495223.1294196,41.059
1768495223.2317734,39.383
1768495223.3376312,35.284
1768495223.4420006,44.259
1768495223.544526,33.409
1768495223.6477153,46.861
1768495223.7500794,34.495
1768495223.8523076,37.039
1768495223.9546523,45.959
1768495224.057053,33.428
1768495224.1622548,47.802
1768495224.2647026,33.033
1768495224.367136,40.664
1768495224.4695652,40.444
1768495224.5721853,34.889
1768495224.6750736,50.331
1768495224.7776995,33.113
1768495224.8802214,38.42
1768495224.9861243,33.705
1768495225.0886126,44.16
1768495225.1908455,37.313
1768495225.2931595,35.856
1768495225.3954718,46.227
1768495225.4977276,33.113
1768495225.5998464,38.617
1768495225.7020407,43.57
1768495225.8043447,33.409
1768495225.9100971,45.171
1768495226.0124762,38.617
1768495226.1149242,36.37
1768495226.2172768,41.65
1768495226.3199837,34.495
1768495226.422474,44.626
1768495226.524987,33.033
1768495226.6272805,41.453
1768495226.7296953,32.539
1768495226.8357816,46.523
1768495226.9381166,33.804
1768495227.0404184,37.631
1768495227.1427174,45.341
1768495227.2450209,33.132
1768495227.347463,37.236
1768495227.449701,49.22
1768495227.552077,34.495
1768495227.6544394,37.532
1768495227.760218,47.97
1768495227.8668952,34.988
1768495227.9692788,39.209
1768495228.0727954,47.352
1768495228.1750588,33.705
1768495228.2772846,39.209
1768495228.3833816,48.196
1768495228.485682,34.001
1768495228.587842,43.792
1768495228.690432,39.876
1768495228.7927356,35.778
1768495228.895089,49.446
1768495228.9974089,37.729
1768495229.0997844,39.58
1768495229.20208,34.988
1768495229.3097017,50.989
1768495229.4119864,37.806
1768495229.5141876,38.518
1768495229.6164598,45.341
1768495229.7190166,34.495
1768495229.821398,44.357
1768495229.9236612,39.11
1768495230.0260344,37.631
1768495230.1309812,39.406
1768495230.2332852,34.988
1768495230.3355982,52.004
1768495230.4380522,32.737
1768495230.5405302,40.936
1768495230.6429012,43.201
1768495230.7452009,34.396
1768495230.8475828,44.456
1768495230.950206,34.692
1768495231.0569065,49.18
1768495231.1592536,37.335
1768495231.261681,37.236
1768495231.363879,50.43
1768495231.4661565,37.806
1768495231.568622,38.617
1768495231.6714756,47.352
1768495231.7738237,34.495
1768495231.8808475,44.134
1768495231.983358,33.329
1768495232.0871813,46.074
1768495232.1895988,37.116
1768495232.2918437,41.354
1768495232.394375,44.259
1768495232.4969292,35.087
1768495232.6030455,51.548
1768495232.7056918,33.409
1768495232.8081672,39.876
1768495232.9106328,44.554
1768495233.0130622,34.791
1768495233.1154666,47.31
1768495233.2179682,33.428
1768495233.3204043,38.397
1768495233.4278085,35.087
1768495233.5302777,46.452
1768495233.6327088,32.638
1768495233.734973,40.073
1768495233.8374028,41.503
1768495233.9398553,35.087
1768495234.042464,47.704
1768495234.1449625,33.231
1768495234.2479455,43.741
1768495234.3521106,37.532
1768495234.4546752,39.679
1768495234.5571954,38.08
1768495234.6596348,37.335
1768495234.7619576,45.44
1768495234.8645163,34.1
1768495234.9670177,45.216
1768495235.0693293,33.132
1768495235.1757824,41.551
1768495235.2782757,42.782
1768495235.3806555,34.495
1768495235.4831965,45.171
1768495235.585637,32.539
1768495235.688433,40.566
1768495235.7909465,41.921
1768495235.8933024,33.31
1768495235.9957464,46.353
1768495236.1026366,37.236
1768495236.2048907,37.039
1768495236.3073351,40.392
1768495236.412065,34.889
1768495236.5143962,37.828
1768495236.6167035,35.383
1768495236.7190385,38.321
1768495236.826938,36.37
1768495236.9292002,46.397
1768495237.0315602,36.151
1768495237.1338303,38.223
1768495237.2360604,43.471
1768495237.3385794,33.508
1768495237.440831,40.467
1768495237.5442448,34.297
1768495237.649105,49.81
1768495237.7514875,38.2
1768495237.8538818,34.988
1768495237.9562097,46.523
1768495238.058479,32.638
1768495238.1608186,39.876
1768495238.2633543,40.542
1768495238.3657024,34.001
1768495238.467989,43.963
1768495238.5733805,42.782
1768495238.6756644,34.199
1768495238.777884,44.429
1768495238.880099,40.073
1768495238.9824083,35.362
1768495239.0846684,50.075
1768495239.1870418,36.743
1768495239.289525,37.434
1768495239.3919394,46.593
1768495239.4968908,33.409
1768495239.599215,40.467
1768495239.70178,38.89
1768495239.8041716,35.383
1768495239.9067025,51.941
1768495240.0091953,37.828
1768495240.1115015,39.777
1768495240.2137973,43.373
1768495240.3165069,34.199
1768495240.4209251,43.57
1768495240.5233963,43.865
1768495240.6272595,34.988
1768495240.72973,44.679
1768495240.8321428,33.409
1768495240.9343507,42.241
1768495241.0367913,38.792
1768495241.1392713,35.679
1768495241.2451808,49.741
1768495241.3475266,38.124
1768495241.4499147,36.25
1768495241.5524056,53.709
1768495241.6547968,38.124
1768495241.7571,39.012
1768495241.8594189,48.364
1768495241.9619954,42.143
1768495242.0644379,42.585
1768495242.1697462,35.284
1768495242.272238,52.791
1768495242.3746853,37.609
1768495242.4770765,37.138
1768495242.5796537,53.381
1768495242.6820307,36.842
1768495242.7844813,39.307
1768495242.8868823,46.888
1768495242.989473,34.001
1768495243.0941749,41.724
1768495243.196498,41.921
1768495243.2989771,34.297
1768495243.4013379,41.306
1768495243.503557,43.398
1768495243.606003,34.297
1768495243.7083213,45.806
1768495243.8106,37.927
1768495243.9130642,37.532
1768495244.0189826,41.724
1768495244.1213598,34.1
1768495244.2238815,48.983
1768495244.3269506,39.012
1768495244.4293334,35.383
1768495244.5317378,51.155
1768495244.6341577,37.708
1768495244.7364278,36.349
1768495244.843823,50.173
1768495244.9460337,37.609
1768495245.048442,37.434
1768495245.1507864,50.075
1768495245.2531319,37.806
1768495245.3555043,37.335
1768495245.4578407,49.711
1768495245.560226,38.321
1768495245.6664464,37.434
1768495245.7686777,50.959
1768495245.871021,40.073
1768495245.9733553,35.58
1768495246.0755892,46.298
1768495246.1779833,36.349
1768495246.2812195,53.447
1768495246.38337,33.329
1768495246.4886506,46.424
1768495246.5910347,38.025
1768495246.6938872,43.471
1768495246.7962747,36.151
1768495246.89875,50.331
1768495247.0011437,37.116
1768495247.1037428,37.434
1768495247.2062378,44.921
1768495247.3085587,33.329
1768495247.4146738,42.512
1768495247.5172884,38.89
1768495247.6196706,35.284
1768495247.7222092,46.271
1768495247.8245928,32.916
1768495247.9269054,39.58
1768495248.0292647,43.078
1768495248.1316206,33.329
1768495248.2341013,48.138
1768495248.33978,38.223
1768495248.442209,38.913
1768495248.544635,42.709
1768495248.6470191,34.889
1768495248.7497988,47.184
1768495248.8522918,32.934
1768495248.9552646,42.192
1768495249.0576105,41.847
1768495249.1605031,34.692
1768495249.268015,46.2
1768495249.3702943,33.705
1768495249.472664,47.549
1768495249.575135,39.209
1768495249.6777034,35.975
1768495249.7800448,43.57
1768495249.8826642,34.692
1768495249.9850333,40.172
1768495250.0908792,35.975
1768495250.1933286,38.025
1768495250.2959385,37.927
1768495250.3985372,31.749
1768495250.50112,47.872
1768495250.603859,48.532
1768495250.7061534,32.737
1768495250.8086498,42.512
1768495250.9110937,33.823
1768495251.0159192,45.046
1768495251.118258,32.836
1768495251.2206013,48.167
1768495251.3229911,32.539
1768495251.425282,44.921
1768495251.527697,32.737
1768495251.6299543,39.383
1768495251.7326512,40.641
1768495251.835085,34.1
1768495251.9405081,49.878
1768495252.0429811,37.357
1768495252.1454387,39.307
1768495252.2477367,38.156
1768495252.3502026,36.546
1768495252.4529614,41.699
1768495252.5554125,34.692
1768495252.6580439,43.274
1768495252.7635128,34.297
1768495252.8659232,46.523
1768495252.9683416,33.212
1768495253.0710645,48.364
1768495253.1743674,34.672
1768495253.2768419,40.763
1768495253.3791957,39.58
1768495253.4834306,34.593
1768495253.5873759,44.285
1768495253.6900263,32.638
1768495253.7923954,49.446
1768495253.8951926,34.889
1768495253.9979029,38.025
1768495254.1002629,39.754
1768495254.202786,34.396
1768495254.305222,43.767
1768495254.412352,32.638
1768495254.5148609,49.151
1768495254.6173713,33.804
1768495254.7197998,39.307
1768495254.8221247,35.284
1768495254.9246573,44.16
1768495255.0271337,32.836
1768495255.129399,44.456
1768495255.2356958,36.764
1768495255.338779,38.496
1768495255.441345,41.822
1768495255.5438507,33.329
1768495255.646177,48.335
1768495255.7486453,33.606
1768495255.851225,41.65
1768495255.9537473,38.42
1768495256.0599275,35.975
1768495256.162415,45.145
1768495256.2647762,33.804
1768495256.3673968,45.61
1768495256.4697945,36.722
1768495256.5723784,38.025
1768495256.6749713,37.193
1768495256.7773042,49.938
1768495256.8832343,32.422
1768495256.9856596,41.231
1768495257.088121,39.459
1768495257.1906714,34.988
1768495257.2929575,46.03
1768495257.3954058,33.212
1768495257.4993658,42.585
1768495257.6016645,33.409
1768495257.7069294,48.856
1768495257.8091464,37.138
1768495257.9114323,36.94
1768495258.0139039,43.57
1768495258.116322,33.804
1768495258.2186732,47.507
1768495258.3210175,32.638
1768495258.4234035,41.724
1768495258.5257065,38.89
1768495258.6310508,36.151
1768495258.733712,46.2
1768495258.8360453,33.113
1768495258.9387503,43.497
1768495259.0424063,34.495
1768495259.14466,51.217
1768495259.2467759,37.729
1768495259.3489547,36.743
1768495259.4550438,45.44
1768495259.558505,32.934
1768495259.6608412,38.003
1768495259.7631726,46.298
1768495259.8656714,33.409
1768495259.9680107,42.315
1768495260.0702848,39.406
1768495260.1725936,36.94
1768495260.2785306,47.479
1768495260.3811758,33.409
1768495260.483426,42.61
1768495260.5857835,39.209
1768495260.688221,36.546
1768495260.790605,45.118
1768495260.8929238,34.001
1768495260.9953537,49.19
1768495261.0976403,37.335
1768495261.2029521,38.913
1768495261.3054724,42.34
1768495261.4084868,36.447
1768495261.5109541,39.307
1768495261.6152976,42.34
1768495261.7176263,34.199
1768495261.8201206,47.745
1768495261.9258163,32.737
1768495262.0281093,42.044
1768495262.1307652,38.124
1768495262.233381,35.778
1768495262.3357942,41.625
1768495262.4382036,34.199
1768495262.5404751,49.22
1768495262.642994,32.539
1768495262.7456405,42.315
1768495262.8503067,37.729
1768495262.952825,41.157
1768495263.0552363,38.89
1768495263.1576605,48.63
1768495263.2609322,37.236
1768495263.3631918,37.335
1768495263.465489,45.145
1768495263.567756,32.934
1768495263.6700685,44.58
1768495263.7754896,37.039
1768495263.877787,40.96
1768495263.9801266,40.467
1768495264.0824943,34.692
1768495264.1847985,49.023
1768495264.2872322,32.737
1768495264.3896706,41.551
1768495264.4920924,43.078
1768495264.599112,34.199
1768495264.7014763,51.284
1768495264.80393,32.836
1768495264.906285,47.085
1768495265.008672,38.496
1768495265.1110828,37.138
1768495265.2134724,44.259
1768495265.3159053,33.705
1768495265.4234993,49.416
1768495265.5260608,36.919
1768495265.632908,37.138
1768495265.735345,43.201
1768495265.8386056,33.212
1768495265.9410071,44.679
1768495266.0470037,38.397
1768495266.1494913,36.468
1768495266.2518733,47.675
1768495266.3547916,33.606
1768495266.457133,41.748
1768495266.5597172,40.05
1768495266.6619432,35.185
1768495266.7644608,37.949
1768495266.8702183,40.542
1768495266.9726224,40.814
1768495267.0749156,49.976
1768495267.1781647,38.792
1768495267.2803376,37.138
1768495267.3825061,50.271
1768495267.4846854,38.693
1768495267.5868788,41.133
1768495267.693873,38.595
1768495267.7962315,36.25
1768495267.8985846,45.806
1768495268.0010102,32.934
1768495268.1033616,42.044
1768495268.2057881,38.639
1768495268.3083186,36.546
1768495268.410782,46.523
1768495268.5172877,33.231
1768495268.6196272,46.495
1768495268.721888,38.639
1768495268.824183,35.679
1768495268.9265013,46.129
1768495269.0291774,33.212
1768495269.1314993,47.577
1768495269.2339585,36.743
1768495269.3363504,37.729
1768495269.4427261,45.44
1768495269.5452287,33.231
1768495269.6475213,39.974
1768495269.7516274,45.315
1768495269.8538768,33.508
1768495269.9562201,42.636
1768495270.0584006,42.118
1768495270.160756,34.889
1768495270.2658403,48.885
1768495270.3681834,39.307
1768495270.4705508,36.94
1768495270.5729113,47.282
1768495270.6751153,36.546
1768495270.7773216,37.729
1768495270.8796027,45.834
1768495270.9819205,35.481
1768495271.0843856,42.019
1768495271.1895354,35.481
1768495271.2918577,45.315
1768495271.3942523,35.284
1768495271.496532,49.122
1768495271.598856,38.792
1768495271.7010038,35.856
1768495271.8031647,51.383
1768495271.9054065,39.505
1768495272.0075414,35.975
1768495272.113203,49.643
1768495272.215515,41.428
1768495272.3177178,36.349
1768495272.4200299,49.151
1768495272.5223374,41.28
1768495272.624693,36.743
1768495272.7270257,53.218
1768495272.8292773,40.739
1768495272.9317088,36.25
1768495273.0377214,50.105
1768495273.1399832,37.905
1768495273.242377,38.617
1768495273.344761,51.253
1768495273.4471622,38.913
1768495273.5495539,38.989
1768495273.6518853,48.63
1768495273.754118,34.199
1768495273.8566618,38.595
1768495273.9590492,47.844
1768495274.065062,33.705
1768495274.167589,52.66
1768495274.2699509,37.018
1768495274.372382,39.186
1768495274.4748209,46.719
1768495274.577183,33.804
1768495274.6795056,42.216
1768495274.786183,44.062
1768495274.8884058,34.001
1768495274.9907553,41.059
1768495275.0931199,43.595
1768495275.195364,34.297
1768495275.2976644,44.357
1768495275.4000084,40.566
1768495275.502375,35.185
1768495275.6046984,45.413
1768495275.709798,39.777
1768495275.812178,51.124
1768495275.9148695,35.087
1768495276.0169775,39.679
1768495276.1192708,47.872
1768495276.2214303,34.199
1768495276.3236954,40.838
1768495276.4258828,42.216
1768495276.528042,35.087
1768495276.6332364,46.424
1768495276.7356546,36.349
1768495276.8380117,47.802
1768495276.9403546,34.297
1768495277.0427892,39.777
1768495277.1451435,48.364
1768495277.247335,34.692
1768495277.3497748,45.243
1768495277.4520977,42.61
1768495277.558716,34.495
1768495277.6610355,42.413
1768495277.7633848,38.89
1768495277.8658493,35.185
1768495277.9681346,48.659
1768495278.0705426,40.369
1768495278.1729593,36.349
1768495278.275284,49.938
1768495278.3776314,34.396
1768495278.484606,43.3
1768495278.5868692,43.497
1768495278.6892362,34.988
1768495278.7915967,49.938
1768495278.8952284,35.284
1768495278.997591,49.023
1768495279.0999613,34.1
1768495279.202315,42.512
1768495279.3079777,48.225
1768495279.410212,35.185
1768495279.5126252,45.44
1768495279.614975,41.946
1768495279.7172902,35.778
1768495279.8196254,52.366
1768495279.9220502,32.934
1768495280.0244746,40.369
1768495280.126968,42.413
1768495280.2334847,46.861
1768495280.3365715,37.335
1768495280.4388225,36.546
1768495280.5411117,44.751
1768495280.6433136,34.001
1768495280.7456222,49.544
1768495280.8477488,37.018
1768495280.949964,37.631
1768495281.0521755,43.398
1768495281.158049,34.889
1768495281.2605996,49.613
1768495281.3629367,33.804
1768495281.4653873,39.284
1768495281.5679343,41.034
1768495281.670578,34.791
1768495281.7728593,48.757
1768495281.875516,33.31
1768495281.977814,39.505
1768495282.0838428,38.595
1768495282.186167,36.074
1768495282.2886703,51.776
1768495282.3911355,33.428
1768495282.4940083,40.861
1768495282.596314,42.709
1768495282.698751,34.297
1768495282.8012297,45.61
1768495282.9172163,39.262
1768495283.0195286,35.778
1768495283.1219249,51.155
1768495283.2241747,38.2
1768495283.3302917,37.138
1768495283.4327228,52.924
1768495283.535072,39.777
1768495283.6375391,36.271
1768495283.739984,45.61
1768495283.8423848,41.97
1768495283.94478,34.988
1768495284.047092,41.354
1768495284.1495109,47.45
1768495284.2542663,44.456
1768495284.3566897,39.632
1768495284.4588366,36.37
1768495284.56095,47.999
1768495284.6630409,40.369
1768495284.765431,36.053
1768495284.8675678,50.922
1768495284.9698179,41.724
1768495285.0720506,35.856
1768495285.174288,47.254
1768495285.2799513,40.467
1768495285.382206,36.94
1768495285.4845464,55.15
1768495285.5868995,43.274
1768495285.6891487,36.743
1768495285.7916756,50.528
1768495285.894086,35.383
1768495285.9964092,46.03
1768495286.1027386,39.58
1768495286.2051659,40.172
1768495286.3075094,44.751
1768495286.4098923,36.567
1768495286.5127552,43.471
1768495286.6151063,35.58
1768495286.717496,35.778
1768495286.8198829,48.335
1768495286.9265833,37.554
1768495287.0288515,36.645
1768495287.1341043,44.796
1768495287.236314,33.626
1768495287.3386157,42.512
1768495287.4409149,37.729
1768495287.5432904,36.94
1768495287.6457047,40.566
1768495287.748035,34.297
1768495287.8527958,46.298
1768495287.9551308,33.033
1768495288.0580518,44.357
1768495288.16065,37.018
1768495288.263012,37.532
1768495288.3653946,40.861
1768495288.4678648,34.001
1768495288.570633,48.728
1768495288.6768765,44.383
1768495288.7798307,38.814
1768495288.882082,35.284
1768495288.9844751,44.331
1768495289.0867248,32.934
1768495289.1889703,41.231
1768495289.2912707,42.782
1768495289.3935301,34.495
1768495289.495991,46.692
1768495289.6023073,34.573
1768495289.7047837,43.497
1768495289.8071995,39.754
1768495289.9098518,36.94
1768495290.0121553,52.531
1768495290.1144965,33.626
1768495290.217104,39.777
1768495290.3193707,43.471
1768495290.425278,34.889
1768495290.5278451,50.173
1768495290.6301234,38.124
1768495290.7331522,38.299
1768495290.8355868,44.974
1768495290.937858,38.89
1768495291.040417,38.124
1768495291.1464815,36.743
1768495291.2506177,44.383
1768495291.3531485,33.329
1768495291.4556901,48.561
1768495291.558037,37.357
1768495291.6602576,36.468
1768495291.7625644,46.298
1768495291.864907,33.132
1768495291.9674413,42.413
1768495292.0697982,39.899
1768495292.1761634,34.692
1768495292.2786782,45.538
1768495292.3812335,33.033
1768495292.48378,41.724
1768495292.586103,38.989
1768495292.6884184,34.889
1768495292.7912083,48.954
1768495292.8935344,34.791
1768495292.9959173,38.223
1768495293.1006076,33.804
1768495293.203252,43.694
1768495293.3053896,39.065
1768495293.4076936,35.481
1768495293.510013,45.538
1768495293.612237,40.27
1768495293.7143674,34.593
1768495293.8165383,44.777
1768495293.918669,41.231
1768495294.020837,35.58
1768495294.1267934,51.905
1768495294.229212,37.784
1768495294.3315253,38.518
1768495294.4338775,43.792
1768495294.5362089,34.988
1768495294.6387248,53.808
1768495294.7410476,33.705
1768495294.8433352,41.354
1768495294.9456036,44.383
1768495295.0515988,35.481
1768495295.153946,50.634
1768495295.2563245,33.804
1768495295.358765,38.595
1768495295.4610634,46.129
1768495295.5638523,35.185
1768495295.6664379,53.316
1768495295.7702634,32.521
1768495295.8752599,38.913
1768495295.977463,45.538
1768495296.0798783,33.606
1768495296.182236,41.059
1768495296.2845047,43.865
1768495296.3867679,33.606
1768495296.489091,44.974
1768495296.5913513,34.001
1768495296.6935234,40.467
1768495296.7994356,33.804
1768495296.90181,50.369
1768495297.004124,38.2
1768495297.1064222,36.053
1768495297.2086928,52.66
1768495297.3109848,36.623
1768495297.4132292,37.927
1768495297.5155125,47.212
1768495297.6178005,39.876
1768495297.725123,44.528
1768495297.8272939,34.199
1768495297.9293854,37.806
1768495298.031626,46.762
1768495298.1342707,34.1
1768495298.2363598,41.33
1768495298.33849,45.44
1768495298.4406643,34.593
1768495298.5443923,43.078
1768495298.6468532,39.065
1768495298.7490926,37.236
1768495298.8515477,52.138
1768495298.9538891,38.89
1768495299.056315,37.138
1768495299.1587732,49.583
1768495299.2612205,39.262
1768495299.3635495,35.954
1768495299.4659295,50.725
1768495299.5706632,41.157
1768495299.673164,36.151
1768495299.7757123,51.615
1768495299.8779798,38.496
1768495299.9808276,36.842
1768495300.083277,54.627
1768495300.185596,41.847
1768495300.289584,35.383
1768495300.395568,51.383
1768495300.4978197,38.124
1768495300.6001592,40.444
1768495300.7026129,41.576
1768495300.804978,36.743
1768495300.907329,52.236
1768495301.009681,38.025
1768495301.112178,39.087
1768495301.214609,48.462
1768495301.3194907,34.001
1768495301.4219236,38.989
1768495301.5243058,46.621
1768495301.6267655,33.804
1768495301.729137,44.456
1768495301.8314464,38.42
1768495301.9337876,39.383
1768495302.0362332,33.804
1768495302.1395345,43.891
1768495302.2442424,39.232
1768495302.3465397,35.58
1768495302.4488668,46.818
1768495302.5513806,33.132
1768495302.6537564,44.259
1768495302.7561362,36.94
1768495302.8585813,38.321
1768495302.9610548,45.61
1768495303.0633361,33.626
1768495303.1684368,43.792
1768495303.2709322,32.737
1768495303.3733273,42.216
1768495303.4756536,37.828
1768495303.5780573,36.25
1768495303.6804104,45.243
1768495303.782804,33.033
1768495303.8851976,40.27
1768495303.9918294,38.496
1768495304.0942075,39.186
1768495304.196697,37.434
1768495304.299006,38.792
1768495304.40139,43.937
1768495304.5038173,34.495
1768495304.6063685,44.062
1768495304.7086751,38.693
1768495304.8109834,36.349
1768495304.9163313,46.397
1768495305.0188465,39.012
1768495305.1212313,35.284
1768495305.2234817,50.399
1768495305.3257833,37.412
1768495305.428051,37.236
1768495305.5304909,46.298
1768495305.6327682,37.828
1768495305.7351518,38.223
1768495305.840861,46.129
1768495305.9432857,33.508
1768495306.0458837,38.321
1768495306.1481895,46.593
1768495306.2509909,33.902
1768495306.3533053,41.354
1768495306.4557292,36.053
1768495306.5588663,50.922
1768495306.664826,33.231
1768495306.767132,44.16
1768495306.8693755,35.383
1768495306.971923,47.704
1768495307.0741532,38.89
1768495307.176534,38.397
1768495307.2789512,50.036
1768495307.3814654,34.001
1768495307.4878118,42.906
1768495307.5901136,48.196
1768495307.6924875,34.593
1768495307.7949655,53.12
1768495307.897326,34.968
1768495307.9996097,39.383
1768495308.1021276,46.102
1768495308.204483,34.1
1768495308.3069274,51.02
1768495308.4116614,32.638
1768495308.5141597,40.936
1768495308.6171834,41.822
1768495308.719597,35.284
1768495308.8232875,45.511
1768495308.9257457,34.001
1768495309.0280263,46.987
1768495309.1302636,36.842
1768495309.2356412,39.482
1768495309.3378763,40.369
1768495309.4401245,36.645
1768495309.5425777,40.688
1768495309.645017,34.297
1768495309.747402,47.38
1768495309.849864,37.06
1768495309.952245,36.447
1768495310.054529,39.777
1768495310.1605227,32.934
1768495310.2630606,41.453
1768495310.3654163,37.215
1768495310.467791,41.921
1768495310.5702164,32.441
1768495310.6725905,40.763
1768495310.7764354,34.297
1768495310.8787525,44.331
1768495310.9848168,32.934
1768495311.0871665,43.694
1768495311.189489,37.335
1768495311.2920976,38.102
1768495311.3944807,38.595
1768495311.4969525,36.074
1768495311.5995011,44.652
1768495311.7019157,33.428
1768495311.8077083,47.085
1768495311.910313,32.836
1768495312.0126925,40.345
1768495312.1150804,38.792
1768495312.2175014,34.988
1768495312.320059,46.129
1768495312.4224355,33.527
1768495312.5250773,49.249
1768495312.6324198,37.258
1768495312.735045,37.532
1768495312.8411813,41.724
1768495312.9453402,33.902
1768495313.047676,45.735
1768495313.1544187,37.215
1768495313.257475,36.074
1768495313.3599668,40.27
1768495313.462409,35.876
1768495313.5650232,39.11
1768495313.6675985,36.863
1768495313.7701948,46.621
1768495313.8725948,33.804
1768495313.978217,46.129
1768495314.0807946,37.018
1768495314.1832905,37.729
1768495314.2860146,45.708
1768495314.3883626,33.132
1768495314.490836,39.406
1768495314.5932944,34.791
1768495314.6955366,50.528
1768495314.8019245,32.638
1768495314.904213,41.527
1768495315.0066366,42.512
1768495315.1090074,34.791
1768495315.2115061,47.675
1768495315.3139086,38.814
1768495315.4162931,37.631
1768495315.5186362,47.282
1768495315.6209657,33.508
1768495315.7263286,39.974
1768495315.8287764,45.637
1768495315.9310732,34.199
1768495316.0333648,47.31
1768495316.1357255,38.738
1768495316.2381835,38.321
1768495316.340519,46.058
1768495316.4434035,35.284
1768495316.5492969,49.348
1768495316.6515749,33.902
1768495316.7542424,37.729
1768495316.8581467,38.025
1768495316.9603949,45.171
1768495317.0626843,34.495
1768495317.1649995,54.201
1768495317.2673626,38.025
1768495317.3735638,38.89
1768495317.4758956,43.891
1768495317.5782928,35.658
1768495317.6806378,46.593
1768495317.7829468,34.021
1768495317.8853314,45.762
1768495317.9876828,36.919
1768495318.09005,38.025
1768495318.1924462,42.265
1768495318.2989104,34.001
1768495318.4012067,50.006
1768495318.5036757,37.313
1768495318.6059468,37.905
1768495318.7082148,38.397
1768495318.8106222,33.428
1768495318.9130564,40.838
1768495319.0158765,40.369
1768495319.118159,34.988
1768495319.2232165,44.849
1768495319.325471,32.934
1768495319.4278545,40.195
1768495319.5301387,43.201
1768495319.6326065,32.934
1768495319.7351887,41.527
1768495319.8375523,42.216
1768495319.9398358,34.297
1768495320.0421364,42.906
1768495320.1472635,43.839
1768495320.249741,34.1
1768495320.352104,41.059
1768495320.4546554,47.774
1768495320.5568998,39.58
1768495320.659369,38.223
1768495320.7617455,52.303
1768495320.8639874,39.459
1768495320.9664087,38.102
1768495321.0725677,49.741
1768495321.1751041,38.397
1768495321.2778952,39.58
1768495321.380181,45.368
1768495321.4824758,36.25
1768495321.5846741,46.959
1768495321.6871018,34.889
1768495321.7895525,45.735
1768495321.8955452,40.909
1768495321.9979255,36.743
1768495322.1003375,54.757
1768495322.2028098,38.792
1768495322.3052332,38.518
1768495322.407572,43.989
1768495322.5099277,34.495
1768495322.6121452,43.767
1768495322.7144854,45.27
1768495322.8202002,34.593
1768495322.9225707,45.834
1768495323.0249887,40.369
1768495323.127365,36.172
1768495323.2298305,33.804
1768495323.33278,38.89
1768495323.4349773,45.976
1768495323.5371807,34.593
1768495323.6432033,42.906
1768495323.7455628,48.462
1768495323.8477662,34.199
1768495323.9500537,42.216
1768495324.0523431,43.544
1768495324.154657,35.284
1768495324.25689,45.735
1768495324.3594036,40.566
1768495324.4618583,35.56
1768495324.5678766,53.513
1768495324.6701243,39.307
1768495324.772436,36.743
1768495324.8747017,49.976
1768495324.9768422,38.124
1768495325.0791688,36.447
1768495325.1816218,46.987
1768495325.2839344,33.212
1768495325.3861878,38.814
1768495325.4885726,47.31
1768495325.5942137,35.856
1768495325.6964712,38.321
1768495325.7988818,49.053
1768495325.9011605,38.299
1768495326.0053809,38.025
1768495326.107744,47.802
1768495326.210096,33.902
1768495326.3123975,53.349
1768495326.417337,38.595
1768495326.5197787,43.004
1768495326.6221228,43.57
1768495326.7244968,34.791
1768495326.8269818,38.124
1768495326.9295619,42.315
1768495327.0319455,42.438
1768495327.1344087,34.889
1768495327.2369232,46.03
1768495327.3423123,38.025
1768495327.444774,36.94
1768495327.547338,48.63
1768495327.649703,36.349
1768495327.7539537,49.22
1768495327.8561816,37.236
1768495327.9587667,37.039
1768495328.0609963,45.413
1768495328.167475,33.705
1768495328.2698557,43.891
1768495328.3723707,44.134
1768495328.4746313,34.692
1768495328.5768592,42.585
1768495328.6791918,50.626
1768495328.7814057,34.199
1768495328.8838713,40.96
1768495328.9862144,47.45
1768495329.0918314,34.988
1768495329.194105,41.034
1768495329.2963367,48.965
1768495329.3987303,39.284
1768495329.5014348,39.012
1768495329.6037169,50.762
1768495329.706003,34.297
1768495329.8083682,39.777
1768495329.910507,49.023
1768495330.0150626,34.692
1768495330.1173348,46.79
1768495330.2207813,42.019
1768495330.3231423,35.975
1768495330.425551,46.298
1768495330.527761,40.814
1768495330.630098,35.185
1768495330.732478,43.201
1768495330.8348563,44.876
1768495330.9412925,34.593
1768495331.0437129,49.613
1768495331.1461287,34.001
1768495331.248439,45.959
1768495331.3507724,34.001
1768495331.453156,47.113
1768495331.5557356,34.889
1768495331.6580439,46.692
1768495331.7603476,33.033
1768495331.8659906,48.994
1768495331.968288,34.001
1768495332.0705674,44.652
1768495332.1728992,34.889
1768495332.2766058,47.999
1768495332.3788097,40.345
1768495332.4811354,35.383
1768495332.5834706,47.113
1768495332.6856503,39.656
1768495332.7914896,34.396
1768495332.8938031,46.227
1768495332.9961817,40.542
1768495333.0984259,34.692
1768495333.2007096,47.577
1768495333.3029826,40.984
1768495333.4055173,34.889
1768495333.5081089,44.429
1768495333.6105266,44.062
1768495333.7164922,34.297
1768495333.818746,43.078
1768495333.9210002,44.088
1768495334.0235062,33.902
1768495334.1258595,41.551
1768495334.228314,43.595
1768495334.3311949,37.532
1768495334.433649,38.814
1768495334.5397067,48.04
1768495334.6435485,38.223
1768495334.7459238,37.335
1768495334.848187,49.643
1768495334.9505746,38.102
1768495335.053006,36.645
1768495335.1552858,52.432
1768495335.257976,38.397
1768495335.3632002,37.138
1768495335.4655857,51.677
1768495335.56789,38.223
1768495335.6703029,37.806
1768495335.772613,47.675
1768495335.8750489,34.1
1768495335.9773767,41.231
1768495336.0796866,46.424
1768495336.1819968,34.791
1768495336.286988,52.629
1768495336.3894331,37.927
1768495336.4918325,42.413
1768495336.5940547,35.58
1768495336.6963959,32.737
1768495336.7987704,44.16
1768495336.9009507,37.116
1768495337.0032036,35.679
1768495337.1055984,46.102
1768495337.2110333,33.409
1768495337.3139157,40.936
1768495337.4163177,40.96
1768495337.5186787,34.889
1768495337.6209135,49.643
1768495337.7233572,36.743
1768495337.8257391,38.89
1768495337.9281359,41.428
1768495338.030759,35.383
1768495338.1372657,46.593
1768495338.2395587,33.804
1768495338.342348,48.167
1768495338.4447718,33.31
1768495338.5470998,52.366
1768495338.649604,38.626
1768495338.751844,37.138
1768495338.8542552,46.2
1768495338.957638,33.409
1768495339.0641656,48.561
1768495339.1665182,32.243
1768495339.2689056,48.167
1768495339.3713841,32.737
1768495339.4736106,43.891
1768495339.5759125,36.743
1768495339.6781964,37.828
1768495339.7805202,39.482
1768495339.8873293,35.461
1768495339.9896295,45.145
1768495340.0918252,33.231
1768495340.1942039,47.184
1768495340.2965736,38.496
1768495340.3989325,35.284
1768495340.5012474,44.652
1768495340.6035743,32.539
1768495340.7059364,38.989
1768495340.8110173,39.36
1768495340.913298,50.105
1768495341.0170763,37.51
1768495341.119314,37.532
1768495341.2216222,45.243
1768495341.3239887,33.212
1768495341.4261832,39.383
1768495341.5284984,42.388
1768495341.6307497,34.199
1768495341.7353172,45.243
1768495341.8376334,32.836
1768495341.9400911,38.693
1768495342.042401,47.704
1768495342.1448812,33.212
1768495342.2472231,38.518
1768495342.349608,51.91
1768495342.4519165,39.974
1768495342.5542908,35.975
1768495342.6605182,44.285
1768495342.763492,46.102
1768495342.86596,34.199
1768495342.9683137,42.585
1768495343.0708737,41.33
1768495343.1730628,35.481
1768495343.2759788,50.301
1768495343.3782427,38.102
1768495343.4834747,37.335
1768495343.5857716,49.122
1768495343.688123,38.89
1768495343.790505,37.631
1768495343.8929942,48.827
1768495343.9952369,34.396
1768495344.0976243,40.369
1768495344.2000034,48.757
1768495344.3022072,37.828
1768495344.408333,38.617
1768495344.510697,54.987
1768495344.613034,39.974
1768495344.7153757,38.913
1768495344.817737,52.369
1768495344.9201086,34.1
1768495345.022477,42.807
1768495345.1248386,42.782
1768495345.2271845,36.053
1768495345.332534,38.89
1768495345.4362042,39.482
1768495345.5383883,47.577
1768495345.6406853,35.679
1768495345.742933,47.802
1768495345.845148,39.383
1768495345.9472716,37.236
1768495346.049523,43.201
1768495346.1561158,35.185
1768495346.2586575,50.762
1768495346.362544,32.836
1768495346.4649074,45.046
1768495346.5671914,37.828
1768495346.6696382,37.806
1768495346.7721708,33.508
1768495346.874587,50.43
1768495346.980001,37.51
1768495347.0822573,36.94
1768495347.184712,43.004
1768495347.2870014,33.804
1768495347.3892596,42.881
1768495347.4914968,38.025
1768495347.594382,39.679
1768495347.696905,37.215
1768495347.7993069,38.518
1768495347.9045374,42.315
1768495348.0068808,34.889
1768495348.1092746,49.544
1768495348.2117481,33.132
1768495348.3141804,42.118
1768495348.4166107,39.876
1768495348.519,34.889
1768495348.621508,47.704
1768495348.7240214,33.231
1768495348.8282619,39.58
1768495348.9308152,39.186
1768495349.033357,34.396
1768495349.1357157,50.301
1768495349.23816,37.335
1768495349.3405883,36.842
1768495349.4429421,46.2
1768495349.5453355,33.804
1768495349.6481555,38.223
1768495349.7531955,33.902
1768495349.8559268,45.315
1768495349.9581118,38.397
1768495350.0603938,36.962
1768495350.162797,50.626
1768495350.2649796,35.165
1768495350.3671477,39.383
1768495350.4695191,39.829
1768495350.5719895,36.074
1768495350.6772263,51.026
1768495350.7796972,38.792
1768495350.8820431,39.679
1768495350.9844782,36.349
1768495351.0868354,45.046
1768495351.189355,42.881
1768495351.2918558,34.791
1768495351.3944263,49.613
1768495351.50065,38.693
1768495351.6030188,37.039
1768495351.705522,40.444
1768495351.807887,37.335
1768495351.9105778,37.039
1768495352.0137765,45.145
1768495352.1161377,39.58
1768495352.2183452,34.396
1768495352.3206863,45.735
1768495352.4266984,37.554
1768495352.5291748,35.679
1768495352.631664,49.318
1768495352.7350094,38.769
1768495352.8373904,35.362
1768495352.9402096,47.352
1768495353.042582,34.791
1768495353.1451302,38.595
1768495353.2496417,43.176
1768495353.3520713,34.199
1768495353.4547038,42.906
1768495353.5572314,40.518
1768495353.6594265,34.692
1768495353.7621043,48.266
1768495353.8643947,39.557
1768495353.9669785,36.25
1768495354.0694187,45.315
1768495354.1747756,35.876
1768495354.277019,50.233
1768495354.3792074,37.883
1768495354.481398,36.151
1768495354.5837224,51.548
1768495354.6858506,39.853
1768495354.788228,36.645
1768495354.8904383,53.545
1768495354.9927144,38.025
1768495355.0949903,38.223
1768495355.2001836,47.97
1768495355.302552,34.297
1768495355.4048982,43.668
1768495355.5072289,40.125
1768495355.6095066,35.954
1768495355.7118695,54.594
1768495355.814183,40.073
1768495355.9165285,36.349
1768495356.0188768,48.659
1768495356.1240923,33.508
1768495356.2269068,40.739
1768495356.3292267,43.078
1768495356.4346979,34.988
1768495356.5389915,39.876
1768495356.641282,35.264
1768495356.7438488,32.441
1768495356.8491368,44.456
1768495356.9514742,39.209
1768495357.053861,34.692
1768495357.156234,48.167
1768495357.258579,36.546
1768495357.3608024,37.609
1768495357.4631855,45.44
1768495357.5655398,33.132
1768495357.6677637,41.428
1768495357.7738838,42.833
1768495357.8763938,34.199
1768495357.9786453,45.61
1768495358.0810251,38.693
1768495358.1834698,35.954
1768495358.2858064,46.719
1768495358.3881853,33.705
1768495358.4905205,43.103
1768495358.5929182,40.739
1768495358.6987433,35.383
1768495358.800969,44.679
1768495358.903399,34.396
1768495359.0058641,50.694
1768495359.108022,36.645
1768495359.2101808,36.447
1768495359.3124242,47.015
1768495359.4148235,32.737
1768495359.5169358,42.315
1768495359.6230087,40.27
1768495359.7255535,34.889
1768495359.8278544,50.006
1768495359.9303021,34.495
1768495360.0327606,39.974
1768495360.135314,43.523
1768495360.237635,34.297
1768495360.3400273,46.227
1768495360.4468446,34.869
1768495360.549385,39.754
1768495360.6517358,40.294
1768495360.755863,35.856
1768495360.858321,47.31
1768495360.9606981,33.804
1768495361.0630937,47.745
1768495361.1654751,33.033
1768495361.2702243,42.512
1768495361.372648,38.299
1768495361.4750135,37.335
1768495361.5775037,46.227
1768495361.679926,32.638
1768495361.782349,39.974
1768495361.8846772,42.807
1768495361.9870453,34.1
1768495362.089547,45.735
1768495362.1954799,38.025
1768495362.2978656,35.757
1768495362.4001262,50.891
1768495362.5024896,36.722
1768495362.6048276,37.434
1768495362.7070608,46.003
1768495362.8094928,33.606
1768495362.9120991,39.603
1768495363.0185208,34.001
1768495363.1210337,43.989
1768495363.2232594,36.863
1768495363.3254888,42.019
1768495363.4278262,32.817
1768495363.5299928,42.807
1768495363.632423,40.542
1768495363.734694,34.593
1768495363.8368704,44.357
1768495363.9433513,39.754
1768495364.0456405,36.172
1768495364.148088,43.767
1768495364.2504692,35.56
1768495364.3527865,52.138
1768495364.4551892,33.606
1768495364.5575652,44.383
1768495364.6599097,39.11
1768495364.7621915,38.42
1768495364.8678765,45.932
1768495364.9700487,34.1
1768495365.0723782,43.201
1768495365.1763108,46.846
1768495365.2784932,34.297
1768495365.3807347,41.034
1768495365.482981,48.237
1768495365.585373,33.804
1768495365.6920624,46.79
1768495365.794415,37.434
1768495365.8967288,38.124
1768495365.9991438,41.798
1768495366.1015258,34.1
1768495366.2038736,51.383
1768495366.306238,32.539
1768495366.4085724,42.807
1768495366.5109131,34.495
1768495366.6171594,39.603
1768495366.7194796,35.913
1768495366.821898,43.03
1768495366.9242146,33.705
1768495367.0266232,45.243
1768495367.129284,32.342
1768495367.2316725,42.019
1768495367.3339832,34.1
1768495367.441809,50.135
1768495367.544312,36.863
1768495367.64677,36.743
1768495367.7491856,45.046
1768495367.851527,33.329
1768495367.953959,44.948
1768495368.0563197,38.025
1768495368.1587303,35.58
1768495368.26396,48.925
1768495368.3663454,38.299
1768495368.4687867,36.842
1768495368.5712864,47.97
1768495368.6736925,33.527
1768495368.7760997,40.27
1768495368.8789842,44.134
1768495368.9815385,34.791
1768495369.0838711,48.885
1768495369.1890833,34.968
1768495369.2914155,39.899
1768495369.3940003,46.397
1768495369.4965646,33.705
1768495369.6006715,44.285
1768495369.7029805,38.868
1768495369.8053145,36.743
1768495369.9076464,48.069
1768495370.0148609,33.409
1768495370.1172218,39.777
1768495370.2195866,42.881
1768495370.32213,34.1
1768495370.424392,45.806
1768495370.5266612,38.42
1768495370.629079,37.631
1768495370.7315376,46.888
1768495370.834301,33.508
1768495370.939381,42.709
1768495371.041684,38.792
1768495371.1440382,35.284
1768495371.2466424,48.04
1768495371.3491287,34.278
1768495371.45172,37.828
1768495371.5541503,44.062
1768495371.656621,44.849
1768495371.7601027,38.442
1768495371.8646495,36.25
1768495371.9669714,44.823
1768495372.069534,33.606
1768495372.1720138,43.694
1768495372.274395,40.467
1768495372.3768973,35.087
1768495372.4794424,49.279
1768495372.5818481,38.245
1768495372.6843166,37.039
1768495372.7890391,47.113
1768495372.8914871,33.902
1768495372.9940999,50.331
1768495373.096587,38.025
1768495373.1990716,37.631
1768495373.3018188,44.357
1768495373.404234,35.087
1768495373.50734,45.511
1768495373.612654,34.889
1768495373.7150285,46.495
1768495373.8174973,34.396
1768495373.9204664,44.724
1768495374.02278,34.297
1768495374.1251779,48.925
1768495374.2273915,33.231
1768495374.3297458,41.157
1768495374.431994,42.512
1768495374.537768,33.705
1768495374.6402068,49.711
1768495374.74282,36.94
1768495374.8451772,37.335
1768495374.9476306,42.512
1768495375.0499353,34.199
1768495375.1522064,51.481
1768495375.2545552,37.138
1768495375.3569098,36.172
1768495375.462205,49.711
1768495375.5645592,37.357
1768495375.6668992,37.236
1768495375.7692225,47.212
1768495375.871658,35.362
1768495375.9739547,38.003
1768495376.076327,47.675
1768495376.1787107,46.987
1768495376.280994,38.178
1768495376.3868246,36.25
1768495376.4891791,43.767
1768495376.5916386,34.889
1768495376.69399,38.223
1768495376.7968562,39.777
1768495376.8993032,40.96
1768495377.0016882,35.58
1768495377.1043835,50.626
1768495377.2109838,33.409
1768495377.3136013,40.861
1768495377.4159324,43.227
1768495377.5194826,34.199
1768495377.6221128,47.479
1768495377.7244477,32.934
1768495377.826721,41.453
1768495377.9333465,42.512
1768495378.035873,34.001
1768495378.1382275,46.916
1768495378.240602,38.321
1768495378.344637,35.284
1768495378.446896,48.167
1768495378.5492666,38.989
1768495378.6516094,36.37
1768495378.753832,48.433
1768495378.8602486,35.067
1768495378.9625084,38.693
1768495379.0648825,46.818
1768495379.167328,33.606
1768495379.2697303,40.664
1768495379.3719683,42.807
1768495379.474402,34.297
1768495379.5767233,43.471
1768495379.6790853,41.724
1768495379.7840745,34.396
1768495379.8865225,43.668
1768495379.9889052,38.868
1768495380.0912414,35.679
1768495380.1935472,47.999
1768495380.295799,40.096
1768495380.398235,47.774
1768495380.5005958,34.396
1768495380.6028924,49.613
1768495380.708265,38.814
1768495380.8106916,37.631
1768495380.913173,47.97
1768495381.015476,34.396
1768495381.1178365,50.566
1768495381.2201893,35.58
1768495381.322583,40.664
1768495381.424855,44.259
1768495381.5271513,35.778
1768495381.6296673,48.069
1768495381.735543,34.1
1768495381.8377771,41.133
1768495381.9405317,40.96
1768495382.0429602,34.988
1768495382.145208,44.876
1768495382.2475715,43.497
1768495382.3541424,33.212
1768495382.4598637,40.073
1768495382.5621436,45.44
1768495382.6643233,38.102
1768495382.7666628,36.842
1768495382.8690953,52.236
1768495382.971478,35.56
1768495383.0739315,38.595
1768495383.176313,42.979
1768495383.2786574,33.31
1768495383.380921,39.482
1768495383.4865816,47.577
1768495383.5889075,33.508
1768495383.6911366,39.754
1768495383.7935317,47.015
1768495383.8959038,36.25
1768495383.9982696,38.124
1768495384.1006002,52.004
1768495384.2029738,37.116
1768495384.3053153,37.609
1768495384.4113822,50.762
1768495384.5136158,39.307
1768495384.6159046,36.94
1768495384.718475,45.511
1768495384.8209615,36.151
1768495384.923232,35.441
1768495385.025699,39.087
1768495385.1278734,40.42
1768495385.2301679,36.666
1768495385.3351,47.745
1768495385.4375234,34.199
1768495385.5398285,46.397
1768495385.6422937,39.603
1768495385.7447312,37.729
1768495385.847117,48.138
1768495385.949438,33.804
1768495386.051797,40.96
1768495386.1540782,40.073
1768495386.2591226,36.743
1768495386.3616853,47.212
1768495386.4640653,34.495
1768495386.5663693,45.735
1768495386.6688962,32.638
1768495386.7714927,41.034
1768495386.8738463,34.692
1768495386.9789102,48.04
1768495387.08478,33.014
1768495387.1875284,39.876
1768495387.2898626,42.807
1768495387.3923545,34.1
1768495387.4949405,43.865
1768495387.5972767,32.836
1768495387.6997273,39.876
1768495387.802134,38.2
1768495387.9072943,35.185
1768495388.0098484,44.751
1768495388.112199,34.199
1768495388.214911,38.321
1768495388.3173823,45.046
1768495388.4198558,33.212
1768495388.5221872,42.487
1768495388.624803,40.172
1768495388.7272584,34.593
1768495388.8324895,43.471
1768495388.934923,39.087
1768495389.0372279,36.842
1768495389.140126,47.212
1768495389.242546,42.29
1768495389.3446522,45.708
1768495389.4467902,34.1
1768495389.5490847,49.416
1768495389.6554432,33.409
1768495389.757798,40.739
1768495389.8602421,46.102
1768495389.9626777,34.495
1768495390.0649989,51.352
1768495390.1673992,36.919
1768495390.2698452,37.434
1768495390.3721967,49.289
1768495390.4744835,38.124
1768495390.580001,36.447
1768495390.6823554,50.105
1768495390.7845573,39.284
1768495390.886893,35.087
1768495390.9931915,49.544
1768495391.0955274,37.905
1768495391.1988072,39.482
1768495391.3054173,40.96
1768495391.407748,35.679
1768495391.5099936,49.092
1768495391.6123142,39.853
1768495391.7146502,36.842
1768495391.8168206,49.839
1768495391.91907,39.876
1768495392.0215209,36.053
1768495392.127761,47.577
1768495392.230165,40.444
1768495392.332541,35.757
1768495392.4348621,46.2
1768495392.53716,40.542
1768495392.6394951,35.954
1768495392.741947,53.447
1768495392.84426,39.801
1768495392.9468782,36.546
1768495393.051722,50.823
1768495393.1540635,39.284
1768495393.2563417,38.89
1768495393.3588548,36.151
1768495393.4624434,56.494
1768495393.5645874,39.087
1768495393.666775,38.913
1768495393.7689598,48.885
1768495393.875617,35.481
1768495393.9779902,50.664
1768495394.0804267,39.186
1768495394.1829684,40.369
1768495394.2853956,48.503
1768495394.3877022,35.087
1768495394.4900603,50.83
1768495394.5923135,34.988
1768495394.6986632,49.908
1768495394.800954,37.708
1768495394.9035378,37.927
1768495395.0057302,44.751
1768495395.108123,34.297
1768495395.2109754,49.643
1768495395.313341,35.954
1768495395.415783,40.369
1768495395.5231395,38.989
1768495395.6254382,35.481
1768495395.727724,44.849
1768495395.8299584,37.434
1768495395.9323006,37.631
1768495396.0346222,41.748
1768495396.1370618,34.396
1768495396.239519,47.409
1768495396.341871,37.039
1768495396.4466088,39.459
1768495396.5489242,37.729
1768495396.6511502,37.434
1768495396.7537796,32.144
1768495396.8561168,49.583
1768495396.9584603,37.018
1768495397.0608006,38.814
1768495397.1631339,43.497
1768495397.2654352,33.804
1768495397.3712287,43.103
1768495397.4735014,38.814
1768495397.5758252,36.468
1768495397.6782749,33.212
1768495397.7806287,46.621
1768495397.8829877,34.495
1768495397.985372,40.861
1768495398.0878031,38.595
1768495398.1905172,36.25
1768495398.2953243,43.57
1768495398.3977232,33.705
1768495398.500061,48.827
1768495398.6024046,33.409
1768495398.705192,39.777
1768495398.807505,41.625
1768495398.9099233,34.396
1768495399.0124052,49.289
1768495399.1147912,37.335
1768495399.2204998,38.025
1768495399.322989,46.916
1768495399.4254262,33.31
1768495399.5278034,39.899
1768495399.6315942,44.456
1768495399.7339828,34.692
1768495399.8365805,52.857
1768495399.9391458,36.94
1768495400.0444736,38.299
1768495400.1470199,43.176
1768495400.2492678,34.692
1768495400.3516932,48.335
1768495400.454054,36.349
1768495400.5565002,38.102
1768495400.6588514,46.129
1768495400.7612863,33.705
1768495400.867668,46.495
1768495400.9700325,38.814
1768495401.0723417,36.271
1768495401.1747277,47.015
1768495401.277131,32.916
1768495401.3796952,38.814
1768495401.4820766,44.357
1768495401.5846436,33.804
1768495401.6870131,44.383
1768495401.7915962,38.223
1768495401.894029,36.94
1768495401.9963112,34.1
1768495402.0999515,49.741
1768495402.2023678,36.743
1768495402.304533,36.842
1768495402.4067152,43.891
1768495402.5090442,33.705
1768495402.6112337,51.284
1768495402.7165725,32.539
1768495402.8189366,41.847
1768495402.9212945,37.159
1768495403.023624,37.039
1768495403.1258938,41.527
1768495403.228223,34.791
1768495403.3310869,50.399
1768495403.433563,32.737
1768495403.535984,46.888
1768495403.6407619,34.001
1768495403.7431324,39.482
1768495403.8453352,43.963
1768495403.948292,33.606
1768495404.050467,44.259
1768495404.1528106,39.406
1768495404.2550817,37.434
1768495404.3573248,46.692
1768495404.459542,34.001
1768495404.565968,51.61
1768495404.6684096,34.297
1768495404.7707584,38.989
1768495404.873248,46.397
1768495404.9755933,34.199
1768495405.077884,50.105
1768495405.180146,33.231
1768495405.2825844,39.482
1768495405.3891945,42.881
1768495405.4915195,35.481
1768495405.5938551,46.987
1768495405.6961358,34.297
1768495405.7985065,49.122
1768495405.9009705,32.441
1768495406.0035486,42.118
1768495406.1059468,37.039
1768495406.2082286,37.236
1768495406.3129637,43.471
1768495406.4152832,34.199
1768495406.5176146,33.132
1768495406.6199226,44.679
1768495406.7221656,36.447
1768495406.824448,42.019
1768495406.9267073,34.1
1768495407.0288577,47.409
1768495407.1309662,39.679
1768495407.233237,36.271
1768495407.3378625,49.908
1768495407.4401548,38.223
1768495407.5427766,38.89
1768495407.645118,40.664
1768495407.7474926,33.31
1768495407.8500257,41.354
1768495407.9524486,39.209
1768495408.0553243,36.053
1768495408.1619937,47.184
1768495408.2644122,33.508
1768495408.3679898,40.664
1768495408.4703758,46.102
1768495408.572766,34.199
1768495408.6750767,41.133
1768495408.7775223,45.511
1768495408.8796892,34.297
1768495408.9856787,49.78
1768495409.0881958,36.94
1768495409.1907306,41.157
1768495409.2931042,36.743
1768495409.395493,38.321
1768495409.497908,43.004
1768495409.600341,35.856
1768495409.7028668,38.989
1768495409.8097692,35.087
1768495409.9120855,49.643
1768495410.014429,37.335
1768495410.1167734,36.546
1768495410.2191756,44.948
1768495410.3217962,37.828
1768495410.4241967,35.58
1768495410.5265193,51.186
1768495410.6291003,33.804
1768495410.7315445,39.482
1768495410.833758,47.155
1768495410.9361334,37.828
1768495411.0386062,48.757
1768495411.1408598,35.185
1768495411.2432249,48.364
1768495411.3454478,35.284
1768495411.4477522,38.102
1768495411.549865,48.688
1768495411.6520486,33.606
1768495411.7555218,39.284
1768495411.8577008,47.38
1768495411.9600418,33.705
1768495412.062531,50.233
1768495412.1649275,34.001
1768495412.2672195,47.717
1768495412.3696585,33.902
1768495412.4726279,44.528
1768495412.5750346,33.014
1768495412.6772277,38.595
1768495412.7833488,45.44
1768495412.8948047,33.231
1768495412.997048,40.664
1768495413.099212,43.839
1768495413.2054026,34.297
1768495413.307761,43.891
1768495413.4100554,41.847
1768495413.5124784,34.495
1768495413.614776,47.184
1768495413.717098,37.313
1768495413.819448,38.913
1768495413.9218504,47.409
1768495414.0241313,33.113
1768495414.1299517,38.989
1768495414.2322662,42.585
1768495414.3348987,34.199
1768495414.4372072,44.58
1768495414.5396261,37.631
1768495414.6421053,38.496
1768495414.7445333,39.974
1768495414.8468008,35.679
1768495414.9535909,33.014
1768495415.0566518,39.012
1768495415.1587698,42.093
1768495415.2609773,33.409
1768495415.3632379,41.231
1768495415.4655204,44.383
1768495415.5677452,33.113
1768495415.670092,38.792
1768495415.7723691,47.675
1768495415.8784194,34.889
1768495415.9809225,37.434
1768495416.0833087,47.409
1768495416.185643,33.31
1768495416.2880514,38.814
1768495416.3904312,46.495
1768495416.4927373,37.412
1768495416.595228,45.905
1768495416.6979306,34.593
1768495416.8025415,37.039
1768495416.9050074,37.806
1768495417.0072703,46.369
1768495417.110685,39.11
1768495417.212859,35.757
1768495417.315122,44.482
1768495417.417328,47.774
1768495417.5198162,35.679
1768495417.62219,49.092
1768495417.7267463,35.58
1768495417.8291652,47.647
1768495417.9314773,40.59
1768495418.033727,37.335
1768495418.1361296,52.303
1768495418.2385952,34.396
1768495418.340817,39.284
1768495418.443178,47.549
1768495418.5454473,34.988
1768495418.6486688,43.176
1768495418.7514243,40.148
1768495418.8540564,37.335
1768495418.956425,48.012
1768495419.0587473,34.692
1768495419.1610367,43.497
1768495419.2634115,43.004
1768495419.3659859,34.416
1768495419.4684384,44.456
1768495419.5707927,38.2
1768495419.6767762,48.138
1768495419.779106,33.409
1768495419.8813314,39.482
1768495419.9836428,41.625
1768495420.0858722,34.396
1768495420.188091,47.507
1768495420.290329,32.934
1768495420.3926232,39.284
1768495420.4948747,45.315
1768495420.600851,33.527
1768495420.7033813,50.105
1768495420.8056908,39.801
1768495420.907928,35.58
1768495421.010334,50.86
1768495421.1127756,37.138
1768495421.215089,37.434
1768495421.3179102,50.361
1768495421.4203286,37.729
1768495421.5259511,36.349
1768495421.6291716,48.306
1768495421.7315009,33.231
1768495421.8338203,44.652
1768495421.9360738,45.145
1768495422.0384026,33.804
1768495422.1406882,39.307
1768495422.24294,49.151
1768495422.3493938,34.001
1768495422.4518251,39.284
1768495422.5541723,47.774
1768495422.6564982,34.692
1768495422.758971,47.409
1768495422.8612592,37.434
1768495422.9636097,39.702
1768495423.0659654,45.61
1768495423.1724687,34.791
1768495423.2749634,49.377
1768495423.3772707,39.012
1768495423.479664,37.806
1768495423.5820262,46.566
1768495423.684618,35.087
1768495423.7871256,50.928
1768495423.8893793,34.396
1768495423.9917502,43.668
1768495424.097078,41.059
1768495424.1995347,38.792
1768495424.3017268,36.546
1768495424.4038692,46.227
1768495424.5061035,32.836
1768495424.608212,41.354
1768495424.7103662,38.223
1768495424.812555,35.658
1768495424.9149573,44.948
1768495425.0171998,33.033
1768495425.1195064,39.087
1768495425.2247252,44.088
1768495425.3269765,33.902
1768495425.4293168,50.036
1768495425.5320108,37.434
1768495425.6343336,37.532
1768495425.736597,44.482
1768495425.8389578,33.902
1768495425.941866,45.664
1768495426.0442457,38.913
1768495426.1468287,35.679
1768495426.2547524,50.528
1768495426.3569613,38.124
1768495426.4593804,40.444
1768495426.5616863,42.709
1768495426.663892,34.889
1768495426.766209,32.737
1768495426.8685453,40.763
1768495426.971001,35.481
1768495427.077965,46.003
1768495427.1803696,32.934
1768495427.2828612,45.44
1768495427.3853245,38.595
1768495427.488131,35.087
1768495427.5904706,44.921
1768495427.6930687,32.638
1768495427.795479,39.876
1768495427.8981516,42.413
1768495428.003079,34.199
1768495428.105355,45.145
1768495428.207814,40.392
1768495428.3103137,34.593
1768495428.4128718,45.145
1768495428.5153153,39.899
1768495428.617774,35.264
1768495428.7202077,45.538
1768495428.8228362,37.751
1768495428.9286878,51.548
1768495429.031093,38.2
1768495429.1332953,37.236
1768495429.2355292,48.138
1768495429.3378558,38.814
1768495429.4401433,37.335
1768495429.54249,50.233
1768495429.6448033,33.428
1768495429.7472324,42.61
1768495429.853337,42.782
1768495429.9556656,34.791
1768495430.058612,45.538
1768495430.160979,38.814
1768495430.2634258,35.975
1768495430.3664067,51.217
1768495430.4688957,33.409
1768495430.572673,39.186
1768495430.6779833,43.471
1768495430.7803144,34.297
1768495430.882723,49.711
1768495430.9849927,38.178
1768495431.087322,35.876
1768495431.189654,50.823
1768495431.291989,38.541
1768495431.394397,37.236
1768495431.4968653,45.243
1768495431.6028833,33.705
1768495431.7052362,42.315
1768495431.8076377,38.124
1768495431.9100397,36.447
1768495432.012358,41.256
1768495432.1148784,36.25
1768495432.217155,40.467
1768495432.3195405,42.241
1768495432.4221766,34.593
1768495432.5270774,46.227
1768495432.6294863,33.705
1768495432.732067,45.467
1768495432.8344693,35.856
1768495432.9371066,37.828
1768495433.0395503,39.777
1768495433.1419368,39.36
1768495433.244221,35.383
1768495433.3465307,32.638
1768495433.453149,41.551
1768495433.555581,37.357
1768495433.6582277,36.349
1768495433.7607527,41.453
1768495433.863271,33.724
1768495433.965754,49.122
1768495434.0682404,32.737
1768495434.1707535,41.724
1768495434.2756104,39.11
1768495434.3784938,36.151
1768495434.4808192,39.777
1768495434.5834455,34.988
1768495434.685972,45.413
1768495434.788444,33.329
1768495434.8918607,43.471
1768495434.994292,38.716
1768495435.1003802,36.645
1768495435.202796,45.905
1768495435.305116,34.396
1768495435.4074783,39.186
1768495435.5100281,45.413
1768495435.6122851,33.428
1768495435.7147434,40.861
1768495435.8170736,41.157
1768495435.919477,34.692
1768495436.0249395,51.057
1768495436.1272354,36.25
1768495436.2295918,38.792
1768495436.331991,42.019
1768495436.4344866,34.889
1768495436.5367963,46.03
1768495436.6392467,33.132
1768495436.7416887,46.424
1768495436.8475347,34.593
1768495436.9499955,46.818
1768495437.052437,38.792
1768495437.1548347,36.37
1768495437.2572281,45.538
1768495437.3595765,33.705
1768495437.4620013,46.818
1768495437.5646434,37.927
1768495437.6678426,43.57
1768495437.7726698,34.593
1768495437.8750892,46.888
1768495437.977418,36.546
1768495438.0797324,36.743
1768495438.1821167,45.216
1768495438.284753,33.033
1768495438.3870044,41.133
1768495438.4894109,43.227
1768495438.5920553,34.692
1768495438.6967583,43.891
1768495438.7990303,42.29
1768495438.9012687,35.087
1768495439.0041776,49.279
1768495439.1066294,38.89
1768495439.2095356,35.658
1768495439.3118167,52.727
1768495439.4141223,38.2
1768495439.521049,38.321
1768495439.6235936,47.774
1768495439.7258682,33.606
1768495439.8282738,42.315
1768495439.9308436,42.413
1768495440.0332599,34.889
1768495440.1357663,49.053
1768495440.2381253,38.299
1768495440.34413,36.349
1768495440.446524,49.485
1768495440.5491173,36.546
1768495440.6514015,36.447
1768495440.7537878,47.52
1768495440.856108,34.672
1768495440.9584901,38.2
1768495441.0607314,46.523
1768495441.1631799,33.606
1768495441.2696612,48.757
1768495441.3721292,33.212
1768495441.47441,39.557
1768495441.576699,43.595
1768495441.679051,34.396
1768495441.781475,46.2
1768495441.884015,38.223
1768495441.9869883,48.59
1768495442.0934057,33.508
1768495442.1958103,38.716
1768495442.298173,48.856
1768495442.4004667,33.606
1768495442.5028324,38.693
1768495442.6051533,48.659
1768495442.707768,33.804
1768495442.8104043,40.936
1768495442.9129102,41.625
1768495443.0181434,35.876
1768495443.1206226,54.004
1768495443.2229888,34.001
1768495443.3254855,43.3
1768495443.4290597,39.557
1768495443.5313933,36.94
1768495443.6339679,47.45
1768495443.7364373,35.284
1768495443.8416362,52.66
1768495443.9438972,38.89
1768495444.0464323,37.729
1768495444.1487591,51.941
1768495444.2512374,37.828
1768495444.353731,39.679
1768495444.4561381,48.63
1768495444.5587633,33.705
1768495444.6650393,50.173
1768495444.7673416,34.001
1768495444.8697147,42.315
1768495444.972047,42.537
1768495445.074596,34.297
1768495445.1770458,48.63
1768495445.2794054,35.679
1768495445.3820577,39.383
1768495445.4844453,43.963
1768495445.590563,33.902
1768495445.693038,43.004
1768495445.7953246,38.321
1768495445.8979745,36.349
1768495446.000378,49.613
1768495446.1027155,37.236
1768495446.206218,50.468
1768495446.3086286,33.606
1768495446.4131558,43.373
1768495446.5154161,42.315
1768495446.6177514,35.284
1768495446.7203214,37.631
1768495446.822843,39.482
1768495446.925372,43.792
1768495447.02791,34.593
1768495447.1301782,43.004
1768495447.2331076,39.36
1768495447.3372972,36.349
1768495447.4422414,51.217
1768495447.5446732,38.518
1768495447.647194,37.039
1768495447.7495224,47.507
1768495447.851829,33.033
1768495447.9542432,41.551
1768495448.0567086,39.679
1768495448.1619456,35.975
1768495448.2643502,48.138
1768495448.3667996,36.743
1768495448.4693558,37.236
1768495448.5717182,46.003
1768495448.6741214,35.954
1768495448.776513,38.42
1768495448.8789444,46.129
1768495448.9814312,37.335
1768495449.0866456,36.645
1768495449.189051,48.364
1768495449.2915432,38.397
1768495449.3940327,36.645
1768495449.4966164,50.43
1768495449.59897,36.94
1768495449.7015634,37.828
1768495449.8040812,48.561
1768495449.911174,37.335
1768495450.0134795,39.284
1768495450.115937,47.647
1768495450.2182846,34.001
1768495450.3206513,42.709
1768495450.4230819,34.297
1768495450.5254753,42.019
1768495450.6277425,39.284
1768495450.7339299,40.05
1768495450.8366551,44.357
1768495450.9388983,33.508
1768495451.0413141,42.487
1768495451.1436567,40.05
1768495451.2459867,37.236
1768495451.348279,42.388
1768495451.4505029,35.362
1768495451.5529566,52.727
1768495451.6599698,39.777
1768495451.7622714,36.053
1768495451.8658633,50.664
1768495451.9680412,39.482
1768495452.0704432,36.37
1768495452.1727643,48.04
1768495452.275076,33.705
1768495452.3773804,45.341
1768495452.4826005,39.209
1768495452.584955,39.58
1768495452.6873083,44.724
1768495452.7898102,34.791
1768495452.8920724,46.495
1768495452.9944415,38.837
1768495453.0967283,37.039
1768495453.1990085,42.807
1768495453.3013415,34.988
1768495453.407336,43.595
1768495453.5097978,34.593
1768495453.612149,47.155
1768495453.7145002,32.836
1768495453.8169837,45.834
1768495453.919257,37.06
1768495454.021691,37.138
1768495454.1240957,45.637
1768495454.226304,33.428
1768495454.3320203,41.428
1768495454.4343655,42.143
1768495454.5366778,35.58
1768495454.6390154,52.562
1768495454.7412753,36.764
1768495454.8444269,50.203
1768495454.9466524,38.617
1768495455.0488803,39.777
1768495455.1558595,46.2
1768495455.258093,34.199
1768495455.3603823,45.467
1768495455.4626884,42.684
1768495455.5650752,35.087
1768495455.6673808,50.528
1768495455.7696903,39.087
1768495455.8720114,37.138
1768495455.974311,47.507
1768495456.0908787,33.508
1768495456.193115,42.487
1768495456.2954004,39.603
1768495456.401477,32.638
1768495456.5038555,42.807
1768495456.6062346,41.428
1768495456.7084994,34.297
1768495456.8108757,38.102
1768495456.9132423,36.25
1768495457.015616,48.433
1768495457.1179674,36.25
1768495457.2203245,38.595
1768495457.3227634,45.046
1768495457.428417,33.606
1768495457.5308862,40.936
1768495457.6332264,43.497
1768495457.735706,35.087
1768495457.8382185,48.827
1768495457.9407482,38.792
1768495458.043108,36.447
1768495458.1456318,49.544
1768495458.251295,35.087
1768495458.353626,40.073
1768495458.4560833,47.97
1768495458.5584464,34.001
1768495458.6610293,47.675
1768495458.7631545,34.1
1768495458.8655255,42.512
1768495458.9678833,44.528
1768495459.0701356,34.791
1768495459.1750443,48.561
1768495459.277548,37.949
1768495459.3799324,36.666
1768495459.4823022,51.253
1768495459.5849776,38.792
1768495459.687795,36.645
1768495459.7901385,47.085
1768495459.892471,33.508
1768495459.995069,42.906
1768495460.1091287,37.806
1768495460.211479,36.666
1768495460.3137956,48.126
1768495460.4161177,33.409
1768495460.5226877,47.549
1768495460.6251318,37.927
1768495460.7274804,38.124
1768495460.830017,44.724
1768495460.932374,33.902
1768495461.0349975,43.078
1768495461.137211,37.905
1768495461.2394662,35.58
1768495461.3418179,45.046
1768495461.4479272,33.508
1768495461.550304,42.709
1768495461.652647,40.369
1768495461.755019,34.692
1768495461.8575177,47.043
1768495461.959854,33.804
1768495462.0621738,50.075
1768495462.1644807,35.876
1768495462.266814,37.828
1768495462.3719604,45.073
1768495462.474308,33.329
1768495462.5765872,42.044
1768495462.6788955,39.603
1768495462.781228,50.173
1768495462.8834965,33.626
1768495462.9858983,40.838
1768495463.0880985,40.148
1768495463.1902976,36.645
1768495463.2961438,47.38
1768495463.3985512,33.508
1768495463.5007718,45.44
1768495463.6031113,37.806
1768495463.7058575,38.89
1768495463.8083847,39.656
1768495463.9108834,36.074
1768495464.0132987,51.45
1768495464.115645,34.889
1768495464.2202888,39.284
1768495464.3272226,41.428
1768495464.4294863,34.495
1768495464.5318873,49.151
1768495464.634266,37.729
1768495464.736664,37.532
1768495464.8389099,44.554
1768495464.9442914,33.804
1768495465.0467575,46.593
1768495465.1490455,36.525
1768495465.2515268,36.546
1768495465.3538804,44.849
1768495465.4563513,33.329
1768495465.5587971,42.216
1768495465.6611714,41.33
1768495465.763653,36.053
1768495465.8692656,47.745
1768495465.971746,33.132
1768495466.07418,40.172
1768495466.176658,40.936
1768495466.2790108,36.25
1768495466.3812993,46.79
1768495466.4838374,33.231
1768495466.586169,49.053
1768495466.6888494,37.729
1768495466.793002,43.865
1768495466.895479,34.593
1768495466.9979124,48.856
1768495467.1003456,36.743
1768495467.2025137,46.467
1768495467.3049002,33.409
1768495467.4071283,42.512
1768495467.5093157,37.236
1768495467.6119192,37.236
1768495467.7174149,43.741
1768495467.8197486,33.606
1768495467.9220245,41.33
1768495468.024693,43.642
1768495468.127496,34.791
1768495468.2299848,45.932
1768495468.3327036,41.748
1768495468.4351256,35.284
1768495468.5430403,49.544
1768495468.6454446,33.902
1768495468.7478895,39.482
1768495468.8504324,43.989
1768495468.95273,34.889
1768495469.0551257,50.959
1768495469.1573498,33.212
1768495469.2598448,41.847
1768495469.366272,39.505
1768495469.4687095,35.362
1768495469.5712306,52.334
1768495469.6734834,36.919
1768495469.7758226,37.532
1768495469.8782449,47.352
1768495469.9807746,33.014
1768495470.083153,39.209
1768495470.1854794,44.554
1768495470.2925255,33.804
1768495470.394751,43.103
1768495470.4971104,40.542
1768495470.5993896,34.692
1768495470.7017405,46.397
1768495470.8040586,38.693
1768495470.9063444,35.264
1768495471.008856,49.151
1768495471.1150382,38.124
1768495471.2174425,35.185
1768495471.3198924,33.113
1768495471.423067,42.881
1768495471.5252652,41.034
1768495471.6274643,34.791
1768495471.7298543,44.724
1768495471.832174,40.59
1768495471.9344747,35.087
1768495472.040291,42.585
1768495472.1425188,43.103
1768495472.2449965,33.804
1768495472.3479397,39.951
1768495472.4502213,47.675
1768495472.5525274,33.705
1768495472.6548653,39.186
1768495472.7570891,48.659
1768495472.8592985,35.658
1768495472.9626298,38.792
1768495473.0679526,51.057
1768495473.1702533,40.172
1768495473.2725768,37.631
1768495473.3749092,56.067
1768495473.4771183,40.467
1768495473.5793736,37.138
1768495473.6816356,49.515
1768495473.7839818,40.172
1768495473.8862586,36.645
1768495473.991378,53.447
1768495474.0936816,40.27
1768495474.1958978,36.25
1768495474.2981973,48.787
1768495474.400421,41.601
1768495474.502742,35.757
1768495474.604972,41.724
1768495474.7071934,51.217
1768495474.8095698,38.124
1768495474.9154744,38.223
1768495475.0179825,45.583
1768495475.1203659,34.297
1768495475.2228365,40.369
1768495475.3254151,45.341
1768495475.4278579,34.495
1768495475.5302558,44.679
1768495475.6325898,43.424
1768495475.7350872,34.297
1768495475.8402178,41.157
1768495475.9430282,34.297
1768495476.0455444,38.595
1768495476.1479146,48.237
1768495476.2501695,34.297
1768495476.35277,42.019
1768495476.4549627,34.001
1768495476.5571182,39.482
1768495476.663003,38.913
1768495476.7661107,47.774
1768495476.8685076,38.496
1768495476.970773,37.138
1768495477.0730798,51.781
1768495477.1752756,40.27
1768495477.2777758,37.138
1768495477.381361,52.2
1768495477.4872024,40.787
1768495477.5896578,35.954
1768495477.691984,51.383
1768495477.7943017,38.913
1768495477.8966806,36.546
1768495477.9990942,53.316
1768495478.1013918,37.806
1768495478.2039466,38.025
1768495478.306432,48.069
1768495478.4119422,38.2
1768495478.5142632,37.412
1768495478.6168962,48.757
1768495478.719365,33.804
1768495478.8215928,41.724
1768495478.924047,45.046
1768495479.0263147,34.297
1768495479.1285808,43.57
1768495479.2355835,39.998
1768495479.3379571,37.335
1768495479.4402032,46.692
1768495479.5425794,34.988
1768495479.6450531,45.959
1768495479.7476327,41.231
1768495479.8499067,34.988
1768495479.9522605,42.413
1768495480.0585816,45.118
1768495480.16089,39.284
1768495480.263285,49.446
1768495480.365379,39.11
1768495480.4674735,33.428
1768495480.569659,41.133
1768495480.6718774,48.069
1768495480.774074,34.495
1768495480.8762949,43.103
1768495480.9785204,38.814
1768495481.083675,36.842
1768495481.1860964,46.79
1768495481.288393,34.297
1768495481.3911781,48.787
1768495481.4934726,35.087
1768495481.5958111,52.169
1768495481.6998103,37.905
1768495481.8021061,38.595
1768495481.907443,47.507
1768495482.009755,33.804
1768495482.1121366,41.33
1768495482.2146611,40.073
1768495482.31702,35.481
1768495482.4195478,49.053
1768495482.521971,39.186
1768495482.6242824,35.679
1768495482.7267008,50.793
1768495482.8325822,38.003
1768495482.9350855,37.335
1768495483.0375035,45.118
1768495483.1399043,33.132
1768495483.242298,40.444
1768495483.3447952,40.247
1768495483.4472842,36.37
1768495483.5497143,47.085
1768495483.6558392,34.1
1768495483.7581227,47.901
1768495483.8603616,33.231
1768495483.9629936,41.527
1768495484.0654724,39.087
1768495484.1677427,37.434
1768495484.2700999,44.554
1768495484.372373,36.172
1768495484.474699,46.692
1768495484.5779095,34.1
1768495484.6807294,37.828
1768495484.782906,37.532
1768495484.8851335,43.3
1768495484.987345,34.199
1768495485.089805,49.377
1768495485.1919146,34.1
1768495485.2942338,40.861
1768495485.3965688,39.876
1768495485.4987297,34.791
1768495485.6048532,50.203
1768495485.7073257,37.927
1768495485.8100483,37.138
1768495485.9124398,47.38
1768495486.0147016,35.284
1768495486.1171067,39.186
1768495486.2197046,44.482
1768495486.322084,34.692
1768495486.4246337,50.86
1768495486.5293965,33.428
1768495486.6316757,40.664
1768495486.7341433,32.836
1768495486.8364782,47.282
1768495486.9388824,33.804
1768495487.0410542,39.974
1768495487.1432405,44.482
1768495487.2455442,34.199
1768495487.347796,42.512
1768495487.4531004,44.259
1768495487.5554678,34.199
1768495487.6578026,41.059
1768495487.7601361,43.715
1768495487.8625495,34.692
1768495487.9649305,45.511
1768495488.0674324,38.738
1768495488.1699834,37.039
1768495488.272352,47.999
1768495488.3773239,34.297
1768495488.4798229,42.315
1768495488.582303,41.896
1768495488.6847582,34.889
1768495488.7870657,47.97
1768495488.889514,38.124
1768495488.9918406,40.073
1768495489.0942137,44.751
1768495489.1964662,34.495
1768495489.3029058,38.178
1768495489.405119,36.053
1768495489.5074356,49.416
1768495489.609756,33.033
1768495489.7120366,41.921
1768495489.8144743,38.299
1768495489.9167757,36.37
1768495490.0190692,44.456
1768495490.1212494,34.297
1768495490.2270997,44.849
1768495490.3294744,34.001
1768495490.4319596,46.959
1768495490.5343993,36.94
1768495490.6379058,37.631
1768495490.7400632,42.61
1768495490.842324,34.001
1768495490.9446297,50.006
1768495491.0468876,36.743
1768495491.1528873,36.645
1768495491.255225,47.647
1768495491.3575315,32.934
1768495491.4598334,40.073
1768495491.5622172,40.912
1768495491.6646051,34.889
1768495491.7671232,51.383
1768495491.869364,37.587
1768495491.971798,41.551
1768495492.0771947,38.769
1768495492.1795702,36.645
1768495492.2819161,46.888
1768495492.3845603,33.705
1768495492.4870408,42.413
1768495492.5895462,39.482
1768495492.6920621,35.383
1768495492.794508,51.874
1768495492.9001665,33.804
1768495493.0024483,47.605
1768495493.1049628,33.014
1768495493.207491,43.004
1768495493.3098745,38.913
1768495493.4123058,34.791
1768495493.5146883,47.38
1768495493.6170235,32.638
1768495493.7195184,39.702
1768495493.8250065,35.658
1768495493.9280558,44.751
1768495494.030237,33.705
1768495494.1324794,49.741
1768495494.234708,32.934
1768495494.33696,41.428
1768495494.4392412,38.003
1768495494.5414186,35.757
1768495494.6443226,44.331
1768495494.7500165,33.132
1768495494.8523164,40.936
1768495494.9549,38.474
1768495495.0586135,34.692
1768495495.1610458,49.122
1768495495.2633786,36.743
1768495495.365668,37.236
1768495495.4679399,42.585
1768495495.5743551,34.692
1768495495.6769488,47.872
1768495495.7792742,32.737
1768495495.8816729,38.716
1768495495.9840953,44.259
1768495496.0864305,33.409
1768495496.1888142,41.551
1768495496.2914176,39.163
1768495496.3938794,35.757
1768495496.498778,44.58
1768495496.6011558,33.626
1768495496.7034996,46.2
1768495496.8060462,40.566
1768495496.9083784,39.012
1768495497.010745,35.284
1768495497.113197,45.341
1768495497.215398,33.231
1768495497.317634,41.256
1768495497.4232666,41.896
1768495497.5254953,33.902
1768495497.6278212,49.19
1768495497.7301648,32.934
1768495497.8326976,40.664
1768495497.9350128,44.357
1768495498.0373578,33.231
1768495498.139885,41.133
1768495498.2421858,33.804
1768495498.3505511,39.186
1768495498.4526494,46.916
1768495498.5549827,33.409
1768495498.6571126,36.743
1768495498.7594173,53.447
1768495498.8616517,38.693
1768495498.96408,37.335
1768495499.0663216,46.369
1768495499.171881,34.495
1768495499.2742567,42.906
1768495499.3766193,42.093
1768495499.480434,35.383
1768495499.582956,53.218
1768495499.6852248,33.606
1768495499.7875345,41.231
1768495499.8897734,41.428
1768495499.9968882,37.236
1768495500.0992787,48.787
1768495500.2016048,33.902
1768495500.3039703,39.974
1768495500.4064374,47.745
1768495500.5087664,38.299
1768495500.6109748,36.25
1768495500.7133949,49.318
1768495500.8158293,38.496
1768495500.9212663,37.039
1768495501.0238156,48.237
1768495501.1261995,33.883
1768495501.2284083,38.989
1768495501.3309946,49.711
1768495501.4334772,33.606
1768495501.5359228,39.58
1768495501.6382625,47.872
1768495501.7405763,34.001
1768495501.8454273,42.413
1768495501.9478548,45.932
1768495502.0502014,35.087
1768495502.1528976,51.812
1768495502.2553234,37.51
1768495502.3576772,40.664
1768495502.4600055,43.004
1768495502.562382,52.825
1768495502.6655893,35.165
1768495502.770495,37.927
1768495502.872693,43.078
1768495502.9750943,33.804
1768495503.0773945,45.341
1768495503.1797948,32.836
1768495503.2823708,41.33
1768495503.3847716,38.572
1768495503.487057,34.593
1768495503.5894275,47.212
1768495503.7045598,38.518
1768495503.806821,34.988
1768495503.9091935,47.45
1768495504.0115495,37.313
1768495504.1185162,36.546
1768495504.220763,47.507
1768495504.322988,33.508
1768495504.425331,40.369
1768495504.5278792,49.151
1768495504.630475,35.284
1768495504.732929,37.927
1768495504.8352177,49.416
1768495504.9413602,40.787
1768495505.0435667,36.94
1768495505.1458619,51.714
1768495505.248272,33.902
1768495505.350516,40.27
1768495505.4528775,48.954
1768495505.5552304,34.199
1768495505.657576,40.566
1768495505.7599754,47.422
1768495505.86543,34.199
1768495505.967877,40.739
1768495506.0702798,41.551
1768495506.1726766,35.679
1768495506.275006,48.728
1768495506.377525,39.284
1768495506.4799407,37.434
1768495506.5837805,38.693
1768495506.6904287,32.144
1768495506.7930956,50.173
1768495506.8953946,38.2
1768495506.997708,35.481
1768495507.1006067,49.613
1768495507.2028775,37.434
1768495507.305205,36.447
1768495507.4075825,51.481
1768495507.5099838,38.518
1768495507.6155674,37.729
1768495507.7178683,47.774
1768495507.8213317,38.2
1768495507.9236455,36.25
1768495508.0260017,46.003
1768495508.1282308,36.743
1768495508.2305677,43.03
1768495508.332828,36.151
1768495508.4391077,54.822
1768495508.54157,36.151
1768495508.6439805,39.482
1768495508.746331,47.015
1768495508.8485982,35.461
1768495508.9509535,45.341
1768495509.053175,40.369
1768495509.1554124,37.532
1768495509.2577128,51.383
1768495509.36339,34.573
1768495509.4657147,39.284
1768495509.5681124,51.088
1768495509.6704762,35.954
1768495509.7727642,39.58
1768495509.8750234,48.659
1768495509.9772685,34.199
1768495510.0796804,42.979
1768495510.182031,39.459
1768495510.2853131,36.053
1768495510.3880525,52.071
1768495510.4903672,38.716
1768495510.5926147,38.496
1768495510.695004,46.692
1768495510.7972608,34.1
1768495510.8996272,45.735
1768495511.002062,38.397
1768495511.1057765,38.003
1768495511.2081172,37.729
1768495511.3138597,43.668
1768495511.416162,34.297
1768495511.5185938,45.664
1768495511.620873,39.853
1768495511.723256,34.495
1768495511.8255305,50.301
1768495511.9282608,36.25
1768495512.0306227,39.58
1768495512.1366215,40.345
1768495512.2391753,34.396
1768495512.3415494,50.339
1768495512.4439309,36.546
1768495512.5463097,38.321
1768495512.6485038,46.664
1768495512.7507458,33.606
1768495512.8532112,40.936
1768495512.955568,42.315
1768495513.0578923,35.087
1768495513.1628735,49.81
1768495513.265111,33.705
1768495513.3674257,42.954
1768495513.4698958,35.679
1768495513.5724258,47.647
1768495513.6747475,35.362
1768495513.777144,40.073
1768495513.8794782,38.89
1768495513.9856777,37.335
1768495514.0881524,45.565
1768495514.190507,34.199
1768495514.2928734,43.3
1768495514.395643,36.842
1768495514.497961,38.617
1768495514.6004703,42.315
1768495514.7027128,34.199
1768495514.8051004,49.416
1768495514.9117355,32.836
1768495515.0142238,43.004
1768495515.1164665,37.236
1768495515.218766,36.743
1768495515.3211708,44.482
1768495515.423646,45.834
1768495515.5272768,37.434
1768495515.629391,35.856
1768495515.736094,44.652
1768495515.838371,32.539
1768495515.9407303,38.89
1768495516.043038,42.61
1768495516.1454098,34.297
1768495516.24783,50.626
1768495516.3504765,38.025
1768495516.4529676,40.566
1768495516.5553918,42.413
1768495516.6636808,35.461
1768495516.7662935,35.757
1768495516.8685906,37.828
1768495516.9709587,46.298
1768495517.0732443,33.902
1768495517.1754715,50.498
1768495517.2777367,33.033
1768495517.3801503,39.876
1768495517.487136,44.062
1768495517.5895984,33.606
1768495517.6919253,42.979
1768495517.7941706,40.05
1768495517.8966172,34.001
1768495517.999036,43.668
1768495518.1014402,38.321
1768495518.2037997,36.25
1768495518.306296,45.216
1768495518.411969,34.001
1768495518.5142562,48.196
1768495518.6166863,37.828
1768495518.7189605,38.299
1768495518.8212597,43.103
1768495518.9236486,34.988
1768495519.0259686,47.872
1768495519.1282368,33.508
1768495519.2306726,45.27
1768495519.3351593,37.927
1768495519.437748,38.693
1768495519.5401566,39.065
1768495519.6427484,35.778
1768495519.7451756,33.804
1768495519.8492255,49.279
1768495519.9513457,37.138
1768495520.0535204,36.743
1768495520.1593492,42.019
1768495520.2619298,34.1
1768495520.3643079,50.135
1768495520.4667168,37.729
1768495520.5694323,37.532
1768495520.6717892,47.113
1768495520.7740538,33.508
1768495520.8771138,43.595
1768495520.9830935,38.89
1768495521.085561,35.185
1768495521.187908,49.878
1768495521.290344,37.631
1768495521.392659,36.94
1768495521.4951136,46.495
1768495521.5973682,33.705
1768495521.7002926,44.088
1768495521.8026175,40.641
1768495521.9073002,34.889
1768495522.0097039,51.579
1768495522.1121833,33.212
1768495522.2145624,41.921
1768495522.3168206,42.019
1768495522.419139,35.284
1768495522.5215175,47.184
1768495522.6238704,38.102
1768495522.7262416,37.828
1768495522.8321521,45.708
1768495522.9345388,34.001
1768495523.036937,45.735
1768495523.139266,36.94
1768495523.2416098,42.906
1768495523.34411,40.369
1768495523.446902,33.902
1768495523.5492878,43.963
1768495523.655291,40.542
1768495523.7577152,33.902
1768495523.860048,43.103
1768495523.962349,41.428
1768495524.0648549,49.81
1768495524.168165,33.329
1768495524.2704465,41.059
1768495524.3726802,44.383
1768495524.4749055,34.297
1768495524.5793695,43.891
1768495524.6816285,43.274
1768495524.7838788,34.593
1768495524.8861554,44.383
1768495524.9890335,40.05
1768495525.091379,34.988
1768495525.1941059,50.135
1768495525.296413,39.209
1768495525.3986633,36.349
1768495525.5023088,51.321
1768495525.6046019,40.27
1768495525.7069411,36.447
1768495525.8092914,50.664
1768495525.911482,33.804
1768495526.0137415,39.284
1768495526.116063,46.692
1768495526.2183485,34.692
1768495526.3206105,54.528
1768495526.4228687,33.409
1768495526.5289598,41.921
1768495526.6312337,47.085
1768495526.733707,35.954
1768495526.8363442,37.729
1768495526.938601,38.223
1768495527.0407848,48.04
1768495527.143039,33.804
1768495527.2454324,39.505
1768495527.3525705,46.424
1768495527.4549298,33.606
1768495527.557217,44.259
1768495527.6595588,38.89
1768495527.7619078,35.58
1768495527.8641977,51.708
1768495527.9666421,37.729
1768495528.0688906,36.94
1768495528.171187,46.79
1768495528.2771425,34.1
1768495528.3794837,44.357
1768495528.481815,37.927
1768495528.5840957,51.253
1768495528.6870098,38.913
1768495528.7891364,36.25
1768495528.8914723,47.479
1768495528.9938722,33.705
1768495529.0994303,43.963
1768495529.2018738,40.467
1768495529.304435,33.014
1768495529.4070647,41.231
1768495529.50954,43.963
1768495529.6126,34.495
1768495529.714929,45.27
1768495529.8172162,39.702
1768495529.9236274,37.434
1768495530.026134,49.78
1768495530.1283143,33.409
1768495530.2309303,42.216
1768495530.3331518,42.487
1768495530.4355705,35.757
1768495530.5379057,47.942
1768495530.6402192,32.916
1768495530.742613,39.482
1768495530.8485878,40.641
1768495530.9509196,34.988
1768495531.0531812,49.249
1768495531.155495,37.138
1768495531.2577236,35.975
1768495531.3599255,50.301
1768495531.4621737,33.033
1768495531.5645654,42.807
1768495531.6670046,43.3
1768495531.77265,34.593
1768495531.8749352,48.856
1768495531.977242,36.94
1768495532.0797045,36.743
1768495532.182047,47.085
1768495532.2844367,33.804
1768495532.3867736,41.527
1768495532.4892116,44.383
1768495532.5962026,34.001
1768495532.6985438,41.33
1768495532.8009014,34.199
1768495532.9048076,43.891
1768495533.0070696,39.284
1768495533.1092594,35.284
1768495533.2114737,46.987
1768495533.3136082,33.31
1768495533.419858,40.763
1768495533.5221345,43.004
1768495533.6246164,34.001
1768495533.7270405,40.664
1768495533.8307674,43.57
1768495533.9332247,33.705
1768495534.0356414,48.503
1768495534.13789,32.934
1768495534.2441676,45.019
1768495534.3463798,39.012
1768495534.448782,36.349
1768495534.5512505,47.212
1768495534.6535988,36.074
1768495534.756119,38.716
1768495534.858499,42.512
1768495534.9609582,33.804
1768495535.068016,49.023
1768495535.1705008,39.406
1768495535.2730196,35.383
1768495535.375625,52.2
1768495535.4780767,35.165
1768495535.5805402,40.763
1768495535.68289,38.89
1768495535.7853396,35.757
1768495535.89096,52.66
1768495535.9933,37.729
1768495536.095757,38.124
1768495536.1980371,47.184
1768495536.300252,33.606
1768495536.402575,42.143
1768495536.5049818,32.638
1768495536.607313,42.61
1768495536.7096822,36.074
1768495536.8152568,46.271
1768495536.9176443,33.902
1768495537.0202863,40.392
1768495537.1228077,34.001
1768495537.225026,45.44
1768495537.327241,42.61
1768495537.4295478,34.692
1768495537.5318666,50.566
1768495537.6346931,38.375
1768495537.7396662,37.138
1768495537.8421872,47.872
1768495537.9445,33.804
1768495538.048015,41.059
1768495538.150329,43.989
1768495538.2525766,35.58
1768495538.3548725,49.946
1768495538.4571345,37.85
1768495538.5627806,38.124
1768495538.6651247,44.285
1768495538.7676327,34.988
1768495538.869933,48.208
1768495538.9722493,39.33
1768495539.074735,36.743
1768495539.1772673,47.774
1768495539.2795959,33.804
1768495539.3819983,50.173
1768495539.486988,32.934
1768495539.5892973,43.004
1768495539.6917508,38.518
1768495539.7941117,36.349
1768495539.896702,45.046
1768495539.9989593,33.606
1768495540.1013,42.709
1768495540.203823,39.012
1768495540.3063083,35.087
1768495540.41202,48.954
1768495540.5142415,37.412
1768495540.6166766,37.927
1768495540.7191467,43.471
1768495540.82147,34.692
1768495540.9237485,48.728
1768495541.026103,33.132
1768495541.1286662,44.456
1768495541.231046,37.039
1768495541.335908,37.631
1768495541.438726,33.606
1768495541.542055,43.274
1768495541.6442878,39.034
1768495541.7464683,35.284
1768495541.8487842,46.523
1768495541.9510798,33.508
1768495542.0535266,43.891
1768495542.1601768,32.342
1768495542.262493,43.767
1768495542.3661957,32.225
1768495542.4685142,39.58
1768495542.5709984,40.467
1768495542.6736476,34.199
1768495542.7760916,48.012
1768495542.878638,32.638
1768495542.9844196,42.684
1768495543.0867226,38.223
1768495543.189321,37.138
1768495543.2918851,43.767
1768495543.3944693,33.804
1768495543.4967964,48.659
1768495543.5992362,32.62
1768495543.701741,40.861
1768495543.8097725,38.321
1768495543.9122956,35.383
1768495544.014667,46.298
1768495544.117198,32.638
1768495544.2196193,44.482
1768495544.3220391,38.321
1768495544.424512,36.94
1768495544.526908,42.906
1768495544.6337328,33.113
1768495544.7360184,45.61
1768495544.838483,38.102
1768495544.9409611,35.58
1768495545.0432196,49.318
1768495545.1457028,33.31
1768495545.2481961,41.847
1768495545.350508,39.951
1768495545.456228,35.876
1768495545.558807,33.31
1768495545.6610334,40.566
1768495545.7634006,42.684
1768495545.8656342,34.396
1768495545.9680214,42.881
1768495546.0711684,37.609
1768495546.1737127,38.617
1768495546.280657,41.625
1768495546.3829916,34.889
1768495546.4856813,46.467
1768495546.5883102,33.329
1768495546.694487,48.335
1768495546.7977755,36.151
1768495546.9042199,45.145
1768495547.006857,32.836
1768495547.1092372,40.838
1768495547.211673,40.444
1768495547.3140516,37.039
1768495547.4165437,39.11
1768495547.5189247,34.791
1768495547.6213603,46.172
1768495547.7241192,32.836
1768495547.8284419,42.413
1768495547.9309642,37.357
1768495548.0333123,38.025
1768495548.1357932,42.906
1768495548.238165,33.606
1768495548.3405278,45.637
1768495548.4428966,38.716
1768495548.5452762,34.889
1768495548.6477542,50.664
1768495548.753284,35.264
1768495548.8557906,38.496
1768495548.958162,44.58
1768495549.0606823,34.199
1768495549.163525,47.815
1768495549.2659235,33.31
1768495549.3684042,48.659
1768495549.4709923,36.525
1768495549.5773246,46.03
1768495549.6798675,34.692
1768495549.7822208,47.212
1768495549.884615,39.679
1768495549.9868748,36.645
1768495550.0898778,47.507
1768495550.1922007,34.199
1768495550.2944317,46.2
1768495550.3969817,35.975
1768495550.5032713,40.763
1768495550.6056614,38.442
1768495550.7082374,36.25
1768495550.8108597,46.227
1768495550.9133377,33.132
1768495551.0158339,46.003
1768495551.118279,31.947
1768495551.2207215,41.157
1768495551.327004,37.434
1768495551.4295316,36.053
1768495551.5319724,43.792
1768495551.6345592,33.329
1768495551.7370577,48.364
1768495551.839659,37.357
1768495551.9420207,37.236
1768495552.0444295,44.16
1768495552.1468723,33.409
1768495552.2527761,49.151
1768495552.355091,37.708
1768495552.4573348,35.383
1768495552.5600398,43.891
1768495552.6624103,32.737
1768495552.764983,42.413
1768495552.8674915,38.716
1768495552.9699802,34.692
1768495553.0759196,46.495
1768495553.1784194,33.606
1768495553.2807987,47.704
1768495553.3833792,34.001
1768495553.485964,39.012
1768495553.5884788,41.724
1768495553.6908383,34.495
1768495553.7934365,50.233
1768495553.89904,34.396
1768495554.0025423,50.006
1768495554.104785,34.001
1768495554.2070038,45.368
1768495554.309677,40.247
1768495554.4119253,35.185
1768495554.5141745,45.145
1768495554.6163728,43.325
1768495554.7228286,34.988
1768495554.8250995,45.708
1768495554.927558,40.787
1768495555.0306265,36.053
1768495555.1330962,47.97
1768495555.2353728,41.01
1768495555.337607,36.271
1768495555.4398818,52.562
1768495555.5423057,40.664
1768495555.649009,35.856
1768495555.7517283,43.767
1768495555.854081,45.243
1768495555.9564452,34.889
1768495556.05893,41.724
1768495556.1612155,43.052
1768495556.2634726,36.645
1768495556.365657,52.892
1768495556.4715796,34.495
1768495556.5739753,42.413
1768495556.6762369,33.132
1768495556.7786424,37.258
1768495556.8809235,43.201
1768495556.9831407,38.102
1768495557.0854266,36.271
1768495557.1877515,45.243
1768495557.2900927,33.902
1768495557.3924904,43.767
1768495557.4986246,41.428
1768495557.6010306,36.074
1768495557.7034197,40.467
1768495557.8056662,35.067
1768495557.9081295,50.006
1768495558.010476,38.814
1768495558.112749,36.94
1768495558.214973,47.999
1768495558.3172839,33.804
1768495558.4228954,40.715
1768495558.5251281,35.778
1768495558.627329,53.906
1768495558.730135,38.913
1768495558.832352,36.546
1768495558.9346433,51.118
1768495559.036887,33.606
1768495559.1392045,40.369
1768495559.2414727,47.352
1768495559.3465054,33.705
1768495559.4501595,40.763
1768495559.5525901,43.274
1768495559.6550484,34.001
1768495559.7574453,39.209
1768495559.8597846,47.409
1768495559.962103,38.2
1768495560.0643268,37.039
1768495560.1666903,48.925
1768495560.2719984,33.705
1768495560.3743806,39.307
1768495560.47666,46.734
1768495560.5788872,33.587
1768495560.6813622,39.482
1768495560.7836123,48.04
1768495560.8859844,34.199
1768495560.9882476,39.974
1768495561.0904288,50.105
1768495561.1931849,33.804
1768495561.298332,39.557
1768495561.4007828,49.289
1768495561.5030813,37.532
1768495561.605402,38.025
1768495561.7078576,54.79
1768495561.8100913,40.838
1768495561.9125,36.37
1768495562.0147574,52.499
1768495562.1171684,39.186
1768495562.2194943,37.039
1768495562.324241,52.99
1768495562.4266596,40.345
1768495562.5289676,35.954
1768495562.6316297,46.2
1768495562.7339122,44.233
1768495562.8362188,34.593
1768495562.9384937,41.625
1768495563.0409276,48.63
1768495563.1432536,36.447
1768495563.2489386,44.16
1768495563.3511221,35.185
1768495563.4533076,43.544
1768495563.555483,43.865
1768495563.6576674,35.362
1768495563.7599418,41.527
1768495563.8622236,44.823
1768495563.964487,35.481
1768495564.0672772,43.373
1768495564.1733308,40.542
1768495564.275621,36.349
1768495564.3778315,45.932
1768495564.4801128,47.577
1768495564.5824804,35.087
1768495564.6847918,39.679
1768495564.7870195,54.692
1768495564.8893154,41.527
1768495564.991633,36.842
1768495565.0980937,50.498
1768495565.2005172,39.58
1768495565.3029149,38.693
1768495565.4051633,56.165
1768495565.5074253,39.876
1768495565.6098192,38.003
1768495565.7122386,47.507
1768495565.814553,36.053
1768495565.9168737,55.999
1768495566.0224233,39.36
1768495566.124695,37.434
1768495566.2271326,57.246
1768495566.3293931,39.754
1768495566.431802,36.743
1768495566.5342371,47.97
1768495566.636443,33.705
1768495566.7389197,48.04
1768495566.841291,35.778
1768495566.9460287,50.989
1768495567.0482767,33.113
1768495567.1505058,37.236
1768495567.2529142,46.353
1768495567.3551965,33.212
1768495567.4575644,37.434
1768495567.559845,49.387
1768495567.6620986,36.546
1768495567.764417,49.416
1768495567.8679943,37.708
1768495567.9729738,37.335
1768495568.0752163,47.913
1768495568.1774848,33.508
1768495568.2799013,43.668
1768495568.3822436,41.699
1768495568.4845479,34.791
1768495568.5891507,49.082
1768495568.6949427,38.814
1768495568.79749,36.842
1768495568.899849,46.818
1768495569.002601,34.1
1768495569.104904,44.357
1768495569.2072744,38.518
1768495569.3096414,37.434
1768495569.4121404,37.828
1768495569.5184457,35.856
1768495569.620884,44.357
1768495569.7232525,33.113
1768495569.8256466,45.932
1768495569.9281337,37.434
1768495570.0306027,37.335
1768495570.132886,46.2
1768495570.235228,33.409
1768495570.3377066,48.728
1768495570.443177,37.631
1768495570.5455263,38.814
1768495570.6479414,45.834
1768495570.7502398,33.705
1768495570.8525982,45.637
1768495570.955007,38.89
1768495571.0573156,36.842
1768495571.1596835,46.818
1768495571.2658753,34.396
1768495571.3682842,52.562
1768495571.4706085,36.94
1768495571.5729263,38.2
1768495571.6752915,43.497
1768495571.7775815,34.495
1768495571.879979,49.711
1768495571.9823914,38.124
1768495572.0859427,44.948
1768495572.1915576,33.705
1768495572.2938933,44.724
1768495572.3961842,38.814
1768495572.4985824,36.25
1768495572.6009467,45.932
1768495572.704247,36.447
1768495572.8064785,39.383
1768495572.9088888,41.453
1768495573.0144718,34.692
1768495573.1169734,50.823
1768495573.2193198,33.329
1768495573.322088,43.694
1768495573.4245093,36.151
1768495573.526859,41.231
1768495573.629268,39.087
1768495573.731696,36.468
1768495573.8341596,47.38
1768495573.9387994,36.447
1768495574.0411515,37.828
1768495574.1436198,43.694
1768495574.2458994,34.199
1768495574.3482718,49.053
1768495574.4507623,38.42
1768495574.5531209,38.792
1768495574.65553,46.326
1768495574.7578778,33.902
1768495574.8630729,42.413
1768495574.9654436,44.993
1768495575.0679028,34.199
1768495575.1703522,43.201
1768495575.2728746,41.428
1768495575.375134,36.37
1768495575.4774716,53.545
1768495575.579888,40.172
1768495575.6864903,36.743
1768495575.788881,52.499
1768495575.8911037,33.804
1768495575.9933634,38.693
1768495576.09575,48.266
1768495576.1982346,34.396
1768495576.3005784,39.505
1768495576.4042225,39.482
1768495576.5101929,47.409
1768495576.6125793,35.185
1768495576.7150013,32.934
1768495576.8211288,48.827
1768495576.9236624,38.102
1768495577.027522,36.842
1768495577.1334083,47.409
1768495577.235702,33.132
1768495577.3379247,41.453
1768495577.4402268,40.838
1768495577.5426087,34.297
1768495577.645085,47.872
1768495577.7473176,32.836
1768495577.8496602,42.315
1768495577.9520879,38.069
1768495578.058967,32.441
1768495578.1613388,46.397
1768495578.2639713,33.606
1768495578.3663113,39.284
1768495578.4686387,41.354
1768495578.5711358,34.396
1768495578.6735756,48.659
1768495578.7758853,36.349
1768495578.8818643,37.927
1768495578.9842455,40.641
1768495579.0868795,34.297
1768495579.1892178,45.467
1768495579.291665,33.409
1768495579.393922,46.102
1768495579.496222,36.447
1768495579.5986736,39.383
1768495579.7010274,41.921
1768495579.8059883,34.297
1768495579.9083312,48.167
1768495580.0106707,38.595
1768495580.112973,36.25
1768495580.2158856,46.916
1768495580.3181453,34.1
1768495580.420531,34.396
1768495580.5227182,42.315
1768495580.625436,38.124
1768495580.7311692,38.2
1768495580.8339698,40.172
1768495580.9363124,43.004
1768495581.039766,34.495
1768495581.1420069,50.793
1768495581.2442002,33.212
1768495581.3471847,47.38
1768495581.4494798,37.949
1768495581.5550563,37.039
1768495581.6575212,45.511
1768495581.7599368,34.199
1768495581.8624055,44.652
1768495581.9648664,32.836
1768495582.0673063,39.974
1768495582.169727,43.201
1768495582.2720523,34.593
1768495582.3743258,46.959
1768495582.477766,40.05
1768495582.5800576,35.954
1768495582.682407,50.566
1768495582.7848196,38.124
1768495582.8872046,36.94
1768495582.9896786,54.004
1768495583.092176,33.31
1768495583.1944778,43.891
1768495583.2968702,38.518
1768495583.3992486,39.482
1768495583.5044215,44.186
1768495583.6067433,34.692
1768495583.7090907,41.798
1768495583.8114185,40.664
1768495583.9139328,36.25
1768495584.0162752,50.075
1768495584.118768,40.096
1768495584.2210324,35.087
1768495584.3233519,49.643
1768495584.4284449,33.231
1768495584.5308998,40.345
1768495584.6331673,42.537
1768495584.7354798,34.495
1768495584.8377256,42.487
1768495584.940101,35.087
1768495585.0439703,45.145
1768495585.1460774,39.065
1768495585.2535367,37.532
1768495585.355852,44.554
1768495585.459011,34.297
1768495585.561326,41.65
1768495585.6637158,47.31
1768495585.766083,38.321
1768495585.868302,37.828
1768495585.970634,47.38
1768495586.0768878,34.001
1768495586.1792247,42.512
1768495586.2814965,41.921
1768495586.3837414,35.185
1768495586.488643,44.186
1768495586.5910237,33.508
1768495586.6932456,46.129
1768495586.799224,34.791
1768495586.9015014,45.834
1768495587.0038595,41.97
1768495587.1061263,34.297
1768495587.2083876,41.157
1768495587.3107228,46.55
1768495587.4134283,34.495
1768495587.5157716,43.3
1768495587.6181371,38.693
1768495587.7238712,39.186
1768495587.826043,46.692
1768495587.9283838,34.495
1768495588.030787,41.527
1768495588.1331234,47.577
1768495588.2354753,34.495
1768495588.3378491,44.724
1768495588.4402368,39.853
1768495588.5425956,34.988
1768495588.6484845,44.948
1768495588.7508497,42.979
1768495588.8532524,35.087
1768495588.9555407,44.921
1768495589.0578556,35.185
1768495589.161584,45.368
1768495589.2639146,39.777
1768495589.3661025,35.264
1768495589.4749458,47.31
1768495589.5772676,41.527
1768495589.6820157,34.692
1768495589.7842546,45.44
1768495589.8867676,42.388
1768495589.9890485,34.396
1768495590.0914292,40.467
1768495590.1965108,44.062
1768495590.29887,34.791
1768495590.401079,44.088
1768495590.5034084,40.247
1768495590.6058576,35.461
1768495590.7081108,47.113
1768495590.8103733,38.89
1768495590.9126513,38.617
1768495591.0149565,51.481
1768495591.1215427,38.08
1768495591.2238884,36.842
1768495591.3261068,47.872
1768495591.4285266,34.001
1768495591.530811,46.719
1768495591.633237,34.396
1768495591.735502,37.828
1768495591.8377893,45.386
1768495591.9400904,33.902
1768495592.046099,42.833
1768495592.1485012,44.849
1768495592.2507856,34.396
1768495592.3530836,43.694
1768495592.4554698,45.834
1768495592.5579004,34.297
1768495592.66023,41.625
1768495592.7625306,47.872
1768495592.864873,35.757
1768495592.9713726,39.876
1768495593.073889,51.45
1768495593.1762352,38.2
1768495593.2785451,51.61
1768495593.3824654,36.842
1768495593.4847574,37.532
1768495593.5870273,49.023
1768495593.6897275,43.446
1768495593.7949743,35.284
1768495593.8971517,48.069
1768495593.99943,34.001
1768495594.1022005,39.876
1768495594.2045395,48.237
1768495594.3067765,34.179
1768495594.4091074,41.428
1768495594.5112858,38.671
1768495594.6134217,36.842
1768495594.7157645,48.364
1768495594.82061,43.274
1768495594.9229164,34.593
1768495595.0253923,41.551
1768495595.1278534,47.184
1768495595.2301805,34.396
1768495595.3325393,44.724
1768495595.4348555,40.345
1768495595.537094,35.679
1768495595.6394873,45.834
1768495595.7450824,43.57
1768495595.8474112,34.988
1768495595.9499102,41.724
1768495596.0521088,48.294
1768495596.1544163,34.297
1768495596.2568426,41.428
1768495596.3590374,47.085
1768495596.4614003,35.284
1768495596.5638154,39.383
1768495596.668919,40.369
1768495596.7712388,33.508
1768495596.873624,52.334
1768495596.9761527,40.542
1768495597.0783954,36.053
1768495597.1806245,48.63
1768495597.2829216,39.163
1768495597.385473,37.138
1768495597.487955,51.253
1768495597.5922942,40.763
1768495597.6947372,37.138
1768495597.7971718,53.579
1768495597.8994606,35.185
1768495598.003006,43.767
1768495598.1053474,42.192
1768495598.207568,34.495
1768495598.3104696,42.61
1768495598.412798,41.724
1768495598.5256152,35.087
1768495598.6280127,49.249
1768495598.7303681,33.804
1768495598.832751,38.913
1768495598.9351249,47.085
1768495599.04113,33.705
1768495599.1435103,41.157
1768495599.245992,42.684
1768495599.3483331,35.185
1768495599.4507065,49.908
1768495599.552996,37.905
1768495599.6554804,37.434
1768495599.7579484,44.16
1768495599.860294,35.087
1768495599.9654727,47.015
1768495600.0678866,33.31
1768495600.170165,39.58
1768495600.2723758,41.921
1768495600.3746684,34.692
1768495600.477102,49.711
1768495600.5794775,38.025
1768495600.6818008,38.025
1768495600.7842226,43.078
1768495600.890692,34.396
1768495600.9930553,47.549
1768495601.0953267,37.806
1768495601.1977124,39.284
1768495601.3002417,43.767
1768495601.4026706,33.705
1768495601.5049865,49.22
1768495601.6073349,34.495
1768495601.7097046,40.641
1768495601.8146768,43.3
1768495601.9169285,34.593
1768495602.0192237,32.817
1768495602.1236458,42.709
1768495602.2257564,44.849
1768495602.3279834,34.001
1768495602.4302688,42.019
1768495602.5325527,41.231
1768495602.6394875,35.185
1768495602.7417614,49.976
1768495602.84402,36.468
1768495602.9464133,38.223
1768495603.0486996,47.184
1768495603.1511948,37.434
1768495603.2534764,38.716
1768495603.3557606,49.151
1768495603.4580383,33.804
1768495603.564494,41.33
1768495603.6667895,41.748
1768495603.7691715,35.481
1768495603.8714018,48.994
1768495603.9736905,39.482
1768495604.0761063,35.58
1768495604.1784291,49.249
1768495604.2808814,39.163
1768495604.3832521,37.335
1768495604.4856505,49.878
1768495604.5907824,38.2
1768495604.693263,37.729
1768495604.7956538,48.04
1768495604.8978553,34.889
1768495605.000225,40.369
1768495605.1025321,45.511
1768495605.2049313,33.902
1768495605.3072515,44.285
1768495605.4095967,39.284
1768495605.5119472,35.778
1768495605.6168704,50.989
1768495605.7191534,38.89
1768495605.8215885,36.645
1768495605.9239728,50.891
1768495606.0263767,37.631
1768495606.1287396,37.335
1768495606.2312074,45.708
1768495606.3337615,34.593
1768495606.4361117,48.827
1768495606.5384486,33.527
1768495606.6435554,40.247
1768495606.746423,49.023
1768495606.8501818,33.508
1768495606.952336,43.3
1768495607.0546138,39.383
1768495607.1606603,34.297
1768495607.2629046,46.593
1768495607.3687181,38.124
1768495607.4716642,37.434
1768495607.5740447,45.905
1768495607.6763082,33.231
1768495607.7787626,39.58
1768495607.881066,43.227
1768495607.9834619,34.297
1768495608.0858111,46.818
1768495608.1920161,38.769
1768495608.2946005,36.645
1768495608.3970146,46.593
1768495608.499494,33.428
1768495608.6018817,42.29
1768495608.7043638,39.482
1768495608.8067732,34.988
1768495608.9091556,48.503
1768495609.0114975,33.033
1768495609.1164255,45.145
1768495609.21879,40.641
1768495609.321115,34.692
1768495609.4235861,47.97
1768495609.5258186,38.223
1768495609.6280499,35.975
1768495609.7305567,46.424
1768495609.832793,33.033
1768495609.9352002,39.482
1768495610.040951,45.243
1768495610.1433573,34.001
1768495610.245767,47.999
1768495610.348159,38.025
1768495610.45043,37.927
1768495610.5527513,46.818
1768495610.6551895,33.705
1768495610.7575004,42.709
1768495610.8597562,44.16
1768495610.9656684,34.791
1768495611.0679817,44.357
1768495611.1712415,34.791
1768495611.2734976,48.433
1768495611.3762572,38.42
1768495611.4783363,37.138
1768495611.5805163,52.597
1768495611.6837454,34.988
1768495611.7895207,39.482
1768495611.8917987,48.069
1768495611.9940426,33.804
1768495612.0963902,39.951
1768495612.1988807,44.724
1768495612.3012083,35.58
1768495612.4035764,50.498
1768495612.5058396,39.406
1768495612.6082933,37.039
1768495612.7140398,52.892
1768495612.8163567,38.792
1768495612.9186807,38.321
1768495613.0210724,50.105
1768495613.1234848,39.284
1768495613.225732,36.053
1768495613.3279254,51.972
1768495613.430354,34.001
1768495613.5327787,48.532
1768495613.6391375,41.847
1768495613.7414892,35.087
1768495613.8438096,49.023
1768495613.946397,33.212
1768495614.0488286,47.212
1768495614.1512635,38.124
1768495614.2536204,36.94
1768495614.35596,43.373
1768495614.4582381,33.804
1768495614.5631573,40.27
1768495614.6655512,44.724
1768495614.7679043,33.705
1768495614.8702874,45.637
1768495614.9726312,37.631
1768495615.0750172,39.876
1768495615.1774042,42.118
1768495615.2797256,34.791
1768495615.3822072,45.708
1768495615.4893098,47.549
1768495615.5919383,32.539
1768495615.6946418,45.046
1768495615.8011372,37.927
1768495615.9034708,35.954
1768495616.006608,48.827
1768495616.11262,37.236
1768495616.214972,36.053
1768495616.3172402,45.145
1768495616.4195402,33.033
1768495616.5219152,45.046
1768495616.6241465,38.792
1768495616.7267563,48.561
1768495616.8290854,33.508
1768495616.9313614,40.073
1768495617.0360036,42.487
1768495617.1383517,34.199
1768495617.24095,43.004
1768495617.343495,41.527
1768495617.445855,34.791
1768495617.548137,49.583
1768495617.6505315,32.916
1768495617.7529643,43.274
1768495617.8555164,39.36
1768495617.9602673,34.988
1768495618.0626018,43.004
1768495618.1650667,43.963
1768495618.2673907,33.902
1768495618.3698642,41.428
1768495618.4721894,46.298
1768495618.5747313,33.902
1768495618.6770492,41.921
1768495618.7793376,42.241
1768495618.8855186,35.185
1768495618.9879234,44.429
1768495619.0902593,40.566
1768495619.19253,35.679
1768495619.2948403,49.78
1768495619.3970742,33.804
1768495619.499445,50.762
1768495619.6018147,34.001
1768495619.7041276,39.777
1768495619.8097634,34.495
1768495619.911933,43.398
1768495620.0146818,42.019
1768495620.116917,34.791
1768495620.2191026,44.482
1768495620.3228998,38.321
1768495620.4252114,38.814
1768495620.5274377,50.233
1768495620.633841,38.223
1768495620.736182,36.842
1768495620.8384392,52.138
1768495620.9408445,38.792
1768495621.0431163,37.236
1768495621.14552,52.008
1768495621.247946,39.58
1768495621.350472,36.546
1768495621.452785,52.531
1768495621.5587099,40.739
1768495621.6610928,35.087
1768495621.7633908,43.497
1768495621.8658729,42.979
1768495621.9682627,34.692
1768495622.0706844,44.679
1768495622.1731977,44.456
1768495622.2755408,35.185
1768495622.377898,46.621
1768495622.4844427,40.172
1768495622.5866983,34.495
1768495622.689142,41.551
1768495622.7916608,44.948
1768495622.8941164,33.409
1768495622.996583,45.368
1768495623.098894,39.459
1768495623.2013414,34.988
1768495623.3037775,50.43
1768495623.4091518,33.409
1768495623.5114765,41.034
1768495623.6138287,43.963
1768495623.7162106,34.1
1768495623.818551,41.625
1768495623.9209673,46.495
1768495624.0238166,34.001
1768495624.1263294,51.708
1768495624.2289336,34.001
1768495624.333622,34.692
1768495624.4379797,48.138
1768495624.5401428,38.277
1768495624.6439905,35.284
1768495624.7463748,47.942
1768495624.848621,39.33
1768495624.9509957,35.876
1768495625.053218,44.777
1768495625.159081,39.899
1768495625.2613723,36.743
1768495625.36374,48.138
1768495625.4660594,33.705
1768495625.5684211,37.532
1768495625.6706567,53.25
1768495625.773042,38.518
1768495625.8753152,36.842
1768495625.9776382,50.399
1768495626.0830355,38.913
1768495626.1855164,37.828
1768495626.287884,47.282
1768495626.3900278,34.396
1768495626.4923763,43.595
1768495626.5948803,43.176
1768495626.6972811,35.087
1768495626.799822,38.124
1768495626.9021418,37.138
1768495627.008196,54.397
1768495627.1104975,39.876
1768495627.2128465,37.828
1768495627.3152084,51.941
1768495627.41753,34.495
1768495627.51995,43.963
1768495627.622294,40.566
1768495627.7246914,36.94
1768495627.8271456,46.003
1768495627.9330637,34.1
1768495628.0354342,48.925
1768495628.1380475,33.014
1768495628.2404857,41.527
1768495628.342908,38.716
1768495628.4452353,36.546
1768495628.5476897,42.019
1768495628.6500595,33.902
1768495628.7525532,48.364
1768495628.859122,39.284
1768495628.9612894,40.763
1768495629.0668845,33.902
1768495629.170772,46.424
1768495629.2730312,32.638
1768495629.3753905,51.186
1768495629.47782,38.397
1768495629.583709,36.447
1768495629.6860337,47.745
1768495629.7883897,38.693
1768495629.8907216,37.729
1768495629.993024,39.087
1768495630.095384,39.974
1768495630.1977072,36.962
1768495630.2999792,42.315
1768495630.4023376,34.988
1768495630.5074217,40.05
1768495630.6098905,45.341
1768495630.7123623,34.1
1768495630.8146706,43.668
1768495630.917041,37.729
1768495631.0194364,36.053
1768495631.1218424,44.554
1768495631.2242494,33.31
1768495631.3266485,46.397
1768495631.432912,38.474
1768495631.5352778,34.692
1768495631.6375496,45.637
1768495631.7399373,39.603
1768495631.8423798,35.757
1768495631.9447718,51.284
1768495632.047018,33.705
1768495632.149324,40.148
1768495632.2518044,43.767
1768495632.3571494,34.593
1768495632.4594347,43.767
1768495632.561689,39.482
1768495632.6640215,34.988
1768495632.7663004,44.186
1768495632.8685994,43.3
1768495632.970981,34.495
1768495633.0737953,40.172
1768495633.1763036,37.927
1768495633.2842128,38.025
1768495633.386483,48.433
1768495633.4914699,33.705
1768495633.593784,39.702
1768495633.696108,43.642
1768495633.7982762,33.508
1768495633.9005873,41.551
1768495634.0061734,41.33
1768495634.1085134,34.791
1768495634.2108583,43.57
1768495634.313202,41.428
1768495634.4157379,34.495
1768495634.5179663,41.896
1768495634.6203752,44.357
1768495634.722791,33.409
1768495634.8251512,40.369
1768495634.9312794,45.341
1768495635.0336523,33.705
1768495635.1359682,41.896
1768495635.2383423,43.57
1768495635.3406603,34.396
1768495635.4430091,50.203
1768495635.545461,39.284
1768495635.6478333,35.679
1768495635.7546127,48.462
1768495635.8569906,38.769
1768495635.959316,35.856
1768495636.0617435,46.397
1768495636.1640947,33.902
1768495636.266377,42.413
1768495636.36884,39.012
1768495636.4712474,35.383
1768495636.5736747,44.554
1768495636.6792011,33.212
1768495636.7817388,44.58
1768495636.8840125,34.692
1768495636.9863694,47.745
1768495637.0886798,38.375
1768495637.1910567,35.778
1768495637.2940302,50.922
1768495637.396392,35.264
1768495637.4987326,47.675
1768495637.6063833,34.1
1768495637.7087433,43.471
1768495637.8110778,37.631
1768495637.9138794,38.913
1768495638.0163624,45.538
1768495638.1187327,35.185
1768495638.2212014,49.446
1768495638.323917,33.606
1768495638.4305804,48.856
1768495638.532928,38.2
1768495638.635359,38.518
1768495638.7376328,46.129
1768495638.8401246,34.889
1768495638.9426622,52.955
1768495639.0449767,38.2
1768495639.1473145,38.518
1768495639.2535284,41.601
1768495639.35588,34.001
1768495639.4585915,49.416
1768495639.5610316,37.927
1768495639.6633127,36.645
1768495639.7658231,44.456
1768495639.8683276,32.737
1768495639.970758,40.566
1768495640.0733395,43.398
1768495640.178743,33.212
1768495640.2810931,40.763
1768495640.3834743,44.456
1768495640.4858289,33.804
1768495640.588109,40.27
1768495640.6904836,44.036
1768495640.7930477,33.902
1768495640.895406,42.413
1768495640.9979544,39.876
1768495641.10053,34.297
1768495641.2028568,49.78
1768495641.3055143,37.434
1768495641.4080014,37.631
1768495641.5105574,42.315
1768495641.6129751,34.1
1768495641.7152798,42.143
1768495641.8177228,35.087
1768495641.9246113,48.167
1768495642.0270672,37.335
1768495642.1348052,38.124
1768495642.2371511,46.916
1768495642.3394718,34.1
1768495642.4417212,45.834
1768495642.544113,33.902
1768495642.6501029,51.088
1768495642.7524972,39.209
1768495642.8549259,35.264
1768495642.957246,47.97
1768495643.0595598,39.11
1768495643.1618037,34.988
1768495643.264071,44.679
1768495643.3663864,41.625
1768495643.4686933,35.778
1768495643.5743082,47.155
1768495643.6765006,39.284
1768495643.7787292,35.58
1768495643.8810713,44.751
1768495643.983335,44.088
1768495644.085644,34.396
1768495644.1879516,45.368
1768495644.290456,42.61
1768495644.3927603,34.1
1768495644.4983256,53.709
1768495644.6006908,33.527
1768495644.7029886,39.284
1768495644.8054035,48.069
1768495644.907743,33.606
1768495645.0101025,41.453
1768495645.1125221,38.693
1768495645.2148595,41.946
1768495645.3174753,32.539
1768495645.4240158,48.827
1768495645.526511,32.836
1768495645.6289542,40.861
1768495645.731637,39.482
1768495645.8339336,34.495
1768495645.9361992,46.593
1768495646.0385165,35.757
1768495646.1423564,50.006
1768495646.2492657,33.804
1768495646.3531709,39.383
1768495646.45558,43.201
1768495646.557875,34.593
1768495646.6601274,52.169
1768495646.7626522,38.989
1768495646.865049,47.282
1768495646.9675548,34.199
1768495647.0727272,44.948
1768495647.1751988,39.36
1768495647.2776732,36.546
1768495647.3800151,52.303
1768495647.4823127,36.546
1768495647.5847201,42.782
1768495647.6871154,37.335
1768495647.789414,39.853
1768495647.8918905,38.42
1768495647.9976869,35.56
1768495648.0999851,47.774
1768495648.2024977,37.193
1768495648.305006,36.546
1768495648.407366,49.18
1768495648.509731,33.014
1768495648.6120718,43.471
1768495648.7143414,44.626
1768495648.8166015,33.606
1768495648.9226868,41.724
1768495649.0250065,44.429
1768495649.1273835,33.804
1768495649.2296612,45.467
1768495649.3321295,39.626
1768495649.4344926,35.185
1768495649.536884,46.888
1768495649.6392422,40.641
1768495649.7416692,34.791
1768495649.8473701,40.641
1768495649.9496343,49.082
1768495650.0519602,38.595
1768495650.154317,37.138
1768495650.2566252,48.925
1768495650.3590932,38.814
1768495650.4620101,42.019
1768495650.5641556,38.321
1768495650.6701493,36.645
1768495650.7739859,49.81
1768495650.8763247,40.096
1768495650.9785743,35.856
1768495651.080727,46.987
1768495651.1830418,41.527
1768495651.2852578,34.593
1768495651.387474,50.399
1768495651.4897385,38.496
1768495651.595534,39.974
1768495651.6978295,33.033
1768495651.8000453,46.888
1768495651.9023156,39.406
1768495652.0046732,35.383
1768495652.107031,47.675
1768495652.2094085,38.397
1768495652.3118382,35.56
1768495652.4142342,51.45
1768495652.5195436,38.321
1768495652.6222339,37.116
1768495652.7246864,46.271
1768495652.8270671,34.593
1768495652.9293659,37.905
1768495653.0320246,47.38
1768495653.1344802,33.212
1768495653.2368333,44.482
1768495653.3391213,41.231
1768495653.4445107,34.791
1768495653.5470164,45.779
1768495653.649471,33.902
1768495653.7517936,47.409
1768495653.8541503,40.617
1768495653.9565194,34.495
1768495654.0588713,46.888
1768495654.1611974,34.889
1768495654.2670352,44.948
1768495654.369714,34.889
1768495654.4719508,41.577
1768495654.5744123,35.481
1768495654.6767364,41.059
1768495654.782433,40.566
1768495654.8851044,34.593
1768495654.9891138,45.341
1768495655.0958524,36.743
1768495655.198382,35.383
1768495655.300716,48.266
1768495655.4030857,32.836
1768495655.5055091,46.129
1768495655.6080656,39.087
1768495655.7104423,36.94
1768495655.8166173,47.774
1768495655.9189904,38.003
1768495656.0212843,36.546
1768495656.1236808,44.233
1768495656.2262316,39.603
1768495656.3285713,37.609
1768495656.4309852,33.231
1768495656.5334167,46.621
1768495656.6357744,40.984
1768495656.745175,45.44
1768495656.8478086,38.299
1768495656.950192,38.595
1768495657.05267,50.528
1768495657.1551714,34.1
1768495657.2575207,41.33
1768495657.3600004,43.595
1768495657.4662387,39.505
1768495657.5686495,39.801
1768495657.671136,37.039
1768495657.773589,48.532
1768495657.8759732,34.791
1768495657.9784818,49.938
1768495658.0809524,32.638
1768495658.1833544,37.905
1768495658.285769,41.133
1768495658.38806,33.409
1768495658.4940038,48.925
1768495658.5963905,38.42
1768495658.6990578,36.842
1768495658.8014667,49.583
1768495658.9041185,38.397
1768495659.0073411,45.073
1768495659.1097348,34.001
1768495659.2122087,45.806
1768495659.3148394,39.58
1768495659.4197433,35.856
1768495659.522069,49.22
1768495659.6244416,33.31
1768495659.726891,39.876
1768495659.829399,45.145
1768495659.9318206,34.396
1768495660.0342433,46.692
1768495660.136445,38.124
1768495660.2431028,37.828
1768495660.3455293,47.31
1768495660.4481761,33.724
1768495660.5506258,38.989
1768495660.6530473,42.019
1768495660.7555704,34.001
1768495660.8580031,47.942
1768495660.960244,39.679
1768495661.0626814,35.954
1768495661.168145,46.593
1768495661.270607,33.409
1768495661.372988,39.58
1768495661.475855,39.505
1768495661.5781705,34.692
1768495661.6804712,49.249
1768495661.7828622,32.7
1768495661.8854024,40.345
1768495661.9923527,43.668
1768495662.094867,34.297
1768495662.1971724,44.554
1768495662.299408,32.934
1768495662.4019127,42.019
1768495662.5042636,36.525
1768495662.6067474,36.842
1768495662.7091486,42.118
1768495662.8116202,33.428
1768495662.9172478,46.719
1768495663.0195696,37.258
1768495663.1221135,37.828
1768495663.2243755,34.495
1768495663.3274188,45.538
1768495663.4326024,37.806
1768495663.5349758,37.116
1768495663.6388261,49.249
1768495663.7411141,37.116
1768495663.8436217,38.496
1768495663.9459927,46.129
1768495664.0482364,33.705
1768495664.1506786,43.792
1768495664.25312,39.702
1768495664.3555083,36.645
1768495664.4579499,46.888
1768495664.5602927,33.508
1768495664.66622,40.073
1768495664.7685316,42.979
1768495664.871001,35.383
1768495664.973478,48.699
1768495665.0758922,35.757
1768495665.1781821,37.335
1768495665.2805245,45.735
1768495665.3829792,33.329
1768495665.485407,49.711
1768495665.5909736,37.905
1768495665.6934152,36.151
1768495665.795649,51.217
1768495665.8980672,33.033
1768495666.0006096,41.527
1768495666.102911,40.195
1768495666.2051845,35.58
1768495666.3075368,45.834
1768495666.409905,34.199
1768495666.5154629,46.916
1768495666.6177642,34.495
1768495666.7200353,43.004
1768495666.8223717,43.792
1768495666.9247885,32.836
1768495667.0271719,41.059
1768495667.1295931,43.963
1768495667.2320044,34.1
1768495667.3344314,45.905
1768495667.4400563,40.861
1768495667.5423925,35.56
1768495667.648778,34.1
1768495667.750908,37.927
1768495667.8531888,44.259
1768495667.9562855,33.508
1768495668.0585792,40.369
1768495668.1644351,43.176
1768495668.266714,33.705
1768495668.3690033,39.209
1768495668.4716377,42.093
1768495668.573917,34.593
1768495668.6761663,45.118
1768495668.7785783,39.36
1768495668.8809855,36.172
1768495668.9833915,47.97
1768495669.088627,35.856
1768495669.190935,39.087
1768495669.2933407,46.818
1768495669.395636,33.606
1768495669.497972,42.044
1768495669.6002786,45.664
1768495669.7027197,34.001
1768495669.8050833,42.512
1768495669.907435,45.145
1768495670.0130887,33.804
1768495670.11555,38.025
1768495670.2178266,49.348
1768495670.320038,39.899
1768495670.4223614,35.185
1768495670.5247746,44.357
1768495670.6272025,44.233
1768495670.7296653,34.495
1768495670.8320947,40.641
1768495670.938321,45.073
1768495671.0407443,34.889
1768495671.14299,44.088
1768495671.2453384,48.266
1768495671.347668,34.199
1768495671.450137,38.496
1768495671.552298,49.741
1768495671.6548724,39.58
1768495671.7575047,36.25
1768495671.8637514,53.022
1768495671.9664226,40.664
1768495672.0725794,43.176
1768495672.1749735,34.001
1768495672.2771003,42.143
1768495672.3792238,46.129
1768495672.481494,34.495
1768495672.5863872,42.807
1768495672.68876,44.062
1768495672.7909625,34.396
1768495672.8933008,40.739
1768495672.9957561,43.767
1768495673.0980232,34.495
1768495673.2004158,43.497
1768495673.3028147,43.595
1768495673.4051468,34.692
1768495673.5123484,46.424
1768495673.6146972,41.724
1768495673.7169154,35.185
1768495673.819347,42.34
1768495673.9216228,45.073
1768495674.023857,34.889
1768495674.1263623,48.954
1768495674.2286353,34.475
1768495674.3309371,39.974
1768495674.4358747,47.282
1768495674.5382383,34.297
1768495674.6406677,42.019
1768495674.742883,47.577
1768495674.845173,33.902
1768495674.9474783,35.087
1768495675.0499275,48.012
1768495675.1520772,34.1
1768495675.2543938,41.453
1768495675.3604195,46.271
1768495675.4626625,34.791
1768495675.5650573,52.267
1768495675.6673744,40.814
1768495675.7696428,34.396
1768495675.8718734,46.03
1768495675.9742622,41.896
1768495676.076966,34.988
1768495676.1794372,43.595
1768495676.285683,45.61
1768495676.3882544,46.03
1768495676.4908154,41.503
1768495676.5943916,35.481
1768495676.696588,37.905
1768495676.7989576,35.856
1768495676.9011796,50.006
1768495677.0035543,39.876
1768495677.1098502,35.481
1768495677.2120714,41.453
1768495677.3143747,47.872
1768495677.4168108,36.151
1768495677.5191517,40.073
1768495677.6214876,44.259
1768495677.7239118,35.087
1768495677.8262336,41.231
1768495677.92853,45.216
1768495678.0341535,35.954
1768495678.136645,48.659
1768495678.2389748,34.396
1768495678.3412805,43.865
1768495678.4435532,38.769
1768495678.545917,38.693
1768495678.6481829,47.844
1768495678.7505586,34.791
1768495678.8527734,50.468
1768495678.9590251,33.902
1768495679.0613565,38.989
1768495679.1637502,45.341
1768495679.2660763,35.461
1768495679.3683815,37.631
1768495679.4706979,45.538
1768495679.5730424,33.033
1768495679.67544,41.453
1768495679.7777412,46.03
1768495679.8839314,33.409
1768495679.9861934,42.241
1768495680.0885127,38.792
1768495680.1907735,35.658
1768495680.2930567,44.259
1768495680.3956237,38.518
1768495680.498272,36.074
1768495680.6005895,50.86
1768495680.7029643,39.58
1768495680.8097274,47.45
1768495680.913535,38.343
1768495681.0158095,36.645
1768495681.117906,51.874
1768495681.2202134,40.073
1768495681.324407,34.396
1768495681.4267082,38.124
1768495681.5288405,33.31
1768495681.6336827,46.2
1768495681.735947,33.606
1768495681.8382502,50.203
1768495681.9406166,33.902
1768495682.0430028,46.621
1768495682.145307,39.087
1768495682.2477381,36.151
1768495682.3501885,47.647
1768495682.452605,40.148
1768495682.5594785,35.461
1768495682.6618252,50.135
1768495682.7641509,41.625
1768495682.8668337,35.284
1768495682.9693153,46.79
1768495683.0718763,43.201
1768495683.1744087,35.876
1768495683.276972,46.172
1768495683.3833532,46.621
1768495683.485726,38.913
1768495683.5880644,39.482
1768495683.6903641,47.057
1768495683.792668,38.2
1768495683.894933,36.962
1768495683.9972005,44.921
1768495684.0994892,51.677
1768495684.2017398,33.508
1768495684.304143,39.679
1768495684.4090445,47.549
1768495684.5115201,38.913
1768495684.613755,37.905
1768495684.7161107,44.357
1768495684.8182898,38.178
1768495684.9208105,36.25
1768495685.0231268,48.856
1768495685.125332,42.315
1768495685.2276719,35.087
1768495685.3322823,37.335
1768495685.435217,35.165
1768495685.5381377,46.664
1768495685.640279,44.652
1768495685.7439446,34.791
1768495685.8462183,41.354
1768495685.9486458,51.186
1768495686.0508413,37.905
1768495686.1530926,40.073
1768495686.2591057,45.243
1768495686.3614852,35.087
1768495686.4639988,48.757
1768495686.5662687,34.199
1768495686.6684763,51.512
1768495686.770879,37.631
1768495686.87324,43.668
1768495686.9756405,35.481
1768495687.078058,44.429
1768495687.1804233,37.039
1768495687.285547,35.679
1768495687.3880363,43.176
1768495687.4902694,33.132
1768495687.5926907,46.987
1768495687.6950438,39.284
1768495687.7974396,38.124
1768495687.8997867,41.798
1768495688.0022168,33.804
1768495688.1045659,41.33
1768495688.2117605,37.729
1768495688.3141646,37.434
1768495688.416648,46.566
1768495688.519139,33.508
1768495688.6215959,45.216
1768495688.724021,39.702
1768495688.8263183,34.692
1768495688.9287136,49.78
1768495689.0353756,35.342
1768495689.1377017,37.806
1768495689.240097,46.003
1768495689.3424895,33.705
1768495689.4449162,42.044
1768495689.5473301,34.199
1768495689.6496644,40.566
1768495689.7520542,40.641
1768495689.8592536,41.748
1768495689.965605,39.482
1768495690.0679822,35.975
1768495690.1703398,47.507
1768495690.2726004,34.593
1768495690.3750162,46.944
1768495690.4773316,36.567
1768495690.5827684,39.58
1768495690.6852174,45.905
1768495690.7876723,34.593
1768495690.8899243,46.03
1768495690.992214,39.899
1768495691.0945516,36.37
1768495691.1971366,48.294
1768495691.299574,33.902
1768495691.4019332,42.216
1768495691.5070765,42.118
1768495691.6093745,34.988
1768495691.711779,42.709
1768495691.8141866,38.989
1768495691.916476,35.481
1768495692.018816,49.544
1768495692.1212034,37.335
1768495692.2235541,39.505
1768495692.3260217,45.341
1768495692.4322567,33.508
1768495692.534621,45.565
1768495692.63694,38.814
1768495692.7392561,35.679
1768495692.8416224,50.596
1768495692.94399,37.434
1768495693.0462663,36.349
1768495693.1488492,48.138
1768495693.251257,37.927
1768495693.353541,39.58
1768495693.4571352,44.259
1768495693.5600119,34.1
1768495693.6623378,42.216
1768495693.7647967,42.118
1768495693.8671331,34.396
1768495693.9695017,46.888
1768495694.0718312,39.679
1768495694.1746995,35.284
1768495694.2770534,47.085
1768495694.3793256,39.284
1768495694.4883056,51.646
1768495694.5908623,37.806
1768495694.692984,36.645
1768495694.7951055,50.075
1768495694.8972423,33.428
1768495694.9994924,40.073
1768495695.1017354,44.015
1768495695.2039483,33.31
1768495695.3102825,41.133
1768495695.4124918,44.751
1768495695.5149174,34.988
1768495695.6172247,46.369
1768495695.7196035,39.36
1768495695.8218298,36.546
1768495695.9241316,51.223
1768495696.0266752,35.284
1768495696.1289644,39.974
1768495696.2312498,44.849
1768495696.3369892,34.889
1768495696.4393184,44.554
1768495696.5415606,36.842
1768495696.646625,39.876
1768495696.7490792,46.074
1768495696.8514261,34.791
1768495696.9538574,44.849
1768495697.0564022,40.542
1768495697.1614006,36.172
1768495697.2636561,46.888
1768495697.3660028,34.495
1768495697.4683695,50.725
1768495697.570776,32.934
1768495697.6731064,40.467
1768495697.775369,40.664
1768495697.8777514,36.37
1768495697.9802787,45.735
1768495698.0867872,33.033
1768495698.1892934,42.413
1768495698.2917295,37.215
1768495698.3941479,36.349
1768495698.4966013,45.243
1768495698.5996501,34.1
1768495698.7020807,45.834
1768495698.8054883,36.468
1768495698.9131646,50.233
1768495699.0161111,42.216
1768495699.1183739,34.396
1768495699.2206528,44.456
1768495699.3228898,38.595
1768495699.4251552,35.778
1768495699.527405,46.003
1768495699.6296287,33.508
1768495699.735029,42.019
1768495699.8373282,41.453
1768495699.9399362,34.791
1768495700.0423672,44.751
1768495700.1449223,41.527
1768495700.2472622,34.791
1768495700.3496428,44.16
1768495700.4521036,38.989
1768495700.5546255,36.271
1768495700.6605132,52.071
1768495700.762861,39.482
1768495700.865201,36.074
1768495700.9675863,47.057
1768495701.0699081,38.299
1768495701.1722927,36.842
1768495701.2746441,52.987
1768495701.3770792,38.89
1768495701.4794734,37.335
1768495701.58525,47.127
1768495701.6876335,33.705
1768495701.7899654,38.025
1768495701.8922498,48.896
1768495701.994654,34.495
1768495702.0970314,43.3
1768495702.1992884,47.844
1768495702.3016667,36.151
1768495702.404172,38.223
1768495702.5088801,47.605
1768495702.611709,37.927
1768495702.7140524,35.954
1768495702.8162436,45.538
1768495702.9185634,47.085
1768495703.0208697,34.199
1768495703.1238112,40.763
1768495703.226039,47.844
1768495703.328349,39.777
1768495703.4352427,47.774
1768495703.5375504,34.692
1768495703.6398804,40.542
1768495703.742198,49.318
1768495703.844525,37.806
1768495703.9467907,38.102
1768495704.049068,48.532
1768495704.151632,34.199
1768495704.258158,43.373
1768495704.3605564,43.347
1768495704.462788,35.185
1768495704.565141,47.507
1768495704.6675599,40.392
1768495704.7698464,35.461
1768495704.872141,45.118
1768495704.9744308,40.27
1768495705.0768688,35.481
1768495705.1824274,47.942
1768495705.2848618,40.096
1768495705.3872142,35.481
1768495705.4894915,49.908
1768495705.5919724,38.716
1768495705.6944146,36.645
1768495705.796816,51.088
1768495705.899152,38.2
1768495706.0015771,37.434
1768495706.1067035,45.511
1768495706.209192,34.988
1768495706.3116314,45.118
1768495706.4140146,33.132
1768495706.5163898,43.497
1768495706.6186285,41.256
1768495706.7213306,34.593
1768495706.8237705,32.836
1768495706.926132,38.617
1768495707.032298,46.03
1768495707.1345823,33.212
1768495707.237371,39.383
1768495707.3397148,46.424
1768495707.442087,34.001
1768495707.544573,40.566
1768495707.647943,37.138
1768495707.7505252,46.916
1768495707.8567252,33.409
1768495707.9592445,37.806
1768495708.061539,47.774
1768495708.1638398,38.814
1768495708.2660987,36.25
1768495708.3684385,49.023
1768495708.470834,37.905
1768495708.5732195,38.397
1768495708.6790245,47.872
1768495708.7814069,33.705
1768495708.8837614,42.807
1768495708.9861524,40.664
1768495709.0883813,34.692
1768495709.1907423,48.04
1768495709.2930207,39.679
1768495709.3952363,35.56
1768495709.4974482,50.006
1768495709.6035438,35.362
1768495709.705999,38.518
1768495709.8087056,45.386
1768495709.911017,38.003
1768495710.013267,35.876
1768495710.115536,49.583
1768495710.2178824,39.383
1768495710.3202171,34.791
1768495710.422609,45.44
1768495710.528037,39.702
1768495710.6303325,38.693
1768495710.7327485,40.05
1768495710.8351543,36.349
1768495710.9375277,48.237
1768495711.0399551,35.481
1768495711.142276,43.446
1768495711.2446656,37.039
1768495711.3470054,45.61
1768495711.452835,34.692
1768495711.5552912,44.186
1768495711.657623,40.763
1768495711.7598994,38.003
1768495711.8633811,37.434
1768495711.9656503,43.767
1768495712.069306,35.481
1768495712.1755652,49.81
1768495712.2778792,32.934
1768495712.3802528,41.527
1768495712.4824984,43.078
1768495712.5847256,35.185
1768495712.6870213,52.366
1768495712.7894146,36.919
1768495712.8917708,36.743
1768495712.9941735,46.593
1768495713.1010358,33.705
1768495713.2034302,46.916
1768495713.305863,38.025
1768495713.408176,40.369
1768495713.510518,37.631
1768495713.6128461,40.27
1768495713.7150717,38.693
1768495713.817541,35.56
1768495713.9199014,44.456
1768495714.02497,32.737
1768495714.1274383,41.625
1768495714.2298815,36.764
1768495714.3323843,38.792
1768495714.4347713,40.984
1768495714.5370033,33.705
1768495714.6394086,45.565
1768495714.7419305,40.763
1768495714.8442767,34.593
1768495714.9497442,52.397
1768495715.0522456,39.58
1768495715.1545732,35.087
1768495715.25699,45.145
1768495715.3592687,45.145
1768495715.4616294,34.396
1768495715.5639408,42.019
1768495715.666268,46.369
1768495715.76874,34.593
1768495715.8737648,46.424
1768495715.9763331,38.102
1768495716.0786378,37.828
1768495716.1809673,47.774
1768495716.2849078,33.804
1768495716.3873203,32.934
1768495716.4905355,42.734
1768495716.5927155,39.505
1768495716.6984172,47.745
1768495716.8008325,34.199
1768495716.903125,43.595
1768495717.0058763,39.36
1768495717.1083384,34.889
1768495717.2107143,47.479
1768495717.3130567,35.954
1768495717.4153502,38.814
1768495717.51769,39.754
1768495717.6231456,36.645
1768495717.7255867,46.172
1768495717.828083,33.804
1768495717.9304247,42.61
1768495718.0329983,43.004
1768495718.135438,34.297
1768495718.2381077,46.621
1768495718.3409562,40.739
1768495718.4463265,34.791
1768495718.5486333,47.057
1768495718.6508882,33.231
1768495718.7533832,42.241
1768495718.8560872,38.496
1768495718.9584723,36.94
1768495719.0610545,45.413
1768495719.1636643,33.705
1768495719.2660584,49.544
1768495719.3712797,36.842
1768495719.4736009,37.631
1768495719.5759578,44.652
1768495719.6785007,33.606
1768495719.7810605,46.692
1768495719.883499,37.609
1768495719.985945,35.954
1768495720.0890007,45.708
1768495720.1958196,33.329
1768495720.302752,42.61
1768495720.406661,34.889
1768495720.5090797,50.566
1768495720.6113908,33.132
1768495720.7137365,41.65
1768495720.8193936,39.951
1768495720.9218085,34.988
1768495721.0241764,48.856
1768495721.1265326,34.396
1768495721.229011,38.989
1768495721.3313854,42.954
1768495721.43371,34.593
1768495721.5361528,48.659
1768495721.6385398,37.905
1768495721.7435496,37.828
1768495721.846007,47.184
1768495721.9484103,33.231
1768495722.0510626,41.453
1768495722.1534302,42.684
1768495722.255818,34.396
1768495722.3581986,47.113
1768495722.4608157,39.801
1768495722.567014,36.447
1768495722.6696439,47.745
1768495722.772005,38.716
1768495722.8743575,37.039
1768495722.9767559,45.806
1768495723.0793006,33.902
1768495723.1816504,41.527
1768495723.2840621,44.456
1768495723.386485,37.806
1768495723.491172,36.743
1768495723.5935497,46.959
1768495723.6959047,34.495
1768495723.7983463,43.891
1768495723.900707,40.838
1768495724.0030785,33.804
1768495724.1055472,43.865
1768495724.207977,42.143
1768495724.3102722,34.1
1768495724.4127076,46.058
1768495724.519139,40.739
1768495724.6214626,35.087
1768495724.7238796,46.916
1768495724.8261778,40.321
1768495724.9288661,44.751
1768495725.0333788,41.33
1768495725.1357954,34.495
1768495725.238112,43.103
1768495725.3446898,39.754
1768495725.4471204,35.856
1768495725.5494814,50.891
1768495725.651924,38.2
1768495725.7543511,37.335
1768495725.8566954,51.383
1768495725.9591272,39.679
1768495726.061333,36.447
1768495726.1658494,47.409
1768495726.2689836,34.001
1768495726.3713946,40.345
1768495726.4737306,39.383
1768495726.5762925,36.842
1768495726.678496,39.163
1768495726.7809188,50.135
1768495726.883434,37.412
1768495726.9858847,38.693
1768495727.0926259,43.963
1768495727.1949775,33.329
1768495727.2971935,41.724
1768495727.399535,38.518
1768495727.5019438,36.172
1768495727.6042926,47.212
1768495727.7066731,33.231
1768495727.8091342,40.467
1768495727.9115639,46.818
1768495728.0174837,33.508
1768495728.1200323,39.406
1768495728.2223973,47.901
1768495728.3247583,33.902
1768495728.4271898,42.241
1768495728.530053,46.944
1768495728.6323283,34.495
1768495728.734724,44.088
1768495728.8370852,42.044
1768495728.944301,35.087
1768495729.046834,46.692
1768495729.1491108,39.801
1768495729.252679,48.196
1768495729.3570442,39.777
1768495729.4594789,35.185
1768495729.5617788,47.31
1768495729.6674957,39.239
1768495729.7699275,35.778
1768495729.872255,45.216
1768495729.9746583,41.354
1768495730.077019,34.988
1768495730.179366,48.237
1768495730.2817082,40.073
1768495730.383935,34.692
1768495730.4862525,50.732
1768495730.5885727,38.124
1768495730.693315,36.546
1768495730.7957454,45.118
1768495730.898078,32.934
1768495731.0004983,38.025
1768495731.1027772,45.735
1768495731.2051222,37.116
1768495731.3073413,35.954
1768495731.4096692,48.433
1768495731.512086,39.406
1768495731.614379,35.658
1768495731.7196486,51.284
1768495731.8219526,42.512
1768495731.9244053,34.495
1768495732.0268257,43.792
1768495732.1291838,42.019
1768495732.2315228,34.593
1768495732.3338394,49.613
1768495732.4361482,39.754
1768495732.5386481,35.481
1768495732.6438656,50.732
1768495732.746306,39.383
1768495732.8488433,36.743
1768495732.9511576,50.694
1768495733.053735,38.025
1768495733.1559367,36.666
1768495733.258298,48.728
1768495733.3627832,37.532
1768495733.4678955,36.25
1768495733.5738742,32.934
1768495733.6769712,39.679
1768495733.7791758,46.495
1768495733.8815072,33.606
1768495733.9837391,40.369
1768495734.0858185,44.849
1768495734.1923995,34.297
1768495734.2946982,46.818
1768495734.3969872,40.861
1768495734.4992318,34.791
1768495734.6015484,44.751
1768495734.7039018,39.632
1768495734.8062098,35.284
1768495734.9085882,47.97
1768495735.0110087,38.42
1768495735.1169055,36.842
1768495735.2193713,46.369
1768495735.3217225,33.606
1768495735.4240496,43.373
1768495735.52636,38.617
1768495735.6286457,34.889
1768495735.7309642,45.538
1768495735.8333127,32.916
1768495735.9355404,40.073
1768495736.0411296,47.015
1768495736.1434972,33.804
1768495736.2458823,41.724
1768495736.3483171,47.675
1768495736.4506989,33.508
1768495736.5530415,39.951
1768495736.6564877,46.593
1768495736.758834,39.012
1768495736.8652065,38.397
1768495736.9677112,38.496
1768495737.0699878,46.298
1768495737.1728199,34.1
1768495737.2751472,38.299
1768495737.3774605,50.694
1768495737.4796607,37.138
1768495737.5820227,37.927
1768495737.689573,44.383
1768495737.791917,46.621
1768495737.8956792,39.482
1768495737.997888,35.757
1768495738.0999672,54.594
1768495738.2021115,38.792
1768495738.3043733,36.94
1768495738.4066758,50.959
1768495738.5127463,39.11
1768495738.6150723,35.383
1768495738.717494,47.675
1768495738.8197656,44.652
1768495738.9220867,34.1
1768495739.0244732,41.354
1768495739.1269767,41.946
1768495739.2293017,34.396
1768495739.3315797,42.906
1768495739.4339564,40.96
1768495739.5396452,34.692
1768495739.641896,44.062
1768495739.7442603,38.913
1768495739.8466175,35.975
1768495739.948973,50.075
1768495740.0514166,35.56
1768495740.1537874,39.186
1768495740.2561815,38.89
1768495740.3584976,38.124
1768495740.46359,41.601
1768495740.5659153,35.383
1768495740.6682985,48.728
1768495740.7706313,38.003
1768495740.8729603,36.743
1768495740.9752245,48.04
1768495741.0776498,36.94
1768495741.1799793,37.729
1768495741.2821674,48.433
1768495741.3873572,35.658
1768495741.4895847,38.617
1768495741.5923545,54.004
1768495741.6946914,33.508
1768495741.796912,53.742
1768495741.899216,37.434
1768495742.0013475,39.186
1768495742.1036491,48.237
1768495742.2074008,34.791
1768495742.3124113,48.167
1768495742.4148402,36.25
1768495742.5180538,48.462
1768495742.6203148,34.001
1768495742.7226145,45.637
1768495742.8247752,39.557
1768495742.9268878,35.087
1768495743.029036,45.834
1768495743.1311898,42.019
1768495743.2370589,34.001
1768495743.339293,44.088
1768495743.441782,37.39
1768495743.5440564,37.236
1768495743.6463718,47.113
1768495743.7486787,34.672
1768495743.850918,38.124
1768495743.9531398,38.989
1768495744.055409,37.729
1768495744.1603925,44.652
1768495744.262887,34.199
1768495744.3652003,45.145
1768495744.4676185,38.595
1768495744.5699499,35.362
1768495744.672218,47.113
1768495744.7745397,33.014
1768495744.8768864,40.96
1768495744.9792364,41.157
1768495745.0840576,34.692
1768495745.186364,46.102
1768495745.2888093,39.163
1768495745.3910503,35.185
1768495745.4933712,47.844
1768495745.5956337,37.138
1768495745.6979296,37.927
1768495745.800253,41.625
1768495745.9027271,34.396
1768495746.0083728,49.613
1768495746.110703,35.876
1768495746.213051,37.828
1768495746.3153465,46.523
1768495746.4181468,33.231
1768495746.5204139,52.267
1768495746.6228478,39.065
1768495746.72674,37.335
1768495746.8331563,43.792
1768495746.937032,34.199
1768495747.0395472,45.664
1768495747.1420004,39.679
1768495747.244556,35.679
1768495747.3466842,39.876
1768495747.4489048,41.034
1768495747.5511758,35.58
1768495747.6558716,42.709
1768495747.75823,34.791
1768495747.8606024,47.155
1768495747.9630282,33.033
1768495748.065404,43.274
1768495748.1679857,37.335
1768495748.2703102,40.096
1768495748.37283,38.989
1768495748.475147,36.546
1768495748.5798762,42.782
1768495748.6821718,34.1
1768495748.7847404,47.479
1768495748.8870046,38.989
1768495748.9894788,35.58
1768495749.0918531,50.399
1768495749.1941974,39.406
1768495749.2966008,35.284
1768495749.3989701,45.341
1768495749.5051553,40.392
1768495749.6075041,34.495
1768495749.7098494,49.387
1768495749.8123052,37.828
1768495749.9147048,37.532
1768495750.0169704,46.818
1768495750.1192756,33.31
1768495750.221685,39.209
1768495750.3279748,47.802
1768495750.430379,33.804
1768495750.5328114,39.58
1768495750.6355991,46.003
1768495750.7378776,34.396
1768495750.8406157,43.963
1768495750.9431071,39.974
1768495751.0454023,35.876
1768495751.1525578,38.2
1768495751.2550008,36.743
1768495751.3571687,47.815
1768495751.4593875,38.321
1768495751.5616808,38.223
1768495751.663955,50.006
1768495751.7661638,38.42
1768495751.8684373,38.42
1768495751.970678,49.416
1768495752.076514,35.954
1768495752.1789305,39.087
1768495752.281355,48.659
1768495752.3837583,33.902
1768495752.4861367,45.073
1768495752.5885468,40.073
1768495752.6907978,38.124
1768495752.7932699,46.397
1768495752.895671,34.791
1768495753.000546,47.507
1768495753.1029153,40.491
1768495753.2052813,36.645
1768495753.3076377,52.236
1768495753.4100287,34.376
1768495753.512326,38.913
1768495753.614547,43.767
1768495753.7168634,34.199
1768495753.819288,48.659
1768495753.9255412,38.913
1768495754.027975,36.053
1768495754.1302285,45.779
1768495754.232852,33.804
1768495754.3351529,41.428
1768495754.437396,44.383
1768495754.5396736,34.396
1768495754.6419208,45.019
1768495754.7444477,38.124
1768495754.8501508,38.321
1768495754.9524035,46.916
1768495755.0551114,33.902
1768495755.157488,43.865
1768495755.2610095,38.89
1768495755.3632884,35.778
1768495755.4656293,50.369
1768495755.5679896,38.814
1768495755.674004,42.709
1768495755.7762477,37.138
1768495755.8784077,50.369
1768495755.980625,38.102
1768495756.0828457,37.434
1768495756.1850653,44.921
1768495756.2873003,34.791
1768495756.3897886,45.341
1768495756.491898,37.335
1768495756.598854,40.247
1768495756.7010944,32.934
1768495756.8034427,49.22
1768495756.9059646,33.705
1768495757.0081513,42.019
1768495757.110497,42.709
1768495757.2129612,35.087
1768495757.315338,47.282
1768495757.4212785,39.36
1768495757.5238166,34.988
1768495757.6262496,44.331
1768495757.728568,39.012
1768495757.8310182,35.58
1768495757.9335723,50.989
1768495758.03589,39.163
1768495758.13832,34.988
1768495758.2406144,46.692
1768495758.347128,39.087
1768495758.4495404,35.56
1768495758.5519023,51.284
1768495758.6542609,39.998
1768495758.756525,36.349
1768495758.8589046,52.432
1768495758.9612157,37.631
1768495759.0636227,37.729
1768495759.165965,46.692
1768495759.2715313,34.396
1768495759.3738868,43.004
1768495759.4762444,45.735
1768495759.5790308,35.481
1768495759.681375,52.562
1768495759.7837389,34.396
1768495759.8860657,39.876
1768495759.9883916,47.38
1768495760.0906813,34.692
1768495760.195417,43.767
1768495760.2980025,34.988
1768495760.4001882,43.668
1768495760.5026398,41.428
1768495760.6048567,35.284
1768495760.7071357,46.129
1768495760.8094077,43.078
1768495760.911699,34.396
1768495761.0138643,43.694
1768495761.1200266,41.034
1768495761.2226171,34.692
1768495761.3248518,45.511
1768495761.4272857,39.482
1768495761.529817,35.876
1768495761.6322505,48.659
1768495761.7345316,33.231
1768495761.836939,41.157
1768495761.9391704,43.004
1768495762.044423,34.396
1768495762.1469977,50.566
1768495762.249282,36.94
1768495762.351904,38.124
1768495762.4542193,44.849
1768495762.5566714,33.409
1768495762.6591399,39.754
1768495762.761494,40.42
1768495762.8638222,34.889
1768495762.9695385,47.999
1768495763.0718176,42.979
1768495763.1743011,34.495
1768495763.2767618,49.023
1768495763.3791292,38.89
1768495763.4816656,36.151
1768495763.5840645,51.91
1768495763.6866837,38.321
1768495763.792555,38.42
1768495763.8949187,49.22
1768495763.9972618,37.434
1768495764.1006112,38.89
1768495764.202775,48.069
1768495764.3051393,34.889
1768495764.4075835,48.983
1768495764.5100017,38.595
1768495764.6164875,53.579
1768495764.718764,35.461
1768495764.8208475,37.905
1768495764.9229527,48.925
1768495765.0250797,38.89
1768495765.127295,37.335
1768495765.2293806,49.682
1768495765.3316948,38.124
1768495765.4338915,36.349
1768495765.536132,49.643
1768495765.6420822,40.345
1768495765.744345,36.447
1768495765.8467052,50.399
1768495765.9491756,38.989
1768495766.0513883,38.025
1768495766.1537051,52.825
1768495766.2560487,38.792
1768495766.3583312,35.954
1768495766.4609623,48.532
1768495766.5653987,40.369
1768495766.6685016,36.151
1768495766.7707932,33.705
1768495766.8731406,40.172
1768495766.975414,50.468
1768495767.0777695,38.792
1768495767.1800926,38.518
1768495767.28239,47.155
1768495767.384679,43.72
1768495767.4897747,35.461
1768495767.592135,47.282
1768495767.6944084,39.679
1768495767.7967155,39.679
1768495767.8989818,49.416
1768495768.0013258,35.087
1768495768.1035748,46.102
1768495768.2060344,44.679
1768495768.3081946,35.362
1768495768.412465,45.315
1768495768.5206578,39.284
1768495768.6230884,37.236
1768495768.7262065,48.266
1768495768.8284972,42.143
1768495768.9308405,34.297
1768495769.033048,44.357
1768495769.1404295,36.151
1768495769.2427285,37.828
1768495769.3449924,52.759
1768495769.4473076,39.603
1768495769.5498042,37.609
1768495769.6523862,56.362
1768495769.7549243,38.868
1768495769.8574743,38.496
1768495769.9629257,54.102
1768495770.0653133,35.856
1768495770.1676447,39.58
1768495770.269926,49.848
1768495770.3722982,37.806
1768495770.4746187,39.679
1768495770.5769584,50.823
1768495770.6795018,34.692
1768495770.7818809,46.621
1768495770.8853412,43.595
1768495770.9876914,35.954
1768495771.0899484,45.637
1768495771.1923451,39.58
1768495771.2947402,37.236
1768495771.3973117,47.479
1768495771.4998252,37.828
1768495771.6022954,37.806
1768495771.7046895,45.905
1768495771.8074021,33.705
1768495771.9137325,43.3
1768495772.0160956,33.329
1768495772.1184266,39.482
1768495772.2209225,47.774
1768495772.3233147,34.988
1768495772.42578,38.025
1768495772.528801,47.745
1768495772.6311047,38.124
1768495772.7334273,36.842
1768495772.835804,49.81
1768495772.941741,35.284
1768495773.0440319,46.102
1768495773.1463518,46.79
1768495773.249964,35.067
1768495773.352261,44.823
1768495773.454773,40.838
1768495773.557215,46.495
1768495773.66019,43.398
1768495773.7642953,35.856
1768495773.8666763,48.561
1768495773.969363,40.369
1768495774.0718155,38.124
1768495774.1741543,51.088
1768495774.2764795,34.692
1768495774.3787568,43.176
1768495774.4810896,39.801
1768495774.5834816,36.546
1768495774.688683,47.577
1768495774.791103,34.593
1768495774.8934703,50.075
1768495774.9959671,34.08
1768495775.098312,40.369
1768495775.2006528,42.413
1768495775.303106,34.495
1768495775.405613,50.075
1768495775.5079086,36.842
1768495775.6148996,38.89
1768495775.7172399,42.216
1768495775.8195653,34.593
1768495775.9219546,50.626
1768495776.0242474,37.532
1768495776.1266127,37.532
1768495776.2289438,47.872
1768495776.3312564,33.804
1768495776.4335413,46.818
1768495776.5394344,37.357
1768495776.6419501,46.664
1768495776.7453022,34.199
1768495776.847727,38.595
1768495776.9503558,35.087
1768495777.0528705,38.738
1768495777.1554708,39.284
1768495777.2578921,39.482
1768495777.3637717,36.349
1768495777.4660764,45.61
1768495777.569842,33.804
1768495777.6720672,41.625
1768495777.7743564,38.913
1768495777.8768213,44.383
1768495777.9805186,33.212
1768495778.0860047,49.22
1768495778.188309,32.737
1768495778.2906568,41.551
1768495778.3930736,37.609
1768495778.4954977,35.284
1768495778.5978742,46.156
1768495778.7002459,33.428
1768495778.8025687,45.341
1768495778.9050348,39.012
1768495779.0104756,35.56
1768495779.11315,47.155
1768495779.2155228,33.231
1768495779.317787,41.527
1768495779.4201772,41.33
1768495779.522571,34.199
1768495779.6250029,48.433
1768495779.727308,37.455
1768495779.8296797,38.989
1768495779.9354064,40.936
1768495780.037836,34.199
1768495780.1404812,42.61
1768495780.2428026,43.595
1768495780.345344,33.113
1768495780.4476676,39.58
1768495780.5499618,47.085
1768495780.652259,38.124
1768495780.7546015,37.039
1768495780.8610039,53.938
1768495780.9634173,37.434
1768495781.0657525,38.989
1768495781.168899,50.891
1768495781.271287,38.693
1768495781.374116,36.94
1768495781.4763482,47.577
1768495781.579074,43.767
1768495781.6857004,35.481
1768495781.787997,48.659
1768495781.8903992,40.739
1768495781.9928105,37.609
1768495782.095078,52.401
1768495782.1973631,37.828
1768495782.2999163,53.677
1768495782.402233,40.27
1768495782.5072892,39.012
1768495782.609756,50.694
1768495782.712212,35.185
1768495782.814519,50.105
1768495782.9168136,35.185
1768495783.0192556,48.491
1768495783.1216738,37.609
1768495783.2238588,37.532
1768495783.3263044,50.241
1768495783.4320679,37.905
1768495783.5343451,36.546
1768495783.636669,47.577
1768495783.7390265,34.001
1768495783.8413675,42.315
1768495783.943712,44.652
1768495784.0461302,34.396
1768495784.148416,48.167
1768495784.2508378,39.853
1768495784.353312,35.778
1768495784.4564736,49.485
1768495784.5588615,39.702
1768495784.661177,36.447
1768495784.7634666,52.66
1768495784.865727,33.705
1768495784.968007,40.444
1768495785.0703647,43.103
1768495785.1728668,34.692
1768495785.2752376,44.16
1768495785.3776152,42.118
1768495785.4799736,34.988
1768495785.5851464,44.948
1768495785.6875052,38.966
1768495785.7903554,39.186
1768495785.8928103,41.724
1768495785.9952123,35.679
1768495786.097614,51.941
1768495786.2048032,37.532
1768495786.3112671,37.434
1768495786.4137428,44.849
1768495786.5161707,34.1
1768495786.6184688,44.357
1768495786.720865,35.757
1768495786.8233883,33.31
1768495786.9257085,43.963
1768495787.0278504,38.42
1768495787.1301508,35.185
1768495787.234849,46.326
1768495787.3371835,38.397
1768495787.4396317,36.94
1768495787.5421028,51.088
1768495787.644409,38.814
1768495787.7467725,36.447
1768495787.8491163,51.874
1768495787.9513607,34.1
1768495788.05384,39.58
1768495788.1586347,48.757
1768495788.2610412,34.001
1768495788.3634367,37.806
1768495788.465787,48.138
1768495788.5681088,38.397
1768495788.6704125,37.236
1768495788.7726927,48.433
1768495788.8750896,39.012
1768495788.9773397,37.927
1768495789.0831103,48.757
1768495789.1856194,38.397
1768495789.2881207,37.609
1768495789.3905518,50.928
1768495789.4929845,37.116
1768495789.59527,37.828
1768495789.697525,50.694
1768495789.799925,33.409
1768495789.9023192,41.551
1768495790.007875,44.186
1768495790.1102185,34.495
1768495790.2125924,41.921
1768495790.3148816,42.093
1768495790.417675,34.593
1768495790.520076,43.398
1768495790.6243248,41.231
1768495790.7265475,34.199
1768495790.8320856,40.542
1768495790.9343827,46.959
1768495791.0367885,33.606
1768495791.1389933,39.679
1768495791.2413976,36.842
1768495791.3439465,36.842
1768495791.4462204,50.959
1768495791.5483077,33.606
1768495791.6504998,40.936
1768495791.7561452,40.345
1768495791.8585,36.151
1768495791.9607613,53.12
1768495792.06311,39.087
1768495792.165533,38.124
1768495792.267856,49.053
1768495792.3703218,33.902
1768495792.4727309,39.58
1768495792.5786543,49.976
1768495792.680985,38.989
1768495792.7833238,37.039
1768495792.885658,50.762
1768495792.9878924,38.299
1768495793.0902703,38.595
1768495793.1925888,50.626
1768495793.29491,36.525
1768495793.397142,37.927
1768495793.5029166,50.301
1768495793.6051857,34.199
1768495793.7074478,41.601
1768495793.8097432,46.298
1768495793.9120064,34.593
1768495794.0144005,41.33
1768495794.1168168,46.298
1768495794.2192373,34.889
1768495794.3215687,45.341
1768495794.4277976,43.078
1768495794.5300987,34.692
1768495794.6323645,38.989
1768495794.7346246,47.942
1768495794.8411474,37.215
1768495794.9434714,36.447
1768495795.0457418,50.399
1768495795.1510868,40.444
1768495795.2534156,35.087
1768495795.3558471,48.098
1768495795.4582658,45.171
1768495795.5607078,54.561
1768495795.6629798,34.1
1768495795.7652977,42.143
1768495795.8676105,47.155
1768495795.9698923,34.791
1768495796.0747225,46.523
1768495796.1772208,39.951
1768495796.279724,37.828
1768495796.382218,40.838
1768495796.4846907,37.236
1768495796.587019,50.468
1768495796.6893098,34.1
1768495796.7917295,45.932
1768495796.8942294,35.58
1768495796.9991987,46.424
1768495797.1015427,40.664
1768495797.2041006,34.396
1768495797.3065047,47.015
1768495797.4089801,41.354
1768495797.5114202,34.889
1768495797.6138937,47.254
1768495797.716323,34.495
1768495797.8230798,51.383
1768495797.9253824,38.321
1768495798.0279768,38.792
1768495798.1302824,46.397
1768495798.23272,33.804
1768495798.335081,39.974
1768495798.4375875,44.233
1768495798.5399349,34.593
1768495798.6466393,43.497
1768495798.7489953,40.073
1768495798.8518398,35.185
1768495798.9540963,52.499
1768495799.0584188,33.409
1768495799.1607082,42.512
1768495799.2628195,39.307
1768495799.365371,35.679
1768495799.470637,50.989
1768495799.5728834,38.474
1768495799.675057,35.481
1768495799.777314,39.754
1768495799.8806329,35.087
1768495799.982783,43.694
1768495800.085046,46.102
1768495800.1872783,34.1
1768495800.2894745,41.748
1768495800.395781,46.692
1768495800.4984398,33.705
1768495800.6007178,38.617
1768495800.7030342,47.45
1768495800.8053055,34.1
1768495800.9077027,50.399
1768495801.0102768,33.508
1768495801.1126244,39.482
1768495801.2149513,47.549
1768495801.3204293,34.396
1768495801.4228857,43.103
1768495801.525246,38.474
1768495801.6275458,36.842
1768495801.7298448,43.668
1768495801.832165,33.705
1768495801.9346812,46.102
1768495802.0369952,37.313
1768495802.1393085,34.889
1768495802.2453268,47.31
1768495802.3477259,37.905
1768495802.4500122,35.856
1768495802.5525715,46.621
1768495802.654913,33.428
1768495802.7572272,46.495
1768495802.8595228,34.297
1768495802.961807,43.694
1768495803.0646114,39.11
1768495803.1696541,35.185
1768495803.2725708,50.036
1768495803.375071,33.212
1768495803.477364,38.792
1768495803.5812175,39.951
1768495803.6835475,35.876
1768495803.785911,41.625
1768495803.8883185,36.546
1768495803.9934254,43.595
1768495804.0957918,34.199
1768495804.198096,38.989
1768495804.3019128,35.679
1768495804.4042492,43.668
1768495804.5064912,32.934
1768495804.6086135,43.398
1768495804.7108543,38.518
1768495804.8130379,35.679
1768495804.9184697,48.012
1768495805.020946,36.645
1768495805.1232924,38.913
1768495805.225675,46.424
1768495805.3281062,33.033
1768495805.430504,40.369
1768495805.5327752,41.503
1768495805.635154,34.199
1768495805.737556,46.495
1768495805.8427756,38.124
1768495805.9453506,36.151
1768495806.0477898,49.682
1768495806.1503916,36.053
1768495806.252962,38.223
1768495806.355904,45.834
1768495806.4584074,35.58
1768495806.5608516,45.118
1768495806.6643908,33.113
1768495806.7676804,38.792
1768495806.86998,35.679
1768495806.9724772,49.485
1768495807.0747762,37.51
1768495807.1772745,36.447
1768495807.2797453,48.167
1768495807.382299,38.966
1768495807.4853802,36.25
1768495807.591373,52.106
1768495807.6938777,39.11
1768495807.796286,37.927
1768495807.8999338,48.098
1768495808.0023043,34.396
1768495808.1050198,50.43
1768495808.2073283,38.595
1768495808.3095481,37.138
1768495808.412992,48.699
1768495808.5151596,33.902
1768495808.6173916,40.172
1768495808.7198036,33.902
1768495808.8220882,42.34
1768495808.924409,38.89
1768495809.0266454,35.856
1768495809.128936,51.253
1768495809.2312155,38.913
1768495809.33361,36.645
1768495809.438778,44.921
1768495809.541175,33.231
1768495809.643695,37.927
1768495809.746111,46.987
1768495809.848423,33.231
1768495809.9508183,50.596
1768495810.0532014,32.836
1768495810.155691,46.424
1768495810.2581253,33.606
1768495810.363623,50.498
1768495810.4659274,32.441
1768495810.568191,45.538
1768495810.670447,32.046
1768495810.7728076,41.453
1768495810.8752754,36.645
1768495810.977714,37.828
1768495811.0800228,42.216
1768495811.182547,33.724
1768495811.2878733,45.315
1768495811.3901525,37.85
1768495811.49247,35.383
1768495811.5947764,51.941
1768495811.6970077,37.138
1768495811.799268,38.716
1768495811.9016068,43.57
1768495812.003901,34.692
1768495812.1064072,46.692
1768495812.2123432,33.409
1768495812.314698,46.156
1768495812.4171395,38.321
1768495812.52103,36.151
1768495812.6233723,46.621
1768495812.7256145,33.626
1768495812.8278203,41.65
1768495812.9301064,39.307
1768495813.032407,36.074
1768495813.1370165,47.38
1768495813.2392938,40.566
1768495813.3422225,38.868
1768495813.4444227,34.396
1768495813.5468209,46.861
1768495813.6490574,32.638
1768495813.7511926,42.315
1768495813.8535442,37.981
1768495813.955675,35.58
1768495814.0615892,47.942
1768495814.1641245,35.954
1768495814.2666018,38.223
1768495814.368932,46.2
1768495814.4714353,36.447
1768495814.574051,37.532
1768495814.6763155,46.664
1768495814.7787216,35.954
1768495814.881049,38.321
1768495814.985586,46.593
1768495815.0880377,35.658
1768495815.1902869,37.51
1768495815.292652,45.565
1768495815.394928,34.593
1768495815.4972322,37.828
1768495815.5996141,46.621
1768495815.7019308,32.934
1768495815.8042595,37.51
1768495815.910516,38.025
1768495816.0130906,36.172
1768495816.1153827,45.44
1768495816.2178016,34.1
1768495816.320134,45.216
1768495816.4225616,39.284
1768495816.5248969,35.778
1768495816.6272087,51.972
1768495816.7296236,32.737
1768495816.8348334,38.025
1768495816.9371357,38.321
1768495817.0395486,48.491
1768495817.1418302,33.31
1768495817.2444704,39.307
1768495817.3468037,43.57
1768495817.4491892,33.902
1768495817.5515184,40.763
1768495817.6537845,47.942
1768495817.7590075,52.366
1768495817.8624055,34.001
1768495817.9649267,44.554
1768495818.0671391,40.05
1768495818.1692932,35.757
1768495818.2715347,49.023
1768495818.3739264,34.001
1768495818.4760654,40.073
1768495818.5784318,47.577
1768495818.6813293,34.199
1768495818.7837174,37.828
1768495818.8860636,46.593
1768495818.988538,36.94
1768495819.0910764,37.532
1768495819.1932857,51.776
1768495819.2958465,39.186
1768495819.3982682,35.58
1768495819.5006194,47.577
1768495819.6029377,41.354
1768495819.7086573,37.335
1768495819.8108466,37.729
1768495819.9131532,50.694
1768495820.0154357,33.705
1768495820.117795,39.974
1768495820.2199948,48.335
1768495820.3222551,33.902
1768495820.4246106,39.186
1768495820.5269988,47.549
1768495820.6327639,38.595
1768495820.7351162,37.828
1768495820.8374696,53.808
1768495820.9396994,38.397
1768495821.0420017,36.94
1768495821.1444027,49.318
1768495821.2467763,40.664
1768495821.350697,35.383
1768495821.455891,47.479
1768495821.5581374,41.281
1768495821.6610808,35.679
1768495821.7632782,44.429
1768495821.8655052,44.921
1768495821.9678771,35.876
1768495822.0701632,47.901
1768495822.1725225,36.271
1768495822.2747927,50.626
1768495822.3801298,35.362
1768495822.4824705,42.61
1768495822.5846822,48.827
1768495822.686767,39.087
1768495822.7888236,37.828
1768495822.8910425,53.906
1768495822.9931192,37.806
1768495823.0951881,36.94
1768495823.1974125,50.989
1768495823.2996323,38.541
1768495823.4017694,36.349
1768495823.5066226,46.692
1768495823.6089315,38.595
1768495823.711305,36.842
1768495823.8135219,51.186
1768495823.915828,38.913
1768495824.0182984,35.679
1768495824.1206617,48.069
1768495824.223048,38.595
1768495824.3253603,34.988
1768495824.4277632,49.878
1768495824.533328,42.192
1768495824.6356623,34.495
1768495824.737913,44.849
1768495824.840213,37.905
1768495824.942548,37.532
1768495825.0448236,50.86
1768495825.147131,39.801
1768495825.2494438,35.679
1768495825.351891,45.171
1768495825.4580064,39.679
1768495825.5602975,34.889
1768495825.66257,42.61
1768495825.7653909,47.113
1768495825.8676107,33.804
1768495825.9699073,39.284
1768495826.0721977,45.637
1768495826.174519,34.199
1768495826.2767918,42.34
1768495826.384265,41.847
1768495826.4866023,36.349
1768495826.5889695,46.397
1768495826.691213,33.606
1768495826.7936206,39.876
1768495826.895963,34.297
1768495826.9982295,42.438
1768495827.1005116,42.709
1768495827.2065768,43.989
1768495827.309079,39.679
1768495827.4113092,34.988
1768495827.5134935,51.383
1768495827.6156688,33.31
1768495827.717814,40.566
1768495827.820023,47.113
1768495827.9222727,34.593
1768495828.0244758,43.767
1768495828.1267357,39.034
1768495828.2325003,35.679
1768495828.3349562,52.562
1768495828.4373374,38.299
1768495828.539717,37.138
1768495828.6420512,49.416
1768495828.744554,34.1
1768495828.8468587,39.58
1768495828.9491134,45.708
1768495829.0514002,34.791
1768495829.1572955,42.143
1768495829.259615,47.38
1768495829.361925,34.396
1768495829.4641519,39.284
1768495829.566494,43.937
1768495829.6689436,35.284
1768495829.7713351,47.605
1768495829.8737974,39.951
1768495829.9760969,35.58
1768495830.0832763,46.397
1768495830.1855657,41.527
1768495830.287863,35.087
1768495830.3901873,44.652
1768495830.4925127,44.062
1768495830.5951462,35.58
1768495830.6975474,44.554
1768495830.7997475,41.601
1768495830.902879,36.349
1768495831.0082417,51.124
1768495831.110746,35.362
1768495831.2132225,39.777
1768495831.3156083,41.034
1768495831.4179273,35.362
1768495831.52034,51.714
1768495831.6228154,33.409
1768495831.7252085,40.467
1768495831.8275058,34.988
1768495831.9352515,33.033
1768495832.0375805,45.288
1768495832.1398735,33.329
1768495832.2421672,40.59
1768495832.3444479,39.876
1768495832.4467525,34.692
1768495832.54941,47.085
1768495832.6515656,37.85
1768495832.757923,35.679
1768495832.860397,49.22
1768495832.9627805,33.231
1768495833.065331,40.936
1768495833.1676805,43.792
1768495833.2700808,33.804
1768495833.372468,44.088
1768495833.4748693,37.927
1768495833.5808802,36.447
1768495833.6833568,48.364
1768495833.7857516,33.231
1768495833.8881552,44.186
1768495833.9904883,36.842
1768495834.0929096,38.989
1768495834.1952212,42.413
1768495834.2975576,34.593
1768495834.404956,49.643
1768495834.5073724,37.631
1768495834.6097162,37.806
1768495834.712031,46.719
1768495834.8172073,33.804
1768495834.9196196,45.905
1768495835.0218327,37.828
1768495835.129002,41.157
1768495835.2316296,41.946
1768495835.333911,35.362
1768495835.4366417,47.38
1768495835.5389524,34.199
1768495835.6414855,42.807
1768495835.7438173,39.186
1768495835.8464346,35.679
1768495835.9487221,39.262
1768495836.0556953,37.828
1768495836.1580489,46.003
1768495836.2604055,34.692
1768495836.362716,49.643
1768495836.465197,35.087
1768495836.5675535,46.227
1768495836.6705647,32.342
1768495836.773083,39.679
1768495836.8787124,34.593
1768495836.9810863,45.538
1768495837.0835042,37.039
1768495837.1858947,38.223
1768495837.2883,44.849
1768495837.3905706,33.409
1768495837.4928474,42.512
1768495837.595145,41.946
1768495837.6975121,35.087
1768495837.8032975,51.905
1768495837.905617,35.658
1768495838.0079002,38.617
1768495838.1102178,47.97
1768495838.212562,33.606
1768495838.314818,42.315
1768495838.417044,39.163
1768495838.5193992,34.593
1768495838.6262813,48.433
1768495838.7285564,38.397
1768495838.8308895,37.828
1768495838.9332619,39.951
1768495839.0354683,34.791
1768495839.137632,47.38
1768495839.2407732,38.595
1768495839.3429625,35.284
1768495839.4491074,50.006
1768495839.5514042,37.215
1768495839.6537292,37.138
1768495839.7561886,46.03
1768495839.858395,33.606
1768495839.9608617,45.315
1768495840.0633748,37.729
1768495840.165809,41.306
1768495840.268888,36.172
1768495840.374094,48.196
1768495840.4764416,33.606
1768495840.5788982,47.352
1768495840.681236,33.508
1768495840.7836068,45.905
1768495840.8859951,34.593
1768495840.9882483,45.046
1768495841.090616,35.185
1768495841.1969147,46.719
1768495841.2992282,33.606
1768495841.4016285,47.212
1768495841.5040317,37.018
1768495841.6063063,38.124
1768495841.7087166,40.392
1768495841.8109288,35.087
1768495841.9133108,44.062
1768495842.0156262,33.132
1768495842.1212177,44.259
1768495842.223609,37.489
1768495842.325914,35.185
1768495842.428229,44.259
1768495842.5305824,37.138
1768495842.6329708,36.842
1768495842.7352624,46.102
1768495842.8375993,36.94
1768495842.9399166,38.89
1768495843.0464394,42.093
1768495843.1487668,34.791
1768495843.2515926,50.528
1768495843.3539455,36.898
1768495843.456885,40.096
1768495843.5592241,42.585
1768495843.6614745,34.495
1768495843.7639847,48.63
1768495843.8705802,37.609
1768495843.9729786,37.434
1768495844.0752397,46.102
1768495844.1775713,39.11
1768495844.2799387,36.546
1768495844.382377,49.515
1768495844.4848378,37.039
1768495844.5874133,49.19
1768495844.6937485,33.409
1768495844.7959964,38.693
1768495844.8984733,46.424
1768495845.0007634,34.001
1768495845.1030917,40.664
1768495845.2055342,48.069
1768495845.308126,33.705
1768495845.4105299,40.369
1768495845.5129385,47.254
1768495845.6182418,34.199
1768495845.7205474,38.989
1768495845.8228667,47.577
1768495845.9251852,35.264
1768495846.0274937,37.806
1768495846.1298275,47.479
1768495846.232095,34.1
1768495846.3344305,41.428
1768495846.4367473,40.195
1768495846.5419414,36.447
1768495846.644211,51.155
1768495846.7468476,35.658
1768495846.8491662,41.231
1768495846.951465,35.185
1768495847.054021,50.626
1768495847.1564248,39.209
1768495847.2589536,35.481
1768495847.3612452,51.579
1768495847.466656,39.087
1768495847.5690172,35.679
1768495847.6712306,43.497
1768495847.773623,46.129
1768495847.876892,35.856
1768495847.9793231,39.209
1768495848.0817368,48.294
1768495848.1840339,34.593
1768495848.290536,46.987
1768495848.3927422,39.777
1768495848.495063,37.236
1768495848.597383,40.05
1768495848.6997714,36.172
1768495848.8019168,52.334
1768495848.9042134,37.532
1768495849.0068688,48.266
1768495849.1091173,34.495
1768495849.2143943,45.368
1768495849.3167834,38.913
1768495849.4192047,38.223
1768495849.5214899,48.306
1768495849.6237013,34.199
1768495849.7260933,51.253
1768495849.828489,39.777
1768495849.9307783,35.185
1768495850.0330093,49.544
1768495850.1395202,34.771
1768495850.2418168,37.631
1768495850.3442845,49.515
1768495850.4467854,39.777
1768495850.5491817,35.679
1768495850.6514447,47.479
1768495850.7537103,39.58
1768495850.8561218,35.362
1768495850.9622703,47.057
1768495851.0645134,33.902
1768495851.1668332,42.019
1768495851.2691743,46.369
1768495851.3718953,33.804
1768495851.4741013,38.814
1768495851.5765243,48.364
1768495851.6789808,37.313
1768495851.7812638,38.003
1768495851.8882682,48.433
1768495851.9905443,33.705
1768495852.092914,39.974
1768495852.1956193,46.2
1768495852.2979252,34.001
1768495852.4002156,40.542
1768495852.5025253,48.404
1768495852.6049623,34.791
1768495852.707481,40.148
1768495852.811898,48.11
1768495852.9142447,34.593
1768495853.0166025,39.58
1768495853.1189764,43.694
1768495853.2213206,36.94
1768495853.3237085,35.757
1768495853.4269035,48.728
1768495853.5291467,41.921
1768495853.6314027,35.461
1768495853.7360876,45.046
1768495853.8384333,46.523
1768495853.9408119,34.396
1768495854.0431402,39.284
1768495854.1453516,46.298
1768495854.2476554,34.199
1768495854.349942,43.004
1768495854.452317,39.163
1768495854.5546806,36.074
1768495854.6611192,47.113
1768495854.763563,41.625
1768495854.86595,35.383
1768495854.968333,53.054
1768495855.0707097,37.927
1768495855.173166,38.814
1768495855.2755582,48.04
1768495855.377933,34.199
1768495855.4845936,41.354
1768495855.5868993,42.413
1768495855.689118,35.284
1768495855.7915254,43.792
1768495855.8937974,43.767
1768495855.9962182,34.692
1768495856.0987246,45.538
1768495856.2010603,40.195
1768495856.3034246,36.053
1768495856.4086318,48.266
1768495856.5109484,38.223
1768495856.6144774,38.397
1768495856.7201605,38.299
1768495856.8224154,51.217
1768495856.924666,34.495
1768495857.0269704,38.693
1768495857.1330245,42.118
1768495857.2353983,34.297
1768495857.3376796,43.078
1768495857.4400082,40.739
1768495857.5423672,34.692
1768495857.6447937,33.508
1768495857.7474284,42.34
1768495857.84968,45.834
1768495857.9518354,33.606
1768495858.0575001,42.315
1768495858.1599119,42.684
1768495858.2621245,34.297
1768495858.3643875,40.838
1768495858.466706,46.2
1768495858.5693696,34.495
1768495858.671788,40.936
1768495858.774105,43.963
1768495858.8764005,34.495
1768495858.9832277,44.186
1768495859.0855598,45.637
1768495859.1879885,34.692
1768495859.2903914,44.948
1768495859.3926406,44.134
1768495859.4950392,34.692
1768495859.5972762,39.777
1768495859.6996608,47.774
1768495859.801998,34.001
1768495859.9078321,38.102
1768495860.010363,51.812
1768495860.1126094,38.693
1768495860.2149825,37.927
1768495860.3173058,48.954
1768495860.4196599,34.869
1768495860.5219831,38.617
1768495860.624491,54.201
1768495860.7317653,40.861
1768495860.8344767,35.876
1768495860.9367478,48.462
1768495861.0403776,40.27
1768495861.1426892,37.138
1768495861.2450075,48.827
1768495861.34766,33.606
1768495861.4498932,45.243
1768495861.5560505,39.284
1768495861.6583216,36.349
1768495861.7607613,45.806
1768495861.8629951,33.902
1768495861.965526,33.31
1768495862.0689764,46.058
1768495862.1711352,38.047
1768495862.2733052,37.631
1768495862.3755026,42.34
1768495862.4822423,35.087
1768495862.5845945,45.315
1768495862.6870058,33.409
1768495862.7894835,43.865
1768495862.8918893,36.447
1768495862.9944286,38.595
1768495863.096809,42.709
1768495863.199213,33.606
1768495863.3015697,43.103
1768495863.4065616,40.148
1768495863.508891,34.692
1768495863.6112697,50.173
1768495863.7135835,38.375
1768495863.815967,36.151
1768495863.9183493,46.523
1768495864.02069,33.231
1768495864.1229177,42.709
1768495864.2251463,38.792
1768495864.330315,36.151
1768495864.4327667,46.916
1768495864.5351644,33.31
1768495864.6375601,39.853
1768495864.739891,43.792
1768495864.8422399,34.001
1768495864.9445972,44.724
1768495865.0469983,38.518
1768495865.1498346,36.447
1768495865.2561123,43.989
1768495865.3585355,34.889
1768495865.462133,46.129
1768495865.5644383,33.508
1768495865.6668708,42.216
1768495865.7693365,41.65
1768495865.8716533,35.087
1768495865.973901,50.006
1768495866.0792634,37.609
1768495866.181675,37.434
1768495866.284054,46.298
1768495866.3862734,44.186
1768495866.4894316,42.906
1768495866.5920458,34.791
1768495866.694155,37.806
1768495866.7965217,37.905
1768495866.898747,48.266
1768495867.0034146,35.481
1768495867.1059535,39.209
1768495867.2084208,47.872
1768495867.3106565,33.705
1768495867.4130328,41.453
1768495867.515387,47.675
1768495867.61771,34.297
1768495867.7200413,42.118
1768495867.8224955,42.413
1768495867.9279175,34.889
1768495868.0303516,35.087
1768495868.1327,48.925
1768495868.235139,35.679
1768495868.3373857,39.777
1768495868.4398735,46.916
1768495868.5422156,34.495
1768495868.6446905,44.259
1768495868.7470257,43.647
1768495868.8517992,35.679
1768495868.9541419,48.994
1768495869.056468,38.89
1768495869.1589582,35.383
1768495869.2611797,50.664
1768495869.363523,33.606
1768495869.4659383,44.285
1768495869.5708377,38.89
1768495869.6767452,34.199
1768495869.7807534,42.61
1768495869.8830907,40.392
1768495869.9853902,34.988
1768495870.0876586,46.397
1768495870.1900322,35.264
1768495870.2923596,39.679
1768495870.3947573,43.891
1768495870.5012963,33.902
1768495870.6036572,47.577
1768495870.7060692,35.58
1768495870.8090217,46.003
1768495870.9114692,33.033
1768495871.0136356,49.711
1768495871.1157858,38.025
1768495871.2180593,36.842
1768495871.320412,45.216
1768495871.4252753,33.132
1768495871.5277207,47.872
1768495871.630242,32.638
1768495871.7327266,43.3
1768495871.8351226,37.729
1768495871.9374979,38.814
1768495872.0399294,40.861
1768495872.1422818,34.1
1768495872.2489567,44.679
1768495872.3513796,40.345
1768495872.4537165,34.692
1768495872.5560923,50.075
1768495872.6585536,36.722
1768495872.7608979,37.631
1768495872.8632743,44.16
1768495872.965615,33.705
1768495873.0679445,46.987
1768495873.1730611,38.245
1768495873.275444,36.151
1768495873.3780184,45.046
1768495873.4804225,32.934
1768495873.5829906,43.3
1768495873.685299,38.223
1768495873.7881029,36.053
1768495873.890506,44.849
1768495873.9956121,33.132
1768495874.0996287,45.243
1768495874.2031152,37.828
1768495874.3054998,37.729
1768495874.407985,46.353
1768495874.5103528,33.705
1768495874.6126957,43.595
1768495874.7150369,44.062
1768495874.817442,34.199
1768495874.9240031,49.18
1768495875.0264893,38.299
1768495875.1289313,44.456
1768495875.2316954,34.791
1768495875.3339546,47.774
1768495875.4366024,40.861
1768495875.5388775,35.679
1768495875.6410859,47.113
1768495875.743257,45.27
1768495875.8496704,34.199
1768495875.9520879,43.103
1768495876.054597,43.642
1768495876.156991,34.396
1768495876.259364,44.679
1768495876.361666,38.639
1768495876.4639792,41.551
1768495876.5663478,42.782
1768495876.6734493,34.988
1768495876.7758994,32.441
1768495876.8781943,39.876
1768495876.9807358,43.694
1768495877.0832093,34.692
1768495877.1857154,49.908
1768495877.2884362,38.671
1768495877.3907716,35.856
1768495877.4971752,44.724
1768495877.6001284,33.508
1768495877.7025778,42.413
1768495877.8048637,38.595
1768495877.907389,34.495
1768495878.0097044,51.02
1768495878.1122634,37.828
1768495878.2158103,37.729
1768495878.3216534,43.103
1768495878.4241498,33.626
1768495878.5264108,43.497
1768495878.628874,37.532
1768495878.7312245,36.546
1768495878.8336515,44.285
1768495878.9359753,33.606
1768495879.0383196,39.974
1768495879.1406772,44.528
1768495879.2464657,33.902
1768495879.348686,46.959
1768495879.4509647,37.927
1768495879.5530958,37.039
1768495879.6551783,46.664
1768495879.7573922,33.508
1768495879.8595166,40.172
1768495879.9618258,48.757
1768495880.0640097,33.705
1768495880.1694093,45.565
1768495880.2717574,41.822
1768495880.3740551,34.692
1768495880.4763608,45.073
1768495880.5786624,40.27
1768495880.6810613,35.679
1768495880.7837126,52.267
1768495880.8862128,38.693
1768495880.988709,36.053
1768495881.0943413,46.987
1768495881.1967552,34.297
1768495881.2992957,37.927
1768495881.401854,46.664
1768495881.504165,37.138
1768495881.6065183,37.532
1768495881.7090445,48.797
1768495881.811638,36.764
1768495881.917641,39.307
1768495882.019986,52.071
1768495882.1225054,33.606
1768495882.224861,41.059
1768495882.327345,45.413
1768495882.4296303,34.1
1768495882.532722,39.383
1768495882.6351829,49.082
1768495882.7419395,33.724
1768495882.8447013,38.913
1768495882.9471102,48.827
1768495883.0494657,39.087
1768495883.1521754,38.321
1768495883.2544308,49.544
1768495883.3569665,41.453
1768495883.459338,35.778
1768495883.5659585,47.45
1768495883.66899,35.383
1768495883.7717297,42.118
1768495883.8740342,47.942
1768495883.9766977,35.58
1768495884.0789773,50.823
1768495884.1815226,34.396
1768495884.2837157,42.881
1768495884.3897052,39.337
1768495884.4922156,37.828
1768495884.5945518,53.742
1768495884.696988,39.603
1768495884.7994,36.94
1768495884.9016368,47.057
1768495885.0041506,38.617
1768495885.1067455,38.989
1768495885.213134,48.167
1768495885.3155096,34.001
1768495885.4179592,41.428
1768495885.520187,45.413
1768495885.6226752,34.889
1768495885.7251136,45.341
1768495885.8276272,41.847
1768495885.9299986,35.58
1768495886.0373554,49.878
1768495886.1400144,33.823
1768495886.243083,38.89
1768495886.3454292,48.266
1768495886.4494379,33.606
1768495886.5516481,39.087
1768495886.6539814,45.046
1768495886.7598705,39.777
1768495886.862268,38.89
1768495886.9646297,37.532
1768495887.0669572,50.498
1768495887.169132,37.51
1768495887.2714248,39.012
1768495887.373827,51.45
1768495887.4762576,38.617
1768495887.578754,38.003
1768495887.6833978,35.975
1768495887.7858636,52.039
1768495887.8879855,39.876
1768495887.9901855,36.743
1768495888.0923133,53.054
1768495888.1948225,38.89
1768495888.2970011,36.645
1768495888.399167,51.253
1768495888.501429,37.708
1768495888.608015,36.645
1768495888.7103214,49.976
1768495888.8127053,39.482
1768495888.9148824,36.349
1768495889.017079,52.562
1768495889.1194074,35.856
1768495889.221704,39.482
1768495889.324024,46.593
1768495889.42656,34.593
1768495889.533052,49.446
1768495889.6354258,38.595
1768495889.7378342,37.335
1768495889.8402002,52.727
1768495889.9425306,39.186
1768495890.0448549,37.039
1768495890.1471758,48.827
1768495890.2496455,34.1
1768495890.3519764,42.734
1768495890.4578874,39.626
1768495890.5602558,37.138
1768495890.6664212,49.22
1768495890.7686548,33.804
1768495890.87089,39.58
1768495890.9732962,44.974
1768495891.0755713,34.199
1768495891.18083,43.497
1768495891.283242,42.807
1768495891.3856597,34.593
1768495891.4879396,44.751
1768495891.5905578,38.716
1768495891.6928883,34.396
1768495891.7954385,49.741
1768495891.8978863,37.631
1768495892.0001075,37.039
1768495892.1055462,33.428
1768495892.2078097,41.822
1768495892.310202,34.396
1768495892.4125402,46.692
1768495892.5147088,38.541
1768495892.616974,36.645
1768495892.719385,49.053
1768495892.8215878,34.495
1768495892.9239686,40.27
1768495893.0299647,42.833
1768495893.1322622,35.383
1768495893.234604,50.399
1768495893.336989,33.606
1768495893.4393327,42.118
1768495893.541659,44.849
1768495893.644114,34.593
1768495893.7465296,48.266
1768495893.8489978,38.299
1768495893.9546113,36.546
1768495894.0569487,38.868
1768495894.1594253,37.729
1768495894.2619083,48.491
1768495894.3642306,34.199
1768495894.466625,44.311
1768495894.5690367,39.656
1768495894.6714709,34.495
1768495894.7739909,45.019
1768495894.8801167,32.737
1768495894.9825292,40.444
1768495895.0848253,45.243
1768495895.1883876,34.001
1768495895.2907379,43.57
1768495895.3930488,39.777
1768495895.495518,34.297
1768495895.5977776,42.61
1768495895.7028842,43.642
1768495895.8051906,33.902
1768495895.9075263,41.527
1768495896.0098927,46.003
1768495896.1122408,33.31
1768495896.2145276,40.566
1768495896.3169343,46.102
1768495896.4192214,34.593
1768495896.521669,48.856
1768495896.626661,48.688
1768495896.7293687,43.325
1768495896.831621,40.026
1768495896.9343183,35.383
1768495897.0364096,45.932
1768495897.1386292,39.998
1768495897.2408657,35.087
1768495897.3429754,44.357
1768495897.4451609,41.822
1768495897.5509171,35.087
1768495897.6538813,43.004
1768495897.7563124,39.853
1768495897.858789,37.039
1768495897.961175,46.916
1768495898.0635803,33.428
1768495898.1659648,42.216
1768495898.2682548,41.428
1768495898.3745394,34.791
1768495898.476885,48.196
1768495898.5792356,37.927
1768495898.6817465,37.532
1768495898.784092,43.57
1768495898.8865664,33.804
1768495898.9889567,50.891
1768495899.0918856,32.638
1768495899.1944315,39.853
1768495899.2977905,42.216
1768495899.4000757,34.495
1768495899.5024385,49.682
1768495899.6050103,33.033
1768495899.708879,46.719
1768495899.811292,33.823
1768495899.9136496,49.023
1768495900.0159357,34.1
1768495900.1181338,39.482
1768495900.2256083,34.593
1768495900.3280706,39.186
1768495900.4305363,44.259
1768495900.5329883,33.606
1768495900.6352603,42.881
1768495900.7376227,38.837
1768495900.8400257,36.546
1768495900.9424427,33.409
1768495901.0498683,48.532
1768495901.152007,33.231
1768495901.254258,42.906
1768495901.3565323,38.025
1768495901.458827,36.053
1768495901.5611148,45.664
1768495901.663394,32.737
1768495901.765781,42.216
1768495901.8681252,38.2
1768495901.9735787,35.383
1768495902.0761065,45.019
1768495902.1783943,33.329
1768495902.280829,41.059
1768495902.383334,44.823
1768495902.485674,33.804
1768495902.587934,42.044
1768495902.6903732,43.424
1768495902.792807,34.791
1768495902.8982646,47.549
1768495903.000681,39.754
1768495903.1030388,35.383
1768495903.2054312,49.22
1768495903.3079035,37.708
1768495903.4103508,36.567
1768495903.5127707,52.464
1768495903.6151564,38.769
1768495903.7222543,35.481
1768495903.8246636,47.577
1768495903.9285386,33.508
1768495904.0309784,38.397
1768495904.1333408,46.102
1768495904.235601,33.705
1768495904.3378873,40.172
1768495904.4402409,40.27
1768495904.5461013,34.593
1768495904.6485057,43.989
1768495904.7509053,40.444
1768495904.853118,34.889
1768495904.9555523,52.169
1768495905.057773,38.42
1768495905.1601813,36.053
1768495905.2626026,51.057
1768495905.3648596,37.335
1768495905.4724615,49.348
1768495905.5748124,33.902
1768495905.6771,40.838
1768495905.7794473,49.348
1768495905.8818257,33.902
1768495905.9841313,39.876
1768495906.0864148,48.856
1768495906.1887727,35.185
1768495906.295305,37.335
1768495906.3976386,48.856
1768495906.500218,35.778
1768495906.6026192,38.343
1768495906.70489,52.531
1768495906.8075628,36.349
1768495906.910008,47.184
1768495907.0122905,34.889
1768495907.1187935,44.58
1768495907.221078,40.763
1768495907.3233695,34.396
1768495907.4262886,48.237
1768495907.528751,37.236
1768495907.631219,38.124
1768495907.733575,45.243
1768495907.835879,33.902
1768495907.9387238,50.233
1768495908.0448713,32.817
1768495908.1472065,44.948
1768495908.2494428,38.003
1768495908.3532882,36.151
1768495908.4555469,47.549
1768495908.557813,37.631
1768495908.6600392,39.284
1768495908.76227,42.413
1768495908.8661869,35.284
1768495908.968475,50.498
1768495909.0708864,38.518
1768495909.1733127,36.447
1768495909.2756104,46.102
1768495909.37784,34.297
1768495909.480123,43.963
1768495909.582386,40.073
1768495909.6847696,51.548
1768495909.7868996,33.31
1768495909.8922462,41.601
1768495909.9945073,40.936
1768495910.0969934,35.56
1768495910.19936,53.775
1768495910.3017137,37.292
1768495910.4040375,37.138
1768495910.506335,48.728
1768495910.6088657,39.58
1768495910.7112558,36.349
1768495910.8164787,47.901
1768495910.9191015,33.804
1768495911.021496,40.96
1768495911.1238456,39.58
1768495911.2261903,35.856
1768495911.3286786,45.019
1768495911.4310393,34.001
1768495911.5333877,44.259
1768495911.6356094,40.27
1768495911.7415094,34.396
1768495911.8440194,46.593
1768495911.9462135,33.409
1768495912.0484369,37.828
1768495912.1510863,43.373
1768495912.253425,33.804
1768495912.3556278,42.216
1768495912.457916,43.274
1768495912.5632966,33.113
1768495912.6675315,41.231
1768495912.769879,41.822
1768495912.8722782,34.297
1768495912.9757314,48.138
1768495913.077895,37.039
1768495913.1801972,37.335
1768495913.2826421,45.216
1768495913.3849165,33.508
1768495913.4872947,41.354
1768495913.591908,38.595
1768495913.6941023,35.087
1768495913.796466,49.869
1768495913.898922,38.868
1768495914.0011764,35.856
1768495914.1035354,45.976
1768495914.2059407,46.523
1768495914.3085127,37.828
1768495914.4106417,39.284
1768495914.5159233,41.822
1768495914.6182382,34.199
1768495914.7205908,42.61
1768495914.8230124,43.201
1768495914.925295,33.804
1768495915.0276933,48.069
1768495915.1301558,38.792
1768495915.232469,35.284
1768495915.3347795,46.424
1768495915.440088,39.754
1768495915.542256,34.889
1768495915.6446292,45.315
1768495915.7469683,42.709
1768495915.8492334,33.902
1768495915.9515982,40.073
1768495916.0540037,41.724
1768495916.1562703,35.481
1768495916.2585547,50.959
1768495916.36436,38.442
1768495916.4667454,33.705
1768495916.569324,48.561
1768495916.6717134,38.716
1768495916.7740688,54.004
1768495916.8764157,33.626
1768495916.9793088,51.512
1768495917.0816634,37.927
1768495917.184053,40.369
1768495917.2926924,40.467
1768495917.3950677,35.481
1768495917.4973645,50.725
1768495917.5998874,38.003
1768495917.7022195,39.974
1768495917.8045025,42.216
1768495917.9069378,35.757
1768495918.0092082,50.596
1768495918.1147926,33.705
1768495918.2172976,39.679
1768495918.3197238,43.3
1768495918.4221523,34.199
1768495918.5244725,42.413
1768495918.626961,34.692
1768495918.7305064,49.613
1768495918.8326542,37.138
1768495918.9388518,37.729
1768495919.0410638,44.849
1768495919.1435204,33.705
1768495919.2458277,44.652
1768495919.348384,36.94
1768495919.450978,38.595
1768495919.5534816,43.865
1768495919.6557744,33.508
1768495919.758166,42.413
1768495919.8605494,40.05
1768495919.9661386,34.889
1768495920.0686567,47.942
1768495920.1710348,33.902
1768495920.2732692,38.321
1768495920.3756602,44.331
1768495920.4779985,33.902
1768495920.5802746,43.078
1768495920.6829193,41.748
1768495920.7852666,34.199
1768495920.8908527,44.554
1768495920.9932191,39.012
1768495921.0955222,35.461
1768495921.1979492,50.143
1768495921.300341,38.693
1768495921.403162,36.842
1768495921.5055404,49.22
1768495921.608473,38.518
1768495921.7147634,37.532
1768495921.8170145,46.566
1768495921.919406,33.606
1768495922.0217433,43.989
1768495922.1241395,39.307
1768495922.2265255,36.645
1768495922.3289838,45.583
1768495922.4314864,34.889
1768495922.5339527,38.223
1768495922.6389678,48.294
1768495922.74139,33.705
1768495922.843661,40.345
1768495922.9459567,38.89
1768495923.0481977,37.532
1768495923.1506143,38.223
1768495923.253501,46.523
1768495923.3556755,33.329
1768495923.4580588,40.763
1768495923.5639403,40.345
1768495923.666347,34.495
1768495923.768676,46.424
1768495923.871263,39.087
1768495923.9736118,34.889
1768495924.0759165,49.583
1768495924.1783524,33.231
1768495924.2806432,39.876
1768495924.3830507,38.738
1768495924.4878817,36.151
1768495924.5903325,42.093
1768495924.692789,35.185
1768495924.7950637,46.593
1768495924.8975108,33.132
1768495924.9999425,38.989
1768495925.102349,43.963
1768495925.2048576,34.297
1768495925.3115935,46.818
1768495925.4141903,39.406
1768495925.5165029,35.679
1768495925.6190264,48.098
1768495925.7213054,39.702
1768495925.8236337,35.679
1768495925.9264994,50.566
1768495926.028905,35.362
1768495926.1313617,39.284
1768495926.2366488,46.987
1768495926.339003,34.1
1768495926.4415054,43.595
1768495926.5439706,40.073
1768495926.646599,36.842
1768495926.7489846,36.349
1768495926.8514626,47.97
1768495926.9539502,38.792
1768495927.0601826,37.806
1768495927.1625705,45.735
1768495927.2649384,33.804
1768495927.3675296,49.81
1768495927.4699879,39.974
1768495927.5722687,41.699
1768495927.674574,34.001
1768495927.776859,45.44
1768495927.8790624,38.321
1768495927.9843702,36.666
1768495928.0867453,39.876
1768495928.189224,35.383
1768495928.2916193,45.341
1768495928.3939073,33.804
1768495928.4963837,45.637
1768495928.5989597,33.132
1768495928.7013621,45.538
1768495928.807851,34.376
1768495928.9101107,38.693
1768495929.012577,39.58
1768495929.1148825,35.087
1768495929.2174363,44.088
1768495929.3198903,33.705
1768495929.4223626,42.709
1768495929.5248153,33.902
1768495929.6270955,43.767
1768495929.731647,32.638
1768495929.834068,45.878
1768495929.9363444,36.053
1768495930.039349,38.989
1768495930.1417718,37.455
1768495930.246289,36.863
1768495930.3486166,42.413
1768495930.4511502,33.231
1768495930.5560126,48.954
1768495930.6588635,37.335
1768495930.761203,37.532
1768495930.8636901,44.554
1768495930.9661112,33.508
1768495931.0684738,47.409
1768495931.170848,38.025
1768495931.2733252,38.299
1768495931.3757443,42.807
1768495931.4814708,34.199
1768495931.5838945,43.989
1768495931.6861525,42.093
1768495931.788422,46.818
1768495931.8914692,42.118
1768495931.9937282,36.151
1768495932.0959156,50.959
1768495932.1980972,37.708
1768495932.3002872,38.42
1768495932.405274,48.266
1768495932.5080032,39.11
1768495932.6104484,36.743
1768495932.7132492,53.611
1768495932.815736,38.124
1768495932.9182138,38.124
1768495933.020631,47.577
1768495933.123141,34.1
1768495933.2288625,40.566
1768495933.3315187,48.688
1768495933.4339786,34.396
1768495933.5365107,43.201
1768495933.6389863,47.212
1768495933.7416754,34.297
1768495933.844094,44.259
1768495933.9466944,41.034
1768495934.0528238,35.185
1768495934.1551719,46.79
1768495934.258128,38.124
1768495934.3604476,37.138
1768495934.4632096,47.352
1768495934.5656168,34.889
1768495934.6678343,46.987
1768495934.77027,35.185
1768495934.8760662,41.404
1768495934.978443,37.138
1768495935.0809302,42.019
1768495935.183274,34.791
1768495935.2856236,47.605
1768495935.3879457,37.828
1768495935.4903526,36.842
1768495935.5927022,48.856
1768495935.6949265,39.58
1768495935.8011265,36.074
1768495935.903489,44.921
1768495936.0060053,36.074
1768495936.1096084,52.334
1768495936.2118945,33.804
1768495936.314107,40.467
1768495936.4164069,42.537
1768495936.5187352,35.481
1768495936.624008,53.677
1768495936.7263916,38.617
1768495936.8288064,38.397
1768495936.9312377,41.65
1768495937.0335956,45.735
1768495937.1358838,35.185
1768495937.2382345,50.694
1768495937.3406196,38.496
1768495937.4429364,38.025
1768495937.5489109,40.838
1768495937.651385,34.199
1768495937.753787,48.63
1768495937.856378,37.335
1768495937.9587517,38.025
1768495938.0613399,43.398
1768495938.163874,35.481
1768495938.2662303,44.16
1768495938.3685372,34.199
1768495938.474368,51.413
1768495938.5767891,37.116
1768495938.6793306,37.806
1768495938.7832787,43.767
1768495938.8858335,34.1
1768495938.9882097,46.987
1768495939.0904384,40.542
1768495939.1929247,34.889
1768495939.2976696,51.843
1768495939.4000788,33.606
1768495939.5027347,40.05
1768495939.6052535,33.113
1768495939.7075438,45.708
1768495939.8100708,33.508
1768495939.9124885,40.542
1768495940.0150104,38.913
1768495940.121635,41.822
1768495940.2241275,39.679
1768495940.327744,42.807
1768495940.4302323,35.087
1768495940.5324636,52.499
1768495940.6347141,39.11
1768495940.7370226,36.37
1768495940.8391938,47.282
1768495940.9443684,38.716
1768495941.046716,36.053
1768495941.1490607,52.334
1768495941.2524657,37.236
1768495941.3547633,37.434
1768495941.4569433,47.704
1768495941.5594027,33.804
1768495941.6617582,38.223
1768495941.7640593,52.727
1768495941.868843,38.124
1768495941.971128,38.321
1768495942.0733695,38.55
1768495942.1756027,39.482
1768495942.2778304,38.223
1768495942.3801138,39.58
1768495942.4824095,39.383
1768495942.5848708,37.927
1768495942.687628,49.643
1768495942.791653,33.902
1768495942.8945434,40.073
1768495942.9968874,47.282
1768495943.1002257,34.593
1768495943.202568,44.259
1768495943.3048863,39.087
1768495943.4071596,37.039
1768495943.5095675,52.271
1768495943.6119637,36.349
1768495943.7174785,38.321
1768495943.8197186,46.762
1768495943.922081,37.905
1768495944.0243196,37.434
1768495944.1265655,49.878
1768495944.228904,37.018
1768495944.331309,40.467
1768495944.4336596,43.668
1768495944.5359235,34.988
1768495944.642057,52.039
1768495944.7443943,39.482
1768495944.8472068,47.844
1768495944.949622,34.297
1768495945.0519695,47.184
1768495945.1540625,40.195
1768495945.2565424,38.321
1768495945.358756,48.954
1768495945.463254,34.475
1768495945.5656896,38.617
1768495945.6680102,48.728
1768495945.7702374,38.989
1768495945.8725157,35.58
1768495945.9748645,49.78
1768495946.0770946,39.505
1768495946.1793811,36.743
1768495946.281786,47.872
1768495946.384028,33.804
1768495946.4902067,45.341
1768495946.5925355,40.172
1768495946.6959403,37.828
1768495946.798297,35.185
1768495946.900589,47.352
1768495947.0029237,41.699
1768495947.105838,34.889
1768495947.2081351,41.256
1768495947.3150263,46.227
1768495947.4178097,34.495
1768495947.5216343,43.471
1768495947.6239595,38.003
1768495947.726382,40.172
1768495947.8286839,43.424
1768495947.930948,34.297
1768495948.0333116,47.282
1768495948.139273,38.496
1768495948.241732,36.645
1768495948.3441424,47.97
1768495948.446697,34.001
1768495948.5491982,41.995
1768495948.6518471,37.708
1768495948.754227,39.58
1768495948.8565485,44.554
1768495948.96299,54.037
1768495949.0656953,39.632
1768495949.1679628,35.876
1768495949.2701821,49.19
1768495949.3725817,38.2
1768495949.4747639,38.2
1768495949.577134,44.186
1768495949.6795216,35.087
1768495949.7850125,45.171
1768495949.8873684,40.073
1768495949.989683,35.856
1768495950.091918,46.467
1768495950.1942425,40.172
1768495950.296626,37.729
1768495950.3989584,48.63
1768495950.5013912,34.396
1768495950.6036892,44.679
1768495950.7091625,39.557
1768495950.8115044,37.434
1768495950.9140391,51.517
1768495951.0164158,34.179
1768495951.1186993,40.664
1768495951.220919,47.605
1768495951.3231463,34.889
1768495951.4255326,48.728
1768495951.5279508,40.664
1768495951.6335413,37.039
1768495951.743684,46.987
1768495951.8461735,34.199
1768495951.9485083,44.357
1768495952.050759,38.792
1768495952.1531231,37.729
1768495952.258858,38.595
1768495952.3612611,38.617
1768495952.4636643,43.274
1768495952.566289,33.902
1768495952.6691148,50.135
1768495952.7716699,37.412
1768495952.8740659,38.025
1768495952.9763057,45.145
1768495953.0837293,48.364
1768495953.18594,37.532
1768495953.288204,38.595
1768495953.3906286,42.61
1768495953.4929636,34.1
1768495953.595224,43.694
1768495953.697552,41.01
1768495953.7997808,35.481
1768495953.9020386,46.326
1768495954.0089765,42.636
1768495954.1113105,35.56
1768495954.213808,53.611
1768495954.3163168,33.606
1768495954.4188144,42.512
1768495954.521184,47.113
1768495954.6235323,34.199
1768495954.72576,41.921
1768495954.8315454,43.963
1768495954.9339476,34.988
1768495955.0364466,49.711
1768495955.1389036,38.617
1768495955.2415802,36.764
1768495955.3439028,50.596
1768495955.4464304,35.56
1768495955.5503438,36.94
1768495955.6566033,46.495
1768495955.7640333,37.927
1768495955.866468,36.645
1768495955.968721,47.184
1768495956.0709298,33.902
1768495956.173301,41.724
1768495956.279466,41.822
1768495956.381754,34.791
1768495956.4843209,39.58
1768495956.5867848,35.383
1768495956.6890748,51.186
1768495956.7917376,38.321
1768495956.894294,38.913
1768495956.9966278,37.138
1768495957.1018329,35.383
1768495957.2047791,50.793
1768495957.306998,37.138
1768495957.4092422,39.186
1768495957.5115104,41.65
1768495957.61374,34.1
1768495957.715994,40.861
1768495957.8181438,44.088
1768495957.9204755,33.606
1768495958.022805,43.595
1768495958.1284943,37.631
1768495958.230845,37.039
1768495958.3332696,45.341
1768495958.4356601,34.001
1768495958.538036,49.053
1768495958.6404057,33.014
1768495958.7428129,40.861
1768495958.8451319,40.294
1768495958.9475424,34.889
1768495959.0532491,51.579
1768495959.1555278,38.102
1768495959.2578232,35.778
1768495959.3606417,47.352
1768495959.4630327,39.284
1768495959.5654905,34.692
1768495959.6679258,49.348
1768495959.770467,33.033
1768495959.8761215,42.216
1768495959.9798694,40.861
1768495960.0823414,34.297
1768495960.1846604,48.196
1768495960.287117,32.817
1768495960.3894122,39.186
1768495960.4918222,40.369
1768495960.59433,34.1
1768495960.6967611,46.719
1768495960.8033617,36.447
1768495960.9057503,36.94
1768495961.0080817,45.44
1768495961.1105466,33.409
1768495961.2130785,44.456
1768495961.3153782,37.927
1768495961.4179673,35.284
1768495961.5205054,50.105
1768495961.6229174,38.047
1768495961.7284355,45.315
1768495961.8308918,34.593
1768495961.9330988,38.124
1768495962.0355732,46.495
1768495962.137835,33.508
1768495962.2401302,40.566
1768495962.3423595,41.059
1768495962.444808,34.593
1768495962.5472383,45.046
1768495962.6535485,46.058
1768495962.7558873,34.001
1768495962.858208,42.537
1768495962.960596,40.96
1768495963.0629146,35.876
1768495963.1653922,53.906
1768495963.2677372,38.89
1768495963.3701339,37.236
1768495963.4725184,45.538
1768495963.5778744,34.495
1768495963.68015,45.708
1768495963.7824895,38.003
1768495963.8848956,39.11
1768495963.987403,45.341
1768495964.0898814,34.495
1768495964.1927605,44.849
1768495964.2951024,40.317
1768495964.3973472,35.778
1768495964.5061855,48.827
1768495964.608694,33.705
1768495964.7110116,40.073
1768495964.813511,44.16
1768495964.915986,34.396
1768495965.0183012,45.834
1768495965.1205885,33.409
1768495965.2231565,38.518
1768495965.3275197,39.777
1768495965.4300628,37.554
1768495965.5324113,37.236
1768495965.634727,45.878
1768495965.7371466,34.297
1768495965.839628,40.763
1768495965.9419599,41.65
1768495966.0442784,33.705
1768495966.146586,46.03
1768495966.2523348,35.778
1768495966.3549383,46.397
1768495966.4571896,33.804
1768495966.5596168,40.566
1768495966.661726,32.144
1768495966.764071,46.593
1768495966.8663714,36.349
1768495966.9685504,36.743
1768495967.0707016,44.233
1768495967.1769023,33.804
1768495967.279266,38.89
1768495967.3816888,44.062
1768495967.4839365,34.199
1768495967.5862687,41.157
1768495967.6885056,48.63
1768495967.790928,33.705
1768495967.8932176,39.012
1768495967.9956093,49.151
1768495968.1016905,38.617
1768495968.2046132,37.116
1768495968.3069966,47.549
1768495968.4092877,33.804
1768495968.5116985,39.777
1768495968.613874,47.212
1768495968.7160895,34.593
1768495968.8198855,45.145
1768495968.9262264,40.321
1768495969.0284765,35.58
1768495969.1308699,53.644
1768495969.233044,33.784
1768495969.3353724,41.551
1768495969.4377851,41.822
1768495969.5400448,35.284
1768495969.6423514,50.036
1768495969.7447715,33.606
1768495969.8496678,46.298
1768495969.9519773,34.396
1768495970.0542512,37.039
1768495970.1567593,46.397
1768495970.259116,33.014
1768495970.3613696,42.019
1768495970.4636352,40.369
1768495970.5659714,34.988
1768495970.6683517,39.087
1768495970.7748163,37.335
1768495970.8771694,46.397
1768495970.979445,33.508
1768495971.0818923,39.209
1768495971.1841972,49.416
1768495971.2865446,37.828
1768495971.3888538,37.215
1768495971.4911885,48.503
1768495971.598272,37.609
1768495971.700526,37.905
1768495971.8029773,47.999
1768495971.9051824,37.51
1768495972.0074978,37.412
1768495972.1099439,49.122
1768495972.2123764,33.527
1768495972.314663,43.694
1768495972.4169946,37.806
1768495972.5228546,40.05
1768495972.6252334,33.113
1768495972.7275045,48.098
1768495972.8305194,33.409
1768495972.9330754,40.838
1768495973.0371277,39.777
1768495973.1393387,35.757
1768495973.2416332,47.535
1768495973.34674,33.132
1768495973.4489913,43.176
1768495973.551278,38.693
1768495973.6536622,34.692
1768495973.7560046,47.577
1768495973.8582761,33.132
1768495973.9605293,40.27
1768495974.0627868,42.807
1768495974.1653419,35.383
1768495974.270514,52.825
1768495974.3728652,33.804
1768495974.4751496,42.118
1768495974.577516,45.538
1768495974.6798773,34.1
1768495974.7823517,43.937
1768495974.8848734,45.046
1768495974.9872131,48.757
1768495975.0895576,38.397
1768495975.1942718,37.434
1768495975.2966511,46.818
1768495975.3991332,35.284
1768495975.5016913,45.243
1768495975.6040666,34.889
1768495975.706383,49.839
1768495975.808819,37.85
1768495975.911077,36.546
1768495976.0133018,51.481
1768495976.119839,37.215
1768495976.2221854,35.876
1768495976.3244777,44.849
1768495976.426899,32.934
1768495976.5291884,38.792
1768495976.6316319,44.554
1768495976.7339907,39.876
1768495976.8362975,37.609
1768495976.9386647,38.025
1768495977.044768,47.184
1768495977.1472094,33.705
1768495977.2499917,40.96
1768495977.3524826,37.905
1768495977.4559467,38.223
1768495977.5583267,42.192
1768495977.6606526,36.25
1768495977.7671344,39.11
1768495977.8696153,37.434
1768495977.972253,44.528
1768495978.0746553,34.495
1768495978.1772141,50.399
1768495978.2796311,37.631
1768495978.38237,38.42
1768495978.484798,41.625
1768495978.5910144,34.791
1768495978.6933699,45.019
1768495978.7961483,38.124
1768495978.8984995,37.236
1768495979.001258,41.527
1768495979.1035318,34.692
1768495979.206356,36.722
1768495979.3088627,41.034
1768495979.4154665,38.814
1768495979.5178814,35.679
1768495979.6201534,44.456
1768495979.7225025,33.033
1768495979.8250012,42.881
1768495979.927401,38.496
1768495980.029667,36.447
1768495980.1320364,43.694
1768495980.2392058,33.804
1768495980.3415778,49.544
1768495980.4440563,37.138
1768495980.546376,38.223
1768495980.6488354,41.625
1768495980.751237,34.495
1768495980.8537004,45.046
1768495980.9560463,33.527
1768495981.058768,42.413
1768495981.1634731,40.542
1768495981.2664135,34.297
1768495981.3688858,49.485
1768495981.471537,35.658
1768495981.57422,38.595
1768495981.6765287,44.626
1768495981.7789662,33.804
1768495981.8813577,47.675
1768495981.9873328,38.518
1768495982.0896711,36.842
1768495982.191923,45.976
1768495982.2942536,33.212
1768495982.3967671,40.664
1768495982.4991887,45.834
1768495982.601557,34.199
1768495982.7040975,40.172
1768495982.8064597,43.963
1768495982.9113867,34.791
1768495983.0138938,52.955
1768495983.1163185,36.919
1768495983.2186697,38.89
1768495983.3211908,47.31
1768495983.423684,47.113
1768495983.526886,40.247
1768495983.6292465,35.975
1768495983.7345822,49.682
1768495983.8368871,37.806
1768495983.9392245,37.434
1768495984.041473,47.24
1768495984.143774,33.902
1768495984.246169,39.186
1768495984.348546,44.062
1768495984.450802,33.705
1768495984.553371,43.865
1768495984.6586788,43.128
1768495984.7609818,34.396
1768495984.863384,43.373
1768495984.965892,42.34
1768495985.0682187,34.791
1768495985.1704886,45.171
1768495985.2728808,44.357
1768495985.3751495,35.757
1768495985.4779127,51.512
1768495985.5833879,34.1
1768495985.6856723,40.27
1768495985.788014,45.806
1768495985.891493,34.396
1768495985.9936922,44.383
1768495986.0959065,41.798
1768495986.198248,35.58
1768495986.3004835,46.397
1768495986.4029584,38.003
1768495986.5078135,46.227
1768495986.6101658,37.708
1768495986.7125437,39.777
1768495986.8150718,35.383
1768495986.9173374,50.006
1768495987.0196588,34.1
1768495987.121991,44.948
1768495987.2242622,41.059
1768495987.326866,33.804
1768495987.4318159,47.97
1768495987.5341277,37.335
1768495987.6365407,37.434
1768495987.7389097,42.019
1768495987.8413007,34.1
1768495987.9437926,36.962
1768495988.0461283,36.447
1768495988.148353,45.216
1768495988.2505114,32.718
1768495988.3557384,43.497
1768495988.4584467,36.426
1768495988.5609405,38.124
1768495988.6633823,39.754
1768495988.7657785,35.284
1768495988.8681533,44.849
1768495988.9705045,33.31
1768495989.0729852,43.891
1768495989.1753469,36.94
1768495989.2807877,37.532
1768495989.3831327,42.388
1768495989.4854877,34.593
1768495989.587911,43.963
1768495989.6902127,35.954
1768495989.7924933,41.33
1768495989.894956,38.025
1768495989.9975097,35.185
1768495990.0997126,47.38
1768495990.2045083,32.737
1768495990.3133163,39.974
1768495990.415749,37.828
1768495990.519711,35.087
1768495990.6220977,45.735
1768495990.7295008,32.737
1768495990.8318763,44.849
1768495990.934129,37.215
1768495991.036924,34.988
1768495991.1393044,45.637
1768495991.2416575,32.737
1768495991.3440938,38.814
1768495991.4465513,42.61
1768495991.5527687,32.934
1768495991.6551652,40.763
1768495991.7574406,42.118
1768495991.8599155,34.988
1768495991.962299,37.51
1768495992.0653234,38.913
1768495992.1675093,46.467
1768495992.269733,33.606
1768495992.3720841,42.118
1768495992.47705,43.274
1768495992.5794473,34.001
1768495992.6818073,48.925
1768495992.7841728,33.212
1768495992.8865275,52.071
1768495992.9888222,33.409
1768495993.091213,40.936
1768495993.1935644,45.046
1768495993.29596,33.902
1768495993.4016883,46.227
1768495993.504033,39.209
1768495993.6064794,34.593
1768495993.7087722,44.652
1768495993.8111303,38.518
1768495993.9134853,35.284
1768495994.0158179,48.757
1768495994.118154,37.532
1768495994.22052,36.349
1768495994.326867,49.908
1768495994.4293702,34.751
1768495994.5379095,37.631
1768495994.6402085,45.637
1768495994.7425401,34.396
1768495994.8449268,38.397
1768495994.9504783,40.247
1768495995.0528815,34.199
1768495995.1551683,42.979
1768495995.2573862,42.807
1768495995.3596332,34.495
1768495995.462023,50.46
1768495995.5643024,37.883
1768495995.6666665,35.856
1768495995.7688708,48.728
1768495995.874052,37.434
1768495995.9765172,37.631
1768495996.0789485,47.155
1768495996.181319,33.508
1768495996.2836463,46.987
1768495996.3861248,34.001
1768495996.4883223,44.134
1768495996.5905066,43.078
1768495996.6926594,42.807
1768495996.7990143,38.124
1768495996.901432,37.434
1768495997.0036218,51.088
1768495997.1059673,37.806
1768495997.2084134,38.025
1768495997.3106945,51.677
1768495997.4131536,33.804
1768495997.5154324,41.33
1768495997.62172,36.567
1768495997.7239513,44.823
1768495997.8261874,33.705
1768495997.9284854,49.613
1768495998.0307474,39.406
1768495998.133615,36.349
1768495998.2359543,46.593
1768495998.3381839,32.737
1768495998.4406095,40.172
1768495998.5546684,46.621
1768495998.6572483,37.631
1768495998.7594402,37.138
1768495998.862041,48.532
1768495998.9642322,33.705
1768495999.0698574,39.012
1768495999.1721632,47.31
1768495999.2746022,33.705
1768495999.3769395,39.307
1768495999.4792511,46.719
1768495999.5816011,34.1
1768495999.6839287,38.102
1768495999.7862773,47.844
1768495999.8886435,34.692
1768495999.9945457,43.792
1768496000.09678,43.595
1768496000.1990142,35.856
1768496000.3011796,37.708
1768496000.4033768,41.527
1768496000.5055692,40.27
1768496000.607814,36.349
1768496000.7100844,52.071
1768496000.8122134,39.087
1768496000.9178762,38.321
1768496001.0201247,50.664
1768496001.1224155,38.693
1768496001.2247348,38.617
1768496001.3271034,50.528
1768496001.4294155,34.692
1768496001.5319443,40.739
1768496001.6342523,49.023
1768496001.7405448,35.087
1768496001.8428295,38.321
1768496001.9451187,49.092
1768496002.0473428,37.532
1768496002.1498866,39.679
1768496002.252202,48.167
1768496002.3543909,33.804
1768496002.4567075,41.65
1768496002.559269,44.357
1768496002.6655042,35.185
1768496002.7689953,48.364
1768496002.8712995,38.102
1768496002.9736528,37.631
1768496003.0758843,48.63
1768496003.1783042,33.804
1768496003.280568,38.693
1768496003.3828022,46.156
1768496003.489523,35.658
1768496003.591805,51.807
1768496003.694147,39.284
1768496003.7965777,36.074
1768496003.8988886,49.711
1768496004.0011973,40.566
1768496004.1034846,35.383
1768496004.2061076,49.416
1768496004.3084831,39.406
1768496004.4133525,36.447
1768496004.5156498,46.271
1768496004.61788,42.241
1768496004.721627,45.216
1768496004.8237593,33.902
1768496004.926117,40.345
1768496005.028346,47.535
1768496005.130493,33.902
1768496005.232718,38.693
1768496005.3373475,50.399
1768496005.4395528,34.297
1768496005.5419376,54.037
1768496005.6442015,34.692
1768496005.746541,49.839
1768496005.8490252,39.656
1768496005.9513035,37.631
1768496006.0536926,49.682
1768496006.1559458,34.297
1768496006.2582626,43.201
1768496006.3632028,44.948
1768496006.4654872,38.913
1768496006.5679772,48.925
1768496006.670131,34.1
1768496006.7725577,43.668
1768496006.8749158,34.791
1768496006.9775925,46.987
1768496007.0798993,41.354
1768496007.1863892,34.297
1768496007.2913556,42.044
1768496007.393679,46.003
1768496007.495903,34.199
1768496007.5983288,47.97
1768496007.7006013,33.606
1768496007.802902,39.11
1768496007.9053638,46.495
1768496008.0076535,34.199
1768496008.1098714,45.145
1768496008.215286,38.716
1768496008.3176327,37.039
1768496008.419905,46.227
1768496008.5225844,34.791
1768496008.6248949,50.233
1768496008.7272797,39.603
1768496008.8296697,35.264
1768496008.9319584,49.249
1768496009.0344336,34.199
1768496009.1408272,50.725
1768496009.2431767,38.08
1768496009.3456192,49.348
1768496009.4480457,37.828
1768496009.5503716,37.138
1768496009.652681,44.823
1768496009.754976,33.31
1768496009.8571007,37.828
1768496009.95943,47.085
1768496010.0628295,34.1
1768496010.1651845,43.891
1768496010.267536,41.256
1768496010.369824,34.889
1768496010.472041,51.057
1768496010.5743644,37.861
1768496010.6767375,37.434
1768496010.7792015,46.861
1768496010.8815532,33.705
1768496010.9840174,39.58
1768496011.089425,44.088
1768496011.191802,34.889
1768496011.2940571,50.233
1768496011.3964846,38.89
1768496011.4988441,38.124
1768496011.6016228,47.802
1768496011.703918,34.001
1768496011.8080373,44.186
1768496011.914472,41.748
1768496012.0167758,34.199
1768496012.1190927,47.97
1768496012.2213326,38.124
1768496012.323721,42.241
1768496012.426013,43.767
1768496012.5284672,33.804
1768496012.6309135,42.044
1768496012.7333584,45.511
1768496012.8381517,33.508
1768496012.9405212,37.335
1768496013.0428054,50.535
1768496013.1451304,38.496
1768496013.2474926,37.138
1768496013.3497827,49.583
1768496013.452064,34.968
1768496013.5543208,38.102
1768496013.6566439,52.695
1768496013.761596,40.566
1768496013.8639607,40.664
1768496013.9668295,45.538
1768496014.0690231,35.383
1768496014.171351,46.987
1768496014.2735255,41.181
1768496014.375984,36.546
1768496014.4781737,49.878
1768496014.5803876,39.065
1768496014.686409,36.94
1768496014.7887619,52.66
1768496014.891265,33.705
1768496014.9936774,41.65
1768496015.096309,39.777
1768496015.1987238,36.567
1768496015.3010073,49.613
1768496015.4034064,32.934
1768496015.5099344,40.739
1768496015.6129174,44.233
1768496015.7153237,33.902
1768496015.8178985,41.231
1768496015.9202847,43.398
1768496016.0259583,33.804
1768496016.1295617,50.036
1768496016.2353082,37.609
1768496016.3374896,35.856
1768496016.4398906,39.801
1768496016.5421822,37.434
1768496016.645066,41.822
1768496016.7475204,38.792
1768496016.8498712,34.968
1768496016.9522035,39.284
1768496017.0577762,46.719
1768496017.1600676,34.297
1768496017.262401,47.774
1768496017.3650067,39.087
1768496017.4672332,35.481
1768496017.569581,48.659
1768496017.671939,33.705
1768496017.774137,40.148
1768496017.8763707,46.593
1768496017.9812837,40.27
1768496018.084754,46.156
1768496018.1868794,33.606
1768496018.2891338,42.34
1768496018.3913126,43.3
1768496018.4935088,34.791
1768496018.5956764,47.507
1768496018.6980507,39.482
1768496018.8003016,35.975
1768496018.905619,52.267
1768496019.0079443,37.018
1768496019.1104178,39.087
1768496019.2128172,44.088
1768496019.3150766,34.593
1768496019.4174256,48.561
1768496019.5199065,37.981
1768496019.6229923,37.532
1768496019.7299216,49.279
1768496019.832287,34.001
1768496019.9346519,41.453
1768496020.0372167,44.974
1768496020.1395905,35.087
1768496020.2431118,48.59
1768496020.3456404,37.708
1768496020.4479587,35.757
1768496020.5537314,47.647
1768496020.65625,33.291
1768496020.7587047,40.936
1768496020.8612409,42.734
1768496020.963767,34.001
1768496021.0661094,47.802
1768496021.1685038,38.716
1768496021.2707667,35.284
1768496021.3770704,50.301
1768496021.479518,33.784
1768496021.5821478,38.321
1768496021.6844778,44.849
1768496021.7870574,33.804
1768496021.8895535,40.467
1768496021.9920897,40.912
1768496022.094657,33.902
1768496022.2019966,33.014
1768496022.3041964,41.354
1768496022.4063528,39.186
1768496022.5085433,35.461
1768496022.6108222,45.315
1768496022.7131143,34.495
1768496022.8152373,37.631
1768496022.9177787,44.357
1768496023.020225,33.804
1768496023.125208,47.507
1768496023.227685,36.743
1768496023.3302085,38.496
1768496023.4326656,38.299
1768496023.5349653,35.679
1768496023.6372845,46.102
1768496023.739875,33.231
1768496023.8424094,41.256
1768496023.9447677,38.223
1768496024.051753,35.383
1768496024.1541095,44.259
1768496024.256837,33.428
1768496024.359751,43.004
1768496024.4623399,37.828
1768496024.5647113,34.791
1768496024.6671793,52.071
1768496024.7696474,37.806
1768496024.8748848,36.546
1768496024.977307,46.326
1768496025.0800478,33.31
1768496025.1825352,42.216
1768496025.2852054,40.861
1768496025.3875966,33.902
1768496025.4899914,50.233
1768496025.5925562,37.335
1768496025.699133,37.434
1768496025.8016856,44.456
1768496025.9039774,33.508
1768496026.0064995,40.763
1768496026.108877,38.89
1768496026.2115219,35.56
1768496026.313873,45.511
1768496026.416322,34.968
1768496026.5227664,40.467
1768496026.6248305,33.804
1768496026.72708,37.236
1768496026.8293397,36.271
1768496026.9317274,45.511
1768496027.0339692,34.396
1768496027.1361353,37.532
1768496027.2384055,47.085
1768496027.3406336,33.489
1768496027.4427776,37.039
1768496027.547619,46.916
1768496027.649911,33.804
1768496027.7521691,41.428
1768496027.8545566,44.456
1768496027.9567432,33.804
1768496028.059136,38.792
1768496028.1614153,46.03
1768496028.2638698,34.001
1768496028.3662708,44.652
1768496028.4718206,37.236
1768496028.574261,39.383
1768496028.6765893,45.834
1768496028.779267,33.804
1768496028.8815947,40.936
1768496028.9840271,39.853
1768496029.086251,33.705
1768496029.18843,47.605
1768496029.290651,37.138
1768496029.3956175,36.349
1768496029.497931,44.652
1768496029.6002355,33.409
1768496029.7025247,38.913
1768496029.8049219,46.861
1768496029.9072242,33.409
1768496030.0096257,38.518
1768496030.1119049,46.987
1768496030.2140903,34.199
1768496030.3203268,37.434
1768496030.4225984,51.548
1768496030.5249183,34.001
1768496030.6272414,53.152
1768496030.7296586,39.853
1768496030.8318813,36.764
1768496030.9342005,51.874
1768496031.0365772,38.693
1768496031.138835,37.729
1768496031.2440674,34.791
1768496031.3462374,44.186
1768496031.4483821,39.186
1768496031.550664,36.743
1768496031.6529005,48.404
1768496031.7551117,34.593
1768496031.8574023,48.896
1768496031.9595783,38.223
1768496032.061767,37.039
1768496032.1639278,46.916
1768496032.2688637,33.291
1768496032.3712726,37.236
1768496032.4734774,46.692
1768496032.5758586,33.606
1768496032.6782162,38.989
1768496032.7806153,47.155
1768496032.8829017,38.003
1768496032.9851427,37.215
1768496033.0875838,47.704
1768496033.1934452,34.1
1768496033.2958002,39.482
1768496033.3983164,43.694
1768496033.5010424,34.791
1768496033.603315,48.069
1768496033.705574,39.482
1768496033.8078616,35.185
1768496033.9101114,46.03
1768496034.0123162,40.912
1768496034.117516,35.185
1768496034.219973,51.843
1768496034.322237,38.124
1768496034.424677,36.645
1768496034.5270274,50.86
1768496034.629348,38.42
1768496034.7317388,37.335
1768496034.8340642,51.088
1768496034.9363768,34.001
1768496035.0423114,40.763
1768496035.144734,43.989
1768496035.247115,34.988
1768496035.3495467,45.44
1768496035.452073,40.936
1768496035.5545206,35.362
1768496035.6567876,48.433
1768496035.7592623,40.294
1768496035.8617268,46.424
1768496035.9694328,38.814
1768496036.0717504,41.453
1768496036.1742728,41.404
1768496036.2766688,34.593
1768496036.3789809,47.745
1768496036.481355,34.396
1768496036.5836148,51.548
1768496036.6858637,32.836
1768496036.7917888,39.656
1768496036.8940918,34.889
1768496036.9963741,47.745
1768496037.0987391,35.757
1768496037.201041,36.842
1768496037.3033605,51.941
1768496037.4057677,38.989
1768496037.5085757,40.073
1768496037.6108623,38.89
1768496037.7187061,38.518
1768496037.8212335,44.285
1768496037.9236288,35.284
1768496038.0260155,46.003
1768496038.129573,41.822
1768496038.231965,35.856
1768496038.3343015,48.63
1768496038.4370108,33.902
1768496038.542042,43.274
1768496038.6443534,37.138
1768496038.747044,39.087
1768496038.8495247,38.595
1768496038.9519212,44.554
1768496039.0545113,35.383
1768496039.1569462,43.398
1768496039.259433,33.705
1768496039.3652973,46.621
1768496039.4677522,38.321
1768496039.5701156,37.236
1768496039.6725178,43.398
1768496039.775113,33.31
1768496039.8775957,43.668
1768496039.9801044,34.199
1768496040.0826435,48.659
1768496040.18515,42.413
1768496040.2912776,37.729
1768496040.3936415,36.37
1768496040.4961963,46.129
1768496040.5986755,33.527
1768496040.7010493,44.285
1768496040.8035328,38.913
1768496040.9060144,35.778
1768496041.0083563,47.549
1768496041.1107516,33.31
1768496041.215372,48.925
1768496041.3177705,38.178
1768496041.4200575,36.053
1768496041.5224457,49.289
1768496041.6247835,39.406
1768496041.7277517,36.645
1768496041.830215,52.204
1768496041.9325142,39.262
1768496042.0348756,36.546
1768496042.1406453,53.349
1768496042.242885,38.89
1768496042.3453522,36.94
1768496042.4488626,51.579
1768496042.5511863,33.705
1768496042.6535811,38.89
1768496042.7559166,46.762
1768496042.858286,34.001
1768496042.96336,43.668
1768496043.065939,40.566
1768496043.1682932,36.271
1768496043.2706988,50.301
1768496043.3730106,32.817
1768496043.4754097,40.467
1768496043.5777173,40.936
1768496043.6801436,34.495
1768496043.7825825,43.642
1768496043.8880253,38.913
1768496043.9903085,36.349
1768496044.092517,46.003
1768496044.1947713,36.172
1768496044.2970552,36.94
1768496044.3998623,47.409
1768496044.502341,34.1
1768496044.604684,41.625
1768496044.70761,35.658
1768496044.8110576,52.204
1768496044.913773,34.001
1768496045.0161889,45.538
1768496045.1188235,34.1
1768496045.2210996,41.133
1768496045.3235114,41.503
1768496045.425991,35.975
1768496045.528277,47.057
1768496045.6308267,34.396
1768496045.7371106,43.668
1768496045.839541,43.3
1768496045.941828,35.185
1768496046.044192,46.818
1768496046.1467054,37.335
1768496046.2490985,36.546
1768496046.3513198,50.301
1768496046.4538093,33.606
1768496046.5561619,47.113
1768496046.6609485,38.321
1768496046.7650309,45.878
1768496046.8673646,34.791
1768496046.9698143,49.869
1768496047.0721335,34.692
1768496047.1745327,44.212
1768496047.2768712,38.769
1768496047.3790357,36.25
1768496047.4853249,49.878
1768496047.5876672,37.905
1768496047.6902597,36.842
1768496047.7926555,46.664
1768496047.894889,36.468
1768496047.997173,38.792
1768496048.0995617,46.495
1768496048.2018461,34.593
1768496048.3040826,47.31
1768496048.4088197,39.383
1768496048.5111513,37.434
1768496048.613427,47.015
1768496048.715917,34.396
1768496048.8182936,43.792
1768496048.9206092,43.398
1768496049.0229573,43.989
1768496049.1251984,41.306
1768496049.227486,35.185
1768496049.3320737,50.989
1768496049.4343069,38.518
1768496049.536657,36.94
1768496049.6389494,49.682
1768496049.7413495,38.2
1768496049.843757,36.743
1768496049.946238,46.888
1768496050.0487578,33.31
1768496050.15111,39.58
1768496050.2565393,48.491
1768496050.358954,33.31
1768496050.461294,39.505
1768496050.5642207,47.085
1768496050.6666,33.705
1768496050.7692273,41.256
1768496050.871601,44.652
1768496050.973824,34.1
1768496051.076116,50.43
1768496051.181595,37.729
1768496051.2839875,38.595
1768496051.3862586,46.003
1768496051.4885545,33.804
1768496051.59096,48.994
1768496051.6933897,38.792
1768496051.795782,35.087
1768496051.898037,45.243
1768496052.0002406,41.453
1768496052.1066046,34.199
1768496052.2089617,42.315
1768496052.3112483,46.227
1768496052.4135635,35.165
1768496052.5159152,37.828
1768496052.6182253,48.983
1768496052.7205896,37.631
1768496052.822933,36.842
1768496052.9252,48.393
1768496053.0296624,39.603
1768496053.132076,36.743
1768496053.2343137,52.138
1768496053.3367863,38.837
1768496053.4392328,37.039
1768496053.5419865,49.878
1768496053.6442807,39.383
1768496053.7478716,51.843
1768496053.8501391,37.905
1768496053.9526732,38.792
1768496054.0581532,49.348
1768496054.160741,34.396
1768496054.2629838,40.641
1768496054.3656316,46.003
1768496054.4681854,33.606
1768496054.570889,38.89
1768496054.673414,47.507
1768496054.7758064,33.113
1768496054.8830504,40.664
1768496054.9856975,46.664
1768496055.0881178,33.804
1768496055.1905718,40.542
1768496055.2929957,46.369
1768496055.400037,33.212
1768496055.507335,39.876
1768496055.6096742,46.593
1768496055.7120025,35.087
1768496055.8144472,37.905
1768496055.9169042,52.759
1768496056.0192487,40.467
1768496056.1215312,35.284
1768496056.2239583,46.523
1768496056.3300111,41.822
1768496056.4324908,34.988
1768496056.5349784,51.383
1768496056.6382132,39.087
1768496056.7406213,39.974
1768496056.8429766,34.199
1768496056.9453225,39.853
1768496057.0476418,47.844
1768496057.1536374,34.495
1768496057.256003,43.792
1768496057.358211,47.774
1768496057.4606466,34.495
1768496057.5628958,42.044
1768496057.6666772,35.284
1768496057.7688708,47.184
1768496057.8711011,39.36
1768496057.9767654,36.053
1768496058.078905,53.12
1768496058.1811981,33.132
1768496058.2835183,41.625
1768496058.3857346,39.951
1768496058.488158,35.58
1768496058.5903943,49.318
1768496058.6926908,33.902
1768496058.795159,45.046
1768496058.897477,43.373
1768496059.0025487,34.396
1768496059.1048167,41.798
1768496059.2070782,41.527
1768496059.3093631,36.172
1768496059.4122288,46.129
1768496059.514495,45.806
1768496059.6170545,34.396
1768496059.7197883,39.876
1768496059.82674,47.549
1768496059.9290934,39.656
1768496060.031395,35.778
1768496060.1338267,47.409
1768496060.2361662,34.297
1768496060.3385227,51.124
1768496060.440966,36.645
1768496060.5435739,38.321
1768496060.651037,44.554
1768496060.7534783,33.804
1768496060.8561203,38.792
1768496060.9583957,47.774
1768496061.0608969,36.525
1768496061.163225,38.617
1768496061.2655723,45.019
1768496061.3679738,33.606
1768496061.4744084,37.828
1768496061.57669,46.692
1768496061.6790488,33.705
1768496061.7815425,40.838
1768496061.884109,33.902
1768496061.9865415,44.134
1768496062.088802,33.033
1768496062.1911092,34.297
1768496062.2932217,43.004
1768496062.3990185,34.297
1768496062.5013154,43.963
1768496062.6035712,37.806
1768496062.7060056,35.481
1768496062.8083124,47.282
1768496062.9106445,40.444
1768496063.012913,35.975
1768496063.1153328,50.793
1768496063.2176163,38.42
1768496063.322277,37.039
1768496063.424672,53.709
1768496063.527078,41.133
1768496063.630023,36.743
1768496063.7323616,51.972
1768496063.8349795,38.814
1768496063.937432,39.383
1768496064.0397475,49.122
1768496064.1455545,34.297
1768496064.247913,42.709
1768496064.3501518,42.487
1768496064.4525378,34.988
1768496064.554858,41.034
1768496064.6571765,44.823
1768496064.7595377,34.593
1768496064.861876,39.284
1768496064.9642043,50.135
1768496065.0698352,38.868
1768496065.172152,37.434
1768496065.274402,47.184
1768496065.3766468,33.902
1768496065.479071,42.241
1768496065.5814753,42.093
1768496065.683755,34.692
1768496065.786253,46.102
1768496065.8886664,38.814
1768496065.9949002,36.25
1768496066.097274,46.959
1768496066.1997795,34.297
1768496066.302287,38.397
1768496066.4051838,39.087
1768496066.5075147,43.767
1768496066.6096346,34.199
1768496066.7118425,37.236
1768496066.8140724,37.236
1768496066.9193132,46.003
1768496067.0217798,32.836
1768496067.1240988,39.777
1768496067.2263849,46.719
1768496067.328794,37.532
1768496067.431222,38.003
1768496067.5335083,41.059
1768496067.6358879,35.383
1768496067.7382848,50.566
1768496067.8442364,33.014
1768496067.9464989,39.557
1768496068.0494442,40.566
1768496068.1518178,35.383
1768496068.2561567,46.495
1768496068.3586564,41.33
1768496068.4610922,34.396
1768496068.5633597,48.503
1768496068.6683898,38.397
1768496068.7708492,38.299
1768496068.8731508,43.57
1768496068.9754245,34.396
1768496069.0779305,50.203
1768496069.1802619,32.934
1768496069.2826514,40.345
1768496069.3849785,43.471
1768496069.4875622,34.297
1768496069.5926514,49.318
1768496069.6951675,33.409
1768496069.79747,41.625
1768496069.8998175,44.233
1768496070.0026555,34.1
1768496070.1048992,43.471
1768496070.2072647,39.603
1768496070.3096528,35.856
1768496070.4161553,52.892
1768496070.518587,37.806
1768496070.6210003,43.937
1768496070.724334,34.791
1768496070.8265998,45.976
1768496070.9288151,39.853
1768496071.0310512,35.461
1768496071.1333427,50.664
1768496071.2395492,36.94
1768496071.341906,42.241
1768496071.4442928,42.019
1768496071.5466793,35.461
1768496071.649021,50.596
1768496071.7514029,37.828
1768496071.8538957,36.546
1768496071.956272,48.098
1768496072.0589294,33.132
1768496072.1648998,39.876
1768496072.2679245,45.834
1768496072.3702202,36.645
1768496072.4745111,40.739
1768496072.5767558,34.988
1768496072.6789825,47.97
1768496072.7812986,38.693
1768496072.8836155,36.25
1768496072.9880679,46.424
1768496073.090469,34.001
1768496073.1928484,47.577
1768496073.2951703,38.518
1768496073.3974216,35.876
1768496073.4999552,46.397
1768496073.6023545,34.495
1768496073.704718,51.548
1768496073.807057,33.409
1768496073.9124117,43.103
1768496074.0148659,38.08
1768496074.1172142,38.124
1768496074.219695,44.751
1768496074.3220506,34.1
1768496074.4244826,47.085
1768496074.5268214,33.31
1768496074.6292303,42.906
1768496074.7317338,38.397
1768496074.836357,36.151
1768496074.9387176,45.511
1768496075.0410485,40.345
1768496075.143356,40.467
1768496075.2455423,34.199
1768496075.347754,44.429
1768496075.4499621,40.739
1768496075.5521371,35.383
1768496075.654419,45.315
1768496075.7601638,33.409
1768496075.8625405,41.256
1768496075.9649282,41.059
1768496076.0672524,34.495
1768496076.1696374,45.681
1768496076.2720017,35.56
1768496076.3742292,37.631
1768496076.4766912,37.039
1768496076.5789545,37.532
1768496076.6863394,34.672
1768496076.7890427,44.528
1768496076.8939137,35.954
1768496076.9962544,38.223
1768496077.0985577,43.497
1768496077.200782,33.527
1768496077.3031633,39.974
1768496077.410143,45.878
1768496077.5126157,33.132
1768496077.615,39.383
1768496077.7172394,44.429
1768496077.8195589,34.001
1768496077.9218886,44.777
1768496078.0242963,39.876
1768496078.1267023,35.087
1768496078.2329493,47.085
1768496078.3352041,41.822
1768496078.4374928,34.791
1768496078.540086,41.231
1768496078.642487,38.671
1768496078.7448564,36.053
1768496078.847332,51.843
1768496078.9496663,39.065
1768496079.0521193,36.447
1768496079.1575882,51.579
1768496079.2599835,37.927
1768496079.3630152,53.742
1768496079.465146,39.951
1768496079.5675442,37.434
1768496079.6697423,55.708
1768496079.7719162,39.679
1768496079.8741918,38.518
1768496079.9763138,50.468
1768496080.0813792,39.406
1768496080.1836379,39.383
1768496080.2859614,50.468
1768496080.3882039,34.495
1768496080.4905272,44.383
1768496080.592758,42.192
1768496080.6951122,35.679
1768496080.797332,45.932
1768496080.899704,39.702
1768496081.0064735,35.856
1768496081.1136968,45.118
1768496081.2175865,33.409
1768496081.3198922,38.397
1768496081.4221122,47.605
1768496081.524422,32.934
1768496081.6295385,38.89
1768496081.7318535,42.979
1768496081.834699,33.705
1768496081.9369485,41.231
1768496082.039286,42.241
1768496082.141723,35.087
1768496082.2439623,52.66
1768496082.3462327,39.186
1768496082.4486806,36.743
1768496082.5543437,50.535
1768496082.6566832,33.212
1768496082.7590632,36.94
1768496082.861554,52.857
1768496082.9638538,39.209
1768496083.0661895,36.645
1768496083.1685123,41.921
1768496083.271034,35.383
1768496083.3732812,44.456
1768496083.4778233,35.185
1768496083.5816116,48.433
1768496083.6837697,38.124
1768496083.785995,36.447
1768496083.8881433,47.184
1768496083.9904854,33.705
1768496084.0926018,45.932
1768496084.1949344,38.003
1768496084.2971482,36.25
1768496084.402838,43.103
1768496084.5050886,34.199
1768496084.6073787,48.196
1768496084.709787,32.342
1768496084.8121877,41.625
1768496084.914569,40.345
1768496085.0169826,34.199
1768496085.1194053,47.999
1768496085.2217968,38.716
1768496085.324356,35.954
1768496085.4302416,47.97
1768496085.532574,38.814
1768496085.634931,35.876
1768496085.7413163,49.968
1768496085.843676,39.36
1768496085.9458838,35.679
1768496086.0483515,46.621
1768496086.1543798,37.883
1768496086.256785,35.757
1768496086.3590307,49.19
1768496086.4613593,36.743
1768496086.563904,37.609
1768496086.6661968,42.585
1768496086.768695,45.368
1768496086.871062,33.113
1768496086.9771757,41.256
1768496087.0794992,44.062
1768496087.1819134,34.495
1768496087.284189,45.118
1768496087.3866389,40.172
1768496087.48904,35.185
1768496087.591393,44.921
1768496087.693807,41.354
1768496087.7961917,34.297
1768496087.9018521,45.637
1768496088.0049038,33.606
1768496088.1072257,37.631
1768496088.2093813,47.085
1768496088.3116496,33.606
1768496088.4138951,43.595
1768496088.5161636,41.207
1768496088.6183605,34.692
1768496088.7206287,43.989
1768496088.822957,43.989
1768496088.9277163,34.988
1768496089.0300198,45.735
1768496089.1325111,38.496
1768496089.234824,36.842
1768496089.3376675,48.561
1768496089.4400892,39.284
1768496089.5423756,35.876
1768496089.6449685,50.694
1768496089.74754,34.297
1768496089.8521836,38.89
1768496089.954681,49.22
1768496090.057811,33.508
1768496090.1601105,41.551
1768496090.2624314,43.963
1768496090.3648627,34.593
1768496090.467384,43.398
1768496090.5697632,40.566
1768496090.6721115,35.185
1768496090.777396,48.954
1768496090.879865,33.014
1768496090.9822755,42.118
1768496091.0848725,41.65
1768496091.187407,33.804
1768496091.289736,49.22
1768496091.3921044,39.482
1768496091.4945238,33.804
1768496091.5968406,41.601
1768496091.7029302,40.172
1768496091.8054411,35.185
1768496091.9078183,46.2
1768496092.0101955,39.777
1768496092.1124923,35.362
1768496092.2148862,47.352
1768496092.317373,34.001
1768496092.419644,43.004
1768496092.5257895,38.124
1768496092.6281333,43.373
1768496092.7305768,35.856
1768496092.8328495,47.675
1768496092.9351428,33.902
1768496093.037367,41.034
1768496093.13976,38.321
1768496093.2420497,38.913
1768496093.3443289,41.157
1768496093.450571,34.199
1768496093.553118,47.97
1768496093.6554778,35.975
1768496093.7583325,38.693
1768496093.8607802,41.896
1768496093.9631088,34.199
1768496094.0654848,47.015
1768496094.1677895,36.666
1768496094.2756963,38.321
1768496094.3781195,40.861
1768496094.4805176,34.297
1768496094.5828054,48.04
1768496094.6852617,32.737
1768496094.7875795,43.004
1768496094.88979,37.51
1768496094.992173,36.645
1768496095.0979614,45.243
1768496095.2007055,33.606
1768496095.3030372,51.383
1768496095.4053586,32.144
1768496095.5078743,40.369
1768496095.610119,37.434
1768496095.7125523,36.645
1768496095.8149884,42.512
1768496095.9174144,33.033
1768496096.023606,41.946
1768496096.1258495,39.087
1768496096.228122,36.743
1768496096.3304195,43.052
1768496096.4327753,34.791
1768496096.5351775,50.86
1768496096.6373677,34.889
1768496096.7398367,41.65
1768496096.8422182,34.593
1768496096.9446757,43.865
1768496097.0498295,35.876
1768496097.152756,46.003
1768496097.2550282,34.199
1768496097.3571754,44.331
1768496097.4593227,37.609
1768496097.561619,39.876
1768496097.6637151,37.335
1768496097.7659655,37.138
1768496097.8683372,44.652
1768496097.9705784,33.31
1768496098.0764196,42.61
1768496098.1786935,37.828
1768496098.2810102,34.396
1768496098.3835661,45.046
1768496098.4859717,40.096
1768496098.5882635,34.692
1768496098.6906552,50.233
1768496098.7929165,37.236
1768496098.8955948,37.729
1768496099.0046186,46.987
1768496099.106919,37.258
1768496099.2093408,36.743
1768496099.311627,51.284
1768496099.4140437,39.876
1768496099.5163279,35.481
1768496099.6184804,43.201
1768496099.7208,45.019
1768496099.8243847,34.396
1768496099.9267247,39.58
1768496100.0291793,45.27
1768496100.1315231,34.593
1768496100.2337685,44.088
1768496100.336065,40.247
1768496100.438412,35.481
1768496100.5408053,45.44
1768496100.6432395,40.096
1768496100.7502904,36.053
1768496100.8533213,43.57
1768496100.9558003,41.97
1768496101.058375,34.988
1768496101.1607075,47.212
1768496101.2633703,40.392
1768496101.3658042,36.074
1768496101.46856,38.42
1768496101.5748243,36.053
1768496101.6769779,47.409
1768496101.779354,33.231
1768496101.8817127,47.901
1768496101.9839263,37.313
1768496102.086214,38.025
1768496102.1885004,42.782
1768496102.2907226,33.508
1768496102.3930464,42.044
1768496102.4985123,38.89
1768496102.601394,35.58
1768496102.7037694,48.237
1768496102.8061483,33.527
1768496102.9084156,42.019
1768496103.0107322,43.176
1768496103.1132867,35.481
1768496103.2172477,50.437
1768496103.322815,37.708
1768496103.4252517,39.383
1768496103.5277915,42.684
1768496103.6301258,35.481
1768496103.7324011,46.719
1768496103.8348897,33.724
1768496103.9372222,44.849
1768496104.0395257,38.496
1768496104.141987,37.434
1768496104.2475507,45.243
1768496104.3500664,33.014
1768496104.4524453,47.113
1768496104.5550382,33.409
1768496104.657422,44.679
1768496104.7598133,34.001
1768496104.862302,45.341
1768496104.9646242,32.441
1768496105.071223,41.428
1768496105.173541,37.159
1768496105.2758832,40.861
1768496105.3783002,38.025
1768496105.4806664,36.546
1768496105.583049,44.652
1768496105.6854656,32.342
1768496105.787862,37.653
1768496105.8909497,34.988
1768496105.9964478,47.774
1768496106.0988753,32.737
1768496106.2012308,41.256
1768496106.3036237,42.143
1768496106.4061844,33.902
1768496106.5085714,45.976
1768496106.6108308,33.132
1768496106.713254,35.876
1768496106.8195198,37.806
1768496106.9220586,43.176
1768496107.0244334,34.889
1768496107.1269927,50.626
1768496107.2293143,32.934
1768496107.3320167,44.088
1768496107.4344318,37.236
1768496107.5370986,39.58
1768496107.6433713,43.078
1768496107.7458835,34.692
1768496107.8481755,46.664
1768496107.9506953,38.639
1768496108.0531328,35.757
1768496108.1556015,45.118
1768496108.2578592,33.705
1768496108.3604717,46.79
1768496108.4666543,36.842
1768496108.5689566,37.828
1768496108.67138,45.538
1768496108.7738035,33.409
1768496108.8761349,41.921
1768496108.978752,41.428
1768496109.0810637,34.889
1768496109.1832,45.118
1768496109.2895033,37.729
1768496109.3918126,37.138
1768496109.4943082,45.637
1768496109.5966165,34.791
1768496109.6989272,46.129
1768496109.8013172,38.541
1768496109.9036763,39.777
1768496110.006357,34.001
1768496110.1088488,42.881
1768496110.213826,39.383
1768496110.3161862,35.58
1768496110.4184773,47.254
1768496110.5208175,39.505
1768496110.6232443,35.876
1768496110.7255998,47.479
1768496110.8280303,37.905
1768496110.9304688,37.06
1768496111.0328798,45.046
1768496111.1388683,34.297
1768496111.2414334,45.243
1768496111.3438873,33.31
1768496111.4462893,38.989
1768496111.5490568,46.03
1768496111.651254,33.31
1768496111.7534058,41.921
1768496111.8558402,43.595
1768496111.9581437,33.212
1768496112.0636137,39.777
1768496112.1658359,45.735
1768496112.268128,34.692
1768496112.3703752,46.326
1768496112.472598,42.315
1768496112.5749762,34.889
1768496112.67725,47.872
1768496112.7794416,37.927
1768496112.8817396,36.743
1768496112.987966,52.106
1768496113.0902066,38.299
1768496113.1925452,36.546
1768496113.294863,43.446
1768496113.397074,35.087
1768496113.4993825,51.284
1768496113.6018052,37.806
1768496113.7042577,37.335
1768496113.810477,44.849
1768496113.9127278,34.396
1768496114.015082,48.856
1768496114.1173084,37.729
1768496114.21962,36.645
1768496114.3219695,45.315
1768496114.424534,35.876
1768496114.5283415,51.481
1768496114.6352017,36.504
1768496114.7375498,39.406
1768496114.8398807,45.046
1768496114.9422507,33.606
1768496115.0446434,42.585
1768496115.1469114,39.307
1768496115.2491853,36.743
1768496115.35165,49.711
1768496115.4543872,39.482
1768496115.5588524,35.461
1768496115.6616802,47.872
1768496115.7639847,38.397
1768496115.8663208,36.349
1768496115.96962,50.83
1768496116.071927,38.124
1768496116.1741383,38.223
1768496116.2763827,47.97
1768496116.382418,34.968
1768496116.4846244,47.31
1768496116.5869179,39.209
1768496116.6894417,36.447
1768496116.792158,34.08
1768496116.8945591,38.595
1768496116.9969099,49.544
1768496117.0994065,35.736
1768496117.2019186,38.299
1768496117.3075001,43.347
1768496117.4098916,34.692
1768496117.5123227,46.102
1768496117.6148171,43.201
1768496117.7171736,35.087
1768496117.8195212,52.987
1768496117.9219341,33.606
1768496118.0243351,39.876
1768496118.13052,48.561
1768496118.232926,34.278
1768496118.3353894,38.693
1768496118.437755,53.938
1768496118.5401545,37.905
1768496118.6425354,49.938
1768496118.7460046,39.777
1768496118.8481667,37.236
1768496118.9542644,52.857
1768496119.0566084,37.905
1768496119.1588545,37.138
1768496119.2612646,46.467
1768496119.3634875,35.383
1768496119.4658294,38.518
1768496119.5682209,49.515
1768496119.6705835,34.001
1768496119.772983,44.062
1768496119.8796391,38.496
1768496119.9820817,37.236
1768496120.0844054,48.069
1768496120.1877272,34.001
1768496120.2902167,42.979
1768496120.3924012,42.881
1768496120.494927,35.185
1768496120.5971687,45.762
1768496120.702694,39.679
1768496120.8050656,36.842
1768496120.9076831,51.315
1768496121.0099986,38.617
1768496121.112662,39.679
1768496121.2150452,48.364
1768496121.3175335,33.231
1768496121.4198542,38.89
1768496121.5271657,46.523
1768496121.6295502,33.724
1768496121.7321618,38.518
1768496121.834848,48.659
1768496121.9371762,34.001
1768496122.039495,41.625
1768496122.1420188,44.383
1768496122.244344,34.593
1768496122.3507087,42.636
1768496122.4530578,42.906
1768496122.5553703,34.791
1768496122.6577733,43.792
1768496122.7600439,35.481
1768496122.8638895,52.825
1768496122.9661868,38.223
1768496123.0685215,37.236
1768496123.1742835,43.668
1768496123.2767792,35.461
1768496123.379208,50.83
1768496123.4817657,32.836
1768496123.5843663,40.861
1768496123.686771,40.05
1768496123.7893023,35.679
1768496123.8918154,45.708
1768496123.9995022,33.508
1768496124.1026647,45.315
1768496124.2050238,34.593
1768496124.3074453,40.247
1768496124.4098673,35.954
1768496124.5124712,40.542
1768496124.6148326,34.791
1768496124.7172513,44.259
1768496124.8217697,32.916
1768496124.9241228,44.062
1768496125.0265296,37.018
1768496125.1287858,37.927
1768496125.2311332,39.679
1768496125.3334405,35.876
1768496125.4358764,45.091
1768496125.5382,32.737
1768496125.6405702,38.617
1768496125.7468226,43.004
1768496125.8492992,34.199
1768496125.9516394,47.549
1768496126.054062,37.708
1768496126.1563275,39.482
1768496126.2587867,40.566
1768496126.361109,34.889
1768496126.463513,49.023
1768496126.565991,32.737
1768496126.671434,41.034
1768496126.7737756,32.539
1768496126.8763297,48.335
1768496126.9786513,32.934
1768496127.080983,42.512
1768496127.1835876,34.495
1768496127.2857735,47.085
1768496127.3879092,38.89
1768496127.4902585,35.461
1768496127.594607,46.888
1768496127.696887,32.539
1768496127.7992578,40.664
1768496127.9017446,40.566
1768496128.0039866,34.593
1768496128.1063633,50.498
1768496128.2086377,37.828
1768496128.3109343,37.631
1768496128.413294,46.2
1768496128.5159206,33.033
1768496128.6214297,42.315
1768496128.7303157,38.792
1768496128.8325868,35.185
1768496128.934811,44.259
1768496129.0370219,33.014
1768496129.1393735,39.951
1768496129.245752,42.29
1768496129.3479812,34.1
1768496129.4503183,47.113
1768496129.5526907,38.617
1768496129.6549883,35.185
1768496129.7573802,45.637
1768496129.8600562,32.916
1768496129.9623098,39.087
1768496130.068793,38.868
1768496130.1712327,36.842
1768496130.2736115,44.383
1768496130.3759155,34.791
1768496130.4782722,50.959
1768496130.580685,33.409
1768496130.6831326,39.383
1768496130.7854123,41.034
1768496130.8920598,35.58
1768496130.9944909,52.138
1768496131.0968006,34.593
1768496131.1992257,47.507
1768496131.3027601,34.001
1768496131.405036,46.664
1768496131.507213,39.034
1768496131.609551,36.546
1768496131.7147613,47.31
1768496131.8170512,32.916
1768496131.9193892,39.679
1768496132.0218015,39.186
1768496132.1242461,37.138
1768496132.2266717,46.987
1768496132.3290064,34.1
1768496132.4313736,47.282
1768496132.5342977,34.199
1768496132.6405225,42.512
1768496132.7430232,38.769
1768496132.845928,35.58
1768496132.9482613,50.498
1768496133.05054,37.806
1768496133.152998,37.806
1768496133.2553363,48.335
1768496133.3577716,33.705
1768496133.4643714,39.876
1768496133.566669,44.948
1768496133.6689203,34.593
1768496133.771471,48.728
1768496133.8738422,32.916
1768496133.976133,41.527
1768496134.0785284,38.617
1768496134.1809223,37.039
1768496134.2833157,40.294
1768496134.3878882,39.209
1768496134.4901888,37.039
1768496134.5925667,40.739
1768496134.6948955,32.737
1768496134.7971992,46.298
1768496134.899683,33.508
1768496135.00216,47.184
1768496135.104721,34.199
1768496135.207122,41.65
1768496135.3118725,37.412
1768496135.4142432,36.94
1768496135.5165167,40.936
1768496135.6188283,39.284
1768496135.7210996,35.658
1768496135.823343,41.33
1768496135.9255414,33.606
1768496136.0278413,44.357
1768496136.1300035,32.836
1768496136.235717,47.352
1768496136.3380578,34.712
1768496136.4405375,43.274
1768496136.5430772,33.902
1768496136.6465147,39.974
1768496136.7492964,32.737
1768496136.8515763,42.979
1768496136.9577768,32.539
1768496137.0613015,41.157
1768496137.1643932,39.58
1768496137.266643,33.705
1768496137.3689508,44.456
1768496137.4712434,33.132
1768496137.573696,47.577
1768496137.676019,38.792
1768496137.7782547,36.349
1768496137.8844063,46.003
1768496137.9868803,33.113
1768496138.0891345,41.256
1768496138.1914456,39.679
1768496138.2937708,34.396
1768496138.3960207,44.16
1768496138.4983332,37.335
1768496138.600615,38.2
1768496138.7029684,37.729
1768496138.8087556,37.806
1768496138.9110353,40.763
1768496139.0135858,37.927
1768496139.116028,39.679
1768496139.2185092,37.039
1768496139.3209603,40.369
1768496139.4233017,37.532
1768496139.525687,45.341
1768496139.6329758,34.1
1768496139.7353053,41.404
1768496139.8391109,34.692
1768496139.9414935,48.364
1768496140.0437534,37.828
1768496140.1461031,37.729
1768496140.2483296,44.285
1768496140.3553014,33.804
1768496140.4575546,49.544
1768496140.5598185,37.729
1768496140.6622643,36.25
1768496140.7646613,45.413
1768496140.8671231,33.231
1768496140.9718895,40.073
1768496141.0741506,40.223
1768496141.1802588,36.25
1768496141.284407,47.942
1768496141.3867495,34.593
1768496141.4889388,46.003
1768496141.59123,38.102
1768496141.6935742,38.025
1768496141.795887,44.993
1768496141.8981116,34.692
1768496142.004246,43.176
1768496142.1065557,40.912
1768496142.2088735,36.151
1768496142.3113458,47.844
1768496142.4136748,34.396
1768496142.5160139,39.754
1768496142.6184723,45.145
1768496142.721047,34.692
1768496142.827191,48.069
1768496142.9295907,37.039
1768496143.032058,38.496
1768496143.1345582,42.61
1768496143.2369092,34.1
1768496143.3391235,49.938
1768496143.4415357,36.525
1768496143.543926,40.763
1768496143.6463068,37.806
1768496143.7523782,35.856
1768496143.8548062,33.31
1768496143.958523,44.876
1768496144.0610752,37.631
1768496144.163286,38.693
1768496144.2658617,40.861
1768496144.3681762,34.199
1768496144.4703598,45.905
1768496144.5762599,35.165
1768496144.6786273,37.828
1768496144.7815697,45.27
1768496144.8842275,32.638
1768496144.9865596,41.551
1768496145.0891082,38.792
1768496145.1913586,36.349
1768496145.2945197,46.523
1768496145.400666,33.705
1768496145.5030138,41.527
1768496145.6057484,42.585
1768496145.7080064,34.396
1768496145.8103247,43.963
1768496145.9127285,38.716
1768496146.0151815,35.778
1768496146.1174695,47.479
1768496146.2198172,34.495
1768496146.3256218,51.708
1768496146.428049,33.231
1768496146.5303586,49.613
1768496146.6327102,34.396
1768496146.7351398,47.577
1768496146.8375795,35.087
1768496146.9397998,49.053
1768496147.0422306,33.705
1768496147.1446443,47.802
1768496147.2496033,38.595
1768496147.3519242,39.186
1768496147.454325,39.042
1768496147.5567226,36.074
1768496147.6590521,42.684
1768496147.7613294,33.132
1768496147.863673,46.298
1768496147.9660065,34.1
1768496148.0682576,38.913
1768496148.1737013,39.58
1768496148.276085,44.357
1768496148.3788772,33.606
1768496148.481204,49.515
1768496148.5834718,36.842
1768496148.6855724,37.434
1768496148.7877097,44.062
1768496148.8899715,33.033
1768496148.9922512,39.186
1768496149.0976517,40.27
1768496149.200541,35.56
1768496149.3029332,46.129
1768496149.4051085,34.396
1768496149.507391,51.843
1768496149.609641,33.329
1768496149.7119892,43.103
1768496149.815679,39.58
1768496149.9220846,36.743
1768496150.0244734,47.577
1768496150.1267676,34.297
1768496150.2290363,49.348
1768496150.33147,33.212
1768496150.4338114,44.554
1768496150.536066,37.631
1768496150.6384282,40.467
1768496150.7406907,42.216
1768496150.8457742,34.199
1768496150.9484425,46.397
1768496151.0508246,32.342
1768496151.1531582,39.974
1768496151.255405,39.777
1768496151.3576634,35.778
1768496151.4601955,43.201
1768496151.5625918,33.329
1768496151.6648185,41.453
1768496151.7707953,40.566
1768496151.8731809,34.199
1768496151.9754963,48.532
1768496152.0780118,35.856
1768496152.180298,38.518
1768496152.2826686,43.595
1768496152.3850555,34.495
1768496152.4876146,48.827
1768496152.5932918,38.617
1768496152.6965973,44.554
1768496152.7987967,35.087
1768496152.9011123,46.79
1768496153.0033336,34.297
1768496153.1055448,50.86
1768496153.2076569,35.461
1768496153.3098629,40.664
1768496153.4120836,38.792
1768496153.5176542,37.236
1768496153.6199114,47.057
1768496153.7222846,34.1
1768496153.8249207,51.708
1768496153.9273202,35.56
1768496154.0302448,39.974
1768496154.1325347,37.434
1768496154.2348876,40.444
1768496154.3412511,40.444
1768496154.4436688,35.185
1768496154.545957,42.979
1768496154.6482906,33.606
1768496154.7506235,46.03
1768496154.8530653,37.828
1768496154.955487,36.94
1768496155.0577815,39.974
1768496155.1600313,33.902
1768496155.2664812,48.167
1768496155.3687582,32.718
1768496155.471167,40.467
1768496155.5735545,39.951
1768496155.6759024,34.889
1768496155.7781966,46.2
1768496155.8804433,32.836
1768496155.9827766,40.566
1768496156.08523,39.262
1768496156.1908422,34.968
1768496156.293182,45.637
1768496156.3954375,33.014
1768496156.4977725,48.827
1768496156.6000967,33.705
1768496156.7023962,43.963
1768496156.8047698,35.383
1768496156.9072013,47.31
1768496157.0094745,33.804
1768496157.1149902,41.109
1768496157.217187,34.396
1768496157.319432,50.989
1768496157.4218366,38.397
1768496157.5240512,36.349
1768496157.6264772,45.708
1768496157.7288146,33.606
1768496157.831099,40.566
1768496157.933513,45.44
1768496158.0388594,34.692
1768496158.1410916,46.987
1768496158.2438698,38.496
1768496158.3461926,38.716
1768496158.4495544,46.692
1768496158.5519025,34.593
1768496158.6543455,46.916
1768496158.7566562,40.073
1768496158.86312,36.863
1768496158.9655232,48.266
1768496159.067894,33.705
1768496159.1702366,40.96
1768496159.272889,44.876
1768496159.375305,34.199
1768496159.4776628,47.45
1768496159.5800443,33.409
1768496159.6863225,41.724
1768496159.7887383,44.751
1768496159.8912544,33.508
1768496159.9935975,42.413
1768496160.0958974,46.129
1768496160.1983585,33.113
1768496160.3006186,37.905
1768496160.4030695,44.974
1768496160.5054402,33.705
1768496160.6109023,42.019
1768496160.7132945,42.118
1768496160.8155742,33.508
1768496160.9178653,41.428
1768496161.0201375,38.868
1768496161.1225429,36.074
1768496161.2248008,45.61
1768496161.3271456,33.804
1768496161.4295146,41.428
1768496161.5357437,35.362
1768496161.6384106,52.594
1768496161.7405555,38.572
1768496161.8427129,37.631
1768496161.9449203,49.151
1768496162.0471761,34.791
1768496162.149448,45.44
1768496162.251929,39.801
1768496162.3542855,37.335
1768496162.460674,48.294
1768496162.562913,34.692
1768496162.6652431,45.341
1768496162.7688875,39.777
1768496162.8711863,37.434
1768496162.97347,49.082
1768496163.0759082,34.001
1768496163.1783109,45.834
1768496163.2838552,38.375
1768496163.386107,39.505
1768496163.488421,45.565
1768496163.590674,34.988
1768496163.692992,46.03
1768496163.795223,37.631
1768496163.8975756,36.94
1768496164.0001185,47.212
1768496164.1026208,33.31
1768496164.2089663,47.97
1768496164.3112972,33.902
1768496164.4137108,39.482
1768496164.5161152,44.751
1768496164.6184442,33.508
1768496164.7207606,41.921
1768496164.8232589,38.08
1768496164.9258292,36.447
1768496165.0320277,45.538
1768496165.1344073,34.1
1768496165.236797,50.664
1768496165.3390725,33.014
1768496165.441606,41.33
1768496165.5441327,38.769
1768496165.6465132,36.863
1768496165.7488813,46.424
1768496165.8512597,33.231
1768496165.957385,41.231
1768496166.05978,34.1
1768496166.1622021,46.227
1768496166.2643533,37.335
1768496166.3664892,37.532
1768496166.4687624,41.256
1768496166.5710113,34.1
1768496166.6737344,44.948
1768496166.7759938,34.297
1768496166.8834257,47.872
1768496166.9859293,37.828
1768496167.0887613,37.138
1768496167.1912005,44.948
1768496167.2935216,33.606
1768496167.3959439,42.019
1768496167.4982536,41.601
1768496167.600629,34.593
1768496167.7063174,42.315
1768496167.8087292,35.481
1768496167.9110548,46.255
1768496168.013298,33.113
1768496168.1157796,41.822
1768496168.2183099,39.876
1768496168.3206906,34.495
1768496168.4232,47.844
1768496168.5303636,32.638
1768496168.6327133,40.861
1768496168.7352624,41.034
1768496168.8376906,33.804
1768496168.9400551,44.974
1768496169.0423696,38.299
1768496169.1448789,35.778
1768496169.2473514,41.231
1768496169.3542564,35.383
1768496169.4570103,40.641
1768496169.5593312,36.074
1768496169.661585,46.762
1768496169.7640467,33.31
1768496169.8663468,38.124
1768496169.9689157,42.118
1768496170.071522,46.003
1768496170.1794302,34.297
1768496170.2818666,45.413
1768496170.3844821,33.902
1768496170.4869843,48.462
1768496170.589413,32.934
1768496170.6921778,41.946
1768496170.7945023,40.148
1768496170.9099996,36.743
1768496171.013573,45.511
1768496171.1160212,32.817
1768496171.2185605,39.383
1768496171.3246667,40.05
1768496171.4269269,35.284
1768496171.5292268,42.979
1768496171.6316142,33.409
1768496171.7339401,47.113
1768496171.8361716,38.299
1768496171.9384336,35.757
1768496172.0408492,46.621
1768496172.14336,33.113
1768496172.248975,43.373
1768496172.3512135,37.215
1768496172.4535458,37.236
1768496172.5559762,46.888
1768496172.6583707,33.409
1768496172.760667,46.916
1768496172.8629098,38.595
1768496172.9653592,36.25
1768496173.0677767,46.424
1768496173.1731722,32.916
1768496173.2754242,39.58
1768496173.377721,40.369
1768496173.4800699,34.988
1768496173.582383,47.212
1768496173.6847734,35.067
1768496173.7871227,38.518
1768496173.8895311,33.804
1768496173.9932027,39.262
1768496174.0981941,46.762
1768496174.2004797,38.124
1768496174.3026912,36.743
1768496174.4049625,51.217
1768496174.5072803,40.495
1768496174.6096172,36.053
1768496174.7118342,47.999
1768496174.8140826,43.398
1768496174.9165967,36.151
1768496175.0202343,51.776
1768496175.1232388,38.595
1768496175.225432,38.518
1768496175.327713,50.959
1768496175.4309027,34.692
1768496175.5332322,42.709
1768496175.6355264,47.184
1768496175.7378888,34.988
1768496175.8402255,42.118
1768496175.946216,46.2
1768496176.0486276,35.56
1768496176.150935,43.963
1768496176.253252,43.446
1768496176.3555055,35.087
1768496176.4578729,52.562
1768496176.5604103,35.658
1768496176.6628494,39.58
1768496176.765335,32.836
1768496176.8725476,46.861
1768496176.9750726,33.033
1768496177.077566,41.354
1768496177.1799912,39.656
1768496177.2823036,33.902
1768496177.3847148,50.891
1768496177.4871254,34.968
1768496177.5895936,38.321
1768496177.6920667,45.806
1768496177.79775,33.508
1768496177.900152,49.348
1768496178.0024083,39.482
1768496178.104719,35.383
1768496178.2070298,49.682
1768496178.3094766,37.708
1768496178.4117463,49.318
1768496178.5149405,38.124
1768496178.6198633,37.236
1768496178.7221591,49.938
1768496178.8244696,33.705
1768496178.926687,38.989
1768496179.0290558,49.544
1768496179.1319172,38.102
1768496179.2342427,37.631
1768496179.3367102,48.954
1768496179.4390135,33.705
1768496179.5451155,40.566
1768496179.6473331,46.888
1768496179.7511578,33.804
1768496179.8534386,42.979
1768496179.9556885,35.362
1768496180.0579445,39.209
1768496180.160362,44.626
1768496180.2626603,33.902
1768496180.3685002,48.098
1768496180.471012,39.307
1768496180.5734031,34.988
1768496180.6756165,43.078
1768496180.7781763,43.201
1768496180.8805788,34.396
1768496180.982959,45.315
1768496181.0853386,39.262
1768496181.1875494,35.58
1768496181.2923431,47.282
1768496181.3946226,37.708
1768496181.4971123,36.94
1768496181.5995784,50.43
1768496181.7019296,37.828
1768496181.8043485,37.708
1768496181.9067254,47.774
1768496182.0090716,34.495
1768496182.1114762,52.562
1768496182.2169921,33.902
1768496182.3193755,47.605
1768496182.4217396,38.474
1768496182.5241437,38.003
1768496182.6266146,38.89
1768496182.7289615,45.341
1768496182.8324385,35.185
1768496182.9346814,53.873
1768496183.0399063,33.705
1768496183.1421673,39.284
1768496183.2443721,47.774
1768496183.347212,34.199
1768496183.4494445,45.341
1768496183.551677,37.236
1768496183.6540396,38.518
1768496183.7605412,40.369
1768496183.8643088,34.495
1768496183.9671323,47.184
1768496184.0693145,32.934
1768496184.171679,40.566
1768496184.273981,41.354
1768496184.3763573,35.284
1768496184.4786117,45.145
1768496184.5810268,33.606
1768496184.6833813,40.838
1768496184.7889159,37.751
1768496184.8912346,36.94
1768496184.9935646,42.61
1768496185.0962293,33.527
1768496185.1986465,48.925
1768496185.3011072,37.883
1768496185.4034717,36.074
1768496185.5059354,47.872
1768496185.608374,33.606
1768496185.713958,41.551
1768496185.8163204,42.684
1768496185.9187522,34.297
1768496186.0210557,45.538
1768496186.1234794,37.335
1768496186.2258542,39.087
1768496186.328161,39.012
1768496186.430549,35.856
1768496186.5329785,47.675
1768496186.6400013,33.626
1768496186.744116,46.692
1768496186.846504,36.151
1768496186.9489212,48.266
1768496187.0512698,43.792
1768496187.1543279,37.554
1768496187.2566166,35.658
1768496187.358968,44.652
1768496187.4645329,32.836
1768496187.566832,44.876
1768496187.66934,38.913
1768496187.7716975,34.889
1768496187.8739796,49.78
1768496187.9766097,37.335
1768496188.079077,37.434
1768496188.1813836,45.861
1768496188.2852077,33.31
1768496188.3905225,45.637
1768496188.492999,37.434
1768496188.5952172,36.447
1768496188.697446,47.212
1768496188.7998044,34.869
1768496188.902095,38.693
1768496189.0044367,41.822
1768496189.1069207,34.199
1768496189.2111642,50.468
1768496189.313583,37.949
1768496189.4158566,37.532
1768496189.5181434,41.428
1768496189.6206322,35.58
1768496189.72302,47.113
1768496189.8254697,33.428
1768496189.9278479,42.044
1768496190.0304108,38.124
1768496190.1370475,37.236
1768496190.2395031,44.607
1768496190.3419101,34.495
1768496190.4445498,50.036
1768496190.546981,33.409
1768496190.649256,44.16
1768496190.751646,39.406
1768496190.8542156,35.185
1768496190.9584117,46.692
1768496191.0609367,34.1
1768496191.1637533,52.267
1768496191.2663572,32.737
1768496191.3690772,41.625
1768496191.4715235,37.729
1768496191.574798,43.865
1768496191.6770525,34.1
1768496191.779692,50.203
1768496191.884779,32.934
1768496191.9881027,41.921
1768496192.090829,36.743
1768496192.1934178,39.087
1768496192.2958474,41.724
1768496192.3983655,34.889
1768496192.5020833,31.651
1768496192.60495,46.692
1768496192.709149,35.954
1768496192.8114777,39.777
1768496192.913812,40.664
1768496193.0162964,35.58
1768496193.1189382,44.652
1768496193.2214167,32.638
1768496193.3237834,43.792
1768496193.4260924,37.412
1768496193.5284805,36.546
1768496193.6343668,39.087
1768496193.7369335,34.001
1768496193.8393645,45.046
1768496193.9418163,32.144
1768496194.0444121,41.551
1768496194.147013,40.688
1768496194.2492938,33.606
1768496194.3517153,49.22
1768496194.457519,34.475
1768496194.5598123,37.631
1768496194.6621842,45.019
1768496194.7646437,32.934
1768496194.8668978,41.453
1768496194.9693596,40.936
1768496195.0718942,35.185
1768496195.1743307,48.659
1768496195.2767313,38.2
1768496195.381258,36.074
1768496195.4835408,46.369
1768496195.5860908,33.705
1768496195.688414,43.103
1768496195.7907257,33.804
1768496195.894069,45.118
1768496195.9963124,38.42
1768496196.0985558,37.138
1768496196.200899,47.774
1768496196.3062077,33.508
1768496196.4086633,49.583
1768496196.5111835,33.606
1768496196.6148062,41.822
1768496196.717185,32.836
1768496196.8209834,50.331
1768496196.9234366,38.223
1768496197.0292704,38.321
1768496197.1315339,46.987
1768496197.2339659,35.185
1768496197.336552,38.496
1768496197.4391918,40.444
1768496197.5417502,37.828
1768496197.6440036,47.942
1768496197.7463572,38.375
1768496197.8486946,36.151
1768496197.9535058,48.069
1768496198.055799,39.36
1768496198.15815,36.447
1768496198.2604892,52.267
1768496198.3628647,39.679
1768496198.4651937,35.383
1768496198.5674934,44.186
1768496198.6699731,48.856
1768496198.7722054,38.397
1768496198.8773584,37.335
1768496198.9797444,51.026
1768496199.0820048,37.806
1768496199.184249,38.595
1768496199.2866488,53.383
1768496199.3888342,39.876
1768496199.4911788,39.482
1768496199.5934885,45.511
1768496199.6959007,35.383
1768496199.8013403,47.212
1768496199.9036603,43.471
1768496200.0059717,35.954
1768496200.1083345,40.148
1768496200.2113879,37.138
1768496200.3135583,49.357
1768496200.41576,35.284
1768496200.5180326,50.309
1768496200.6244729,34.692
1768496200.7269032,42.61
1768496200.8296945,48.856
1768496200.9319212,34.889
1768496201.0342805,48.827
1768496201.1382341,40.27
1768496201.2405672,37.236
1768496201.3428512,47.97
1768496201.4492164,33.902
1768496201.5515862,47.605
1768496201.6538837,37.883
1768496201.756311,36.645
1768496201.858557,46.129
1768496201.9609618,33.31
1768496202.0633125,40.861
1768496202.1661124,41.699
1768496202.2685337,34.396
1768496202.3734245,45.216
1768496202.475928,38.375
1768496202.5782661,35.481
1768496202.68063,46.621
1768496202.782879,40.763
1768496202.8852522,34.692
1768496202.9875152,50.596
1768496203.0897474,38.671
1768496203.1921349,37.828
1768496203.2979321,48.167
1768496203.4002337,34.199
1768496203.502702,45.216
1768496203.6050436,37.883
1768496203.707349,37.927
1768496203.809536,49.416
1768496203.9117873,33.705
1768496204.0141988,41.428
1768496204.1166162,37.587
1768496204.2223184,42.216
1768496204.3247764,38.025
1768496204.427061,41.034
1768496204.5303018,37.138
1768496204.6325006,44.16
1768496204.734674,38.518
1768496204.8369205,35.481
1768496204.9390876,43.767
1768496205.0415132,39.383
1768496205.146808,38.223
1768496205.2496176,45.834
1768496205.3518825,34.889
1768496205.4542472,52.825
1768496205.5582595,38.2
1768496205.6604826,37.631
1768496205.7627838,52.401
1768496205.8651023,39.482
1768496205.9711256,36.447
1768496206.07348,47.942
1768496206.1758997,34.199
1768496206.278405,40.96
1768496206.3808692,49.082
1768496206.4832957,34.199
1768496206.5856583,40.838
1768496206.687981,36.546
1768496206.7942822,46.692
1768496206.896616,32.934
1768496206.9990478,39.087
1768496207.1015391,44.724
1768496207.2040725,33.428
1768496207.3066635,47.085
1768496207.4089773,38.572
1768496207.5114117,34.692
1768496207.613899,46.593
1768496207.7187672,33.113
1768496207.8211093,39.853
1768496207.923381,45.413
1768496208.0258887,33.902
1768496208.1281295,45.932
1768496208.230492,37.708
1768496208.3328118,37.138
1768496208.4348714,47.549
1768496208.5373228,37.905
1768496208.6429536,36.447
1768496208.7454257,51.745
1768496208.8479002,33.033
1768496208.9504178,38.2
1768496209.0525825,47.999
1768496209.1548355,37.039
1768496209.2571373,37.609
1768496209.3595746,51.677
1768496209.4618778,33.508
1768496209.5673587,39.482
1768496209.6696906,47.352
1768496209.772251,34.1
1768496209.8762686,42.315
1768496209.9786048,45.905
1768496210.0808916,34.199
1768496210.1835341,47.409
1768496210.2859101,37.039
1768496210.3909001,42.118
1768496210.4931667,40.641
1768496210.5957885,35.679
1768496210.6983354,46.424
1768496210.8005824,40.125
1768496210.9030266,35.481
1768496211.0053968,52.759
1768496211.1078277,37.729
1768496211.2103524,39.974
1768496211.31542,47.872
1768496211.417977,34.396
1768496211.52036,47.675
1768496211.6229362,40.172
1768496211.7251709,35.658
1768496211.8277104,49.78
1768496211.9300783,38.693
1768496212.0325682,41.724
1768496212.134924,39.557
1768496212.2400322,35.56
1768496212.3424196,47.479
1768496212.444837,34.692
1768496212.5470731,54.495
1768496212.6493895,33.705
1768496212.7515802,40.739
1768496212.8538802,39.974
1768496212.95612,34.791
1768496213.058484,49.289
1768496213.164726,32.934
1768496213.2671063,35.856
1768496213.3705285,39.777
1768496213.4727044,39.482
1768496213.575145,35.185
1768496213.6776154,50.075
1768496213.779912,37.434
1768496213.8821568,36.151
1768496213.9843655,45.905
1768496214.090077,33.508
1768496214.1925812,45.019
1768496214.2958617,39.209
1768496214.3981502,36.468
1768496214.5004358,46.692
1768496214.6029398,33.212
1768496214.7052822,41.724
1768496214.807639,42.512
1768496214.9146035,34.791
1768496215.0169687,50.075
1768496215.1193516,34.475
1768496215.2218635,39.087
1768496215.3242705,46.621
1768496215.42682,33.902
1768496215.5292468,41.65
1768496215.631803,44.58
1768496215.737185,33.428
1768496215.8394966,39.505
1768496215.941998,47.774
1768496216.04451,33.428
1768496216.1467984,39.801
1768496216.2491968,45.341
1768496216.3515058,33.902
1768496216.454002,41.822
1768496216.5564697,43.668
1768496216.6614163,34.1
1768496216.7641141,39.087
1768496216.8665051,36.349
1768496216.969231,51.807
1768496217.071517,37.51
1768496217.1738257,37.532
1768496217.2761931,46.888
1768496217.3789253,33.705
1768496217.485822,38.08
1768496217.5898583,36.447
1768496217.69213,45.735
1768496217.7944741,33.428
1768496217.8967457,40.566
1768496217.9990659,42.807
1768496218.1015296,34.297
1768496218.203789,49.122
1768496218.3200889,39.528
1768496218.4224072,35.185
1768496218.5247395,47.282
1768496218.6270783,39.58
1768496218.7295415,34.593
1768496218.8342006,43.398
1768496218.9364786,39.163
1768496219.038752,39.58
1768496219.1412933,42.979
1768496219.2434788,35.383
1768496219.3460958,46.2
1768496219.4485822,37.729
1768496219.5510798,41.847
1768496219.657903,33.31
1768496219.76021,44.285
1768496219.862651,38.617
1768496219.9649975,40.838
1768496220.0672908,38.792
1768496220.169665,41.157
1768496220.2721941,33.31
1768496220.374571,44.383
1768496220.4769354,42.118
1768496220.582534,34.495
1768496220.6849144,45.073
1768496220.7871857,44.186
1768496220.889509,34.1
1768496220.9917552,41.822
1768496221.0941794,42.881
1768496221.196548,34.199
1768496221.2988477,40.936
1768496221.4011955,45.046
1768496221.5073252,43.839
1768496221.6097956,40.861
1768496221.7119403,35.383
1768496221.8140595,46.719
1768496221.9161742,41.921
1768496222.0182714,35.975
1768496222.1205587,52.334
1768496222.2226768,38.89
1768496222.3251529,36.645
1768496222.4274063,48.266
1768496222.5323734,34.495
1768496222.6346488,42.019
1768496222.737852,40.936
1768496222.8400717,35.481
1768496222.942445,51.745
1768496223.044811,35.284
1768496223.1473224,39.087
1768496223.2495558,49.416
1768496223.3519483,34.495
1768496223.4548962,44.062
1768496223.5573323,41.625
1768496223.6598406,34.692
1768496223.7623978,45.118
1768496223.8647132,37.138
1768496223.9670167,36.645
1768496224.069375,49.711
1768496224.1717207,37.215
1768496224.2740226,36.546
1768496224.3765285,45.565
1768496224.4824681,33.329
1768496224.584841,43.963
1768496224.6874418,41.822
1768496224.7898517,34.495
1768496224.892319,47.999
1768496224.994661,33.31
1768496225.096934,42.143
1768496225.1992698,41.872
1768496225.301717,34.692
1768496225.4068496,50.793
1768496225.5090935,33.902
1768496225.611403,50.075
1768496225.7136405,33.606
1768496225.8158884,38.496
1768496225.9182832,47.155
1768496226.0206096,33.804
1768496226.1229446,40.861
1768496226.2252023,45.538
1768496226.330591,43.078
1768496226.4328508,37.313
1768496226.5352178,40.27
1768496226.637311,36.919
1768496226.7401643,45.44
1768496226.8423862,33.212
1768496226.9446037,40.861
1768496227.0468826,43.595
1768496227.153425,34.1
1768496227.2557735,40.247
1768496227.3580296,47.675
1768496227.4617212,33.705
1768496227.5642097,43.201
1768496227.6666453,41.65
1768496227.7690601,35.185
1768496227.8713977,48.364
1768496227.9737744,40.05
1768496228.080944,36.743
1768496228.18332,49.023
1768496228.2861707,33.902
1768496228.3885293,48.925
1768496228.4910216,34.001
1768496228.593499,49.318
1768496228.695949,34.593
1768496228.7984326,49.053
1768496228.9041183,34.001
1768496229.0064015,47.184
1768496229.108649,38.716
1768496229.2110555,34.791
1768496229.3132539,50.922
1768496229.4155004,38.989
1768496229.5178275,35.658
1768496229.6200435,51.057
1768496229.722316,34.869
1768496229.8246024,38.693
1768496229.9309866,48.069
1768496230.0333383,34.199
1768496230.1357021,42.512
1768496230.238108,37.039
1768496230.3404696,38.321
1768496230.4434876,36.25
1768496230.5457935,49.976
1768496230.648146,33.409
1768496230.7504435,41.256
1768496230.856485,34.889
1768496230.9598112,45.243
1768496231.0619369,37.412
1768496231.1642663,35.876
1768496231.26647,46.452
1768496231.3687441,32.934
1768496231.4709752,40.467
1768496231.5733325,42.118
1768496231.675627,33.705
1768496231.7788413,40.073
1768496231.8853471,40.542
1768496231.987703,34.001
1768496232.0900767,44.186
1768496232.1924207,40.861
1768496232.294656,34.396
1768496232.397011,44.876
1768496232.49938,37.828
1768496232.6018584,35.954
1768496232.7041223,48.757
1768496232.8091063,38.989
1768496232.9113765,35.185
1768496233.0136454,45.118
1768496233.116003,38.572
1768496233.2183847,32.539
1768496233.3206236,40.566
1768496233.4231884,38.102
1768496233.525591,36.94
1768496233.6279175,43.57
1768496233.7302895,34.1
1768496233.8363898,45.046
1768496233.9387066,38.321
1768496234.0410428,35.954
1768496234.1433158,38.245
1768496234.2457292,39.679
1768496234.3480194,43.3
1768496234.4504116,33.902
1768496234.5528278,44.652
1768496234.6551292,38.671
1768496234.7605588,35.185
1768496234.8629255,50.823
1768496234.965173,36.842
1768496235.067403,36.94
1768496235.1697226,43.57
1768496235.272201,33.705
1768496235.3746767,50.762
1768496235.4770143,33.508
1768496235.5793588,38.572
1768496235.6859553,37.335
1768496235.7881954,45.44
1768496235.8904936,34.297
1768496235.9928138,45.932
1768496236.0949512,33.132
1768496236.197207,43.3
1768496236.299755,38.716
1768496236.4035394,39.876
1768496236.508369,39.307
1768496236.6108072,37.806
1768496236.7132168,32.737
1768496236.8157108,45.976
1768496236.9181368,33.606
1768496237.0205026,40.467
1768496237.1231215,35.461
1768496237.2255118,40.542
1768496237.327816,36.271
1768496237.4341187,40.073
1768496237.5364747,37.138
1768496237.6391785,36.447
1768496237.741525,42.684
1768496237.8438864,33.231
1768496237.9462755,44.751
1768496238.048852,37.949
1768496238.151277,36.25
1768496238.257211,43.3
1768496238.3596838,34.001
1768496238.462132,43.373
1768496238.5645459,34.199
1768496238.6671228,49.938
1768496238.7694452,33.606
1768496238.872172,39.209
1768496238.9745371,40.392
1768496239.0805714,34.396
1768496239.1829107,45.046
1768496239.2854152,33.212
1768496239.3878655,47.774
1768496239.4902587,34.771
1768496239.5927331,39.186
1768496239.695104,38.124
1768496239.7977383,37.751
1768496239.9041612,39.482
1768496240.0066576,39.899
1768496240.108947,35.757
1768496240.2116997,37.357
1768496240.3143063,39.974
1768496240.4167714,38.572
1768496240.5214424,35.954
1768496240.627473,46.326
1768496240.7298033,33.705
1768496240.8322535,45.637
1768496240.9346693,31.947
1768496241.0370831,42.216
1768496241.1394606,37.018
1768496241.241774,35.284
1768496241.3441677,42.413
1768496241.4465108,33.409
1768496241.552981,46.102
1768496241.6552439,33.033
1768496241.757499,47.577
1768496241.8599172,36.328
1768496241.9622905,37.828
1768496242.0646067,42.684
1768496242.1669335,34.593
1768496242.2693386,45.905
1768496242.375363,33.033
1768496242.4778292,44.357
1768496242.5801573,33.804
1768496242.6825163,39.284
1768496242.7849407,39.974
1768496242.8872647,34.199
1768496242.9896355,49.023
1768496243.0920463,32.737
1768496243.1947439,42.413
1768496243.298954,38.814
1768496243.4013236,35.876
1768496243.503783,42.019
1768496243.6061542,33.902
1768496243.708588,46.074
1768496243.8110385,32.737
1768496243.9133499,38.792
1768496244.0158014,34.001
1768496244.1184173,51.745
1768496244.2247016,33.132
1768496244.327159,39.383
1768496244.4299252,46.397
1768496244.532332,33.508
1768496244.6354206,40.27
1768496244.737726,46.719
1768496244.8399632,33.606
1768496244.9423418,42.413
1768496245.0469525,43.201
1768496245.1494374,34.988
1768496245.2518342,50.135
1768496245.3541443,38.617
1768496245.4566097,39.58
1768496245.5589654,38.496
1768496245.661442,38.518
1768496245.7638252,48.04
1768496245.8663044,33.606
1768496245.9713826,41.256
1768496246.0740132,44.456
1768496246.176466,34.889
1768496246.2787902,52.562
1768496246.3812554,34.771
1768496246.4836464,44.554
1768496246.5860748,43.57
1768496246.6888127,34.001
1768496246.7949162,38.102
1768496246.8973083,35.757
1768496246.9996915,46.79
1768496247.1019986,32.934
1768496247.204375,38.89
1768496247.3067737,44.849
1768496247.40967,33.428
1768496247.5119686,39.777
1768496247.6143856,37.729
1768496247.7205083,39.505
1768496247.8228848,37.609
1768496247.9252594,34.791
1768496248.027648,45.467
1768496248.1302588,33.31
1768496248.2327645,47.872
1768496248.3352714,37.335
1768496248.4378862,41.625
1768496248.544204,34.396
1768496248.6469467,44.383
1768496248.7492416,36.842
1768496248.8556254,38.518
1768496248.9592547,43.201
1768496249.0614913,33.902
1768496249.1637964,49.869
1768496249.2689462,37.116
1768496249.3712397,36.743
1768496249.4736722,46.227
1768496249.5762684,33.902
1768496249.6788566,47.745
1768496249.7812653,37.609
1768496249.8836317,35.975
1768496249.9860616,44.456
1768496250.0922992,33.902
1768496250.1946037,49.643
1768496250.2970529,35.757
1768496250.3993824,38.496
1768496250.5016527,40.369
1768496250.604026,35.087
1768496250.7063751,42.118
1768496250.8086827,36.645
1768496250.9109566,37.806
1768496251.0162346,34.988
1768496251.1186028,42.881
1768496251.220971,32.836
1768496251.3233104,43.767
1768496251.425601,37.927
1768496251.5280874,35.975
1768496251.6304812,45.243
1768496251.7329762,33.014
1768496251.8352592,44.948
1768496251.9407427,38.124
1768496252.043114,36.25
1768496252.1454303,44.626
1768496252.2479284,33.212
1768496252.350408,40.467
1768496252.4527197,42.315
1768496252.5551815,49.938
1768496252.6575794,34.001
1768496252.7599103,47.184
1768496252.8651648,38.693
1768496252.9677534,37.828
1768496253.0704222,45.118
1768496253.1742585,34.889
1768496253.2767408,50.891
1768496253.3790984,37.828
1768496253.4814677,38.89
1768496253.5839183,46.719
1768496253.690095,34.199
1768496253.7925208,47.942
1768496253.8950815,37.609
1768496253.99764,38.223
1768496254.1001244,47.015
1768496254.2025492,33.587
1768496254.3049605,37.806
1768496254.4074807,46.129
1768496254.5135908,33.804
1768496254.616057,40.345
1768496254.718369,43.595
1768496254.8208656,34.988
1768496254.9232535,49.515
1768496255.025876,33.527
1768496255.1282701,44.554
1768496255.2305577,37.981
1768496255.3330593,37.828
1768496255.43889,41.527
1768496255.541527,36.546
1768496255.6438437,47.31
1768496255.7461715,33.705
1768496255.8486376,39.11
1768496255.9511435,47.113
1768496256.053479,33.428
1768496256.156014,40.467
1768496256.2615626,41.798
1768496256.3641613,33.902
1768496256.468786,40.444
1768496256.5712337,33.428
1768496256.6736145,33.231
1768496256.7762177,37.335
1768496256.8791358,36.546
1768496256.9814107,45.243
1768496257.0899286,33.409
1768496257.1923058,50.399
1768496257.2947478,38.989
1768496257.3986537,35.461
1768496257.5008118,51.745
1768496257.6031592,38.124
1768496257.7054377,37.729
1768496257.8098001,45.315
1768496257.9121764,33.705
1768496258.0146227,34.396
1768496258.1168656,40.542
1768496258.2192388,34.593
1768496258.321638,47.057
1768496258.4239428,37.236
1768496258.526195,38.124
1768496258.628616,42.512
1768496258.7343106,34.396
1768496258.836668,46.593
1768496258.938931,38.792
1768496259.0412207,35.778
1768496259.1435575,44.948
1768496259.2458458,32.638
1768496259.348146,38.025
1768496259.4506202,48.954
1768496259.552825,38.989
1768496259.655325,36.053
1768496259.7595336,48.306
1768496259.8618276,41.059
1768496259.9641628,35.185
1768496260.066554,48.069
1768496260.1689231,37.631
1768496260.2712865,37.708
1768496260.3736424,47.647
1768496260.4758937,33.902
1768496260.5782814,39.876
1768496260.6836448,43.963
1768496260.7859054,35.087
1768496260.8882349,51.512
1768496260.9906228,40.172
1768496261.093002,38.792
1768496261.1968164,36.172
1768496261.2991219,44.357
1768496261.4013152,33.212
1768496261.5035875,38.989
1768496261.6100373,46.621
1768496261.7202063,33.527
1768496261.8229268,43.792
1768496261.9252195,44.062
1768496262.0326643,34.889
1768496262.1349373,42.881
1768496262.2371767,41.847
1768496262.3394918,35.876
1768496262.442165,52.987
1768496262.544488,39.679
1768496262.6467488,35.56
1768496262.7491186,42.315
1768496262.8555367,45.118
1768496262.9578178,34.297
1768496263.0600362,43.57
1768496263.1622608,44.134
1768496263.2645953,35.185
1768496263.3668578,42.487
1768496263.4691865,44.626
1768496263.5714703,36.053
1768496263.6737807,50.075
1768496263.7806897,35.284
1768496263.883009,46.664
1768496263.9854817,40.96
1768496264.0877233,36.25
1768496264.1899486,45.61
1768496264.292174,35.383
1768496264.3944945,49.613
1768496264.496815,39.337
1768496264.5990987,38.124
1768496264.7037635,47.942
1768496264.80607,33.409
1768496264.9084184,42.019
1768496265.0107768,42.413
1768496265.113034,34.889
1768496265.2154427,36.919
1768496265.3181102,38.321
1768496265.420286,45.288
1768496265.5226595,33.31
1768496265.6248667,40.073
1768496265.7275186,41.601
1768496265.8319337,34.692
1768496265.9341817,46.495
1768496266.0365174,41.109
1768496266.1402662,34.495
1768496266.2425852,49.583
1768496266.3448474,37.412
1768496266.44723,42.906
1768496266.5494688,36.349
1768496266.6561131,41.65
1768496266.7584898,35.383
1768496266.8612926,41.33
1768496266.9637234,35.481
1768496267.0663414,47.872
1768496267.168795,33.804
1768496267.271236,50.301
1768496267.3735662,32.539
1768496267.481077,41.551
1768496267.5835848,36.447
1768496267.6859314,37.631
1768496267.788344,42.118
1768496267.890621,33.508
1768496267.993185,46.397
1768496268.0954695,38.025
1768496268.1977565,35.284
1768496268.300506,43.595
1768496268.4064302,34.001
1768496268.5089164,44.062
1768496268.611479,33.31
1768496268.7138958,50.528
1768496268.8162851,32.737
1768496268.9188685,42.709
1768496269.02141,35.757
1768496269.124142,40.369
1768496269.2287755,36.842
1768496269.3312109,39.284
1768496269.4337075,36.722
1768496269.5362358,32.441
1768496269.6388772,47.085
1768496269.7412465,32.737
1768496269.8433378,41.256
1768496269.947996,35.996
1768496270.0530498,37.631
1768496270.1592512,38.321
1768496270.2615852,34.495
1768496270.3639169,43.471
1768496270.4662106,32.243
1768496270.5685284,40.861
1768496270.6708686,40.664
1768496270.7777383,33.31
1768496270.8801794,40.96
1768496270.9824927,41.625
1768496271.0849764,34.495
1768496271.187295,48.925
1768496271.2896745,34.495
1768496271.3921094,37.828
1768496271.4945126,43.767
1768496271.5967796,33.508
1768496271.7025316,42.216
1768496271.8049183,44.357
1768496271.9072201,34.1
1768496272.0095162,40.838
1768496272.1118555,39.899
1768496272.214184,37.138
1768496272.3164814,45.046
1768496272.418867,34.495
1768496272.5212474,47.97
1768496272.626494,38.474
1768496272.7289107,35.658
1768496272.8312933,50.105
1768496272.933732,38.716
1768496273.0359461,35.658
1768496273.1382558,46.987
1768496273.2406921,37.806
1768496273.3431196,36.743
1768496273.445532,51.284
1768496273.550543,37.159
1768496273.6529064,36.546
1768496273.7552185,48.167
1768496273.8576097,36.94
1768496273.9602551,53.513
1768496274.0625584,39.679
1768496274.1647913,37.236
1768496274.2671504,48.266
1768496274.3693254,38.89
1768496274.4715416,36.94
1768496274.5800624,49.289
1768496274.6823068,38.617
1768496274.7846065,36.349
1768496274.88677,52.039
1768496274.9890413,38.42
1768496275.0913384,36.447
1768496275.1936517,46.271
1768496275.2960708,33.606
1768496275.3982964,42.241
1768496275.503343,46.03
1768496275.6057274,33.902
1768496275.7081645,40.566
1768496275.810425,47.942
1768496275.9128091,34.1
1768496276.015398,48.856
1768496276.1176312,38.989
1768496276.2200396,36.94
1768496276.3225243,45.61
1768496276.425066,34.001
1768496276.5300164,47.113
1768496276.6323245,33.508
1768496276.7347937,47.942
1768496276.8371036,35.087
1768496276.9395447,45.905
1768496277.042094,32.934
1768496277.1446059,44.751
1768496277.247032,32.342
1768496277.349432,40.444
1768496277.4520445,38.321
1768496277.5572,35.778
1768496277.6597226,37.039
1768496277.7623608,39.209
1768496277.8647828,37.959
1768496277.967212,35.954
1768496278.0696847,42.807
1768496278.1722443,33.31
1768496278.274684,46.03
1768496278.3771822,36.645
1768496278.4801702,37.06
1768496278.5825768,39.679
1768496278.6849813,48.069
1768496278.7890427,32.441
1768496278.8913326,44.088
1768496278.9943185,36.842
1768496279.0965095,37.631
1768496279.1987574,43.865
1768496279.301981,33.033
1768496279.4066837,39.876
1768496279.5092862,42.216
1768496279.6116085,33.705
1768496279.7141118,48.757
1768496279.8164341,37.357
1768496279.918843,37.138
1768496280.0212743,45.708
1768496280.1237392,33.606
1768496280.2262194,45.046
1768496280.331124,42.709
1768496280.4334824,34.495
1768496280.5358818,45.145
1768496280.6382256,40.838
1768496280.7405884,34.889
1768496280.842824,46.621
1768496280.945125,40.936
1768496281.047414,35.087
1768496281.1499054,44.823
1768496281.2566185,38.792
1768496281.359045,36.053
1768496281.461576,48.728
1768496281.5638566,38.299
1768496281.6661334,36.053
1768496281.7686002,50.732
1768496281.8710105,38.321
1768496281.9733558,36.94
1768496282.0757124,50.891
1768496282.1802478,33.606
1768496282.2825716,40.664
1768496282.3849628,46.987
1768496282.4874394,39.876
1768496282.5903382,35.876
1768496282.6926095,47.97
1768496282.7950144,40.739
1768496282.897287,35.185
1768496282.9996104,49.946
1768496283.1045623,38.2
1768496283.2074344,48.069
1768496283.3098016,33.606
1768496283.4121726,39.087
1768496283.5144074,49.416
1768496283.6203735,33.705
1768496283.7226589,39.974
1768496283.8305273,44.331
1768496283.932902,34.988
1768496284.035369,44.285
1768496284.1377356,40.885
1768496284.2400491,36.645
1768496284.3423517,52.825
1768496284.444617,38.716
1768496284.5472896,38.496
1768496284.6536546,51.941
1768496284.756257,39.679
1768496284.858732,35.856
1768496284.9612994,49.711
1768496285.063711,38.792
1768496285.1661985,37.039
1768496285.2687204,51.812
1768496285.3711202,39.928
1768496285.4734023,35.284
1768496285.5806541,47.015
1768496285.6828866,41.724
1768496285.7852337,35.087
1768496285.8875546,48.59
1768496285.9898634,38.321
1768496286.0922015,36.151
1768496286.1945395,48.364
1768496286.2969162,38.299
1768496286.4032931,37.532
1768496286.5056336,43.398
1768496286.6079347,34.692
1768496286.710248,45.932
1768496286.812768,37.039
1768496286.915113,44.849
1768496287.0174992,34.593
1768496287.120136,50.596
1768496287.2223995,38.496
1768496287.3278413,48.069
1768496287.430524,33.804
1768496287.5327225,40.27
1768496287.635199,47.184
1768496287.7373729,34.199
1768496287.8409414,40.641
1768496287.9434223,44.921
1768496288.0457766,34.593
1768496288.150695,45.216
1768496288.2531068,39.087
1768496288.355333,35.856
1768496288.457693,45.44
1768496288.5601497,34.297
1768496288.6624982,49.81
1768496288.7647936,38.025
1768496288.8672025,36.468
1768496288.9699256,45.932
1768496289.0755312,34.199
1768496289.1779106,46.987
1768496289.2802565,33.508
1768496289.3828862,52.102
1768496289.4852219,33.132
1768496289.587644,45.413
1768496289.6902728,37.609
1768496289.7925887,35.954
1768496289.8949163,43.668
1768496290.0013983,32.916
1768496290.1037388,38.913
1768496290.2062283,45.61
1768496290.3084986,38.2
1768496290.4107225,37.138
1768496290.513085,50.732
1768496290.6154873,38.474
1768496290.7180219,36.645
1768496290.8205087,54.102
1768496290.9259315,33.902
1768496291.0284162,39.482
1768496291.1308258,44.403
1768496291.233224,34.791
1768496291.3358989,46.298
1768496291.4382656,39.307
1768496291.5407467,37.039
1768496291.643153,51.941
1768496291.7496474,40.763
1768496291.8520179,45.932
1768496291.9543624,34.593
1768496292.0611103,50.369
1768496292.1645825,40.172
1768496292.2668364,36.447
1768496292.3691118,48.925
1768496292.4745314,38.693
1768496292.5769117,38.814
1768496292.6793096,53.709
1768496292.7816875,39.974
1768496292.8839753,35.284
1768496292.9862967,44.186
1768496293.0886202,40.715
1768496293.1910133,34.988
1768496293.2933943,46.003
1768496293.3991418,41.33
1768496293.5015156,35.284
1768496293.603905,47.409
1768496293.7062612,40.172
1768496293.8086255,35.778
1768496293.9108794,48.728
1768496294.0133305,39.383
1768496294.115815,36.151
1768496294.218276,47.745
1768496294.3241396,33.606
1768496294.4265895,41.847
1768496294.5289795,38.518
1768496294.6314194,36.546
1768496294.7337592,49.446
1768496294.836053,39.876
1768496294.9383817,36.151
1768496295.0406387,50.233
1768496295.1429665,34.968
1768496295.2453043,36.842
1768496295.3505018,52.759
1768496295.4527678,40.467
1768496295.5550768,35.185
1768496295.6576645,44.626
1768496295.760057,39.262
1768496295.8623843,37.631
1768496295.9647264,51.321
1768496296.0672398,38.025
1768496296.169506,39.974
1768496296.2757597,35.185
1768496296.3779612,45.61
1768496296.4801328,38.913
1768496296.5823164,37.138
1768496296.6858714,36.842
1768496296.7885928,42.512
1768496296.8908682,41.33
1768496296.9931946,34.1
1768496297.0954866,44.823
1768496297.2007399,36.94
1768496297.303154,37.434
1768496297.4054844,43.937
1768496297.5079706,33.705
1768496297.6105814,43.891
1768496297.7130668,37.729
1768496297.815839,40.838
1768496297.9182906,37.828
1768496298.0253348,37.631
1768496298.1278784,44.652
1768496298.2302222,33.508
1768496298.332763,42.29
1768496298.4354665,38.2
1768496298.5380716,35.778
1768496298.640426,46.861
1768496298.742798,38.124
1768496298.8486683,37.828
1768496298.9512117,46.79
1768496299.0535426,34.001
1768496299.1559715,42.118
1768496299.2584825,40.444
1768496299.3609238,34.889
1768496299.4635894,50.498
1768496299.565967,34.001
1768496299.6683812,44.259
1768496299.773871,37.215
1768496299.8762314,38.223
1768496299.978583,41.428
1768496300.0809112,35.383
1768496300.1831636,47.774
1768496300.2857177,33.705
1768496300.3880768,43.3
1768496300.4916205,33.31
1768496300.5986056,33.705
1768496300.7014408,40.392
1768496300.8036692,34.199
1768496300.908824,41.946
1768496301.0112858,34.495
1768496301.113669,42.684
1768496301.2158902,33.132
1768496301.3220735,45.932
1768496301.4245021,36.349
1768496301.5268636,39.383
1768496301.6292021,40.073
1768496301.7315013,35.383
1768496301.8338726,44.134
1768496301.9362488,32.836
1768496302.0385652,40.27
1768496302.1409311,37.609
1768496302.2479188,37.039
1768496302.350527,39.876
1768496302.4529886,33.705
1768496302.555411,43.668
1768496302.6578956,39.603
1768496302.7603693,34.396
1768496302.8628588,39.801
1768496302.9652278,41.946
1768496303.0675766,34.692
1768496303.1735344,48.167
1768496303.2758849,39.186
1768496303.378136,36.743
1768496303.4805012,47.226
1768496303.582911,34.1
1768496303.6852407,41.699
1768496303.7874823,39.974
1768496303.8899586,36.349
1768496303.9924777,47.184
1768496304.0979788,33.804
1768496304.2003286,43.839
1768496304.3027062,38.518
1768496304.4050524,37.828
1768496304.5075026,47.942
1768496304.609924,34.199
1768496304.7128205,45.019
1768496304.8151042,37.981
1768496304.9173312,48.266
1768496305.0250034,39.406
1768496305.1350079,38.2
1768496305.2373986,44.876
1768496305.3396597,33.508
1768496305.4419796,42.807
1768496305.546529,41.847
1768496305.6491506,34.593
1768496305.7515292,48.925
1768496305.8540044,32.836
1768496305.956278,39.899
1768496306.058862,41.306
1768496306.161129,34.593
1768496306.2638464,45.216
1768496306.36614,33.212
1768496306.4732478,44.849
1768496306.575626,38.639
1768496306.67796,35.975
1768496306.7804866,37.532
1768496306.8828619,35.481
1768496306.985135,47.085
1768496307.0874293,37.138
1768496307.1898355,36.546
1768496307.292101,45.145
1768496307.3982387,37.434
1768496307.5006177,38.716
1768496307.6029189,41.872
1768496307.7054799,36.151
1768496307.8077729,43.398
1768496307.9100373,36.37
1768496308.012403,51.745
1768496308.1148798,39.11
1768496308.2219346,37.138
1768496308.324293,53.677
1768496308.4266286,39.459
1768496308.5292563,36.743
1768496308.6317928,53.84
1768496308.734657,34.475
1768496308.8372374,38.42
1768496308.9395106,34.001
1768496309.0456831,45.046
1768496309.1480596,39.824
1768496309.250438,36.842
1768496309.3529384,49.583
1768496309.4554229,34.001
1768496309.5576935,40.369
1768496309.6599967,46.916
1768496309.7625687,34.495
1768496309.8653402,42.512
1768496309.970259,42.906
1768496310.0725553,35.383
1768496310.1749287,47.45
1768496310.2772403,36.863
1768496310.3797386,36.743
1768496310.4821193,47.802
1768496310.5845203,33.31
1768496310.686859,41.157
1768496310.789157,44.751
1768496310.8914201,34.593
1768496310.9961402,45.145
1768496311.0985322,39.36
1768496311.200973,36.349
1768496311.3032126,50.075
1768496311.4056604,37.335
1768496311.508167,38.595
1768496311.6106606,48.59
1768496311.7129786,35.264
1768496311.8152628,38.025
1768496311.921128,47.577
1768496312.0234406,36.743
1768496312.1258166,41.946
1768496312.2281134,41.38
1768496312.3303561,37.927
1768496312.4327526,48.266
1768496312.535184,33.902
1768496312.6374807,39.012
1768496312.739952,48.364
1768496312.8455563,36.743
1768496312.9479916,44.6
1768496313.0503216,34.889
1768496313.1527839,41.921
1768496313.255147,45.735
1768496313.3577197,34.593
1768496313.4602005,40.148
1768496313.56352,36.349
1768496313.6687517,51.646
1768496313.7761252,39.209
1768496313.8783662,37.039
1768496313.9807522,50.271
1768496314.0829945,35.185
1768496314.185327,38.617
1768496314.2877,48.138
1768496314.3942914,34.593
1768496314.4966571,39.012
1768496314.5989203,50.762
1768496314.701183,40.05
1768496314.8034961,34.692
1768496314.9059167,43.471
1768496315.0083554,41.921
1768496315.110766,35.954
1768496315.2131052,53.709
1768496315.3181298,37.828
1768496315.4204392,37.905
1768496315.5227199,46.987
1768496315.624928,37.532
1768496315.7271776,38.2
1768496315.8294387,47.282
1768496315.9317887,38.595
1768496316.0342853,38.223
1768496316.1366968,46.987
1768496316.243072,34.396
1768496316.3455844,45.467
1768496316.4478805,36.722
1768496316.550131,42.413
1768496316.6527314,41.748
1768496316.7552257,37.609
1768496316.857513,38.299
1768496316.95976,35.185
1768496317.062157,46.03
1768496317.167835,32.521
1768496317.2702558,38.397
1768496317.3726454,43.865
1768496317.474989,33.409
1768496317.5778446,39.482
1768496317.6802545,42.438
1768496317.7826097,44.679
1768496317.885632,43.767
1768496317.9878283,33.508
1768496318.092763,40.27
1768496318.1960087,42.636
1768496318.298298,34.001
1768496318.400644,46.03
1768496318.5029685,36.863
1768496318.605219,37.236
1768496318.7076268,45.806
1768496318.8098068,33.231
1768496318.9121442,40.444
1768496319.0173786,47.704
1768496319.119726,33.428
1768496319.2220995,40.369
1768496319.3245387,43.57
1768496319.426924,34.1
1768496319.52925,42.61
1768496319.6316156,41.059
1768496319.734014,34.297
1768496319.8363159,48.196
1768496319.9415848,38.321
1768496320.043864,38.124
1768496320.1461685,42.979
1768496320.2484229,34.199
1768496320.350846,49.682
1768496320.4532027,37.51
1768496320.555594,37.039
1768496320.657883,49.78
1768496320.7601955,39.801
1768496320.8658473,35.383
1768496320.968146,51.253
1768496321.0705414,33.212
1768496321.1728063,48.994
1768496321.275196,34.001
1768496321.3775089,48.069
1768496321.4798613,39.337
1768496321.582168,36.25
1768496321.684558,52.138
1768496321.7906659,38.124
1768496321.892886,37.039
1768496321.9959114,50.793
1768496322.0983224,37.729
1768496322.20057,38.102
1768496322.3029227,33.804
1768496322.4058797,38.299
1768496322.5080688,48.63
1768496322.6101959,33.902
1768496322.716207,39.383
1768496322.8185205,48.335
1768496322.9207191,33.686
1768496323.0231788,39.087
1768496323.125586,46.397
1768496323.2278712,34.692
1768496323.3301814,45.341
1768496323.4325063,40.664
1768496323.5383317,36.151
1768496323.6405127,49.741
1768496323.742816,39.284
1768496323.8450332,38.003
1768496323.9474993,47.675
1768496324.0497732,33.231
1768496324.1520696,40.96
1768496324.2543898,41.354
1768496324.356759,35.954
1768496324.459047,50.43
1768496324.5649571,33.014
1768496324.6673548,39.406
1768496324.7696805,46.003
1768496324.8721845,33.705
1768496324.9745805,39.974
1768496325.07686,47.999
1768496325.179214,34.672
1768496325.2815042,37.532
1768496325.3839426,47.901
1768496325.4863431,33.409
1768496325.5914214,41.453
1768496325.6937628,44.429
1768496325.796066,33.409
1768496325.898433,39.974
1768496326.000876,48.856
1768496326.10344,32.836
1768496326.2059133,40.369
1768496326.3082197,45.637
1768496326.4105902,35.087
1768496326.5131052,46.593
1768496326.6188312,33.804
1768496326.721476,46.79
1768496326.8238223,37.039
1768496326.9262807,44.134
1768496327.0291138,44.357
1768496327.1317973,38.2
1768496327.2340875,37.138
1768496327.336325,47.254
1768496327.4447963,35.087
1768496327.5471668,39.383
1768496327.649401,46.916
1768496327.7516668,33.409
1768496327.8539898,43.694
1768496327.9562159,44.849
1768496328.0585077,34.593
1768496328.1608477,50.43
1768496328.2631276,33.231
1768496328.3695602,42.61
1768496328.471781,38.397
1768496328.5741298,36.743
1768496328.6764197,43.176
1768496328.7788677,33.31
1768496328.8811624,47.085
1768496328.9834383,37.751
1768496329.0858414,38.89
1768496329.188223,42.807
1768496329.2936995,34.199
1768496329.3959928,45.44
1768496329.498476,36.82
1768496329.6009247,39.482
1768496329.7031486,39.186
1768496329.8054168,35.975
1768496329.9079678,46.987
1768496330.0103319,33.113
1768496330.1126325,44.285
1768496330.2183073,38.518
1768496330.3207262,37.729
1768496330.423152,43.767
1768496330.5257347,34.1
1768496330.62813,50.694
1768496330.7304466,38.025
1768496330.8334734,37.335
1768496330.9368844,38.617
1768496331.0433726,38.693
1768496331.1457298,35.778
1768496331.2489638,45.511
1768496331.3512907,37.828
1768496331.4540281,50.143
1768496331.5563085,38.671
1768496331.6591156,36.842
1768496331.7616415,52.629
1768496331.8664234,38.868
1768496331.9688323,36.271
1768496332.0711882,53.054
1768496332.1742964,33.705
1768496332.2767,40.05
1768496332.3791053,41.181
1768496332.481516,36.25
1768496332.5839412,53.054
1768496332.689149,33.409
1768496332.7917347,42.61
1768496332.8941016,39.928
1768496332.9964874,36.349
1768496333.099113,46.129
1768496333.201628,33.508
1768496333.3041146,44.357
1768496333.4068704,40.148
1768496333.5093753,35.975
1768496333.6144052,45.341
1768496333.7172883,33.193
1768496333.8199558,38.89
1768496333.92243,42.118
1768496334.024801,33.902
1768496334.1271958,49.711
1768496334.229669,34.396
1768496334.3320568,41.33
1768496334.4345975,37.138
1768496334.5391643,37.236
1768496334.641718,42.413
1768496334.7442605,34.889
1768496334.8468332,43.937
1768496334.949235,33.329
1768496335.0516222,46.271
1768496335.154228,32.836
1768496335.2567005,43.201
1768496335.3591437,34.199
1768496335.4663825,38.989
1768496335.5688102,36.842
1768496335.6751676,42.413
1768496335.7773895,33.132
1768496335.879906,43.3
1768496335.9826336,37.313
1768496336.0886264,36.743
1768496336.1908808,41.256
1768496336.2931068,33.31
1768496336.3953295,48.532
1768496336.497635,32.638
1768496336.6006544,48.728
1768496336.7028818,33.804
1768496336.8056133,40.664
1768496336.9080353,34.199
1768496337.0145957,42.709
1768496337.1169865,39.11
1768496337.219256,37.039
1768496337.3218462,49.446
1768496337.4241662,34.001
1768496337.5264904,47.549
1768496337.62886,33.409
1768496337.7312453,42.315
1768496337.8336382,39.603
1768496337.9385746,35.856
1768496338.0409322,51.874
1768496338.1433702,33.527
1768496338.2457685,41.354
1768496338.3481178,41.724
1768496338.450505,35.856
1768496338.5529816,50.528
1768496338.6552885,38.025
1768496338.7575524,37.631
1768496338.8602695,47.745
1768496338.9637105,33.527
1768496339.0661998,39.876
1768496339.1686754,43.004
1768496339.2710068,33.902
1768496339.37326,42.807
1768496339.4756463,39.603
1768496339.5779254,35.383
1768496339.6803095,50.989
1768496339.78284,36.074
1768496339.886833,36.842
1768496339.9896524,45.806
1768496340.0958064,38.518
1768496340.1979399,45.932
1768496340.3000956,33.606
1768496340.4022033,39.482
1768496340.5044749,43.57
1768496340.606718,33.705
1768496340.7088923,45.806
1768496340.8143632,42.216
1768496340.9166338,34.001
1768496341.018832,40.566
1768496341.121062,43.227
1768496341.2233715,34.396
1768496341.3258264,46.03
1768496341.4282143,38.89
1768496341.5305061,35.876
1768496341.6328948,43.865
1768496341.735258,46.593
1768496341.8403785,34.1
1768496341.9427323,42.118
1768496342.0450647,48.856
1768496342.1474748,36.722
1768496342.249874,37.039
1768496342.3524473,48.856
1768496342.4548848,41.354
1768496342.5572987,35.383
1768496342.6641781,43.201
1768496342.7665598,43.668
1768496342.8690078,34.889
1768496342.9713314,43.3
1768496343.0736403,41.207
1768496343.1760583,35.954
1768496343.2783296,54.004
1768496343.3806684,36.032
1768496343.4873726,39.012
1768496343.589776,45.118
1768496343.692047,33.902
1768496343.7943864,48.433
1768496343.8970451,33.508
1768496343.9993932,43.694
1768496344.101733,39.186
1768496344.2040968,37.434
1768496344.3064923,48.237
1768496344.4126902,38.693
1768496344.5150726,36.25
1768496344.61742,38.868
1768496344.719625,36.743
1768496344.821939,51.088
1768496344.9256816,40.739
1768496345.0279346,35.067
1768496345.1302307,53.513
1768496345.2324436,38.518
1768496345.3380103,36.053
1768496345.440378,48.306
1768496345.542772,33.962
1768496345.6450794,38.321
1768496345.74749,49.682
1768496345.8497705,39.702
1768496345.9520483,36.172
1768496346.0544252,44.429
1768496346.1567478,41.822
1768496346.2624876,35.461
1768496346.3647623,46.129
1768496346.467095,40.491
1768496346.5694036,37.51
1768496346.671692,47.015
1768496346.7740626,53.056
1768496346.8763087,40.345
1768496346.9785185,37.434
1768496347.0808587,51.217
1768496347.1866615,43.078
1768496347.2889502,35.658
1768496347.3912983,47.872
1768496347.4936082,39.829
1768496347.5959623,37.532
1768496347.6982467,55.281
1768496347.8006084,39.284
1768496347.9029007,37.138
1768496348.0051072,50.86
1768496348.1111176,38.025
1768496348.213323,38.814
1768496348.315674,48.335
1768496348.418051,33.705
1768496348.5203288,39.284
1768496348.6227193,46.959
1768496348.7254655,39.087
1768496348.8277104,36.842
1768496348.9300196,46.271
1768496349.0359929,34.001
1768496349.138401,46.298
1768496349.2408574,33.606
1768496349.3454797,39.58
1768496349.4477353,45.413
1768496349.5498528,33.508
1768496349.652049,37.039
1768496349.7542288,45.538
1768496349.8564792,34.1
1768496349.96165,42.388
1768496350.0640302,45.413
1768496350.1663818,34.199
1768496350.2687485,39.58
1768496350.3709216,47.479
1768496350.4731567,34.889
1768496350.575712,48.069
1768496350.677969,34.988
1768496350.7803304,50.173
1768496350.8858829,39.284
1768496350.98819,35.383
1768496351.0905378,42.807
1768496351.1928532,39.557
1768496351.2951753,36.053
1768496351.3974752,54.037
1768496351.4998407,38.595
1768496351.602153,37.335
1768496351.7044828,52.565
1768496351.8113177,41.724
1768496351.9136536,35.264
1768496352.0158749,45.27
1768496352.1181493,44.921
1768496352.2204978,34.889
1768496352.322877,40.467
1768496352.4253137,46.888
1768496352.5275483,34.278
1768496352.6298866,37.532
1768496352.7349975,41.503
1768496352.8371983,44.528
1768496352.9396498,34.889
1768496353.0418875,47.015
1768496353.1441646,42.709
1768496353.2465456,36.074
1768496353.3493557,45.834
1768496353.4517665,40.838
1768496353.553978,35.954
1768496353.6563675,43.989
1768496353.7614946,34.692
1768496353.8641758,38.595
1768496353.9663522,52.727
1768496354.0685525,40.392
1768496354.1719456,38.102
1768496354.2743795,48.237
1768496354.376659,34.791
1768496354.4788172,37.335
1768496354.5810628,45.145
1768496354.686183,37.236
1768496354.788662,43.103
1768496354.8913038,37.631
1768496354.9937444,38.595
1768496355.0961833,36.053
1768496355.198601,49.515
1768496355.3011463,39.951
1768496355.4035351,36.271
1768496355.5060153,53.415
1768496355.610957,37.039
1768496355.71336,39.876
1768496355.8159223,42.807
1768496355.918239,35.481
1768496356.020853,45.905
1768496356.123393,39.383
1768496356.2259881,38.025
1768496356.3283074,47.901
1768496356.4350154,34.396
1768496356.5375037,48.925
1768496356.6399555,33.705
1768496356.7437215,44.823
1768496356.8460517,36.842
1768496356.9484172,47.549
1768496357.050771,32.934
1768496357.1530066,37.335
1768496357.2554288,41.527
1768496357.3613155,34.692
1768496357.4635878,48.433
1768496357.5659418,37.905
1768496357.668233,36.94
1768496357.7710145,45.905
1768496357.8734417,33.606
1768496357.9758914,43.989
1768496358.078283,39.232
1768496358.1851263,47.31
1768496358.2881644,34.1
1768496358.3905263,45.315
1768496358.492775,38.966
1768496358.5953798,36.053
1768496358.6980505,47.113
1768496358.8004076,34.001
1768496358.9027123,41.133
1768496359.00497,38.003
1768496359.1102228,35.383
1768496359.212692,44.482
1768496359.315149,32.934
1768496359.4174347,41.921
1768496359.5199332,37.806
1768496359.6223986,36.645
1768496359.7246895,46.156
1768496359.8270686,33.033
1768496359.9293828,37.138
1768496360.0333068,44.357
1768496360.1355727,34.001
1768496360.2378814,46.326
1768496360.3402324,38.2
1768496360.4427204,37.138
1768496360.5451596,48.266
1768496360.6475048,33.804
1768496360.7498295,43.595
1768496360.8521345,39.58
1768496360.9546182,34.692
1768496361.0607061,45.243
1768496361.1630445,39.928
1768496361.2656968,34.495
1768496361.3679786,41.33
1768496361.4703174,41.921
1768496361.5726218,34.988
1768496361.6749527,42.241
1768496361.7772722,47.184
1768496361.8796396,34.495
1768496361.9845164,42.807
1768496362.0869575,43.078
1768496362.189467,34.791
1768496362.2920098,44.16
1768496362.3944123,39.383
1768496362.496793,35.185
1768496362.5994828,46.593
1768496362.7018027,39.679
1768496362.804061,35.185
1768496362.911691,42.782
1768496363.0138516,34.889
1768496363.1162755,45.118
1768496363.2184734,38.102
1768496363.320676,36.842
1768496363.4229162,46.916
1768496363.5251853,33.527
1768496363.6273932,40.96
1768496363.7296898,38.617
1768496363.8358757,36.053
1768496363.9381769,46.621
1768496364.0405006,34.968
1768496364.1430104,40.073
1768496364.2453675,45.27
1768496364.348029,34.297
1768496364.450554,47.38
1768496364.5528276,39.429
1768496364.6552317,36.172
1768496364.7612014,52.664
1768496364.8635554,37.708
1768496364.9659536,39.087
1768496365.0683446,44.456
1768496365.1708155,35.58
1768496365.273195,48.954
1768496365.3756196,33.705
1768496365.4778457,44.751
1768496365.5802946,38.2
1768496365.682618,38.617
1768496365.7874303,44.849
1768496365.8898127,34.396
1768496365.992193,48.757
1768496366.0948052,35.856
1768496366.197115,39.11
1768496366.299514,38.42
1768496366.401814,36.053
1768496366.5041826,43.668
1768496366.6066582,33.804
1768496366.709093,49.318
1768496366.8138995,37.039
1768496366.916292,44.429
1768496367.019213,32.737
1768496367.1215842,41.354
1768496367.2238948,39.186
1768496367.3262432,34.889
1768496367.432807,47.282
1768496367.5386353,44.259
1768496367.6413074,33.033
1768496367.7438633,46.298
1768496367.846084,37.335
1768496367.9482365,36.37
1768496368.0505595,44.357
1768496368.152942,33.428
1768496368.255369,46.888
1768496368.3576472,37.335
1768496368.4638648,38.124
1768496368.566282,40.073
1768496368.6689258,34.199
1768496368.771861,48.827
1768496368.874231,37.412
1768496368.976773,36.645
1768496369.0792356,44.652
1768496369.1817188,33.508
1768496369.2879453,44.357
1768496369.3902698,36.645
1768496369.4927433,41.231
1768496369.5951643,38.124
1768496369.6977215,35.087
1768496369.8005788,46.888
1768496369.90311,37.631
1768496370.005498,36.842
1768496370.1124763,45.959
1768496370.214931,33.212
1768496370.3172739,38.496
1768496370.419824,44.724
1768496370.522205,34.199
1768496370.62465,47.704
1768496370.7269945,38.124
1768496370.8294723,36.271
1768496370.9351447,45.368
1768496371.0381536,33.409
1768496371.1406646,40.664
1768496371.2430973,39.012
1768496371.3453662,35.481
1768496371.4518156,43.004
1768496371.554153,36.349
1768496371.6636457,53.316
1768496371.7658823,39.679
1768496371.8682723,35.954
1768496371.9706833,52.432
1768496372.0732536,38.595
1768496372.175707,37.434
1768496372.2779818,47.282
1768496372.3846333,34.396
1768496372.4870505,46.593
1768496372.5893373,40.444
1768496372.691668,35.087
1768496372.7941103,46.495
1768496372.896531,33.804
1768496372.998784,42.585
1768496373.101084,39.557
1768496373.2033355,37.434
1768496373.3101318,47.113
1768496373.412366,36.645
1768496373.5147061,38.693
1768496373.6170645,48.069
1768496373.7193801,38.913
1768496373.8217716,35.56
1768496373.924227,50.725
1768496374.0264733,39.406
1768496374.128722,36.053
1768496374.234885,45.976
1768496374.337173,35.954
1768496374.4395278,37.335
1768496374.5418324,46.326
1768496374.644148,33.409
1768496374.7465436,45.413
1768496374.8489332,36.25
1768496374.9513996,39.186
1768496375.0538254,47.352
1768496375.1597812,36.842
1768496375.2621665,38.321
1768496375.364502,46.861
1768496375.4674988,37.116
1768496375.5699165,37.138
1768496375.6740353,46.692
1768496375.776272,34.495
1768496375.878936,41.822
1768496375.9834757,47.549
1768496376.0856998,33.705
1768496376.1880581,38.496
1768496376.2906258,47.254
1768496376.3928404,34.001
1768496376.4952114,48.757
1768496376.5976195,33.705
1768496376.6999168,52.303
1768496376.802273,34.396
1768496376.9083796,41.946
1768496377.0107093,48.728
1768496377.1129904,35.778
1768496377.2153819,37.236
1768496377.3177655,51.352
1768496377.420072,39.58
1768496377.5224297,36.349
1768496377.6246994,45.61
1768496377.7271857,33.329
1768496377.8331854,40.369
1768496377.9356563,46.156
1768496378.0380454,33.705
1768496378.1404378,39.679
1768496378.24276,48.757
1768496378.34517,38.693
1768496378.4474378,36.271
1768496378.5498931,48.433
1768496378.6521416,37.828
1768496378.7578924,36.151
1768496378.8602765,50.301
1768496378.962543,39.876
1768496379.0649874,35.284
1768496379.1673875,35.679
1768496379.2697768,45.735
1768496379.3720915,33.902
1768496379.4743104,43.497
1768496379.5766692,39.186
1768496379.6826296,35.284
1768496379.7849762,50.823
1768496379.8878608,38.496
1768496379.9900868,37.729
1768496380.0923898,48.699
1768496380.1957345,33.31
1768496380.2980237,45.216
1768496380.400982,33.902
1768496380.5064402,45.708
1768496380.6087918,38.496
1768496380.711222,36.151
1768496380.81366,46.424
1768496380.9160802,33.231
1768496381.0183873,40.444
1768496381.1207857,39.58
1768496381.22309,39.284
1768496381.3256063,32.934
1768496381.4315221,45.019
1768496381.5340002,33.606
1768496381.6364286,45.806
1768496381.7389343,35.383
1768496381.8412912,46.2
1768496381.9436228,35.679
1768496382.0459254,43.57
1768496382.1482232,34.791
1768496382.2505395,40.542
1768496382.355886,47.844
1768496382.4581654,38.989
1768496382.5605524,38.913
1768496382.662941,51.905
1768496382.7653267,39.209
1768496382.8678377,37.631
1768496382.9701064,50.989
1768496383.0724165,38.102
1768496383.1747859,37.905
1768496383.280837,49.318
1768496383.3832383,34.495
1768496383.4854705,47.704
1768496383.587722,38.102
1768496383.6900897,39.406
1768496383.792406,46.79
1768496383.8946655,34.988
1768496383.9970086,48.462
1768496384.1017776,39.459
1768496384.2041583,35.757
1768496384.3105,44.554
1768496384.4127617,33.804
1768496384.5152645,46.846
1768496384.6185372,39.58
1768496384.720676,40.763
1768496384.8228273,34.791
1768496384.9278822,47.282
1768496385.030247,34.199
1768496385.132485,37.532
1768496385.2348356,44.652
1768496385.3371148,32.916
1768496385.4393373,42.807
1768496385.5418282,36.546
1768496385.6441274,37.335
1768496385.7464218,45.44
1768496385.8536446,33.014
1768496385.9559586,42.833
1768496386.0582082,38.321
1768496386.160448,35.58
1768496386.2628932,45.046
1768496386.365172,32.836
1768496386.4675806,47.31
1768496386.5698519,33.329
1768496386.6721482,48.433
1768496386.7776732,36.645
1768496386.880032,44.285
1768496386.9823406,32.737
1768496387.084647,43.201
1768496387.1869655,37.138
1768496387.2893553,39.58
1768496387.3916745,41.65
1768496387.493973,34.396
1768496387.5964742,45.413
1768496387.7034166,32.934
1768496387.8056762,39.11
1768496387.9079685,41.109
1768496388.0103106,34.001
1768496388.1127455,49.515
1768496388.214981,32.638
1768496388.317321,41.231
1768496388.419724,37.532
1768496388.5277715,37.138
1768496388.6300542,42.807
1768496388.733464,34.1
1768496388.8358488,46.79
1768496388.9382389,38.814
1768496389.0412602,41.133
1768496389.1434941,33.902
1768496389.2495773,48.63
1768496389.3519318,32.144
1768496389.454221,41.428
1768496389.55648,37.729
1768496389.6590083,37.236
1768496389.761445,42.782
1768496389.8637977,33.033
1768496389.9662454,41.157
1768496390.0685084,37.631
1768496390.1746871,34.692
1768496390.2770724,43.398
1768496390.3795168,37.138
1768496390.4820757,35.757
1768496390.584622,46.03
1768496390.686977,33.31
1768496390.7893302,41.33
1768496390.8917048,43.004
1768496390.9941268,34.396
1768496391.0993614,51.745
1768496391.2016468,38.124
1768496391.3040183,36.053
1768496391.4063313,50.86
1768496391.5087073,37.532
1768496391.6110187,36.151
1768496391.7135315,50.634
1768496391.8159707,37.335
1768496391.918419,37.927
1768496392.02405,46.495
1768496392.1264782,34.001
1768496392.2289062,51.548
1768496392.3313022,33.804
1768496392.4337435,38.223
1768496392.536119,41.527
1768496392.6385725,34.593
1768496392.7408917,50.399
1768496392.843257,37.729
1768496392.9544766,35.954
1768496393.056804,44.626
1768496393.1591363,44.554
1768496393.2617319,37.806
1768496393.363849,36.151
1768496393.4660878,41.428
1768496393.5684083,34.1
1768496393.6726096,50.922
1768496393.7749531,37.335
1768496393.8772647,35.778
1768496393.9797502,47.774
1768496394.0820816,32.441
1768496394.1845698,39.777
1768496394.2868676,44.823
1768496394.389377,32.836
1768496394.4916604,38.792
1768496394.5939696,46.102
1768496394.6996872,33.902
1768496394.8021746,41.33
1768496394.9044774,40.542
1768496395.0069706,35.185
1768496395.1093166,45.806
1768496395.2117207,34.692
1768496395.3140526,49.652
1768496395.4163582,36.666
1768496395.5186954,40.172
1768496395.6251576,39.209
1768496395.7275672,35.954
1768496395.8297765,48.925
1768496395.9321547,33.409
1768496396.0346253,39.876
1768496396.1369302,39.406
1768496396.2392685,36.743
1768496396.341483,46.593
1768496396.443888,33.113
1768496396.5464976,46.326
1768496396.652409,33.508
1768496396.7549565,35.679
1768496396.85719,38.223
1768496396.9596572,43.398
1768496397.062028,32.737
1768496397.1643288,44.285
1768496397.2668092,36.645
1768496397.3691833,36.172
1768496397.4714358,45.44
1768496397.5793967,32.836
1768496397.6817944,44.554
1768496397.78408,38.397
1768496397.8879175,42.709
1768496397.9922767,38.868
1768496398.0946243,36.645
1768496398.196846,44.948
1768496398.3027973,34.1
1768496398.4052198,46.424
1768496398.5075846,38.003
1768496398.6100368,35.876
1768496398.7123246,48.433
1768496398.8146071,33.113
1768496398.9169157,38.321
1768496399.0193615,45.243
1768496399.121619,34.1
1768496399.2277198,43.227
1768496399.3299336,41.773
1768496399.4324155,34.495
1768496399.5348756,52.857
1768496399.6372771,33.231
1768496399.7397957,39.876
1768496399.8422809,46.649
1768496399.9447122,34.1
1768496400.0470026,43.373
1768496400.1519835,36.82
1768496400.2545278,38.693
1768496400.3571444,45.145
1768496400.4594934,33.902
1768496400.5617945,46.55
1768496400.6640663,39.186
1768496400.7664862,34.692
1768496400.8690581,50.301
1768496400.9714248,32.638
1768496401.077268,42.807
1768496401.179706,36.82
1768496401.2822883,38.518
1768496401.384529,46.424
1768496401.4867852,32.737
1768496401.589699,40.96
1768496401.691951,37.653
1768496401.7941012,37.434
1768496401.8964858,38.299
1768496401.9988072,36.172
1768496402.104485,43.373
1768496402.2068958,36.25
1768496402.3091779,40.247
1768496402.4130878,49.249
1768496402.5152805,32.737
1768496402.617469,41.896
1768496402.7198372,43.497
1768496402.8219981,33.508
1768496402.9285717,41.625
1768496403.0309277,42.782
1768496403.133117,34.889
1768496403.2355356,47.45
1768496403.3379087,38.814
1768496403.4402916,36.151
1768496403.5426698,44.528
1768496403.6450796,37.927
1768496403.747416,42.61
1768496403.852511,39.899
1768496403.9549658,36.349
1768496404.0575356,48.561
1768496404.1600533,34.199
1768496404.2623668,51.315
1768496404.364662,40.172
1768496404.4669194,36.25
1768496404.5692775,46.074
1768496404.671535,33.409
1768496404.7769449,42.044
1768496404.879293,41.748
1768496404.9815667,33.606
1768496405.0839698,44.383
1768496405.1862605,41.133
1768496405.2885082,34.396
1768496405.3909748,48.688
1768496405.493769,39.383
1768496405.5962493,34.692
1768496405.7019575,47.675
1768496405.8043647,32.836
1768496405.9069524,37.927
1768496406.009572,46.987
1768496406.1119246,38.397
1768496406.2141938,35.087
1768496406.3169715,47.675
1768496406.4194376,38.299
1768496406.5219,41.33
1768496406.6277149,37.905
1768496406.7302322,36.349
1768496406.832599,41.059
1768496406.9348948,45.243
1768496407.037038,33.705
1768496407.139239,39.58
1768496407.241478,47.31
1768496407.3436582,34.001
1768496407.4458916,41.034
1768496407.5514965,41.921
1768496407.6538959,34.593
1768496407.756341,48.266
1768496407.8587646,37.729
1768496407.961058,37.828
1768496408.063369,48.728
1768496408.1658084,33.902
1768496408.2681255,41.428
1768496408.3705814,45.145
1768496408.4764004,34.593
1768496408.578739,51.776
1768496408.681135,38.617
1768496408.783441,37.434
1768496408.8857632,47.549
1768496408.987991,33.409
1768496409.090414,39.459
1768496409.192833,43.103
1768496409.2951572,33.902
1768496409.4007614,42.413
1768496409.5030994,38.716
1768496409.605503,36.447
1768496409.7079473,47.774
1768496409.8102343,33.428
1768496409.912668,38.792
1768496410.0149739,45.878
1768496410.1173065,33.705
1768496410.2197146,44.921
1768496410.3262548,39.209
1768496410.4286544,35.087
1768496410.531092,49.643
1768496410.6333842,37.434
1768496410.73578,38.89
1768496410.837991,47.802
1768496410.9403377,33.508
1768496411.0461605,39.186
1768496411.1509342,45.216
1768496411.2544858,51.615
1768496411.3576481,37.905
1768496411.4597921,39.186
1768496411.5619287,38.42
1768496411.6642144,40.763
1768496411.7664728,44.383
1768496411.8688085,34.791
1768496411.9744098,43.595
1768496412.0767932,39.656
1768496412.1791267,36.25
1768496412.2815106,48.63
1768496412.3838236,34.1
1768496412.4861288,39.974
1768496412.5885565,43.3
1768496412.6909373,35.383
1768496412.7933233,43.595
1768496412.8994079,34.889
1768496413.0017729,47.184
1768496413.1041112,38.572
1768496413.2064588,36.25
1768496413.3087287,47.507
1768496413.411175,33.113
1768496413.513484,38.2
1768496413.6157415,45.44
1768496413.7181041,37.631
1768496413.8228552,36.842
1768496413.9252043,46.664
1768496414.0276654,38.595
1768496414.130099,38.397
1768496414.2325444,45.341
1768496414.3348756,35.481
1768496414.4373333,47.97
1768496414.5396924,34.396
1768496414.6421766,44.724
1768496414.7479427,41.946
1768496414.8509896,35.658
1768496414.9532626,51.284
1768496415.0557616,37.905
1768496415.1580732,38.124
1768496415.2604203,47.282
1768496415.363624,35.087
1768496415.465946,54.004
1768496415.5706081,37.905
1768496415.6729264,48.532
1768496415.775804,35.461
1768496415.8779423,40.05
1768496415.9803324,45.511
1768496416.0826437,34.297
1768496416.184999,45.019
1768496416.2872946,39.406
1768496416.3895376,35.56
1768496416.4948597,50.596
1768496416.5971515,33.113
1768496416.699471,48.728
1768496416.801783,34.297
1768496416.9042528,48.827
1768496417.0065556,37.631
1768496417.1089518,38.025
1768496417.211308,43.201
1768496417.3138025,34.1
1768496417.4202383,44.062
1768496417.5224862,37.883
1768496417.62495,37.335
1768496417.7272556,45.61
1768496417.8297424,34.1
1768496417.9320931,51.972
1768496418.0344167,37.434
1768496418.136734,38.989
1768496418.2437124,43.668
1768496418.3460414,34.396
1768496418.4484127,50.626
1768496418.5508752,32.934
1768496418.6532478,41.256
1768496418.7555978,40.073
1768496418.857978,34.692
1768496418.960431,48.983
1768496419.0676212,37.828
1768496419.1702123,36.743
1768496419.2726176,44.259
1768496419.3749113,33.428
1768496419.4819186,42.118
1768496419.5842793,40.369
1768496419.6882498,34.791
1768496419.794061,36.25
1768496419.8963392,37.236
1768496419.9986813,45.046
1768496420.101017,33.31
1768496420.2033992,42.315
1768496420.305722,38.792
1768496420.4080343,35.481
1768496420.5101817,47.97
1768496420.6166523,33.132
1768496420.7190073,39.459
1768496420.821478,45.341
1768496420.9238455,33.804
1768496421.0262094,42.413
1768496421.128596,38.693
1768496421.2309406,36.25
1768496421.333336,49.81
1768496421.4356842,38.595
1768496421.542066,36.645
1768496421.6444714,50.437
1768496421.7467637,39.209
1768496421.8490129,36.349
1768496421.9513323,48.659
1768496422.053659,34.297
1768496422.1558747,43.595
1768496422.258202,42.364
1768496422.3605654,35.087
1768496422.465612,43.989
1768496422.5680747,40.491
1768496422.6704369,38.321
1768496422.772744,42.413
1768496422.8751063,35.284
1768496422.9774914,54.168
1768496423.0798154,34.889
1768496423.182277,42.807
1768496423.2895732,43.201
1768496423.391867,35.185
1768496423.4947233,54.332
1768496423.5969722,33.902
1768496423.7021666,42.709
1768496423.8059943,39.36
1768496423.9083743,34.791
1768496424.0132482,33.014
1768496424.115373,49.023
1768496424.2177172,37.609
1768496424.3199253,37.532
1768496424.4222312,43.004
1768496424.5245366,33.804
1768496424.6268716,45.61
1768496424.7290134,33.212
1768496424.8312604,42.413
1768496424.9336157,37.455
1768496425.0386221,36.645
1768496425.141114,44.724
1768496425.2433653,33.428
1768496425.3457117,45.315
1768496425.4481196,32.638
1768496425.5506706,43.694
1768496425.6531093,36.229
1768496425.7554657,38.2
1768496425.8578796,40.885
1768496425.9638836,34.001
1768496426.0661557,43.446
1768496426.1685727,32.638
1768496426.2708626,45.806
1768496426.373169,35.954
1768496426.4754164,42.118
1768496426.577839,38.047
1768496426.6801953,36.842
1768496426.7825472,32.737
1768496426.8894858,43.471
1768496426.991882,34.396
1768496427.0943017,37.335
1768496427.1968634,46.987
1768496427.2991133,33.902
1768496427.4013977,38.518
1768496427.5038168,48.659
1768496427.6062396,33.705
1768496427.7121887,43.176
1768496427.8145905,40.96
1768496427.916975,35.087
1768496428.0195072,47.479
1768496428.1237688,43.497
1768496428.2260613,34.396
1768496428.328295,42.881
1768496428.430491,41.428
1768496428.536631,51.776
1768496428.638759,38.89
1768496428.740955,37.631
1768496428.8431377,44.186
1768496428.9453743,33.902
1768496429.047557,47.999
1768496429.1498742,37.729
1768496429.2521348,37.532
1768496429.3543859,45.905
1768496429.4600837,34.1
1768496429.56242,40.936
1768496429.664732,46.369
1768496429.7669654,34.199
1768496429.8691845,42.709
1768496429.9716177,40.96
1768496430.0740066,35.185
1768496430.1762612,50.105
1768496430.27872,33.606
1768496430.3848522,38.693
1768496430.4871953,46.03
1768496430.5895615,34.495
1768496430.6917753,43.792
1768496430.7940862,42.118
1768496430.8964226,35.362
1768496430.9987717,45.708
1768496431.1010463,34.001
1768496431.2033641,45.216
1768496431.3087273,34.396
1768496431.411081,47.085
1768496431.5134742,33.033
1768496431.6159236,40.96
1768496431.7181966,39.186
1768496431.8205602,34.791
1768496431.92284,50.036
1768496432.0251052,32.934
1768496432.1279075,42.019
1768496432.235217,38.716
1768496432.3415134,35.362
1768496432.4438381,46.621
1768496432.5476694,40.96
1768496432.6499717,34.988
1768496432.7524364,44.456
1768496432.8577464,34.791
1768496432.9611356,37.708
1768496433.0633638,38.89
1768496433.165542,40.814
1768496433.2678912,35.481
1768496433.3700373,47.155
1768496433.472213,39.459
1768496433.574424,36.447
1768496433.6765506,48.994
1768496433.7824464,33.902
1768496433.884734,42.315
1768496433.9870636,43.497
1768496434.0893922,35.876
1768496434.1918113,48.983
1768496434.2941658,34.396
1768496434.3964121,41.822
1768496434.498803,43.963
1768496434.6011763,34.889
1768496434.706674,46.916
1768496434.8089817,32.836
1768496434.9113224,40.27
1768496435.0138779,42.906
1768496435.1162274,33.606
1768496435.2184477,40.444
1768496435.3207939,42.143
1768496435.4231746,33.705
1768496435.5255952,44.652
1768496435.6311874,41.625
1768496435.733546,34.593
1768496435.8358777,45.073
1768496435.938199,42.709
1768496436.04064,34.791
1768496436.1428657,41.921
1768496436.2452095,39.012
1768496436.3475924,36.349
1768496436.4501448,47.479
1768496436.5566664,35.778
1768496436.658988,50.762
1768496436.7624125,34.495
1768496436.8646944,47.745
1768496436.967084,38.89
1768496437.069385,38.223
1768496437.1717262,53.12
1768496437.274013,37.039
1768496437.3809502,51.874
1768496437.4833686,36.032
1768496437.5855277,40.861
1768496437.6878166,46.593
1768496437.7900143,34.1
1768496437.8920813,38.397
1768496437.994254,48.167
1768496438.0964913,34.791
1768496438.2025793,46.298
1768496438.3048482,38.595
1768496438.4071825,40.172
1768496438.5096204,41.896
1768496438.611929,35.658
1768496438.714305,49.416
1768496438.8166192,39.603
1768496438.9189763,37.236
1768496439.0213401,51.972
1768496439.1267073,33.31
1768496439.2291043,39.383
1768496439.3314,46.959
1768496439.4338071,33.705
1768496439.5362914,42.315
1768496439.6387854,37.51
1768496439.7412395,37.828
1768496439.8436825,51.284
1768496439.9460807,38.792
1768496440.0523589,36.172
1768496440.15468,49.711
1768496440.256901,38.769
1768496440.3593488,35.461
1768496440.4616706,45.341
1768496440.564096,45.878
1768496440.6666524,34.593
1768496440.7689211,46.102
1768496440.8713138,38.792
1768496440.9793909,37.434
1768496441.0817173,49.643
1768496441.1839874,34.495
1768496441.2863138,46.888
1768496441.390096,38.397
1768496441.492437,37.532
1768496441.5948398,34.1
1768496441.7016852,42.979
1768496441.80396,43.891
1768496441.9064074,35.284
1768496442.0088656,44.062
1768496442.1111195,39.262
1768496442.2134724,36.271
1768496442.315876,46.369
1768496442.4183164,33.014
1768496442.5206318,39.087
1768496442.626895,46.692
1768496442.729341,33.606
1768496442.831801,39.998
1768496442.934118,45.878
1768496443.036334,33.508
1768496443.1386297,37.609
1768496443.2410738,50.989
1768496443.343397,34.396
1768496443.4456818,40.664
1768496443.5517712,43.176
1768496443.6541028,35.362
1768496443.756386,51.941
1768496443.85871,34.396
1768496443.9612093,42.807
1768496444.0635867,42.29
1768496444.165836,36.053
1768496444.2681844,50.233
1768496444.3709204,35.185
1768496444.4753933,53.415
1768496444.5779047,34.593
1768496444.680438,46.227
1768496444.7831907,34.001
1768496444.8854802,41.921
1768496444.9878743,39.087
1768496445.0903952,35.185
1768496445.1930027,46.2
1768496445.2998533,33.527
1768496445.4079518,48.688
1768496445.5103362,33.132
1768496445.612882,41.428
1768496445.7151575,35.087
1768496445.8176885,49.711
1768496445.92364,36.447
1768496446.0258925,38.693
1768496446.1283681,39.034
1768496446.2308288,35.778
1768496446.3332431,44.751
1768496446.4357553,34.593
1768496446.5381262,44.357
1768496446.640505,33.902
1768496446.7431662,31.453
1768496446.8493023,41.059
1768496446.9518707,38.89
1768496447.0548148,35.284
1768496447.157497,43.201
1768496447.2601624,32.638
1768496447.3627682,40.148
1768496447.4652646,39.974
1768496447.567942,34.593
1768496447.6741638,44.357
1768496447.7767854,33.31
1768496447.8790293,39.974
1768496447.9815304,42.585
1768496448.0838068,34.692
1768496448.1863933,47.815
1768496448.288813,32.934
1768496448.3912454,39.679
1768496448.4979193,42.192
1768496448.6002917,34.593
1768496448.7025547,48.925
1768496448.8051655,32.817
1768496448.907503,40.763
1768496449.0098581,39.679
1768496449.1121576,35.284
1768496449.2149484,45.637
1768496449.3215888,33.428
1768496449.4269543,41.822
1768496449.5292645,38.693
1768496449.6315124,35.481
1768496449.7338169,45.834
1768496449.836259,50.694
1768496449.9385047,33.606
1768496450.0406303,39.505
1768496450.1457574,42.216
1768496450.248189,34.593
1768496450.3506956,51.481
1768496450.4530163,34.771
1768496450.555344,38.989
1768496450.6576777,41.207
1768496450.7600043,34.692
1768496450.8623989,50.135
1768496450.9647596,37.313
1768496451.0698962,37.335
1768496451.1722412,44.134
1768496451.2746596,34.396
1768496451.377113,47.085
1768496451.479474,33.31
1768496451.581776,40.369
1768496451.6842153,32.243
1768496451.7866027,45.243
1768496451.8890004,35.383
1768496451.9951198,38.397
1768496452.0974321,41.01
1768496452.1998312,34.001
1768496452.3021576,44.062
1768496452.4045525,32.836
1768496452.5070841,45.664
1768496452.609553,31.354
1768496452.7120707,42.019
1768496452.8144314,35.757
1768496452.9200242,39.679
1768496453.0223796,39.505
1768496453.1249864,34.495
1768496453.2280462,43.497
1768496453.330409,33.132
1768496453.4327302,46.916
1768496453.5352952,37.434
1768496453.6421723,35.481
1768496453.7458951,46.719
1768496453.8491778,33.606
1768496453.9514892,44.186
1768496454.053914,39.209
1768496454.156199,38.716
1768496454.2586308,35.383
1768496454.3610828,50.596
1768496454.463356,37.653
1768496454.5691168,37.828
1768496454.6713934,44.652
1768496454.7739446,35.087
1768496454.8762774,52.464
1768496454.9786434,37.905
1768496455.0810673,37.927
1768496455.1835256,46.888
1768496455.2858598,33.606
1768496455.3881452,38.913
1768496455.4936934,45.779
1768496455.5960815,33.508
1768496455.6985242,47.577
1768496455.8008914,34.297
1768496455.9033048,38.989
1768496456.005784,44.259
1768496456.1080658,33.508
1768496456.2104743,42.833
1768496456.3129654,41.822
1768496456.419403,33.902
1768496456.5217357,48.954
1768496456.624043,32.243
1768496456.7264776,44.823
1768496456.8287964,35.284
1768496456.931342,51.02
1768496457.0337422,37.532
1768496457.136084,36.546
1768496457.2384279,44.16
1768496457.3441293,33.113
1768496457.4465158,46.003
1768496457.5488405,38.124
1768496457.6512766,37.039
1768496457.7535825,37.313
1768496457.856437,39.383
1768496457.9587755,43.668
1768496458.0615172,33.902
1768496458.1639261,44.482
1768496458.2684333,44.357
1768496458.3707914,34.001
1768496458.473101,40.369
1768496458.5754974,41.059
1768496458.677805,33.902
1768496458.78004,40.073
1768496458.882709,36.25
1768496458.9850457,47.675
1768496459.087224,35.264
1768496459.1922936,39.482
1768496459.2945812,46.424
1768496459.3968391,33.132
1768496459.499216,42.931
1768496459.601536,43.398
1768496459.7038438,34.297
1768496459.8061755,45.762
1768496459.9084015,33.113
1768496460.0107808,40.664
1768496460.117088,40.838
1768496460.2193885,36.349
1768496460.3217826,48.503
1768496460.4240875,37.434
1768496460.5265062,35.856
1768496460.6288989,45.145
1768496460.7311187,32.638
1768496460.8335638,39.087
1768496460.9360633,46.888
1768496461.0412486,32.836
1768496461.1435208,38.496
1768496461.245761,46.916
1768496461.3481624,37.532
1768496461.4505484,36.053
1768496461.5529902,49.643
1768496461.6551843,40.96
1768496461.7574182,35.975
1768496461.8599317,50.135
1768496461.9665093,42.782
1768496462.0687845,34.593
1768496462.1711519,42.61
1768496462.273373,33.705
1768496462.3757293,48.069
1768496462.4780152,38.966
1768496462.580759,38.595
1768496462.683144,45.413
1768496462.7856393,35.975
1768496462.8908415,47.155
1768496462.9931912,40.912
1768496463.0956442,36.94
1768496463.1979086,37.412
1768496463.3017054,38.124
1768496463.4041314,54.331
1768496463.5063438,40.172
1768496463.6084728,36.447
1768496463.7130747,53.644
1768496463.8153658,40.172
1768496463.9175043,36.546
1768496464.0198407,44.456
1768496464.1222215,40.369
1768496464.2245786,38.89
1768496464.3270428,47.38
1768496464.4294293,35.185
1768496464.5318627,43.398
1768496464.637406,47.745
1768496464.7398026,35.185
1768496464.8422108,55.871
1768496464.9445443,40.096
1768496465.0468748,38.496
1768496465.1492078,51.217
1768496465.2516668,34.396
1768496465.3540876,39.876
1768496465.4564614,45.932
1768496465.5613623,33.606
1768496465.6636603,40.073
1768496465.7659407,47.507
1768496465.8682222,33.804
1768496465.970532,42.118
1768496466.0727518,45.145
1768496466.1750343,33.902
1768496466.2774162,39.974
1768496466.3796937,43.176
1768496466.4847932,35.679
1768496466.5871215,48.433
1768496466.68944,33.033
1768496466.7918715,37.729
1768496466.8984,36.349
1768496467.0008082,42.093
1768496467.1031244,34.791
1768496467.205546,44.259
1768496467.3114636,33.231
1768496467.41387,38.518
1768496467.5161352,44.948
1768496467.618701,41.724
1768496467.7215083,39.284
1768496467.8235965,34.791
1768496467.9259326,46.987
1768496468.0281413,37.455
1768496468.1303065,40.369
1768496468.236269,39.087
1768496468.3387709,36.468
1768496468.441111,46.692
1768496468.5437305,33.527
1768496468.6466484,50.006
1768496468.7491007,33.409
1768496468.8513644,44.062
1768496468.9537725,35.185
1768496469.0593505,44.554
1768496469.1617358,35.679
1768496469.264334,50.725
1768496469.3668132,38.124
1768496469.4691963,36.349
1768496469.57158,51.057
1768496469.673928,38.792
1768496469.7763035,37.631
1768496469.8805513,51.057
1768496469.9829395,38.42
1768496470.085195,37.236
1768496470.187389,48.433
1768496470.2898285,33.705
1768496470.3921714,38.42
1768496470.4946115,50.498
1768496470.596989,33.587
1768496470.6992958,38.693
1768496470.8017464,45.806
1768496470.9078102,34.199
1768496471.0100548,42.315
1768496471.1124663,46.959
1768496471.2148325,34.1
1768496471.3178747,40.861
1768496471.420088,47.352
1768496471.522356,38.025
1768496471.624623,37.039
1768496471.7307246,50.399
1768496471.8330672,33.033
1768496471.935431,44.383
1768496472.0376997,34.396
1768496472.1400926,45.046
1768496472.2422101,41.625
1768496472.344433,34.692
1768496472.4467075,50.928
1768496472.5488725,33.902
1768496472.6548176,47.45
1768496472.757368,34.1
1768496472.859672,46.03
1768496472.962438,35.383
1768496473.0650823,40.247
1768496473.1675413,47.577
1768496473.269988,34.1
1768496473.372482,42.216
1768496473.4785757,41.551
1768496473.5814009,35.461
1768496473.6839714,51.383
1768496473.7864425,33.508
1768496473.8888044,41.921
1768496473.9913898,37.708
1768496474.0939271,35.362
1768496474.1961713,48.994
1768496474.3029952,37.729
1768496474.4053066,39.186
1768496474.5076778,39.899
1768496474.6099486,35.481
1768496474.7123017,48.532
1768496474.814699,32.916
1768496474.917038,44.088
1768496475.0195348,38.518
1768496475.1276796,35.679
1768496475.2299888,52.66
1768496475.3324208,38.42
1768496475.434839,36.349
1768496475.5386405,47.802
1768496475.6410913,33.508
1768496475.743496,42.019
1768496475.8458314,39.679
1768496475.9510455,35.679
1768496476.053394,47.479
1768496476.1559153,44.948
1768496476.2581115,36.919
1768496476.3602164,37.532
1768496476.4625125,41.724
1768496476.5649421,34.988
1768496476.6671429,38.025
1768496476.7695005,47.352
1768496476.874539,41.503
1768496476.9768648,34.1
1768496477.0793188,47.479
1768496477.1816633,36.447
1768496477.284132,38.42
1768496477.3864002,44.088
1768496477.488771,33.132
1768496477.59117,42.241
1768496477.6936054,41.034
1768496477.79935,36.053
1768496477.9016852,46.2
1768496478.004042,33.329
1768496478.1063821,43.471
1768496478.2087529,38.299
1768496478.3111887,36.349
1768496478.413541,47.549
1768496478.5159972,37.532
1768496478.6222334,36.842
1768496478.7244718,47.97
1768496478.8267992,32.718
1768496478.9290483,39.853
1768496479.0313942,43.128
1768496479.133876,34.1
1768496479.2361426,46.495
1768496479.3384345,39.307
1768496479.4408543,36.94
1768496479.5477889,50.535
1768496479.6501064,39.11
1768496479.7537358,36.151
1768496479.856064,46.538
1768496479.9583466,34.889
1768496480.0605712,48.797
1768496480.1628404,38.518
1768496480.2651405,38.025
1768496480.3688164,47.409
1768496480.4711971,33.804
1768496480.5734794,45.905
1768496480.6765254,34.1
1768496480.778682,46.944
1768496480.8809578,37.434
1768496480.983155,38.397
1768496481.0854316,44.259
1768496481.1875765,34.396
1768496481.2898161,42.388
1768496481.394951,44.186
1768496481.4972136,34.889
1768496481.599447,48.098
1768496481.7017617,39.034
1768496481.8040137,35.481
1768496481.9063807,45.806
1768496482.0087726,33.409
1768496482.1111388,44.554
1768496482.2134135,40.566
1768496482.319693,35.481
1768496482.4222333,46.664
1768496482.5244758,33.329
1768496482.6267998,42.585
1768496482.729182,39.557
1768496482.8317094,35.461
1768496482.9340944,46.2
1768496483.0363429,34.593
1768496483.138738,45.019
1768496483.2433946,34.001
1768496483.3457463,44.088
1768496483.4480035,41.33
1768496483.5504293,35.58
1768496483.6528628,47.872
1768496483.7552946,34.001
1768496483.8577082,45.905
1768496483.9601684,37.335
1768496484.062561,38.025
1768496484.1734705,43.03
1768496484.2757986,34.297
1768496484.3779714,48.532
1768496484.480423,33.014
1768496484.582801,38.102
1768496484.685086,43.595
1768496484.7920141,47.745
1768496484.8950572,34.396
1768496484.997156,37.434
1768496485.0992775,45.216
1768496485.2015748,32.737
1768496485.3039227,40.763
1768496485.4061458,42.881
1768496485.5083542,33.508
1768496485.6106386,39.876
1768496485.7163076,44.331
1768496485.8186803,34.791
1768496485.920966,48.237
1768496486.0234008,37.412
1768496486.1256564,37.631
1768496486.227956,46.495
1768496486.3304715,34.297
1768496486.4328818,48.462
1768496486.5352612,41.995
1768496486.641532,35.284
1768496486.744182,32.441
1768496486.8467386,42.512
1768496486.9491308,39.505
1768496487.051593,36.151
1768496487.1539443,47.057
1768496487.2563314,33.31
1768496487.3587422,39.284
1768496487.4646986,41.822
1768496487.567023,33.804
1768496487.6692982,45.932
1768496487.7717032,34.593
1768496487.8740044,40.96
1768496487.9765453,34.988
1768496488.078993,51.383
1768496488.1812854,38.617
1768496488.283546,35.658
1768496488.3900752,50.075
1768496488.4923337,38.693
1768496488.594698,37.631
1768496488.6979237,47.212
1768496488.8002043,33.508
1768496488.9024794,46.523
1768496489.0047867,38.277
1768496489.1070874,37.434
1768496489.2135131,33.31
1768496489.315916,37.335
1768496489.4180908,46.495
1768496489.5204027,33.31
1768496489.6226764,42.709
1768496489.7249389,40.739
1768496489.8271964,34.396
1768496489.9293256,46.326
1768496490.031648,38.716
1768496490.1339405,35.658
1768496490.239624,50.43
1768496490.3418741,37.828
1768496490.4442964,36.645
1768496490.5465407,46.916
1768496490.6488264,33.113
1768496490.751183,40.566
1768496490.8533957,42.118
1768496490.9558067,34.199
1768496491.0580745,46.2
1768496491.1639931,39.186
1768496491.2663436,35.56
1768496491.3686795,48.532
1768496491.4709623,40.763
1768496491.5733564,36.053
1768496491.6756306,49.878
1768496491.777987,33.409
1768496491.8802094,42.34
1768496491.9825559,42.216
1768496492.0876994,34.692
1768496492.1899388,49.455
1768496492.2923145,33.409
1768496492.3946116,39.777
1768496492.4968472,45.341
1768496492.5992432,34.297
1768496492.701691,46.621
1768496492.8044822,38.792
1768496492.906827,36.94
1768496493.017859,44.554
1768496493.1203842,35.284
1768496493.2228825,37.554
1768496493.3253078,35.954
1768496493.4276664,48.04
1768496493.530075,38.716
1768496493.6326828,34.889
1768496493.73796,42.413
1768496493.8401926,35.087
1768496493.9425192,43.668
1768496494.044738,41.133
1768496494.1469827,34.889
1768496494.249235,42.906
1768496494.3513956,43.03
1768496494.4538076,35.56
1768496494.5560148,47.479
1768496494.661898,38.913
1768496494.7642403,36.645
1768496494.866599,45.932
1768496494.9689322,34.593
1768496495.0714715,49.151
1768496495.1738079,36.743
1768496495.2763755,38.814
1768496495.3786128,45.216
1768496495.4849622,33.705
1768496495.5873702,41.921
1768496495.689977,42.537
1768496495.7924442,34.396
1768496495.894906,45.341
1768496495.9972916,40.787
1768496496.099625,36.842
1768496496.2019448,46.298
1768496496.304209,34.593
1768496496.407326,42.979
1768496496.5096185,34.692
1768496496.6123335,50.075
1768496496.7147884,34.593
1768496496.817689,33.508
1768496496.9200904,45.708
1768496497.0223615,38.124
1768496497.1247473,41.453
1768496497.2271516,40.27
1768496497.3364134,35.856
1768496497.439102,48.925
1768496497.5417275,34.495
1768496497.644278,44.357
1768496497.7465932,36.546
1768496497.848861,37.335
1768496497.951506,38.2
1768496498.058174,44.16
1768496498.1609402,32.934
1768496498.2631078,40.444
1768496498.3652792,38.375
1768496498.4674323,34.1
1768496498.5697625,48.561
1768496498.6720953,36.447
1768496498.7744646,36.172
1768496498.8769634,43.668
1768496498.9792292,37.631
1768496499.0850332,39.702
1768496499.1875246,41.133
1768496499.2900457,34.692
1768496499.3927467,48.856
1768496499.4950795,36.546
1768496499.5974998,40.27
1768496499.699955,39.656
1768496499.8022647,36.842
1768496499.904576,41.946
1768496500.0101001,35.876
1768496500.1129258,46.719
1768496500.215323,33.804
1768496500.3177226,44.974
1768496500.420154,39.087
1768496500.5226302,34.889
1768496500.6251674,51.186
1768496500.7275822,37.729
1768496500.8299499,36.645
1768496500.9353244,43.373
1768496501.0379474,33.31
1768496501.1403153,46.888
1768496501.242743,37.828
1768496501.3449945,38.025
1768496501.448198,52.267
1768496501.5505874,35.264
1768496501.6540728,40.172
1768496501.7593083,37.883
1768496501.8619187,37.138
1768496501.9642258,42.019
1768496502.0665073,34.988
1768496502.168916,38.958
1768496502.271209,35.56
1768496502.373613,46.271
1768496502.475851,34.1
1768496502.578319,38.89
1768496502.684435,36.842
1768496502.7867525,45.046
1768496502.8890522,33.804
1768496502.9912877,48.462
1768496503.0934684,37.927
1768496503.1958427,37.729
1768496503.2981596,42.684
1768496503.400295,33.705
1768496503.5024774,48.757
1768496503.6081166,33.132
1768496503.7104404,46.397
1768496503.812928,37.455
1768496503.9152625,40.369
1768496504.0176482,39.876
1768496504.1199749,35.975
1768496504.222289,40.247
1768496504.3246646,36.151
1768496504.4269996,39.383
1768496504.53276,35.383
1768496504.6350846,44.724
1768496504.737396,33.902
1768496504.8397396,49.151
1768496504.9422185,32.836
1768496505.044673,40.27
1768496505.1470287,38.146
1768496505.2496157,36.271
1768496505.3563352,45.413
1768496505.4592092,32.638
1768496505.5615664,39.284
1768496505.6641107,39.754
1768496505.7667263,35.087
1768496505.869087,48.196
1768496505.9722147,33.132
1768496506.074583,39.679
1768496506.1803277,42.438
1768496506.2828634,34.297
1768496506.385323,44.58
1768496506.4879262,38.245
1768496506.5903177,35.876
1768496506.6926918,52.924
1768496506.7951016,35.067
1768496506.8974082,33.606
1768496507.0011406,40.936
1768496507.1060774,42.512
1768496507.2085207,34.692
1768496507.3107903,52.562
1768496507.4131904,36.94
1768496507.5155602,38.496
1768496507.617928,45.708
1768496507.7202482,34.396
1768496507.8226383,43.989
1768496507.9262214,39.557
1768496508.028578,35.087
1768496508.1309154,50.301
1768496508.2332544,38.299
1768496508.3357053,37.729
1768496508.4382615,46.593
1768496508.5406466,37.631
1768496508.6431723,36.94
1768496508.7458045,44.849
1768496508.8524194,33.409
1768496508.9547641,48.856
1768496509.0572312,39.012
1768496509.1596615,36.546
1768496509.262011,47.113
1768496509.3643417,33.409
1768496509.4668336,41.527
1768496509.5691037,40.27
1768496509.671524,34.988
1768496509.7770164,46.888
1768496509.879436,33.132
1768496509.981869,46.2
1768496510.0848117,37.434
1768496510.1871614,38.321
1768496510.2904832,46.621
1768496510.3931184,33.705
1768496510.4954822,40.566
1768496510.6000552,38.2
1768496510.7024987,37.828
1768496510.8047218,38.518
1768496510.9070737,35.679
1768496511.0094056,44.429
1768496511.1118271,33.508
1768496511.21423,48.896
1768496511.3167198,37.236
1768496511.4196076,43.176
1768496511.5253081,33.705
1768496511.6277955,49.053
1768496511.7301595,37.335
1768496511.83252,35.778
1768496511.9349086,45.538
1768496512.0372078,33.033
1768496512.1395476,43.497
1768496512.2418032,38.814
1768496512.344238,35.679
1768496512.4486966,46.523
1768496512.5510738,33.132
1768496512.653528,47.409
1768496512.7559025,37.039
1768496512.8582277,37.434
1768496512.9606166,40.838
1768496513.063041,34.495
1768496513.1653528,50.271
1768496513.267798,36.94
1768496513.3740063,37.631
1768496513.4764667,44.921
1768496513.5788486,33.902
1768496513.6812375,46.916
1768496513.7835786,36.919
1768496513.8859267,37.138
1768496513.988405,45.046
1768496514.0907683,33.132
1768496514.1972249,41.034
1768496514.299655,41.625
1768496514.4019732,35.185
1768496514.5043626,51.186
1768496514.6066942,39.11
1768496514.710597,36.25
1768496514.812866,45.779
1768496514.9152057,33.508
1768496515.0221722,41.724
1768496515.1245122,44.456
1768496515.2267623,34.593
1768496515.3292437,46.593
1768496515.431521,39.209
1768496515.5339375,36.349
1768496515.6363952,33.982
1768496515.7393315,39.876
1768496515.8456151,40.345
1768496515.947883,34.396
1768496516.0502508,44.456
1768496516.1525362,39.429
1768496516.2549708,35.658
1768496516.3575037,45.735
1768496516.4604309,34.1
1768496516.5628853,41.33
1768496516.6690853,35.658
1768496516.7715316,47.774
1768496516.8738544,36.645
1768496516.9762483,37.236
1768496517.0786853,44.751
1768496517.180953,36.863
1768496517.2833247,36.447
1768496517.3857126,45.511
1768496517.488121,33.113
1768496517.5939674,42.192
1768496517.696381,37.554
1768496517.7988596,36.94
1768496517.9011714,45.145
1768496518.0036783,36.468
1768496518.1060655,37.905
1768496518.208515,45.61
1768496518.310804,33.113
1768496518.4130466,40.27
1768496518.5191646,43.767
1768496518.6215594,34.889
1768496518.7240205,46.959
1768496518.827253,38.89
1768496518.9295235,37.828
1768496519.0317588,46.762
1768496519.1339605,34.1
1768496519.236123,43.201
1768496519.342045,43.792
1768496519.444403,34.495
1768496519.5467021,41.995
1768496519.6492677,45.145
1768496519.7515306,34.692
1768496519.8538437,42.906
1768496519.9562469,34.495
1768496520.059014,40.739
1768496520.1611595,46.172
1768496520.2669184,34.791
1768496520.3691363,40.739
1768496520.471586,49.151
1768496520.57402,36.032
1768496520.676476,39.087
1768496520.7788656,53.252
1768496520.8812468,34.1
1768496520.983694,41.65
1768496521.0860295,47.942
1768496521.1919062,35.362
1768496521.294358,43.176
1768496521.3967512,46.102
1768496521.4991128,35.284
1768496521.6014457,40.172
1768496521.7041397,48.098
1768496521.8065286,34.692
1768496521.908856,40.345
1768496522.0157287,49.22
1768496522.1179764,37.236
1768496522.2202907,37.806
1768496522.3226173,49.878
1768496522.4251485,40.073
1768496522.5273461,35.876
1768496522.6296287,43.865
1768496522.7324347,43.274
1768496522.8347151,34.889
1768496522.9408247,50.922
1768496523.0431705,44.554
1768496523.149417,35.087
1768496523.2521703,42.487
1768496523.354527,48.404
1768496523.456746,35.383
1768496523.5630245,43.694
1768496523.6653013,45.779
1768496523.767637,35.56
1768496523.8699515,43.373
1768496523.9721565,43.891
1768496524.0743966,43.497
1768496524.1771061,49.711
1768496524.2793236,34.593
1768496524.381563,41.428
1768496524.4868736,49.81
1768496524.5896928,38.792
1768496524.6919584,37.609
1768496524.7942758,52.597
1768496524.8966515,38.989
1768496524.9988246,37.236
1768496525.1012313,47.184
1768496525.203515,34.179
1768496525.3058102,36.645
1768496525.4108164,51.548
1768496525.5132775,33.606
1768496525.6156585,35.284
1768496525.7179003,39.087
1768496525.8202906,36.053
1768496525.9226537,47.282
1768496526.024984,39.482
1768496526.127395,36.151
1768496526.2296493,50.498
1768496526.3350797,38.989
1768496526.4372442,35.856
1768496526.5396082,45.779
1768496526.6425402,33.409
1768496526.7451208,43.57
1768496526.847407,35.383
1768496526.9503915,47.999
1768496527.052686,38.518
1768496527.1550927,37.631
1768496527.2605557,46.987
1768496527.370961,37.039
1768496527.4732099,38.223
1768496527.575403,47.155
1768496527.6777332,38.321
1768496527.7831368,37.729
1768496527.885992,47.352
1768496527.9883697,33.409
1768496528.0906563,39.58
1768496528.1929743,34.1
1768496528.2958262,41.034
1768496528.398094,47.184
1768496528.500435,34.199
1768496528.6026514,41.428
1768496528.707598,40.096
1768496528.8100219,37.138
1768496528.912286,51.284
1768496529.0146942,40.664
1768496529.1169355,36.172
1768496529.219191,44.626
1768496529.321422,42.044
1768496529.423701,35.185
1768496529.526081,44.652
1768496529.6310344,42.61
1768496529.733426,35.778
1768496529.8360045,46.298
1768496529.9382465,39.012
1768496530.0405803,37.905
1768496530.1430023,41.33
1768496530.2453709,38.124
1768496530.3477051,38.42
1768496530.4502182,38.792
1768496530.5563228,37.729
1768496530.6588986,38.223
1768496530.7612772,40.27
1768496530.863613,36.546
1768496530.9661129,38.223
1768496531.0685606,36.151
1768496531.1714423,43.274
1768496531.2740006,33.508
1768496531.376309,46.397
1768496531.4823654,32.638
1768496531.5920556,39.679
1768496531.6945841,38.595
1768496531.7972157,36.053
1768496531.899659,41.946
1768496532.0056994,34.889
1768496532.1081223,46.424
1768496532.2104416,33.31
1768496532.312827,40.912
1768496532.4172413,34.396
1768496532.5195384,44.679
1768496532.6218925,33.212
1768496532.7243667,46.424
1768496532.8301358,38.102
1768496532.9324722,37.729
1768496533.0348969,41.601
1768496533.13735,34.199
1768496533.2396429,48.364
1768496533.342336,36.349
1768496533.4448936,38.989
1768496533.5473156,37.51
1768496533.6499126,38.025
1768496533.7548141,36.546
1768496533.8572145,39.777
1768496533.9595692,38.693
1768496534.0619323,34.988
1768496534.1644747,43.963
1768496534.2670405,32.836
1768496534.369393,40.27
1768496534.4719508,39.679
1768496534.5743358,34.1
1768496534.6804109,49.515
1768496534.7828348,35.165
1768496534.8851993,37.927
1768496534.987683,44.16
1768496535.09018,33.804
1768496535.1929202,51.02
1768496535.2952707,37.729
1768496535.3980985,35.975
1768496535.5033112,47.999
1768496535.6109467,34.771
1768496535.7133725,38.595
1768496535.8157244,44.679
1768496535.9182975,33.705
1768496536.020721,41.724
1768496536.1267214,42.019
1768496536.2293034,34.396
1768496536.3316386,41.231
1768496536.4338982,35.856
1768496536.5371974,52.432
1768496536.6396844,33.804
1768496536.7421024,41.601
1768496536.8443403,35.481
1768496536.9502268,48.896
1768496537.0525455,39.383
1768496537.1548781,36.271
1768496537.2571497,48.069
1768496537.35947,39.482
1768496537.4617577,35.954
1768496537.5641344,51.419
1768496537.6665363,33.705
1768496537.7689676,44.357
1768496537.8741045,40.195
1768496537.9765012,36.645
1768496538.0789177,46.102
1768496538.1813114,33.31
1768496538.283582,39.656
1768496538.3859937,43.176
1768496538.4883506,34.593
1768496538.590801,47.282
1768496538.693274,38.003
1768496538.7983835,37.806
1768496538.9007847,46.397
1768496539.003159,34.791
1768496539.1054957,51.217
1768496539.2078846,33.409
1768496539.3101025,42.192
1768496539.4123776,39.406
1768496539.5147784,36.349
1768496539.6170125,48.561
1768496539.7228365,33.508
1768496539.8253949,44.088
1768496539.9276867,38.89
1768496540.0300186,35.679
1768496540.132334,44.921
1768496540.2345185,33.606
1768496540.3368585,41.822
1768496540.43925,40.96
1768496540.5415888,35.58
1768496540.6470423,45.145
1768496540.7498965,33.31
1768496540.8521965,36.623
1768496540.9561992,38.89
1768496541.0583222,37.631
1768496541.1606786,36.074
1768496541.2629747,43.274
1768496541.365271,34.001
1768496541.4711063,47.184
1768496541.5736806,36.764
1768496541.6759295,39.087
1768496541.7781901,41.256
1768496541.8805833,34.1
1768496541.9829335,45.27
1768496542.0852242,33.132
1768496542.187514,42.118
1768496542.2899919,38.397
1768496542.3968062,34.889
1768496542.4991996,46.298
1768496542.6015832,32.737
1768496542.7039938,41.231
1768496542.806489,40.861
1768496542.9089203,34.593
1768496543.0113022,51.972
1768496543.1136525,32.737
1768496543.2159874,41.527
1768496543.3226376,39.012
1768496543.424967,35.383
1768496543.5275178,46.55
1768496543.6299052,33.132
1768496543.732335,39.58
1768496543.8348687,44.751
1768496543.93716,33.508
1768496544.0394163,41.946
1768496544.142144,42.906
1768496544.249357,34.001
1768496544.3518414,49.348
1768496544.454132,38.397
1768496544.5565147,37.138
1768496544.6587481,46.79
1768496544.76112,33.626
1768496544.8633115,49.289
1768496544.965719,34.001
1768496545.0679588,39.876
1768496545.173083,45.413
1768496545.2754283,33.705
1768496545.3777525,43.694
1768496545.4804432,35.185
1768496545.5826204,45.243
1768496545.68487,39.163
1768496545.7870271,36.349
1768496545.889107,50.657
1768496545.991325,34.988
1768496546.093551,48.462
1768496546.1983643,33.606
1768496546.301073,42.044
1768496546.4034078,38.913
1768496546.5057821,37.236
1768496546.6081698,48.561
1768496546.710537,37.828
1768496546.812892,33.508
1768496546.915109,42.438
1768496547.017485,39.429
1768496547.122573,34.495
1768496547.2248743,44.948
1768496547.3272448,39.702
1768496547.4295506,34.199
1768496547.5318098,48.237
1768496547.6340985,32.638
1768496547.7365017,43.891
1768496547.839121,38.496
1768496547.941547,34.988
1768496548.0475466,49.711
1768496548.1500058,32.718
1768496548.252329,40.345
1768496548.3546755,38.693
1768496548.457397,36.053
1768496548.559975,46.2
1768496548.6623356,33.31
1768496548.7661865,41.601
1768496548.8720284,39.754
1768496548.9744804,34.791
1768496549.076997,45.932
1768496549.1794486,33.212
1768496549.281872,45.538
1768496549.3841417,39.58
1768496549.4864705,34.889
1768496549.5888424,44.626
1768496549.6951175,32.836
1768496549.79771,37.905
1768496549.9004447,37.138
1768496550.0027008,45.779
1768496550.104896,38.245
1768496550.2073653,37.335
1768496550.3098636,47.409
1768496550.4121752,34.1
1768496550.5184433,49.446
1768496550.620796,38.595
1768496550.723164,36.546
1768496550.8254864,46.692
1768496550.928002,33.31
1768496551.030582,39.679
1768496551.1329217,45.806
1768496551.2355254,33.902
1768496551.3425741,47.549
1768496551.4449668,37.806
1768496551.5474916,36.546
1768496551.6499565,45.905
1768496551.7523093,33.212
1768496551.8548489,42.881
1768496551.957387,38.2
1768496552.0598488,37.631
1768496552.166909,38.003
1768496552.269232,35.876
1768496552.3717835,44.652
1768496552.476636,32.934
1768496552.5789335,43.523
1768496552.6811764,37.708
1768496552.7850451,36.94
1768496552.8894792,45.243
1768496552.991738,33.033
1768496553.0940804,44.233
1768496553.1965442,35.58
1768496553.2996325,45.341
1768496553.4020867,33.231
1768496553.504382,48.11
1768496553.6068368,32.836
1768496553.7132413,37.06
1768496553.8162127,38.299
1768496553.91857,43.792
1768496554.020963,34.1
1768496554.1235409,49.249
1768496554.2258396,37.532
1768496554.328393,36.743
1768496554.430597,43.497
1768496554.5361838,33.705
1768496554.6384952,43.767
1768496554.7409673,36.172
1768496554.8433325,37.236
1768496554.94573,45.538
1768496555.048178,33.231
1768496555.1505232,46.987
1768496555.2530448,37.949
1768496555.355357,36.842
1768496555.4611769,45.932
1768496555.5638006,32.916
1768496555.66614,43.471
1768496555.7684107,38.102
1768496555.8708525,36.349
1768496555.9731774,45.932
1768496556.0755613,35.58
1768496556.1779728,37.806
1768496556.284624,36.546
1768496556.3870645,45.61
1768496556.4896922,38.321
1768496556.592016,45.118
1768496556.694268,33.508
1768496556.796712,33.724
1768496556.898879,37.335
1768496557.0011518,45.315
1768496557.103368,33.033
1768496557.2090862,39.754
1768496557.3115668,43.891
1768496557.4140968,33.902
1768496557.516539,42.979
1768496557.619089,38.595
1768496557.7213967,35.481
1768496557.823634,46.102
1768496557.9261088,33.527
1768496558.0283954,40.861
1768496558.1331797,34.396
1768496558.2358868,46.818
1768496558.3382163,38.124
1768496558.4402964,35.461
1768496558.54268,49.023
1768496558.6449184,32.836
1768496558.7471302,41.847
1768496558.8494253,42.906
1768496558.9518013,34.593
1768496559.0574977,50.596
1768496559.1600766,36.623
1768496559.2624774,38.617
1768496559.3650339,47.577
1768496559.467396,33.508
1768496559.569883,40.763
1768496559.672126,41.527
1768496559.7746851,35.284
1768496559.877225,52.66
1768496559.9817624,33.31
1768496560.0841832,44.554
1768496560.1868665,40.811
1768496560.2892914,35.383
1768496560.3916235,48.699
1768496560.4939668,39.012
1768496560.5966794,36.743
1768496560.6990306,46.818
1768496560.801415,34.001
1768496560.9074452,42.093
1768496561.0097551,34.297
1768496561.116434,44.062
1768496561.218922,34.1
1768496561.321499,43.668
1768496561.4238641,33.804
1768496561.5297341,39.777
1768496561.6321132,34.199
1768496561.734498,47.97
1768496561.837118,32.638
1768496561.9395401,39.679
1768496562.0418458,37.51
1768496562.1441424,36.645
1768496562.2463772,44.285
1768496562.348986,33.033
1768496562.455379,37.018
1768496562.557842,37.532
1768496562.6600885,38.595
1768496562.7624974,35.284
1768496562.86482,46.424
1768496562.9672225,32.737
1768496563.0695674,42.019
1768496563.171943,38.572
1768496563.274204,35.185
1768496563.3794007,45.216
1768496563.4824421,32.836
1768496563.5849311,45.019
1768496563.6873298,33.212
1768496563.7898092,41.404
1768496563.8921528,39.853
1768496563.9944339,34.593
1768496564.0968058,44.724
1768496564.1991608,33.113
1768496564.3055696,41.921
1768496564.4078853,38.102
1768496564.5102806,36.349
1768496564.6126454,44.233
1768496564.7150562,34.001
1768496564.817473,49.574
1768496564.919929,37.532
1768496565.0223916,38.518
1768496565.1292531,39.065
1768496565.231491,34.791
1768496565.3373492,45.511
1768496565.441351,32.539
1768496565.5437548,38.792
1768496565.646218,41.453
1768496565.7526817,33.823
1768496565.8550165,48.069
1768496565.95762,36.645
1768496566.0599823,36.447
1768496566.1624312,43.989
1768496566.2651453,33.705
1768496566.3677988,43.004
1768496566.4701803,35.954
1768496566.5766697,42.807
1768496566.6795497,38.025
1768496566.7824113,33.31
1768496566.884629,43.989
1768496566.9867926,38.124
1768496567.089232,37.729
1768496567.1915667,42.684
1768496567.2937195,33.902
1768496567.3993134,47.942
1768496567.5016258,37.905
1768496567.6040454,36.645
1768496567.7064846,46.2
1768496567.8089387,33.804
1768496567.9112835,45.145
1768496568.0138853,33.902
1768496568.1162238,44.876
1768496568.21868,38.08
1768496568.3239403,37.039
1768496568.4262593,46.495
1768496568.5287607,34.1
1768496568.6311052,45.932
1768496568.7334335,37.631
1768496568.8358493,37.631
1768496568.9381185,45.806
1768496569.0406566,34.199
1768496569.1428757,52.531
1768496569.247668,33.31
1768496569.3544044,43.176
1768496569.458268,36.229
1768496569.5605268,37.236
1768496569.6628256,38.693
1768496569.7650695,35.284
1768496569.8716164,44.482
1768496569.9739463,33.231
1768496570.0762675,47.254
1768496570.1785545,32.046
1768496570.2811837,46.495
1768496570.383702,36.743
1768496570.4861271,36.842
1768496570.5886047,42.512
1768496570.6908715,44.088
1768496570.7982361,36.743
1768496570.900364,36.349
1768496571.002627,44.823
1768496571.1049597,32.817
1768496571.2071512,47.45
1768496571.3094356,32.638
1768496571.4116104,40.664
1768496571.5138867,38.989
1768496571.6212173,34.988
1768496571.7235892,41.231
1768496571.8259702,33.705
1768496571.9282565,47.577
1768496572.0306852,31.929
1768496572.1330655,40.345
1768496572.235381,37.532
1768496572.3377566,36.053
1768496572.4401772,45.171
1768496572.5448067,35.856
1768496572.6472065,38.223
1768496572.7496116,46.397
1768496572.8521452,33.705
1768496572.9544344,39.383
1768496573.0567586,41.404
1768496573.1595137,34.199
1768496573.2618656,43.792
1768496573.3640766,40.294
1768496573.4694824,34.692
1768496573.5718882,45.61
1768496573.6741092,39.777
1768496573.776575,35.876
1768496573.8796942,48.63
1768496573.9820657,32.934
1768496574.0843735,39.679
1768496574.186718,44.849
1768496574.2890007,34.297
1768496574.392266,45.27
1768496574.4946387,42.143
1768496574.5969536,34.988
1768496574.6993113,50.762
1768496574.8015635,38.518
1768496574.903877,40.073
1768496575.006369,52.464
1768496575.1087403,33.409
1768496575.2110798,38.89
1768496575.3139367,35.362
1768496575.4186356,50.233
1768496575.520987,37.138
1768496575.6232245,37.434
1768496575.725486,51.677
1768496575.8277981,40.05
1768496575.9302564,34.791
1768496576.0325499,46.692
1768496576.1349757,38.496
1768496576.2372723,37.138
1768496576.3421218,49.771
1768496576.4444797,33.508
1768496576.5468132,41.059
1768496576.649079,43.398
1768496576.751532,46.888
1768496576.8539658,37.631
1768496576.9561992,37.236
1768496577.0585003,45.538
1768496577.1608284,33.014
1768496577.2631059,38.989
1768496577.3693068,46.03
1768496577.4718208,33.409
1768496577.574117,41.133
1768496577.676648,36.645
1768496577.779171,38.518
1768496577.8816462,45.019
1768496577.9838386,38.42
1768496578.0861518,38.595
1768496578.1890373,49.122
1768496578.2944822,37.828
1768496578.3968134,38.693
1768496578.4991539,48.462
1768496578.6020546,34.396
1768496578.70426,42.782
1768496578.8064694,39.012
1768496578.9087636,37.828
1768496579.0110314,47.913
1768496579.1131778,33.804
1768496579.2184067,44.088
1768496579.3207176,41.699
1768496579.422987,35.165
1768496579.5251644,51.874
1768496579.6274369,39.406
1768496579.7299607,39.58
1768496579.8322835,42.512
1768496579.934636,43.201
1768496580.0370612,41.527
1768496580.1424742,34.791
1768496580.2448046,49.613
1768496580.3471045,37.631
1768496580.4494026,37.631
1768496580.551826,45.145
1768496580.654087,34.1
1768496580.756311,43.274
1768496580.8586404,32.521
1768496580.9609413,37.335
1768496581.0632703,46.227
1768496581.168386,33.033
1768496581.2707536,38.025
1768496581.3730927,48.601
1768496581.4753942,38.102
1768496581.5778317,35.658
1768496581.6802104,46.129
1768496581.782539,39.679
1768496581.885194,36.074
1768496581.9874737,46.888
1768496582.0903687,37.828
1768496582.1933966,38.693
1768496582.2958493,46.2
1768496582.398227,35.185
1768496582.500636,51.91
1768496582.6029868,37.412
1768496582.7052603,38.299
1768496582.8083055,48.462
1768496582.9108088,34.396
1768496583.0159967,46.692
1768496583.118954,37.806
1768496583.2211022,38.693
1768496583.3234124,48.294
1768496583.4259186,33.705
1768496583.528331,38.595
1768496583.6306565,45.806
1768496583.7329156,34.1
1768496583.8354175,39.383
1768496583.9416978,43.471
1768496584.0440621,34.297
1768496584.1465836,47.942
1768496584.2489903,37.653
1768496584.3513224,37.236
1768496584.4536824,46.102
1768496584.5560603,38.814
1768496584.6595957,44.259
1768496584.7618911,34.199
1768496584.866518,45.44
1768496584.9690728,38.913
1768496585.0713415,37.039
1768496585.173709,46.424
1768496585.2762783,35.856
1768496585.3787184,37.532
1768496585.48107,44.429
1768496585.5835645,34.001
1768496585.6858552,44.948
1768496585.7908227,39.087
1768496585.8931475,35.778
1768496585.9954398,47.282
1768496586.0977366,39.186
1768496586.20007,35.284
1768496586.3023224,48.364
1768496586.4045615,38.693
1768496586.5070817,36.645
1768496586.6094625,51.874
1768496586.7148883,33.428
1768496586.8171833,44.652
1768496586.9197037,35.362
1768496587.022679,44.383
1768496587.1251833,40.688
1768496587.2275462,36.447
1768496587.3299766,53.644
1768496587.4322562,38.595
1768496587.5345314,37.927
1768496587.6437516,48.532
1768496587.7460082,34.001
1768496587.848325,42.216
1768496587.9507515,46.818
1768496588.053025,34.593
1768496588.1553907,48.63
1768496588.2578542,38.025
1768496588.360206,37.927
1768496588.4655697,44.357
1768496588.568016,35.087
1768496588.6704986,45.861
1768496588.7728994,33.409
1768496588.8757217,46.227
1768496588.9782808,37.927
1768496589.0821972,37.927
1768496589.1844826,35.856
1768496589.2910848,43.57
1768496589.3935065,34.001
1768496589.496089,45.511
1768496589.5986154,33.527
1768496589.700911,49.515
1768496589.8032951,32.737
1768496589.9059627,43.989
1768496590.008351,37.236
1768496590.1109476,39.209
1768496590.215556,38.397
1768496590.3178966,36.151
1768496590.4201715,43.767
1768496590.5227346,34.199
1768496590.6254127,44.062
1768496590.7278857,32.916
1768496590.8303242,47.38
1768496590.9327195,37.905
1768496591.035153,37.631
1768496591.1412604,38.572
1768496591.2440908,35.185
1768496591.346834,44.456
1768496591.4492867,32.638
1768496591.551954,44.088
1768496591.6542797,38.42
1768496591.7567055,36.25
1768496591.8593667,44.429
1768496591.9652734,33.212
1768496592.067686,45.735
1768496592.1700888,37.828
1768496592.2723897,36.546
1768496592.3749027,46.55
1768496592.4770985,34.495
1768496592.579517,38.2
1768496592.6818097,40.838
1768496592.7884674,35.778
1768496592.8908944,49.839
1768496592.99333,38.518
1768496593.0956554,38.003
1768496593.1980631,35.185
1768496593.301426,50.634
1768496593.4036436,36.82
1768496593.5058637,39.087
1768496593.61208,41.946
1768496593.7145133,34.791
1768496593.8168814,45.806
1768496593.919277,33.606
1768496594.0216606,45.27
1768496594.1240492,37.335
1768496594.2263267,37.631
1768496594.3286977,44.456
1768496594.4309714,33.428
1768496594.5364473,46.102
1768496594.6389606,38.375
1768496594.741248,36.271
1768496594.8436267,49.839
1768496594.9459405,38.299
1768496595.0482385,36.546
1768496595.150625,46.102
1768496595.2530138,33.508
1768496595.3553374,40.861
1768496595.4610069,43.497
1768496595.5633736,34.001
1768496595.6656349,43.471
1768496595.7680652,38.89
1768496595.8706315,35.087
1768496595.9730473,47.31
1768496596.0768566,38.617
1768496596.17904,35.954
1768496596.2840495,51.812
1768496596.386228,38.617
1768496596.4884408,39.777
1768496596.5908396,40.172
1768496596.6932774,36.743
1768496596.7954986,33.508
1768496596.8978603,48.462
1768496597.0001972,39.284
1768496597.1025622,37.631
1768496597.20748,45.413
1768496597.3101642,35.856
1768496597.4125192,49.318
1768496597.5148747,34.199
1768496597.6171558,39.505
1768496597.719586,37.729
1768496597.8219056,45.019
1768496597.9245112,33.508
1768496598.0267587,41.625
1768496598.1319745,38.025
1768496598.2342849,37.236
1768496598.3365178,45.834
1768496598.4388833,34.593
1768496598.5412624,39.876
1768496598.6436212,45.046
1768496598.746009,33.804
1768496598.8483522,43.3
1768496598.9508054,43.792
1768496599.056166,34.396
1768496599.158859,48.925
1768496599.261135,43.694
1768496599.363725,34.791
1768496599.466173,45.44
1768496599.5684154,40.073
1768496599.670871,36.447
1768496599.7732613,45.959
1768496599.8797019,34.593
1768496599.9821837,47.184
1768496600.084407,39.307
1768496600.1869411,38.299
1768496600.2892632,43.128
1768496600.3923063,36.842
1768496600.4947567,44.948
1768496600.5970163,34.889
1768496600.7030919,49.544
1768496600.8057,37.806
1768496600.908124,38.299
1768496601.0106957,48.364
1768496601.113084,34.1
1768496601.2154167,44.849
1768496601.3177958,41.231
1768496601.4200742,34.988
1768496601.5271647,41.527
1768496601.6296573,47.085
1768496601.7320905,35.461
1768496601.8345103,52.66
1768496601.9368756,39.482
1768496602.0391028,36.743
1768496602.1413527,43.57
1768496602.2435842,33.804
1768496602.3457532,41.724
1768496602.451267,41.601
1768496602.553513,35.185
1768496602.6558437,51.512
1768496602.7582784,38.693
1768496602.86051,37.631
1768496602.9627922,47.929
1768496603.0657132,34.297
1768496603.1682234,46.79
1768496603.2741942,38.299
1768496603.3765755,37.532
1768496603.479149,46.818
1768496603.5816717,34.001
1768496603.683993,41.921
1768496603.7865598,42.807
1768496603.8890183,35.481
1768496603.9913082,50.664
1768496604.093591,38.223
1768496604.198349,40.542
1768496604.3006804,43.767
1768496604.403032,34.495
1768496604.5094767,43.792
1768496604.6117985,44.456
1768496604.7154403,34.396
1768496604.8177092,49.78
1768496604.9231136,35.362
1768496605.0256212,38.518
1768496605.1279278,42.019
1768496605.2302473,34.889
1768496605.3325179,49.318
1768496605.434987,32.934
1768496605.5375214,41.059
1768496605.639973,39.482
1768496605.7422884,35.856
1768496605.8471801,39.974
1768496605.9495497,34.889
1768496606.0520658,46.79
1768496606.1545894,46.719
1768496606.2569296,32.737
1768496606.3592906,38.321
1768496606.4615006,39.679
1768496606.5636232,34.593
1768496606.6660647,37.236
1768496606.7726305,40.936
1768496606.8749392,43.497
1768496606.9772184,33.31
1768496607.0794687,42.192
1768496607.1817338,38.671
1768496607.284446,34.199
1768496607.3868704,45.538
1768496607.4891765,40.369
1768496607.591651,36.645
1768496607.6959987,45.484
1768496607.7983847,35.284
1768496607.900811,51.776
1768496608.0030563,42.709
1768496608.1053836,35.383
1768496608.208057,46.2
1768496608.31042,41.896
1768496608.4127781,35.185
1768496608.5154018,41.822
1768496608.6211267,49.082
1768496608.7242339,34.001
1768496608.8265994,43.694
1768496608.9299748,41.109
1768496609.032264,35.58
1768496609.1346858,52.071
1768496609.236923,39.087
1768496609.3392615,37.236
1768496609.4448218,51.118
1768496609.5470433,39.209
1768496609.649334,37.236
1768496609.7515967,50.989
1768496609.8539534,33.902
1768496609.956315,40.172
1768496610.0587244,49.515
1768496610.1609964,38.595
1768496610.263228,38.102
1768496610.3668525,48.098
1768496610.4703646,34.593
1768496610.5727463,44.383
1768496610.6761377,34.199
1768496610.7783868,43.668
1768496610.8806276,42.979
1768496610.9828665,35.185
1768496611.0850835,46.79
1768496611.1876154,40.294
1768496611.2936928,38.321
1768496611.396157,48.335
1768496611.4984992,34.593
1768496611.600974,44.186
1768496611.7033358,41.527
1768496611.8056748,35.757
1768496611.9079924,48.069
1768496612.0102687,41.65
1768496612.1127703,35.954
1768496612.2175212,53.775
1768496612.3197637,38.769
1768496612.4222271,37.236
1768496612.52462,46.227
1768496612.6268485,34.692
1768496612.729205,42.29
1768496612.8315654,41.181
1768496612.9345107,35.481
1768496613.0367815,48.856
1768496613.145447,37.434
1768496613.2476797,44.383
1768496613.350096,35.185
1768496613.454109,52.629
1768496613.5566227,38.102
1768496613.6590807,35.856
1768496613.765207,51.155
1768496613.8676875,38.518
1768496613.9700181,36.25
1768496614.072276,51.155
1768496614.1747997,33.409
1768496614.2771611,41.428
1768496614.379503,43.373
1768496614.4819317,34.396
1768496614.5841844,42.61
1768496614.6889265,46.298
1768496614.791257,38.595
1768496614.8948324,48.04
1768496614.9970295,38.321
1768496615.0992484,36.074
1768496615.2014296,47.352
1768496615.303711,37.828
1768496615.4057999,37.039
1768496615.5082216,51.579
1768496615.6140516,39.876
1768496615.7164075,35.679
1768496615.8186793,50.528
1768496615.9210217,40.444
1768496616.023389,34.889
1768496616.1258314,47.212
1768496616.2280679,38.693
1768496616.3303168,38.716
1768496616.4328222,36.94
1768496616.5365024,38.89
1768496616.6394155,49.741
1768496616.7438242,40.936
1768496616.8461015,39.012
1768496616.9483597,36.743
1768496617.0507329,51.352
1768496617.1534832,33.508
1768496617.2558296,39.876
1768496617.358046,45.341
1768496617.4627523,34.692
1768496617.5650628,47.844
1768496617.667356,41.157
1768496617.770387,35.856
1768496617.8727205,47.745
1768496617.9749444,33.132
1768496618.0771847,37.729
1768496618.1794443,45.905
1768496618.2817664,33.724
1768496618.3875365,39.087
1768496618.489874,38.2
1768496618.5921404,36.053
1768496618.6945186,45.511
1768496618.7968082,33.804
1768496618.8996944,47.155
1768496619.0019608,38.321
1768496619.1042361,36.447
1768496619.2067192,45.046
1768496619.3131173,46.03
1768496619.4169,38.321
1768496619.5190365,37.532
1768496619.6212301,38.025
1768496619.723495,36.349
1768496619.825787,42.61
1768496619.9280674,34.199
1768496620.030393,48.138
1768496620.1371677,32.539
1768496620.2401178,43.497
1768496620.3424892,37.412
1768496620.4447963,36.151
1768496620.5471647,43.078
1768496620.6495755,34.396
1768496620.7519505,50.006
1768496620.8543386,37.313
1768496620.9568741,36.053
1768496621.0620258,42.537
1768496621.1644104,34.791
1768496621.2668843,47.085
1768496621.3692393,32.737
1768496621.4717302,42.019
1768496621.5746298,38.716
1768496621.6771336,35.284
1768496621.7795024,49.22
1768496621.8868802,32.441
1768496621.9894104,40.172
1768496622.0919032,36.919
1768496622.1960223,41.551
1768496622.2983036,32.817
1768496622.400532,40.444
1768496622.5031478,37.708
1768496622.605708,35.284
1768496622.7104323,42.019
1768496622.812927,33.132
1768496622.9152524,44.724
1768496623.0175364,38.693
1768496623.1198819,35.778
1768496623.2223203,46.227
1768496623.3248997,33.626
1768496623.4273183,44.088
1768496623.529934,38.375
1768496623.6349905,45.735
1768496623.7378473,33.231
1768496623.8402247,52.2
1768496623.9426496,38.102
1768496624.0448868,37.236
1768496624.1471007,44.357
1768496624.2492654,34.001
1768496624.3515165,44.456
1768496624.453804,39.186
1768496624.5593748,35.856
1768496624.6617854,49.19
1768496624.7642395,37.51
1768496624.8664844,36.842
1768496624.968878,50.173
1768496625.0712109,33.113
1768496625.1734447,39.58
1768496625.2758086,44.062
1768496625.3781545,34.199
1768496625.48318,45.243
1768496625.5856225,38.913
1768496625.6880262,36.151
1768496625.7903256,52.692
1768496625.8927917,37.828
1768496625.9951627,36.842
1768496626.0974755,47.479
1768496626.2002425,33.705
1768496626.3026404,43.694
1768496626.4084725,40.148
1768496626.5108976,39.11
1768496626.6142116,39.482
1768496626.716486,35.087
1768496626.8194745,34.396
1768496626.921978,38.223
1768496627.0244317,35.58
1768496627.1269336,44.849
1768496627.232247,33.014
1768496627.3347569,43.891
1768496627.4371443,36.645
1768496627.5395403,37.236
1768496627.6418457,42.61
1768496627.7441611,34.1
1768496627.8466427,46.271
1768496627.9490511,33.113
1768496628.051545,43.3
1768496628.1564837,42.093
1768496628.2591245,36.349
1768496628.3613417,40.172
1768496628.463541,37.729
1768496628.5658696,37.434
1768496628.6680803,42.684
1768496628.7703567,33.902
1768496628.8725822,47.97
1768496628.9748826,36.722
1768496629.0808854,40.566
1768496629.1833656,36.82
1768496629.2857747,37.532
1768496629.3881342,36.764
1768496629.4905074,37.532
1768496629.5930138,37.138
1768496629.6954167,37.631
1768496629.797888,40.664
1768496629.9003026,34.199
1768496630.0061696,48.561
1768496630.1086228,32.441
1768496630.210895,40.444
1768496630.3133054,37.039
1768496630.4155521,34.988
1768496630.5179188,44.456
1768496630.620297,33.033
1768496630.7226706,46.621
1768496630.828962,36.37
1768496630.9318154,39.284
1768496631.0343075,41.428
1768496631.1365378,34.396
1768496631.238893,46.566
1768496631.3413074,33.033
1768496631.4436674,42.019
1768496631.5461156,38.375
1768496631.6487856,34.889
1768496631.7548213,45.243
1768496631.8571641,33.113
1768496631.959474,45.341
1768496632.0620239,35.284
1768496632.1647544,40.27
1768496632.2671435,36.94
1768496632.3696067,38.299
1768496632.4720113,40.936
1768496632.5748203,48.757
1768496632.6814764,32.539
1768496632.7838664,41.946
1768496632.8861327,38.792
1768496632.9883764,34.199
1768496633.0907605,47.479
1768496633.1929522,32.126
1768496633.295168,37.532
1768496633.397377,45.046
1768496633.4994872,33.804
1768496633.6045697,44.456
1768496633.7069952,37.313
1768496633.809329,37.039
1768496633.9117804,45.61
1768496634.014186,33.113
1768496634.1165519,39.777
1768496634.2189093,39.777
1768496634.3212707,34.692
1768496634.4236836,48.433
1768496634.526143,37.434
1768496634.6314921,35.954
1768496634.7338557,44.921
1768496634.8367417,33.428
1768496634.9391112,39.777
1768496635.0413702,45.834
1768496635.1435587,34.593
1768496635.2458398,53.022
1768496635.3481486,37.412
1768496635.4520745,37.215
1768496635.5565958,45.538
1768496635.6589713,34.297
1768496635.7614336,43.103
1768496635.863768,44.429
1768496635.9661984,34.593
1768496636.0686502,44.383
1768496636.170987,36.151
1768496636.2732227,41.133
1768496636.377361,43.004
1768496636.4796946,34.297
1768496636.582061,45.341
1768496636.6843724,41.157
1768496636.786779,47.942
1768496636.889095,36.349
1768496636.9913855,38.496
1768496637.093692,46.621
1768496637.1961126,33.902
1768496637.2984757,38.223
1768496637.4053628,34.692
1768496637.5076668,45.046
1768496637.6099365,37.116
1768496637.7120786,38.792
1768496637.8146014,46.495
1768496637.9169397,33.606
1768496638.019114,38.989
1768496638.121341,43.668
1768496638.2275033,32.934
1768496638.329908,42.807
1768496638.4322102,42.906
1768496638.5345235,33.902
1768496638.6368592,41.946
1768496638.7391064,42.487
1768496638.8414395,33.902
1768496638.9437828,41.946
1768496639.0461433,46.397
1768496639.1519954,34.593
1768496639.2550461,50.498
1768496639.3573089,39.307
1768496639.459866,36.25
1768496639.5621688,46.003
1768496639.6693764,41.699
1768496639.7756145,35.461
1768496639.8781135,44.456
1768496639.9803898,44.751
1768496640.0827062,34.692
1768496640.1851833,42.118
1768496640.287422,39.557
1768496640.3898818,38.89
1768496640.4922023,48.167
1768496640.5945506,34.297
1768496640.6995165,39.186
1768496640.8018858,51.186
1768496640.9042897,39.284
1768496641.0069246,38.617
1768496641.109248,53.022
1768496641.2116928,40.369
1768496641.3140056,36.151
1768496641.4163527,38.2
1768496641.5196984,35.856
1768496641.6245503,44.16
1768496641.7269952,45.073
1768496641.8293753,33.231
1768496641.9316232,36.743
1768496642.0339084,46.102
1768496642.1361384,38.321
1768496642.23843,37.631
1768496642.3407354,47.254
1768496642.4475908,33.606
1768496642.550054,40.172
1768496642.652467,47.184
1768496642.7547772,36.546
1768496642.856954,36.645
1768496642.9592938,49.81
1768496643.0615642,37.708
1768496643.1639273,37.434
1768496643.2662585,50.823
1768496643.37083,33.31
1768496643.4730496,38.693
1768496643.5755098,49.151
1768496643.6780329,37.138
1768496643.7804205,38.42
1768496643.8826215,53.316
1768496643.9861677,41.231
1768496644.0883648,34.396
1768496644.1906211,42.782
1768496644.2957597,33.014
1768496644.3980432,46.762
1768496644.5004292,39.974
1768496644.6028178,33.902
1768496644.7051315,39.679
1768496644.807412,46.058
1768496644.9097574,34.475
1768496645.0120807,37.434
1768496645.1145387,48.433
1768496645.2206972,38.223
1768496645.3229723,37.708
1768496645.4251795,47.45
1768496645.527474,37.434
1768496645.629938,36.94
1768496645.732269,50.596
1768496645.8346634,35.876
1768496645.9379454,50.694
1768496646.0432377,41.231
1768496646.145483,35.481
1768496646.247749,45.905
1768496646.3499434,38.474
1768496646.452346,38.518
1768496646.5548058,47.844
1768496646.6571307,34.001
1768496646.7595334,41.133
1768496646.8619153,35.679
1768496646.9668121,48.827
1768496647.0694208,37.631
1768496647.1717348,38.792
1768496647.27399,46.719
1768496647.3764465,34.396
1768496647.4788868,48.364
1768496647.581393,38.299
1768496647.6837666,37.631
1768496647.790906,42.906
1768496647.8933105,34.791
1768496647.995791,41.896
1768496648.0981653,38.792
1768496648.2007132,35.757
1768496648.303436,44.456
1768496648.405879,33.132
1768496648.5081651,46.818
1768496648.6105208,37.729
1768496648.715251,36.94
1768496648.8176272,41.551
1768496648.9199908,34.001
1768496649.022412,49.023
1768496649.12474,36.349
1768496649.226955,40.664
1768496649.3291953,31.651
1768496649.4314675,43.792
1768496649.5341363,34.869
1768496649.6408725,40.936
1768496649.7432349,36.447
1768496649.8455906,36.842
1768496649.9479053,42.684
1768496650.0505567,33.329
1768496650.153047,48.138
1768496650.255662,40.247
1768496650.357997,39.482
1768496650.464348,34.495
1768496650.5667806,44.383
1768496650.6691792,32.737
1768496650.7715662,41.625
1768496650.8741941,38.299
1768496650.9765403,34.968
1768496651.0789104,44.894
1768496651.181443,33.113
1768496651.283936,41.157
1768496651.3887873,40.392
1768496651.4912643,35.185
1768496651.5937645,49.318
1768496651.6960914,37.434
1768496651.7983983,39.383
1768496651.9007323,42.192
1768496652.0031292,34.1
1768496652.1054842,46.861
1768496652.2077827,37.532
1768496652.3141396,38.42
1768496652.4165332,45.538
1768496652.518919,33.428
1768496652.6218693,43.989
1768496652.7240467,38.989
1768496652.8264391,35.383
1768496652.9286976,51.217
1768496653.030949,37.313
1768496653.137161,37.434
1768496653.2399876,46.593
1768496653.3423595,33.508
1768496653.444785,40.861
1768496653.54721,45.538
1768496653.649535,34.001
1768496653.7518969,38.89
1768496653.85425,47.057
1768496653.956746,34.1
1768496654.0621517,42.34
1768496654.1645248,41.65
1768496654.2668846,35.185
1768496654.3692634,50.399
1768496654.4714901,39.186
1768496654.5739133,49.544
1768496654.6766424,41.527
1768496654.7788162,35.185
1768496654.8841324,45.243
1768496654.9864311,43.963
1768496655.0887432,34.593
1768496655.1910448,43.004
1768496655.2936115,41.527
1768496655.396058,35.284
1768496655.4984357,48.167
1768496655.600798,42.585
1768496655.7030604,34.692
1768496655.8088102,50.203
1768496655.9112422,38.518
1768496656.0136106,37.927
1768496656.1159415,47.155
1768496656.2181766,33.705
1768496656.3206189,40.467
1768496656.4232428,41.921
1768496656.5257258,34.593
1768496656.6281064,52.106
1768496656.7357352,32.916
1768496656.8380995,43.767
1768496656.9412174,33.626
1768496657.0436182,50.135
1768496657.146032,32.737
1768496657.2483175,38.397
1768496657.3507829,45.171
1768496657.4578702,33.705
1768496657.5601833,48.659
1768496657.6624784,38.223
1768496657.7654226,39.58
1768496657.8680842,38.837
1768496657.970437,35.383
1768496658.0729754,46.102
1768496658.1753669,34.199
1768496658.2802398,49.878
1768496658.3828518,33.212
1768496658.485298,40.369
1768496658.5876515,43.274
1768496658.6901867,34.297
1768496658.7926419,33.409
1768496658.894885,42.709
1768496658.9972625,39.656
1768496659.0997136,34.791
1768496659.2047231,46.227
1768496659.3072145,33.705
1768496659.4096186,45.368
1768496659.5120125,37.532
1768496659.6143029,36.94
1768496659.716672,40.247
1768496659.8189518,35.087
1768496659.921231,46.298
1768496660.0235262,32.817
1768496660.1300595,41.231
1768496660.2322977,40.861
1768496660.3347673,34.396
1768496660.4371078,48.237
1768496660.5393918,37.018
1768496660.6418781,35.58
1768496660.7445452,49.711
1768496660.8468838,38.025
1768496660.9491456,35.284
1768496661.054199,49.485
1768496661.160845,38.343
1768496661.2641094,38.124
1768496661.366549,46.719
1768496661.4689648,33.113
1768496661.5711505,38.89
1768496661.6735418,44.259
1768496661.7791097,33.902
1768496661.8816175,44.259
1768496661.984082,38.572
1768496662.0864136,35.087
1768496662.1887,42.413
1768496662.2911541,35.284
1768496662.3935847,42.315
1768496662.4958408,35.185
1768496662.6022313,45.708
1768496662.7046661,33.409
1768496662.8073134,40.369
1768496662.9096663,39.284
1768496663.0123963,49.318
1768496663.1150236,39.459
1768496663.2171803,34.001
1768496663.3193896,39.284
1768496663.4222791,45.779
1768496663.5277789,34.001
1768496663.6303442,39.012
1768496663.7327561,47.97
1768496663.8355763,33.902
1768496663.938216,42.216
1768496664.0405097,47.043
1768496664.1429198,34.692
1768496664.2452557,47.942
1768496664.3510087,38.299
1768496664.4533072,37.828
1768496664.5559423,48.659
1768496664.6584003,34.199
1768496664.7608907,41.748
1768496664.8631365,42.512
1768496664.9655237,35.087
1768496665.0680258,46.129
1768496665.1756403,38.397
1768496665.2779126,39.505
1768496665.3801956,48.462
1768496665.4835021,33.705
1768496665.5869653,39.679
1768496665.6894,47.745
1768496665.7917125,33.212
1768496665.8940294,38.792
1768496666.0007315,48.491
1768496666.103041,33.804
1768496666.2052572,41.551
1768496666.3076472,44.652
1768496666.4100125,35.383
1768496666.5123036,48.757
1768496666.6148095,40.664
1768496666.7172124,35.856
1768496666.8228254,33.606
1768496666.9251866,44.974
1768496667.027487,43.621
1768496667.1297216,35.087
1768496667.232083,39.777
1768496667.3345478,37.039
1768496667.4366956,51.579
1768496667.5388722,39.33
1768496667.6410615,38.595
1768496667.7470343,38.277
1768496667.8492556,38.223
1768496667.9514816,49.485
1768496668.0537915,37.609
1768496668.156097,37.434
1768496668.2583432,46.523
1768496668.3607595,33.409
1768496668.46318,38.792
1768496668.565564,45.861
1768496668.667903,34.001
1768496668.7744305,41.527
1768496668.8767858,39.163
1768496668.979105,35.56
1768496669.0814688,49.19
1768496669.184325,39.012
1768496669.2867157,36.645
1768496669.3890262,48.462
1768496669.4913907,37.905
1768496669.5970943,37.532
1768496669.6993854,54.299
1768496669.801743,39.012
1768496669.9060369,36.053
1768496670.0082743,48.659
1768496670.1105323,39.777
1768496670.2128444,35.481
1768496670.3154786,49.741
1768496670.4221752,38.639
1768496670.524807,38.299
1768496670.627171,41.428
1768496670.7295918,34.1
1768496670.8318856,42.143
1768496670.9343734,41.896
1768496671.0368838,34.199
1768496671.1392899,47.155
1768496671.2455761,37.532
1768496671.3479795,36.447
1768496671.4504392,47.745
1768496671.552904,38.321
1768496671.6561167,46.846
1768496671.7583325,33.132
1768496671.8605359,43.103
1768496671.96295,39.876
1768496672.0651538,34.495
1768496672.1702912,35.185
1768496672.2726824,43.963
1768496672.3749764,33.329
1768496672.4773304,39.482
1768496672.5796783,45.61
1768496672.6820033,34.396
1768496672.7843344,42.413
1768496672.886723,41.724
1768496672.9890964,35.481
1768496673.0914373,48.757
1768496673.1965156,34.199
1768496673.2988603,39.58
1768496673.4012244,33.902
1768496673.5035772,47.155
1768496673.6060662,35.481
1768496673.7086382,39.974
1768496673.8132288,46.621
1768496673.919308,34.199
1768496674.0217845,39.284
1768496674.1245105,46.003
1768496674.2272193,34.791
1768496674.3298264,45.61
1768496674.4320748,41.798
1768496674.5344095,34.988
1768496674.6367507,41.847
1768496674.743248,47.675
1768496674.845686,34.495
1768496674.9480078,49.151
1768496675.0502708,41.33
1768496675.1525652,35.954
1768496675.254932,53.939
1768496675.3572528,33.804
1768496675.459633,40.763
1768496675.5657468,46.227
1768496675.668011,33.705
1768496675.770368,44.482
1768496675.872706,35.284
1768496675.9749713,45.413
1768496676.0770724,44.16
1768496676.1792843,34.199
1768496676.2813964,45.932
1768496676.3836796,33.902
1768496676.4858367,41.059
1768496676.5880146,44.357
1768496676.6946847,37.532
1768496676.796904,33.212
1768496676.8991528,42.512
1768496677.0015454,40.247
1768496677.1039033,35.481
1768496677.2062013,46.467
1768496677.3086088,34.001
1768496677.4109557,48.954
1768496677.513323,37.631
1768496677.6181147,36.94
1768496677.7205555,44.554
1768496677.822935,33.231
1768496677.9252315,46.79
1768496678.027696,39.087
1768496678.1299524,35.383
1768496678.2342384,45.046
1768496678.336482,33.428
1768496678.4388585,44.554
1768496678.5459344,39.065
1768496678.6481678,35.383
1768496678.750522,49.318
1768496678.8528798,38.223
1768496678.9550827,37.236
1768496679.057431,45.61
1768496679.1596727,34.297
1768496679.2619324,46.129
1768496679.364156,39.307
1768496679.4696472,35.757
1768496679.5720024,50.301
1768496679.6743898,33.784
1768496679.7768028,39.087
1768496679.8790667,47.999
1768496679.9813535,34.1
1768496680.0837026,43.274
1768496680.1860063,35.658
1768496680.2883182,42.807
1768496680.3933096,40.444
1768496680.4958668,48.59
1768496680.5998166,39.974
1768496680.702033,37.236
1768496680.804269,47.155
1768496680.9064994,34.297
1768496681.0087671,49.151
1768496681.1109,39.012
1768496681.217382,40.172
1768496681.3198528,39.482
1768496681.4221451,36.645
1768496681.5245738,50.301
1768496681.627039,32.934
1768496681.7297034,45.046
1768496681.832107,38.868
1768496681.9344778,36.37
1768496682.0370414,43.103
1768496682.1424305,34.692
1768496682.2452703,48.856
1768496682.347735,33.113
1768496682.450027,42.906
1768496682.552357,37.609
1768496682.6546614,36.645
1768496682.7569618,43.3
1768496682.860851,33.606
1768496682.9673462,48.167
1768496683.0699034,36.842
1768496683.1722631,37.631
1768496683.274555,46.523
1768496683.3769248,33.508
1768496683.4793196,43.792
1768496683.5816765,39.853
1768496683.6842816,35.679
1768496683.7900183,50.369
1768496683.8923194,33.508
1768496683.9947221,41.157
1768496684.097214,43.668
1768496684.1995592,34.889
1768496684.3021007,46.326
1768496684.40455,39.383
1768496684.5068836,36.25
1768496684.6091814,49.583
1768496684.714211,38.003
1768496684.8166223,47.352
1768496684.919259,34.1
1768496685.0215213,43.201
1768496685.1236916,38.814
1768496685.2258694,37.729
1768496685.3280418,45.467
1768496685.4302065,35.778
1768496685.5323386,54.332
1768496685.638555,38.617
1768496685.7409768,39.998
1768496685.8433127,46.692
1768496685.9456391,34.396
1768496686.0481029,43.274
1768496686.1503386,40.664
1768496686.2525778,36.645
1768496686.3548062,51.745
1768496686.457144,34.593
1768496686.5637755,48.138
1768496686.6659584,32.737
1768496686.768793,40.96
1768496686.8756552,35.56
1768496686.9780664,47.029
1768496687.081218,33.132
1768496687.188135,49.387
1768496687.2904887,34.791
1768496687.3932414,39.58
1768496687.4960208,40.641
1768496687.598717,35.087
1768496687.7013083,46.593
1768496687.803748,34.001
1768496687.9095197,49.544
1768496688.0119429,36.25
1768496688.114519,40.96
1768496688.2172682,36.743
1768496688.319754,40.467
1768496688.4221041,38.89
1768496688.5244484,37.532
1768496688.626894,45.341
1768496688.733805,49.938
1768496688.836258,37.554
1768496688.9385502,37.631
1768496689.0406773,41.625
1768496689.142939,35.383
1768496689.2453055,48.138
1768496689.347535,33.231
1768496689.449762,40.984
1768496689.5520375,45.708
1768496689.6569786,34.199
1768496689.7595394,48.404
1768496689.861993,39.133
1768496689.9643397,35.778
1768496690.0667894,47.605
1768496690.169152,34.199
1768496690.2714221,45.44
1768496690.3738022,39.012
1768496690.476115,36.172
1768496690.581965,53.742
1768496690.6842816,38.299
1768496690.7867067,36.645
1768496690.888979,49.976
1768496690.9913392,37.335
1768496691.094466,38.2
1768496691.1967144,47.212
1768496691.299048,34.199
1768496691.405786,41.133
1768496691.508071,42.512
1768496691.610611,35.284
1768496691.712963,47.901
1768496691.815246,39.876
1768496691.9175773,36.074
1768496692.0198636,46.593
1768496692.1221867,33.409
1768496692.2244747,44.285
1768496692.3304944,36.919
1768496692.4328861,37.729
1768496692.5352747,43.668
1768496692.6375926,34.199
1768496692.7399614,44.948
1768496692.842246,34.692
1768496692.9446523,42.093
1768496693.047013,33.902
1768496693.1494274,43.497
1768496693.2546594,37.335
1768496693.3571515,42.807
1768496693.4593349,33.508
1768496693.5614681,48.364
1768496693.6635892,37.828
1768496693.765876,35.383
1768496693.8680453,50.233
1768496693.970324,39.998
1768496694.0726233,36.151
1768496694.1748958,48.364
1768496694.2802238,33.705
1768496694.3824668,41.231
1768496694.4849257,44.383
1768496694.5877013,34.791
1768496694.6901386,48.364
1768496694.7926512,34.297
1768496694.895009,48.885
1768496694.9973264,33.31
1768496695.1044133,42.906
1768496695.2067845,39.702
1768496695.3091233,36.349
1768496695.411654,47.057
1768496695.5151856,38.693
1768496695.617618,39.186
1768496695.7199283,47.97
1768496695.8221006,34.1
1768496695.9262302,44.751
1768496696.0290542,37.729
1768496696.131356,39.656
1768496696.2341795,44.482
1768496696.336525,34.889
1768496696.4388921,46.129
1768496696.5416088,38.321
1768496696.644192,37.532
1768496696.7482073,40.05
1768496696.8520105,41.527
1768496696.954358,43.963
1768496697.0570493,34.199
1768496697.159669,40.073
1768496697.261967,44.528
1768496697.3644907,35.185
1768496697.466719,47.774
1768496697.569096,33.508
1768496697.6765244,32.817
1768496697.778889,44.456
1768496697.881188,38.693
1768496697.9836462,35.087
1768496698.086085,49.976
1768496698.1883216,38.792
1768496698.2907772,37.51
1768496698.3931715,46.326
1768496698.499446,35.284
1768496698.6017902,42.807
1768496698.704201,41.724
1768496698.8068104,35.185
1768496698.909356,48.491
1768496699.011909,39.284
1768496699.114301,38.989
1768496699.216624,46.102
1768496699.3194792,34.889
1768496699.4245133,49.544
1768496699.5268257,38.124
1768496699.629409,39.284
1768496699.7331984,42.413
1768496699.83548,35.284
1768496699.9379225,47.409
1768496700.0402389,40.148
1768496700.1427286,34.593
1768496700.2490008,52.299
1768496700.351473,32.638
1768496700.454062,39.284
1768496700.5564315,39.087
1768496700.658787,34.791
1768496700.7613254,49.583
1768496700.8638635,39.406
1768496700.9662151,34.593
1768496701.0686743,48.069
1768496701.1742356,37.138
1768496701.2765899,36.271
1768496701.3787925,50.596
1768496701.4813623,38.595
1768496701.5837963,36.666
1768496701.6861527,42.979
1768496701.7886944,35.284
1768496701.8911073,47.675
1768496701.9978814,45.905
1768496702.1001937,39.307
1768496702.2022989,36.447
1768496702.3045526,45.806
1768496702.4069076,34.199
1768496702.5091362,42.315
1768496702.6113229,45.046
1768496702.7135003,34.001
1768496702.8155677,38.595
1768496702.9209313,43.963
1768496703.0233634,33.705
1768496703.1256042,41.748
1768496703.2278976,39.284
1768496703.3301258,36.151
1768496703.432403,45.637
1768496703.53479,33.113
1768496703.6370268,41.748
1768496703.7397795,46.227
1768496703.8420167,33.31
1768496703.947854,36.842
1768496704.0500906,46.79
1768496704.1536858,39.998
1768496704.25596,35.658
1768496704.3581624,44.554
1768496704.460514,36.151
1768496704.5627255,38.572
1768496704.6649008,39.406
1768496704.7710903,38.003
1768496704.8734891,38.89
1768496704.975914,37.927
1768496705.0783212,38.814
1768496705.1807673,44.554
1768496705.283125,34.593
1768496705.3854432,44.036
1768496705.4877877,33.902
1768496705.59369,40.172
1768496705.6959813,41.33
1768496705.7982967,32.836
1768496705.900621,39.186
1768496706.002945,44.16
1768496706.1052551,37.828
1768496706.2076719,36.645
1768496706.3100753,47.774
1768496706.4123976,39.383
1768496706.5195286,45.216
1768496706.621938,33.606
1768496706.7243192,34.889
1768496706.8266902,36.447
1768496706.9291222,45.171
1768496707.031554,34.495
1768496707.1339931,45.538
1768496707.236592,33.033
1768496707.3418703,44.751
1768496707.4445353,32.539
1768496707.5470629,46.424
1768496707.6494417,35.835
1768496707.7519188,38.595
1768496707.854285,42.709
1768496707.9572723,33.428
1768496708.0598521,45.905
1768496708.1666012,32.342
1768496708.2689204,43.004
1768496708.3714752,37.949
1768496708.4745917,34.988
1768496708.5791001,44.088
1768496708.681649,33.705
1768496708.7841032,45.735
1768496708.8886368,37.335
1768496708.9909863,36.743
1768496709.093687,44.849
1768496709.1961856,33.31
1768496709.2988644,46.326
1768496709.4012196,38.966
1768496709.5040295,36.94
1768496709.6063943,46.03
1768496709.709105,33.606
1768496709.814358,45.243
1768496709.916877,38.102
1768496710.0193791,36.151
1768496710.1218612,46.987
1768496710.224222,33.508
1768496710.3267035,46.326
1768496710.4293685,36.525
1768496710.5317788,39.974
1768496710.6384864,35.481
1768496710.7407408,47.942
1768496710.8429918,36.82
1768496710.945309,38.693
1768496711.0476093,45.932
1768496711.1499412,33.705
1768496711.2523026,50.135
1768496711.3546772,37.412
1768496711.457169,37.434
1768496711.5616555,45.538
1768496711.6641016,33.31
1768496711.7666187,41.428
1768496711.8689747,40.641
1768496711.9713273,34.692
1768496712.0736842,46.03
1768496712.176069,37.784
1768496712.2785096,37.236
1768496712.3815916,45.288
1768496712.4864807,33.902
1768496712.589077,43.989
1768496712.6915293,38.595
1768496712.7955425,35.975
1768496712.8984175,46.2
1768496713.000855,33.31
1768496713.1033757,41.453
1768496713.2096965,38.518
1768496713.312158,36.546
1768496713.4146097,43.989
1768496713.517085,33.804
1768496713.61947,45.806
1768496713.7220254,38.966
1768496713.8244,33.508
1768496713.9266813,43.373
1768496714.029316,40.59
1768496714.1345785,34.1
1768496714.236869,44.482
1768496714.3391125,42.118
1768496714.441441,34.199
1768496714.544072,46.593
1768496714.6464052,39.186
1768496714.7487833,35.087
1768496714.8510594,39.406
1768496714.95322,35.954
1768496715.059093,47.113
1768496715.1614842,33.705
1768496715.2641206,39.974
1768496715.366545,41.822
1768496715.468933,36.94
1768496715.5713785,47.352
1768496715.6738982,34.001
1768496715.7762802,42.709
1768496715.882263,42.684
1768496715.9846942,34.593
1768496716.087144,50.43
1768496716.189641,39.11
1768496716.2920089,38.223
1768496716.3942885,45.538
1768496716.4967747,35.954
1768496716.601512,46.003
1768496716.706239,33.606
1768496716.811737,36.743
1768496716.913973,38.223
1768496717.016154,45.171
1768496717.1183512,33.231
1768496717.2207072,43.471
1768496717.3229005,38.518
1768496717.4253008,35.58
1768496717.5316632,45.44
1768496717.633957,32.737
1768496717.7362466,49.053
1768496717.83858,32.243
1768496717.940963,42.413
1768496718.0432496,39.777
1768496718.1455064,34.1
1768496718.247763,47.015
1768496718.3503954,34.1
1768496718.4557893,41.65
1768496718.5583596,37.554
1768496718.6608057,37.434
1768496718.7630854,47.282
1768496718.8655035,33.902
1768496718.9678707,40.27
1768496719.0715113,35.58
1768496719.1739922,50.566
1768496719.279351,38.42
1768496719.38172,39.012
1768496719.484021,43.595
1768496719.586378,34.297
1768496719.6888118,45.019
1768496719.7910852,39.777
1768496719.8932507,35.56
1768496719.9955022,47.605
1768496720.097728,41.157
1768496720.2027645,35.58
1768496720.3050814,52.889
1768496720.4078364,34.889
1768496720.510199,38.89
1768496720.612969,49.053
1768496720.7153082,33.705
1768496720.8180947,39.284
1768496720.9205275,45.44
1768496721.0230024,34.988
1768496721.1315498,50.725
1768496721.2339027,44.528
1768496721.336201,34.593
1768496721.4386728,49.938
1768496721.5413244,37.434
1768496721.6436617,38.42
1768496721.7461457,47.844
1768496721.8486812,32.934
1768496721.953588,43.201
1768496722.0561333,43.004
1768496722.1585093,34.593
1768496722.260804,47.97
1768496722.3630219,38.792
1768496722.465405,35.56
1768496722.5679317,46.003
1768496722.670256,32.934
1768496722.7726336,40.369
1768496722.878906,43.004
1768496722.981275,34.001
1768496723.0835967,43.642
1768496723.1859057,38.299
1768496723.288132,35.481
1768496723.39042,44.751
1768496723.4929562,44.948
1768496723.595441,39.603
1768496723.697668,35.087
1768496723.7999184,49.869
1768496723.9054804,39.307
1768496724.0081656,36.842
1768496724.1106799,47.45
1768496724.213001,33.902
1768496724.3152575,44.456
1768496724.4177873,38.89
1768496724.5201359,35.56
1768496724.6223984,50.271
1768496724.7263765,38.08
1768496724.8286858,36.645
1768496724.9311435,49.387
1768496725.0333612,36.349
1768496725.135784,42.684
1768496725.2380838,39.754
1768496725.340308,37.236
1768496725.4425168,36.743
1768496725.5447752,42.093
1768496725.6471658,37.06
1768496725.7525291,36.743
1768496725.8548143,47.155
1768496725.9571207,34.791
1768496726.0595963,38.913
1768496726.1618297,45.806
1768496726.2641716,33.606
1768496726.3664234,43.004
1768496726.4687352,40.542
1768496726.5710747,36.349
1768496726.6761723,49.682
1768496726.778632,37.335
1768496726.8808944,44.751
1768496726.9832015,34.297
1768496727.0855463,43.668
1768496727.1878226,41.207
1768496727.2901094,34.1
1768496727.3924365,41.453
1768496727.4947464,46.129
1768496727.6007183,34.001
1768496727.702999,42.216
1768496727.8052754,43.3
1768496727.9075263,34.297
1768496728.0100605,32.62
1768496728.1138585,42.709
1768496728.2162037,41.034
1768496728.3183715,34.1
1768496728.4237907,43.694
1768496728.5263457,39.012
1768496728.6288624,35.679
1768496728.7312958,47.085
1768496728.833642,33.31
1768496728.9361088,38.42
1768496729.0385296,46.227
1768496729.1409392,33.626
1768496729.2433841,41.453
1768496729.3478556,44.429
1768496729.450861,34.001
1768496729.5533342,43.274
1768496729.6555352,44.849
1768496729.7580125,34.001
1768496729.8603425,39.876
1768496729.9631453,43.497
1768496730.0655186,34.199
1768496730.1723974,48.688
1768496730.2749188,39.777
1768496730.3772874,35.284
1768496730.4795537,42.585
1768496730.5818686,39.383
1768496730.6841793,36.743
1768496730.7864747,51.284
1768496730.8887753,38.397
1768496730.9910724,37.434
1768496731.0963037,46.79
1768496731.198619,33.804
1768496731.30093,40.148
1768496731.4031537,46.888
1768496731.5054917,33.705
1768496731.607897,39.482
1768496731.7102935,46.003
1768496731.8128057,34.1
1768496731.915103,39.087
1768496732.0204027,48.069
1768496732.1227145,33.804
1768496732.2251422,39.557
1768496732.327419,41.034
1768496732.4299607,48.433
1768496732.5327466,36.053
1768496732.6351936,39.974
1768496732.7376108,37.981
1768496732.839785,36.172
1768496732.9454274,44.626
1768496733.0477886,34.869
1768496733.1502106,38.003
1768496733.2525492,43.72
1768496733.3549445,34.001
1768496733.4572566,46.916
1768496733.5598853,34.199
1768496733.6622775,44.186
1768496733.764871,38.989
1768496733.8709247,36.349
1768496733.97336,47.085
1768496734.0763276,33.014
1768496734.1788583,38.989
1768496734.2818027,39.482
1768496734.3842168,35.975
1768496734.4865153,47.352
1768496734.592638,33.508
1768496734.6951761,43.398
1768496734.7975278,39.383
1768496734.8998733,36.151
1768496735.0026045,47.184
1768496735.1049435,36.94
1768496735.2074025,37.532
1768496735.309727,46.102
1768496735.4120536,35.658
1768496735.517537,37.434
1768496735.6198993,46.102
1768496735.7223847,33.329
1768496735.8247862,38.518
1768496735.9273217,45.118
1768496736.029761,33.724
1768496736.1323261,45.118
1768496736.234919,38.792
1768496736.340344,36.743
1768496736.4426699,47.675
1768496736.5451195,38.42
1768496736.6476107,39.284
1768496736.7505417,36.349
1768496736.8526506,45.413
1768496736.9547534,33.329
1768496737.056892,40.936
1768496737.159153,38.89
1768496737.2648504,35.185
1768496737.3671346,47.872
1768496737.4693499,35.264
1768496737.5717218,40.27
1768496737.6740754,38.003
1768496737.7763891,35.383
1768496737.878885,49.092
1768496737.9812183,38.025
1768496738.0835092,39.383
1768496738.1892247,43.128
1768496738.291559,34.396
1768496738.3938928,48.827
1768496738.496272,32.934
1768496738.5986474,44.974
1768496738.7026348,37.455
1768496738.805042,37.138
1768496738.9073644,45.834
1768496739.0132697,33.409
1768496739.1155236,45.073
1768496739.2178159,38.89
1768496739.3202052,35.975
1768496739.4226236,49.053
1768496739.525215,36.82
1768496739.62753,39.505
1768496739.7299821,42.906
1768496739.8324332,34.199
1768496739.937697,43.078
1768496740.040117,41.453
1768496740.1423872,34.297
1768496740.2446656,49.485
1768496740.346941,32.737
1768496740.4493668,41.133
1768496740.5518188,36.349
1768496740.654158,37.828
1768496740.7565546,39.36
1768496740.8623264,36.546
1768496740.9648154,44.16
1768496741.0672846,33.31
1768496741.1695437,41.133
1768496741.2719746,34.889
1768496741.3742595,47.352
1768496741.476393,36.645
1768496741.578728,36.743
1768496741.6809304,47.352
1768496741.7870352,38.299
1768496741.8894055,36.94
1768496741.9917798,51.253
1768496742.0940793,38.617
1768496742.1963453,37.729
1768496742.2987232,47.38
1768496742.4009674,33.31
1768496742.5033958,39.383
1768496742.605782,45.565
1768496742.7126431,33.902
1768496742.81495,39.262
1768496742.9172058,45.61
1768496743.0207925,34.001
1768496743.123344,41.33
1768496743.2256966,47.015
1768496743.327956,34.001
1768496743.4347787,41.157
1768496743.5370667,41.306
1768496743.639404,34.1
1768496743.7419257,45.779
1768496743.8442788,38.496
1768496743.9466307,36.349
1768496744.0488951,50.173
1768496744.1511927,37.313
1768496744.2535346,37.828
1768496744.358291,47.831
1768496744.4605355,33.409
1768496744.5628817,41.256
1768496744.6652455,38.769
1768496744.7676125,35.975
1768496744.8699229,52.464
1768496744.9723332,38.572
1768496745.0747879,36.151
1768496745.1771455,43.963
1768496745.2829616,34.593
1768496745.386315,46.074
1768496745.4887288,34.297
1768496745.5910373,45.834
1768496745.693424,33.132
1768496745.7958715,45.735
1768496745.89814,38.321
1768496746.000434,35.481
1768496746.1052506,44.088
1768496746.2077248,34.1
1768496746.3101528,46.621
1768496746.4125338,32.342
1768496746.5149632,41.059
1768496746.6173754,32.539
1768496746.7201014,36.229
1768496746.8224697,36.94
1768496746.9247885,45.341
1768496747.0300403,33.212
1768496747.1323712,45.243
1768496747.2350707,37.828
1768496747.3374321,41.748
1768496747.439885,38.003
1768496747.5424113,37.532
1768496747.644729,43.398
1768496747.7470615,34.297
1768496747.849323,45.44
1768496747.95406,32.836
1768496748.056508,43.767
1768496748.15908,34.297
1768496748.261592,38.595
1768496748.3639686,40.392
1768496748.466335,33.705
1768496748.568723,50.203
1768496748.6710248,37.39
1768496748.773397,38.595
1768496748.878909,45.341
1768496748.9812882,34.396
1768496749.0835934,52.039
1768496749.18588,33.606
1768496749.288377,42.118
1768496749.3907762,38.693
1768496749.4930525,35.876
1768496749.5953388,49.878
1768496749.697688,33.587
1768496749.8031988,41.354
1768496749.9055336,35.481
1768496750.0082867,49.554
1768496750.110571,33.705
1768496750.2127678,42.413
1768496750.3150046,41.034
1768496750.4173398,35.264
1768496750.5194805,46.959
1768496750.621678,35.185
1768496750.7252142,38.003
1768496750.8274024,47.999
1768496750.929779,33.902
1768496751.0322664,42.906
1768496751.1346183,39.777
1768496751.2370367,35.757
1768496751.339325,49.976
1768496751.4416487,38.518
1768496751.5439582,37.434
1768496751.6463063,46.987
1768496751.75682,33.409
1768496751.8591814,42.019
1768496751.962596,44.088
1768496752.0649529,34.199
1768496752.16742,45.046
1768496752.2696915,41.527
1768496752.3719358,35.778
1768496752.4775906,47.844
1768496752.5799294,38.966
1768496752.6821554,35.975
1768496752.784471,50.694
1768496752.8867824,40.392
1768496752.9890585,35.264
1768496753.0915542,46.397
1768496753.193868,39.679
1768496753.2963424,35.461
1768496753.4011524,49.976
1768496753.5055091,38.42
1768496753.6079373,36.94
1768496753.7103634,44.849
1768496753.8127196,34.692
1768496753.9149942,49.151
1768496754.017329,34.297
1768496754.1196003,41.551
1768496754.2252896,34.396
1768496754.329018,48.364
1768496754.431227,40.444
1768496754.533636,35.284
1768496754.6358736,49.583
1768496754.7380233,38.89
1768496754.840257,36.546
1768496754.942667,48.63
1768496755.044767,33.113
1768496755.1494846,40.073
1768496755.251706,43.103
1768496755.3539653,34.988
1768496755.456213,51.646
1768496755.5583835,33.231
1768496755.6607897,38.716
1768496755.7637014,46.762
1768496755.8659132,33.705
1768496755.968108,42.315
1768496756.074018,41.109
1768496756.1847503,34.988
1768496756.286979,47.352
1768496756.389305,33.014
1768496756.491705,51.186
1768496756.593958,36.645
1768496756.6985507,36.447
1768496756.801095,32.342
1768496756.9034832,43.201
1768496757.0058198,39.307
1768496757.1082325,34.791
1768496757.2105048,48.885
1768496757.3129032,39.11
1768496757.4151862,36.053
1768496757.5173743,51.972
1768496757.6196976,33.113
1768496757.7241583,40.936
1768496757.8263857,40.345
1768496757.9289014,35.087
1768496758.0312665,44.626
1768496758.1336226,33.508
1768496758.2359848,44.554
1768496758.3382595,33.606
1768496758.4404871,45.171
1768496758.5428357,39.679
1768496758.6490266,49.023
1768496758.7511806,34.593
1768496758.8534849,46.227
1768496758.9558976,39.876
1768496759.0581312,35.658
1768496759.1604085,51.972
1768496759.2624924,38.989
1768496759.3645666,38.42
1768496759.4667873,49.81
1768496759.5719159,34.396
1768496759.6745133,45.637
1768496759.7769055,38.518
1768496759.8795733,36.468
1768496759.9824781,48.208
1768496760.085295,38.989
1768496760.187572,36.645
1768496760.2899537,46.861
1768496760.3922248,34.199
1768496760.4989998,46.566
1768496760.601985,34.495
1768496760.7042558,47.901
1768496760.8065886,34.001
1768496760.9089332,47.97
1768496761.011293,38.496
1768496761.1135888,36.546
1768496761.2158833,46.003
1768496761.3217854,34.001
1768496761.424026,44.777
1768496761.5263057,41.059
1768496761.628831,35.087
1768496761.7311723,49.22
1768496761.8334804,37.335
1768496761.9357145,37.335
1768496762.0379493,50.135
1768496762.1402016,38.223
1768496762.2467268,36.743
1768496762.3489637,47.113
1768496762.4512115,33.428
1768496762.553574,40.566
1768496762.6558082,38.913
1768496762.7580407,38.223
1768496762.8604417,40.073
1768496762.9628859,38.025
1768496763.0652347,46.397
1768496763.1703408,39.383
1768496763.2724638,43.694
1768496763.3745759,34.396
1768496763.476667,39.383
1768496763.5788805,47.282
1768496763.68101,33.902
1768496763.7834299,40.566
1768496763.885516,44.554
1768496763.9878418,34.396
1768496764.093876,41.133
1768496764.1960437,47.549
1768496764.2982554,34.08
1768496764.4009032,36.743
1768496764.5031338,46.818
1768496764.6053584,42.585
1768496764.7076113,34.791
1768496764.8138783,43.103
1768496764.9180477,50.006
1768496765.0202243,34.889
1768496765.12424,41.231
1768496765.2264407,49.348
1768496765.3287468,34.593
1768496765.431073,38.299
1768496765.5333314,54.79
1768496765.6356196,40.838
1768496765.7379098,36.645
1768496765.8437512,53.939
1768496765.946309,39.603
1768496766.048553,37.532
1768496766.1510515,50.301
1768496766.2533953,34.593
1768496766.3556535,42.216
1768496766.458157,43.03
1768496766.5603971,35.876
1768496766.6660795,46.129
1768496766.7685685,33.902
1768496766.8708985,52.169
1768496766.9732022,38.474
1768496767.0755959,37.236
1768496767.1778796,46.959
1768496767.2801218,33.705
1768496767.3823133,39.679
1768496767.4847364,42.585
1768496767.591712,46.987
1768496767.6939824,33.804
1768496767.79619,40.444
1768496767.898389,40.96
1768496768.0007648,34.988
1768496768.1029773,50.823
1768496768.2051556,32.934
1768496768.307321,42.118
1768496768.4095173,38.572
1768496768.5117934,36.151
1768496768.6167758,40.96
1768496768.7191408,35.757
1768496768.8219364,41.33
1768496768.9241922,34.889
1768496769.0265915,50.006
1768496769.1288273,32.934
1768496769.2347767,41.157
1768496769.3370967,38.913
1768496769.4438431,35.876
1768496769.5462513,45.61
1768496769.6486561,33.606
1768496769.7509933,45.118
1768496769.8533633,43.471
1768496769.9555743,34.297
1768496770.0578072,44.554
1768496770.1603305,38.102
1768496770.265801,35.58
1768496770.3681343,47.015
1768496770.4707177,33.132
1768496770.5731142,39.186
1768496770.6754375,42.118
1768496770.7777305,34.495
1768496770.8801203,50.105
1768496770.9824774,33.132
1768496771.0849116,41.059
1768496771.190615,38.299
1768496771.2928874,35.383
1768496771.3951201,45.61
1768496771.4977336,32.737
1768496771.6002383,41.354
1768496771.7027855,37.653
1768496771.8052852,36.645
1768496771.9075127,45.664
1768496772.0139914,42.906
1768496772.11654,39.163
1768496772.2188263,35.284
1768496772.320996,50.725
1768496772.4231508,36.842
1768496772.525502,39.679
1768496772.6279056,41.625
1768496772.7302113,34.396
1768496772.8324246,45.171
1768496772.9391332,38.617
1768496773.0414264,37.236
1768496773.1438768,46.818
1768496773.2462127,33.804
1768496773.348535,42.388
1768496773.4508178,41.428
1768496773.5532537,34.297
1768496773.6555324,50.528
1768496773.7618196,36.842
1768496773.8642368,38.989
1768496773.9666312,44.724
1768496774.068908,34.199
1768496774.171337,49.348
1768496774.2735991,37.905
1768496774.3759933,38.2
1768496774.478271,45.341
1768496774.580623,34.297
1768496774.6859736,46.03
1768496774.788408,34.791
1768496774.8907526,48.561
1768496774.9931116,33.409
1768496775.0955062,40.936
1768496775.1979551,39.482
1768496775.3004785,35.264
1768496775.402877,51.284
1768496775.505253,36.94
1768496775.6109068,37.434
1768496775.71332,44.357
1768496775.815783,33.804
1768496775.9181416,43.668
1768496776.0205097,40.148
1768496776.122772,36.074
1768496776.2251759,45.171
1768496776.3274841,49.711
1768496776.435535,33.804
1768496776.537903,50.86
1768496776.6405017,33.033
1768496776.7430649,38.617
1768496776.8455284,37.138
1768496776.9478688,44.482
1768496777.0503054,34.396
1768496777.1527884,51.843
1768496777.2589707,37.018
1768496777.3613465,38.42
1768496777.463952,43.176
1768496777.566325,34.396
1768496777.6725123,46.452
1768496777.7767012,32.934
1768496777.8813875,44.948
1768496777.983805,37.236
1768496778.0862973,37.532
1768496778.1886592,41.428
1768496778.2912183,33.409
1768496778.3939123,47.254
1768496778.4966416,32.638
1768496778.5990188,43.004
1768496778.7055414,36.25
1768496778.8078196,36.25
1768496778.9102795,43.004
1768496779.012829,33.212
1768496779.115339,45.046
1768496779.217958,38.913
1768496779.320285,34.988
1768496779.4227514,49.643
1768496779.529294,37.729
1768496779.6316788,36.94
1768496779.7340233,46.227
1768496779.8367167,33.804
1768496779.9393,44.849
1768496780.04177,38.496
1768496780.1443467,50.036
1768496780.2477858,38.025
1768496780.3523948,37.138
1768496780.4548771,45.216
1768496780.5572448,33.31
1768496780.6595125,40.566
1768496780.7620428,44.456
1768496780.8644774,34.001
1768496780.966779,42.782
1768496781.0692716,39.899
1768496781.1717556,37.335
1768496781.277366,38.496
1768496781.3797476,39.58
1768496781.4826663,37.729
1768496781.5850697,36.25
1768496781.6883497,47.479
1768496781.7907646,36.546
1768496781.8930736,38.989
1768496781.9953682,44.948
1768496782.1009386,34.1
1768496782.2032998,46.2
1768496782.3056586,39.459
1768496782.4079475,35.481
1768496782.5102198,43.176
1768496782.6125169,43.963
1768496782.7148006,34.889
1768496782.8175056,45.806
1768496782.9197915,41.625
1768496783.024959,35.58
1768496783.1272304,52.825
1768496783.2300951,33.686
1768496783.3327465,38.124
1768496783.4354036,48.63
1768496783.5378747,33.705
1768496783.640403,40.073
1768496783.742874,45.538
1768496783.8486748,35.284
1768496783.9510374,47.479
1768496784.0534782,34.1
1768496784.1558836,41.034
1768496784.258322,40.27
1768496784.3606532,35.284
1768496784.4631855,37.927
1768496784.5653741,36.151
1768496784.6720328,44.948
1768496784.7744975,34.692
1768496784.8767822,45.243
1768496784.9790008,36.546
1768496785.0814314,37.806
1768496785.1838439,44.652
1768496785.2860448,33.212
1768496785.3882918,44.948
1768496785.4904795,37.653
1768496785.596291,34.692
1768496785.6993213,46.888
1768496785.8017151,42.979
1768496785.9040885,34.1
1768496786.0072138,44.357
1768496786.1094804,42.979
1768496786.211949,34.001
1768496786.3142416,43.176
1768496786.4207044,38.617
1768496786.5230587,36.447
1768496786.6259036,48.797
1768496786.7283475,32.916
1768496786.830799,47.549
1768496786.9331143,35.56
1768496787.035498,37.927
1768496787.1377478,48.688
1768496787.2400725,33.804
1768496787.3448217,43.865
1768496787.4471323,42.512
1768496787.5495834,34.889
1768496787.6519747,51.517
1768496787.7543197,33.31
1768496787.8566558,36.94
1768496787.95899,49.976
1768496788.061384,39.186
1768496788.1640122,34.791
1768496788.2686224,46.692
1768496788.3709443,37.806
1768496788.4731522,35.383
1768496788.575471,48.827
1768496788.677792,34.297
1768496788.7802918,38.321
1768496788.882684,33.409
1768496788.984797,42.413
1768496789.0871491,40.27
1768496789.1934197,34.297
1768496789.295764,49.053
1768496789.3981383,38.792
1768496789.5004873,34.593
1768496789.6029353,46.326
1768496789.7053778,39.482
1768496789.8077395,34.199
1768496789.9104762,41.921
1768496790.012918,48.925
1768496790.1192462,35.461
1768496790.2216508,38.42
1768496790.325026,48.63
1768496790.4272738,38.321
1768496790.5295043,38.716
1768496790.6318343,47.549
1768496790.7342393,33.804
1768496790.8368323,40.566
1768496790.9416637,46.987
1768496791.0440593,34.297
1768496791.1464071,50.626
1768496791.2488773,33.606
1768496791.35122,44.948
1768496791.4535878,41.97
1768496791.5560439,34.495
1768496791.6582997,45.806
1768496791.760633,38.595
1768496791.8640528,35.087
1768496791.9663641,50.203
1768496792.0686953,37.489
1768496792.171017,35.679
1768496792.2733104,46.621
1768496792.37563,38.913
1768496792.4779656,34.889
1768496792.580443,48.069
1768496792.682677,39.284
1768496792.7850077,34.988
1768496792.8898463,47.015
1768496792.9922674,38.2
1768496793.0944283,34.968
1768496793.196757,48.04
1768496793.2991388,32.934
1768496793.4014406,43.3
1768496793.5037866,34.1
1768496793.6060126,41.822
1768496793.7081993,36.94
1768496793.8142822,43.621
1768496793.916611,34.396
1768496794.0190315,46.2
1768496794.121292,44.088
1768496794.223604,33.626
1768496794.3260057,38.102
1768496794.4283779,46.566
1768496794.530945,33.508
1768496794.63326,37.335
1768496794.7391498,48.098
1768496794.841658,38.792
1768496794.944046,36.349
1768496795.0482168,49.122
1768496795.1504462,39.58
1768496795.2527132,36.25
1768496795.3549714,50.006
1768496795.4572415,33.527
1768496795.563263,40.763
1768496795.6655495,45.976
1768496795.7678103,34.396
1768496795.8702083,43.497
1768496795.9726002,41.354
1768496796.074927,35.679
1768496796.177264,44.233
1768496796.2795737,32.817
1768496796.381897,39.307
1768496796.4876747,31.947
1768496796.5899775,41.551
1768496796.6925015,37.258
1768496796.7951148,42.782
1768496796.897441,33.132
1768496796.9996998,43.595
1768496797.102151,37.51
1768496797.2047193,35.284
1768496797.3072493,40.739
1768496797.4136887,33.31
1768496797.516046,45.145
1768496797.6186228,32.934
1768496797.7210815,45.834
1768496797.823437,40.566
1768496797.9257667,38.572
1768496798.0283966,34.297
1768496798.1307335,44.088
1768496798.2371542,32.836
1768496798.3394432,43.201
1768496798.4419668,37.631
1768496798.5443099,36.645
1768496798.646817,45.046
1768496798.7494712,33.508
1768496798.8519013,48.069
1768496798.9544787,36.349
1768496799.0568619,38.693
1768496799.1627498,37.784
1768496799.2652628,36.447
1768496799.3678277,41.453
1768496799.4717102,34.988
1768496799.574091,45.735
1768496799.67652,33.132
1768496799.7790265,49.023
1768496799.881242,33.724
1768496799.9871042,40.763
1768496800.089445,39.777
1768496800.1918073,33.606
1768496800.2942388,48.757
1768496800.3966515,32.126
1768496800.4991415,38.693
1768496800.6015525,44.456
1768496800.7040374,32.539
1768496800.806387,40.172
1768496800.9136155,43.325
1768496801.0162477,34.692
1768496801.1189177,47.085
1768496801.2213426,34.988
1768496801.323723,36.94
1768496801.4260461,48.069
1768496801.528496,33.527
1768496801.6308632,40.739
1768496801.7371411,39.11
1768496801.8396258,35.975
1768496801.9419508,51.843
1768496802.0443397,39.876
1768496802.147862,45.735
1768496802.2502642,34.199
1768496802.3524761,43.595
1768496802.4548485,44.062
1768496802.5607216,34.791
1768496802.6630645,44.652
1768496802.7654781,39.702
1768496802.8679597,35.58
1768496802.9708364,50.369
1768496803.0732262,33.409
1768496803.175671,42.684
1768496803.2779975,44.777
1768496803.3916247,34.396
1768496803.49394,46.369
1768496803.5962949,37.784
1768496803.6986187,35.284
1768496803.8009112,49.485
1768496803.9071777,32.638
1768496804.0095642,41.231
1768496804.1119165,39.284
1768496804.214303,36.053
1768496804.3166842,47.057
1768496804.4189596,33.231
1768496804.5213404,39.777
1768496804.6236641,42.512
1768496804.726133,34.692
1768496804.831498,47.942
1768496804.934082,37.412
1768496805.0364904,37.631
1768496805.139183,45.216
1768496805.2414713,34.1
1768496805.3441303,50.066
1768496805.4466043,37.412
1768496805.548859,40.096
1768496805.654933,45.341
1768496805.757528,34.692
1768496805.860029,46.593
1768496805.9626498,34.692
1768496806.064851,43.274
1768496806.1673863,34.988
1768496806.2695189,50.203
1768496806.3720474,31.947
1768496806.4741533,39.58
1768496806.5818036,38.124
1768496806.6840808,36.25
1768496806.7866206,32.836
1768496806.8890488,45.806
1768496806.9913201,36.426
1768496807.0935764,35.856
1768496807.1963432,45.976
1768496807.29868,37.434
1768496807.4078603,37.631
1768496807.5101993,46.424
1768496807.6124697,33.804
1768496807.714803,40.861
1768496807.817021,42.241
1768496807.9194417,34.297
1768496808.0217533,43.325
1768496808.1287322,40.641
1768496808.2311366,34.988
1768496808.3334763,49.122
1768496808.4358618,33.606
1768496808.5382242,43.595
1768496808.6406016,41.921
1768496808.742962,34.791
1768496808.8453288,50.959
1768496808.9514267,37.828
1768496809.0537517,36.842
1768496809.1560755,47.085
1768496809.2582662,37.018
1768496809.3607104,36.743
1768496809.4630244,49.878
1768496809.5655801,37.215
1768496809.667951,38.321
1768496809.7703972,45.467
1768496809.8761828,34.495
1768496809.9786873,44.456
1768496810.0809634,35.778
1768496810.1839244,51.677
1768496810.2862773,36.645
1768496810.388511,38.42
1768496810.4909952,48.659
1768496810.5934048,34.1
1768496810.6957214,41.453
1768496810.8013957,43.544
1768496810.9039311,34.297
1768496811.0066643,41.059
1768496811.1092303,45.046
1768496811.2119796,34.791
1768496811.314545,44.948
1768496811.4171197,43.398
1768496811.5194745,35.185
1768496811.6220088,51.61
1768496811.729156,33.626
1768496811.8318717,38.89
1768496811.9346917,48.728
1768496812.0369024,33.705
1768496812.1392407,41.551
1768496812.2416267,41.404
1768496812.3440018,35.284
1768496812.4462733,54.397
1768496812.5519078,38.223
1768496812.6543887,38.617
1768496812.756678,46.03
1768496812.8588986,33.902
1768496812.9612644,45.806
1768496813.063521,38.003
1768496813.1659403,35.185
1768496813.2682421,50.271
1768496813.37051,37.434
1768496813.4767447,38.814
1768496813.5790594,41.306
1768496813.6812656,35.087
1768496813.7836993,48.925
1768496813.8860426,33.31
1768496813.988209,38.814
1768496814.0905652,47.282
1768496814.1928632,33.606
1768496814.2952332,42.931
1768496814.4005876,41.625
1768496814.5028396,36.25
1768496814.6052992,33.409
1768496814.7075348,41.527
1768496814.8097587,42.709
1768496814.9120016,34.593
1768496815.0142527,41.527
1768496815.1163394,44.948
1768496815.2184324,33.508
1768496815.3242154,39.36
1768496815.4265907,43.471
1768496815.5292785,34.001
1768496815.6318119,42.709
1768496815.7343059,39.36
1768496815.8372126,36.151
1768496815.939488,52.169
1768496816.0427494,39.482
1768496816.1492755,35.56
1768496816.2516613,45.046
1768496816.3540442,45.878
1768496816.4563382,35.087
1768496816.5586836,53.054
1768496816.6609578,33.508
1768496816.763467,42.192
1768496816.865904,34.889
1768496816.968269,49.18
1768496817.0739725,39.754
1768496817.1763942,34.889
1768496817.2789016,44.554
1768496817.381198,44.724
1768496817.4836597,33.606
1768496817.5859692,42.019
1768496817.6884816,38.814
1768496817.7908404,36.151
1768496817.8969276,49.023
1768496817.9992738,38.814
1768496818.1017761,36.053
1768496818.2041125,49.81
1768496818.30652,37.116
1768496818.4088874,38.025
1768496818.5113304,37.828
1768496818.6137831,39.801
1768496818.7162454,36.25
1768496818.821043,33.804
1768496818.925015,37.927
1768496819.0271964,51.776
1768496819.1296427,38.518
1768496819.2317502,36.447
1768496819.334147,52.857
1768496819.4363325,39.899
1768496819.5386236,36.447
1768496819.6442444,49.583
1768496819.7467072,33.804
1768496819.8489525,39.284
1768496819.9512737,52.366
1768496820.0542378,38.299
1768496820.1566088,38.299
1768496820.259703,52.071
1768496820.3619523,40.936
1768496820.4643981,35.778
1768496820.5698924,44.823
1768496820.6721244,43.767
1768496820.7746139,34.988
1768496820.8772774,45.315
1768496820.9797258,43.767
1768496821.082207,34.1
1768496821.184527,43.103
1768496821.2868617,44.849
1768496821.393439,34.001
1768496821.4958615,39.679
1768496821.5981474,48.098
1768496821.700393,34.001
1768496821.8028967,49.643
1768496821.9053292,39.186
1768496822.0076127,37.631
1768496822.109967,50.762
1768496822.2124631,33.606
1768496822.3152416,39.186
1768496822.417755,46.03
1768496822.520256,34.692
1768496822.6226609,42.487
1768496822.725053,43.694
1768496822.8275645,34.791
1768496822.9298193,50.498
1768496823.0322907,38.792
1768496823.1347294,36.645
1768496823.2414732,36.82
1768496823.3438544,37.631
1768496823.4460933,46.369
1768496823.548316,37.039
1768496823.6505396,37.828
1768496823.752936,48.069
1768496823.8552313,35.362
1768496823.9575484,51.646
1768496824.059999,34.988
1768496824.165189,44.921
1768496824.267551,35.856
1768496824.3699906,54.397
1768496824.4729104,34.1
1768496824.5754685,42.512
1768496824.6789048,44.259
1768496824.781355,35.362
1768496824.8836818,53.873
1768496824.989507,38.989
1768496825.0919814,38.2
1768496825.1943285,48.659
1768496825.2968183,33.902
1768496825.3992996,40.27
1768496825.501674,41.847
1768496825.604161,35.58
1768496825.7065969,49.318
1768496825.8135886,33.409
1768496825.916048,43.103
1768496826.0183861,39.974
1768496826.1206913,34.988
1768496826.2233772,46.593
1768496826.3257637,32.836
1768496826.4281657,42.537
1768496826.5304933,32.638
1768496826.633584,42.512
1768496826.7382357,32.046
1768496826.840572,32.342
1768496826.9428728,44.849
1768496827.0453677,37.729
1768496827.147922,36.151
1768496827.2502127,44.16
1768496827.3525562,33.212
1768496827.4549534,42.807
1768496827.5574396,37.06
1768496827.663022,40.148
1768496827.7653754,33.508
1768496827.867785,48.335
1768496827.9699833,36.447
1768496828.0722642,38.496
1768496828.174495,42.388
1768496828.2767432,34.396
1768496828.3789165,49.682
1768496828.4811347,37.729
1768496828.5875118,38.42
1768496828.6905284,44.921
1768496828.7928112,33.804
1768496828.8954403,46.2
1768496828.9995348,40.664
1768496829.101791,35.58
1768496829.2041316,48.11
1768496829.306417,33.39
1768496829.4117906,40.96
1768496829.5143638,43.792
1768496829.6167114,34.001
1768496829.7190876,44.16
1768496829.8215277,38.223
1768496829.9238327,35.757
1768496830.0261712,38.518
1768496830.1285388,37.927
1768496830.2353196,39.262
1768496830.3377087,35.56
1768496830.439992,45.932
1768496830.5424967,33.033
1768496830.6448731,43.668
1768496830.7471414,38.025
1768496830.8494866,35.778
1768496830.9518378,46.298
1768496831.0541954,33.033
1768496831.1600547,39.284
1768496831.2623284,41.33
1768496831.3646991,34.297
1768496831.4670951,42.636
1768496831.5694246,41.822
1768496831.671783,34.297
1768496831.7742465,44.16
1768496831.8767035,39.383
1768496831.9790182,35.383
1768496832.0847557,37.258
1768496832.186954,37.039
1768496832.2891605,46.298
1768496832.3913639,33.231
1768496832.4935782,38.792
1768496832.595932,41.551
1768496832.698173,34.692
1768496832.8005,45.243
1768496832.9031634,37.708
1768496833.00896,36.447
1768496833.111232,50.626
1768496833.2137449,37.236
1768496833.317497,37.434
1768496833.4198601,46.79
1768496833.522141,34.1
1768496833.6244912,42.906
1768496833.7268255,40.444
1768496833.833149,35.679
1768496833.9354763,49.515
1768496834.0379403,36.447
1768496834.1402295,40.96
1768496834.2426956,43.497
1768496834.3450978,34.889
1768496834.4474123,49.741
1768496834.5498273,39.087
1768496834.6563015,37.532
1768496834.758692,41.378
1768496834.8610852,37.532
1768496834.9634266,46.959
1768496835.0657713,34.001
1768496835.1682756,41.231
1768496835.2705052,39.012
1768496835.372913,35.856
1768496835.475181,45.708
1768496835.5806296,33.804
1768496835.6830912,42.906
1768496835.7854693,32.441
1768496835.8878052,46.861
1768496835.9901047,37.116
1768496836.09241,36.25
1768496836.1949391,43.668
1768496836.2972608,33.132
1768496836.3995578,40.739
1768496836.5050864,34.396
1768496836.608027,45.145
1768496836.7103264,34.1
1768496836.812683,41.306
1768496836.9149137,34.199
1768496837.0172617,49.446
1768496837.1199982,37.729
1768496837.2223153,36.842
1768496837.324907,44.528
1768496837.429643,34.001
1768496837.5320292,49.515
1768496837.634827,37.434
1768496837.7385967,37.532
1768496837.8409345,45.44
1768496837.943174,34.199
1768496838.0455048,42.315
1768496838.147946,39.58
1768496838.2502127,34.988
1768496838.3560498,47.409
1768496838.458404,38.989
1768496838.5609374,36.764
1768496838.6632564,54.102
1768496838.7656934,38.124
1768496838.8681798,38.693
1768496838.970624,42.684
1768496839.0730507,34.889
1768496839.1794097,46.621
1768496839.2822583,43.3
1768496839.3845956,34.791
1768496839.4869099,43.471
1768496839.5893726,42.143
1768496839.691767,34.988
1768496839.794225,44.652
1768496839.8965292,39.951
1768496840.0034287,35.778
1768496840.1057653,50.535
1768496840.2081635,37.313
1768496840.3104744,39.656
1768496840.4129472,46.227
1768496840.5153246,34.297
1768496840.6176374,41.428
1768496840.719966,34.791
1768496840.8238416,52.334
1768496840.9289894,32.836
1768496841.0313287,39.58
1768496841.1336849,43.398
1768496841.2359898,34.1
1768496841.3382254,45.145
1768496841.4405448,38.025
1768496841.5429275,36.842
1768496841.645372,45.511
1768496841.761738,33.409
1768496841.8640292,44.974
1768496841.966309,41.921
1768496842.0686333,33.508
1768496842.1747189,43.891
1768496842.2771196,38.397
1768496842.379429,35.165
1768496842.4822042,48.601
1768496842.584503,37.335
1768496842.6868467,37.138
1768496842.789212,37.236
1768496842.8916655,39.406
1768496842.993866,34.199
1768496843.0988784,46.129
1768496843.201352,38.89
1768496843.3037624,34.593
1768496843.4061153,49.711
1768496843.5084136,37.532
1768496843.610839,36.151
1768496843.713304,48.04
1768496843.8156488,33.804
1768496843.9179447,38.792
1768496844.0230198,43.937
1768496844.125437,34.791
1768496844.227829,48.827
1768496844.3302093,34.495
1768496844.4325514,49.18
1768496844.5350063,34.692
1768496844.6374469,49.053
1768496844.7398446,41.699
1768496844.8428812,44.357
1768496844.947625,34.692
1768496845.050019,44.948
1768496845.1522834,40.763
1768496845.2547538,35.264
1768496845.3571868,49.19
1768496845.4599473,32.836
1768496845.5623307,39.284
1768496845.664755,46.227
1768496845.7675738,33.212
1768496845.8724706,41.133
1768496845.9813735,41.65
1768496846.0840328,35.481
1768496846.1864762,49.289
1768496846.288795,36.645
1768496846.3962507,37.236
1768496846.4985552,43.446
1768496846.600816,34.396
1768496846.7031343,48.797
1768496846.8055732,35.954
1768496846.9079082,51.61
1768496847.0103636,38.595
1768496847.1126697,36.447
1768496847.2192585,47.085
1768496847.3215983,33.705
1768496847.4239588,47.844
1768496847.5261838,37.708
1768496847.6286,37.729
1768496847.730873,44.429
1768496847.8332868,33.902
1768496847.9356968,41.354
1768496848.042037,43.865
1768496848.144461,34.1
1768496848.2467654,40.369
1768496848.3490596,46.987
1768496848.4512744,33.705
1768496848.5538292,38.595
1768496848.6560612,45.637
1768496848.7582743,36.447
1768496848.8611255,52.303
1768496848.9671593,38.397
1768496849.0694716,38.989
1768496849.1717882,49.446
1768496849.2739859,36.525
1768496849.3767622,37.631
1768496849.4791024,53.383
1768496849.5813262,41.109
1768496849.6835947,35.778
1768496849.785802,45.861
1768496849.890644,40.148
1768496849.993663,36.25
1768496850.0961215,51.253
1768496850.198623,40.467
1768496850.3009963,37.236
1768496850.4032953,55.969
1768496850.505517,38.792
1768496850.6080983,38.003
1768496850.7105045,46.467
1768496850.815995,34.297
1768496850.9182649,50.86
1768496851.0204997,40.838
1768496851.122703,34.988
1768496851.2250044,43.004
1768496851.3272848,44.16
1768496851.429629,34.593
1768496851.5320072,48.561
1768496851.6341689,40.172
1768496851.7378457,34.593
1768496851.8401356,44.16
1768496851.9424236,40.073
1768496852.0447803,35.757
1768496852.1470091,53.906
1768496852.2494738,39.307
1768496852.3518417,36.447
1768496852.4541218,50.793
1768496852.5565932,38.003
1768496852.658908,37.313
1768496852.764253,42.241
1768496852.8664327,35.284
1768496852.9687185,47.015
1768496853.071047,42.413
1768496853.1733239,35.679
1768496853.275467,48.364
1768496853.3777542,36.349
1768496853.4805222,54.233
1768496853.582711,33.508
1768496853.6875315,53.12
1768496853.789856,33.902
1768496853.8922284,40.566
1768496853.995161,48.462
1768496854.0973833,33.705
1768496854.1998236,39.777
1768496854.3022666,47.815
1768496854.407985,35.362
1768496854.5129986,37.905
1768496854.6153553,47.212
1768496854.7177188,34.297
1768496854.820142,46.058
1768496854.9224844,37.883
1768496855.0246801,37.236
1768496855.127109,44.849
1768496855.2293835,34.1
1768496855.331655,48.098
1768496855.4341776,34.573
1768496855.5397909,40.641
1768496855.64236,38.299
1768496855.7448022,36.645
1768496855.847082,45.735
1768496855.9495785,33.508
1768496856.0519783,43.865
1768496856.1543365,38.223
1768496856.2567832,36.447
1768496856.35927,46.2
1768496856.4656231,33.212
1768496856.567871,41.921
1768496856.6701725,35.58
1768496856.772679,32.046
1768496856.875066,44.508
1768496856.9774892,33.508
1768496857.079992,45.341
1768496857.1826856,32.638
1768496857.2849772,43.398
1768496857.390429,38.2
1768496857.4927425,35.58
1768496857.5950599,47.212
1768496857.6972978,34.001
1768496857.7997122,48.462
1768496857.902058,33.428
1768496858.0043812,38.003
1768496858.1071718,37.631
1768496858.2093153,46.987
1768496858.311527,33.508
1768496858.416253,45.932
1768496858.5185938,37.116
1768496858.6214817,39.974
1768496858.7239,41.059
1768496858.8261971,34.495
1768496858.9285228,47.352
1768496859.0307822,33.329
1768496859.1331735,42.61
1768496859.236216,39.974
1768496859.3417776,34.297
1768496859.4441917,47.647
1768496859.5466547,37.095
1768496859.6489956,36.842
1768496859.7514718,46.664
1768496859.8539703,33.705
1768496859.9563365,50.233
1768496860.0587416,33.132
1768496860.165276,40.345
1768496860.2677112,42.093
1768496860.370054,34.988
1768496860.472321,47.085
1768496860.574669,38.693
1768496860.6770244,37.159
1768496860.7793999,47.479
1768496860.8818083,38.025
1768496860.9879744,39.383
1768496861.0904727,37.236
1768496861.193045,39.777
1768496861.2953186,38.693
1768496861.397908,36.94
1768496861.5005178,43.103
1768496861.6029918,33.902
1768496861.7054756,45.44
1768496861.8128269,32.836
1768496861.915415,42.118
1768496862.0182166,37.335
1768496862.1206732,36.546
1768496862.2235458,33.705
1768496862.3259873,46.003
1768496862.4281974,36.426
1768496862.5303547,37.138
1768496862.6362834,40.444
1768496862.7389238,33.902
1768496862.8413541,47.97
1768496862.943854,32.539
1768496863.050301,41.724
1768496863.152695,36.94
1768496863.255093,37.434
1768496863.359885,39.974
1768496863.462358,35.185
1768496863.5648787,44.357
1768496863.6674767,33.409
1768496863.769932,48.659
1768496863.8722641,31.848
1768496863.9746146,41.059
1768496864.0772057,37.729
1768496864.179524,37.039
1768496864.28533,39.012
1768496864.3878808,35.284
1768496864.490255,43.989
1768496864.592794,32.638
1768496864.6954236,47.745
1768496864.7980003,32.737
1768496864.9004672,48.954
1768496865.0029469,32.243
1768496865.1080332,43.201
1768496865.2103925,36.842
1768496865.3128767,36.151
1768496865.4155078,41.847
1768496865.5178947,33.823
1768496865.6203742,44.652
1768496865.7228973,32.243
1768496865.8254044,45.073
1768496865.927841,36.743
1768496866.0336397,38.025
1768496866.1361115,37.018
1768496866.2384694,34.988
1768496866.3409493,33.231
1768496866.4445465,42.807
1768496866.5468807,32.836
1768496866.6490054,37.313
1768496866.751266,44.036
1768496866.8572102,32.441
1768496866.9595523,44.652
1768496867.0617764,36.645
1768496867.1641204,35.185
1768496867.2665565,46.79
1768496867.3693004,42.512
1768496867.471547,33.033
1768496867.5740988,39.11
1768496867.6763494,46.397
1768496867.781653,33.705
1768496867.884032,39.777
1768496867.986395,43.004
1768496868.088886,34.396
1768496868.1911469,48.098
1768496868.2936122,41.404
1768496868.3960476,34.692
1768496868.4984393,49.22
1768496868.604838,37.927
1768496868.7072527,37.532
1768496868.8096933,46.593
1768496868.9120555,33.212
1768496869.0145469,40.073
1768496869.117253,43.424
1768496869.2197206,34.593
1768496869.322183,43.274
1768496869.428807,43.004
1768496869.5310273,34.001
1768496869.6333706,47.675
1768496869.7357657,38.321
1768496869.8382761,38.913
1768496869.9406967,46.621
1768496870.0433261,34.1
1768496870.1456614,42.413
1768496870.2516131,39.679
1768496870.3539722,35.876
1768496870.4565022,50.135
1768496870.5590703,35.954
1768496870.661869,46.495
1768496870.764057,37.138
1768496870.8663173,38.025
1768496870.9685173,47.872
1768496871.0706403,33.409
1768496871.175226,49.082
1768496871.27761,38.025
1768496871.3798547,37.532
1768496871.4870553,49.122
1768496871.589283,38.245
1768496871.6915379,37.236
1768496871.793802,47.31
1768496871.8999348,34.001
1768496872.00219,47.212
1768496872.104514,33.606
1768496872.2068717,53.611
1768496872.309383,33.606
1768496872.411703,38.693
1768496872.5142012,47.577
1768496872.6165159,33.804
1768496872.7231588,38.42
1768496872.825494,49.19
1768496872.9277785,35.461
1768496873.030259,37.631
1768496873.1325653,49.946
1768496873.2347302,39.702
1768496873.337057,35.757
1768496873.4393659,53.972
1768496873.5416157,36.053
1768496873.6453896,38.913
1768496873.7480967,48.364
1768496873.8503654,36.053
1768496873.9527726,39.58
1768496874.0551205,47.97
1768496874.1573293,34.199
1768496874.2599125,39.383
1768496874.3622086,49.446
1768496874.4646895,34.495
1768496874.5670347,41.133
1768496874.6717498,47.085
1768496874.774443,34.889
1768496874.8767254,43.373
1768496874.9791327,35.757
1768496875.08125,50.036
1768496875.183477,37.708
1768496875.2858171,36.842
1768496875.388198,47.605
1768496875.4903991,33.329
1768496875.593044,40.27
1768496875.6988685,43.471
1768496875.8011596,33.724
1768496875.9035437,39.58
1768496876.0060601,45.905
1768496876.108286,33.113
1768496876.2105641,40.838
1768496876.3127856,39.087
1768496876.415019,34.988
1768496876.5173225,45.046
1768496876.622868,32.836
1768496876.7253075,36.842
1768496876.827865,37.631
1768496876.9302423,39.876
1768496877.0324912,34.001
1768496877.1347733,43.325
1768496877.237016,41.748
1768496877.3392558,34.199
1768496877.4416301,42.684
1768496877.548244,39.702
1768496877.6505332,37.905
1768496877.7528665,38.792
1768496877.8552,37.927
1768496877.9574804,46.593
1768496878.059982,35.56
1768496878.1622183,37.905
1768496878.264542,48.266
1768496878.3688924,33.409
1768496878.4711418,39.58
1768496878.5735183,46.102
1768496878.6759803,34.001
1768496878.7782547,39.11
1768496878.8805478,48.491
1768496878.982928,33.606
1768496879.0852084,41.231
1768496879.1875765,41.946
1768496879.2897918,34.593
1768496879.3959181,47.015
1768496879.4981802,37.039
1768496879.6017532,48.069
1768496879.703976,33.409
1768496879.8061593,39.777
1768496879.9083893,46.397
1768496880.0106854,33.804
1768496880.1128511,38.003
1768496880.2182274,50.83
1768496880.3205872,39.58
1768496880.4229126,34.791
1768496880.526181,40.542
1768496880.6284597,43.446
1768496880.730921,33.804
1768496880.8330967,40.172
1768496880.9353054,48.335
1768496881.0375926,37.729
1768496881.1433303,36.94
1768496881.2457864,45.932
1768496881.3479848,45.341
1768496881.4502988,34.396
1768496881.552473,44.088
1768496881.6548767,48.532
1768496881.7572076,34.199
1768496881.8594909,40.763
1768496881.9617684,46.79
1768496882.0666473,34.791
1768496882.1688719,48.069
1768496882.2711527,42.143
1768496882.3734694,34.889
1768496882.4757347,44.285
1768496882.578139,38.693
1768496882.680585,36.25
1768496882.7829242,45.932
1768496882.8852084,34.495
1768496882.9914422,45.073
1768496883.0937574,44.456
1768496883.1962924,33.804
1768496883.2985919,37.631
1768496883.4009635,52.531
1768496883.5033278,40.369
1768496883.6056411,36.151
1768496883.708081,49.741
1768496883.8104146,40.218
1768496883.9165242,36.94
1768496884.019043,39.702
1768496884.1213195,37.434
1768496884.2234778,50.86
1768496884.325732,40.369
1768496884.4279344,36.94
1768496884.530311,52.955
1768496884.6324902,40.172
1768496884.7347865,37.927
1768496884.8404262,46.593
1768496884.942736,35.284
1768496885.045134,53.447
1768496885.1490777,35.362
1768496885.2515664,40.96
1768496885.3538237,43.694
1768496885.4561605,34.889
1768496885.558444,49.446
1768496885.660816,33.132
1768496885.7656386,47.015
1768496885.8680234,38.541
1768496885.9702637,37.532
1768496886.072545,44.921
1768496886.174981,34.1
1768496886.2772546,50.135
1768496886.3795116,32.638
1768496886.4820707,48.237
1768496886.584549,33.033
1768496886.6917305,48.393
1768496886.7942955,41.625
1768496886.8966231,38.178
1768496886.9989808,34.988
1768496887.1015413,44.482
1768496887.204109,33.132
1768496887.3064842,43.865
1768496887.4088945,38.025
1768496887.5112517,34.297
1768496887.616673,45.538
1768496887.7192342,32.62
1768496887.8216836,38.89
1768496887.9241984,40.27
1768496888.0264854,34.495
1768496888.1289136,49.279
1768496888.2312262,38.2
1768496888.3338737,35.185
1768496888.4363573,48.856
1768496888.5417929,41.527
1768496888.6456757,41.699
1768496888.7479296,33.804
1768496888.850241,47.085
1768496888.9526334,38.474
1768496889.0549307,36.271
1768496889.1572196,51.512
1768496889.259472,39.603
1768496889.3624961,35.383
1768496889.4669948,49.151
1768496889.5693376,39.853
1768496889.6717257,35.778
1768496889.7741783,51.941
1768496889.8771524,38.42
1768496889.979632,44.876
1768496890.0820754,33.508
1768496890.1843593,38.89
1768496890.2867959,47.97
1768496890.3916278,35.087
1768496890.49397,49.81
1768496890.5963645,38.2
1768496890.698893,38.518
1768496890.801148,49.613
1768496890.9033697,39.307
1768496891.0057619,37.236
1768496891.1081164,47.774
1768496891.210489,33.705
1768496891.314089,39.482
1768496891.4166179,38.89
1768496891.5190272,39.11
1768496891.6212883,35.481
1768496891.7235456,45.708
1768496891.825952,41.034
1768496891.9283683,34.495
1768496892.0306852,44.777
1768496892.1329968,41.65
1768496892.2354937,34.791
1768496892.3377879,43.963
1768496892.4426923,43.373
1768496892.5451226,35.284
1768496892.6474264,47.057
1768496892.7498708,39.603
1768496892.8524215,35.757
1768496892.9549177,45.341
1768496893.057338,39.482
1768496893.1597235,36.468
1768496893.2662148,38.102
1768496893.3684733,37.905
1768496893.4706664,45.834
1768496893.572914,34.593
1768496893.6751966,42.807
1768496893.7775588,44.259
1768496893.8798428,34.889
1768496893.982771,44.383
1768496894.0849752,39.012
1768496894.1969218,35.383
1768496894.2992833,52.236
1768496894.4015696,37.729
1768496894.5039263,36.94
1768496894.6062822,51.383
1768496894.708559,33.231
1768496894.8135512,45.145
1768496894.9158714,38.617
1768496895.0182679,36.546
1768496895.120713,42.709
1768496895.2230713,34.593
1768496895.3253987,47.745
1768496895.427778,37.412
1768496895.5300741,37.927
1768496895.6323247,43.398
1768496895.7374368,34.593
1768496895.8398645,50.075
1768496895.942471,33.212
1768496896.0450392,40.542
1768496896.147412,40.369
1768496896.249827,33.823
1768496896.3521795,50.075
1768496896.4546242,32.836
1768496896.557037,43.989
1768496896.6633592,37.51
1768496896.7658365,45.61
1768496896.8681247,35.679
1768496896.9705503,45.806
1768496897.0729132,37.729
1768496897.1754053,37.532
1768496897.2777736,44.357
1768496897.3800755,33.804
1768496897.482386,40.861
1768496897.5873106,35.679
1768496897.6899204,45.538
1768496897.792298,33.212
1768496897.894538,40.345
1768496897.99687,41.034
1768496898.0991886,34.199
1768496898.201712,42.192
1768496898.3038647,45.834
1768496898.4097674,33.804
1768496898.5136657,38.025
1768496898.6159503,48.364
1768496898.7183504,37.335
1768496898.82074,37.532
1768496898.9229982,52.071
1768496899.0256865,39.482
1768496899.1281621,36.447
1768496899.2304468,49.741
1768496899.3364673,37.729
1768496899.4388301,37.039
1768496899.5410895,47.97
1768496899.6434422,34.396
1768496899.745711,43.471
1768496899.848121,43.595
1768496899.9504054,35.185
1768496900.0526276,49.544
1768496900.1549385,34.1
1768496900.2605464,42.044
1768496900.362758,42.315
1768496900.4652228,34.001
1768496900.5677526,42.782
1768496900.6701016,45.44
1768496900.7723918,34.593
1768496900.8747413,44.679
1768496900.9771233,44.554
1768496901.079396,34.495
1768496901.181792,39.284
1768496901.286622,49.869
1768496901.3890595,35.284
1768496901.4912906,50.694
1768496901.593663,34.593
1768496901.6959617,39.974
1768496901.7983258,52.759
1768496901.900638,38.42
1768496902.0029123,36.94
1768496902.105236,46.227
1768496902.2074869,46.353
1768496902.3132386,46.888
1768496902.4160495,40.814
1768496902.5182202,36.25
1768496902.6204624,51.615
1768496902.7225654,34.672
1768496902.8247774,37.335
1768496902.9269722,51.253
1768496903.029476,38.89
1768496903.1318078,36.349
1768496903.2357328,47.282
1768496903.341787,38.845
1768496903.444254,35.185
1768496903.546443,47.605
1768496903.649096,34.001
1768496903.7515717,46.467
1768496903.8542173,33.31
1768496903.9565291,42.315
1768496904.059033,42.216
1768496904.1645963,34.001
1768496904.2669778,40.467
1768496904.3694115,46.495
1768496904.4716387,38.025
1768496904.5741053,37.729
1768496904.676497,52.369
1768496904.778904,39.087
1768496904.8813112,35.56
1768496904.9837954,47.479
1768496905.0894153,38.913
1768496905.1917799,35.954
1768496905.2940552,43.963
1768496905.396447,46.003
1768496905.4987414,34.593
1768496905.601011,40.664
1768496905.7032967,53.184
1768496905.805669,39.459
1768496905.9079282,36.842
1768496906.0129566,45.216
1768496906.115328,39.632
1768496906.2176461,37.138
1768496906.319961,48.433
1768496906.4224367,34.988
1768496906.5249321,44.751
1768496906.6272063,38.617
1768496906.7295046,40.05
1768496906.8318756,45.905
1768496906.9397087,45.44
1768496907.0421302,35.461
1768496907.144525,43.767
1768496907.2489512,38.814
1768496907.351324,37.631
1768496907.4541025,48.335
1768496907.5563416,33.804
1768496907.6616666,48.827
1768496907.7641077,37.806
1768496907.8664997,36.349
1768496907.9688401,52.66
1768496908.0711021,38.769
1768496908.1734931,36.053
1768496908.2756891,44.849
1768496908.3780015,40.838
1768496908.4802597,34.692
1768496908.5845678,45.315
1768496908.6867955,44.652
1768496908.7890258,34.396
1768496908.891296,42.413
1768496908.9935832,45.905
1768496909.095878,34.495
1768496909.1982687,40.27
1768496909.3008032,52.236
1768496909.403359,39.186
1768496909.5056689,37.06
1768496909.6109905,50.399
1768496909.7135053,41.404
1768496909.8158956,35.185
1768496909.918099,44.777
1768496910.0205162,45.315
1768496910.1227071,34.692
1768496910.224822,46.326
1768496910.327087,41.946
1768496910.429445,36.645
1768496910.533881,49.122
1768496910.6361544,34.791
1768496910.7384856,43.767
1768496910.8408234,46.326
1768496910.9432602,35.087
1768496911.0454834,42.216
1768496911.1479583,46.916
1768496911.2502716,44.974
1768496911.3539813,48.896
1768496911.459471,34.396
1768496911.5618742,39.383
1768496911.6641154,51.843
1768496911.7664702,40.148
1768496911.872568,35.481
1768496911.974786,45.046
1768496912.077058,41.453
1768496912.1804056,34.889
1768496912.2826962,42.684
1768496912.385008,46.03
1768496912.4873555,34.396
1768496912.589852,50.891
1768496912.6921713,38.693
1768496912.7944129,36.842
1768496912.896666,46.719
1768496912.9990032,49.446
1768496913.1013234,34.1
1768496913.207091,41.059
1768496913.3094022,49.78
1768496913.4117346,35.679
1768496913.5142572,38.496
1768496913.6165814,49.682
1768496913.7187858,34.396
1768496913.8211484,51.192
1768496913.9234314,35.58
1768496914.0258522,44.652
1768496914.1287513,42.143
1768496914.2314851,36.151
1768496914.3339505,50.732
1768496914.4362442,40.294
1768496914.5385194,37.138
1768496914.640926,57.05
1768496914.743145,40.392
1768496914.8455274,40.195
1768496914.9478924,46.495
1768496915.0545862,33.902
1768496915.1569796,41.354
1768496915.2594078,44.259
1768496915.3617327,36.722
1768496915.4640226,37.631
1768496915.5663493,47.479
1768496915.6687322,35.383
1768496915.771143,37.412
1768496915.873446,37.708
1768496915.9796343,48.601
1768496916.0819125,34.1
1768496916.184268,43.128
1768496916.286526,44.777
1768496916.388789,34.495
1768496916.4926565,48.827
1768496916.5949035,36.94
1768496916.6971462,52.267
1768496916.8034892,35.284
1768496916.9057286,51.61
1768496917.008056,37.434
1768496917.110374,37.335
1768496917.2128496,45.61
1768496917.3151846,34.889
1768496917.4175332,38.223
1768496917.5198517,44.849
1768496917.6221592,33.804
1768496917.727393,43.078
1768496917.829833,39.383
1768496917.9321039,34.692
1768496918.0343726,49.613
1768496918.1366544,37.729
1768496918.2390058,36.447
1768496918.3412936,49.848
1768496918.4437582,38.025
1768496918.546014,38.321
1768496918.651339,45.61
1768496918.7536545,33.31
1768496918.8559759,36.842
1768496918.958305,46.593
1768496919.0606549,32.836
1768496919.1630573,37.828
1768496919.2655098,46.074
1768496919.3679283,38.693
1768496919.4702902,35.856
1768496919.5734687,48.983
1768496919.6756742,39.459
1768496919.77789,35.383
1768496919.8801496,43.078
1768496919.982558,47.085
1768496920.084921,33.606
1768496920.187273,39.209
1768496920.2896414,39.482
1768496920.392165,35.185
1768496920.4947567,45.637
1768496920.5996554,38.42
1768496920.7026591,39.505
1768496920.805032,47.507
1768496920.9079766,33.508
1768496921.010578,40.861
1768496921.1129029,40.369
1768496921.215328,34.692
1768496921.3175762,44.948
1768496921.4235306,41.748
1768496921.525845,34.1
1768496921.6281948,49.279
1768496921.7306235,38.102
1768496921.8330228,36.349
1768496921.9354,49.19
1768496922.0377316,38.321
1768496922.13995,37.335
1768496922.2424307,47.212
1768496922.3478134,33.902
1768496922.4502091,37.806
1768496922.5526023,46.298
1768496922.6549463,34.396
1768496922.7571921,48.433
1768496922.859733,37.532
1768496922.9620204,37.532
1768496923.0643954,48.954
1768496923.1667557,33.606
1768496923.2716157,39.58
1768496923.373924,46.298
1768496923.4762406,33.804
1768496923.578689,40.542
1768496923.680918,44.948
1768496923.7832253,34.297
1768496923.885666,45.44
1768496923.9880736,40.444
1768496924.0904694,35.876
1768496924.1963332,48.069
1768496924.298659,34.001
1768496924.40116,44.357
1768496924.50357,39.482
1768496924.605918,35.954
1768496924.7082958,37.729
1768496924.8114476,40.739
1768496924.9141989,39.307
1768496925.0201013,38.102
1768496925.1224995,44.921
1768496925.224766,34.593
1768496925.32782,46.621
1768496925.4300513,38.913
1768496925.532319,36.349
1768496925.6346529,44.698
1768496925.7370098,33.705
1768496925.8394887,42.636
1768496925.9449382,41.625
1768496926.0472069,33.804
1768496926.1495335,48.885
1768496926.2518303,36.743
1768496926.3540528,37.729
1768496926.4564955,38.595
1768496926.5590267,35.185
1768496926.6614196,44.948
1768496926.7638752,51.217
1768496926.8691354,36.623
1768496926.9717567,37.927
1768496927.0741203,41.822
1768496927.1763647,33.409
1768496927.2788446,41.354
1768496927.3812723,45.118
1768496927.483692,33.329
1768496927.5862296,39.853
1768496927.6886635,43.767
1768496927.7950253,34.199
1768496927.897538,52.267
1768496927.9999585,38.2
1768496928.1023586,37.434
1768496928.204767,47.479
1768496928.3073876,33.705
1768496928.4100106,38.518
1768496928.512409,47.745
1768496928.6190193,33.606
1768496928.7216532,40.05
1768496928.8242135,42.019
1768496928.9265764,34.791
1768496929.029022,39.632
1768496929.1319625,35.481
1768496929.2341468,48.167
1768496929.3365233,43.767
1768496929.4428592,34.791
1768496929.5489676,41.453
1768496929.652944,42.265
1768496929.7553043,34.593
1768496929.8576841,44.482
1768496929.959921,45.61
1768496930.0622838,34.1
1768496930.1675262,45.341
1768496930.269909,41.034
1768496930.3724108,34.988
1768496930.474876,42.734
1768496930.5771377,44.921
1768496930.6794946,33.31
1768496930.781949,40.073
1768496930.8843591,42.636
1768496930.9906478,34.889
1768496931.09296,47.901
1768496931.1953237,41.699
1768496931.2975228,34.199
1768496931.3999226,43.694
1768496931.5023732,45.708
1768496931.6046414,34.001
1768496931.7070618,42.019
1768496931.8093727,43.767
1768496931.9166398,35.383
1768496932.0189486,45.637
1768496932.121315,38.102
1768496932.2236595,37.927
1768496932.3259876,49.18
1768496932.4284024,33.902
1768496932.5309134,41.724
1768496932.6332972,39.557
1768496932.738694,36.25
1768496932.8410578,48.601
1768496932.9433138,33.902
1768496933.0455837,40.861
1768496933.14789,35.264
1768496933.25104,44.921
1768496933.3533328,40.566
1768496933.4554837,34.988
1768496933.5579424,48.659
1768496933.664151,37.532
1768496933.7727065,36.447
1768496933.8749733,49.81
1768496933.97737,37.631
1768496934.0797086,38.89
1768496934.1819072,45.806
1768496934.2886558,33.804
1768496934.3909173,39.951
1768496934.4932008,44.062
1768496934.595475,34.1
1768496934.6977963,45.118
1768496934.8002853,39.459
1768496934.9027212,36.25
1768496935.0050232,52.825
1768496935.1074147,33.212
1768496935.213314,41.034
1768496935.3155062,46.692
1768496935.4178393,33.804
1768496935.5201082,40.566
1768496935.6223457,42.757
1768496935.724798,35.185
1768496935.827115,46.003
1768496935.9293253,44.948
1768496936.0315948,34.297
1768496936.1367197,41.157
1768496936.2391176,43.963
1768496936.3415236,34.988
1768496936.4438496,45.735
1768496936.546101,39.284
1768496936.6484334,38.102
1768496936.7509043,32.836
1768496936.8532226,51.579
1768496936.9554944,34.771
1768496937.0609748,38.89
1768496937.1632133,43.642
1768496937.2654932,34.593
1768496937.3677168,43.865
1768496937.4702165,34.199
1768496937.573633,44.285
1768496937.6757886,37.06
1768496937.7779505,40.27
1768496937.880195,44.062
1768496937.986486,33.329
1768496938.088872,43.103
1768496938.1954699,43.694
1768496938.297698,34.297
1768496938.4000564,43.103
1768496938.5023165,42.315
1768496938.6047285,34.001
1768496938.7071617,43.3
1768496938.8126214,47.352
1768496938.9151318,34.1
1768496939.0174043,40.96
1768496939.1197577,46.129
1768496939.2220242,34.1
1768496939.3243456,35.876
1768496939.4267802,42.881
1768496939.5291507,34.593
1768496939.631507,41.896
1768496939.7383723,47.254
1768496939.8406157,37.927
1768496939.9429803,38.2
1768496940.0452013,49.938
1768496940.1474125,40.641
1768496940.2497303,36.151
1768496940.351986,47.085
1768496940.454379,46.495
1768496940.5567555,34.988
1768496940.661258,43.3
1768496940.7636147,48.856
1768496940.8660078,40.195
1768496940.9682631,36.151
1768496941.0706928,48.364
1768496941.173022,39.974
1768496941.275271,38.42
1768496941.3774407,52.664
1768496941.479861,41.109
1768496941.5852556,36.25
1768496941.6876137,51.413
1768496941.790025,37.434
1768496941.8935292,51.941
1768496941.9957333,40.073
1768496942.097875,38.42
1768496942.2008715,49.613
1768496942.3030899,34.396
1768496942.4065013,39.383
1768496942.5094955,51.579
1768496942.6117518,34.199
1768496942.7140417,54.495
1768496942.8163795,38.89
1768496942.918669,36.349
1768496943.0208912,44.921
1768496943.1231997,40.294
1768496943.2254846,35.679
1768496943.3278646,44.062
1768496943.4339116,46.03
1768496943.5362837,33.902
1768496943.6387513,38.617
1768496943.7412746,50.498
1768496943.8436284,37.828
1768496943.9458814,38.223
1768496944.0482583,48.462
1768496944.1507285,33.804
1768496944.253002,40.073
1768496944.3553574,47.507
1768496944.4604383,34.001
1768496944.562911,40.664
1768496944.6652167,43.767
1768496944.7676525,34.889
1768496944.8701003,50.694
1768496944.9725547,35.954
1768496945.0748754,38.693
1768496945.177157,45.511
1768496945.2795703,34.396
1768496945.3819854,41.034
1768496945.4878795,46.692
1768496945.5902033,34.199
1768496945.6926649,44.285
1768496945.7950346,41.724
1768496945.897348,35.087
1768496945.9997346,50.105
1768496946.1020365,37.729
1768496946.2043622,39.186
1768496946.3066514,41.625
1768496946.4130964,34.593
1768496946.5154724,46.424
1768496946.6183658,40.172
1768496946.7209246,33.606
1768496946.8231585,43.989
1768496946.9254825,33.132
1768496947.028557,45.538
1768496947.130778,36.623
1768496947.2350945,36.842
1768496947.3398752,44.921
1768496947.442239,33.508
1768496947.5445588,47.802
1768496947.6470988,35.067
1768496947.749504,40.861
1768496947.852017,40.148
1768496947.9543307,34.988
1768496948.0567493,47.901
1768496948.1592658,39.209
1768496948.2661383,36.764
1768496948.3685324,50.823
1768496948.4709196,33.231
1768496948.573497,40.566
1768496948.6760726,39.186
1768496948.7784822,35.679
1768496948.8809993,52.303
1768496948.9834068,37.51
1768496949.089483,39.603
1768496949.1918344,44.751
1768496949.294154,33.606
1768496949.3965292,40.566
1768496949.4989264,41.65
1768496949.6013296,34.396
1768496949.7038329,48.659
1768496949.8061676,36.447
1768496949.9085548,37.532
1768496950.0145326,45.216
1768496950.1169026,33.231
1768496950.219215,40.542
1768496950.321555,44.331
1768496950.424073,34.001
1768496950.5266826,40.542
1768496950.629177,43.595
1768496950.7318723,35.383
1768496950.8344746,51.217
1768496950.9393694,37.949
1768496951.0423024,46.888
1768496951.145009,34.396
1768496951.2474747,44.456
1768496951.3496954,39.58
1768496951.4521575,35.975
1768496951.5543659,52.464
1768496951.6583974,36.328
1768496951.7636523,38.989
1768496951.866016,40.861
1768496951.9683502,34.988
1768496952.0707595,46.397
1768496952.1731966,33.231
1768496952.2756476,42.734
1768496952.3781395,40.467
1768496952.4804733,35.185
1768496952.5829473,49.22
1768496952.688225,38.003
1768496952.7907517,37.631
1768496952.8933222,42.709
1768496952.9958384,33.804
1768496953.0983953,48.237
1768496953.200745,36.94
1768496953.303112,39.974
1768496953.4056625,38.102
1768496953.5080318,35.856
1768496953.6132388,43.865
1768496953.7155893,34.495
1768496953.8180797,39.36
1768496953.92054,36.349
1768496954.022962,41.33
1768496954.1256433,34.791
1768496954.2280664,45.341
1768496954.3307214,32.836
1768496954.433137,48.196
1768496954.538492,32.817
1768496954.6410646,38.299
1768496954.7434993,41.798
1768496954.8458767,33.409
1768496954.9481416,44.357
1768496955.0505033,33.606
1768496955.1529057,38.989
1768496955.2553523,37.751
1768496955.362114,39.754
1768496955.465534,34.593
1768496955.567987,44.16
1768496955.6743784,32.737
1768496955.776657,41.65
1768496955.8790987,37.631
1768496955.9884248,37.039
1768496956.0909662,39.702
1768496956.1933627,34.791
1768496956.2956827,45.171
1768496956.398254,32.737
1768496956.500731,48.266
1768496956.6032763,32.539
1768496956.7056682,42.487
1768496956.810949,35.481
1768496956.9134245,43.373
1768496957.0157964,32.441
1768496957.1182113,38.42
1768496957.220811,43.398
1768496957.3231637,33.033
1768496957.4256446,39.383
1768496957.528058,42.413
1768496957.630375,34.889
1768496957.7365112,50.989
1768496957.838822,39.133
1768496957.9411554,34.889
1768496958.0435011,47.872
1768496958.1457434,38.518
1768496958.2480814,37.313
1768496958.3504133,47.113
1768496958.4527159,33.705
1768496958.5551586,42.216
1768496958.660712,40.739
1768496958.7630413,34.692
1768496958.8653667,44.554
1768496958.9676783,41.699
1768496959.0701704,34.593
1768496959.1726332,43.497
1768496959.275149,40.96
1768496959.3775055,35.087
1768496959.4847698,43.865
1768496959.5870335,34.297
1768496959.689748,43.694
1768496959.7921085,42.118
1768496959.8969185,34.199
1768496960.0007854,41.724
1768496960.1029353,43.865
1768496960.2081628,34.593
1768496960.3105946,43.373
1768496960.4128928,43.004
1768496960.5152442,33.705
1768496960.6175146,42.512
1768496960.7197785,43.497
1768496960.822059,34.396
1768496960.9244306,43.818
1768496961.0267704,39.876
1768496961.1332116,35.954
1768496961.2354858,50.369
1768496961.3378382,38.124
1768496961.4401157,37.335
1768496961.542556,47.282
1768496961.6448286,34.1
1768496961.747184,41.428
1768496961.8494093,45.216
1768496961.9517372,34.692
1768496962.0567608,41.847
1768496962.159009,41.551
1768496962.2614872,36.151
1768496962.3638449,51.45
1768496962.4662766,38.003
1768496962.5686612,39.679
1768496962.6710675,46.467
1768496962.7732723,33.902
1768496962.8756022,36.842
1768496962.9813747,52.629
1768496963.0839272,37.631
1768496963.186324,36.546
1768496963.2887096,46.888
1768496963.3910892,33.31
1768496963.4934745,38.321
1768496963.5959666,52.495
1768496963.6982296,36.645
1768496963.8005874,40.073
1768496963.9075835,34.1
1768496964.0097914,38.693
1768496964.111991,45.467
1768496964.2141912,34.1
1768496964.31735,40.566
1768496964.4196491,48.364
1768496964.5218282,35.757
1768496964.6243112,38.299
1768496964.7265162,51.155
1768496964.8321018,38.496
1768496964.9344845,36.743
1768496965.0367315,48.294
1768496965.1390946,40.739
1768496965.2414453,36.151
1768496965.3438525,49.053
1768496965.4461684,41.946
1768496965.5486794,35.481
1768496965.6511843,52.039
1768496965.7565339,36.349
1768496965.8588715,38.716
1768496965.9613016,48.069
1768496966.0637662,34.396
1768496966.1661904,45.565
1768496966.2687826,39.656
1768496966.371175,38.617
1768496966.4735122,44.948
1768496966.5758033,34.1
1768496966.6818361,47.802
1768496966.7857199,36.447
1768496966.8882296,42.019
1768496966.9905965,33.508
1768496967.0929794,42.782
1768496967.1953046,41.256
1768496967.297832,34.297
1768496967.4001863,46.861
1768496967.5063589,37.455
1768496967.608993,41.059
1768496967.7113402,38.047
1768496967.813787,37.434
1768496967.9161742,45.341
1768496968.0187593,33.527
1768496968.121216,39.087
1768496968.223565,43.937
1768496968.3307657,41.157
1768496968.4329188,43.078
1768496968.5350952,33.902
1768496968.6383977,40.664
1768496968.7407498,44.16
1768496968.8430858,33.626
1768496968.9453971,40.27
1768496969.047589,46.916
1768496969.154116,33.508
1768496969.2564778,40.467
1768496969.358837,44.285
1768496969.4611633,34.1
1768496969.563579,43.989
1768496969.666114,45.735
1768496969.768598,34.199
1768496969.8708744,40.369
1768496969.9731855,47.774
1768496970.077846,33.705
1768496970.1802218,41.724
1768496970.2824442,44.679
1768496970.3849216,34.396
1768496970.4871614,41.231
1768496970.589541,46.987
1768496970.6919138,34.1
1768496970.794356,40.936
1768496970.8968105,42.019
1768496971.0021393,33.606
1768496971.1045763,43.694
1768496971.206864,37.905
1768496971.3092399,34.889
1768496971.4115832,47.577
1768496971.5139077,38.617
1768496971.6162574,35.954
1768496971.7186174,48.491
1768496971.82109,37.631
1768496971.9233804,35.461
1768496972.0280828,47.802
1768496972.130511,36.842
1768496972.2331333,42.044
1768496972.3354752,38.299
1768496972.4377275,35.954
1768496972.540663,47.802
1768496972.64304,38.223
1768496972.7452874,37.434
1768496972.8476715,34.199
1768496972.9550583,43.57
1768496973.057242,42.906
1768496973.1595504,35.284
1768496973.2632704,51.124
1768496973.3656726,34.396
1768496973.467896,46.888
1768496973.570162,38.769
1768496973.6769822,37.138
1768496973.7792902,48.069
1768496973.88167,36.468
1768496973.9841204,50.664
1768496974.0865288,33.705
1768496974.1889982,41.034
1768496974.291299,37.729
1768496974.393947,38.299
1768496974.496317,45.735
1768496974.6017964,33.231
1768496974.704129,42.093
1768496974.8065321,40.172
1768496974.9090312,35.185
1768496975.0114098,49.22
1768496975.113762,37.039
1768496975.216191,41.551
1768496975.3185372,32.737
1768496975.4208314,41.724
1768496975.5256078,39.777
1768496975.6279972,35.185
1768496975.7302783,44.357
1768496975.8326416,34.791
1768496975.9351108,44.849
1768496976.0374382,33.902
1768496976.1399004,38.496
1768496976.2422915,41.059
1768496976.3447042,34.988
1768496976.4508905,43.963
1768496976.553542,35.658
1768496976.6561503,44.186
1768496976.758545,34.1
1768496976.8609881,31.947
1768496976.963364,48.462
1768496977.065685,33.606
1768496977.1678894,39.974
1768496977.270375,35.679
1768496977.3793182,46.523
1768496977.4815683,36.645
1768496977.585328,38.299
1768496977.6875205,41.034
1768496977.7914371,33.113
1768496977.8937643,42.241
1768496977.9959862,37.981
1768496978.1013873,35.185
1768496978.2038946,45.511
1768496978.306312,36.053
1768496978.4085507,36.743
1768496978.5110042,45.118
1768496978.6133692,38.617
1768496978.7156274,37.927
1768496978.8179607,51.807
1768496978.9202857,39.383
1768496979.0256207,35.679
1768496979.1279485,43.865
1768496979.230269,40.59
1768496979.3325832,34.791
1768496979.4349713,42.487
1768496979.5373418,46.003
1768496979.6397164,34.1
1768496979.7420938,43.373
1768496979.844705,43.694
1768496979.9495573,34.692
1768496980.0518262,40.838
1768496980.1541727,49.082
1768496980.2566032,33.804
1768496980.3588996,41.059
1768496980.4612777,45.905
1768496980.5637367,33.804
1768496980.6662652,38.693
1768496980.7688167,43.274
1768496980.8742235,34.1
1768496980.976871,46.467
1768496981.0792878,38.42
1768496981.1818087,37.138
1768496981.284092,45.216
1768496981.3865275,33.409
1768496981.4888737,39.876
1768496981.5913837,33.508
1768496981.6939805,46.326
1768496981.7992597,37.828
1768496981.9016366,38.595
1768496982.0040314,47.282
1768496982.1069808,34.1
1768496982.209231,44.974
1768496982.311635,38.966
1768496982.4140003,36.468
1768496982.5163798,46.79
1768496982.623359,33.31
1768496982.7257817,40.27
1768496982.8283036,44.456
1768496982.9307384,34.889
1768496983.0332134,51.118
1768496983.1356444,37.532
1768496983.238181,39.58
1768496983.3406875,44.383
1768496983.446629,34.791
1768496983.54905,44.948
1768496983.6514783,33.804
1768496983.7539816,45.118
1768496983.8569136,32.934
1768496983.959385,46.846
1768496984.061949,37.631
1768496984.1643796,36.567
1768496984.2668834,44.751
1768496984.3737047,32.737
1768496984.4760232,43.792
1768496984.5783374,37.653
1768496984.68075,37.138
1768496984.783097,41.428
1768496984.885428,33.902
1768496984.9878123,49.643
1768496985.0901268,37.039
1768496985.1925104,36.447
1768496985.2974138,47.549
1768496985.3998032,39.012
1768496985.502056,35.481
1768496985.6044838,48.561
1768496985.7069488,39.679
1768496985.8091745,35.679
1768496985.9115202,46.003
1768496986.0156567,34.495
1768496986.1215189,43.004
1768496986.2246997,43.694
1768496986.3269482,34.692
1768496986.429157,47.577
1768496986.531428,40.617
1768496986.6342015,37.138
1768496986.736634,33.31
1768496986.8389623,46.762
1768496986.9435399,41.946
1768496987.0459652,35.383
1768496987.1482227,47.745
1768496987.2505329,39.012
1768496987.352893,36.271
1768496987.4552147,47.745
1768496987.557555,41.157
1768496987.659977,37.828
1768496987.762443,38.124
1768496987.864815,46.003
1768496987.9703398,37.412
1768496988.0725353,36.546
1768496988.1747837,45.583
1768496988.27711,33.033
1768496988.3793893,44.186
1768496988.4817317,38.223
1768496988.58402,36.151
1768496988.6864765,48.561
1768496988.7888486,33.31
1768496988.891191,39.974
1768496988.9973855,46.888
1768496989.0996656,33.132
1768496989.2019455,38.496
1768496989.3044374,47.479
1768496989.4068477,34.495
1768496989.5091195,44.331
1768496989.6117525,38.617
1768496989.7143006,36.645
1768496989.8202746,42.979
1768496989.9226696,34.593
1768496990.025196,48.659
1768496990.1276586,38.496
1768496990.2299302,37.138
1768496990.3322787,34.1
1768496990.4357688,41.724
1768496990.5379963,42.192
1768496990.6435788,35.284
1768496990.747619,52.759
1768496990.850117,38.223
1768496990.9526439,36.447
1768496991.0550427,49.613
1768496991.1573014,39.065
1768496991.2597547,36.842
1768496991.3620555,50.694
1768496991.464355,34.396
1768496991.5705519,40.664
1768496991.6728725,42.068
1768496991.7753747,35.067
1768496991.8777754,49.22
1768496991.9802785,39.974
1768496992.0828896,36.842
1768496992.185294,47.45
1768496992.2877147,34.1
1768496992.3938873,43.865
1768496992.4962552,41.527
1768496992.5986292,34.869
1768496992.7010355,52.66
1768496992.8034942,39.459
1768496992.9057739,36.271
1768496993.0083516,47.704
1768496993.1106277,35.56
1768496993.2164948,41.527
1768496993.3190484,42.512
1768496993.4215279,34.889
1768496993.524188,52.366
1768496993.6264818,35.481
1768496993.7288105,40.345
1768496993.8312328,40.861
1768496993.9342196,35.383
1768496994.0406299,46.818
1768496994.1429532,39.186
1768496994.2452123,38.124
1768496994.3476174,45.44
1768496994.4503143,44.088
1768496994.5538375,44.456
1768496994.6563308,34.692
1768496994.7586567,41.256
1768496994.8662233,39.679
1768496994.9686005,34.988
1768496995.0710154,48.954
1768496995.1732545,40.936
1768496995.2756803,35.954
1768496995.3780365,51.543
1768496995.480322,34.692
1768496995.5827372,38.2
1768496995.684997,47.802
1768496995.7905662,35.461
1768496995.8929248,39.307
1768496995.9953303,52.825
1768496996.0976977,38.792
1768496996.2000194,37.729
1768496996.3025942,48.532
1768496996.404946,33.724
1768496996.5087168,40.369
1768496996.615141,46.326
1768496996.7175627,34.791
1768496996.820135,39.853
1768496996.922536,37.335
1768496997.0249214,52.924
1768496997.127441,38.518
1768496997.2298763,38.716
1768496997.3324485,48.433
1768496997.434954,34.1
1768496997.539878,44.16
1768496997.6422086,39.534
1768496997.7445474,37.828
1768496997.8468952,48.04
1768496997.9493687,33.527
1768496998.0516617,44.482
1768496998.153903,44.528
1768496998.2563553,38.42
1768496998.3587441,38.025
1768496998.461177,48.237
1768496998.5672748,33.508
1768496998.6698334,41.059
1768496998.7723577,46.959
1768496998.8759756,37.631
1768496998.9786384,47.113
1768496999.0808847,37.313
1768496999.1832287,37.335
1768496999.2868757,47.872
1768496999.3914766,38.89
1768496999.4941118,35.58
1768496999.596465,47.085
1768496999.6987557,39.58
1768496999.8009393,37.532
1768496999.9034884,50.045
1768497000.0058289,38.003
1768497000.1084254,39.974
1768497000.214489,38.375
1768497000.3167353,39.087
1768497000.4190602,50.891
1768497000.5213056,39.482
1768497000.6236682,37.631
1768497000.726138,49.485
1768497000.8285162,39.505
1768497000.9309587,36.349
1768497001.033302,45.806
1768497001.1391745,39.876
1768497001.2415686,38.299
1768497001.3440003,48.433
1768497001.446657,34.593
1768497001.5491726,48.433
1768497001.6514187,39.186
1768497001.7536213,39.974
1768497001.856068,47.999
1768497001.9583871,35.284
1768497002.0632145,43.078
1768497002.165574,46.593
1768497002.2678525,35.185
1768497002.3701532,43.398
1768497002.472557,48.885
1768497002.5750263,34.692
1768497002.6773582,51.776
1768497002.7797363,34.593
1768497002.8819604,38.693
1768497002.9875135,43.373
1768497003.089764,34.001
1768497003.1922514,44.777
1768497003.2970088,35.658
1768497003.399249,47.45
1768497003.5045958,38.321
1768497003.606989,38.617
1768497003.7124135,43.128
1768497003.8147159,36.25
1768497003.9170876,46.298
1768497004.0193243,33.606
1768497004.1217072,41.157
1768497004.2239356,43.57
1768497004.3262439,34.988
1768497004.4291883,48.885
1768497004.5315394,39.603
1768497004.6371486,36.37
1768497004.7395737,47.409
1768497004.8420699,33.31
1768497004.9443583,40.369
1768497005.0468078,43.989
1768497005.1491332,34.396
1768497005.2514482,47.212
1768497005.353937,38.671
1768497005.4563198,35.757
1768497005.561621,46.397
1768497005.6640177,33.724
1768497005.766398,50.566
1768497005.8688097,38.989
1768497005.9710834,37.236
1768497006.073332,41.724
1768497006.1757123,34.1
1768497006.2781954,45.073
1768497006.3805573,38.518
1768497006.4866858,41.059
1768497006.5889974,41.527
1768497006.6913397,35.954
1768497006.7939,32.836
1768497006.896326,51.057
1768497006.9987109,38.299
1768497007.1011205,36.447
1768497007.2035737,47.675
1768497007.3058517,39.012
1768497007.411342,36.053
1768497007.5139458,47.212
1768497007.6162698,40.12
1768497007.718715,51.61
1768497007.821039,40.369
1768497007.9236279,36.447
1768497008.0260923,52.267
1768497008.1282716,36.151
1768497008.230504,38.102
1768497008.3339899,48.462
1768497008.4364326,33.883
1768497008.5388246,39.11
1768497008.6410527,47.647
1768497008.7434096,34.1
1768497008.8457427,38.89
1768497008.9480789,46.79
1768497009.0503354,34.495
1768497009.1526275,43.767
1768497009.2549372,45.019
1768497009.357247,34.297
1768497009.4628055,41.256
1768497009.5652127,43.891
1768497009.667648,34.692
1768497009.769916,43.176
1768497009.872254,44.285
1768497009.9746416,34.889
1768497010.076941,51.186
1768497010.1793163,34.889
1768497010.281706,41.748
1768497010.3879335,38.89
1768497010.4902284,36.151
1768497010.5925906,50.301
1768497010.6949391,33.606
1768497010.7971911,44.088
1768497010.8995268,39.876
1768497011.0019367,36.151
1768497011.104339,45.413
1768497011.2067797,34.889
1768497011.311902,47.015
1768497011.4143193,32.934
1768497011.5166676,39.11
1768497011.6190534,43.398
1768497011.7214806,34.199
1768497011.8238223,48.098
1768497011.9262462,43.865
1768497012.0288136,34.199
1768497012.1312935,46.2
1768497012.233796,33.428
1768497012.3400083,41.33
1768497012.4424927,36.37
1768497012.5480294,42.315
1768497012.6506066,34.297
1768497012.7530003,43.694
1768497012.8552914,33.705
1768497012.9574745,44.849
1768497013.0624423,32.737
1768497013.165027,40.05
1768497013.2674763,40.641
1768497013.3697875,35.284
1768497013.472147,43.176
1768497013.574473,33.902
1768497013.6767998,49.348
1768497013.779214,32.934
1768497013.881477,41.921
1768497013.9872763,37.335
1768497014.0896685,36.447
1768497014.1921582,43.398
1768497014.294544,33.132
1768497014.3968866,45.61
1768497014.4993014,35.165
1768497014.601587,38.989
1768497014.7040324,40.345
1768497014.8064814,33.902
1768497014.91289,48.856
1768497015.015249,37.828
1768497015.1175258,37.138
1768497015.2198813,46.916
1768497015.322239,36.172
1768497015.42462,37.631
1768497015.5269182,49.946
1768497015.6291595,38.025
1768497015.7315986,37.729
1768497015.837271,47.254
1768497015.9395843,33.705
1768497016.042052,43.497
1768497016.14458,39.087
1768497016.2469878,37.039
1768497016.3493547,47.184
1768497016.4516714,33.705
1768497016.5545692,42.413
1768497016.6568491,43.128
1768497016.7631795,35.481
1768497016.8655052,41.157
1768497016.9696615,44.777
1768497017.0719306,34.199
1768497017.17431,42.216
1768497017.276506,41.896
1768497017.378779,33.409
1768497017.4809916,39.012
1768497017.5883474,43.471
1768497017.6905987,34.199
1768497017.7928934,49.613
1768497017.8953843,34.1
1768497017.9977362,40.172
1768497018.1000152,46.227
1768497018.2023857,34.495
1768497018.3048592,46.227
1768497018.4111524,38.518
1768497018.513392,38.223
1768497018.6157882,46.271
1768497018.7181282,34.297
1768497018.820424,53.218
1768497018.9228272,37.51
1768497019.0252373,37.631
1768497019.1276114,51.579
1768497019.2298877,33.527
1768497019.3353586,40.936
1768497019.4376206,43.839
1768497019.5399325,34.889
1768497019.6421702,42.143
1768497019.7445877,35.856
1768497019.846884,38.321
1768497019.949312,36.645
1768497020.05163,42.881
1768497020.154065,32.934
1768497020.256509,47.31
1768497020.3621855,38.496
1768497020.4644816,37.335
1768497020.5668519,45.019
1768497020.6690826,33.606
1768497020.7714984,37.434
1768497020.8738537,35.954
1768497020.9764795,39.679
1768497021.078901,40.073
1768497021.1811876,35.679
1768497021.2877798,33.804
1768497021.3911326,47.254
1768497021.4932678,33.113
1768497021.5955842,40.148
1768497021.6991515,37.905
1768497021.80141,38.595
1768497021.9037237,38.518
1768497022.006137,36.053
1768497022.111032,39.951
1768497022.2132897,35.954
1768497022.3155973,41.133
1768497022.4179633,34.791
1768497022.520379,48.433
1768497022.6226532,32.817
1768497022.724944,37.729
1768497022.8273427,39.012
1768497022.9296188,35.067
1768497023.032007,50.626
1768497023.1367292,38.343
1768497023.238956,36.546
1768497023.3413408,46.424
1768497023.4438078,33.132
1768497023.5462139,38.814
1768497023.6486201,44.456
1768497023.750971,34.001
1768497023.8533123,50.135
1768497023.9557111,38.2
1768497024.06106,35.679
1768497024.16338,43.274
1768497024.2659378,32.836
1768497024.3682907,38.792
1768497024.4706376,44.921
1768497024.5730994,33.705
1768497024.675568,43.767
1768497024.777808,38.572
1768497024.8801153,35.383
1768497024.9859886,40.566
1768497025.0886955,38.518
1768497025.190923,37.236
1768497025.2934227,49.878
1768497025.39567,38.617
1768497025.4982507,36.468
1768497025.6004896,53.184
1768497025.703265,38.277
1768497025.8061824,37.138
1768497025.9126763,33.902
1768497026.0149515,40.27
1768497026.1173053,46.621
1768497026.2201817,34.495
1768497026.3223681,46.916
1768497026.4246886,37.609
1768497026.5273843,38.716
1768497026.6297169,43.373
1768497026.735853,42.537
1768497026.8382459,33.705
1768497026.9405031,40.172
1768497027.0428655,41.428
1768497027.145063,33.113
1768497027.2474096,42.807
1768497027.3497295,44.948
1768497027.4521341,33.804
1768497027.5546446,41.33
1768497027.6569963,33.132
1768497027.7622912,45.905
1768497027.8645492,34.297
1768497027.9669838,44.482
1768497028.0693452,34.593
1768497028.1717718,50.498
1768497028.273983,33.329
1768497028.3761494,43.274
1768497028.4785218,32.934
1768497028.580836,43.694
1768497028.686982,39.186
1768497028.7892141,35.383
1768497028.89153,51.057
1768497028.993735,37.039
1768497029.0960243,37.335
1768497029.198323,45.046
1768497029.3005757,33.804
1768497029.4029706,40.763
1768497029.5052638,39.186
1768497029.6112812,33.705
1768497029.713653,43.694
1768497029.8159194,40.566
1768497029.9181674,35.856
1768497030.021021,46.397
1768497030.1232743,33.132
1768497030.2254255,40.542
1768497030.327785,45.735
1768497030.4302802,33.606
1768497030.5375443,38.397
1768497030.6420891,36.25
1768497030.744481,47.97
1768497030.8466668,38.277
1768497030.9489195,34.889
1768497031.0511856,44.554
1768497031.153545,39.133
1768497031.2602372,35.679
1768497031.3625374,46.719
1768497031.464924,38.814
1768497031.5673206,35.383
1768497031.6695485,50.339
1768497031.7719073,33.212
1768497031.8741443,41.551
1768497031.9764962,43.078
1768497032.0789783,35.087
1768497032.1847236,48.138
1768497032.2872522,33.705
1768497032.3896234,44.357
1768497032.491985,38.989
1768497032.5943108,35.876
1768497032.6965876,50.46
1768497032.7989204,33.508
1768497032.901223,42.118
1768497033.0037174,39.505
1768497033.108293,35.856
1768497033.2107801,47.085
1768497033.313118,32.836
1768497033.4155123,44.285
1768497033.5179002,38.003
1768497033.6201987,36.151
1768497033.7225635,44.652
1768497033.8250883,33.508
1768497033.9274933,46.621
1768497034.0304325,36.447
1768497034.1360276,36.842
1768497034.2382948,41.527
1768497034.340828,32.046
1768497034.4433048,43.004
1768497034.5459206,31.848
1768497034.6486716,42.512
1768497034.751098,32.046
1768497034.8574374,32.342
1768497034.9641063,48.167
1768497035.0664876,31.947
1768497035.1687484,43.891
1768497035.2709966,36.842
1768497035.3731425,40.073
1768497035.4754677,36.743
1768497035.577789,35.185
1768497035.6801019,43.004
1768497035.786254,34.495
1768497035.888728,43.642
1768497035.9911394,33.508
1768497036.0933805,48.335
1768497036.1959634,32.539
1768497036.298655,41.822
1768497036.401105,31.848
1768497036.5037935,45.27
1768497036.6061425,37.116
1768497036.7126858,45.413
1768497036.8151054,33.902
1768497036.9175093,47.942
1768497037.0199034,32.539
1768497037.1224759,40.172
1768497037.2249508,38.102
1768497037.327556,34.1
1768497037.4299586,43.694
1768497037.5324414,32.342
1768497037.6374936,43.176
1768497037.7398834,36.743
1768497037.8423185,36.447
1768497037.9447348,45.708
1768497038.0471337,33.033
1768497038.1495178,42.413
1768497038.251907,37.905
1768497038.3543305,35.778
1768497038.4567428,45.216
1768497038.5622394,33.508
1768497038.665167,49.741
1768497038.76768,36.25
1768497038.8701713,38.102
1768497038.9726222,43.471
1768497039.0751595,33.902
1768497039.1777124,43.694
1768497039.281387,36.546
1768497039.3880508,42.388
1768497039.4902673,34.988
1768497039.5926604,45.046
1768497039.6951373,34.692
1768497039.797396,46.424
1768497039.8997986,34.001
1768497040.0020676,50.626
1768497040.1044345,33.212
1768497040.210048,44.062
1768497040.312553,38.102
1768497040.4149938,40.369
1768497040.5173225,42.019
1768497040.6196992,34.396
1768497040.722122,43.471
1768497040.8245363,33.231
1768497040.927059,46.987
1768497041.02956,36.743
1768497041.1351976,41.157
1768497041.2375495,38.025
1768497041.3399637,38.321
1768497041.4423368,39.974
1768497041.5447562,35.185
1768497041.6471379,42.512
1768497041.749479,33.231
1768497041.8521028,45.413
1768497041.9546568,32.539
1768497042.059005,47.97
1768497042.1613925,32.046
1768497042.2638404,41.059
1768497042.3662329,36.743
1768497042.4685123,36.842
1768497042.571038,40.566
1768497042.6735754,34.593
1768497042.7760231,37.236
1768497042.8785343,36.053
1768497042.9832075,41.33
1768497043.0861716,34.001
1768497043.18861,43.937
1768497043.291587,32.737
1768497043.394231,46.227
1768497043.4968596,35.757
1768497043.5999787,35.798
1768497043.7038066,39.876
1768497043.8086812,35.757
1768497043.9110937,39.209
1768497044.0133731,36.37
1768497044.1158664,38.693
1768497044.2183826,37.85
1768497044.3209407,34.001
1768497044.423347,42.906
1768497044.5256276,32.144
1768497044.6281352,42.216
1768497044.7329903,35.954
1768497044.83541,41.428
1768497044.937689,36.743
1768497045.039974,39.876
1768497045.1423995,38.245
1768497045.2447133,37.138
1768497045.3470085,43.523
1768497045.449221,34.001
1768497045.5514963,46.298
1768497045.6572053,32.934
1768497045.759491,42.709
1768497045.8618357,37.335
1768497045.9642677,36.546
1768497046.0665357,43.57
1768497046.1690178,33.902
1768497046.2713776,48.462
1768497046.3737984,37.434
1768497046.4760191,43.103
1768497046.5822809,37.751
1768497046.6850178,38.124
1768497046.7888882,32.934
1768497046.8912446,42.512
1768497046.9936895,33.212
1768497047.095979,48.167
1768497047.1982353,34.1
1768497047.300588,41.059
1768497047.4060147,38.025
1768497047.508257,39.11
1768497047.6108117,40.641
1768497047.7135704,35.185
1768497047.8160033,46.03
1768497047.918962,34.495
1768497048.0214033,33.606
1768497048.1251266,47.254
1768497048.2313216,32.737
1768497048.3335695,44.876
1768497048.4358394,32.441
1768497048.53819,46.987
1768497048.6409216,33.606
1768497048.74333,47.085
1768497048.84554,33.014
1768497048.9479537,46.79
1768497049.050529,33.014
1768497049.1561508,40.566
1768497049.2587645,36.328
1768497049.3610132,35.856
1768497049.4637613,38.792
1768497049.5662014,33.508
1768497049.6685493,48.433
1768497049.7710826,36.328
1768497049.8735836,36.94
1768497049.9804425,44.948
1768497050.08292,33.212
1768497050.1853228,41.921
1768497050.2876725,41.133
1768497050.3900256,34.199
1768497050.4923325,49.416
1768497050.594677,37.927
1768497050.6969223,37.039
1768497050.7994814,46.818
1768497050.9048107,36.722
1768497051.007173,36.743
1768497051.109541,46.621
1768497051.2118144,33.428
1768497051.314163,40.369
1768497051.4164016,43.741
1768497051.5188093,34.692
1768497051.6212518,46.593
1768497051.7284737,38.716
1768497051.8306766,37.729
1768497051.9329677,47.057
1768497052.0352116,34.001
1768497052.13908,41.207
1768497052.2412674,40.444
1768497052.3435938,50.468
1768497052.4458723,33.705
1768497052.551789,41.133
1768497052.654165,37.039
1768497052.7565124,42.315
1768497052.8588357,38.913
1768497052.9611523,37.631
1768497053.0634084,48.069
1768497053.1657329,34.297
1768497053.2681646,46.523
1768497053.3703604,39.777
1768497053.4739108,36.053
1768497053.5763123,49.946
1768497053.6785626,37.729
1768497053.7809591,40.763
1768497053.8832345,43.989
1768497053.9856133,34.199
1768497054.088038,50.528
1768497054.190371,33.329
1768497054.2926953,41.453
1768497054.395225,41.601
1768497054.5006006,34.396
1768497054.6028864,44.948
1768497054.7053566,41.133
1768497054.8076537,34.001
1768497054.910025,48.925
1768497055.0123794,36.328
1768497055.1147275,42.512
1768497055.217004,41.157
1768497055.31944,34.1
1768497055.4249802,45.905
1768497055.5274909,38.595
1768497055.6299472,35.58
1768497055.732279,47.155
1768497055.8345547,33.113
1768497055.9369414,43.891
1768497056.0393128,38.299
1768497056.1416793,36.447
1768497056.244095,43.694
1768497056.3493001,35.185
1768497056.4517345,43.398
1768497056.5540347,36.842
1768497056.6565874,47.085
1768497056.7590282,33.132
1768497056.861383,38.2
1768497056.9637737,43.865
1768497057.0661423,32.836
1768497057.1684136,42.118
1768497057.2744706,36.645
1768497057.376775,36.468
1768497057.47914,43.3
1768497057.581447,33.329
1768497057.683773,46.495
1768497057.7861423,32.934
1768497057.8884473,42.413
1768497057.9908826,36.645
1768497058.093247,36.645
1768497058.1987777,41.453
1768497058.3011448,33.508
1768497058.4035316,43.103
1768497058.505961,37.138
1768497058.6083465,36.743
1768497058.710937,43.201
1768497058.81336,33.606
1768497058.9158537,48.237
1768497059.0182889,34.988
1768497059.1247637,39.974
1768497059.2272053,38.397
1768497059.329694,35.954
1768497059.43194,44.823
1768497059.5343647,32.934
1768497059.6367497,40.936
1768497059.7391207,38.989
1768497059.8416018,34.593
1768497059.947603,50.036
1768497060.0498755,35.757
1768497060.1522825,38.693
1768497060.2547586,39.186
1768497060.357154,34.791
1768497060.4594462,49.151
1768497060.561972,32.737
1768497060.6643164,39.284
1768497060.7667437,43.471
1768497060.8726745,34.297
1768497060.9751084,48.954
1768497061.0791125,37.708
1768497061.1814172,37.729
1768497061.283727,34.791
1768497061.3864858,48.04
1768497061.4887822,43.052
1768497061.5910583,33.902
1768497061.6962662,44.062
1768497061.798649,39.209
1768497061.9010015,36.074
1768497062.0034041,50.105
1768497062.1058378,32.934
1768497062.2082844,40.073
1768497062.310831,42.143
1768497062.4132094,35.481
1768497062.5154939,47.254
1768497062.621139,36.151
1768497062.7233791,39.899
1768497062.8257563,39.702
1768497062.928263,37.434
1768497063.0307245,44.528
1768497063.1330597,33.902
1768497063.2353342,45.708
1768497063.3376555,36.842
1768497063.4399161,37.532
1768497063.5461717,41.625
1768497063.6486583,34.1
1768497063.750985,45.44
1768497063.8533328,38.397
1768497063.9558036,37.258
1768497064.0582101,44.948
1768497064.1605647,33.231
1768497064.2628834,38.814
1768497064.3651412,46.467
1768497064.471285,33.231
1768497064.5736063,38.025
1768497064.6761022,46.888
1768497064.7784343,33.626
1768497064.880748,40.172
1768497064.9831147,47.479
1768497065.0855095,34.001
1768497065.187781,44.652
1768497065.2901428,40.392
1768497065.3923876,36.645
1768497065.497535,48.294
1768497065.6000164,34.1
1768497065.7022965,43.103
1768497065.8046422,45.073
1768497065.907135,43.103
1768497066.0121286,38.003
1768497066.1142898,40.369
1768497066.2167063,46.227
1768497066.323363,34.199
1768497066.425771,48.925
1768497066.5281992,33.705
1768497066.6325817,40.467
1768497066.7349565,33.606
1768497066.8373578,45.708
1768497066.9398763,33.508
1768497067.0422134,47.999
1768497067.1483636,36.898
1768497067.250752,38.89
1768497067.353142,39.603
1768497067.4555185,34.1
1768497067.5579371,48.856
1768497067.6604354,32.836
1768497067.7627845,41.921
1768497067.8652523,38.792
1768497067.9676893,36.842
1768497068.0703099,40.838
1768497068.1758373,35.087
1768497068.2781098,45.735
1768497068.3803391,33.132
1768497068.4828756,43.103
1768497068.5854151,34.869
1768497068.6878176,40.763
1768497068.7902732,37.905
1768497068.8927293,36.25
1768497068.9951568,42.019
1768497069.0975726,33.705
1768497069.2023177,44.652
1768497069.3049197,33.132
1768497069.4072978,47.38
1768497069.5096786,32.441
1768497069.6120505,44.456
1768497069.7144783,34.968
1768497069.8169866,39.012
1768497069.9194021,36.94
1768497070.0223591,36.447
1768497070.1266875,42.192
1768497070.2355793,47.31
1768497070.3378818,37.06
1768497070.4401503,39.284
1768497070.542415,39.482
1768497070.644793,33.902
1768497070.7505448,42.757
1768497070.8529882,32.539
1768497070.9554315,40.148
1768497071.0579083,39.406
1768497071.1603966,35.481
1768497071.2628129,48.167
1768497071.365202,37.138
1768497071.4675531,37.335
1768497071.5699792,42.782
1768497071.676477,34.297
1768497071.7789686,49.839
1768497071.8814223,37.138
1768497071.9838822,40.172
1768497072.086417,40.467
1768497072.1888924,34.297
1768497072.2912872,44.088
1768497072.3935852,42.34
1768497072.4995553,33.804
1768497072.6020947,43.891
1768497072.7044415,40.641
1768497072.8067691,34.396
1768497072.9093308,42.709
1768497073.0118322,43.891
1768497073.114301,34.1
1768497073.2167017,46.2
1768497073.3191235,40.936
1768497073.4259136,34.396
1768497073.5283723,47.774
1768497073.6307218,39.974
1768497073.7331846,35.284
1768497073.8355875,50.989
1768497073.9382393,37.708
1768497074.0412755,36.842
1768497074.1436195,46.003
1768497074.2500637,34.297
1768497074.3534703,43.792
1768497074.4556563,34.297
1768497074.5580711,42.118
1768497074.6604686,46.369
1768497074.7627146,34.495
1768497074.8648508,46.888
1768497074.9669678,42.118
1768497075.0738504,35.679
1768497075.176264,52.66
1768497075.2785802,39.482
1768497075.3809364,36.546
1768497075.4832942,51.02
1768497075.5856028,39.284
1768497075.687805,36.842
1768497075.7901847,50.959
1768497075.8923585,38.299
1768497075.9958894,37.532
1768497076.0981421,49.249
1768497076.2004657,34.001
1768497076.3029337,39.482
1768497076.4052718,45.073
1768497076.5075877,34.396
1768497076.6098866,43.57
1768497076.7123775,32.638
1768497076.8147929,46.003
1768497076.9206085,33.804
1768497077.022943,41.527
1768497077.1253037,44.876
1768497077.2280953,34.1
1768497077.3304462,42.709
1768497077.4326677,43.373
1768497077.5351684,34.001
1768497077.6375694,42.413
1768497077.7399945,44.849
1768497077.846091,35.481
1768497077.9484708,52.401
1768497078.0508146,38.792
1768497078.1531403,37.039
1768497078.2554398,49.151
1768497078.357899,33.902
1768497078.4606712,45.61
1768497078.5630736,38.245
1768497078.6654155,36.645
1768497078.7750494,33.804
1768497078.8789032,40.542
1768497078.981097,48.364
1768497079.0833185,34.08
1768497079.185617,38.42
1768497079.2878587,49.023
1768497079.3903277,39.186
1768497079.4961662,37.138
1768497079.5985343,51.579
1768497079.7008288,33.804
1768497079.803157,41.034
1768497079.9055314,44.456
1768497080.0078888,34.593
1768497080.1103094,43.989
1768497080.212749,45.664
1768497080.3151512,34.297
1768497080.4213169,41.65
1768497080.523734,44.482
1768497080.6261592,35.284
1768497080.7284977,49.908
1768497080.8307316,38.397
1768497080.9332058,38.124
1768497081.0356348,47.577
1768497081.1379395,35.362
1768497081.2402592,38.2
1768497081.3440993,48.138
1768497081.446469,38.989
1768497081.5487316,38.716
1768497081.6511626,49.122
1768497081.7535925,37.609
1768497081.8560376,37.729
1768497081.9584038,53.415
1768497082.060791,33.606
1768497082.1632519,40.566
1768497082.2656531,43.176
1768497082.371258,34.889
1768497082.474032,43.767
1768497082.5766542,40.542
1768497082.6790361,36.94
1768497082.7813392,47.774
1768497082.8836436,34.791
1768497082.986162,46.593
1768497083.089146,38.792
1768497083.194954,37.039
1768497083.297256,36.764
1768497083.4002128,45.538
1768497083.502667,32.916
1768497083.6048758,39.383
1768497083.7071307,47.212
1768497083.8093402,33.606
1768497083.9114845,38.89
1768497084.0138955,46.987
1768497084.1182725,34.1
1768497084.2204814,41.822
1768497084.3229382,43.347
1768497084.4252772,35.185
1768497084.527679,51.383
1768497084.630127,33.409
1768497084.7325222,41.748
1768497084.834863,40.345
1768497084.937214,35.185
1768497085.043101,49.613
1768497085.1454117,33.113
1768497085.2479203,52.169
1768497085.3504763,33.902
1768497085.4528477,44.849
1768497085.5551453,34.593
1768497085.6574736,47.31
1768497085.7597547,32.934
1768497085.8621116,47.774
1768497085.9666173,42.512
1768497086.0689557,34.001
1768497086.1713316,45.932
1768497086.2739077,32.737
1768497086.3762891,39.482
1768497086.4787316,38.868
1768497086.5812964,34.199
1768497086.6835942,48.728
1768497086.7859607,35.876
1768497086.8915858,41.822
1768497086.9940248,32.934
1768497087.096739,41.256
1768497087.1991131,39.383
1768497087.301684,36.349
1768497087.4039495,49.711
1768497087.5068004,37.335
1768497087.6091914,39.482
1768497087.7154136,36.525
1768497087.8178513,36.82
1768497087.920105,40.467
1768497088.0223439,37.412
1768497088.1245391,41.256
1768497088.226918,37.686
1768497088.3290558,38.496
1768497088.4314232,44.948
1768497088.5337446,35.185
1768497088.6390233,50.075
1768497088.7415729,33.31
1768497088.8439167,48.659
1768497088.946568,37.236
1768497089.0490954,38.124
1768497089.1514945,43.497
1768497089.2541578,34.396
1768497089.3565462,48.462
1768497089.462868,38.025
1768497089.5655444,38.518
1768497089.6680872,42.782
1768497089.770577,34.988
1768497089.8729782,46.2
1768497089.9755673,33.113
1768497090.0779724,43.767
1768497090.1803505,36.722
1768497090.28634,39.012
1768497090.3887064,39.482
1768497090.4910016,35.778
1768497090.5936415,44.456
1768497090.6960502,33.508
1768497090.7983673,46.129
1768497090.9007404,32.342
1768497091.0033221,43.373
1768497091.1057808,37.236
1768497091.2118113,36.37
1768497091.3142407,41.527
1768497091.4166057,33.606
1768497091.524076,48.728
1768497091.6264338,34.495
1768497091.7288706,37.532
1768497091.8341088,34.199
1768497091.937373,49.741
1768497092.0396738,37.631
1768497092.141927,37.138
1768497092.244207,47.085
1768497092.3467202,34.791
1768497092.4490216,37.729
1768497092.5514066,48.797
1768497092.6575217,34.396
1768497092.7601085,42.438
1768497092.8626432,46.03
1768497092.9650145,34.791
1768497093.06749,45.834
1768497093.1698787,40.467
1768497093.2722602,36.25
1768497093.3748243,49.053
1768497093.4772933,40.369
1768497093.582814,36.447
1768497093.6853359,50.989
1768497093.787603,40.05
1768497093.8900437,35.383
1768497093.992342,46.987
1768497094.0947542,33.508
1768497094.197224,43.103
1768497094.2997096,42.241
1768497094.405285,34.297
1768497094.5076694,40.566
1768497094.6099963,43.57
1768497094.7125704,34.889
1768497094.8149564,48.069
1768497094.9174469,38.42
1768497095.020091,37.335
1768497095.1225195,49.387
1768497095.2249982,33.804
1768497095.3309503,37.708
1768497095.4334314,45.046
1768497095.5357957,34.593
1768497095.6384006,43.741
1768497095.7414913,40.542
1768497095.8440561,36.743
1768497095.9463186,40.838
1768497096.0488195,35.185
1768497096.1550598,34.1
1768497096.2573156,43.274
1768497096.3596723,39.974
1768497096.461961,41.65
1768497096.5642416,39.232
1768497096.666731,37.236
1768497096.769129,34.199
1768497096.8715954,50.664
1768497096.9788857,33.804
1768497097.081558,39.383
1768497097.1839116,40.444
1768497097.2863352,35.185
1768497097.388581,49.81
1768497097.4910395,33.132
1768497097.5934954,42.931
1768497097.6960993,38.003
1768497097.8027372,38.792
1768497097.9053357,40.369
1768497098.0076728,34.593
1768497098.1101727,46.102
1768497098.212544,33.409
1768497098.3149517,42.315
1768497098.4175475,38.321
1768497098.5200245,35.481
1768497098.626899,45.019
1768497098.7292628,33.705
1768497098.8316255,44.626
1768497098.9339533,38.989
1768497099.0362246,35.876
1768497099.1386623,47.015
1768497099.2410643,33.31
1768497099.343404,43.201
1768497099.445794,39.801
1768497099.5528646,34.791
1768497099.6552334,49.976
1768497099.7582035,37.335
1768497099.860527,37.631
1768497099.9627526,46.719
1768497100.06521,33.705
1768497100.1675024,40.073
1768497100.2697754,43.078
1768497100.3752499,43.274
1768497100.4775488,40.566
1768497100.5802495,34.692
1768497100.682489,43.595
1768497100.7848732,39.951
1768497100.8872774,34.889
1768497100.9896758,48.954
1768497101.0918696,38.025
1768497101.1941621,36.546
1768497101.2990148,47.282
1768497101.4014843,36.37
1768497101.5039077,39.482
1768497101.6062841,39.656
1768497101.7088368,35.185
1768497101.8112414,48.167
1768497101.9136147,37.236
1768497102.0159945,36.94
1768497102.1184173,46.2
1768497102.2232423,33.409
1768497102.325629,40.148
1768497102.428113,44.554
1768497102.5305226,33.804
1768497102.6329286,41.921
1768497102.7353075,46.03
1768497102.837512,33.508
1768497102.9399307,38.792
1768497103.0424192,48.925
1768497103.148286,35.856
1768497103.2506819,38.716
1768497103.3529935,47.085
1768497103.4553242,36.743
1768497103.5576615,37.434
1768497103.66011,49.446
1768497103.7625215,34.199
1768497103.8652594,39.11
1768497103.9722974,48.561
1768497104.0745184,34.889
1768497104.177629,43.274
1768497104.280263,43.694
1768497104.3826847,35.284
1768497104.484973,43.497
1768497104.5872512,46.2
1768497104.689769,47.184
1768497104.79739,40.345
1768497104.89955,36.722
1768497105.0019233,53.677
1768497105.1042242,34.199
1768497105.20639,40.369
1768497105.308746,46.692
1768497105.4111612,33.902
1768497105.5132983,38.299
1768497105.618627,39.679
1768497105.7210023,36.25
1768497105.8234923,49.22
1768497105.925772,34.001
1768497106.0280998,42.709
1768497106.1306212,42.044
1768497106.2330024,35.087
1768497106.3353336,45.243
1768497106.4376302,40.491
1768497106.543583,34.889
1768497106.645936,43.176
1768497106.748507,33.606
1768497106.8508048,52.857
1768497106.9532511,38.518
1768497107.0555143,37.51
1768497107.1579566,47.057
1768497107.2603197,33.804
1768497107.36624,41.748
1768497107.4685445,42.29
1768497107.57084,34.1
1768497107.6731575,42.019
1768497107.775397,44.331
1768497107.8777912,33.409
1768497107.980038,40.27
1768497108.0823896,43.57
1768497108.184708,34.1
1768497108.2909408,49.416
1768497108.3967373,33.606
1768497108.4991689,46.129
1768497108.6031077,37.434
1768497108.7054079,42.807
1768497108.8078187,32.539
1768497108.910113,33.508
1768497109.0168386,44.456
1768497109.1192837,34.001
1768497109.2217257,44.679
1768497109.3241544,32.836
1768497109.426543,42.118
1768497109.5287833,37.927
1768497109.6311374,35.757
1768497109.7334344,44.554
1768497109.8403125,38.146
1768497109.9427233,35.284
1768497110.0450492,43.274
1768497110.1474977,40.444
1768497110.2497854,35.481
1768497110.3523262,34.593
1768497110.454588,53.282
1768497110.556915,38.496
1768497110.659343,37.236
1768497110.765179,52.955
1768497110.8675137,38.42
1768497110.9698827,36.842
1768497111.0723197,53.513
1768497111.1748257,39.209
1768497111.2771118,37.532
1768497111.3794456,52.892
1768497111.4817817,40.392
1768497111.58416,35.975
1768497111.6892345,46.074
1768497111.791525,39.58
1768497111.8939238,35.975
1768497111.9963348,47.942
1768497112.0985975,38.89
1768497112.2014081,35.954
1768497112.3037238,45.315
1768497112.4059205,43.176
1768497112.508235,34.791
1768497112.6139364,42.537
1768497112.716258,45.878
1768497112.8234456,33.804
1768497112.9256399,41.625
1768497113.0280178,45.341
1768497113.1302075,38.792
1768497113.2332544,45.932
1768497113.338211,34.297
1768497113.4405344,47.774
1768497113.5430152,34.1
1768497113.6453493,46.593
1768497113.7479463,42.044
1768497113.8502588,35.284
1768497113.9525135,47.479
1768497114.0548341,39.603
1768497114.1571426,35.679
1768497114.26204,51.383
1768497114.3643308,38.025
1768497114.4667914,37.434
1768497114.5693922,51.315
1768497114.6717846,38.223
1768497114.7743385,37.631
1768497114.8766403,47.184
1768497114.97907,33.705
1768497115.081422,39.801
1768497115.1870725,45.538
1768497115.2894225,33.705
1768497115.3919113,42.019
1768497115.4941485,45.637
1768497115.5964367,33.804
1768497115.698786,41.527
1768497115.8012652,47.844
1768497115.9035301,39.087
1768497116.0060012,36.546
1768497116.1123083,51.45
1768497116.2145917,34.199
1768497116.3168895,39.58
1768497116.4191918,50.105
1768497116.521565,34.692
1768497116.623824,40.542
1768497116.7262738,37.215
1768497116.8291934,48.208
1768497116.9359682,34.199
1768497117.0384793,42.413
1768497117.1416264,44.528
1768497117.244041,36.468
1768497117.3464408,54.725
1768497117.4488037,37.631
1768497117.5511258,47.507
1768497117.6536338,36.842
1768497117.759296,38.178
1768497117.8619308,37.828
1768497117.9644167,42.61
1768497118.066725,34.593
1768497118.1693664,37.609
1768497118.271865,36.074
1768497118.374351,44.948
1768497118.4766457,33.409
1768497118.579124,48.069
1768497118.6858404,32.441
1768497118.788186,44.751
1768497118.8906276,32.539
1768497118.9929636,41.33
1768497119.0952146,37.159
1768497119.197542,37.236
1768497119.2999887,42.216
1768497119.4024415,33.508
1768497119.5048087,47.577
1768497119.6094754,32.144
1768497119.71189,44.088
1768497119.814417,36.645
1768497119.9169576,39.482
1768497120.0193493,40.345
1768497120.121676,34.297
1768497120.2239463,42.684
1768497120.3263118,32.836
1768497120.4287584,46.79
1768497120.5347576,32.243
1768497120.6372008,39.482
1768497120.7396936,38.769
1768497120.8426728,34.593
1768497120.9450045,41.527
1768497121.0473874,35.185
1768497121.1497848,43.668
1768497121.2522047,33.902
1768497121.3594732,48.069
1768497121.4620626,37.434
1768497121.5643399,37.434
1768497121.6666396,43.078
1768497121.76909,33.804
1768497121.8715365,37.116
1768497121.974428,37.335
1768497122.076736,42.881
1768497122.1826668,34.889
1768497122.2851074,48.433
1768497122.3875008,37.138
1768497122.4899225,38.617
1768497122.5923457,39.065
1768497122.6948245,35.679
1768497122.7971947,50.369
1768497122.8995337,34.396
1768497123.0060241,39.11
1768497123.1083813,43.176
1768497123.210808,34.495
1768497123.3134146,46.818
1768497123.4158797,38.769
1768497123.5183415,35.757
1768497123.620874,45.708
1768497123.7232885,33.724
1768497123.8297114,40.247
1768497123.9321527,41.453
1768497124.034508,34.199
1768497124.1369627,49.387
1768497124.239421,37.532
1768497124.3417816,36.468
1768497124.44425,47.184
1768497124.5466316,37.313
1768497124.648989,36.053
1768497124.7554002,46.495
1768497124.857817,33.902
1768497124.960026,39.186
1768497125.062545,48.266
1768497125.1654334,33.705
1768497125.2683206,38.299
1768497125.370712,46.916
1768497125.4729817,34.199
1768497125.5768619,41.059
1768497125.682112,39.307
1768497125.7844234,37.434
1768497125.886767,48.04
1768497125.9890208,33.705
1768497126.09139,39.482
1768497126.1937132,34.692
1768497126.2965493,48.294
1768497126.3986964,37.434
1768497126.5010288,38.223
1768497126.606949,43.176
1768497126.7092147,45.538
1768497126.8114462,32.836
1768497126.91378,39.603
1768497127.0162559,44.456
1768497127.1191158,33.231
1768497127.2215147,39.998
1768497127.323859,44.652
1768497127.4307346,33.409
1768497127.5330887,40.861
1768497127.6355083,42.512
1768497127.737825,34.692
1768497127.840166,50.105
1768497127.9424906,34.672
1768497128.044812,38.989
1768497128.147131,41.477
1768497128.2495306,35.087
1768497128.3546772,46.523
1768497128.457039,33.231
1768497128.5595152,42.487
1768497128.6619701,37.729
1768497128.7643964,38.223
1768497128.8667462,43.865
1768497128.9690695,33.804
1768497129.0714998,46.102
1768497129.1738257,37.927
1768497129.2790334,35.481
1768497129.3816323,48.925
1768497129.483975,33.409
1768497129.5862708,42.118
1768497129.6888835,32.836
1768497129.7913349,43.497
1768497129.8938959,39.284
1768497129.9976757,38.223
1768497130.1034358,43.103
1768497130.2058935,35.778
1768497130.308244,49.515
1768497130.4106467,35.461
1768497130.513045,43.176
1768497130.6164212,34.396
1768497130.718952,47.38
1768497130.8211496,39.406
1768497130.9268396,36.645
1768497131.0292196,45.046
1768497131.1315303,33.409
1768497131.2339025,43.497
1768497131.3362541,39.186
1768497131.438676,34.988
1768497131.541031,45.806
1768497131.6434076,39.186
1768497131.745788,35.481
1768497131.8513737,46.79
1768497131.953702,39.284
1768497132.056129,36.37
1768497132.1586938,46.369
1768497132.260992,33.804
1768497132.3634126,39.209
1768497132.4657152,50.498
1768497132.5679848,39.284
1768497132.6703706,36.447
1768497132.775256,50.066
1768497132.8775463,34.1
1768497132.9798121,40.861
1768497133.0820498,51.315
1768497133.1843412,34.297
1768497133.2866728,41.453
1768497133.3889563,48.532
1768497133.491265,38.003
1768497133.5936158,37.335
1768497133.699445,52.138
1768497133.8018446,40.688
1768497133.904133,36.842
1768497134.0063689,54.004
1768497134.108822,39.777
1768497134.2110562,37.905
1768497134.3150246,50.626
1768497134.417266,34.692
1768497134.5230925,39.284
1768497134.625402,46.495
1768497134.727759,32.539
1768497134.8300602,42.413
1768497134.932362,35.087
1768497135.0345814,49.19
1768497135.1367207,38.518
1768497135.2387962,38.223
1768497135.3409543,47.352
1768497135.446837,37.412
1768497135.5491369,37.609
1768497135.6514952,45.511
1768497135.7538772,33.508
1768497135.8566554,46.102
1768497135.9593146,37.434
1768497136.061618,35.954
1768497136.1637392,46.495
1768497136.2703965,33.705
1768497136.3726683,43.004
1768497136.474953,39.065
1768497136.5771813,35.954
1768497136.6793892,46.846
1768497136.7817438,41.921
1768497136.8841562,41.133
1768497136.9863527,34.692
1768497137.0886004,43.668
1768497137.1949644,38.693
1768497137.2973042,36.645
1768497137.399592,46.172
1768497137.501992,36.743
1768497137.6044438,39.482
1768497137.7068763,37.927
1768497137.8093274,38.89
1768497137.9116504,43.078
1768497138.0186374,33.428
1768497138.1209962,47.802
1768497138.223397,36.94
1768497138.3257494,37.927
1768497138.4281454,44.921
1768497138.531858,33.606
1768497138.634097,47.872
1768497138.7363377,32.539
1768497138.8428469,38.792
1768497138.9452736,42.192
1768497139.0476336,33.212
1768497139.1501713,42.807
1768497139.2525039,33.527
1768497139.3547368,39.679
1768497139.457025,49.839
1768497139.5592806,38.223
1768497139.661391,37.434
1768497139.7665792,39.284
1768497139.8690639,36.271
1768497139.9714353,52.464
1768497140.073802,39.012
1768497140.1760418,37.039
1768497140.2783425,47.057
1768497140.3806002,38.223
1768497140.4829109,36.349
1768497140.5851614,52.334
1768497140.6903841,38.496
1768497140.7926593,38.716
1768497140.8949342,48.728
1768497140.9970963,39.679
1768497141.0993085,36.25
1768497141.2015984,50.959
1768497141.303915,38.397
1768497141.4061925,39.951
1768497141.508442,50.036
1768497141.614629,34.376
1768497141.7171443,39.876
1768497141.8195121,51.02
1768497141.9218974,34.593
1768497142.0243552,40.861
1768497142.1267576,49.053
1768497142.229274,34.889
1768497142.3317225,43.325
1768497142.4340844,46.987
1768497142.5398927,34.593
1768497142.6422904,39.777
1768497142.7446165,50.694
1768497142.8470395,35.185
1768497142.9501228,42.684
1768497143.052371,40.369
1768497143.1544776,36.172
1768497143.256875,48.728
1768497143.3592765,39.482
1768497143.4652853,35.954
1768497143.5675988,50.596
1768497143.6699333,36.25
1768497143.7726645,45.834
1768497143.8748026,39.505
1768497143.9769795,37.039
1768497144.079306,46.593
1768497144.1815202,33.902
1768497144.2878027,51.186
1768497144.3901556,33.508
1768497144.4925134,43.3
1768497144.594883,39.262
1768497144.6972332,36.349
1768497144.7994738,50.626
1768497144.9019074,40.444
1768497145.0042942,35.679
1768497145.1066582,47.38
1768497145.2118075,42.019
1768497145.3141778,34.692
1768497145.4166028,44.285
1768497145.518941,44.921
1768497145.6213844,34.495
1768497145.7237322,41.503
1768497145.8261406,48.069
1768497145.9284158,34.297
1768497146.0309546,39.284
1768497146.1365356,42.61
1768497146.2387824,36.349
1768497146.3410707,47.184
1768497146.443508,35.383
1768497146.5458357,47.844
1768497146.6481993,34.199
1768497146.750742,39.307
1768497146.8531375,38.496
1768497146.95552,43.078
1768497147.0614772,35.284
1768497147.1680303,45.243
1768497147.2710764,33.132
1768497147.373741,43.989
1768497147.4761577,37.236
1768497147.5785868,36.25
1768497147.6840813,39.876
1768497147.7865317,36.074
1768497147.8892815,34.001
1768497147.991501,46.987
1768497148.093846,37.335
1768497148.1960986,40.27
1768497148.2983384,38.025
1768497148.4004824,37.51
1768497148.5029697,43.176
1768497148.6092975,34.791
1768497148.711697,50.233
1768497148.8141565,36.546
1768497148.916771,38.496
1768497149.0191774,44.259
1768497149.121499,33.606
1768497149.2240682,42.118
1768497149.326422,42.365
1768497149.4328763,34.692
1768497149.5353732,46.495
1768497149.6377099,41.503
1768497149.74015,34.889
1768497149.8425515,48.827
1768497149.9448428,34.376
1768497150.0471957,44.259
1768497150.1495566,33.705
1768497150.2551475,41.133
1768497150.357514,42.807
1768497150.459892,35.185
1768497150.5624452,52.759
1768497150.6648862,36.743
1768497150.767257,39.876
1768497150.8695593,47.675
1768497150.9719183,34.297
1768497151.074333,45.834
1768497151.1802082,33.606
1768497151.2825234,44.849
1768497151.3860202,39.557
1768497151.4884706,36.842
1768497151.590791,44.456
1768497151.6931517,33.231
1768497151.7956173,42.906
1768497151.89798,41.453
1768497152.004561,34.889
1768497152.1072218,38.89
1768497152.209434,37.609
1768497152.3118582,47.97
1768497152.41412,34.001
1768497152.5163987,41.354
1768497152.6185415,44.652
1768497152.7208116,35.284
1768497152.8265443,46.959
1768497152.9287531,39.11
1768497153.0311933,38.42
1768497153.1336138,48.04
1768497153.2361374,33.902
1768497153.3383553,40.763
1768497153.4407952,47.774
1768497153.5432613,33.606
1768497153.6455047,38.792
1768497153.7487898,45.046
1768497153.8511071,33.705
1768497153.953387,44.088
1768497154.0557008,38.966
1768497154.1579561,36.842
1768497154.260199,38.496
1768497154.3625274,36.349
1768497154.464824,45.511
1768497154.5672758,34.001
1768497154.6696444,39.58
1768497154.7759066,40.27
1768497154.8782697,34.297
1768497154.9806979,50.331
1768497155.0832345,38.89
1768497155.1854987,35.679
1768497155.2879767,48.335
1768497155.391005,33.508
1768497155.493476,41.034
1768497155.6007128,45.637
1768497155.7029507,34.199
1768497155.8053849,47.97
1768497155.9089878,38.595
1768497156.0111647,36.645
1768497156.1134336,48.012
1768497156.2158267,36.25
1768497156.3181772,39.087
1768497156.4232779,38.693
1768497156.5273154,43.792
1768497156.6297736,34.889
1768497156.7320504,32.539
1768497156.8344097,39.951
1768497156.9367037,41.601
1768497157.0388453,34.297
1768497157.1410735,48.462
1768497157.2432847,37.335
1768497157.3490844,35.954
1768497157.4515529,45.708
1768497157.5540178,33.428
1768497157.6562498,38.321
1768497157.7585568,46.003
1768497157.86086,33.527
1768497157.9632125,44.285
1768497158.0656033,38.223
1768497158.1723557,36.172
1768497158.2746353,46.298
1768497158.3770232,34.672
1768497158.4793618,38.617
1768497158.5816402,46.298
1768497158.6839952,33.606
1768497158.7865787,41.822
1768497158.8889031,45.118
1768497158.9912894,32.225
1768497159.0960133,42.019
1768497159.1985137,38.989
1768497159.3009784,34.396
1768497159.4033825,47.015
1768497159.5057273,38.42
1768497159.6085494,35.185
1768497159.7108734,45.806
1768497159.8132584,34.1
1768497159.9156692,40.664
1768497160.0209265,45.637
1768497160.123303,34.1
1768497160.225661,42.29
1768497160.3293664,42.881
1768497160.4316785,34.495
1768497160.5339596,41.231
1768497160.6361248,44.724
1768497160.7383993,34.396
1768497160.8408532,43.767
1768497160.945871,36.645
1768497161.0484838,52.464
1768497161.1507602,34.1
1768497161.2529526,41.946
1768497161.355277,47.38
1768497161.457469,34.889
1768497161.559778,43.103
1768497161.6619716,38.716
1768497161.764198,40.27
1768497161.8691506,40.566
1768497161.9713712,35.383
1768497162.0735567,48.266
1768497162.1758153,38.2
1768497162.2781625,37.927
1768497162.3805664,45.243
1768497162.4829109,34.1
1768497162.585306,42.216
1768497162.6875622,40.345
1768497162.7899446,35.481
1768497162.8959668,51.776
1768497162.9983878,39.459
1768497163.100905,34.889
1768497163.2032897,47.057
1768497163.3061173,38.42
1768497163.4084854,35.087
1768497163.5107298,45.046
1768497163.6131334,38.814
1768497163.7154672,34.988
1768497163.8210928,47.282
1768497163.9234104,39.754
1768497164.0256937,35.264
1768497164.1280766,52.267
1768497164.230399,37.116
1768497164.3326266,39.876
1768497164.434893,44.088
1768497164.5371482,34.396
1768497164.6393104,46.495
1768497164.7449582,39.406
1768497164.8480957,36.053
1768497164.9503634,49.348
1768497165.052767,37.927
1768497165.1551044,38.89
1768497165.2573783,46.03
1768497165.3595936,37.806
1768497165.4620132,35.954
1768497165.5643358,52.499
1768497165.6697402,37.412
1768497165.771971,46.102
1768497165.8741589,33.902
1768497165.976427,40.369
1768497166.0786157,44.062
1768497166.1807168,34.199
1768497166.2828927,46.102
1768497166.385108,38.375
1768497166.487342,35.954
1768497166.5895193,54.397
1768497166.6949801,33.508
1768497166.7973948,50.664
1768497166.8997674,38.989
1768497167.002075,36.645
1768497167.104387,54.168
1768497167.206731,38.124
1768497167.3091905,42.315
1768497167.4116411,42.364
1768497167.5184915,35.185
1768497167.6207943,54.201
1768497167.7230203,38.814
1768497167.8254106,38.89
1768497167.92765,48.659
1768497168.0299175,37.609
1768497168.1322343,37.806
1768497168.2344391,46.495
1768497168.3367786,33.902
1768497168.4408438,39.087
1768497168.5431948,46.916
1768497168.645672,33.606
1768497168.7479365,41.157
1768497168.8508832,46.003
1768497168.9530957,34.396
1768497169.0554292,41.946
1768497169.1580758,44.554
1768497169.260546,34.791
1768497169.363737,47.844
1768497169.4711545,34.1
1768497169.5735893,42.979
1768497169.6759088,39.899
1768497169.7783685,36.349
1768497169.880801,42.61
1768497169.9832106,35.679
1768497170.0855055,44.456
1768497170.1878438,34.692
1768497170.2950184,37.236
1768497170.39727,37.138
1768497170.499685,44.456
1768497170.601899,33.606
1768497170.7042167,41.822
1768497170.8065312,39.012
1768497170.9088912,35.778
1768497171.0112467,50.694
1768497171.1137078,39.186
1768497171.2195392,36.645
1768497171.3218923,47.282
1768497171.4242682,33.113
1768497171.5267699,39.876
1768497171.6292427,44.429
1768497171.731622,33.606
1768497171.8341315,48.787
1768497171.9365368,38.738
1768497172.0433643,36.349
1768497172.1458209,46.397
1768497172.2481217,33.31
1768497172.350524,42.512
1768497172.4530885,41.946
1768497172.5554724,34.297
1768497172.6578975,41.551
1768497172.7602546,43.3
1768497172.8666906,34.692
1768497172.9692004,51.02
1768497173.071974,36.645
1768497173.1743867,39.012
1768497173.2767715,39.186
1768497173.37904,35.954
1768497173.4813523,44.652
1768497173.585321,34.297
1768497173.6910064,46.424
1768497173.79339,33.606
1768497173.8962772,44.849
1768497173.9986048,37.729
1768497174.1009703,37.138
1768497174.2033195,44.528
1768497174.3056567,33.508
1768497174.408024,43.274
1768497174.5105863,35.856
1768497174.6172042,47.577
1768497174.7194214,33.31
1768497174.82166,40.467
1768497174.9240665,42.118
1768497175.026471,35.185
1768497175.1288614,46.888
1768497175.2310565,34.1
1768497175.3332286,50.959
1768497175.4392192,33.31
1768497175.541729,44.357
1768497175.644321,37.828
1768497175.7469547,40.566
1768497175.849437,39.065
1768497175.9519277,37.039
1768497176.0543518,44.062
1768497176.1571205,33.804
1768497176.263019,43.767
1768497176.3654485,33.606
1768497176.4680471,40.739
1768497176.5704105,34.001
1768497176.6731365,45.806
1768497176.7756612,41.157
1768497176.8779368,36.271
1768497176.9802513,35.284
1768497177.0828269,42.881
1768497177.187815,32.638
1768497177.2900774,46.593
1768497177.3924062,32.737
1768497177.4949806,38.124
1768497177.597426,38.025
1768497177.699701,36.349
1768497177.8031662,37.927
1768497177.905617,38.671
1768497178.0127645,34.495
1768497178.1151032,43.694
1768497178.2174044,32.539
1768497178.3200092,42.118
1768497178.4223206,36.447
1768497178.5246754,36.349
1768497178.6271226,41.724
1768497178.7295125,45.538
1768497178.836337,36.447
1768497178.938682,38.42
1768497179.0411456,40.96
1768497179.1434731,34.001
1768497179.2457957,45.019
1768497179.348244,38.343
1768497179.4506512,35.56
1768497179.5531538,46.227
1768497179.659599,32.934
1768497179.7619774,41.921
1768497179.8643377,38.595
1768497179.966688,36.271
1768497180.0695403,46.369
1768497180.1719122,33.033
1768497180.2743754,39.482
1768497180.3771513,44.062
1768497180.4825785,33.705
1768497180.5850549,45.145
1768497180.687666,41.059
1768497180.7901816,35.383
1768497180.8926263,49.771
1768497180.995186,38.124
1768497181.0976715,37.905
1768497181.20037,47.647
1768497181.3078153,34.001
1768497181.4102101,50.203
1768497181.5131645,38.321
1768497181.6155455,37.335
1768497181.7184467,46.692
1768497181.8212373,33.409
1768497181.9239902,39.58
1768497182.029556,38.595
1768497182.131908,37.927
1768497182.2343059,46.397
1768497182.3369434,33.705
1768497182.4395542,44.062
1768497182.5418315,38.375
1768497182.644345,35.856
1768497182.7465987,35.954
1768497182.8493192,40.247
1768497182.9543796,34.889
1768497183.0569394,48.237
1768497183.1592822,36.546
1768497183.2616086,37.138
1768497183.3640609,38.989
1768497183.4664297,36.743
1768497183.5689907,37.236
1768497183.6715705,44.948
1768497183.7738883,33.31
1768497183.8794894,43.398
1768497183.9818761,38.321
1768497184.0841985,38.124
1768497184.1866086,36.94
1768497184.2888606,39.876
1768497184.3911133,37.138
1768497184.4935906,35.679
1768497184.5961785,43.57
1768497184.698514,33.033
1768497184.803841,45.834
1768497184.9062018,34.1
1768497185.0084693,50.793
1768497185.110922,35.658
1768497185.2133033,39.482
1768497185.315567,43.57
1768497185.4178524,33.804
1768497185.52025,48.787
1768497185.6225998,36.229
1768497185.7282581,38.595
1768497185.8306756,39.58
1768497185.9329603,35.383
1768497186.0353577,45.413
1768497186.1386669,35.757
1768497186.2410648,37.631
1768497186.3434212,42.833
1768497186.4459448,34.297
1768497186.5518708,40.148
1768497186.6542766,34.791
1768497186.7568233,36.172
1768497186.8591764,46.129
1768497186.961614,32.737
1768497187.0640535,48.954
1768497187.1665545,36.447
1768497187.2693734,43.274
1768497187.3716426,32.342
1768497187.4760392,39.087
1768497187.5783083,42.093
1768497187.6806808,33.606
1768497187.7829914,44.16
1768497187.885247,39.406
1768497187.9877129,36.25
1768497188.0901108,47.704
1768497188.192545,33.31
1768497188.2950044,40.838
1768497188.4007506,43.446
1768497188.503196,34.495
1768497188.6054664,50.135
1768497188.7079124,37.532
1768497188.8103263,37.335
1768497188.9129016,46.102
1768497189.0153608,33.902
1768497189.117816,44.062
1768497189.2201352,40.861
1768497189.324553,35.856
1768497189.427099,50.762
1768497189.5296469,36.94
1768497189.6320682,37.335
1768497189.7346566,43.963
1768497189.8372078,34.692
1768497189.9397247,45.44
1768497190.0420654,34.199
1768497190.1450171,40.715
1768497190.2497518,34.889
1768497190.3551617,37.489
1768497190.457667,37.138
1768497190.5602958,37.784
1768497190.662852,36.645
1768497190.7652142,42.044
1768497190.8676956,33.212
1768497190.9750733,42.906
1768497191.0775108,36.962
1768497191.179934,36.842
1768497191.2822,42.684
1768497191.3845575,33.606
1768497191.4870946,41.034
1768497191.5899985,33.804
1768497191.6922786,44.259
1768497191.7990103,36.94
1768497191.901743,37.039
1768497192.0041826,46.846
1768497192.1064708,33.329
1768497192.2087011,40.861
1768497192.311035,42.512
1768497192.4136198,34.001
1768497192.5160255,48.994
1768497192.6216834,36.743
1768497192.7240508,37.927
1768497192.8265045,45.735
1768497192.9289973,33.508
1768497193.0313253,44.652
1768497193.13359,39.58
1768497193.2358813,36.645
1768497193.3382497,48.069
1768497193.4405236,33.31
1768497193.5465078,39.383
1768497193.6488242,42.954
1768497193.7511327,34.297
1768497193.8535895,47.675
1768497193.9559133,39.482
1768497194.0581434,35.362
1768497194.1603465,50.664
1768497194.2626255,38.814
1768497194.3650668,36.94
1768497194.4704292,47.184
1768497194.5726893,33.409
1768497194.6762164,38.42
1768497194.7784202,44.948
1768497194.8806825,33.409
1768497194.9831092,42.512
1768497195.085292,37.193
1768497195.1876144,37.039
1768497195.2937906,46.424
1768497195.3961108,33.31
1768497195.4983814,38.89
1768497195.6008205,47.802
1768497195.7031398,33.804
1768497195.8054907,45.735
1768497195.9080956,34.1
1768497196.0105295,43.767
1768497196.112736,40.369
1768497196.2181334,35.087
1768497196.3204749,42.585
1768497196.422851,42.365
1768497196.5251799,34.791
1768497196.6273997,46.129
1768497196.7298698,33.626
1768497196.8321636,47.212
1768497196.9345136,43.471
1768497197.036934,34.1
1768497197.1426437,43.668
1768497197.2450502,41.798
1768497197.3475146,34.001
1768497197.4499955,39.58
1768497197.5523202,50.271
1768497197.654723,39.679
1768497197.757196,36.271
1768497197.8595061,48.364
1768497197.9617803,37.412
1768497198.0671341,37.927
1768497198.169425,52.759
1768497198.271688,38.913
1768497198.3739204,36.546
1768497198.4762936,48.797
1768497198.5785837,39.679
1768497198.6808667,35.383
1768497198.7833004,48.069
1768497198.8855915,40.247
1768497198.9918265,35.383
1768497199.0942502,51.352
1768497199.20217,37.215
1768497199.3044477,37.631
1768497199.406697,46.593
1768497199.5089834,33.212
1768497199.6112788,38.518
1768497199.7157996,46.523
1768497199.8181245,33.606
1768497199.9204018,43.595
1768497200.0227914,45.243
1768497200.1251476,41.231
1768497200.2288806,46.298
1768497200.3310676,34.593
1768497200.4332802,47.774
1768497200.5354054,37.532
1768497200.6402714,39.284
1768497200.7427838,47.549
1768497200.8452632,33.409
1768497200.9478045,40.27
1768497201.0501723,46.593
1768497201.1524947,33.902
1768497201.254928,39.876
1768497201.357207,49.387
1768497201.4597042,34.1
1768497201.5654428,40.641
1768497201.667843,50.498
1768497201.7701042,33.686
1768497201.8723872,38.496
1768497201.9746943,50.105
1768497202.0771742,34.495
1768497202.1796021,43.57
1768497202.2820127,40.073
1768497202.3843777,36.842
1768497202.487264,49.023
1768497202.5895858,34.1
1768497202.6918876,40.566
1768497202.7948112,48.896
1768497202.8972366,33.902
1768497202.9996853,41.527
1768497203.101907,42.855
1768497203.2044415,35.383
1768497203.306983,54.037
1768497203.413708,37.039
1768497203.5160515,39.284
1768497203.624265,39.853
1768497203.7265768,34.889
1768497203.828816,46.326
1768497203.9311395,36.962
1768497204.0333939,37.335
1768497204.1380355,46.888
1768497204.2405224,33.231
1768497204.342755,40.861
1768497204.4451413,43.963
1768497204.5475087,49.848
1768497204.6499438,38.42
1768497204.7521486,38.025
1768497204.8543558,43.471
1768497204.956815,34.593
1768497205.0625257,51.646
1768497205.1651533,36.842
1768497205.2678409,42.709
1768497205.3701715,34.495
1768497205.4724689,45.61
1768497205.5749094,33.329
1768497205.677259,46.719
1768497205.7794948,39.11
1768497205.8857744,39.012
1768497205.9884353,43.57
1768497206.0908844,34.001
1768497206.1936574,41.034
1768497206.2959707,35.284
1768497206.3983896,36.743
1768497206.5007644,41.527
1768497206.6036015,36.328
1768497206.70615,39.974
1768497206.810899,33.212
1768497206.9131093,43.937
1768497207.0154362,36.447
1768497207.1179504,37.631
1768497207.2205343,43.741
1768497207.3229046,33.132
1768497207.4252481,45.932
1768497207.527689,35.856
1768497207.6300154,38.124
1768497207.7376463,39.087
1768497207.8409808,35.876
1768497207.9433396,44.777
1768497208.0457723,32.441
1768497208.1480787,37.828
1768497208.2504625,43.963
1768497208.3528874,33.508
1768497208.460064,46.2
1768497208.5625484,36.842
1768497208.6648703,45.467
1768497208.767975,38.223
1768497208.870212,39.383
1768497208.9723454,44.823
1768497209.0745766,34.199
1768497209.1767657,41.157
1768497209.2789805,45.341
1768497209.3843808,34.396
1768497209.486771,48.856
1768497209.5892124,37.412
1768497209.6915474,38.518
1768497209.793943,48.138
1768497209.8962772,33.705
1768497209.9987845,39.186
1768497210.1011214,43.963
1768497210.2078137,34.396
1768497210.310085,40.467
1768497210.4123905,41.699
1768497210.5148752,35.284
1768497210.6171339,46.452
1768497210.7194672,43.3
1768497210.821883,34.199
1768497210.9242783,42.019
1768497211.0265713,46.353
1768497211.1313732,34.692
1768497211.2337015,41.354
1768497211.3360932,47.549
1768497211.4389255,37.335
1768497211.541179,37.927
1768497211.6434355,51.253
1768497211.746499,41.207
1768497211.8489351,36.447
1768497211.9518235,55.281
1768497212.0588055,38.989
1768497212.1610608,38.595
1768497212.2634287,49.289
1768497212.3657417,34.495
1768497212.4681885,40.96
1768497212.5704978,46.593
1768497212.6727998,35.284
1768497212.7751055,44.554
1768497212.8774896,41.896
1768497212.9827461,37.039
1768497213.0855052,52.825
1768497213.1879306,43.792
1768497213.2904732,39.284
1768497213.3927288,36.743
1768497213.495064,45.368
1768497213.59738,34.001
1768497213.6998084,49.416
1768497213.802088,34.396
1768497213.9073367,40.641
1768497214.009859,40.369
1768497214.1122031,34.791
1768497214.2145383,46.593
1768497214.3170543,34.297
1768497214.4195476,38.025
1768497214.521977,36.151
1768497214.6243517,44.777
1768497214.7268288,33.033
1768497214.8293908,44.679
1768497214.9340832,37.313
1768497215.0363681,35.679
1768497215.1390476,44.259
1768497215.2413502,33.033
1768497215.3439224,39.754
1768497215.4463732,43.471
1768497215.5488405,33.705
1768497215.6512578,40.861
1768497215.753771,42.34
1768497215.8589175,33.804
1768497215.9615521,47.774
1768497216.0644696,38.025
1768497216.1668165,38.617
1768497216.2691393,45.905
1768497216.3717175,33.705
1768497216.4740808,44.921
1768497216.577068,34.001
1768497216.6842792,46.495
1768497216.786742,34.791
1768497216.889256,43.839
1768497216.9915113,34.791
1768497217.0942636,43.989
1768497217.196676,35.658
1768497217.299045,47.282
1768497217.4014819,33.724
1768497217.507328,41.625
1768497217.609762,34.889
1768497217.7122042,45.806
1768497217.8143902,36.25
1768497217.9166229,39.186
1768497218.0187323,40.688
1768497218.1208987,35.284
1768497218.2232335,50.233
1768497218.3253944,37.631
1768497218.4308825,37.039
1768497218.5333328,44.331
1768497218.635673,33.902
1768497218.7384343,46.692
1768497218.8407116,37.51
1768497218.9432344,37.313
1768497219.0455866,41.699
1768497219.1481342,35.284
1768497219.2548916,46.692
1768497219.357267,36.349
1768497219.4596717,38.716
1768497219.5622683,44.331
1768497219.6647935,34.199
1768497219.7672057,51.45
1768497219.8700948,35.461
1768497219.9725997,42.315
1768497220.0793936,38.08
1768497220.181757,36.349
1768497220.2840228,46.298
1768497220.3864734,35.954
1768497220.4935086,36.842
1768497220.5960732,46.2
1768497220.7019374,33.113
1768497220.8042922,43.595
1768497220.906633,40.27
1768497221.0090613,35.087
1768497221.111403,45.806
1768497221.214057,33.804
1768497221.316635,44.876
1768497221.4190164,39.186
1768497221.5213857,36.053
1768497221.626601,38.321
1768497221.7301533,38.814
1768497221.8324382,47.872
1768497221.934657,34.1
1768497222.0369468,43.595
1768497222.1392982,39.065
1768497222.24155,35.58
1768497222.3437698,46.397
1768497222.449635,39.482
1768497222.5519605,36.743
1768497222.6541657,47.015
1768497222.7565408,38.792
1768497222.8588047,35.679
1768497222.9611738,49.18
1768497223.0635343,33.014
1768497223.166043,41.921
1768497223.2684405,39.383
1768497223.3745668,36.25
1768497223.476887,49.19
1768497223.5791912,33.212
1768497223.6815717,43.989
1768497223.784066,38.2
1768497223.8864932,36.743
1768497223.9888403,46.888
1768497224.091164,33.705
1768497224.1971586,43.595
1768497224.2994783,40.96
1768497224.4018128,35.284
1768497224.5045362,49.78
1768497224.6068137,33.409
1768497224.709182,37.927
1768497224.8122838,47.605
1768497224.9145133,33.508
1768497225.0168085,41.527
1768497225.1225305,37.905
1768497225.224773,40.641
1768497225.3270254,39.012
1768497225.429487,37.039
1768497225.531898,47.704
1768497225.6341813,34.1
1768497225.7364845,46.129
1768497225.8388844,39.58
1768497225.9456205,53.808
1768497226.047811,33.606
1768497226.1500895,43.668
1768497226.2527297,39.087
1768497226.35484,36.172
1768497226.4570844,46.467
1768497226.5593088,34.001
1768497226.661405,44.948
1768497226.7638571,36.074
1768497226.868611,49.583
1768497226.970858,32.638
1768497227.0731444,39.482
1768497227.1754937,41.921
1768497227.2777689,34.199
1768497227.3801708,42.413
1768497227.4825504,42.782
1768497227.5849116,33.804
1768497227.6873379,40.861
1768497227.792993,40.861
1768497227.8954835,33.804
1768497227.9977472,42.979
1768497228.100117,38.397
1768497228.202438,35.56
1768497228.3048377,49.289
1768497228.407183,37.653
1768497228.509556,36.349
1768497228.6119916,50.369
1768497228.7189648,38.518
1768497228.8214679,37.138
1768497228.9239156,52.955
1768497229.026164,39.186
1768497229.1297348,35.856
1768497229.2320497,45.834
1768497229.334425,44.062
1768497229.436704,34.495
1768497229.5395796,42.044
1768497229.6418254,48.069
1768497229.7441335,34.001
1768497229.8465528,42.61
1768497229.948849,39.951
1768497230.0512033,35.954
1768497230.1534379,50.959
1768497230.2558548,40.42
1768497230.3583145,36.25
1768497230.4606898,46.003
1768497230.5664804,35.58
1768497230.6689742,43.767
1768497230.7710824,45.484
1768497230.873294,35.185
1768497230.9756534,51.745
1768497231.077811,39.383
1768497231.1800587,37.708
1768497231.2823887,48.364
1768497231.384691,34.791
1768497231.4890022,40.96
1768497231.591192,47.085
1768497231.6935403,33.409
1768497231.795891,38.989
1768497231.8983016,50.596
1768497232.0006244,33.902
