timestamp,power_watts
1768498765.2087314,41.527
1768498765.3127677,41.896
1768498765.4148808,45.046
1768498765.5170019,43.176
1768498765.6191897,69.716
1768498765.7214715,41.995
1768498765.8237002,49.878
1768498765.925962,60.537
1768498766.028133,65.805
1768498766.1333852,46.467
1768498766.239262,48.167
1768498766.341654,67.313
1768498766.4438772,44.429
1768498766.5461764,66.767
1768498766.6483192,50.566
1768498766.750589,40.148
1768498766.8527877,42.928
1768498766.9551165,37.905
1768498767.0613475,47.057
1768498767.1635482,36.919
1768498767.2659066,50.301
1768498767.3680387,35.165
1768498767.4703696,48.404
1768498767.5725963,35.264
1768498767.6747818,49.848
1768498767.7775874,34.199
1768498767.8797503,50.203
1768498767.9821136,33.804
1768498768.0844655,47.479
1768498768.198233,34.968
1768498768.3005447,40.814
1768498768.4028566,36.645
1768498768.505143,39.632
1768498768.6074073,46.916
1768498768.7126896,34.968
1768498768.8148804,43.57
1768498768.917237,35.954
1768498769.0194724,39.974
1768498769.1217868,37.729
1768498769.2240999,38.223
1768498769.3263338,38.989
1768498769.4285417,36.842
1768498769.5307102,42.29
1768498769.632903,32.422
1768498769.7351875,44.823
1768498769.8410673,33.31
1768498769.9433234,41.822
1768498770.045649,36.25
1768498770.1479228,37.708
1768498770.2502925,40.172
1768498770.3524768,32.323
1768498770.4547493,45.806
1768498770.5568879,43.274
1768498770.6600537,34.573
1768498770.7654197,40.444
1768498770.867712,35.954
1768498770.970085,36.82
1768498771.072268,38.496
1768498771.1744473,36.151
1768498771.2883337,43.668
1768498771.3920383,32.046
1768498771.4943988,44.652
1768498771.596673,32.916
1768498771.6989765,40.912
1768498771.801233,34.593
1768498771.903463,38.397
1768498772.0055711,37.609
1768498772.1077754,36.349
1768498772.211533,40.172
1768498772.3170176,31.651
1768498772.4194577,45.779
1768498772.521722,32.422
1768498772.6252484,43.471
1768498772.7274733,34.1
1768498772.8298092,38.595
1768498772.9321945,37.806
1768498773.034467,35.856
1768498773.136825,43.694
1768498773.2425027,32.144
1768498773.344666,42.512
1768498773.446988,34.396
1768498773.5493104,31.651
1768498773.6515825,36.25
1768498773.7537847,43.078
1768498773.8561106,31.947
1768498773.9584005,42.315
1768498774.0607233,33.409
1768498774.166316,38.2
1768498774.2685263,36.645
1768498774.3707619,35.778
1768498774.472989,42.487
1768498774.57541,32.144
1768498774.6777263,41.921
1768498774.7800677,33.508
1768498774.8822665,36.151
1768498774.9856164,32.995
1768498775.0916712,45.708
1768498775.1938932,32.323
1768498775.296199,42.782
1768498775.3985994,33.902
1768498775.5008183,31.354
1768498775.6031742,44.062
1768498775.7053804,32.817
1768498775.8076496,37.412
1768498775.909773,38.792
1768498776.0120091,31.552
1768498776.1177058,44.58
1768498776.2199879,33.014
1768498776.322209,38.595
1768498776.4249,36.743
1768498776.5272865,33.804
1768498776.629569,46.129
1768498776.7320898,32.718
1768498776.834666,40.172
1768498776.9371188,36.546
1768498777.0443072,34.751
1768498777.1464796,44.134
1768498777.2487524,32.126
1768498777.3509963,42.61
1768498777.4533277,33.508
1768498777.5554898,39.262
1768498777.657878,36.053
1768498777.7601242,36.349
1768498777.8623857,39.951
1768498777.9690762,31.552
1768498778.071332,44.528
1768498778.1736512,32.422
1768498778.2758794,41.109
1768498778.3781617,34.771
1768498778.4803183,36.328
1768498778.5826383,39.482
1768498778.6849132,34.376
1768498778.78722,30.959
1768498778.8932745,36.645
1768498778.995532,37.828
1768498779.0977929,33.39
1768498779.2001197,42.807
1768498779.3023605,31.947
1768498779.404548,42.413
1768498779.5067,33.409
1768498779.6090648,36.151
1768498779.7118442,36.053
1768498779.813991,39.754
1768498779.920671,31.453
1768498780.022913,45.413
1768498780.125141,32.342
1768498780.2275214,41.231
1768498780.3298335,34.692
1768498780.43202,36.546
1768498780.5343294,38.102
1768498780.636569,31.256
1768498780.7388504,45.171
1768498780.8410776,31.947
1768498780.9464502,41.896
1768498781.0485904,33.212
1768498781.1508534,39.58
1768498781.2531135,34.869
1768498781.3552773,36.053
1768498781.4574726,39.656
1768498781.5597506,31.354
1768498781.6619358,46.818
1768498781.764176,31.947
1768498781.867604,42.487
1768498781.971981,32.539
1768498782.0741897,41.231
1768498782.176539,33.409
1768498782.2787812,39.853
1768498782.3810186,34.593
1768498782.4832778,37.532
1768498782.5855918,37.236
1768498782.6878948,35.481
1768498782.7902396,40.345
1768498782.8924952,31.354
1768498782.997229,45.779
1768498783.0995016,31.749
1768498783.201654,42.413
1768498783.30407,32.916
1768498783.406304,39.482
1768498783.5085328,35.757
1768498783.610764,35.658
1768498783.7130413,41.822
1768498783.8152437,31.651
1768498783.9174876,41.625
1768498784.0232894,32.817
1768498784.1254933,37.927
1768498784.227927,35.954
1768498784.330114,34.297
1768498784.4324887,43.471
1768498784.534742,42.192
1768498784.63745,33.014
1768498784.7395573,40.739
1768498784.8415995,34.593
1768498784.948135,37.313
1768498785.0503392,36.94
1768498785.1525447,32.323
1768498785.254887,44.062
1768498785.3571196,31.651
1768498785.4594054,43.004
1768498785.5616522,33.212
1768498785.6638265,39.754
1768498785.7660766,35.362
1768498785.872159,35.954
1768498785.9743445,40.27
1768498786.0766704,31.256
1768498786.1789763,43.497
1768498786.2813869,32.323
1768498786.3836563,41.231
1768498786.4897535,34.1
1768498786.59346,38.671
1768498786.6981316,35.56
1768498786.8003592,36.919
1768498786.9025812,38.595
1768498787.0049024,31.157
1768498787.107279,45.171
1768498787.2096267,31.749
1768498787.3117983,41.601
1768498787.414098,32.916
1768498787.5162618,39.777
1768498787.6185079,34.889
1768498787.7241447,36.722
1768498787.8263948,37.609
1768498787.9285715,32.502
1768498788.0308022,44.16
1768498788.1330144,32.126
1768498788.2352686,41.946
1768498788.3376243,40.247
1768498788.4398522,31.453
1768498788.5420778,43.595
1768498788.6488438,40.814
1768498788.7511113,32.126
1768498788.8537273,41.921
1768498788.9560373,34.199
1768498789.0583096,37.905
1768498789.161221,42.512
1768498789.2633262,32.62
1768498789.3655035,39.262
1768498789.4676638,34.573
1768498789.573721,37.215
1768498789.6760023,38.003
1768498789.7781727,31.157
1768498789.8804178,46.058
1768498789.982628,32.027
1768498790.0849693,41.724
1768498790.1871734,33.113
1768498790.289417,37.905
1768498790.391816,36.82
1768498790.4942238,31.238
1768498790.6003335,45.019
1768498790.7025087,32.126
1768498790.8047423,41.946
1768498790.9071844,33.804
1768498791.009374,37.905
1768498791.1120176,36.447
1768498791.2142658,34.278
1768498791.3164587,42.585
1768498791.4186642,31.453
1768498791.524388,43.274
1768498791.626658,32.521
1768498791.7290628,40.172
1768498791.8313365,35.481
1768498791.933632,36.447
1768498792.035941,38.814
1768498792.1381547,31.157
1768498792.2404084,46.424
1768498792.342715,32.027
1768498792.4487886,40.05
1768498792.5510163,34.791
1768498792.6531842,36.82
1768498792.75545,36.842
1768498792.857671,35.362
1768498792.9597623,34.672
1768498793.0618765,33.902
1768498793.1639366,33.409
1768498793.2660103,33.31
1768498793.3681567,33.508
1768498793.4713452,34.278
1768498793.5734332,34.672
1768498793.675641,33.606
1768498793.7779284,32.718
1768498793.8800285,34.593
1768498793.983407,36.82
1768498794.0855618,35.954
1768498794.1877697,34.771
1768498794.2899606,34.692
1768498794.394315,35.067
1768498794.4965656,36.349
1768498794.5988472,36.151
1768498794.7012472,36.151
1768498794.803469,35.954
1768498794.9057252,35.165
1768498795.007947,34.869
1768498795.110264,33.686
1768498795.21262,31.354
1768498795.3148017,31.552
1768498795.4170463,30.466
1768498795.523423,38.2
1768498795.6256301,31.552
1768498795.7315195,38.223
1768498795.8336778,38.102
1768498795.9359114,31.354
1768498796.0395103,39.951
1768498796.141647,35.067
1768498796.2480597,34.869
1768498796.3506262,42.979
1768498796.4528809,33.014
1768498796.555534,36.271
1768498796.6578932,43.201
1768498796.760355,31.848
1768498796.8627558,42.093
1768498796.9652238,33.606
1768498797.0674021,36.842
1768498797.172515,38.693
1768498797.2747579,31.256
1768498797.377074,45.61
1768498797.479251,31.947
1768498797.5815818,42.979
1768498797.6837783,33.31
1768498797.7859442,38.496
1768498797.8881493,35.461
1768498797.9904006,35.56
1768498798.0926216,39.974
1768498798.1982617,31.453
1768498798.300547,44.626
1768498798.4031627,39.087
1768498798.5069044,36.349
1768498798.6091707,32.718
1768498798.7113426,39.777
1768498798.8135312,35.185
1768498798.9156244,35.56
1768498799.017784,41.748
1768498799.12352,31.633
1768498799.2257092,42.413
1768498799.327927,33.508
1768498799.430187,36.546
1768498799.532549,39.087
1768498799.6347275,31.453
1768498799.7370725,41.207
1768498799.8392255,32.718
1768498799.941409,40.27
1768498800.0435414,34.692
1768498800.1491795,36.94
1768498800.2513397,39.262
1768498800.353476,31.354
1768498800.455873,45.413
1768498800.5593212,32.046
1768498800.661583,42.585
1768498800.7637491,33.31
1768498800.8659697,38.102
1768498800.9681764,36.25
1768498801.074506,31.157
1768498801.1767006,42.734
1768498801.2789094,33.014
1768498801.381081,39.482
1768498801.4833674,35.067
1768498801.5856035,34.376
1768498801.687856,43.249
1768498801.790293,31.651
1768498801.8925815,42.118
1768498801.999292,33.508
1768498802.1015468,36.032
1768498802.2038152,38.595
1768498802.30606,35.165
1768498802.4082246,41.231
1768498802.5104249,31.552
1768498802.612711,46.397
1768498802.7148812,32.027
1768498802.817089,42.512
1768498802.9238722,32.718
1768498803.026124,42.61
1768498803.128306,39.754
1768498803.2305655,35.165
1768498803.3326912,37.609
1768498803.4347517,36.525
1768498803.5369163,33.31
1768498803.6390033,43.497
1768498803.7413054,31.848
1768498803.8434274,42.019
1768498803.9485965,33.409
1768498804.0508788,38.693
1768498804.1531975,36.645
1768498804.2555654,33.113
1768498804.357858,43.176
1768498804.4602149,31.83
1768498804.5624402,42.34
1768498804.664681,33.606
1768498804.767429,38.102
1768498804.8697267,36.645
1768498804.9756818,31.354
1768498805.0781813,43.668
1768498805.1819036,32.916
1768498805.2844057,38.792
1768498805.3866222,36.94
1768498805.48881,35.56
1768498805.59111,43.865
1768498805.6933465,31.749
1768498805.8005276,42.807
1768498805.9027154,33.508
1768498806.0049675,37.708
1768498806.1074045,36.94
1768498806.209767,35.362
1768498806.3121858,46.03
1768498806.414484,31.929
1768498806.5166898,40.936
1768498806.6189368,33.409
1768498806.7245073,37.631
1768498806.8269053,36.82
1768498806.9292774,34.672
1768498807.0314817,41.822
1768498807.1338332,31.651
1768498807.2360294,43.274
1768498807.3383403,32.62
1768498807.44065,40.05
1768498807.5428946,34.889
1768498807.6490064,35.954
1768498807.7512574,31.633
1768498807.8545778,43.004
1768498807.9567072,32.422
1768498808.0587926,42.29
1768498808.1608946,33.409
1768498808.2629817,37.905
1768498808.365135,35.856
1768498808.467305,32.225
1768498808.5693204,35.244
1768498808.6747613,37.828
1768498808.7771282,32.718
1768498808.8795085,44.456
1768498808.981735,31.83
1768498809.083938,41.822
1768498809.186126,32.62
1768498809.288344,41.601
1768498809.3909864,33.409
1768498809.4932046,38.595
1768498809.5955281,37.018
1768498809.7003622,35.658
1768498809.802606,40.345
1768498809.904887,31.453
1768498810.0078917,45.806
1768498810.1101294,31.947
1768498810.2125528,38.693
1768498810.314805,44.876
1768498810.417081,33.409
1768498810.5195024,31.157
1768498810.626367,43.497
1768498810.728687,33.113
1768498810.8309443,37.784
1768498810.9331927,36.447
1768498811.0354297,35.56
1768498811.137717,40.345
1768498811.239876,31.633
1768498811.342063,42.487
1768498811.4443414,31.651
1768498811.5504875,41.724
1768498811.6527693,32.718
1768498811.755218,39.656
1768498811.8575652,34.396
1768498811.9597902,38.003
1768498812.0620816,36.447
1768498812.1642942,35.933
1768498812.2664847,38.693
1768498812.3686554,31.453
1768498812.470817,44.456
1768498812.5761604,42.487
1768498812.6791956,33.014
1768498812.781303,39.656
1768498812.8835094,35.362
1768498812.985616,36.151
1768498813.087986,41.33
1768498813.1900463,31.749
1768498813.2921896,42.636
1768498813.3944204,32.916
1768498813.5001357,38.496
1768498813.6026137,37.708
1768498813.7048438,31.83
1768498813.8071437,43.373
1768498813.9093916,32.027
1768498814.0120401,42.636
1768498814.1144314,33.409
1768498814.2165885,38.814
1768498814.318753,37.335
1768498814.4215057,35.264
1768498814.5262825,41.798
1768498814.6284592,31.633
1768498814.7306194,44.456
1768498814.8355033,32.144
1768498814.93771,42.019
1768498815.0399957,33.113
1768498815.1421776,39.36
1768498815.2445164,34.968
1768498815.3511567,36.722
1768498815.4535089,37.708
1768498815.5557024,32.817
1768498815.658165,42.709
1768498815.7605426,31.83
1768498815.8627098,43.767
1768498815.9649334,32.521
1768498816.0672104,41.404
1768498816.1694884,33.212
1768498816.2752357,40.444
1768498816.377448,35.56
1768498816.479595,35.954
1768498816.5818055,39.58
1768498816.6841564,31.453
1768498816.7864294,45.44
1768498816.888586,32.126
1768498816.9907944,42.487
1768498817.0930057,32.916
1768498817.1952217,42.388
1768498817.2974539,33.014
1768498817.4021633,35.362
1768498817.505319,35.264
1768498817.6074219,41.231
1768498817.7095373,31.83
1768498817.8116992,43.176
1768498817.9141176,32.62
1768498818.0163968,39.482
1768498818.1184878,35.461
1768498818.2206786,31.238
1768498818.3267665,44.554
1768498818.4288876,32.027
1768498818.5311875,37.806
1768498818.6335917,42.044
1768498818.7358837,32.027
1768498818.8381712,43.004
1768498818.940355,33.902
1768498819.0432205,36.82
1768498819.14551,38.299
1768498819.2517369,32.718
1768498819.3539693,44.974
1768498819.4574282,32.126
1768498819.5598023,40.444
1768498819.6620884,35.362
1768498819.7643769,35.856
1768498819.8666015,40.566
1768498819.9688888,31.552
1768498820.0710807,45.681
1768498820.1772206,32.225
1768498820.2793999,42.019
1768498820.3816612,33.804
1768498820.483878,37.018
1768498820.586138,38.792
1768498820.6883845,31.354
1768498820.7906904,45.145
1768498820.892939,32.323
1768498820.9953773,35.264
1768498821.1015701,45.806
1768498821.2040818,32.126
1768498821.306343,41.428
1768498821.4085855,34.376
1768498821.5108926,35.736
1768498821.6131883,39.876
1768498821.7154062,31.534
1768498821.8177197,44.456
1768498821.9200163,32.62
1768498822.0262425,35.264
1768498822.128874,36.328
1768498822.2309632,39.557
1768498822.3330736,31.651
1768498822.4352632,44.751
1768498822.5373685,32.225
1768498822.6394916,42.585
1768498822.7415597,33.409
1768498822.8436654,39.087
1768498822.9458342,35.461
1768498823.0480912,32.422
1768498823.153153,34.889
1768498823.2552848,36.151
1768498823.3574533,35.264
1768498823.460125,34.791
1768498823.5624015,33.489
1768498823.664574,32.817
1768498823.7668138,32.521
1768498823.873019,32.323
1768498823.9754782,32.144
1768498824.0775647,31.929
1768498824.1796725,31.848
1768498824.2817817,31.453
1768498824.3839376,31.552
1768498824.4861748,31.534
1768498824.5883214,31.552
1768498824.6906722,31.552
1768498824.7929,31.633
1768498824.8951132,31.633
1768498824.9973788,31.947
1768498825.0997338,31.83
1768498825.204439,31.947
1768498825.3066864,31.929
1768498825.408898,32.521
1768498825.5110443,33.31
1768498825.6132803,33.804
1768498825.7155483,30.861
1768498825.8177383,34.001
1768498825.9200046,31.157
1768498826.022226,40.838
1768498826.1244051,34.475
1768498826.2314372,36.447
1768498826.3337,40.27
1768498826.4359076,31.651
1768498826.5381634,41.921
1768498826.6403482,32.817
1768498826.7427,40.05
1768498826.8448894,34.692
1768498826.947152,36.349
1768498827.0495045,38.496
1768498827.1547363,45.708
1768498827.2577317,32.046
1768498827.3597605,42.487
1768498827.4618812,33.804
1768498827.5639963,38.003
1768498827.6661599,36.131
1768498827.768175,35.856
1768498827.8702462,39.383
1768498827.972256,31.453
1768498828.0743957,46.495
1768498828.1810174,32.027
1768498828.2839847,43.004
1768498828.3861892,33.409
1768498828.4883287,38.2
1768498828.590729,39.186
1768498828.692915,34.672
1768498828.7951133,37.116
1768498828.897694,39.876
1768498828.9999104,31.552
1768498829.1054888,45.341
1768498829.2077045,31.947
1768498829.3099077,43.839
1768498829.4121826,32.323
1768498829.514475,41.921
1768498829.616679,34.396
1768498829.7190096,37.335
1768498829.8212037,38.102
1768498829.9233804,32.718
1768498830.025719,42.487
1768498830.1315887,31.731
1768498830.233779,45.046
1768498830.3360407,32.323
1768498830.4382308,41.306
1768498830.5405176,33.902
1768498830.642679,38.595
1768498830.7449048,36.053
1768498830.8471992,31.256
1768498830.9494662,36.701
1768498831.0516798,42.709
1768498831.1569529,32.521
1768498831.2591279,42.192
1768498831.361429,33.902
1768498831.4637656,38.397
1768498831.566148,37.412
1768498831.6684039,34.297
1768498831.770713,42.585
1768498831.8730934,31.848
1768498831.9752662,32.817
1768498832.0830598,40.739
1768498832.1852677,34.297
1768498832.2875528,35.539
1768498832.389851,40.467
1768498832.492094,31.633
1768498832.594388,42.709
1768498832.6966004,32.916
1768498832.798814,39.58
1768498832.9014242,35.56
1768498833.0060902,35.954
1768498833.1084244,42.512
1768498833.2108111,31.848
1768498833.313113,42.413
1768498833.4153934,33.606
1768498833.5178504,38.671
1768498833.6207056,35.856
1768498833.7229602,36.426
1768498833.8251357,38.89
1768498833.9309328,31.256
1768498834.0335078,45.413
1768498834.1357877,33.014
1768498834.2382922,40.148
1768498834.3404558,35.264
1768498834.4433465,35.658
1768498834.5455046,42.684
1768498834.6479576,31.929
1768498834.7502313,41.527
1768498834.8572423,32.323
1768498834.9593804,42.118
1768498835.0615985,33.902
1768498835.1638186,37.018
1768498835.2662983,39.777
1768498835.3685253,31.354
1768498835.4711854,44.751
1768498835.573546,32.62
1768498835.6757479,40.641
1768498835.7822363,34.376
1768498835.8845682,36.25
1768498835.9868777,39.087
1768498836.0891874,31.453
1768498836.1915379,45.315
1768498836.2938218,32.225
1768498836.3961022,42.709
1768498836.498331,38.102
1768498836.601267,35.954
1768498836.7066958,36.722
1768498836.8089488,38.299
1768498836.9111004,34.475
1768498837.0133526,41.231
1768498837.1155179,31.453
1768498837.2177103,44.948
1768498837.3200119,32.243
1768498837.4223459,42.093
1768498837.5252712,34.001
1768498837.631208,38.102
1768498837.733351,38.299
1768498837.8355348,32.225
1768498837.9383345,44.383
1768498838.0405333,31.848
1768498838.1427755,43.865
1768498838.2452874,32.323
1768498838.3473973,39.459
1768498838.449544,35.461
1768498838.5516741,31.058
1768498838.6575005,40.566
1768498838.7597713,35.264
1768498838.8620858,36.468
1768498838.9642959,39.853
1768498839.0665958,31.453
1768498839.1688263,43.694
1768498839.2711313,31.651
1768498839.3733568,42.954
1768498839.4755552,32.521
1768498839.583035,41.527
1768498839.6852217,34.495
1768498839.7873912,36.94
1768498839.8896656,37.039
1768498839.9919112,36.053
1768498840.0942507,39.36
1768498840.1964219,34.08
1768498840.2985764,41.33
1768498840.4007,31.552
1768498840.506493,45.511
1768498840.6086707,32.323
1768498840.7108881,43.078
1768498840.813047,33.508
1768498840.9152267,41.157
1768498841.0174844,34.1
1768498841.119659,39.012
1768498841.2218885,36.229
1768498841.3247216,39.087
1768498841.4268749,31.354
1768498841.5316412,45.976
1768498841.633876,31.83
1768498841.7360969,42.512
1768498841.8384433,32.62
1768498841.9406996,42.118
1768498842.0429757,34.199
1768498842.1452298,38.178
1768498842.2474895,35.954
1768498842.3497202,36.447
1768498842.452027,40.05
1768498842.5574932,31.552
1768498842.6596887,44.036
1768498842.7664366,32.916
1768498842.8686771,37.806
1768498842.9720068,35.835
1768498843.0741467,37.039
1768498843.1763687,37.51
1768498843.2820077,36.053
1768498843.384203,43.078
1768498843.4864872,31.749
1768498843.5888052,42.881
1768498843.6911113,33.606
1768498843.7933712,38.003
1768498843.8957126,36.94
1768498843.9979377,35.658
1768498844.1001716,42.684
1768498844.2071657,31.731
1768498844.3093977,42.315
1768498844.411588,33.705
1768498844.5138125,36.447
1768498844.6163206,38.693
1768498844.71867,31.354
1768498844.821009,46.692
1768498844.9232137,32.027
1768498845.0254278,42.413
1768498845.1312156,33.113
1768498845.2335064,40.444
1768498845.3356748,34.179
1768498845.4379566,37.609
1768498845.540723,37.806
1768498845.6429563,31.651
1768498845.7453773,32.225
1768498845.847771,42.512
1768498845.9500022,33.31
1768498846.055532,41.133
1768498846.1578243,34.672
1768498846.2601845,38.299
1768498846.3624973,36.94
1768498846.4646575,34.179
1768498846.5669692,41.995
1768498846.6691785,31.651
1768498846.771433,44.921
1768498846.8736153,32.323
1768498846.976081,42.906
1768498847.0820634,33.113
1768498847.1842084,39.754
1768498847.286356,34.968
1768498847.3899035,37.039
1768498847.492067,38.397
1768498847.594357,31.453
1768498847.6968064,42.118
1768498847.7990897,32.521
1768498847.901311,42.216
1768498848.0070732,33.705
1768498848.1093843,39.383
1768498848.2115426,35.461
1768498848.3139338,31.157
1768498848.4161108,44.036
1768498848.5183625,32.422
1768498848.6206925,30.959
1768498848.7230167,43.937
1768498848.8253794,32.323
1768498848.93197,41.231
1768498849.034224,34.672
1768498849.1364594,37.313
1768498849.2387118,37.905
1768498849.3408952,32.817
1768498849.4432733,46.271
1768498849.5454595,32.323
1768498849.6477334,41.404
1768498849.7500415,33.705
1768498849.856312,39.284
1768498849.95855,36.131
1768498850.0609574,36.349
1768498850.163195,40.345
1768498850.2653613,31.651
1768498850.3674731,32.225
1768498850.4708514,42.684
1768498850.5730307,33.409
1768498850.6751473,39.065
1768498850.781105,35.658
1768498850.88339,36.842
1768498850.9855673,38.397
1768498851.0876956,31.453
1768498851.189883,42.585
1768498851.2921805,31.731
1768498851.3943803,42.29
1768498851.4965777,32.718
1768498851.598909,41.625
1768498851.701132,35.067
1768498851.8071818,35.56
1768498851.9094648,40.148
1768498852.0131743,31.534
1768498852.1154299,45.932
1768498852.2178547,32.027
1768498852.320087,42.487
1768498852.4223406,33.212
1768498852.5246105,40.345
1768498852.6267962,34.791
1768498852.7324321,38.299
1768498852.8346734,36.645
1768498852.936971,36.94
1768498853.039219,38.299
1768498853.141418,34.968
1768498853.2436016,37.138
1768498853.345779,34.869
1768498853.4479182,34.001
1768498853.5501087,33.31
1768498853.6521962,32.62
1768498853.7550097,32.027
1768498853.8570986,33.31
1768498853.9593585,35.56
1768498854.0614233,36.743
1768498854.1635714,36.328
1768498854.2658257,36.645
1768498854.3681598,36.623
1768498854.4703183,36.525
1768498854.5724475,36.525
1768498854.6746433,36.722
1768498854.7768183,36.645
1768498854.8822172,36.743
1768498854.9845192,36.229
1768498855.0867484,36.151
1768498855.1889203,35.954
1768498855.2910707,35.658
1768498855.3931901,33.705
1768498855.496191,31.633
1768498855.5982718,31.633
1768498855.7002966,30.466
1768498855.802415,40.739
1768498855.9092898,35.658
1768498856.0116272,31.256
1768498856.1138425,39.974
1768498856.216176,34.869
1768498856.3183892,36.743
1768498856.4208782,39.482
1768498856.5231059,31.651
1768498856.6252973,44.456
1768498856.7274597,32.521
1768498856.8349786,41.109
1768498856.9371614,33.705
1768498857.0394886,39.876
1768498857.1426249,35.461
1768498857.244925,37.039
1768498857.3470635,38.2
1768498857.449331,31.354
1768498857.5515416,44.823
1768498857.653717,32.422
1768498857.7592444,42.585
1768498857.861524,33.705
1768498857.963736,38.595
1768498858.0661962,35.954
1768498858.1684382,35.856
1768498858.270713,40.542
1768498858.3730114,31.534
1768498858.4751744,46.271
1768498858.5775502,32.126
1768498858.6797814,31.633
1768498858.7842786,45.243
1768498858.8865685,32.225
1768498858.9887543,43.103
1768498859.0910695,33.014
1768498859.193242,41.133
1768498859.295518,34.297
1768498859.3976643,38.693
1768498859.4999027,36.349
1768498859.6020806,35.933
1768498859.7043798,40.345
1768498859.8092709,31.633
1768498859.911547,45.538
1768498860.013785,31.929
1768498860.1159947,41.601
1768498860.218271,40.444
1768498860.3208292,34.376
1768498860.4228952,36.151
1768498860.5249794,39.163
1768498860.6270065,31.435
1768498860.7291334,46.003
1768498860.8353667,31.947
1768498860.9376168,42.192
1768498861.039786,32.817
1768498861.141953,41.724
1768498861.2440994,33.409
1768498861.346303,40.247
1768498861.4488132,35.362
1768498861.5510993,36.94
1768498861.6539283,38.397
1768498861.760036,31.83
1768498861.8622825,42.782
1768498861.9658744,31.633
1768498862.0681183,45.341
1768498862.170374,31.83
1768498862.2725184,46.987
1768498862.374696,31.929
1768498862.4768486,42.093
1768498862.5791512,32.916
1768498862.6846943,39.679
1768498862.7869313,34.869
1768498862.8891993,38.003
1768498862.9914079,36.94
1768498863.0936012,35.461
1768498863.1957552,40.247
1768498863.297933,31.453
1768498863.4000964,43.668
1768498863.502451,31.848
1768498863.604662,42.512
1768498863.710718,33.31
1768498863.812896,39.459
1768498863.9151723,34.869
1768498864.0174794,38.003
1768498864.1197581,37.138
1768498864.221994,35.757
1768498864.3241642,41.133
1768498864.4263828,31.633
1768498864.5286272,42.684
1768498864.6351795,32.718
1768498864.737449,42.216
1768498864.8396003,38.2
1768498864.9430358,35.56
1768498865.045206,36.053
1768498865.1472442,44.062
1768498865.2493892,32.126
1768498865.351437,39.557
1768498865.4535155,35.264
1768498865.5595732,35.56
1768498865.6618555,40.641
1768498865.7640438,31.651
1768498865.8665478,43.767
1768498865.9687388,32.521
1768498866.0708852,42.315
1768498866.1730986,34.396
1768498866.2759156,37.018
1768498866.3783169,39.459
1768498866.4850712,31.651
1768498866.5872967,41.601
1768498866.6895714,33.014
1768498866.791882,40.936
1768498866.8941574,34.771
1768498866.996498,36.743
1768498867.0987654,38.966
1768498867.201042,31.552
1768498867.3033767,37.981
1768498867.4088805,37.039
1768498867.5112412,31.256
1768498867.613438,46.298
1768498867.7156062,32.422
1768498867.817871,41.724
1768498867.9201536,33.902
1768498868.0223148,37.883
1768498868.124578,36.151
1768498868.226781,36.546
1768498868.3290365,43.176
1768498868.43129,31.749
1768498868.5360572,42.979
1768498868.6383817,40.247
1768498868.7407012,31.731
1768498868.8429053,43.004
1768498868.9451108,33.014
1768498869.047394,41.034
1768498869.1496005,34.1
1768498869.2519295,39.087
1768498869.3541543,35.933
1768498869.4564729,35.56
1768498869.5628083,41.034
1768498869.6650088,44.554
1768498869.7688005,32.422
1768498869.8708997,42.019
1768498869.972939,33.31
1768498870.074994,39.754
1768498870.177091,34.968
1768498870.279125,36.919
1768498870.381277,38.299
1768498870.488294,32.027
1768498870.5906174,44.429
1768498870.6930435,31.83
1768498870.795269,41.306
1768498870.8974233,32.817
1768498870.9997323,40.247
1768498871.101937,35.362
1768498871.2042627,37.116
1768498871.307787,37.708
1768498871.4122462,31.337
1768498871.514764,46.03
1768498871.6169453,32.126
1768498871.719632,42.906
1768498871.8219137,33.705
1768498871.9245002,38.496
1768498872.0266933,36.546
1768498872.129246,32.62
1768498872.2314177,44.16
1768498872.3377535,31.929
1768498872.4400558,41.995
1768498872.5423079,33.804
1768498872.644515,38.966
1768498872.7467484,37.51
1768498872.8491461,32.718
1768498872.9514472,44.456
1768498873.0538957,31.947
1768498873.1560607,42.512
1768498873.2625,32.916
1768498873.3647451,40.936
1768498873.4671493,34.771
1768498873.5693405,37.138
1768498873.6716962,38.792
1768498873.7740633,31.453
1768498873.8764083,45.27
1768498873.9786158,32.225
1768498874.080852,42.093
1768498874.1874468,33.113
1768498874.289647,34.199
1768498874.392235,36.743
1768498874.4943516,37.313
1768498874.5966353,32.817
1768498874.6987603,45.511
1768498874.800896,32.027
1768498874.9031818,42.019
1768498875.0053945,33.212
1768498875.1112442,39.459
1768498875.2136233,36.053
1768498875.315988,35.461
1768498875.4183223,40.444
1768498875.5209918,31.651
1768498875.6232011,44.849
1768498875.7253602,32.422
1768498875.8286815,40.912
1768498875.9310644,33.902
1768498876.0365655,39.14
1768498876.1389887,35.067
1768498876.2412786,37.51
1768498876.3434882,38.595
1768498876.4458818,31.354
1768498876.5481012,45.341
1768498876.6502993,31.848
1768498876.7525313,41.896
1768498876.8547592,33.508
1768498876.9573715,39.186
1768498877.061655,37.039
1768498877.1638944,34.258
1768498877.2661965,43.668
1768498877.3684652,31.947
1768498877.4707153,42.315
1768498877.5730338,33.113
1768498877.6753008,39.459
1768498877.777484,36.053
1768498877.8797307,35.954
1768498877.9820006,40.739
1768498878.0875635,31.633
1768498878.1898513,42.979
1768498878.292298,32.62
1768498878.3945708,37.335
1768498878.4969182,38.003
1768498878.5993934,31.552
1768498878.7016234,35.383
1768498878.80392,42.684
1768498878.9061003,32.126
1768498879.0119076,32.916
1768498879.1152291,40.763
1768498879.217344,35.067
1768498879.3194125,36.743
1768498879.4216566,41.034
1768498879.5238183,31.651
1768498879.6259594,42.782
1768498879.728231,34.199
1768498879.8303473,36.898
1768498879.9324732,38.595
1768498880.0379336,31.651
1768498880.1402571,44.724
1768498880.2425427,32.521
1768498880.3453922,42.709
1768498880.4476333,33.902
1768498880.5500205,37.51
1768498880.6526089,39.557
1768498880.7548337,31.651
1768498880.8571427,43.471
1768498880.9621506,32.916
1768498881.0644364,41.33
1768498881.166626,34.475
1768498881.2688813,37.039
1768498881.371082,38.868
1768498881.4735763,31.453
1768498881.5758011,44.036
1768498881.6780407,32.62
1768498881.780292,40.42
1768498881.882531,34.08
1768498881.9874115,37.806
1768498882.0898354,38.003
1768498882.1922724,31.435
1768498882.2945178,44.948
1768498882.3969152,31.929
1768498882.4991314,42.388
1768498882.6015017,32.817
1768498882.7037525,41.01
1768498882.805947,33.883
1768498882.912155,38.299
1768498883.0144513,36.546
1768498883.1167724,39.632
1768498883.2189705,37.434
1768498883.3211184,35.461
1768498883.423355,35.264
1768498883.5255322,32.916
1768498883.6276977,35.362
1768498883.7297957,37.116
1768498883.8336992,35.56
1768498883.9358847,33.212
1768498884.0380993,32.126
1768498884.140181,31.731
1768498884.2421987,34.771
1768498884.3442695,35.56
1768498884.4463265,35.264
1768498884.5484817,35.56
1768498884.6505346,35.56
1768498884.7527506,35.461
1768498884.857362,33.113
1768498884.9597502,31.749
1768498885.0619998,31.83
1768498885.1649387,32.126
1768498885.2673361,32.817
1768498885.3711944,33.31
1768498885.473454,34.475
1768498885.575694,35.56
1768498885.6779988,35.264
1768498885.7821584,39.459
1768498885.884417,32.126
1768498885.986656,37.313
1768498886.0889256,41.207
1768498886.1911676,33.212
1768498886.2933729,37.927
1768498886.395607,38.792
1768498886.4978793,31.453
1768498886.6000588,45.511
1768498886.7022727,32.422
1768498886.804434,41.231
1768498886.9095905,33.705
1768498887.011792,38.792
1768498887.1140168,36.349
1768498887.2162125,35.954
1768498887.318429,40.247
1768498887.4206629,31.651
1768498887.522929,45.118
1768498887.6252089,32.422
1768498887.7274454,42.29
1768498887.8297567,33.705
1768498887.9351792,39.36
1768498888.0373752,35.362
1768498888.1397114,37.434
1768498888.2419312,38.003
1768498888.3442109,31.453
1768498888.4464376,44.482
1768498888.5487032,31.929
1768498888.6513596,35.481
1768498888.7538989,40.936
1768498888.8595426,42.487
1768498888.9627562,32.916
1768498889.0648155,40.641
1768498889.166897,34.376
1768498889.2689574,37.609
1768498889.3711288,37.116
1768498889.4732137,35.835
1768498889.5752952,41.527
1768498889.6774862,32.126
1768498889.7801826,42.585
1768498889.8863385,33.113
1768498889.988563,39.876
1768498890.0907905,35.461
1768498890.1938782,36.701
1768498890.2960796,38.102
1768498890.3982453,34.869
1768498890.5004454,43.642
1768498890.6027565,32.323
1768498890.7049408,43.103
1768498890.8105593,33.113
1768498890.9129078,37.412
1768498891.0151553,45.61
1768498891.1174295,32.422
1768498891.2197216,36.799
1768498891.321985,39.679
1768498891.4241998,31.651
1768498891.526509,42.979
1768498891.628692,35.362
1768498891.7309716,35.56
1768498891.836437,40.838
1768498891.9386714,31.731
1768498892.0410028,46.2
1768498892.1433547,32.126
1768498892.2457032,42.684
1768498892.347995,32.817
1768498892.4501538,41.428
1768498892.5524507,34.376
1768498892.6546192,36.919
1768498892.756847,37.828
1768498892.8632884,31.552
1768498892.9655836,45.708
1768498893.0677304,32.225
1768498893.169969,42.487
1768498893.2721682,32.817
1768498893.374418,40.026
1768498893.4766307,34.001
1768498893.5789351,38.003
1768498893.6813097,36.349
1768498893.7876549,40.223
1768498893.8905537,31.848
1768498893.9926467,46.102
1768498894.094735,32.225
1768498894.196765,42.709
1768498894.2988784,33.014
1768498894.4010959,39.951
1768498894.5032191,35.658
1768498894.6057835,36.349
1768498894.7078867,39.58
1768498894.8145971,31.633
1768498894.9169443,44.456
1768498895.020513,32.126
1768498895.1228426,42.782
1768498895.2252078,32.817
1768498895.3275356,38.496
1768498895.4297023,36.053
1768498895.5320399,31.435
1768498895.638272,44.456
1768498895.7406244,32.126
1768498895.8429043,42.413
1768498895.945267,32.817
1768498896.0475738,41.896
1768498896.149743,33.883
1768498896.2519386,38.277
1768498896.3541808,36.25
1768498896.456387,35.757
1768498896.5586395,40.641
1768498896.6646407,31.552
1768498896.7668784,47.184
1768498896.8690548,32.225
1768498896.9713109,44.062
1768498897.0734205,32.422
1768498897.1757877,42.388
1768498897.2779932,32.916
1768498897.380206,43.373
1768498897.482436,33.113
1768498897.588056,38.124
1768498897.6903152,37.806
1768498897.79252,31.534
1768498897.8948035,45.413
1768498897.9970086,32.323
1768498898.0993092,41.503
1768498898.201521,34.001
1768498898.3037357,36.151
1768498898.405895,39.065
1768498898.5081735,42.118
1768498898.6158257,37.729
1768498898.7181406,31.552
1768498898.82037,45.61
1768498898.9225214,32.422
1768498899.024889,42.29
1768498899.1272657,33.409
1768498899.2295678,40.148
1768498899.331763,35.56
1768498899.4387488,36.623
1768498899.5409937,39.853
1768498899.6431594,31.633
1768498899.74542,46.397
1768498899.84762,32.323
1768498899.9507496,43.176
1768498900.0529873,33.606
1768498900.1554213,31.157
1768498900.2577212,45.341
1768498900.3623974,32.817
1768498900.4647846,38.474
1768498900.5670633,38.792
1768498900.6693032,31.552
1768498900.7714894,45.806
1768498900.8737628,32.323
1768498900.9760175,42.438
1768498901.078512,34.297
1768498901.1810973,36.82
1768498901.2875602,42.61
1768498901.389811,31.731
1768498901.492213,42.881
1768498901.594466,33.705
1768498901.6968102,35.757
1768498901.799034,41.428
1768498901.901297,31.552
1768498902.0036113,45.637
1768498902.1057882,31.929
1768498902.211621,43.989
1768498902.3137667,32.62
1768498902.4159162,43.595
1768498902.5181274,33.113
1768498902.6203768,39.656
1768498902.7226655,35.757
1768498902.8250542,35.58
1768498902.9273791,39.58
1768498903.0296788,44.357
1768498903.1328402,31.929
1768498903.2371547,43.57
1768498903.3393831,32.916
1768498903.4415765,41.034
1768498903.5437942,34.968
1768498903.6461887,36.645
1768498903.7484663,40.345
1768498903.850896,31.749
1768498903.9531858,42.413
1768498904.0555162,33.31
1768498904.1579163,39.974
1768498904.2636313,36.919
1768498904.366079,34.495
1768498904.468719,44.285
1768498904.5711107,32.521
1768498904.6733665,39.36
1768498904.7755668,35.757
1768498904.8777359,36.546
1768498904.9801176,40.073
1768498905.0823321,31.651
1768498905.188888,44.724
1768498905.2912133,32.422
1768498905.3934367,42.019
1768498905.4958835,34.297
1768498905.598337,37.116
1768498905.7007012,38.693
1768498905.8029895,31.453
1768498905.9053838,46.074
1768498906.0075574,32.225
1768498906.1136549,42.61
1768498906.2157934,33.606
1768498906.3180048,39.186
1768498906.420172,35.165
1768498906.5223663,36.426
1768498906.6245534,40.664
1768498906.7268357,31.633
1768498906.8291893,42.388
1768498906.93154,33.212
1768498907.0377574,38.989
1768498907.1401799,35.56
1768498907.2425492,35.835
1768498907.344962,42.709
1768498907.4472845,31.848
1768498907.5495617,43.103
1768498907.651966,33.212
1768498907.7542503,37.138
1768498907.8568115,35.954
1768498907.9624813,43.767
1768498908.0647702,31.848
1768498908.167001,44.456
1768498908.269192,35.264
1768498908.3714628,36.447
1768498908.4736602,40.369
1768498908.5760427,33.409
1768498908.6785355,35.461
1768498908.7809122,44.456
1768498908.8865476,32.046
1768498908.9899733,42.709
1768498909.092159,33.489
1768498909.194377,37.828
1768498909.2970262,37.51
1768498909.3992624,33.489
1768498909.501603,45.073
1768498909.6038246,32.323
1768498909.706094,39.383
1768498909.8130233,36.229
1768498909.915218,35.933
1768498910.0174136,40.148
1768498910.1196308,31.552
1768498910.2219028,43.694
1768498910.324171,31.83
1768498910.426399,44.062
1768498910.5286276,32.62
1768498910.630878,40.467
1768498910.7365217,35.284
1768498910.8387852,36.94
1768498910.941057,38.989
1768498911.043307,33.291
1768498911.1456141,42.782
1768498911.2479668,31.848
1768498911.350298,42.881
1768498911.4525938,32.916
1768498911.5549338,37.905
1768498911.6571686,37.927
1768498911.7632651,31.929
1768498911.865543,42.413
1768498911.9678886,33.212
1768498912.0700753,41.231
1768498912.1723118,34.475
1768498912.2745245,38.966
1768498912.376838,34.771
1768498912.4801698,45.341
1768498912.5823338,32.225
1768498912.6877875,42.315
1768498912.790297,34.001
1768498912.8926752,37.905
1768498912.9948952,36.919
1768498913.0971239,35.638
1768498913.1993837,32.817
1768498913.3018951,36.25
1768498913.4040363,37.039
1768498913.5064363,36.94
1768498913.6097636,36.919
1768498913.7132945,36.94
1768498913.8155932,37.039
1768498913.9179032,35.954
1768498914.0201664,34.791
1768498914.122486,34.1
1768498914.224799,33.31
1768498914.3270457,32.62
1768498914.4292517,32.126
1768498914.5313816,31.848
1768498914.6353319,31.929
1768498914.7377121,32.521
1768498914.839941,35.856
1768498914.9421232,37.412
1768498915.0443587,36.546
1768498915.1465192,36.447
1768498915.2488441,36.546
1768498915.3511243,36.349
1768498915.4534605,35.362
1768498915.5556738,31.651
1768498915.6579714,32.422
1768498915.7677104,33.212
1768498915.872058,30.861
1768498915.9743555,34.376
1768498916.0765963,31.157
1768498916.178828,39.951
1768498916.2810977,35.461
1768498916.38683,31.354
1768498916.4890943,41.428
1768498916.5912952,33.508
1768498916.693524,36.645
1768498916.7958367,39.679
1768498916.8982043,44.062
1768498917.0016496,32.422
1768498917.1038492,41.207
1768498917.2059252,34.08
1768498917.3116696,37.905
1768498917.4139287,39.186
1768498917.516596,31.552
1768498917.618921,43.865
1768498917.721067,32.718
1768498917.8233745,41.822
1768498917.925541,34.278
1768498918.0278747,37.905
1768498918.1312575,36.645
1768498918.2369812,31.354
1768498918.3395088,45.44
1768498918.4417405,32.046
1768498918.5444002,38.989
1768498918.6481714,41.428
1768498918.7504315,31.83
1768498918.8526957,41.995
1768498918.954994,33.113
1768498919.062123,39.459
1768498919.1643176,36.053
1768498919.2666504,36.328
1768498919.3689716,40.763
1768498919.471178,31.731
1768498919.573491,41.601
1768498919.6757245,33.409
1768498919.7779863,38.277
1768498919.8803313,37.138
1768498919.986892,31.354
1768498920.0893502,46.129
1768498920.1915848,32.323
1768498920.293792,41.601
1768498920.3961525,34.199
1768498920.49839,38.003
1768498920.6005933,36.743
1768498920.702944,34.179
1768498920.805161,41.503
1768498920.9113708,31.848
1768498921.0136979,42.782
1768498921.116095,33.014
1768498921.2183816,39.163
1768498921.3207262,36.722
1768498921.4236982,38.792
1768498921.525888,31.552
1768498921.6282427,44.036
1768498921.7303429,33.014
1768498921.8351166,40.345
1768498921.9381056,34.869
1768498922.040352,37.095
1768498922.1425936,38.025
1768498922.2449503,34.396
1768498922.350914,41.404
1768498922.4531245,31.848
1768498922.55644,41.798
1768498922.6626232,33.508
1768498922.765225,38.2
1768498922.8674924,38.2
1768498922.9697785,31.552
1768498923.0722218,44.062
1768498923.1744778,33.014
1768498923.276699,39.951
1768498923.3789356,36.447
1768498923.4858792,35.56
1768498923.5884163,44.429
1768498923.6906412,33.014
1768498923.7930007,39.777
1768498923.89544,36.349
1768498923.9977572,36.032
1768498924.1001945,42.216
1768498924.202449,31.731
1768498924.3047445,42.192
1768498924.4106517,32.718
1768498924.5130408,41.034
1768498924.6153164,34.593
1768498924.7175493,37.039
1768498924.8199441,40.148
1768498924.9221816,31.749
1768498925.0243943,42.782
1768498925.1267595,33.212
1768498925.2289894,39.065
1768498925.3359537,37.905
1768498925.4381814,31.651
1768498925.5404775,44.528
1768498925.6427138,32.817
1768498925.7450473,34.376
1768498925.8472216,38.792
1768498925.9493403,36.074
1768498926.051503,37.215
1768498926.1536236,37.905
1768498926.255753,35.362
1768498926.3610637,40.936
1768498926.4632788,31.848
1768498926.565459,45.413
1768498926.6677136,32.718
1768498926.7698777,40.664
1768498926.8722408,35.165
1768498926.9748366,36.426
1768498927.0772176,41.33
1768498927.1794114,31.83
1768498927.2861362,44.626
1768498927.3884149,32.62
1768498927.4906712,42.512
1768498927.5929818,35.757
1768498927.6953883,35.954
1768498927.7976449,42.241
1768498927.899888,31.83
1768498928.0022001,42.906
1768498928.1044347,32.916
1768498928.2095935,39.951
1768498928.3119168,38.595
1768498928.4141557,34.1
1768498928.516343,46.2
1768498928.6187034,36.349
1768498928.7210057,31.633
1768498928.8232403,45.216
1768498928.9255242,32.817
1768498929.0277498,41.503
1768498929.1299994,34.475
1768498929.2361338,36.919
1768498929.338322,38.595
1768498929.4404945,31.749
1768498929.542789,44.698
1768498929.6450365,32.126
1768498929.7472885,41.109
1768498929.8495452,33.784
1768498929.9517395,40.467
1768498930.0540185,35.461
1768498930.1589298,37.095
1768498930.2611322,39.163
1768498930.3633633,33.014
1768498930.4657023,32.144
1768498930.5691645,42.782
1768498930.6712437,33.508
1768498930.7733624,39.186
1768498930.875548,36.743
1768498930.97762,36.131
1768498931.0796618,41.822
1768498931.186339,31.848
1768498931.288536,45.118
1768498931.3907022,32.422
1768498931.4928863,41.921
1768498931.596479,34.396
1768498931.6986895,37.905
1768498931.8009083,37.215
1768498931.9031897,33.587
1768498932.0101585,44.456
1768498932.1123767,32.323
1768498932.2146068,42.315
1768498932.316766,34.692
1768498932.4189847,38.595
1768498932.5212066,38.102
1768498932.623424,34.869
1768498932.7256563,44.921
1768498932.8278573,32.027
1768498932.9345763,43.3
1768498933.0368447,33.113
1768498933.1391258,38.769
1768498933.2414436,37.51
1768498933.343684,32.225
1768498933.4459956,43.373
1768498933.548362,33.606
1768498933.650562,38.397
1768498933.7528367,36.546
1768498933.8598797,31.453
1768498933.9621868,44.849
1768498934.0645707,32.817
1768498934.166832,38.595
1768498934.2690804,37.412
1768498934.3713856,31.651
1768498934.4739895,46.664
1768498934.5762231,32.422
1768498934.6785333,41.157
1768498934.784277,34.692
1768498934.886604,36.151
1768498934.9890106,31.749
1768498935.0920596,43.937
1768498935.1944878,32.521
1768498935.2966342,41.034
1768498935.398756,34.791
1768498935.5008504,37.018
1768498935.603487,39.656
1768498935.7103038,31.947
1768498935.8170593,43.15
1768498935.9192836,32.916
1768498936.0216134,40.172
1768498936.1243408,35.264
1768498936.2265592,36.151
1768498936.3287604,42.019
1768498936.4346755,31.83
1768498936.537059,43.201
1768498936.639639,33.508
1768498936.7418756,40.05
1768498936.8443818,35.856
1768498936.946712,36.94
1768498937.049294,39.482
1768498937.151553,31.651
1768498937.254097,46.987
1768498937.3584738,32.62
1768498937.4607828,41.306
1768498937.5629492,34.495
1768498937.6651711,37.236
1768498937.76743,38.89
1768498937.869791,31.453
1768498937.9720337,47.155
1768498938.074307,32.225
1768498938.1765883,43.274
1768498938.2787807,33.705
1768498938.3850281,35.757
1768498938.4871702,40.148
1768498938.5894074,31.848
1768498938.691733,35.835
1768498938.79406,42.782
1768498938.8961954,32.144
1768498938.998397,42.512
1768498939.1005535,33.508
1768498939.2028394,36.743
1768498939.3103974,39.777
1768498939.4126694,46.888
1768498939.515473,32.718
1768498939.6175833,40.369
1768498939.7196565,35.185
1768498939.8216622,38.003
1768498939.9237647,39.186
1768498940.026352,33.31
1768498940.1284661,43.865
1768498940.2358108,32.027
1768498940.3388867,42.906
1768498940.4411032,32.916
1768498940.543362,41.133
1768498940.6455517,34.869
1768498940.7477496,37.806
1768498940.8500857,42.216
1768498940.9523132,32.441
1768498941.059549,42.29
1768498941.1617286,33.31
1768498941.2640128,39.853
1768498941.3663049,35.856
1768498941.46851,36.151
1768498941.5707927,40.838
1768498941.673,31.947
1768498941.7753122,43.078
1768498941.8775358,32.916
1768498941.9838758,40.664
1768498942.0861127,35.461
1768498942.188436,36.919
1768498942.290855,41.33
1768498942.3931346,31.749
1768498942.4954374,43.3
1768498942.5976164,33.31
1768498942.699918,38.299
1768498942.8021133,37.236
1768498942.9092984,31.453
1768498943.0115762,46.79
1768498943.1139882,32.422
1768498943.216228,42.684
1768498943.3185432,34.001
1768498943.4209461,38.178
1768498943.5232904,37.039
1768498943.625552,36.82
1768498943.72775,34.869
1768498943.8313172,33.902
1768498943.9335349,33.606
1768498944.035981,32.521
1768498944.1381364,32.126
1768498944.2402735,32.225
1768498944.3424284,32.027
1768498944.4445162,31.947
1768498944.5467737,34.889
1768498944.648957,36.546
1768498944.7514305,36.919
1768498944.86461,35.56
1768498944.9671633,35.165
1768498945.0695066,33.784
1768498945.1717494,31.749
1768498945.274079,31.947
1768498945.376535,32.225
1768498945.4827328,33.113
1768498945.585085,33.606
1768498945.687342,34.692
1768498945.789657,35.56
1768498945.892029,36.546
1768498945.9942665,35.658
1768498946.0966635,31.552
1768498946.1989553,34.495
1768498946.3013031,41.527
1768498946.403589,35.954
1768498946.5109181,31.453
1768498946.6131673,41.428
1768498946.7154522,34.869
1768498946.8177493,36.743
1768498946.920227,42.906
1768498947.0225139,31.929
1768498947.1249063,41.896
1768498947.227228,34.1
1768498947.3295527,37.039
1768498947.4352207,39.087
1768498947.5376227,31.749
1768498947.6398997,42.29
1768498947.7422166,34.1
1768498947.8444295,37.806
1768498947.94678,37.631
1768498948.0490043,31.534
1768498948.1512768,46.621
1768498948.2537124,32.422
1768498948.3602211,34.396
1768498948.4630723,36.25
1768498948.565178,36.645
1768498948.6673815,38.003
1768498948.7694497,31.552
1768498948.8720515,46.003
1768498948.9742675,32.521
1768498949.0764961,42.512
1768498949.1787922,34.396
1768498949.2847724,37.018
1768498949.3870018,38.966
1768498949.4946644,31.848
1768498949.5969772,46.129
1768498949.6992233,32.718
1768498949.8014448,40.518
1768498949.904113,34.376
1768498950.0097418,38.321
1768498950.111981,37.215
1768498950.2141948,33.31
1768498950.316386,42.512
1768498950.4186277,31.929
1768498950.5208402,44.626
1768498950.623248,32.817
1768498950.7257085,38.966
1768498950.8281093,36.842
1768498950.934975,33.489
1768498951.0374188,42.709
1768498951.139622,31.947
1768498951.241879,46.298
1768498951.3443582,32.521
1768498951.4466038,43.3
1768498951.5488782,33.902
1768498951.6511266,38.989
1768498951.7534082,37.335
1768498951.8595703,33.982
1768498951.9618475,41.995
1768498952.0640752,31.929
1768498952.1663225,42.684
1768498952.2685401,33.409
1768498952.370909,38.003
1768498952.4732628,36.82
1768498952.575536,33.014
1768498952.6778169,43.004
1768498952.7839184,43.176
1768498952.8864584,33.606
1768498952.9885418,39.284
1768498953.0906417,35.165
1768498953.1927269,38.025
1768498953.2949085,37.335
1768498953.3970735,35.954
1768498953.4994078,43.398
1768498953.6015751,32.323
1768498953.7038305,41.625
1768498953.8092425,34.889
1768498953.912683,37.215
1768498954.0149174,38.595
1768498954.117212,33.686
1768498954.2195382,42.906
1768498954.3217363,32.225
1768498954.4239724,42.093
1768498954.526301,33.113
1768498954.6286106,40.739
1768498954.735293,35.757
1768498954.837677,37.116
1768498954.9398165,37.609
1768498955.0420694,36.229
1768498955.1442943,40.247
1768498955.2465777,31.848
1768498955.3488867,43.642
1768498955.4512143,31.929
1768498955.5535436,44.062
1768498955.6599724,32.718
1768498955.762172,41.921
1768498955.8644025,34.199
1768498955.9666276,38.693
1768498956.068921,36.053
1768498956.171161,36.349
1768498956.2733686,38.989
1768498956.3755317,32.62
1768498956.4779093,42.216
1768498956.5801854,32.323
1768498956.6857433,42.487
1768498956.787967,34.08
1768498956.8902395,37.138
1768498956.992554,38.102
1768498957.0947304,35.244
1768498957.1969254,41.724
1768498957.2991111,32.027
1768498957.4013913,44.036
1768498957.5036237,32.718
1768498957.605908,41.207
1768498957.7128515,31.552
1768498957.815003,45.467
1768498957.9173121,32.323
1768498958.0194845,42.979
1768498958.121797,33.113
1768498958.2238946,38.792
1768498958.326534,36.546
1768498958.4286635,35.658
1768498958.5351372,44.357
1768498958.6406476,34.672
1768498958.7428246,35.736
1768498958.8451192,41.428
1768498958.947359,31.947
1768498959.0496242,45.806
1768498959.151978,32.422
1768498959.2541838,42.512
1768498959.3563673,33.113
1768498959.4585288,39.853
1768498959.560744,34.593
1768498959.6662693,36.074
1768498959.7685692,39.754
1768498959.8707857,31.749
1768498959.973039,45.637
1768498960.0752726,32.422
1768498960.1775997,42.216
1768498960.2798965,33.508
1768498960.3821306,39.012
1768498960.484351,36.546
1768498960.5866895,35.56
1768498960.6916213,44.429
1768498960.7939727,32.521
1768498960.8961818,41.503
1768498960.9984446,34.08
1768498961.1006951,37.532
1768498961.202977,39.186
1768498961.3053136,31.651
1768498961.4075387,45.046
1768498961.5101438,32.916
1768498961.6123512,37.587
1768498961.7175815,39.557
1768498961.819805,31.929
1768498961.9221566,43.176
1768498962.0244641,33.014
1768498962.1268723,37.905
1768498962.2291496,38.102
1768498962.331347,31.731
1768498962.4335463,45.905
1768498962.5357497,32.916
1768498962.63794,37.236
1768498962.7461064,31.651
1768498962.8483543,46.03
1768498962.9505122,32.521
1768498963.0527728,41.503
1768498963.1554196,34.297
1768498963.2576003,37.313
1768498963.359823,37.412
1768498963.4625082,34.573
1768498963.569472,42.807
1768498963.6719804,32.027
1768498963.774154,42.29
1768498963.8766625,33.409
1768498963.978875,39.459
1768498964.0813875,35.658
1768498964.1835642,37.116
1768498964.286037,39.186
1768498964.3882947,31.83
1768498964.494499,44.456
1768498964.5967834,32.225
1768498964.6991165,42.684
1768498964.8015075,33.212
1768498964.903847,40.641
1768498965.0061147,34.278
1768498965.1083844,31.552
1768498965.210526,42.684
1768498965.3126957,33.508
1768498965.4191825,39.928
1768498965.521392,34.672
1768498965.6235528,38.08
1768498965.725784,37.729
1768498965.82797,36.25
1768498965.9301348,39.754
1768498966.032403,33.409
1768498966.134658,43.004
1768498966.236853,31.929
1768498966.3391283,43.57
1768498966.4445632,32.62
1768498966.5468094,42.29
1768498966.6489868,33.508
1768498966.7512746,38.178
1768498966.853468,37.313
1768498966.9557173,36.151
1768498967.0579355,42.118
1768498967.1602538,31.929
1768498967.2625494,32.62
1768498967.3700387,42.487
1768498967.4722347,33.902
1768498967.5744123,39.262
1768498967.676564,37.609
1768498967.7787573,31.552
1768498967.881377,45.315
1768498967.9847078,32.225
1768498968.086878,42.315
1768498968.1944933,33.705
1768498968.2968407,35.362
1768498968.3993955,46.692
1768498968.501845,32.521
1768498968.604095,31.058
1768498968.7064195,42.388
1768498968.808693,33.606
1768498968.9109476,36.919
1768498969.0181735,40.247
1768498969.1209087,31.731
1768498969.223228,42.487
1768498969.3254619,33.409
1768498969.4279609,38.178
1768498969.5302436,38.89
1768498969.6324685,31.651
1768498969.7347689,42.782
1768498969.8372061,33.113
1768498969.9426384,39.262
1768498970.044834,36.447
1768498970.1471288,35.757
1768498970.2494314,43.57
1768498970.3516538,32.126
1768498970.454042,42.093
1768498970.556324,34.297
1768498970.6586978,37.138
1768498970.7609248,40.739
1768498970.867521,31.731
1768498970.9699163,45.905
1768498971.0722778,32.521
1768498971.174467,43.103
1768498971.2767022,33.804
1768498971.3789394,38.989
1768498971.4812417,36.525
1768498971.5834665,42.192
1768498971.685841,31.83
1768498971.7914565,45.806
1768498971.8939106,32.521
1768498971.9967775,43.424
1768498972.0989938,33.804
1768498972.2012944,39.974
1768498972.3048077,35.165
1768498972.407081,37.806
1768498972.509335,37.51
1768498972.6155612,31.534
1768498972.7178843,44.134
1768498972.820165,32.62
1768498972.9224083,41.601
1768498973.02469,34.001
1768498973.1269324,40.073
1768498973.2291205,35.362
1768498973.331357,36.842
1768498973.4335077,38.518
1768498973.5357466,32.817
1768498973.64167,44.652
1768498973.7440841,32.62
1768498973.8464289,34.672
1768498973.9485872,37.236
1768498974.0507195,35.757
1768498974.152809,34.297
1768498974.255014,33.705
1768498974.3571775,34.475
1768498974.4593518,33.409
1768498974.5646625,33.212
1768498974.666833,32.916
1768498974.7691226,32.817
1768498974.871268,32.62
1768498974.9734662,32.225
1768498975.0755646,32.027
1768498975.1777751,31.83
1768498975.2800045,32.126
1768498975.3823712,34.771
1768498975.484746,35.461
1768498975.5877604,35.264
1768498975.690001,34.1
1768498975.7922072,31.83
1768498975.8945408,31.929
1768498975.996813,32.126
1768498976.0991051,32.323
1768498976.2013056,32.521
1768498976.3036463,32.62
1768498976.4058633,38.572
1768498976.508324,41.625
1768498976.6106253,32.126
1768498976.7153945,40.739
1768498976.8179095,34.692
1768498976.920108,37.981
1768498977.0222566,38.102
1768498977.124563,32.521
1768498977.228011,46.271
1768498977.3302045,32.422
1768498977.4324706,42.388
1768498977.5347471,33.804
1768498977.6405754,39.383
1768498977.742797,37.215
1768498977.8450286,36.151
1768498977.9472175,40.739
1768498978.0495617,31.749
1768498978.1517744,45.216
1768498978.2540822,32.027
1768498978.356389,42.413
1768498978.4586139,34.297
1768498978.5608752,31.256
1768498978.6671524,41.921
1768498978.7693183,35.165
1768498978.8717024,36.898
1768498978.9739065,38.496
1768498979.0761838,31.651
1768498979.17842,46.987
1768498979.280732,32.323
1768498979.3828504,43.201
1768498979.4851131,33.31
1768498979.5873652,39.186
1768498979.69201,37.434
1768498979.7942693,31.731
1768498979.896464,44.528
1768498979.998705,32.718
1768498980.1009963,39.262
1768498980.2032626,36.94
1768498980.305475,31.534
1768498980.4077508,45.932
1768498980.5099874,32.62
1768498980.612126,39.656
1768498980.7189584,35.461
1768498980.8211453,36.053
1768498980.9233878,43.865
1768498981.0256264,32.225
1768498981.1278136,43.004
1768498981.2301517,41.822
1768498981.3339155,34.495
1768498981.4365404,38.2
1768498981.542582,37.215
1768498981.644896,35.165
1768498981.7476118,42.881
1768498981.8511198,32.521
1768498981.9534,41.822
1768498982.0557013,34.771
1768498982.157891,37.018
1768498982.2601087,42.388
1768498982.362304,32.126
1768498982.4678802,42.388
1768498982.5700836,33.212
1768498982.6722755,40.148
1768498982.77447,36.82
1768498982.8767104,33.804
1768498982.9789305,43.767
1768498983.0811157,32.126
1768498983.1833315,43.274
1768498983.2855365,32.916
1768498983.3879168,41.33
1768498983.493041,34.889
1768498983.5952573,38.321
1768498983.6974545,37.215
1768498983.7997456,33.489
1768498983.9020066,43.15
1768498984.0042596,32.027
1768498984.1064441,45.118
1768498984.2087424,32.422
1768498984.311036,41.921
1768498984.4132187,34.495
1768498984.5197215,38.2
1768498984.621911,36.94
1768498984.724202,35.856
1768498984.8265285,42.019
1768498984.9287105,31.929
1768498985.0310025,44.062
1768498985.1331923,32.62
1768498985.2355766,42.61
1768498985.3379316,34.179
1768498985.4434793,36.645
1768498985.5456743,40.936
1768498985.6483402,31.83
1768498985.7505882,43.078
1768498985.8527534,34.297
1768498985.9549217,38.397
1768498986.0585494,35.658
1768498986.160824,42.315
1768498986.2630785,31.929
1768498986.3692667,42.782
1768498986.4718456,33.508
1768498986.5741575,40.247
1768498986.6763597,35.658
1768498986.7795548,36.546
1768498986.88182,41.428
1768498986.9840107,31.929
1768498987.0862854,45.091
1768498987.1885247,32.521
1768498987.2944124,42.61
1768498987.3965416,34.297
1768498987.498927,37.51
1768498987.601131,37.806
1768498987.7033541,31.749
1768498987.8055131,45.806
1768498987.9077964,32.225
1768498988.0101743,42.61
1768498988.112406,33.212
1768498988.2145576,40.345
1768498988.3193,36.919
1768498988.4215012,34.199
1768498988.5236533,46.424
1768498988.6259334,36.743
1768498988.7282407,31.651
1768498988.8304014,42.192
1768498988.9326477,33.014
1768498989.0348547,40.444
1768498989.137113,34.771
1768498989.2395184,38.397
1768498989.345196,38.003
1768498989.4474313,31.651
1768498989.549754,46.692
1768498989.6520815,32.422
1768498989.7544458,40.641
1768498989.8566713,35.56
1768498989.9589744,37.215
1768498990.061325,39.383
1768498990.163673,31.731
1768498990.2705176,47.113
1768498990.3727562,32.521
1768498990.4750717,39.656
1768498990.5774336,36.229
1768498990.6796508,47.184
1768498990.7831547,33.014
1768498990.885375,39.679
1768498990.9874568,36.25
1768498991.0895839,35.954
1768498991.1917374,42.192
1768498991.2982318,32.422
1768498991.4005706,40.936
1768498991.5029573,36.645
1768498991.6063583,31.651
1768498991.7085829,46.888
1768498991.810976,32.817
1768498991.9132347,41.231
1768498992.0156302,34.672
1768498992.1217241,37.313
1768498992.2240906,40.247
1768498992.3264325,32.62
1768498992.4286711,40.172
1768498992.5309258,36.25
1768498992.6331813,35.757
1768498992.7354212,42.979
1768498992.8376925,32.126
1768498992.939934,42.29
1768498993.0422447,33.212
1768498993.14735,40.148
1768498993.2496774,35.56
1768498993.3520873,35.954
1768498993.454395,42.192
1768498993.5566041,32.126
1768498993.6588073,42.906
1768498993.7611182,32.916
1768498993.8633842,41.133
1768498993.9657114,34.573
1768498994.0729263,37.313
1768498994.1753457,38.102
1768498994.2775598,31.633
1768498994.3798711,44.036
1768498994.4821951,32.62
1768498994.5845454,41.133
1768498994.686997,34.968
1768498994.7892969,35.56
1768498994.8915164,43.103
1768498994.99764,32.027
1768498995.1000042,42.979
1768498995.202216,33.212
1768498995.304571,35.461
1768498995.4077682,37.215
1768498995.5098822,38.693
1768498995.6120956,31.749
1768498995.7147188,44.652
1768498995.816928,33.212
1768498995.922365,36.82
1768498996.0246737,39.284
1768498996.1274414,32.126
1768498996.2302508,38.496
1768498996.3325658,38.299
1768498996.4350936,31.749
1768498996.537348,45.779
1768498996.6402192,32.62
1768498996.742459,40.641
1768498996.849701,35.856
1768498996.951884,37.116
1768498997.0541234,40.172
1768498997.1563554,31.83
1768498997.2588468,44.062
1768498997.3611517,32.817
1768498997.4639137,41.847
1768498997.5663278,34.968
1768498997.6739562,36.743
1768498997.776227,40.247
1768498997.8784997,31.848
1768498997.980745,45.118
1768498998.082946,32.521
1768498998.1852486,42.782
1768498998.2874978,33.606
1768498998.389735,37.215
1768498998.4919043,37.51
1768498998.5983126,31.633
1768498998.70052,35.954
1768498998.802721,44.357
1768498998.9051354,32.126
1768498999.0074098,43.176
1768498999.1097775,33.606
1768498999.2120054,38.989
1768498999.3142323,36.546
1768498999.416472,31.731
1768498999.5229821,43.078
1768498999.6253197,32.225
1768498999.7275198,33.212
1768498999.8308108,39.754
1768498999.9329975,35.264
1768499000.0352435,38.102
1768499000.137953,38.102
1768499000.240029,33.39
1768499000.3421571,42.906
1768499000.4492483,31.929
1768499000.5514593,42.709
1768499000.6536794,33.113
1768499000.7558823,38.496
1768499000.8581936,36.447
1768499000.9604719,36.032
1768499001.0627131,40.936
1768499001.1648796,31.929
1768499001.267147,47.254
1768499001.3725166,32.422
1768499001.4749172,41.995
1768499001.5771153,34.1
1768499001.679545,37.412
1768499001.7817547,39.58
1768499001.8839955,31.749
1768499001.9863236,43.004
1768499002.088515,34.278
1768499002.1909518,37.51
1768499002.2968798,38.496
1768499002.3991323,31.731
1768499002.5013928,44.849
1768499002.6036546,32.916
1768499002.7058945,41.428
1768499002.8080986,35.264
1768499002.9103444,36.546
1768499003.01265,43.694
1768499003.114884,32.422
1768499003.217054,40.542
1768499003.323242,36.229
1768499003.4254165,31.749
1768499003.5277503,42.782
1768499003.6300151,36.919
1768499003.7322538,31.929
1768499003.83448,42.512
1768499003.9367778,38.397
1768499004.0391216,32.718
1768499004.1413794,31.749
1768499004.243641,32.718
1768499004.3469512,35.165
1768499004.4494011,33.31
1768499004.551706,32.521
1768499004.6538932,35.757
1768499004.7565742,35.757
1768499004.8585956,36.151
1768499004.9612918,36.25
1768499005.063452,36.645
1768499005.1681206,35.757
1768499005.2749662,34.179
1768499005.3772626,31.83
1768499005.4795153,32.323
1768499005.5817425,34.001
1768499005.6841042,36.645
1768499005.786322,35.954
1768499005.8886278,35.56
1768499005.9909077,31.83
1768499006.093078,32.126
1768499006.1986835,32.718
1768499006.3008506,35.856
1768499006.4030664,32.225
1768499006.505254,34.1
1768499006.6074903,35.461
1768499006.7097118,36.151
1768499006.8120515,35.264
1768499006.9144077,44.724
1768499007.0167468,34.475
1768499007.1190333,31.453
1768499007.2249587,38.989
1768499007.32723,42.192
1768499007.4294465,32.422
1768499007.5316525,39.632
1768499007.6338875,37.215
1768499007.7361233,31.633
1768499007.8384454,43.201
1768499007.9407263,34.396
1768499008.042895,37.018
1768499008.149099,38.89
1768499008.2513084,31.848
1768499008.3536015,42.881
1768499008.4558744,33.212
1768499008.5581362,38.966
1768499008.660399,42.093
1768499008.7626162,33.705
1768499008.8649716,38.003
1768499008.9671757,38.102
1768499009.0693355,32.718
1768499009.1753879,46.566
1768499009.2775352,41.896
1768499009.3800852,35.067
1768499009.4821923,36.328
1768499009.584788,42.29
1768499009.6869032,32.62
1768499009.7890286,41.527
1768499009.892209,34.573
1768499009.994493,38.299
1768499010.100897,37.018
1768499010.203141,35.736
1768499010.3053837,41.625
1768499010.4075644,31.929
1768499010.5097723,45.806
1768499010.612163,32.817
1768499010.7143474,41.034
1768499010.8165407,36.546
1768499010.918963,31.651
1768499011.0249221,44.724
1768499011.127211,33.212
1768499011.2296355,40.566
1768499011.3318892,36.25
1768499011.434125,35.679
1768499011.5364175,43.839
1768499011.6386626,32.323
1768499011.7408507,42.881
1768499011.8431172,34.771
1768499011.9503014,37.215
1768499012.052538,39.065
1768499012.1548882,31.848
1768499012.2572095,45.905
1768499012.359497,33.014
1768499012.4616883,40.936
1768499012.5640666,35.362
1768499012.6664112,36.053
1768499012.768784,45.538
1768499012.8740911,32.225
1768499012.9764495,40.617
1768499013.0787666,34.869
1768499013.180986,35.954
1768499013.2832012,45.511
1768499013.3854582,32.521
1768499013.4877682,40.936
1768499013.5902133,35.856
1768499013.6925037,33.784
1768499013.7947702,45.637
1768499013.9017293,39.262
1768499014.0045388,36.94
1768499014.1067088,31.633
1768499014.2090921,46.003
1768499014.3113163,32.62
1768499014.4140625,40.715
1768499014.5162723,34.791
1768499014.6184828,37.138
1768499014.7208323,40.444
1768499014.8270185,32.046
1768499014.929274,42.487
1768499015.031644,34.297
1768499015.1339772,37.609
1768499015.2362616,37.806
1768499015.3386774,31.731
1768499015.4410155,45.61
1768499015.5432427,32.718
1768499015.6455135,42.61
1768499015.7517717,36.546
1768499015.853971,34.869
1768499015.9561794,47.38
1768499016.058388,32.323
1768499016.1607103,42.388
1768499016.2629845,34.1
1768499016.365222,38.102
1768499016.4673574,38.223
1768499016.569529,35.757
1768499016.6717029,42.118
1768499016.7776425,32.126
1768499016.879885,42.807
1768499016.9820886,34.199
1768499017.0842743,39.459
1768499017.186507,36.623
1768499017.288823,31.731
1768499017.391159,42.512
1768499017.493456,33.31
1768499017.5957077,37.215
1768499017.701508,44.134
1768499017.803897,35.264
1768499017.9062772,32.126
1768499018.0086367,37.905
1768499018.1109817,38.595
1768499018.2132337,31.929
1768499018.3156312,41.699
1768499018.4179933,35.954
1768499018.5209634,32.027
1768499018.6274707,37.532
1768499018.7297359,40.838
1768499018.832433,32.521
1768499018.9346046,41.724
1768499019.0395749,34.771
1768499019.1429956,36.053
1768499019.2452528,41.428
1768499019.3474007,32.126
1768499019.4523795,42.315
1768499019.5546803,33.409
1768499019.6570446,37.631
1768499019.7595065,40.542
1768499019.8617737,32.422
1768499019.9640381,37.686
1768499020.0664227,38.792
1768499020.1687648,31.731
1768499020.2711718,45.61
1768499020.3734288,32.916
1768499020.4796073,40.05
1768499020.5818446,34.988
1768499020.684198,35.658
1768499020.7869425,31.435
1768499020.889891,31.157
1768499020.9922981,37.412
1768499021.0946717,46.959
1768499021.1969159,33.014
1768499021.3038838,36.447
1768499021.4062333,41.33
1768499021.5085347,32.422
1768499021.6109145,39.777
1768499021.7131383,36.743
1768499021.8154469,33.014
1768499021.9177434,46.271
1768499022.0201342,32.817
1768499022.1226027,34.593
1768499022.228196,42.585
1768499022.3307447,34.199
1768499022.4329877,36.25
1768499022.5352597,43.963
1768499022.637605,33.014
1768499022.7400873,32.916
1768499022.8424144,45.583
1768499022.9448798,34.001
1768499023.0471926,32.916
1768499023.1496172,46.959
1768499023.2574875,37.215
1768499023.3595963,39.186
1768499023.4649317,32.126
1768499023.5674655,42.684
1768499023.6699066,34.199
1768499023.7722552,36.032
1768499023.874573,43.839
1768499023.9805343,32.817
1768499024.0832043,38.792
1768499024.1856534,38.89
1768499024.2879708,32.225
1768499024.3903024,40.518
1768499024.4929333,36.053
1768499024.595326,34.869
1768499024.6976335,46.326
1768499024.8037894,32.916
1768499024.9065278,40.172
1768499025.0089114,37.039
1768499025.1112108,31.749
1768499025.213579,45.708
1768499025.316046,32.718
1768499025.4184315,40.125
1768499025.5207088,35.461
1768499025.6231074,32.817
1768499025.729562,45.61
1768499025.8322077,32.817
1768499025.934689,38.299
1768499026.0371065,38.496
1768499026.1394923,32.225
1768499026.2417896,41.034
1768499026.3442008,35.56
1768499026.4465342,34.297
1768499026.5488222,45.216
1768499026.6552594,33.014
1768499026.7576702,36.525
1768499026.8600335,39.36
1768499026.9623814,32.225
1768499027.0647757,40.838
1768499027.167114,36.842
1768499027.2694187,31.651
1768499027.3717804,46.593
1768499027.4742966,37.905
1768499027.580746,39.284
1768499027.6831172,32.126
1768499027.7853355,41.404
1768499027.889281,34.475
1768499027.991566,36.053
1768499028.0941436,43.201
1768499028.1965177,32.422
1768499028.299052,36.996
1768499028.4052446,40.345
1768499028.5075264,32.323
1768499028.6105168,33.686
1768499028.7127767,44.456
1768499028.8150575,32.62
1768499028.9175045,36.053
1768499029.0199993,41.699
1768499029.1222851,34.08
1768499029.2247667,36.053
1768499029.3313015,44.429
1768499029.4335895,32.718
1768499029.535881,37.828
1768499029.638141,37.708
1768499029.7404137,32.323
1768499029.8427074,41.404
1768499029.9450305,36.546
1768499030.0473223,31.651
1768499030.1496024,43.3
1768499030.2555704,33.31
1768499030.3580036,37.018
1768499030.460362,40.247
1768499030.562802,32.422
1768499030.6653936,39.459
1768499030.767712,38.792
1768499030.8701243,31.929
1768499030.9729614,40.148
1768499031.075337,36.349
1768499031.1817296,31.731
1768499031.2840827,42.979
1768499031.3865435,35.067
1768499031.4896204,35.539
1768499031.591965,46.2
1768499031.6943793,32.718
1768499031.7968462,38.299
1768499031.899442,36.447
1768499032.0019102,42.019
1768499032.109247,36.743
1768499032.2115653,31.633
1768499032.3140254,43.249
1768499032.4171932,33.606
1768499032.5195122,37.039
1768499032.6219113,42.315
1768499032.7243752,32.422
1768499032.8308039,41.133
1768499032.9332066,35.264
1768499033.0355058,35.461
1768499033.1378145,45.806
1768499033.2400904,32.521
1768499033.342408,40.838
1768499033.4446907,35.067
1768499033.54699,34.179
1768499033.6493516,46.523
1768499033.7558923,32.817
1768499033.8583372,39.262
1768499033.9606407,37.708
1768499034.0630348,31.749
1768499034.1653204,43.373
1768499034.2677658,33.409
1768499034.3701599,37.412
1768499034.4724877,40.739
1768499034.5749056,32.225
1768499034.677204,41.995
1768499034.782148,34.278
1768499034.8846285,31.435
1768499034.9870453,43.3
1768499035.089395,33.409
1768499035.1916392,37.51
1768499035.2939436,39.186
1768499035.3964376,35.046
1768499035.498805,33.014
1768499035.601196,32.817
1768499035.704965,33.014
1768499035.8071904,33.31
1768499035.909424,33.31
1768499036.0116258,34.278
1768499036.1138124,34.495
1768499036.2161257,33.902
1768499036.3189578,34.475
1768499036.421508,34.593
1768499036.523983,35.954
1768499036.6282136,36.743
1768499036.7305682,36.349
1768499036.8329937,36.623
1768499036.9354002,35.56
1768499037.0387163,35.067
1768499037.1410806,36.546
1768499037.243486,35.933
1768499037.3458772,34.968
1768499037.4484153,32.027
1768499037.5542994,32.916
1768499037.6565564,34.573
1768499037.7589161,36.426
1768499037.861258,31.731
1768499037.9635298,32.521
1768499038.0658543,34.199
1768499038.1682909,33.31
1768499038.270556,34.001
1768499038.3732128,39.951
1768499038.47954,39.656
1768499038.5825226,32.817
1768499038.6849043,31.633
1768499038.7872186,42.512
1768499038.8894815,34.593
1768499038.9919775,34.849
1768499039.0942507,46.692
1768499039.1964846,32.718
1768499039.2989078,41.207
1768499039.4044962,34.968
1768499039.5067768,36.962
1768499039.6092808,40.838
1768499039.7118285,31.929
1768499039.814186,42.118
1768499039.9164922,33.508
1768499040.018739,38.716
1768499040.1210084,38.496
1768499040.2233078,31.731
1768499040.3255675,44.849
1768499040.4313188,33.014
1768499040.533623,39.58
1768499040.6359413,35.954
1768499040.7383552,35.046
1768499040.8408206,44.062
1768499040.9432256,32.422
1768499041.0454865,34.771
1768499041.149422,37.412
1768499041.254621,38.693
1768499041.3569984,31.731
1768499041.4593158,46.397
1768499041.5626872,33.014
1768499041.665032,40.542
1768499041.767329,35.757
1768499041.8696213,31.731
1768499041.9718893,42.192
1768499042.074218,34.1
1768499042.1765893,36.623
1768499042.2830744,44.331
1768499042.38574,32.817
1768499042.4880934,38.08
1768499042.5904667,40.148
1768499042.692764,32.027
1768499042.7951167,42.388
1768499042.8973927,35.264
1768499043.0000389,35.736
1768499043.1073258,45.905
1768499043.209634,33.113
1768499043.312205,38.595
1768499043.414514,39.951
1768499043.5168066,31.929
1768499043.6191366,42.782
1768499043.7214384,33.606
1768499043.8238232,38.595
1768499043.9262807,38.102
1768499044.0320766,31.83
1768499044.1343966,42.462
1768499044.2368834,33.508
1768499044.3392758,38.89
1768499044.441582,37.729
1768499044.54391,34.495
1768499044.6462529,44.724
1768499044.7487278,32.323
1768499044.851194,42.906
1768499044.9563487,33.902
1768499045.0586002,36.623
1768499045.1610558,41.822
1768499045.2635071,32.126
1768499045.3659084,42.413
1768499045.468307,34.672
1768499045.570706,41.034
1768499045.6739485,32.126
1768499045.7761953,43.052
1768499045.8821867,34.179
1768499045.9852335,36.131
1768499046.0875835,41.921
1768499046.1898053,32.027
1768499046.2920847,42.807
1768499046.3943741,33.784
1768499046.4967117,38.595
1768499046.5991163,38.496
1768499046.705104,31.731
1768499046.8073728,43.839
1768499046.9096282,32.817
1768499047.0119479,40.148
1768499047.114215,35.56
1768499047.2164261,35.362
1768499047.3187335,43.004
1768499047.421036,32.422
1768499047.5234075,41.601
1768499047.625767,34.771
1768499047.7325366,36.623
1768499047.8349366,41.896
1768499047.9372547,32.027
1768499048.0394554,44.357
1768499048.1416936,33.014
1768499048.2439926,40.148
1768499048.3464453,37.138
1768499048.4487886,32.718
1768499048.551115,44.134
1768499048.6566124,44.062
1768499048.7588265,32.422
1768499048.8610804,43.694
1768499048.963503,33.804
1768499049.0657551,37.729
1768499049.1681569,38.693
1768499049.2703807,31.947
1768499049.3726068,45.735
1768499049.4748914,32.718
1768499049.580857,42.782
1768499049.6832886,35.362
1768499049.7860298,35.933
1768499049.8882456,46.621
1768499049.990615,32.342
1768499050.092836,41.625
1768499050.1955247,36.623
1768499050.2984378,40.172
1768499050.4055204,32.225
1768499050.5092735,43.767
1768499050.612147,34.297
1768499050.714477,38.003
1768499050.8168101,38.102
1768499050.9190347,31.749
1768499051.0213475,42.585
1768499051.1235964,33.014
1768499051.225945,40.05
1768499051.3282654,36.151
1768499051.4330764,35.56
1768499051.5354412,46.79
1768499051.6377048,32.62
1768499051.7400692,39.284
1768499051.842417,37.138
1768499051.9446585,31.651
1768499052.047001,42.388
1768499052.1493294,33.902
1768499052.2516484,37.116
1768499052.3582983,42.684
1768499052.460591,32.422
1768499052.562947,40.814
1768499052.6653605,38.693
1768499052.7677236,31.534
1768499052.8700752,41.133
1768499052.9724045,36.151
1768499053.0748951,31.749
1768499053.177242,43.004
1768499053.279792,34.495
1768499053.3852654,36.053
1768499053.4877486,41.995
1768499053.5901132,32.126
1768499053.6925325,40.814
1768499053.7949696,33.902
1768499053.8972492,36.447
1768499053.9996257,43.963
1768499054.1020427,32.323
1768499054.2043738,41.231
1768499054.3108838,35.461
1768499054.4137473,31.651
1768499054.516075,46.888
1768499054.618467,32.62
1768499054.721267,35.067
1768499054.8241751,35.56
1768499054.926363,46.003
1768499055.0287209,33.113
1768499055.1321435,38.595
1768499055.237643,37.729
1768499055.3399572,31.749
1768499055.4422488,43.471
1768499055.5446875,33.606
1768499055.6470716,37.335
1768499055.7494402,40.936
1768499055.8517387,32.027
1768499055.9540167,41.699
1768499056.0563507,34.791
1768499056.161651,36.053
1768499056.2640202,44.259
1768499056.3664799,32.62
1768499056.4687684,39.876
1768499056.5710678,36.151
1768499056.6732867,31.848
1768499056.775712,43.004
1768499056.8780146,33.606
1768499056.9803832,38.518
1768499057.0865371,38.518
1768499057.1888382,31.848
1768499057.2911232,42.388
1768499057.3934715,33.902
1768499057.4957666,36.94
1768499057.5980542,39.679
1768499057.700424,32.027
1768499057.802703,42.192
1768499057.9049406,34.791
1768499058.0119145,35.658
1768499058.1142988,43.103
1768499058.2166228,32.225
1768499058.3188972,41.01
1768499058.42128,35.856
1768499058.5235348,31.534
1768499058.6260347,38.496
1768499058.7283907,39.383
1768499058.8306124,31.848
1768499058.9364896,41.896
1768499059.0387478,35.954
1768499059.1409776,31.749
1768499059.2434742,43.274
1768499059.3457203,36.919
1768499059.4488087,42.906
1768499059.5510223,32.342
1768499059.6542628,41.133
1768499059.7565358,34.968
1768499059.8624802,35.954
1768499059.9647777,44.554
1768499060.0670815,32.539
1768499060.1694107,41.109
1768499060.271682,34.771
1768499060.3739834,35.856
1768499060.4763377,43.642
1768499060.5785637,32.718
1768499060.6809165,39.679
1768499060.7874396,36.743
1768499060.8899083,31.651
1768499060.9922426,44.16
1768499061.0945687,33.113
1768499061.1968427,40.148
1768499061.2990897,35.954
1768499061.4014666,35.658
1768499061.503763,46.593
1768499061.6060562,32.817
1768499061.7118113,38.595
1768499061.8141959,37.236
1768499061.916439,31.947
1768499062.0187013,40.542
1768499062.1211188,36.842
1768499062.2235112,32.916
1768499062.3257504,42.709
1768499062.428047,32.916
1768499062.5302804,38.321
1768499062.6325488,36.842
1768499062.7386682,31.651
1768499062.8410182,43.176
1768499062.9432929,33.705
1768499063.0455234,36.37
1768499063.1477919,42.019
1768499063.2500796,32.046
1768499063.3525083,43.398
1768499063.4549541,34.001
1768499063.5573702,37.51
1768499063.6647608,40.763
1768499063.7670538,32.144
1768499063.8693404,34.396
1768499063.9726248,37.412
1768499064.075438,40.861
1768499064.1777089,31.848
1768499064.2800517,43.274
1768499064.3823366,33.31
1768499064.4875546,39.087
1768499064.5898814,37.236
1768499064.6920812,32.225
1768499064.79442,46.55
1768499064.8966541,32.737
1768499064.998925,42.019
1768499065.101159,35.778
1768499065.2034256,35.757
1768499065.3057616,45.118
1768499065.4079506,32.638
1768499065.5147865,39.876
1768499065.6170156,35.58
1768499065.7192605,36.743
1768499065.8215995,40.27
1768499065.9238966,33.212
1768499066.0262501,38.792
1768499066.1286042,36.94
1768499066.2308547,31.83
1768499066.333108,33.902
1768499066.439279,32.144
1768499066.541436,31.947
1768499066.6437356,34.869
1768499066.745988,37.039
1768499066.8482206,37.729
1768499066.9503589,37.532
1768499067.052621,36.743
1768499067.154771,35.876
1768499067.2569506,34.495
1768499067.361033,34.199
1768499067.4633777,37.335
1768499067.5656285,35.856
1768499067.6679826,35.383
1768499067.7702367,31.83
1768499067.8724806,31.848
1768499067.9747186,32.441
1768499068.07684,32.836
1768499068.1789746,33.902
1768499068.281182,33.902
1768499068.383423,36.743
1768499068.489645,36.743
1768499068.5921118,31.651
1768499068.697979,34.1
1768499068.801316,31.947
1768499068.9036472,32.916
1768499069.0060263,31.058
1768499069.108255,37.653
1768499069.214436,44.652
1768499069.3167415,33.508
1768499069.4190316,36.623
1768499069.521259,45.27
1768499069.6235301,33.113
1768499069.72588,36.426
1768499069.8283343,42.315
1768499069.9306517,33.014
1768499070.0329106,38.025
1768499070.1392343,39.482
1768499070.2414827,31.848
1768499070.343807,41.822
1768499070.4462163,33.606
1768499070.5485682,36.468
1768499070.6507726,44.16
1768499070.7530978,32.441
1768499070.8553524,40.05
1768499070.957577,36.546
1768499071.0641088,31.848
1768499071.1663816,42.709
1768499071.2687967,33.212
1768499071.3710694,38.2
1768499071.4733846,40.27
1768499071.575734,32.046
1768499071.678087,43.595
1768499071.780304,34.001
1768499071.8825026,36.842
1768499071.9883816,40.664
1768499072.0906,32.144
1768499072.1929038,43.274
1768499072.2952476,34.1
1768499072.397627,36.447
1768499072.4998887,41.921
1768499072.602263,32.342
1768499072.7045264,40.345
1768499072.8067837,35.481
1768499072.909074,31.453
1768499073.0150218,42.388
1768499073.117344,37.751
1768499073.22109,39.186
1768499073.3245335,31.749
1768499073.4268267,45.243
1768499073.5291007,33.231
1768499073.6313236,38.868
1768499073.7334218,38.124
1768499073.8398407,31.848
1768499073.9422054,42.413
1768499074.044718,35.185
1768499074.1470382,31.651
1768499074.2493718,42.709
1768499074.351714,33.606
1768499074.4540362,36.842
1768499074.5564125,41.551
1768499074.6586647,32.243
1768499074.7654583,41.527
1768499074.8677754,34.692
1768499074.970179,35.067
1768499075.0724714,46.692
1768499075.174908,32.836
1768499075.277259,39.383
1768499075.3796484,37.631
1768499075.4819658,31.749
1768499075.5843637,42.906
1768499075.689832,35.679
1768499075.792182,31.552
1768499075.8945987,43.176
1768499075.9969804,33.31
1768499076.0993254,35.778
1768499076.2015736,44.751
1768499076.3038912,32.638
1768499076.4061954,40.345
1768499076.508487,36.349
1768499076.6108496,31.651
1768499076.7159,45.834
1768499076.8183157,33.804
1768499076.9207613,36.919
1768499077.0231445,41.995
1768499077.125461,32.243
1768499077.2277496,41.354
1768499077.3304393,34.593
1768499077.4327207,31.651
1768499077.5349255,41.625
1768499077.6373713,33.705
1768499077.7442222,42.807
1768499077.8465848,32.243
1768499077.9488559,40.321
1768499078.0513752,36.666
1768499078.1537383,31.651
1768499078.256023,43.694
1768499078.3583345,35.087
1768499078.4606066,31.552
1768499078.5665724,36.074
1768499078.6689994,45.145
1768499078.7713957,33.033
1768499078.8737776,37.335
1768499078.9761395,40.27
1768499079.0785403,31.651
1768499079.1815176,38.025
1768499079.2839627,36.172
1768499079.3864493,32.441
1768499079.4924903,39.012
1768499079.5948887,39.679
1768499079.6972616,32.342
1768499079.8000684,38.693
1768499079.9023998,35.856
1768499080.0047996,32.243
1768499080.1074636,37.631
1768499080.209896,40.345
1768499080.3169,32.144
1768499080.4193525,42.512
1768499080.5217626,36.349
1768499080.6242335,31.651
1768499080.726762,42.388
1768499080.82911,34.001
1768499080.9313788,35.856
1768499081.0336876,45.315
1768499081.1404498,32.638
1768499081.2427795,36.842
1768499081.3451517,41.625
1768499081.4476612,32.342
1768499081.5500832,37.631
1768499081.652505,41.65
1768499081.754828,31.749
1768499081.8571956,39.482
1768499081.9605398,34.791
1768499082.065845,40.861
1768499082.16913,37.138
1768499082.271627,31.848
1768499082.3739789,43.103
1768499082.4763339,33.033
1768499082.5788524,34.692
1768499082.6811783,45.932
1768499082.7835221,32.638
1768499082.8859444,39.679
1768499082.9923308,37.729
1768499083.0948842,31.947
1768499083.197241,43.004
1768499083.2996724,35.658
1768499083.402138,31.749
1768499083.5046227,41.995
1768499083.6070344,34.495
1768499083.7093532,36.172
1768499083.8159275,46.593
1768499083.9183953,32.916
1768499084.0207536,38.321
1768499084.1232276,46.888
1768499084.2256448,34.001
1768499084.3280194,34.988
1768499084.4304965,41.896
1768499084.532923,33.804
1768499084.635349,31.651
1768499084.7416382,43.103
1768499084.8441184,35.58
1768499084.9465966,31.651
1768499085.049196,41.995
1768499085.1517026,33.014
1768499085.2542067,35.185
1768499085.356628,45.315
1768499085.459099,33.705
1768499085.5661292,31.552
1768499085.6686282,42.684
1768499085.7712288,33.804
1768499085.8736527,36.25
1768499085.9764316,43.3
1768499086.0787904,32.539
1768499086.1811,39.11
1768499086.2834132,36.546
1768499086.385734,31.848
1768499086.4914,33.606
1768499086.59466,36.666
1768499086.6968355,40.763
1768499086.7993023,32.539
1768499086.9017682,42.807
1768499087.0039139,37.729
1768499087.1062086,33.705
1768499087.208313,42.315
1768499087.31062,33.31
1768499087.41668,34.475
1768499087.5190916,44.849
1768499087.6215868,33.804
1768499087.7240489,36.842
1768499087.8264372,42.29
1768499087.9289553,32.243
1768499088.0313,38.989
1768499088.1338177,39.876
1768499088.2361934,32.342
1768499088.3416448,32.934
1768499088.4440234,45.341
1768499088.5465786,34.001
1768499088.648918,34.001
1768499088.7512312,36.25
1768499088.85373,46.102
1768499088.9560444,33.329
1768499089.0585675,31.749
1768499089.1610067,37.335
1768499089.2635214,43.103
1768499089.3683465,32.638
1768499089.4706812,31.354
1768499089.5729818,47.577
1768499089.6752808,33.033
1768499089.7776482,38.124
1768499089.8800125,38.42
1768499089.9824777,32.046
1768499090.0847344,43.3
1768499090.1869543,33.705
1768499090.2893548,37.06
1768499090.3948085,38.617
1768499090.4972122,32.046
1768499090.5995092,42.906
1768499090.7019413,35.087
1768499090.8043437,31.651
1768499090.9066002,46.495
1768499091.0088773,32.916
1768499091.1111646,39.209
1768499091.213607,36.764
1768499091.3163977,31.848
1768499091.4235804,33.231
1768499091.5262218,37.39
1768499091.6283586,40.96
1768499091.7306142,32.243
1768499091.8328507,43.497
1768499091.9350872,34.199
1768499092.0372975,36.962
1768499092.1395159,38.693
1768499092.2418458,32.046
1768499092.3467884,43.201
1768499092.4491448,33.508
1768499092.5514789,38.025
1768499092.6539507,39.087
1768499092.756332,31.947
1768499092.8586864,43.792
1768499092.9610002,33.724
1768499093.0632951,38.42
1768499093.1656184,38.321
1768499093.268068,31.947
1768499093.3749537,42.684
1768499093.4773612,34.692
1768499093.5796711,36.546
1768499093.6820705,41.428
1768499093.784394,32.144
1768499093.8867295,42.216
1768499093.9890778,33.804
1768499094.0915556,37.631
1768499094.1938872,39.482
1768499094.3006544,31.947
1768499094.4031177,43.57
1768499094.5054228,32.934
1768499094.6077926,37.138
1768499094.7101486,39.679
1768499094.8124828,32.243
1768499094.9149258,38.397
1768499095.0172558,40.936
1768499095.1195567,33.606
1768499095.2247715,36.426
1768499095.3272412,42.34
1768499095.4303303,32.539
1768499095.53272,38.321
1768499095.6351864,39.383
1768499095.7375448,32.342
1768499095.8398273,38.397
1768499095.942775,39.186
1768499096.0452864,36.863
1768499096.1514378,41.551
1768499096.2539568,32.737
1768499096.356201,37.729
1768499096.4585226,43.668
1768499096.5607858,33.014
1768499096.6630855,36.349
1768499096.765469,43.963
1768499096.8677287,33.014
1768499096.9738257,36.349
1768499097.0762248,44.849
1768499097.1785414,32.737
1768499097.2807915,40.27
1768499097.3833113,37.138
1768499097.4855883,32.144
1768499097.5878954,42.315
1768499097.6904218,36.447
1768499097.7927554,31.749
1768499097.8989067,35.876
1768499098.001467,34.692
1768499098.103798,36.074
1768499098.2061443,35.658
1768499098.308391,36.842
1768499098.4106402,37.039
1768499098.5128405,36.053
1768499098.6154752,34.396
1768499098.719858,35.264
1768499098.8221765,36.94
1768499098.9243836,37.236
1768499099.0265667,36.645
1768499099.1288366,36.94
1768499099.231178,35.679
1768499099.3335063,34.869
1768499099.4358733,34.396
1768499099.5381846,31.848
1768499099.6403637,32.144
1768499099.7425764,32.638
1768499099.847843,32.836
1768499099.9500577,33.033
1768499100.0522947,33.428
1768499100.154635,35.778
1768499100.257178,36.25
1768499100.3594797,36.447
1768499100.4658792,32.144
1768499100.5708916,34.1
1768499100.6758876,33.705
1768499100.7782295,31.453
1768499100.880662,39.974
1768499100.9829025,39.777
1768499101.0854247,32.638
1768499101.1877532,40.369
1768499101.2904234,37.828
1768499101.3927002,31.848
1768499101.4995942,42.61
1768499101.601881,34.396
1768499101.7042174,37.412
1768499101.806473,39.974
1768499101.9090679,31.947
1768499102.0114677,42.388
1768499102.1139202,34.001
1768499102.2162423,38.693
1768499102.323574,37.708
1768499102.4258144,33.39
1768499102.5281038,43.865
1768499102.6307287,32.243
1768499102.7329776,42.833
1768499102.8352082,33.132
1768499102.9374175,41.33
1768499103.0396788,35.185
1768499103.1420128,35.658
1768499103.2469182,46.523
1768499103.3491552,32.718
1768499103.4514003,38.989
1768499103.5535965,36.743
1768499103.656009,31.651
1768499103.758489,42.388
1768499103.8608322,33.31
1768499103.9632037,39.459
1768499104.0654495,35.856
1768499104.1721313,35.954
1768499104.2743742,43.668
1768499104.376652,32.243
1768499104.4832249,42.29
1768499104.5855715,34.001
1768499104.6879048,42.413
1768499104.7912927,32.737
1768499104.8959777,36.468
1768499104.998252,43.891
1768499105.1006303,32.737
1768499105.2029274,38.2
1768499105.3053405,39.656
1768499105.4076543,32.243
1768499105.5099225,40.42
1768499105.612185,35.856
1768499105.7143915,31.749
1768499105.8165975,44.259
1768499105.9228117,33.409
1768499106.0250716,37.532
1768499106.1274977,40.172
1768499106.2297502,32.046
1768499106.3321588,42.487
1768499106.4344819,35.679
1768499106.5368772,35.165
1768499106.6392653,46.003
1768499106.7415287,32.934
1768499106.8478503,40.247
1768499106.9501214,36.349
1768499107.0523915,32.225
1768499107.1548984,44.062
1768499107.2572408,33.508
1768499107.3596919,37.412
1768499107.462084,41.157
1768499107.5643187,32.243
1768499107.666664,41.748
1768499107.771719,35.362
1768499107.8740911,31.552
1768499107.9763486,42.537
1768499108.0787077,33.804
1768499108.1810648,35.954
1768499108.2833555,47.015
1768499108.3856235,33.132
1768499108.4879196,38.124
1768499108.5902634,39.186
1768499108.6986215,35.185
1768499108.8008301,31.749
1768499108.9030883,44.285
1768499109.005258,33.508
1768499109.1089158,37.116
1768499109.211224,32.144
1768499109.3146954,41.01
1768499109.4213717,35.284
1768499109.5236042,36.151
1768499109.6258976,46.523
1768499109.728215,33.014
1768499109.8304868,40.641
1768499109.932757,35.778
1768499110.0350266,35.067
1768499110.1372454,45.44
1768499110.2394607,32.539
1768499110.3417132,42.512
1768499110.4476268,35.58
1768499110.5498772,36.053
1768499110.6522074,43.497
1768499110.754491,32.441
1768499110.8567653,40.739
1768499110.95903,36.94
1768499111.0612462,31.651
1768499111.1635203,46.326
1768499111.2657492,32.836
1768499111.373064,39.679
1768499111.475279,37.927
1768499111.5775971,31.848
1768499111.6799095,43.523
1768499111.7822049,34.495
1768499111.8844612,37.335
1768499111.9868257,41.453
1768499112.089142,32.046
1768499112.1913943,43.792
1768499112.29724,33.804
1768499112.3995118,37.609
1768499112.5018013,39.679
1768499112.6041567,32.046
1768499112.70653,42.512
1768499112.8087888,33.31
1768499112.9111114,38.693
1768499113.0133479,37.828
1768499113.1158068,33.014
1768499113.2225072,45.538
1768499113.329475,32.539
1768499113.4318702,42.413
1768499113.5347478,37.138
1768499113.6379998,41.724
1768499113.740176,32.144
1768499113.8455317,42.782
1768499113.9477613,33.705
1768499114.0500636,38.617
1768499114.1522992,37.434
1768499114.254504,31.749
1768499114.3567767,46.298
1768499114.4590473,32.638
1768499114.561347,42.61
1768499114.6635704,34.593
1768499114.7659001,38.989
1768499114.8713214,36.645
1768499114.9735358,37.335
1768499115.0757484,39.11
1768499115.17808,31.848
1768499115.2804835,46.692
1768499115.3827856,32.342
1768499115.485096,42.881
1768499115.5874033,33.409
1768499115.689805,39.777
1768499115.7959018,36.053
1768499115.8981137,37.236
1768499116.0003383,40.566
1768499116.1025982,31.947
1768499116.2047803,47.015
1768499116.307095,32.539
1768499116.4093752,43.078
1768499116.5116665,34.001
1768499116.6140783,37.828
1768499116.7163877,38.299
1768499116.8212142,33.705
1768499116.9236383,44.823
1768499117.0258505,32.539
1768499117.1280756,42.512
1768499117.230306,34.791
1768499117.332494,37.039
1768499117.4346988,40.566
1768499117.5369368,32.046
1768499117.6392305,42.216
1768499117.7415078,34.1
1768499117.846642,37.116
1768499117.9488442,38.2
1768499118.0510635,34.495
1768499118.1544132,43.3
1768499118.2566175,32.539
1768499118.358933,37.434
1768499118.4621358,31.749
1768499118.564331,35.856
1768499118.666466,44.456
1768499118.7727497,32.718
1768499118.8750389,36.151
1768499118.9773724,43.963
1768499119.079635,32.441
1768499119.181895,41.256
1768499119.2843058,37.434
1768499119.3865733,31.848
1768499119.4889514,44.285
1768499119.5913057,33.508
1768499119.6975772,36.94
1768499119.7999346,40.172
1768499119.9022348,32.144
1768499120.0047448,43.792
1768499120.107018,34.495
1768499120.20935,37.018
1768499120.3116124,39.383
1768499120.4139514,31.947
1768499120.516365,43.004
1768499120.622301,33.902
1768499120.724636,36.842
1768499120.8269153,41.724
1768499120.9291604,32.144
1768499121.0314152,42.585
1768499121.1336613,33.113
1768499121.2359385,41.133
1768499121.3382099,35.975
1768499121.440455,33.804
1768499121.5428329,45.834
1768499121.6491323,32.638
1768499121.7513964,41.625
1768499121.8537648,35.185
1768499121.956072,37.138
1768499122.0583224,38.693
1768499122.1606042,31.749
1768499122.262915,46.129
1768499122.3651788,32.638
1768499122.4674234,41.133
1768499122.574934,34.593
1768499122.6772687,37.828
1768499122.779508,39.974
1768499122.8818562,32.046
1768499122.985433,32.836
1768499123.0876257,41.428
1768499123.1897154,35.185
1768499123.2917755,37.532
1768499123.393895,39.482
1768499123.4996765,31.947
1768499123.6019907,43.497
1768499123.704241,33.902
1768499123.8065977,40.073
1768499123.9087915,36.25
1768499124.0109677,31.749
1768499124.1132317,46.593
1768499124.2154791,32.934
1768499124.3176973,40.073
1768499124.424427,35.778
1768499124.5267239,36.447
1768499124.6289952,42.216
1768499124.7312868,32.144
1768499124.8335528,43.497
1768499124.9357681,34.199
1768499125.038009,37.039
1768499125.1402376,41.724
1768499125.2425082,32.243
1768499125.3448024,43.176
1768499125.4498427,34.001
1768499125.55209,38.913
1768499125.6544023,37.434
1768499125.756685,34.692
1768499125.8589118,42.906
1768499125.961179,32.144
1768499126.0634866,42.906
1768499126.1657593,34.396
1768499126.2680118,37.708
1768499126.3702724,38.321
1768499126.4769025,31.848
1768499126.5791914,46.621
1768499126.6815186,32.817
1768499126.7837396,41.207
1768499126.8860555,35.185
1768499126.9888148,36.898
1768499127.09113,40.838
1768499127.193331,31.947
1768499127.2955415,45.046
1768499127.398227,32.916
1768499127.503194,39.186
1768499127.612372,31.947
1768499127.714498,42.585
1768499127.8168523,33.31
1768499127.9190798,37.631
1768499128.0214128,42.881
1768499128.1277354,32.737
1768499128.229985,38.42
1768499128.3323176,36.94
1768499128.4345162,32.718
1768499128.5366924,34.889
1768499128.6391916,42.684
1768499128.7415886,37.335
1768499128.8438985,35.481
1768499128.9461377,34.495
1768499129.049606,34.791
1768499129.1517537,35.383
1768499129.2540996,35.679
1768499129.3563228,35.757
1768499129.458648,36.842
1768499129.5608988,36.94
1768499129.6632214,36.053
1768499129.765499,33.113
1768499129.868064,32.046
1768499129.9703243,32.243
1768499130.0725868,32.539
1768499130.1755586,33.409
1768499130.2777464,34.692
1768499130.380062,35.679
1768499130.4824219,36.25
1768499130.5848613,33.409
1768499130.6872215,32.342
1768499130.7896948,33.902
1768499130.8920236,36.546
1768499130.9942794,35.658
1768499131.0965781,31.848
1768499131.1990569,33.033
1768499131.3042755,35.757
1768499131.4065325,35.954
1768499131.508853,32.243
1768499131.6111631,32.046
1768499131.7135944,37.532
1768499131.8163407,43.792
1768499131.9188492,33.705
1768499132.021629,34.001
1768499132.1244092,41.059
1768499132.234608,31.651
1768499132.338307,45.905
1768499132.440401,33.113
1768499132.5425136,39.012
1768499132.6446157,38.321
1768499132.7468028,31.947
1768499132.8531249,46.397
1768499132.9554868,33.606
1768499133.057789,31.848
1768499133.1601145,37.236
1768499133.2625096,40.073
1768499133.3647733,32.539
1768499133.4672072,36.82
1768499133.5697284,43.963
1768499133.6720176,33.31
1768499133.7778983,37.927
1768499133.8802366,39.777
1768499133.9825246,32.046
1768499134.084964,42.881
1768499134.1871898,33.31
1768499134.2895243,41.601
1768499134.391928,35.778
1768499134.4943707,35.461
1768499134.5966446,44.823
1768499134.702438,32.441
1768499134.8047023,43.004
1768499134.9069986,33.508
1768499135.0092704,39.209
1768499135.1115577,37.138
1768499135.2138474,31.848
1768499135.3161783,47.675
1768499135.4184403,32.539
1768499135.5206954,43.004
1768499135.6229458,33.329
1768499135.7289124,39.383
1768499135.8311346,36.151
1768499135.9333878,36.37
1768499136.0361097,42.118
1768499136.1384144,32.243
1768499136.2406223,43.004
1768499136.3428478,33.31
1768499136.4454782,40.566
1768499136.5477924,35.087
1768499136.6509583,37.532
1768499136.7579293,38.89
1768499136.8602448,46.621
1768499136.9625762,32.638
1768499137.0647182,43.792
1768499137.1668813,34.001
1768499137.2691035,38.102
1768499137.3712692,37.927
1768499137.4735336,35.757
1768499137.5755875,41.724
1768499137.6817622,32.539
1768499137.7840152,43.004
1768499137.8863552,34.199
1768499137.9886768,38.716
1768499138.0909216,39.284
1768499138.1931531,32.046
1768499138.2955763,46.719
1768499138.3979242,32.737
1768499138.5001693,43.325
1768499138.6097934,42.512
1768499138.7122653,33.804
1768499138.8146088,37.927
1768499138.9169064,38.693
1768499139.0194547,32.027
1768499139.121655,45.61
1768499139.2240531,32.718
1768499139.3312342,43.792
1768499139.4335542,34.001
1768499139.535796,39.58
1768499139.6381342,36.053
1768499139.7405376,36.94
1768499139.8429759,40.05
1768499139.9454358,32.046
1768499140.0476573,44.383
1768499140.1501791,32.836
1768499140.2551022,41.822
1768499140.35745,34.495
1768499140.4602995,37.039
1768499140.5625546,42.315
1768499140.6649315,32.441
1768499140.767215,41.625
1768499140.869535,35.087
1768499140.9721167,35.856
1768499141.0745687,44.259
1768499141.1807716,32.737
1768499141.283141,36.053
1768499141.385807,34.593
1768499141.4880261,46.326
1768499141.5902724,33.014
1768499141.6924417,38.913
1768499141.7947402,38.397
1768499141.8968723,31.947
1768499141.9990716,45.046
1768499142.1055834,33.902
1768499142.20794,36.468
1768499142.3102973,43.767
1768499142.4125896,32.521
1768499142.5153997,40.664
1768499142.6177151,42.019
1768499142.7199802,32.342
1768499142.8222127,42.906
1768499142.9244306,33.409
1768499143.0302658,40.369
1768499143.1325767,36.447
1768499143.2349012,34.889
1768499143.3372295,46.621
1768499143.4395142,32.62
1768499143.5417833,43.471
1768499143.6442134,34.1
1768499143.7465506,38.2
1768499143.8488903,40.467
1768499143.954712,32.144
1768499144.056974,44.724
1768499144.159323,33.113
1768499144.2617264,39.36
1768499144.364036,37.631
1768499144.4664063,31.848
1768499144.568687,47.577
1768499144.6709921,32.836
1768499144.7732532,41.133
1768499144.8802583,34.791
1768499144.982595,38.124
1768499145.0848432,38.518
1768499145.187184,31.947
1768499145.2937272,45.118
1768499145.396227,32.916
1768499145.5043485,35.165
1768499145.6070676,36.722
1768499145.709241,41.921
1768499145.811415,32.225
1768499145.913602,43.274
1768499146.0159986,33.606
1768499146.118199,39.186
1768499146.2203522,37.905
1768499146.3225992,33.31
1768499146.4281456,45.762
1768499146.53054,32.62
1768499146.632793,42.709
1768499146.7351148,33.686
1768499146.8373249,40.27
1768499146.9396288,37.138
1768499147.042051,36.546
1768499147.144372,42.388
1768499147.2467172,32.62
1768499147.3538456,43.052
1768499147.4561996,34.1
1768499147.5586007,39.383
1768499147.6609793,38.693
1768499147.763247,32.144
1768499147.8656466,42.585
1768499147.967967,33.804
1768499148.0703104,39.087
1768499148.1726599,37.806
1768499148.279334,31.947
1768499148.3817785,38.496
1768499148.4842074,38.989
1768499148.586631,31.947
1768499148.6889563,35.954
1768499148.791296,45.708
1768499148.8936436,32.718
1768499148.9960086,41.034
1768499149.0983388,36.053
1768499149.204441,33.587
1768499149.3066485,46.593
1768499149.4090364,33.212
1768499149.511294,38.89
1768499149.6138458,37.039
1768499149.7175288,31.83
1768499149.8199353,46.102
1768499149.9222994,33.212
1768499150.027365,37.313
1768499150.130358,32.108
1768499150.2325592,46.397
1768499150.334892,33.508
1768499150.4370663,37.138
1768499150.5392673,40.444
1768499150.641446,32.225
1768499150.7437382,42.585
1768499150.8459952,33.982
1768499150.9521515,36.447
1768499151.0544972,42.585
1768499151.1568828,32.62
1768499151.2593052,41.551
1768499151.361619,36.053
1768499151.4643464,34.672
1768499151.5666394,45.905
1768499151.6692245,33.014
1768499151.77147,41.133
1768499151.8798456,37.412
1768499151.9821098,31.929
1768499152.0844383,44.528
1768499152.18679,33.804
1768499152.2892554,35.933
1768499152.3917305,44.751
1768499152.4940553,32.62
1768499152.5964644,40.321
1768499152.702307,37.708
1768499152.8046243,31.929
1768499152.906922,45.44
1768499153.009168,33.212
1768499153.1114283,39.656
1768499153.2137108,36.053
1768499153.316214,34.08
1768499153.418641,44.921
1768499153.5211627,32.62
1768499153.6274776,39.459
1768499153.729765,37.018
1768499153.8322308,31.83
1768499153.9346313,41.059
1768499154.036994,35.165
1768499154.1404488,31.83
1768499154.2428398,44.134
1768499154.345231,32.817
1768499154.447478,41.724
1768499154.5535738,36.666
1768499154.6557853,41.699
1768499154.7580674,32.422
1768499154.860243,42.413
1768499154.962348,33.606
1768499155.0643969,38.474
1768499155.1666026,38.025
1768499155.2687404,32.126
1768499155.3709052,43.078
1768499155.473106,33.606
1768499155.5784898,38.89
1768499155.6808417,36.919
1768499155.7831738,34.771
1768499155.885531,43.201
1768499155.9877584,32.521
1768499156.0900054,43.201
1768499156.192331,34.889
1768499156.2946677,36.842
1768499156.3969157,42.61
1768499156.5033062,32.521
1768499156.605555,42.29
1768499156.7077913,35.165
1768499156.8101497,36.799
1768499156.9124234,40.542
1768499157.0146775,32.225
1768499157.116904,42.881
1768499157.2191296,33.113
1768499157.3214154,39.482
1768499157.4237566,37.806
1768499157.5297186,32.027
1768499157.6320019,44.528
1768499157.7343624,33.113
1768499157.836555,39.383
1768499157.9388103,36.743
1768499158.0410552,31.83
1768499158.1435597,45.708
1768499158.2459238,32.718
1768499158.3486266,40.148
1768499158.4553223,36.426
1768499158.5620432,35.244
1768499158.6643095,37.412
1768499158.7674706,39.777
1768499158.8697767,32.126
1768499158.9720511,44.849
1768499159.079323,41.428
1768499159.181397,34.771
1768499159.283527,37.412
1768499159.3856056,40.664
1768499159.4878476,35.56
1768499159.590151,33.31
1768499159.69234,33.31
1768499159.7944336,32.62
1768499159.896596,33.883
1768499160.0009768,36.842
1768499160.1030807,37.116
1768499160.205195,35.56
1768499160.3073063,34.573
1768499160.4094365,33.804
1768499160.511696,33.804
1768499160.613973,33.212
1768499160.7163386,32.718
1768499160.8184988,32.62
1768499160.9206588,32.718
1768499161.0228837,33.014
1768499161.125651,33.113
1768499161.227927,33.606
1768499161.3301027,36.032
1768499161.432359,36.349
1768499161.53465,35.658
1768499161.6369467,35.757
1768499161.739273,35.757
1768499161.8415887,31.947
1768499161.9439027,32.323
1768499162.0462239,32.62
1768499162.148602,32.817
1768499162.2535043,41.034
1768499162.3557587,33.804
1768499162.458011,36.94
1768499162.5603752,44.652
1768499162.6626618,33.113
1768499162.7648835,37.806
1768499162.8672452,42.118
1768499162.9695187,32.521
1768499163.0718155,43.274
1768499163.1743593,34.297
1768499163.2803802,36.405
1768499163.3827696,40.073
1768499163.4850616,32.126
1768499163.5876584,45.145
1768499163.6900125,33.014
1768499163.7928362,41.921
1768499163.8951943,35.56
1768499163.9975638,36.722
1768499164.0997868,32.225
1768499164.2066884,42.979
1768499164.308879,33.409
1768499164.4110003,40.073
1768499164.5132227,36.151
1768499164.6153395,36.053
1768499164.7174938,41.748
1768499164.8196917,32.422
1768499164.9219635,43.274
1768499165.024184,34.001
1768499165.1296217,38.299
1768499165.2318203,39.482
1768499165.3340802,32.225
1768499165.4363666,43.398
1768499165.5385609,33.508
1768499165.6409307,37.905
1768499165.7432504,39.383
1768499165.8454797,32.126
1768499165.9477444,42.585
1768499166.0499117,34.771
1768499166.1557794,37.313
1768499166.2580616,44.751
1768499166.3603878,32.62
1768499166.4626336,42.315
1768499166.5650115,34.771
1768499166.6672943,38.299
1768499166.7694979,38.003
1768499166.8718145,32.009
1768499166.9740279,45.046
1768499167.076257,32.422
1768499167.1821573,43.176
1768499167.284374,34.001
1768499167.3866937,38.496
1768499167.4890025,38.792
1768499167.591264,31.83
1768499167.6936789,45.046
1768499167.7965937,33.31
1768499167.8987975,42.807
1768499168.0010333,34.771
1768499168.106362,38.496
1768499168.2086203,37.434
1768499168.3108234,31.83
1768499168.4175582,42.585
1768499168.5197954,33.409
1768499168.6223335,32.798
1768499168.724627,32.817
1768499168.831078,41.921
1768499168.9332962,35.067
1768499169.035538,37.631
1768499169.1377563,39.284
1768499169.2399724,31.929
1768499169.3421943,47.184
1768499169.4444664,32.817
1768499169.5468857,42.487
1768499169.6491034,34.001
1768499169.7549307,38.89
1768499169.8572166,37.412
1768499169.9594705,31.83
1768499170.0618048,46.888
1768499170.164104,32.718
1768499170.266416,41.109
1768499170.3686087,34.771
1768499170.4708986,37.412
1768499170.573124,39.087
1768499170.675416,31.929
1768499170.7817159,46.79
1768499170.88404,32.718
1768499170.9862866,41.034
1768499171.0884733,35.856
1768499171.1909013,36.546
1768499171.293201,44.849
1768499171.395469,32.521
1768499171.4976685,43.668
1768499171.5999255,33.902
1768499171.7021778,38.868
1768499171.8074272,38.003
1768499171.9096928,31.83
1768499172.012058,45.932
1768499172.1143126,32.62
1768499172.216576,43.373
1768499172.3188407,34.376
1768499172.4210525,38.769
1768499172.52333,37.236
1768499172.625936,36.546
1768499172.732805,41.847
1768499172.8350184,32.225
1768499172.9373338,46.298
1768499173.0406897,32.718
1768499173.142887,41.995
1768499173.2451048,33.508
1768499173.3473203,41.33
1768499173.4495575,38.299
1768499173.552305,38.003
1768499173.658072,36.229
1768499173.7603664,40.838
1768499173.8625436,32.027
1768499173.9648159,44.751
1768499174.0670662,32.422
1768499174.169356,42.487
1768499174.2715943,33.409
1768499174.373913,42.954
1768499174.47611,34.199
1768499174.5783973,40.96
1768499174.6846116,35.56
1768499174.786916,37.215
1768499174.889139,39.087
1768499174.9915369,36.349
1768499175.0937066,41.428
1768499175.1961365,32.126
1768499175.2985911,46.2
1768499175.400924,32.718
1768499175.5033262,42.782
1768499175.6083453,33.804
1768499175.7105393,40.148
1768499175.8127942,35.461
1768499175.9150527,36.743
1768499176.0172539,40.838
1768499176.119492,32.126
1768499176.2217982,42.388
1768499176.3240714,33.804
1768499176.4263778,39.186
1768499176.5287952,37.905
1768499176.6346173,31.83
1768499176.7368293,47.254
1768499176.8392134,32.718
1768499176.9414756,43.694
1768499177.044332,34.001
1768499177.1466968,39.557
1768499177.249023,36.151
1768499177.3512847,35.362
1768499177.4534733,42.61
1768499177.5608974,32.323
1768499177.663296,43.694
1768499177.7655501,33.804
1768499177.8678327,42.093
1768499177.9700506,35.067
1768499178.0723407,37.215
1768499178.1745613,36.25
1768499178.2768044,47.577
1768499178.379088,32.521
1768499178.4837554,43.57
1768499178.586259,43.963
1768499178.6885936,32.521
1768499178.7908974,38.792
1768499178.8932228,45.637
1768499178.9955099,32.916
1768499179.097849,42.709
1768499179.2000883,34.771
1768499179.3024225,36.525
1768499179.4046433,41.724
1768499179.509792,32.422
1768499179.6120543,42.487
1768499179.7144332,34.376
1768499179.8166544,39.163
1768499179.9190166,37.215
1768499180.0213666,36.623
1768499180.1236606,41.921
1768499180.2259083,32.126
1768499180.3282487,42.585
1768499180.430504,33.31
1768499180.537511,40.148
1768499180.6398306,35.856
1768499180.742081,37.116
1768499180.8444257,41.724
1768499180.9468029,32.126
1768499181.0490088,45.708
1768499181.151304,33.113
1768499181.2535176,43.004
1768499181.3558404,35.264
1768499181.4624376,38.003
1768499181.5647388,38.89
1768499181.6674995,32.027
1768499181.7698002,46.664
1768499181.872188,32.62
1768499181.9744077,43.201
1768499182.0773904,34.475
1768499182.1796334,38.245
1768499182.283717,38.989
1768499182.3898246,32.027
1768499182.4921453,45.118
1768499182.5943775,33.31
1768499182.6965868,41.428
1768499182.7991796,35.56
1768499182.9016378,42.512
1768499183.0041986,32.323
1768499183.1062932,43.767
1768499183.2142665,33.804
1768499183.3165827,39.087
1768499183.4188998,36.447
1768499183.521186,36.229
1768499183.6233737,43.103
1768499183.7255542,32.323
1768499183.8278255,43.078
1768499183.930103,34.001
1768499184.0362601,37.927
1768499184.138452,38.102
1768499184.2408514,31.929
1768499184.3433163,47.015
1768499184.445497,32.62
1768499184.5477273,43.497
1768499184.6499093,34.001
1768499184.7521534,39.656
1768499184.8544247,36.25
1768499184.9567332,36.447
1768499185.0626776,43.3
1768499185.1648793,32.718
1768499185.2671888,42.979
1768499185.369518,34.968
1768499185.471886,38.025
1768499185.5741484,38.595
1768499185.676484,33.409
1768499185.778927,45.44
1768499185.8812249,32.422
1768499185.9861066,42.512
1768499186.088526,33.883
1768499186.1907907,39.58
1768499186.293095,36.743
1768499186.3953931,33.489
1768499186.498166,45.834
1768499186.6004248,32.422
1768499186.702779,43.176
1768499186.8060071,33.705
1768499186.9112346,38.792
1768499187.0136425,38.102
1768499187.1159017,32.027
1768499187.2182264,45.905
1768499187.320501,32.521
1768499187.4227982,34.771
1768499187.525141,36.919
1768499187.627318,41.724
1768499187.729437,32.323
1768499187.8317616,42.487
1768499187.9371574,34.001
1768499188.0393877,38.102
1768499188.1416895,39.36
1768499188.2440512,31.929
1768499188.3464599,42.757
1768499188.448772,34.869
1768499188.5510879,31.633
1768499188.6536372,39.065
1768499188.7559872,37.708
1768499188.86136,31.929
1768499188.9638147,45.216
1768499189.0661745,33.113
1768499189.168446,42.906
1768499189.2707303,35.067
1768499189.3729887,38.124
1768499189.4751897,39.383
1768499189.5773952,32.027
1768499189.6796172,47.184
1768499189.7857933,34.278
1768499189.8880668,33.705
1768499189.9904783,33.212
1768499190.0927086,32.62
1768499190.1949482,35.362
1768499190.2971797,37.138
1768499190.3993912,37.138
1768499190.501789,32.521
1768499190.6041787,34.199
1768499190.70766,33.902
1768499190.809892,33.804
1768499190.9122674,33.606
1768499191.0144866,33.804
1768499191.116615,33.705
1768499191.2187705,33.508
1768499191.324844,33.508
1768499191.427122,33.902
1768499191.5293298,34.396
1768499191.6344547,34.672
1768499191.736628,35.165
1768499191.8389843,35.362
1768499191.9412487,35.362
1768499192.0435083,36.349
1768499192.1471827,37.434
1768499192.2493494,36.94
1768499192.3515112,35.856
1768499192.453631,31.157
1768499192.5594478,32.027
1768499192.661783,38.966
1768499192.7641912,41.428
1768499192.8664215,32.62
1768499192.9687974,40.641
1768499193.0710745,35.264
1768499193.173464,37.532
1768499193.2757304,42.118
1768499193.378046,32.62
1768499193.4851813,40.814
1768499193.5874145,35.954
1768499193.6897075,36.743
1768499193.7920032,43.15
1768499193.8942456,32.817
1768499193.996569,39.186
1768499194.098826,40.148
1768499194.201125,32.027
1768499194.303428,47.085
1768499194.409237,32.817
1768499194.5115547,42.61
1768499194.613842,34.573
1768499194.7162907,38.2
1768499194.8186767,38.769
1768499194.9210503,32.027
1768499195.0233996,44.285
1768499195.1256216,33.212
1768499195.2279036,40.739
1768499195.3301165,36.131
1768499195.4359088,35.856
1768499195.5380995,42.585
1768499195.640331,32.422
1768499195.7476997,42.881
1768499195.8499918,34.199
1768499195.9520996,38.966
1768499196.0542364,37.039
1768499196.1596763,36.053
1768499196.2621357,42.906
1768499196.3644729,32.521
1768499196.4667425,33.705
1768499196.5700521,41.33
1768499196.6721191,35.264
1768499196.7742019,37.806
1768499196.8766236,38.89
1768499196.9786735,32.817
1768499197.0836682,45.216
1768499197.1858695,32.521
1768499197.2882316,43.497
1768499197.390479,33.902
1768499197.492749,41.133
1768499197.595004,35.757
1768499197.6972814,36.229
1768499197.7995663,42.782
1768499197.9019191,32.323
1768499198.0041878,42.487
1768499198.1096156,33.31
1768499198.2117803,43.15
1768499198.3141153,35.856
1768499198.4163108,37.51
1768499198.5185316,41.133
1768499198.6209233,36.151
1768499198.723231,33.864
1768499198.825567,46.888
1768499198.927925,33.113
1768499199.034633,41.133
1768499199.136907,36.053
1768499199.23928,36.151
1768499199.341543,42.192
1768499199.4439013,32.422
1768499199.5462174,42.881
1768499199.648531,34.001
1768499199.7507827,38.375
1768499199.8532069,37.236
1768499199.9610543,31.83
1768499200.0633268,45.189
1768499200.1655705,33.508
1768499200.2698812,39.087
1768499200.3723388,38.496
1768499200.4746118,32.126
1768499200.577406,45.046
1768499200.683803,33.409
1768499200.7860389,39.754
1768499200.8883708,36.349
1768499200.9906743,46.129
1768499201.0928152,32.916
1768499201.1950023,40.739
1768499201.297161,35.856
1768499201.3993397,31.83
1768499201.501535,45.708
1768499201.6036658,33.31
1768499201.7084916,40.27
1768499201.8109422,36.82
1768499201.9132762,31.947
1768499202.0156145,42.782
1768499202.1178906,34.968
1768499202.220372,36.94
1768499202.3228216,40.345
1768499202.4251711,32.126
1768499202.5275376,45.216
1768499202.6336231,33.212
1768499202.7358756,42.979
1768499202.8380306,34.396
1768499202.9402652,38.496
1768499203.0424623,38.003
1768499203.1447515,36.349
1768499203.2470374,44.088
1768499203.349413,32.323
1768499203.451672,42.585
1768499203.554021,33.705
1768499203.6576734,39.284
1768499203.7599382,37.236
1768499203.8623807,36.525
1768499203.9645896,42.315
1768499204.0670211,32.225
1768499204.1692224,47.479
1768499204.271525,32.817
1768499204.373781,42.413
1768499204.476123,34.869
1768499204.5788946,37.708
1768499204.684908,39.974
1768499204.7870784,32.126
1768499204.8893733,43.668
1768499204.9920151,32.323
1768499205.094232,43.741
1768499205.1964042,33.31
1768499205.2986243,41.625
1768499205.4009123,35.165
1768499205.5032215,37.806
1768499205.6053371,39.087
1768499205.7104044,32.225
1768499205.8128045,47.352
1768499205.9150784,42.684
1768499206.0174606,34.179
1768499206.1196141,40.467
1768499206.2217603,35.954
1768499206.3237734,37.708
1768499206.4258885,38.496
1768499206.5280297,34.159
1768499206.6301978,44.259
1768499206.736486,32.422
1768499206.8388178,44.062
1768499206.9410784,33.113
1768499207.0433848,43.792
1768499207.14561,33.804
1768499207.2478752,40.838
1768499207.3501086,35.165
1768499207.4523358,38.277
1768499207.554538,38.102
1768499207.660462,31.929
1768499207.7626824,44.974
1768499207.8649247,32.521
1768499207.9673367,42.979
1768499208.0695412,33.705
1768499208.171878,40.641
1768499208.274053,35.856
1768499208.376322,31.911
1768499208.478607,45.806
1768499208.5809045,32.718
1768499208.6871457,35.658
1768499208.789411,44.974
1768499208.8916044,32.718
1768499208.9938214,42.512
1768499209.096111,33.902
1768499209.1983714,39.482
1768499209.3007014,36.82
1768499209.4034348,32.027
1768499209.5057452,44.528
1768499209.61363,33.113
1768499209.7159054,40.247
1768499209.8195338,36.645
1768499209.9218237,36.447
1768499210.0242925,44.974
1768499210.1265566,32.916
1768499210.2288747,42.855
1768499210.3310637,34.771
1768499210.4360473,37.51
1768499210.5383153,32.027
1768499210.641327,47.015
1768499210.7435951,32.817
1768499210.8456547,42.979
1768499210.9477801,34.1
1768499211.0499148,39.065
1768499211.1520102,37.018
1768499211.2541394,36.151
1768499211.356224,44.876
1768499211.4625552,32.422
1768499211.5649211,42.881
1768499211.6670969,33.705
1768499211.7693033,41.798
1768499211.8714743,35.461
1768499211.9736464,39.087
1768499212.075804,37.412
1768499212.1780457,37.313
1768499212.280316,41.133
1768499212.3826463,32.225
1768499212.48855,42.709
1768499212.5907974,33.804
1768499212.6931055,38.55
1768499212.7953777,37.313
1768499212.8976471,36.645
1768499212.9998827,42.684
1768499213.102144,32.225
1768499213.2044833,43.544
1768499213.3068392,33.508
1768499213.4124146,39.186
1768499213.5149076,37.609
1768499213.6171873,35.264
1768499213.719392,44.062
1768499213.821675,32.521
1768499213.9239147,42.093
1768499214.0268016,34.001
1768499214.1291394,38.693
1768499214.2316444,37.609
1768499214.338799,31.929
1768499214.441097,45.878
1768499214.5433724,33.014
1768499214.646479,41.921
1768499214.7490633,35.165
1768499214.8514311,38.003
1768499214.9537282,38.989
1768499215.0559394,32.126
1768499215.1635783,32.718
1768499215.2657526,42.979
1768499215.3678362,34.297
1768499215.4700744,40.073
1768499215.5724385,36.349
1768499215.674626,36.82
1768499215.777305,40.641
1768499215.8795207,32.323
1768499215.9816546,45.189
1768499216.087713,33.31
1768499216.1899142,43.3
1768499216.292291,34.376
1768499216.394662,36.94
1768499216.4969325,42.61
1768499216.5992439,32.422
1768499216.701637,43.176
1768499216.8038566,33.508
1768499216.90616,41.207
1768499217.0125356,36.053
1768499217.1147819,38.003
1768499217.2170296,39.853
1768499217.3192458,32.027
1768499217.4214778,44.456
1768499217.5237343,33.606
1768499217.6262987,39.459
1768499217.7286453,37.708
1768499217.8308809,33.291
1768499217.9371305,47.155
1768499218.0395005,32.62
1768499218.141855,43.274
1768499218.244132,33.212
1768499218.3464894,40.223
1768499218.4486814,36.151
1768499218.5509806,31.83
1768499218.6532013,39.557
1768499218.755572,37.51
1768499218.863101,34.771
1768499218.96527,43.57
1768499219.067543,32.521
1768499219.1708884,43.078
1768499219.2730784,33.212
1768499219.3753889,42.118
1768499219.4777243,35.362
1768499219.5800855,37.686
1768499219.682375,38.102
1768499219.7868865,45.61
1768499219.8899958,32.817
1768499219.9920852,43.471
1768499220.094238,35.264
1768499220.1964664,33.606
1768499220.2985659,32.916
1768499220.4006274,32.521
1768499220.5027351,34.08
1768499220.6048808,36.546
1768499220.707097,37.51
1768499220.8099937,36.82
1768499220.912124,35.856
1768499221.0142128,34.475
1768499221.1163287,34.199
1768499221.2186575,33.606
1768499221.3208697,33.902
1768499221.423053,34.376
1768499221.5252137,34.988
1768499221.6274395,35.165
1768499221.7297313,35.264
1768499221.8320386,35.067
1768499221.9343228,35.56
1768499222.0393505,35.461
1768499222.1418197,35.954
1768499222.244144,36.053
1768499222.346528,37.236
1768499222.4488244,37.018
1768499222.551291,36.349
1768499222.65348,34.869
1768499222.755781,36.053
1768499222.8580234,40.345
1768499222.9602468,34.672
1768499223.066665,31.929
1768499223.168811,44.626
1768499223.2710876,33.113
1768499223.3732526,40.444
1768499223.4754488,35.658
1768499223.5776603,36.743
1768499223.6799777,42.61
1768499223.782265,32.62
1768499223.8845346,42.315
1768499223.9931977,34.672
1768499224.0954332,38.102
1768499224.1978288,40.05
1768499224.3000576,32.323
1768499224.402241,45.511
1768499224.5044699,33.409
1768499224.606743,38.966
1768499224.7090943,37.039
1768499224.8114083,35.638
1768499224.9180603,32.718
1768499225.0202794,43.891
1768499225.1224627,33.902
1768499225.2246697,38.617
1768499225.3267288,39.284
1768499225.4288747,32.225
1768499225.5310616,46.79
1768499225.6332092,32.916
1768499225.735354,43.668
1768499225.837527,33.606
1768499225.943452,41.034
1768499226.0457056,34.593
1768499226.1479073,40.073
1768499226.2500858,35.461
1768499226.352257,37.565
1768499226.4544308,37.236
1768499226.5567174,36.053
1768499226.6590128,41.822
1768499226.7612422,32.422
1768499226.8636994,44.554
1768499226.9693732,33.212
1768499227.071611,41.428
1768499227.1737375,35.067
1768499227.2759662,38.124
1768499227.3781657,39.087
1768499227.4803398,32.521
1768499227.5825562,42.709
1768499227.6849062,35.856
1768499227.787218,37.434
1768499227.8894305,40.345
1768499227.9916375,32.323
1768499228.0973449,44.823
1768499228.1995409,33.31
1768499228.302308,38.518
1768499228.4044993,37.708
1768499228.5083296,32.126
1768499228.6107259,36.349
1768499228.7129552,42.782
1768499228.8162763,32.62
1768499228.9213426,43.274
1768499229.0236504,33.705
1768499229.1259196,40.96
1768499229.2281482,35.165
1768499229.3303294,37.412
1768499229.4325926,37.828
1768499229.5347793,33.804
1768499229.6370006,44.233
1768499229.739294,32.916
1768499229.8416474,33.409
1768499229.9496863,41.133
1768499230.051844,35.362
1768499230.153885,37.313
1768499230.2560308,38.474
1768499230.3581038,35.954
1768499230.4601798,41.896
1768499230.562315,32.422
1768499230.6643798,45.118
1768499230.7665675,33.014
1768499230.8716488,43.249
1768499230.9738083,34.001
1768499231.0760746,39.974
1768499231.1783278,36.645
1768499231.2805147,37.532
1768499231.3827431,39.482
1768499231.4850752,32.225
1768499231.587374,46.987
1768499231.6896102,32.718
1768499231.7919247,43.471
1768499231.8969164,34.475
1768499231.9991632,38.474
1768499232.1014035,36.447
1768499232.2036417,36.032
1768499232.3058465,41.109
1768499232.408051,32.323
1768499232.5102575,45.637
1768499232.6125839,33.212
1768499232.7149086,41.33
1768499232.8172016,35.362
1768499232.922799,38.102
1768499233.0251088,37.51
1768499233.1273072,36.94
1768499233.229597,40.641
1768499233.3319998,32.422
1768499233.4342172,44.554
1768499233.5364468,33.212
1768499233.639607,41.601
1768499233.7419684,34.672
1768499233.8475363,39.58
1768499233.9498253,37.138
1768499234.052118,35.954
1768499234.1543458,42.709
1768499234.2565882,32.323
1768499234.3588738,46.298
1768499234.4612236,32.521
1768499234.5634196,43.274
1768499234.665678,36.94
1768499234.7679389,41.133
1768499234.8745995,32.225
1768499234.976887,46.566
1768499235.0791607,32.718
1768499235.1814804,43.274
1768499235.2837412,33.508
1768499235.3859794,40.912
1768499235.488391,35.067
1768499235.5906987,38.299
1768499235.6930184,38.102
1768499235.797765,34.771
1768499235.9002354,43.767
1768499236.0025365,32.521
1768499236.1047943,43.176
1768499236.2069755,33.902
1768499236.3091693,40.617
1768499236.4113383,35.362
1768499236.5135179,36.645
1768499236.61575,41.724
1768499236.718093,32.225
1768499236.82406,47.577
1768499236.9263046,32.718
1768499237.0285048,43.471
1768499237.1307726,33.705
1768499237.2329626,41.896
1768499237.3352041,36.349
1768499237.4374602,37.116
1768499237.539759,40.641
1768499237.6421309,32.225
1768499237.7485983,42.881
1768499237.8508532,33.606
1768499237.9531076,39.951
1768499238.0553002,36.447
1768499238.157418,36.962
1768499238.2597225,41.33
1768499238.3630664,32.521
1768499238.4652956,43.398
1768499238.5675955,33.508
1768499238.6738849,32.126
1768499238.7762606,45.189
1768499238.8786166,33.508
1768499238.9808795,31.929
1768499239.0831707,44.357
1768499239.1854315,33.31
1768499239.2876396,43.201
1768499239.3899798,38.003
1768499239.4928234,39.58
1768499239.5986524,32.126
1768499239.7008836,47.085
1768499239.8030827,32.916
1768499239.9053757,43.078
1768499240.0076182,34.001
1768499240.1098523,41.109
1768499240.2120786,35.264
1768499240.3143086,39.383
1768499240.4165714,37.335
1768499240.5224721,36.743
1768499240.6247752,40.715
1768499240.7270107,32.323
1768499240.8292794,43.937
1768499240.9316866,32.422
1768499241.0338745,46.664
1768499241.136224,32.62
1768499241.2384863,43.767
1768499241.3408806,32.916
1768499241.447498,42.979
1768499241.5496948,33.705
1768499241.6519034,42.265
1768499241.7541523,34.1
1768499241.8563266,42.118
1768499241.958634,34.593
1768499242.060805,40.518
1768499242.1630688,35.264
1768499242.2652464,39.679
1768499242.3676178,36.525
1768499242.4735265,36.919
1768499242.5760727,41.034
1768499242.6782532,32.225
1768499242.7804205,46.2
1768499242.8827443,32.62
1768499242.985426,43.741
1768499243.0876205,33.212
1768499243.1899068,43.201
1768499243.2921624,34.278
1768499243.3981814,41.133
1768499243.5005124,35.757
1768499243.6028895,37.587
1768499243.7051427,38.102
1768499243.807374,35.362
1768499243.9097786,43.767
1768499244.0121038,42.093
1768499244.1159832,33.606
1768499244.222052,39.754
1768499244.324275,36.151
1768499244.426534,36.546
1768499244.5287545,41.231
1768499244.6309445,32.225
1768499244.7331774,44.429
1768499244.8353913,33.113
1768499244.9376297,41.503
1768499245.0399916,35.56
1768499245.1423757,37.313
1768499245.2487504,40.172
1768499245.351194,32.027
1768499245.4534721,47.872
1768499245.5557756,32.916
1768499245.6580966,43.103
1768499245.760303,33.902
1768499245.8625095,40.42
1768499245.964818,36.151
1768499246.0670786,37.806
1768499246.173296,46.03
1768499246.2757676,33.508
1768499246.378134,39.284
1768499246.480444,38.792
1768499246.5828857,32.225
1768499246.685195,45.511
1768499246.7875774,33.014
1768499246.8898404,43.274
1768499246.9925807,34.001
1768499247.0984247,39.951
1768499247.205112,35.757
1768499247.307505,36.349
1768499247.4102633,41.33
1768499247.5127785,32.323
1768499247.6150694,42.855
1768499247.721729,34.001
1768499247.8241036,38.178
1768499247.9266582,37.806
1768499248.028879,33.804
1768499248.1313946,45.315
1768499248.2336416,44.036
1768499248.3376937,33.804
1768499248.440273,38.451
1768499248.5463488,45.834
1768499248.6487627,34.199
1768499248.7510977,39.383
1768499248.8533366,36.525
1768499248.9556139,37.412
1768499249.0578349,40.664
1768499249.1603508,32.225
1768499249.2626784,42.61
1768499249.364904,34.771
1768499249.4698288,38.496
1768499249.5721705,39.482
1768499249.6746604,32.126
1768499249.7770538,46.397
1768499249.8793156,33.014
1768499249.981614,43.891
1768499250.0840297,33.982
1768499250.1864338,34.771
1768499250.288664,33.508
1768499250.3926072,32.817
1768499250.4949396,33.784
1768499250.5971148,37.412
1768499250.6992586,36.645
1768499250.8015547,34.278
1768499250.903925,33.409
1768499251.0062673,32.718
1768499251.1085086,36.623
1768499251.2112472,37.532
1768499251.313549,35.165
1768499251.4161685,33.705
1768499251.5183842,33.212
1768499251.6206164,32.422
1768499251.7228491,33.508
1768499251.826245,33.409
1768499251.9285665,32.521
1768499252.030903,36.546
1768499252.1331909,36.722
1768499252.2355418,36.645
1768499252.3379328,36.447
1768499252.442816,35.757
1768499252.545269,32.225
1768499252.6475596,32.422
1768499252.7498045,35.362
1768499252.8520439,41.527
1768499252.9542174,34.692
1768499253.0565057,44.062
1768499253.1587539,32.521
1768499253.2608948,43.078
1768499253.3632922,33.409
1768499253.4688017,40.763
1768499253.5711484,36.25
1768499253.6733937,35.757
1768499253.7756011,42.388
1768499253.8778365,32.323
1768499253.980079,46.495
1768499254.082429,32.62
1768499254.1847107,42.659
1768499254.287058,33.508
1768499254.3894527,42.487
1768499254.4956949,35.56
1768499254.5979748,38.89
1768499254.7002854,38.496
1768499254.802635,36.349
1768499254.9049025,42.585
1768499255.007201,32.422
1768499255.1096776,44.626
1768499255.2120717,33.409
1768499255.3143601,40.641
1768499255.4193065,37.335
1768499255.5215576,36.743
1768499255.623845,41.798
1768499255.7261639,32.422
1768499255.828488,45.61
1768499255.9306965,33.014
1768499256.0330472,43.176
1768499256.135439,34.08
1768499256.2376513,41.33
1768499256.339898,35.856
1768499256.4463723,38.003
1768499256.5501354,38.989
1768499256.652364,34.968
1768499256.754724,43.865
1768499256.8569155,32.422
1768499256.9592235,47.057
1768499257.061435,32.718
1768499257.1638048,43.668
1768499257.2696748,33.212
1768499257.3720634,42.684
1768499257.4743245,33.902
1768499257.5766592,40.641
1768499257.6788974,36.82
1768499257.7819152,40.739
1768499257.88417,32.225
1768499257.9863546,46.566
1768499258.0885525,32.916
1768499258.1936057,43.373
1768499258.2959907,35.264
1768499258.3983064,37.236
1768499258.5006115,41.207
1768499258.603014,41.896
1768499258.705355,32.521
1768499258.8076055,43.767
1768499258.909843,34.001
1768499259.0122166,42.388
1768499259.1143942,34.278
1768499259.2192736,40.617
1768499259.3214135,34.573
1768499259.4236841,40.444
1768499259.5259154,36.053
1768499259.6281831,37.828
1768499259.7303965,40.345
1768499259.832639,35.067
1768499259.9348502,43.497
1768499260.0373948,32.718
1768499260.1445086,38.792
1768499260.2468343,36.842
1768499260.349255,36.94
1768499260.4516318,41.231
1768499260.5539174,32.422
1768499260.6569192,44.429
1768499260.7593482,33.113
1768499260.8616827,43.274
1768499260.963996,33.902
1768499261.0709035,40.763
1768499261.1731317,36.151
1768499261.2760453,38.003
1768499261.3782961,38.496
1768499261.4805257,36.229
1768499261.5827668,44.652
1768499261.684981,32.62
1768499261.7874029,42.906
1768499261.894444,33.804
1768499261.9966927,41.699
1768499262.098878,35.165
1768499262.2012362,37.215
1768499262.3044534,37.631
1768499262.406546,37.806
1768499262.5086005,33.489
1768499262.6107826,42.585
1768499262.7129269,32.422
1768499262.8180861,45.484
1768499262.9202476,32.916
1768499263.0225182,43.471
1768499263.1247206,33.31
1768499263.227003,43.865
1768499263.3292058,33.982
1768499263.4314744,40.838
1768499263.533645,35.757
1768499263.635934,38.299
1768499263.7381635,38.496
1768499263.8438506,33.489
1768499263.946346,44.134
1768499264.048649,32.422
1768499264.1509376,45.905
1768499264.2531738,33.113
1768499264.355421,42.782
1768499264.4576628,34.1
1768499264.560045,39.853
1768499264.6622546,35.856
1768499264.7644572,38.2
1768499264.8692477,38.572
1768499264.9714766,36.447
1768499265.0736794,41.921
1768499265.1759262,32.225
1768499265.2784038,47.549
1768499265.3805964,32.718
1768499265.4827921,42.659
1768499265.585054,33.508
1768499265.6878498,41.921
1768499265.7901032,34.968
1768499265.8976812,40.148
1768499265.9998746,36.053
1768499266.1020849,37.587
1768499266.2042294,37.313
1768499266.3064277,37.116
1768499266.4086046,40.444
1768499266.5108268,32.323
1768499266.6130862,43.544
1768499266.7199636,33.409
1768499266.822336,40.739
1768499266.924715,38.102
1768499267.0279367,38.003
1768499267.129983,36.426
1768499267.232133,42.487
1768499267.3341846,32.422
1768499267.436262,44.698
1768499267.5384014,33.508
1768499267.644009,40.247
1768499267.746241,36.053
1768499267.848491,37.905
1768499267.950736,38.595
1768499268.0530148,35.638
1768499268.1552145,42.807
1768499268.2575212,32.422
1768499268.359879,40.641
1768499268.4622297,35.658
1768499268.5645373,31.929
1768499268.6694837,39.284
1768499268.7718008,37.018
1768499268.8742082,36.349
1768499268.9765766,44.259
1768499269.0788453,32.62
1768499269.1811252,43.398
1768499269.2834258,33.705
1768499269.3857615,41.133
1768499269.4881556,36.25
1768499269.59521,36.447
1768499269.6975017,44.921
1768499269.799857,32.916
1768499269.902158,42.413
1768499270.004363,34.869
1768499270.1065722,38.814
1768499270.2088964,38.2
1768499270.3111877,34.968
1768499270.4134855,44.652
1768499270.515664,32.521
1768499270.6209729,42.585
1768499270.7233057,34.199
1768499270.825622,39.087
1768499270.9278991,36.546
1768499271.0301225,36.82
1768499271.1323135,40.739
1768499271.2345867,32.225
1768499271.3368082,47.549
1768499271.4389915,32.817
1768499271.5453234,42.757
1768499271.6475103,33.804
1768499271.749778,35.757
1768499271.8521874,37.806
1768499271.954241,38.716
1768499272.0564759,33.508
1768499272.158609,44.233
1768499272.2607226,32.817
1768499272.3628724,43.176
1768499272.4697506,35.362
1768499272.5720015,37.313
1768499272.6743195,41.625
1768499272.7765608,32.422
1768499272.8787699,43.274
1768499272.9811134,33.606
1768499273.0834563,43.3
1768499273.1857846,34.968
1768499273.2880502,39.754
1768499273.3947215,39.065
1768499273.497056,32.225
1768499273.5994787,43.497
1768499273.7020862,33.587
1768499273.8045945,42.315
1768499273.9069397,35.165
1768499274.0092258,37.905
1768499274.1114724,38.617
1768499274.2137709,34.771
1768499274.3192024,45.932
1768499274.4214847,32.817
1768499274.5237796,42.979
1768499274.6260328,33.902
1768499274.7281678,41.921
1768499274.8305047,34.968
1768499274.9326522,39.876
1768499275.0349329,36.623
1768499275.138106,37.51
1768499275.2433941,39.065
1768499275.3455892,36.743
1768499275.4478035,42.118
1768499275.5500574,32.323
1768499275.6522818,46.298
1768499275.7544816,33.113
1768499275.8567004,43.078
1768499275.9590108,34.1
1768499276.0612164,40.542
1768499276.1634495,35.757
1768499276.2691476,37.905
1768499276.3713267,36.743
1768499276.4749203,44.088
1768499276.5772505,33.212
1768499276.6794052,42.881
1768499276.781594,34.771
1768499276.883721,39.383
1768499276.9858005,36.623
1768499277.0879273,36.328
1768499277.1946766,39.656
1768499277.2968745,32.126
1768499277.399082,43.373
1768499277.5013115,32.62
1768499277.6034844,43.274
1768499277.705631,33.508
1768499277.8079193,42.979
1768499277.9102397,34.573
1768499278.012457,39.557
1768499278.1194303,36.349
1768499278.2216284,38.299
1768499278.3238907,39.459
1768499278.426096,35.461
1768499278.5283875,45.019
1768499278.6307044,37.335
1768499278.7330115,33.489
1768499278.8352838,46.424
1768499278.9375248,32.916
1768499279.0439558,42.118
1768499279.1461978,35.658
1768499279.2484682,38.102
1768499279.3507159,39.284
1768499279.4530363,32.225
1768499279.5552053,45.413
1768499279.6575751,33.113
1768499279.760456,42.881
1768499279.8626945,34.771
1768499279.969179,43.471
1768499280.0714447,35.856
1768499280.1736038,34.278
1768499280.2758234,33.606
1768499280.3780017,32.916
1768499280.4802995,36.053
1768499280.5824876,37.708
1768499280.6845872,36.053
1768499280.786795,34.593
1768499280.8899655,33.409
1768499280.9921854,36.94
1768499281.0954623,37.981
1768499281.1976502,36.447
1768499281.2996945,34.593
1768499281.4017925,33.606
1768499281.503902,33.113
1768499281.6060145,33.508
1768499281.7081256,33.508
1768499281.8101606,33.508
1768499281.9155138,33.508
1768499282.0178773,33.508
1768499282.120135,33.606
1768499282.2223198,34.396
1768499282.3245478,36.525
1768499282.4268196,33.014
1768499282.529165,31.552
1768499282.631429,36.82
1768499282.7337132,32.718
1768499282.8360248,38.496
1768499282.9427125,42.807
1768499283.0448942,32.718
1768499283.147517,39.853
1768499283.249786,37.412
1768499283.352315,36.525
1768499283.4545765,41.724
1768499283.5571544,32.323
1768499283.6594272,44.528
1768499283.7617526,33.113
1768499283.8672745,42.979
1768499283.969732,34.001
1768499284.0718763,41.33
1768499284.1740408,36.447
1768499284.27622,36.546
1768499284.3792562,42.709
1768499284.4815505,32.422
1768499284.5837789,46.888
1768499284.6859891,33.014
1768499284.7921925,42.782
1768499284.8943388,33.508
1768499284.9965427,41.798
1768499285.0987067,34.475
1768499285.2010815,41.33
1768499285.3032987,36.053
1768499285.4054933,37.51
1768499285.5077522,38.792
1768499285.610041,32.323
1768499285.7175565,33.014
1768499285.819677,43.274
1768499285.9218833,33.606
1768499286.023974,41.109
1768499286.12616,35.165
1768499286.2283564,38.496
1768499286.330569,38.595
1768499286.432666,36.328
1768499286.5348763,41.503
1768499286.6370153,32.422
1768499286.7425728,46.664
1768499286.8448446,32.916
1768499286.9471073,43.446
1768499287.0493019,33.804
1768499287.151568,41.625
1768499287.2537868,35.461
1768499287.3561049,39.383
1768499287.4583628,36.82
1768499287.5606122,36.645
1768499287.662906,45.243
1768499287.767957,32.718
1768499287.8701658,45.932
1768499287.9724407,33.113
1768499288.0746825,41.601
1768499288.1768532,34.199
1768499288.279081,38.397
1768499288.381307,37.532
1768499288.4835346,36.032
1768499288.5860755,41.503
1768499288.6883879,36.447
1768499288.7951074,36.645
1768499288.897408,40.838
1768499288.99972,32.422
1768499289.1023574,46.003
1768499289.2046409,32.817
1768499289.3068516,43.078
1768499289.408979,33.705
1768499289.5112123,40.641
1768499289.6134577,35.56
1768499289.7188072,36.623
1768499289.8211443,39.557
1768499289.9234045,35.461
1768499290.0256953,41.822
1768499290.1278982,32.521
1768499290.2301488,46.79
1768499290.3323638,33.113
1768499290.4347382,43.15
1768499290.536911,33.902
1768499290.6433911,35.658
1768499290.7462454,37.313
1768499290.848309,39.482
1768499290.9504073,32.225
1768499291.0525184,45.735
1768499291.1546967,32.817
1768499291.2568886,43.989
1768499291.359212,34.278
1768499291.4614022,39.186
1768499291.563583,37.806
1768499291.669011,32.225
1768499291.7713277,46.2
1768499291.8735642,33.113
1768499291.9758964,41.404
1768499292.0781882,35.757
1768499292.1804972,37.51
1768499292.28288,40.247
1768499292.3851986,32.422
1768499292.4875674,46.959
1768499292.5898373,33.014
1768499292.6961982,43.373
1768499292.798426,34.297
1768499292.9008555,41.133
1768499293.0032449,35.56
1768499293.1056724,36.525
1768499293.2079964,43.103
1768499293.310267,33.31
1768499293.4125192,43.103
1768499293.514946,34.968
1768499293.621489,36.349
1768499293.7236967,41.33
1768499293.825922,32.422
1768499293.9294384,43.937
1768499294.0316103,33.508
1768499294.133888,41.133
1768499294.2361147,35.362
1768499294.33838,36.546
1768499294.4407153,46.227
1768499294.5456057,32.817
1768499294.6478379,40.247
1768499294.750584,42.487
1768499294.8529232,32.817
1768499294.9553952,37.905
1768499295.0576625,40.27
1768499295.1601017,32.521
1768499295.2625597,36.743
1768499295.3648884,39.679
1768499295.470252,46.888
1768499295.5732412,33.014
1768499295.6753983,42.979
1768499295.7774882,34.001
1768499295.879727,39.951
1768499295.9819798,36.053
1768499296.084084,36.426
1768499296.186188,40.542
1768499296.2884576,32.521
1768499296.3904867,46.271
1768499296.4964285,33.31
1768499296.5986714,41.01
1768499296.7010434,35.954
1768499296.8034265,37.335
1768499296.9059436,39.754
1768499297.008233,32.422
1768499297.1104927,46.888
1768499297.2127333,32.916
1768499297.3149543,43.078
1768499297.4205105,34.869
1768499297.5227356,37.828
1768499297.6249983,39.876
1768499297.72726,32.323
1768499297.8294616,44.259
1768499297.9316504,32.62
1768499298.0338838,44.626
1768499298.1361341,33.409
1768499298.2386744,41.921
1768499298.3410366,36.25
1768499298.4480953,36.645
1768499298.5503333,43.497
1768499298.6529615,38.89
1768499298.7553227,32.126
1768499298.8575506,42.487
1768499298.9597611,36.645
1768499299.0619826,32.422
1768499299.1641684,41.822
1768499299.2663054,35.461
1768499299.3733964,37.215
1768499299.475636,41.428
1768499299.5778852,32.718
1768499299.6801963,40.148
1768499299.782459,36.623
1768499299.8847651,37.018
1768499299.9872313,40.641
1768499300.089374,32.521
1768499300.191665,32.817
1768499300.2993844,42.684
1768499300.4017186,34.869
1768499300.5040753,37.708
1768499300.6063592,41.527
1768499300.7085247,32.323
1768499300.810728,46.692
1768499300.912923,32.916
1768499301.0151327,43.373
1768499301.1173139,33.606
1768499301.2226102,43.471
1768499301.3247888,34.475
1768499301.4270506,39.951
1768499301.5293899,36.349
1768499301.6318002,36.722
1768499301.7341719,42.118
1768499301.8365426,32.521
1768499301.9388244,44.626
1768499302.0411243,33.113
1768499302.1488044,42.906
1768499302.2511191,34.573
1768499302.3532817,38.671
1768499302.4555707,38.124
1768499302.5577488,35.638
1768499302.6605241,46.467
1768499302.7628367,32.916
1768499302.8650575,43.004
1768499302.9673994,35.264
1768499303.0741432,38.025
1768499303.176524,39.58
1768499303.278717,32.126
1768499303.3811886,46.762
1768499303.4839532,32.916
1768499303.586307,43.103
1768499303.6886613,34.869
1768499303.790886,38.003
1768499303.897962,39.754
1768499304.000128,32.422
1768499304.1023345,46.762
1768499304.2049508,32.916
1768499304.3072584,42.709
1768499304.4095213,33.902
1768499304.511772,40.691
1768499304.6139698,37.828
1768499304.717558,39.656
1768499304.8225088,32.126
1768499304.924763,48.069
1768499305.02714,33.014
1768499305.129399,43.57
1768499305.2316456,35.757
1768499305.3340566,36.645
1768499305.4363012,42.512
1768499305.5385175,32.521
1768499305.6407082,43.398
1768499305.7429926,33.606
1768499305.847659,42.979
1768499305.9498868,34.791
1768499306.052117,40.172
1768499306.154325,35.954
1768499306.2566848,38.102
1768499306.358913,39.679
1768499306.4611094,32.126
1768499306.5633318,45.216
1768499306.6655395,33.982
1768499306.7677727,40.05
1768499306.8725476,36.053
1768499306.9747672,37.883
1768499307.07708,38.2
1768499307.179295,36.426
1768499307.2814693,44.134
1768499307.383647,32.62
1768499307.485927,43.865
1768499307.5881677,34.573
1768499307.6908293,38.2
1768499307.7932286,38.792
1768499307.8978736,36.25
1768499308.0001159,40.715
1768499308.1023085,32.225
1768499308.2058737,43.497
1768499308.308102,32.422
1768499308.4104254,43.57
1768499308.512702,33.409
1768499308.615106,31.731
1768499308.7174547,42.585
1768499308.823413,34.573
1768499308.9257076,39.383
1768499309.0280652,36.722
1768499309.1303642,37.018
1768499309.232738,40.345
1768499309.335028,32.422
1768499309.4373355,48.069
1768499309.5395727,43.668
1768499309.6424136,34.278
1768499309.7485962,38.814
1768499309.8507597,37.412
1768499309.9531338,36.94
1768499310.0553424,37.138
1768499310.1576264,37.116
1768499310.2598834,35.56
1768499310.3620498,34.297
1768499310.464343,33.212
1768499310.5665398,32.62
1768499310.6703944,35.757
1768499310.7726688,37.609
1768499310.8748012,35.56
1768499310.9770746,33.982
1768499311.0792181,33.113
1768499311.18139,36.151
1768499311.283656,37.905
1768499311.3860536,36.546
1768499311.4883828,34.771
1768499311.5906546,34.001
1768499311.6935365,33.606
1768499311.7959065,32.718
1768499311.898212,35.362
1768499312.0004473,34.376
1768499312.1028085,34.573
1768499312.2050996,33.606
1768499312.307374,32.521
1768499312.4096668,32.916
1768499312.5125148,33.212
1768499312.614907,34.475
1768499312.7204669,38.966
1768499312.8227358,40.936
1768499312.9270272,32.916
1768499313.0294335,38.671
1768499313.1318986,39.777
1768499313.2341976,32.225
1768499313.3364232,43.176
1768499313.438703,34.672
1768499313.5409849,37.708
1768499313.6433103,39.186
1768499313.7490225,33.212
1768499313.8512678,33.508
1768499313.953567,47.282
1768499314.0561893,33.014
1768499314.1584544,43.57
1768499314.2608266,34.1
1768499314.363057,38.595
1768499314.4657016,36.447
1768499314.5679374,43.668
1768499314.6740067,32.817
1768499314.7764144,43.544
1768499314.8787732,33.902
1768499314.9810379,40.617
1768499315.083385,36.151
1768499315.1856625,36.842
1768499315.2880821,42.881
1768499315.3904593,34.376
1768499315.4927208,40.05
1768499315.5996625,37.412
1768499315.702044,34.672
1768499315.804405,44.259
1768499315.9066558,32.62
1768499316.0091503,45.216
1768499316.1114612,33.212
1768499316.2139308,42.881
1768499316.3163135,34.475
1768499316.4186096,40.617
1768499316.5237164,36.623
1768499316.6259716,37.236
1768499316.7282386,42.388
1768499316.8304791,32.422
1768499316.9328744,46.888
1768499317.0351176,32.817
1768499317.1378016,42.192
1768499317.2401614,33.31
1768499317.3423152,41.896
1768499317.4447286,34.297
1768499317.553281,38.769
1768499317.6559396,37.708
1768499317.7586703,32.323
1768499317.8610632,43.642
1768499317.9635534,33.804
1768499318.0660994,40.814
1768499318.1683664,35.362
1768499318.2732446,38.003
1768499318.3757749,39.974
1768499318.4781609,32.206
1768499318.5806465,47.184
1768499318.683249,39.754
1768499318.7858276,43.078
1768499318.88814,33.705
1768499318.9906604,42.216
1768499319.0927346,34.869
1768499319.1990726,38.792
1768499319.3013513,38.102
1768499319.4035392,36.151
1768499319.5058315,42.29
1768499319.6079905,32.422
1768499319.7102284,44.626
1768499319.8124554,33.31
1768499319.9147613,43.398
1768499320.0169141,34.573
1768499320.1225502,39.163
1768499320.2248328,37.018
1768499320.3271823,36.525
1768499320.4294295,41.306
1768499320.531886,32.521
1768499320.634132,44.626
1768499320.7364354,34.1
1768499320.838823,41.404
1768499320.9411738,35.954
1768499321.0482178,37.981
1768499321.1510503,41.231
1768499321.2533395,32.323
1768499321.3556716,45.341
1768499321.45801,33.113
1768499321.5603302,42.118
1768499321.6625645,35.067
1768499321.766152,37.116
1768499321.8716664,42.093
1768499321.9739218,32.521
1768499322.0762093,43.694
1768499322.1785269,33.508
1768499322.2807775,40.05
1768499322.3829923,36.623
1768499322.4852152,36.645
1768499322.587598,43.398
1768499322.6900144,32.62
1768499322.7923522,42.388
1768499322.897494,34.396
1768499322.9998243,37.095
1768499323.1023352,39.679
1768499323.2046616,32.422
1768499323.3069038,33.014
1768499323.4101894,43.839
1768499323.5123026,33.902
1768499323.6144514,40.05
1768499323.7165704,36.743
1768499323.822734,33.883
1768499323.925537,46.074
1768499324.0278373,33.014
1768499324.1302466,42.782
1768499324.2326643,34.376
1768499324.3349483,39.557
1768499324.4372892,36.82
1768499324.5395832,37.313
1768499324.646294,46.987
1768499324.7485263,33.606
1768499324.8508904,40.641
1768499324.953127,36.032
1768499325.0553067,37.51
1768499325.157539,40.542
1768499325.2597911,32.422
1768499325.362015,45.708
1768499325.4642215,33.113
1768499325.5713732,42.216
1768499325.673693,34.672
1768499325.7759995,39.087
1768499325.8782372,37.116
1768499325.9805658,37.039
1768499326.0829496,41.034
1768499326.1860237,32.323
1768499326.2882617,46.271
1768499326.390604,33.014
1768499326.4957426,43.668
1768499326.59808,34.297
1768499326.7002556,39.284
1768499326.8024755,36.447
1768499326.9046643,37.905
1768499327.0068767,39.186
1768499327.1090643,35.244
1768499327.2113557,42.807
1768499327.3135214,32.422
1768499327.4157624,45.681
1768499327.5217943,33.113
1768499327.624067,43.668
1768499327.726236,34.179
1768499327.8285549,36.645
1768499327.932167,36.722
1768499328.0343475,41.428
1768499328.1364596,32.422
1768499328.2384946,41.995
1768499328.340612,35.067
1768499328.4460924,37.708
1768499328.5486405,41.896
1768499328.6521869,35.757
1768499328.7545779,36.623
1768499328.8568528,40.838
1768499328.9591918,32.422
1768499329.0614462,44.849
1768499329.1637695,32.718
1768499329.2659853,45.708
1768499329.3712046,33.31
1768499329.473451,42.093
1768499329.5757093,36.447
1768499329.6779482,32.027
1768499329.7802396,46.102
1768499329.8825676,32.718
1768499329.984789,43.274
1768499330.0870106,33.31
1768499330.189258,43.373
1768499330.2956014,34.376
1768499330.397933,39.853
1768499330.5002074,36.525
1768499330.6025949,36.82
1768499330.7048097,40.838
1768499330.8074775,32.422
1768499330.909663,46.916
1768499331.0118341,32.916
1768499331.1141005,42.782
1768499331.216248,34.199
1768499331.3218782,41.404
1768499331.424108,35.165
1768499331.5264554,39.087
1768499331.6286554,37.018
1768499331.7310848,32.206
1768499331.833344,45.511
1768499331.93558,32.916
1768499332.0378182,43.767
1768499332.1400716,33.705
1768499332.2461526,42.093
1768499332.3484879,34.771
1768499332.4507241,38.003
1768499332.5530457,36.349
1768499332.6565049,43.57
1768499332.758615,32.62
1768499332.8607554,43.497
1768499332.963097,33.804
1768499333.0652025,41.306
1768499333.1725025,35.087
1768499333.2747018,38.397
1768499333.3771248,37.51
1768499333.4795072,36.229
1768499333.5817146,42.118
1768499333.6840641,32.422
1768499333.7862902,44.724
1768499333.8885152,33.508
1768499333.990919,43.694
1768499334.0972683,35.067
1768499334.199542,38.89
1768499334.3018286,37.905
1768499334.4040756,35.264
1768499334.506381,44.652
1768499334.608798,32.718
1768499334.7112315,42.757
1768499334.8135262,33.982
1768499334.9157994,39.974
1768499335.02183,36.623
1768499335.1242545,37.193
1768499335.2305787,40.345
1768499335.3329177,32.323
1768499335.4364097,46.2
1768499335.538738,33.014
1768499335.640884,43.865
1768499335.7466545,34.869
1768499335.848991,37.905
1768499335.9514065,38.693
1768499336.053609,33.883
1768499336.156234,44.357
1768499336.2584825,32.62
1768499336.360936,42.979
1768499336.4634519,33.804
1768499336.569923,37.116
1768499336.6722255,40.861
1768499336.774538,43.497
1768499336.878164,33.804
1768499336.9803767,41.625
1768499337.082474,35.461
1768499337.1846359,38.299
1768499337.2867,38.595
1768499337.3888302,36.645
1768499337.4928956,45.905
1768499337.59557,32.916
1768499337.6979604,42.118
1768499337.8002424,35.264
1768499337.902588,38.003
1768499338.0047922,37.905
1768499338.1070871,37.434
1768499338.2093127,39.853
1768499338.311467,32.521
1768499338.4137442,44.724
1768499338.520584,33.409
1768499338.6228426,33.883
1768499338.7251172,46.734
1768499338.8276663,33.113
1768499338.9300306,43.668
1768499339.0323937,34.672
1768499339.1347017,40.148
1768499339.2371233,36.447
1768499339.3394732,37.806
1768499339.4462702,41.034
1768499339.5486479,32.422
1768499339.650895,47.057
1768499339.7537246,33.113
1768499339.8560894,42.684
1768499339.958358,34.199
1768499340.0606594,40.444
1768499340.162972,38.003
1768499340.2684937,36.25
1768499340.3707876,35.165
1768499340.4731042,33.606
1768499340.5752554,32.817
1768499340.6775386,32.502
1768499340.7799573,32.521
1768499340.8821228,36.94
1768499340.9843001,37.708
1768499341.0865483,36.25
1768499341.1922195,34.771
1768499341.2945163,34.495
1768499341.3966649,33.31
1768499341.4990554,33.113
1768499341.6011968,32.916
1768499341.7034068,33.212
1768499341.8055353,33.409
1768499341.907778,33.508
1768499342.009997,33.31
1768499342.1121457,33.113
1768499342.2175384,32.916
1768499342.319838,32.916
1768499342.4221532,32.916
1768499342.5245469,33.409
1768499342.626837,33.606
1768499342.7291064,41.034
1768499342.8314717,35.165
1768499342.9336972,34.356
1768499343.0360732,43.078
1768499343.1383097,33.804
1768499343.244571,40.345
1768499343.346765,36.349
1768499343.4490366,37.708
1768499343.551248,39.557
1768499343.6534538,32.323
1768499343.755655,45.216
1768499343.8579307,33.212
1768499343.9601383,42.585
1768499344.062437,34.376
1768499344.1646433,39.36
1768499344.2711167,36.743
1768499344.373415,37.729
1768499344.4755974,39.284
1768499344.5779064,33.606
1768499344.6800303,44.259
1768499344.7823045,32.62
1768499344.884476,45.511
1768499344.9868786,33.212
1768499345.089174,44.062
1768499345.196089,34.001
1768499345.2982996,39.928
1768499345.400545,36.743
1768499345.5027857,36.645
1768499345.6050684,41.995
1768499345.7072861,32.521
1768499345.8096476,43.176
1768499345.9118805,33.902
1768499346.0141299,40.912
1768499346.1204233,38.003
1768499346.2243984,37.018
1768499346.3264263,36.82
1768499346.428801,40.05
1768499346.5308976,32.323
1768499346.6332817,46.916
1768499346.7353914,33.014
1768499346.8377247,42.192
1768499346.9397545,33.508
1768499347.0450788,43.249
1768499347.1472383,33.804
1768499347.2495189,43.004
1768499347.3517838,34.278
1768499347.4540615,41.822
1768499347.5563467,35.56
1768499347.658949,38.2
1768499347.7612383,40.172
1768499347.8635983,32.225
1768499347.9697368,47.282
1768499348.0723174,32.916
1768499348.174522,42.807
1768499348.2769203,33.804
1768499348.3792183,39.951
1768499348.4820693,37.039
1768499348.5843403,32.126
1768499348.686714,38.397
1768499348.7890582,40.247
1768499348.897394,32.521
1768499348.9996645,43.963
1768499349.102889,33.686
1768499349.2051966,40.542
1768499349.3075688,35.362
1768499349.4097397,38.474
1768499349.5118916,38.277
1768499349.6142533,34.08
1768499349.7197664,44.626
1768499349.822054,32.817
1768499349.9243314,42.782
1768499350.0266757,33.902
1768499350.1290252,40.641
1768499350.2312567,36.25
1768499350.3334715,37.313
1768499350.4358273,40.739
1768499350.5381565,32.323
1768499350.645439,32.916
1768499350.748021,43.471
1768499350.8501215,34.396
1768499350.9522552,39.337
1768499351.0543787,36.722
1768499351.1564593,37.51
1768499351.258579,39.58
1768499351.3606067,32.323
1768499351.4627602,44.823
1768499351.5648735,32.817
1768499351.6704779,43.103
1768499351.7726455,33.606
1768499351.8748407,43.471
1768499351.9771106,34.672
1768499352.0794206,39.436
1768499352.1816187,36.426
1768499352.283883,37.215
1768499352.3862424,42.709
1768499352.4884756,32.521
1768499352.5908341,45.511
1768499352.6954603,33.31
1768499352.7977526,43.668
1768499352.9000132,33.686
1768499353.0023189,41.625
1768499353.1046019,35.264
1768499353.2068949,38.792
1768499353.309324,37.806
1768499353.4115667,36.623
1768499353.5139606,40.838
1768499353.6162012,32.422
1768499353.7284265,47.282
1768499353.830722,33.212
1768499353.9329944,42.979
1768499354.0352285,33.705
1768499354.137463,42.684
1768499354.2397552,34.475
1768499354.3453963,39.36
1768499354.4476597,37.116
1768499354.549977,37.313
1768499354.6522036,40.27
1768499354.7544951,35.362
1768499354.8568673,43.471
1768499354.9590876,32.718
1768499355.061405,47.352
1768499355.1637192,33.014
1768499355.2661061,43.57
1768499355.3715706,41.527
1768499355.4736927,34.672
1768499355.575753,39.557
1768499355.6778889,35.856
1768499355.7799163,37.095
1768499355.8820822,40.247
1768499355.98415,32.323
1768499356.086322,42.093
1768499356.1885037,32.521
1768499356.2906058,40.247
1768499356.3929203,35.856
1768499356.4977741,37.018
1768499356.6000702,41.503
1768499356.7024276,32.62
1768499356.8047056,46.593
1768499356.9070241,33.409
1768499357.0092976,43.471
1768499357.111479,34.278
1768499357.213682,41.428
1768499357.3159149,34.968
1768499357.4181767,37.905
1768499357.5247722,37.708
1768499357.6270964,36.349
1768499357.7293117,41.231
1768499357.8315468,32.521
1768499357.9338832,47.184
1768499358.0362334,33.113
1768499358.138996,43.767
1768499358.24131,34.475
1768499358.3435543,38.102
1768499358.4492843,39.36
1768499358.5516765,32.225
1768499358.654083,39.482
1768499358.7563796,36.349
1768499358.8589177,32.027
1768499358.9612172,43.57
1768499359.0635116,33.587
1768499359.1658394,41.503
1768499359.268259,35.264
1768499359.3705163,39.284
1768499359.476025,36.426
1768499359.578274,32.206
1768499359.6809795,43.544
1768499359.7833354,33.014
1768499359.8855624,43.471
1768499359.9879107,33.606
1768499360.0902188,41.01
1768499360.1926293,34.968
1768499360.294961,38.966
1768499360.4014037,37.412
1768499360.503513,37.806
1768499360.6056404,32.323
1768499360.7079098,48.04
1768499360.8100314,33.212
1768499360.9122493,43.668
1768499361.0143785,33.705
1768499361.1165686,43.471
1768499361.2187674,34.179
1768499361.3209226,40.715
1768499361.427654,35.856
1768499361.5298862,37.905
1768499361.632185,39.284
1768499361.7344608,32.323
1768499361.8366907,46.397
1768499361.938884,32.916
1768499362.0411544,42.979
1768499362.1434107,33.606
1768499362.2457623,42.585
1768499362.3479865,34.672
1768499362.453627,38.299
1768499362.5558434,37.018
1768499362.6581028,37.806
1768499362.7602983,39.163
1768499362.8625214,32.323
1768499362.9646704,43.497
1768499363.066916,32.521
1768499363.1690507,44.921
1768499363.2712262,32.718
1768499363.3746037,46.424
1768499363.4796948,32.718
1768499363.5818546,44.554
1768499363.684156,33.31
1768499363.7863982,41.675
1768499363.8886657,34.495
1768499363.9908793,39.557
1768499364.0934546,36.645
1768499364.195644,38.003
1768499364.2978537,38.693
1768499364.4054756,35.165
1768499364.5077138,41.724
1768499364.609854,32.62
1768499364.7122443,42.954
1768499364.8144097,33.508
1768499364.9166496,40.912
1768499365.0188386,35.165
1768499365.121196,38.989
1768499365.2234185,36.722
1768499365.3305883,39.58
1768499365.4326231,33.489
1768499365.5347772,43.176
1768499365.6367962,32.62
1768499365.738875,45.905
1768499365.8410866,33.31
1768499365.9432733,43.176
1768499366.0453763,33.804
1768499366.1475458,40.912
1768499366.2497962,34.672
1768499366.3545215,39.065
1768499366.4567335,36.151
1768499366.5590193,37.905
1768499366.6613913,38.299
1768499366.763671,32.225
1768499366.8661098,47.085
1768499366.9682975,32.916
1768499367.0705395,43.741
1768499367.1727817,33.508
1768499367.2751114,42.684
1768499367.3801787,35.757
1768499367.482421,37.981
1768499367.584714,39.383
1768499367.6869745,32.126
1768499367.7901165,45.637
1768499367.8924136,32.718
1768499367.9945152,43.668
1768499368.0979843,33.409
1768499368.2001855,41.798
1768499368.3049529,36.623
1768499368.4072537,32.126
1768499368.509433,45.932
1768499368.611765,34.771
1768499368.7141204,32.521
1768499368.8164191,43.767
1768499368.9188797,33.705
1768499369.0213032,41.33
1768499369.123569,35.067
1768499369.2294981,37.335
1768499369.3317828,40.247
1768499369.4340866,32.422
1768499369.5364664,46.074
1768499369.6387322,32.916
1768499369.741036,43.078
1768499369.8432162,33.902
1768499369.9454792,43.15
1768499370.0478153,34.376
1768499370.1511047,33.686
1768499370.2536693,33.409
1768499370.355934,33.014
1768499370.4581082,32.521
1768499370.5605307,36.525
1768499370.66288,37.434
1768499370.765236,37.215
1768499370.867505,38.025
1768499370.9697733,36.645
1768499371.071989,35.954
1768499371.1741967,35.362
1768499371.2789245,35.362
1768499371.3813944,35.461
1768499371.4838076,35.658
1768499371.5862298,35.461
1768499371.68857,35.658
1768499371.7908826,35.856
1768499371.893183,36.053
1768499371.995418,36.743
1768499372.097901,37.313
1768499372.2045822,36.842
1768499372.3067946,36.032
1768499372.409121,35.658
1768499372.5113337,32.62
1768499372.6181965,32.62
1768499372.7205427,41.625
1768499372.8241432,35.954
1768499372.929788,32.027
1768499373.0320413,42.585
1768499373.134347,34.968
1768499373.236685,37.587
1768499373.3388846,38.792
1768499373.4411998,36.151
1768499373.5433798,42.684
1768499373.6456208,32.521
1768499373.7479434,42.216
1768499373.8546906,33.606
1768499373.9570649,39.974
1768499374.0593507,36.25
1768499374.1617744,38.277
1768499374.2640104,38.693
1768499374.366261,35.264
1768499374.4685054,44.751
1768499374.570714,43.373
1768499374.674145,33.705
1768499374.779377,39.853
1768499374.8817341,35.757
1768499374.9841049,36.82
1768499375.0863583,41.453
1768499375.1886055,32.521
1768499375.2910008,47.352
1768499375.3932486,33.409
1768499375.4954815,43.274
1768499375.5977638,34.672
1768499375.7039778,31.929
1768499375.8062832,45.019
1768499375.908537,33.508
1768499376.0108092,41.97
1768499376.1130905,34.869
1768499376.2155077,39.754
1768499376.3177574,37.412
1768499376.4199386,37.215
1768499376.5221465,40.739
1768499376.624401,32.798
1768499376.7304156,47.254
1768499376.8328006,32.916
1768499376.9350204,43.471
1768499377.0372255,34.396
1768499377.1394908,39.262
1768499377.24307,37.313
1768499377.345473,36.328
1768499377.4477086,44.456
1768499377.5551267,32.718
1768499377.657376,43.471
1768499377.7597003,33.705
1768499377.8621142,39.853
1768499377.9643211,36.053
1768499378.066684,36.82
1768499378.169252,40.936
1768499378.2715049,32.422
1768499378.3782568,42.709
1768499378.4804952,34.179
1768499378.582854,37.609
1768499378.6850946,45.145
1768499378.7875788,33.587
1768499378.8897994,39.656
1768499378.9922986,37.708
1768499379.0961282,38.792
1768499379.1982832,36.151
1768499379.3031545,43.176
1768499379.4056184,32.521
1768499379.507887,43.373
1768499379.610431,33.804
1768499379.7127957,40.073
1768499379.8154745,36.645
1768499379.9177973,37.215
1768499380.0201116,40.247
1768499380.1222825,33.686
1768499380.2299118,46.2
1768499380.332161,33.113
1768499380.4344616,42.388
1768499380.5366452,34.869
1768499380.6389172,39.163
1768499380.7411852,37.018
1768499380.8435717,36.426
1768499380.945801,41.724
1768499381.048546,32.422
1768499381.1542625,43.865
1768499381.2566369,32.521
1768499381.3587854,46.987
1768499381.462001,33.113
1768499381.564267,42.659
1768499381.6665094,34.672
1768499381.7686872,39.087
1768499381.8709927,37.806
1768499381.9780118,37.708
1768499382.0802677,40.27
1768499382.1824434,36.919
1768499382.2846446,41.527
1768499382.3868935,32.323
1768499382.4891083,47.675
1768499382.5913148,33.212
1768499382.693617,42.979
1768499382.7958481,33.705
1768499382.9020183,43.57
1768499383.0042036,34.672
1768499383.1064277,41.822
1768499383.2085938,35.067
1768499383.3107774,40.838
1768499383.4129639,35.461
1768499383.515284,37.806
1768499383.6185417,36.722
1768499383.7205975,43.398
1768499383.827513,32.521
1768499383.9297638,45.61
1768499384.0319912,33.014
1768499384.1342807,42.585
1768499384.2364814,33.705
1768499384.3386614,42.019
1768499384.4409823,35.56
1768499384.5432057,37.981
1768499384.6454065,41.527
1768499384.7476938,32.62
1768499384.853393,44.088
1768499384.9555714,33.902
1768499385.0579429,41.724
1768499385.160214,34.968
1768499385.2625043,39.974
1768499385.3647,36.131
1768499385.4669623,37.215
1768499385.5692077,39.754
1768499385.6714609,32.225
1768499385.7785037,46.566
1768499385.8809044,32.916
1768499385.9845157,41.577
1768499386.0867991,35.165
1768499386.1890728,39.262
1768499386.291494,38.299
1768499386.3939605,35.933
1768499386.4961963,44.823
1768499386.6025827,32.817
1768499386.7048426,43.274
1768499386.8071377,34.593
1768499386.9093575,38.693
1768499387.0116498,38.299
1768499387.1140134,32.7
1768499387.2162461,45.413
1768499387.3184896,32.718
1768499387.4208238,43.57
1768499387.5267007,34.278
1768499387.6288948,39.163
1768499387.7311502,37.609
1768499387.833435,36.525
1768499387.9356947,44.482
1768499388.0379622,43.767
1768499388.1411977,33.982
1768499388.2432706,31.83
1768499388.34545,46.888
1768499388.4516056,33.212
1768499388.553786,32.225
1768499388.6561732,42.782
1768499388.758483,33.409
1768499388.8608806,36.053
1768499388.9631634,43.274
1768499389.065364,33.804
1768499389.1676497,41.724
1768499389.2699401,36.447
1768499389.372226,32.126
1768499389.4782174,43.865
1768499389.5805216,33.784
1768499389.682833,41.527
1768499389.7850137,35.362
1768499389.887322,38.693
1768499389.9896116,38.595
1768499390.0924351,35.165
1768499390.1947124,44.233
1768499390.296967,32.62
1768499390.4041739,43.865
1768499390.5063992,33.804
1768499390.6087015,41.306
1768499390.7110605,36.151
1768499390.8138072,37.434
1768499390.9164321,42.044
1768499391.0187647,32.718
1768499391.121013,43.078
1768499391.2231934,33.902
1768499391.329266,40.641
1768499391.4314263,35.658
1768499391.5336514,36.743
1768499391.6359684,41.625
1768499391.7383566,32.521
1768499391.8405879,44.652
1768499391.942954,33.982
1768499392.045181,39.853
1768499392.147558,36.743
1768499392.2528548,36.82
1768499392.3551285,42.019
1768499392.4573274,32.521
1768499392.5595968,45.341
1768499392.661881,41.109
1768499392.76564,36.053
1768499392.8677568,37.215
1768499392.9700334,41.133
1768499393.0721664,32.422
1768499393.1783223,47.38
1768499393.2805073,33.31
1768499393.38274,43.497
1768499393.4850473,35.067
1768499393.5873888,37.51
1768499393.6896925,39.58
1768499393.792036,33.212
1768499393.8943076,45.735
1768499393.996647,33.409
1768499394.0990875,41.01
1768499394.204477,36.349
1768499394.3068426,37.412
1768499394.409152,41.306
1768499394.5114763,32.62
1768499394.6138253,43.446
1768499394.716636,37.018
1768499394.8190424,32.126
1768499394.9214604,38.2
1768499395.023807,42.684
1768499395.1292207,32.718
1768499395.2316203,44.652
1768499395.3339858,33.31
1768499395.4370956,41.207
1768499395.5395112,34.968
1768499395.6417522,37.708
1768499395.7439997,38.89
1768499395.8462954,35.067
1768499395.9485388,43.249
1768499396.0546901,36.623
1768499396.1568816,37.215
1768499396.2591324,40.641
1768499396.3613493,32.422
1768499396.463562,47.422
1768499396.5658927,33.212
1768499396.6682303,41.207
1768499396.7706335,35.264
1768499396.8728824,38.693
1768499396.9802895,39.58
1768499397.0825865,32.422
1768499397.1848276,46.762
1768499397.287103,43.471
1768499397.3897254,33.784
1768499397.4918463,41.034
1768499397.5939183,36.151
1768499397.6959848,38.397
1768499397.798102,39.087
1768499397.9045966,33.902
1768499398.0069702,44.259
1768499398.1091263,32.62
1768499398.2113035,45.511
1768499398.3134737,33.705
1768499398.415717,42.29
1768499398.518005,35.362
1768499398.6202476,33.409
1768499398.7225451,43.078
1768499398.8290021,34.475
1768499398.9312563,39.012
1768499399.0334332,36.82
1768499399.1357431,37.806
1768499399.2379065,40.369
1768499399.3401108,32.323
1768499399.4423172,47.085
1768499399.5452309,33.113
1768499399.6474502,43.3
1768499399.7527304,34.672
1768499399.8548973,40.05
1768499399.958521,36.623
1768499400.0608368,32.323
1768499400.1630855,36.525
1768499400.2652,37.905
1768499400.3673313,35.264
1768499400.4695506,33.804
1768499400.5717373,32.916
1768499400.6748781,36.722
1768499400.777036,37.927
1768499400.8791368,34.771
1768499400.981252,33.606
1768499401.0834994,32.718
1768499401.1857226,37.708
1768499401.287945,36.623
1768499401.3901417,34.475
1768499401.4925213,33.508
1768499401.5946672,32.916
1768499401.6982338,32.62
1768499401.8008442,35.362
1768499401.9031909,35.954
1768499402.0054147,33.982
1768499402.1077423,32.323
1768499402.2100835,32.323
1768499402.3121798,32.422
1768499402.4142294,32.718
1768499402.5163262,34.278
1768499402.6183643,41.699
1768499402.7205808,35.757
1768499402.8268352,32.027
1768499402.9292881,42.585
1768499403.0315511,34.376
1768499403.1339462,38.89
1768499403.2362719,37.905
1768499403.3385937,35.56
1768499403.4409325,44.429
1768499403.5432065,32.718
1768499403.6454144,42.906
1768499403.7516057,34.08
1768499403.85393,41.034
1768499403.9564323,35.56
1768499404.0587177,38.003
1768499404.1608949,39.284
1768499404.2631543,35.264
1768499404.3659062,43.57
1768499404.468185,32.718
1768499404.570583,45.315
1768499404.677577,33.113
1768499404.7797658,43.471
1768499404.8820372,34.376
1768499404.9842913,40.641
1768499405.0865116,35.658
1768499405.1888103,39.065
1768499405.2910888,36.229
1768499405.3932853,37.116
1768499405.4954472,40.27
1768499405.6023505,34.475
1768499405.7046232,43.497
1768499405.8069105,32.62
1768499405.9091332,46.987
1768499406.0113866,33.212
1768499406.1136534,43.741
1768499406.2158496,33.902
1768499406.3181553,40.814
1768499406.4203718,35.658
1768499406.5227377,38.2
1768499406.6282675,38.397
1768499406.7305267,37.609
1768499406.832767,32.323
1768499406.9352295,46.79
1768499407.0374172,32.817
1768499407.1396039,45.413
1768499407.241795,33.212
1768499407.3439195,43.078
1768499407.446008,34.08
1768499407.548154,38.989
1768499407.6540036,37.609
1768499407.7562613,36.623
1768499407.8584921,42.192
1768499407.9606369,32.718
1768499408.0628736,42.487
1768499408.165135,34.297
1768499408.2674346,36.82
1768499408.3697515,40.838
1768499408.471945,32.422
1768499408.5792773,37.018
1768499408.6815522,39.284
1768499408.7839236,35.067
1768499408.8861747,44.331
1768499408.9885945,32.916
1768499409.0907805,42.487
1768499409.1928747,33.606
1768499409.2956142,43.004
1768499409.3978996,34.869
1768499409.5031416,39.482
1768499409.6053944,36.525
1768499409.7076042,37.51
1768499409.8099213,40.247
1768499409.9122403,32.323
1768499410.014453,42.782
1768499410.1166067,33.508
1768499410.2188442,43.694
1768499410.3210464,34.376
1768499410.4232428,40.641
1768499410.529051,36.328
1768499410.6312163,38.397
1768499410.7334287,38.595
1768499410.8356292,35.441
1768499410.9378445,42.979
1768499411.040107,32.817
1768499411.142403,43.668
1768499411.2446227,33.784
1768499411.3469296,42.216
1768499411.453771,36.525
1768499411.5579236,42.881
1768499411.6600747,32.718
1768499411.7625127,45.019
1768499411.8646433,33.31
1768499411.9671955,41.872
1768499412.0693982,34.376
1768499412.1718452,40.936
1768499412.2782423,36.722
1768499412.3806047,37.313
1768499412.4828782,40.739
1768499412.5851166,32.521
1768499412.6873398,47.774
1768499412.789563,33.014
1768499412.8918724,43.57
1768499412.994433,34.475
1768499413.0966692,40.542
1768499413.20382,37.51
1768499413.3061132,36.94
1768499413.4084213,42.118
1768499413.510702,32.718
1768499413.6129372,44.626
1768499413.7152038,33.409
1768499413.8187876,41.404
1768499413.921032,35.165
1768499414.0269825,37.806
1768499414.1293573,37.905
1768499414.2317011,36.722
1768499414.3340187,41.921
1768499414.4364574,32.521
1768499414.5388246,45.315
1768499414.6410925,33.31
1768499414.7432806,43.668
1768499414.845533,34.179
1768499414.951213,39.951
1768499415.0534852,36.25
1768499415.1557581,37.686
1768499415.2581036,38.2
1768499415.360428,35.165
1768499415.462671,43.668
1768499415.5648746,32.916
1768499415.667409,42.659
1768499415.7695928,33.902
1768499415.874191,43.078
1768499415.976991,38.025
1768499416.0798569,38.89
1768499416.181974,35.264
1768499416.2841206,45.216
1768499416.3862782,33.014
1768499416.4884331,43.373
1768499416.5906708,34.573
1768499416.6928904,38.966
1768499416.7950723,37.313
1768499416.8971884,36.426
1768499417.0027316,40.838
1768499417.1051128,32.422
1768499417.207367,44.823
1768499417.3095772,32.817
1768499417.4119027,44.823
1768499417.5142777,33.606
1768499417.6165113,41.921
1768499417.7187288,34.968
1768499417.8209245,39.065
1768499417.9278233,37.806
1768499418.030237,36.722
1768499418.1324742,41.034
1768499418.2346444,32.422
1768499418.3368714,43.497
1768499418.4395893,33.606
1768499418.5417852,39.632
1768499418.6450253,46.03
1768499418.7515566,33.508
1768499418.853792,41.404
1768499418.9559212,34.869
1768499419.058159,38.769
1768499419.1603599,37.806
1768499419.2625196,37.116
1768499419.364779,39.656
1768499419.4670317,32.323
1768499419.5692568,46.003
1768499419.6715786,33.014
1768499419.7769184,43.57
1768499419.8791504,34.001
1768499419.9813187,40.763
1768499420.0835817,35.658
1768499420.1857498,38.178
1768499420.2880127,37.905
1768499420.3902876,36.743
1768499420.4926908,40.345
1768499420.5949225,32.521
1768499420.697323,42.093
1768499420.8023698,48.069
1768499420.9054468,33.014
1768499421.0076153,42.782
1768499421.109689,33.606
1768499421.2118115,42.659
1768499421.3139489,33.982
1768499421.416071,40.814
1768499421.5181386,34.968
1768499421.6201954,39.656
1768499421.7224162,36.25
1768499421.827503,38.2
1768499421.929764,39.065
1768499422.0319967,37.138
1768499422.1342304,40.912
1768499422.2365618,32.916
1768499422.338844,42.807
1768499422.4410737,34.771
1768499422.54342,39.087
1768499422.6455812,36.722
1768499422.7480042,37.51
1768499422.8560174,39.656
1768499422.9583168,32.323
1768499423.0605114,42.906
1768499423.1641414,32.62
1768499423.2665033,46.271
1768499423.368754,33.212
1768499423.4710414,43.544
1768499423.5733066,33.902
1768499423.6790147,40.739
1768499423.7813938,36.349
1768499423.883648,37.609
1768499423.986015,40.936
1768499424.08832,32.422
1768499424.1907175,45.708
1768499424.2931263,32.916
1768499424.3953867,43.595
1768499424.4976878,33.587
1768499424.602829,38.496
1768499424.7052858,39.482
1768499424.8076973,32.422
1768499424.9099607,47.254
1768499425.012228,33.212
1768499425.1144638,42.979
1768499425.2167509,33.982
1768499425.3189814,41.034
1768499425.4212854,35.264
1768499425.523727,38.102
1768499425.6292841,32.798
1768499425.7314544,46.298
1768499425.8336172,33.014
1768499425.9358094,43.078
1768499426.037951,33.982
1768499426.1400473,40.739
1768499426.2421753,35.461
1768499426.344275,38.003
1768499426.4463408,38.003
1768499426.5486102,34.179
1768499426.655484,42.585
1768499426.7577562,32.817
1768499426.8599958,44.894
1768499426.962321,33.409
1768499427.0645628,43.078
1768499427.1668742,34.771
1768499427.2691863,39.262
1768499427.3715029,37.806
1768499427.4743702,32.422
1768499427.5801065,46.102
1768499427.6824422,33.489
1768499427.7848773,41.625
1768499427.8881986,35.067
1768499427.9905028,37.883
1768499428.092697,38.792
1768499428.1948235,36.94
1768499428.2971442,46.102
1768499428.39947,33.014
1768499428.5076675,43.3
1768499428.6099732,39.36
1768499428.712419,32.916
1768499428.8146658,42.855
1768499428.9168358,33.784
1768499429.0190268,41.33
1768499429.1213288,34.968
1768499429.2235723,39.853
1768499429.3304834,36.349
1768499429.4326334,35.56
1768499429.5349238,41.724
1768499429.6371958,32.718
1768499429.7393935,45.413
1768499429.8416889,33.902
1768499429.9440074,33.014
1768499430.0461068,36.328
1768499430.1482618,37.116
1768499430.2521412,33.508
1768499430.354289,32.718
1768499430.4564054,36.722
1768499430.5585327,37.313
1768499430.6605973,35.264
1768499430.7626774,34.1
1768499430.864779,33.508
1768499430.966825,33.014
1768499431.0688539,32.521
1768499431.1709979,35.757
1768499431.2731872,37.335
1768499431.3790052,37.412
1768499431.4812698,36.053
1768499431.5834312,35.56
1768499431.6855934,35.56
1768499431.7877932,34.869
1768499431.8900058,34.573
1768499431.9922597,34.968
1768499432.0945086,34.968
1768499432.196808,34.869
1768499432.2990458,31.83
1768499432.4013412,40.073
1768499432.5086,40.172
1768499432.612039,32.521
1768499432.7149835,43.274
1768499432.8172503,34.179
1768499432.9194002,39.853
1768499433.0216906,38.102
1768499433.123935,36.94
1768499433.2261922,41.921
1768499433.3322144,32.62
1768499433.434561,45.976
1768499433.5368123,33.31
1768499433.6390893,41.921
1768499433.7416596,35.165
1768499433.8438885,38.496
1768499433.9461117,37.905
1768499434.0483725,35.835
1768499434.150623,41.428
1768499434.2528725,32.521
1768499434.3577743,45.779
1768499434.460342,33.883
1768499434.5626407,41.034
1768499434.6649263,35.658
1768499434.7671978,38.003
1768499434.8694966,38.397
1768499434.971822,36.94
1768499435.0742092,42.192
1768499435.1764562,45.708
1768499435.284277,32.916
1768499435.3866336,43.865
1768499435.4888809,33.883
1768499435.5911112,41.034
1768499435.6933496,35.757
1768499435.7955747,38.595
1768499435.8977447,37.905
1768499436.0002747,32.521
1768499436.1067183,47.155
1768499436.2090483,33.212
1768499436.3114593,43.15
1768499436.4138231,34.278
1768499436.5161521,40.247
1768499436.6185608,37.116
1768499436.720755,37.434
1768499436.8232434,44.134
1768499436.9261134,35.264
1768499437.0317714,36.919
1768499437.142547,41.527
1768499437.244838,32.422
1768499437.3472176,45.905
1768499437.4493995,33.508
1768499437.5555947,42.413
1768499437.6577854,35.067
1768499437.7600133,37.708
1768499437.8624568,39.284
1768499437.964879,32.323
1768499438.0673866,42.979
1768499438.1697583,33.508
1768499438.2721786,39.557
1768499438.3745215,36.919
1768499438.48003,36.349
1768499438.5822835,46.129
1768499438.6845522,37.116
1768499438.786848,32.7
1768499438.8891592,46.271
1768499438.9913323,33.508
1768499439.0936098,41.896
1768499439.1957767,36.151
1768499439.2980042,38.769
1768499439.4004393,35.638
1768499439.5051575,46.495
1768499439.607397,32.817
1768499439.7097647,43.176
1768499439.812077,33.902
1768499439.9143696,41.33
1768499440.0167327,36.645
1768499440.119002,37.708
1768499440.2212389,39.065
1768499440.323388,33.606
1768499440.4255602,45.046
1768499440.5311308,32.817
1768499440.6333466,43.274
1768499440.7355251,34.376
1768499440.8377576,40.026
1768499440.939983,36.053
1768499441.042153,37.313
1768499441.1444275,40.247
1768499441.2466333,32.323
1768499441.3489962,46.621
1768499441.4512355,32.916
1768499441.5565145,43.767
1768499441.659046,34.573
1768499441.7626076,39.679
1768499441.864944,37.708
1768499441.967285,36.919
1768499442.0695493,42.906
1768499442.1718419,32.521
1768499442.2740889,44.626
1768499442.3763363,33.31
1768499442.4828918,43.201
1768499442.5852344,35.165
1768499442.687488,37.532
1768499442.7897933,42.413
1768499442.8920996,33.113
1768499442.9942849,43.839
1768499443.0968013,34.573
1768499443.1990054,40.912
1768499443.307176,36.25
1768499443.4093432,38.102
1768499443.511639,39.679
1768499443.6139386,32.521
1768499443.716158,44.403
1768499443.8183467,33.606
1768499443.920576,34.376
1768499444.0241213,39.36
1768499444.1304126,36.447
1768499444.232631,37.51
1768499444.3348162,39.36
1768499444.4369795,32.323
1768499444.5392184,46.129
1768499444.641466,32.817
1768499444.7437005,42.585
1768499444.8458867,33.489
1768499444.9480965,40.912
1768499445.0503855,35.954
1768499445.1555738,38.102
1768499445.2577255,37.905
1768499445.359944,36.919
1768499445.462135,41.527
1768499445.5649843,32.422
1768499445.6671696,46.298
1768499445.7694032,32.718
1768499445.87164,43.373
1768499445.9739418,34.278
1768499446.0762286,37.686
1768499446.1854687,38.693
1768499446.287676,34.278
1768499446.389952,44.233
1768499446.4922044,32.62
1768499446.5943549,46.003
1768499446.6965792,33.193
1768499446.798828,42.684
1768499446.90111,34.475
1768499447.00712,40.641
1768499447.1093292,35.954
1768499447.2115548,38.474
1768499447.3138034,39.186
1768499447.416049,35.165
1768499447.5183938,43.57
1768499447.620712,32.62
1768499447.7230742,44.626
1768499447.8302424,33.508
1768499447.932548,41.034
1768499448.0348313,36.623
1768499448.1373174,36.447
1768499448.239751,42.192
1768499448.3423107,40.912
1768499448.4457273,35.658
1768499448.5482514,32.027
1768499448.6533563,41.625
1768499448.755689,35.856
1768499448.8581235,37.806
1768499448.9603405,39.087
1768499449.062602,32.422
1768499449.1648905,46.987
1768499449.2672076,33.014
1768499449.369432,42.881
1768499449.4716187,34.08
1768499449.5738835,38.769
1768499449.678185,39.656
1768499449.7804656,33.587
1768499449.8828564,44.259
1768499449.9850786,32.62
1768499450.08736,43.398
1768499450.1896424,33.902
1768499450.2919912,41.503
1768499450.3947313,35.165
1768499450.4969318,39.754
1768499450.5990453,36.546
1768499450.701977,37.39
1768499450.8093753,39.557
1768499450.9117427,36.349
1768499451.0140116,42.019
1768499451.1164129,32.62
1768499451.218645,47.155
1768499451.3209496,32.916
1768499451.4231727,43.078
1768499451.5253503,33.508
1768499451.6276245,42.512
1768499451.7311115,35.461
1768499451.833724,37.51
1768499451.9359431,38.2
1768499452.0383272,32.225
1768499452.1407712,46.79
1768499452.2430832,32.817
1768499452.345352,43.274
1768499452.4477966,33.883
1768499452.5500338,40.444
1768499452.652285,36.053
1768499452.7577083,37.292
1768499452.8600852,39.777
1768499452.962442,32.422
1768499453.0647478,46.888
1768499453.166996,32.916
1768499453.2692487,33.409
1768499453.3728876,43.201
1768499453.4749675,34.771
1768499453.57708,38.89
1768499453.6832933,38.102
1768499453.785541,32.422
1768499453.8877451,45.315
1768499453.9899964,32.916
1768499454.092216,43.767
1768499454.1944537,33.705
1768499454.2967806,42.585
1768499454.3990579,35.362
1768499454.5014071,38.595
1768499454.6078937,38.792
1768499454.7101214,36.447
1768499454.812388,42.782
1768499454.9146929,32.62
1768499455.016926,47.155
1768499455.1191983,33.014
1768499455.2213995,43.274
1768499455.3240275,34.179
1768499455.426375,38.671
1768499455.5319448,47.085
1768499455.6342113,32.817
1768499455.7364566,43.373
1768499455.8388774,34.573
1768499455.9413254,38.299
1768499456.0436192,43.937
1768499456.1458862,34.475
1768499456.2484977,32.225
1768499456.3507454,43.937
1768499456.4531186,34.199
1768499456.5587173,32.027
1768499456.6609926,43.3
1768499456.7632043,37.018
1768499456.865492,34.376
1768499456.9677525,44.823
1768499457.0700462,33.014
1768499457.1724172,41.404
1768499457.2746966,34.869
1768499457.3769214,38.989
1768499457.4836855,37.708
1768499457.5859644,32.521
1768499457.6882832,47.745
1768499457.7905502,33.212
1768499457.8927743,34.475
1768499457.9949918,38.671
1768499458.097096,37.51
1768499458.199206,36.546
1768499458.3013976,45.806
1768499458.4076183,33.113
1768499458.509981,37.609
1768499458.6123543,45.216
1768499458.714605,33.409
1768499458.816892,43.767
1768499458.919082,34.08
1768499459.0213995,37.981
1768499459.1237547,38.397
1768499459.2260263,36.919
1768499459.3321524,40.345
1768499459.4344978,32.798
1768499459.5367668,45.189
1768499459.6392508,32.916
1768499459.7415214,37.116
1768499459.8484113,33.606
1768499459.9518769,32.995
1768499460.0543256,37.806
1768499460.156449,37.116
1768499460.2585654,34.968
1768499460.3609576,33.705
1768499460.4631214,33.113
1768499460.5653832,32.62
1768499460.6675334,38.2
1768499460.7697136,37.039
1768499460.8719015,34.968
1768499460.9740322,33.686
1768499461.0777416,32.916
1768499461.1799638,32.7
1768499461.282149,37.609
1768499461.384391,36.919
1768499461.4865606,34.869
1768499461.5886593,33.784
1768499461.6907556,33.113
1768499461.7931297,32.916
1768499461.8954723,33.014
1768499461.9976501,33.014
1768499462.1035116,33.409
1768499462.2057066,33.409
1768499462.313107,41.33
1768499462.4153097,34.672
1768499462.5174043,36.131
1768499462.619583,44.724
1768499462.7217453,33.409
1768499462.827834,42.487
1768499462.9301517,35.165
1768499463.032385,38.003
1768499463.1346686,39.754
1768499463.2369425,32.323
1768499463.3392808,45.511
1768499463.4415054,33.113
1768499463.5439696,42.684
1768499463.6461313,35.56
1768499463.7483206,37.609
1768499463.8539176,39.777
1768499463.9562378,35.56
1768499464.0589852,43.004
1768499464.1611817,32.521
1768499464.2632897,46.369
1768499464.3667054,33.113
1768499464.468881,43.57
1768499464.5712016,33.902
1768499464.6736245,42.512
1768499464.7784944,34.771
1768499464.8807025,39.656
1768499464.9829848,36.426
1768499465.0851562,32.126
1768499465.1873238,47.577
1768499465.2895987,33.113
1768499465.3917758,43.792
1768499465.4939656,33.883
1768499465.5961165,39.163
1768499465.6983356,37.215
1768499465.8042164,37.981
1768499465.9064622,38.003
1768499466.008617,36.82
1768499466.1109853,40.05
1768499466.2132075,33.784
1768499466.3155031,41.503
1768499466.417711,32.62
1768499466.5198734,45.315
1768499466.6224587,32.817
1768499466.7289634,45.44
1768499466.8311198,33.606
1768499466.933302,42.487
1768499467.0354617,38.966
1768499467.1383815,37.51
1768499467.2405233,37.138
1768499467.3426487,41.207
1768499467.4446661,32.422
1768499467.5467458,45.806
1768499467.6488376,33.212
1768499467.753854,43.865
1768499467.8561788,34.179
1768499467.9584374,40.739
1768499468.0606318,36.151
1768499468.1629217,37.686
1768499468.265115,42.709
1768499468.3673553,32.718
1768499468.4695446,43.911
1768499468.5717802,35.461
1768499468.6744366,33.784
1768499468.780555,46.172
1768499468.8831997,32.916
1768499468.9854078,43.963
1768499469.088352,34.179
1768499469.1906967,40.838
1768499469.2928922,36.053
1768499469.395112,37.806
1768499469.4973674,38.989
1768499469.6043484,32.897
1768499469.7066011,45.413
1768499469.8089173,32.916
1768499469.9111679,43.103
1768499470.013338,33.784
1768499470.1155884,40.936
1768499470.2178466,35.856
1768499470.3201094,38.102
1768499470.4223228,38.693
1768499470.5295048,36.447
1768499470.6317413,43.544
1768499470.7340074,32.817
1768499470.8362381,43.57
1768499470.9385,33.982
1768499471.040712,40.838
1768499471.1429496,36.525
1768499471.2451062,37.828
1768499471.3473477,38.89
1768499471.4533834,36.842
1768499471.5557373,43.398
1768499471.6579602,43.57
1768499471.761438,34.573
1768499471.8637145,39.163
1768499471.9659636,37.116
1768499472.068065,35.264
1768499472.1701348,43.274
1768499472.272189,32.718
1768499472.3787823,43.595
1768499472.4810903,33.705
1768499472.5833328,42.019
1768499472.6856065,35.757
1768499472.7882853,38.2
1768499472.890603,38.989
1768499472.9931645,32.422
1768499473.0955434,45.019
1768499473.1980662,33.409
1768499473.3053932,43.963
1768499473.4075658,34.376
1768499473.5111866,40.148
1768499473.6134014,36.722
1768499473.7156985,36.919
1768499473.817903,41.995
1768499473.9204705,32.62
1768499474.0226827,42.782
1768499474.128288,34.179
1768499474.230376,41.109
1768499474.3326676,36.25
1768499474.4348416,38.08
1768499474.537173,38.89
1768499474.6393347,36.328
1768499474.7416964,44.259
1768499474.844013,32.718
1768499474.946274,45.708
1768499475.0486317,33.508
1768499475.1535885,41.601
1768499475.2558758,35.461
1768499475.3580644,39.262
1768499475.4602377,36.743
1768499475.5625086,36.645
1768499475.664809,40.542
1768499475.7671466,32.521
1768499475.8694437,45.511
1768499475.9717138,32.916
1768499476.0740066,43.741
1768499476.1799698,33.883
1768499476.2822495,34.968
1768499476.384876,39.656
1768499476.4869232,36.447
1768499476.5890431,36.426
1768499476.6911237,43.3
1768499476.7932854,32.62
1768499476.8953903,42.29
1768499476.997494,35.954
1768499477.1031291,38.792
1768499477.2055407,39.262
1768499477.307777,32.323
1768499477.4098756,45.806
1768499477.5120606,32.916
1768499477.6142855,43.3
1768499477.7165241,33.705
1768499477.8187835,43.57
1768499477.9214716,34.278
1768499478.023707,42.216
1768499478.1317158,34.869
1768499478.2339563,38.572
1768499478.3362548,38.496
1768499478.439957,36.94
1768499478.5426552,41.601
1768499478.6458845,36.151
1768499478.7481394,36.996
1768499478.8533332,40.641
1768499478.955577,32.422
1768499479.0577717,45.315
1768499479.1599867,32.916
1768499479.2622247,42.757
1768499479.3644745,33.705
1768499479.4667435,42.388
1768499479.5690017,34.376
1768499479.6712008,38.595
1768499479.7734022,38.868
1768499479.8797126,32.323
1768499479.9818876,46.818
1768499480.0841017,32.916
1768499480.1863794,41.625
1768499480.2888288,34.771
1768499480.3912013,39.656
1768499480.4934037,37.609
1768499480.595613,36.842
1768499480.6978219,41.527
1768499480.8039117,32.718
1768499480.9062052,33.212
1768499481.0088153,42.979
1768499481.1110268,35.264
1768499481.2131155,38.671
1768499481.315251,37.116
1768499481.4173536,36.919
1768499481.519469,40.912
1768499481.621634,32.718
1768499481.7237277,47.647
1768499481.8305726,33.409
1768499481.932881,43.373
1768499482.0351982,34.475
1768499482.1374738,38.868
1768499482.239775,37.51
1768499482.3426263,36.722
1768499482.444885,42.29
1768499482.5472178,32.62
1768499482.649482,44.062
1768499482.7546792,33.982
1768499482.8570774,39.876
1768499482.9593782,37.708
1768499483.0620723,37.039
1768499483.1643863,45.44
1768499483.2665884,32.817
1768499483.3688571,43.595
1768499483.4712021,33.883
1768499483.5734901,40.814
1768499483.678993,35.954
1768499483.781318,36.919
1768499483.8835526,40.96
1768499483.9858148,32.62
1768499484.0881479,44.036
1768499484.1904202,33.409
1768499484.2927878,42.585
1768499484.3950715,34.278
1768499484.4972208,42.192
1768499484.5994413,35.461
1768499484.7052538,37.609
1768499484.8074765,38.792
1768499484.9096806,36.447
1768499485.011891,42.782
1768499485.1140687,32.62
1768499485.2163024,47.549
1768499485.3184404,33.113
1768499485.420658,43.668
1768499485.5228536,33.902
1768499485.6251247,44.062
1768499485.730781,40.96
1768499485.832835,35.757
1768499485.9349096,38.595
1768499486.037061,37.708
1768499486.1392324,36.546
1768499486.2413409,42.118
1768499486.3434527,32.62
1768499486.445579,46.762
1768499486.547675,32.916
1768499486.6498377,43.963
1768499486.756811,34.1
1768499486.859057,41.699
1768499486.9613426,35.757
1768499487.0636506,39.065
1768499487.1667411,40.444
1768499487.2690845,32.521
1768499487.3712876,44.993
1768499487.473593,33.705
1768499487.575773,42.216
1768499487.6818192,35.658
1768499487.7847717,38.792
1768499487.8871005,39.284
1768499487.9893155,35.264
1768499488.0915284,43.398
1768499488.1938703,32.916
1768499488.2962348,40.641
1768499488.3984725,41.404
1768499488.5007129,32.62
1768499488.6074014,36.623
1768499488.7096417,40.444
1768499488.811885,32.62
1768499488.914094,46.2
1768499489.0162766,33.31
1768499489.1185231,42.782
1768499489.2209227,34.968
1768499489.3234346,38.693
1768499489.425628,37.215
1768499489.5326753,36.722
1768499489.6349962,33.804
1768499489.7373006,35.638
1768499489.839457,38.003
1768499489.9416301,36.426
1768499490.0439446,34.869
1768499490.1461866,34.199
1768499490.2483702,33.31
1768499490.3527763,37.313
1768499490.4557297,37.708
1768499490.557945,35.56
1768499490.6600196,34.001
1768499490.7621937,33.014
1768499490.864448,34.356
1768499490.9666016,36.25
1768499491.0688512,35.954
1768499491.1710324,35.441
1768499491.273224,32.422
1768499491.3789485,32.718
1768499491.4811952,32.916
1768499491.5835605,33.508
1768499491.685881,33.883
1768499491.788644,34.475
1768499491.8908992,34.672
1768499491.9930935,35.165
1768499492.0955193,35.757
1768499492.2016108,39.482
1768499492.306356,43.373
1768499492.4099886,33.508
1768499492.512322,38.003
1768499492.6146476,47.057
1768499492.7169921,33.409
1768499492.81929,41.231
1768499492.9215732,36.546
1768499493.0239887,37.51
1768499493.1262333,42.782
1768499493.2319434,32.817
1768499493.3341784,42.881
1768499493.4366114,34.376
1768499493.5389123,39.065
1768499493.641102,37.905
1768499493.743318,36.82
1768499493.8456368,41.404
1768499493.9478302,32.62
1768499494.0501063,45.708
1768499494.1523826,33.113
1768499494.257621,43.052
1768499494.3600867,34.573
1768499494.462338,38.769
1768499494.5645897,37.116
1768499494.66682,36.743
1768499494.7690399,40.936
1768499494.871344,32.422
1768499494.9736948,44.948
1768499495.0759025,33.014
1768499495.1781898,43.865
1768499495.2851799,41.601
1768499495.387291,35.362
1768499495.4893506,37.609
1768499495.5915253,39.186
1768499495.6935656,34.179
1768499495.795654,41.404
1768499495.897756,32.521
1768499495.9998348,47.057
1768499496.102051,33.212
1768499496.2041466,43.963
1768499496.3104138,33.982
1768499496.4125981,40.617
1768499496.5148554,35.362
1768499496.6171231,39.36
1768499496.7193232,37.138
1768499496.8215623,37.609
1768499496.9237964,38.966
1768499497.0260026,35.56
1768499497.1283834,42.118
1768499497.2310636,32.62
1768499497.3362215,46.931
1768499497.438424,33.014
1768499497.5406947,43.595
1768499497.6428885,33.784
1768499497.7451491,40.467
1768499497.847347,35.658
1768499497.949588,38.003
1768499498.0518138,39.36
1768499498.1541693,32.323
1768499498.256442,47.844
1768499498.3613532,33.606
1768499498.4637415,41.034
1768499498.5659845,35.638
1768499498.668239,33.804
1768499498.7704957,41.133
1768499498.8727596,37.609
1768499498.9750555,33.212
1768499499.077299,42.881
1768499499.1795115,34.573
1768499499.281738,39.087
1768499499.387826,38.003
1768499499.4902148,36.426
1768499499.5924225,40.936
1768499499.6946394,32.718
1768499499.7969632,45.708
1768499499.8993049,33.31
1768499500.0015938,43.471
1768499500.103998,33.883
1768499500.2062337,35.954
1768499500.3146238,38.299
1768499500.416678,38.003
1768499500.518786,33.784
1768499500.62097,43.668
1768499500.7231345,32.817
1768499500.8252795,45.118
1768499500.9274268,33.606
1768499501.029567,42.315
1768499501.1316683,35.56
1768499501.2366767,37.609
1768499501.3389735,39.679
1768499501.4411964,32.62
1768499501.5435028,46.102
1768499501.6457572,33.409
1768499501.747985,42.659
1768499501.8501809,34.376
1768499501.9524536,40.42
1768499502.055949,36.229
1768499502.162876,36.722
1768499502.265125,42.093
1768499502.3677666,32.521
1768499502.4699922,45.413
1768499502.572216,33.508
1768499502.674363,42.192
1768499502.7767153,35.56
1768499502.8789854,38.595
1768499502.9811726,39.284
1768499503.0882652,32.323
1768499503.1904478,44.626
1768499503.2926576,33.705
1768499503.3949237,42.093
1768499503.4971642,35.067
1768499503.5993698,39.58
1768499503.7015986,38.102
1768499503.8038745,32.323
1768499503.906162,47.577
1768499504.0127375,33.31
1768499504.114905,43.471
1768499504.2172177,34.08
1768499504.31942,41.306
1768499504.421611,35.067
1768499504.523925,40.148
1768499504.6261258,35.757
1768499504.7283862,37.39
1768499504.8306608,36.426
1768499504.9337995,41.601
1768499505.0387914,32.422
1768499505.1410315,42.61
1768499505.2431903,32.521
1768499505.3454566,47.155
1768499505.4477677,33.31
1768499505.5500176,42.979
1768499505.6523364,34.08
1768499505.7546303,41.699
1768499505.8568206,35.067
1768499505.9627304,39.186
1768499506.0652103,36.229
1768499506.1674833,37.236
1768499506.2703707,40.542
1768499506.3726754,32.521
1768499506.4748943,46.2
1768499506.5790005,32.916
1768499506.6812015,42.684
1768499506.7835996,34.475
1768499506.8894706,40.148
1768499506.9919453,36.447
1768499507.0942667,38.474
1768499507.1967447,39.087
1768499507.2990656,36.743
1768499507.4015973,43.767
1768499507.5038013,32.62
1768499507.6062744,46.172
1768499507.7085161,33.508
1768499507.8154626,42.019
1768499507.9176834,35.264
1768499508.0198734,39.065
1768499508.1220977,37.51
1768499508.2246182,36.426
1768499508.3270535,42.855
1768499508.4294796,34.771
1768499508.5317929,38.595
1768499508.6373918,46.959
1768499508.7396057,33.705
1768499508.8418303,42.954
1768499508.9442952,34.475
1768499509.0464957,39.58
1768499509.1487212,36.349
1768499509.2509441,37.806
1768499509.3532047,36.743
1768499509.4563804,44.357
1768499509.5617008,32.817
1768499509.6639767,42.388
1768499509.7664475,34.672
1768499509.8687587,39.459
1768499509.9709742,37.018
1768499510.073291,36.701
1768499510.1756449,42.093
1768499510.2779267,32.718
1768499510.380164,46.271
1768499510.4823666,33.409
1768499510.5876026,42.906
1768499510.6898124,34.771
1768499510.7921743,39.459
1768499510.8943694,36.525
1768499510.9965646,38.913
1768499511.1002235,39.383
1768499511.2024424,32.323
1768499511.3047543,46.397
1768499511.4071374,33.014
1768499511.5124407,43.274
1768499511.614905,34.278
1768499511.7172656,39.777
1768499511.8195019,36.623
1768499511.9217527,37.412
1768499512.0241249,40.641
1768499512.1263688,32.422
1768499512.2286534,46.692
1768499512.33101,33.31
1768499512.43758,41.404
1768499512.5397878,34.771
1768499512.642187,39.974
1768499512.7444215,36.645
1768499512.8467786,36.996
1768499512.949066,40.148
1768499513.0513797,32.422
1768499513.1536005,45.315
1768499513.2558205,32.718
1768499513.3614173,43.839
1768499513.463643,33.705
1768499513.5659614,42.782
1768499513.668183,35.264
1768499513.7704258,38.595
1768499513.8728182,39.679
1768499513.9752023,47.31
1768499514.0790818,33.31
1768499514.1812136,42.388
1768499514.287547,35.067
1768499514.389922,38.08
1768499514.4921482,38.003
1768499514.5943854,35.56
1768499514.6965892,44.554
1768499514.798969,32.718
1768499514.901176,43.3
1768499515.0035412,33.686
1768499515.106248,41.133
1768499515.2124,37.434
1768499515.315175,37.018
1768499515.417391,40.641
1768499515.5202327,32.521
1768499515.6225352,47.085
1768499515.7247653,33.113
1768499515.827005,43.176
1768499515.9292355,34.179
1768499516.0314724,39.853
1768499516.1369977,37.215
1768499516.239254,37.313
1768499516.3415644,40.345
1768499516.4438107,33.784
1768499516.5462494,47.479
1768499516.648501,33.212
1768499516.7507157,41.503
1768499516.8529696,34.968
1768499516.9551637,39.383
1768499517.0574417,37.51
1768499517.162741,36.546
1768499517.2650855,43.544
1768499517.3673637,32.718
1768499517.4696283,43.052
1768499517.5720148,33.883
1768499517.6743171,40.148
1768499517.7765918,37.532
1768499517.8787692,36.82
1768499517.9810398,41.601
1768499518.0876536,32.62
1768499518.1899195,46.79
1768499518.292332,33.31
1768499518.3945055,41.503
1768499518.4966843,35.165
1768499518.5988941,42.782
1768499518.7023685,33.705
1768499518.8044736,42.61
1768499518.9065585,34.771
1768499519.0118856,40.542
1768499519.114132,36.032
1768499519.2162993,39.087
1768499519.3185143,38.2
1768499519.4207754,41.034
1768499519.5229514,37.609
1768499519.6252384,36.842
1768499519.727419,35.658
1768499519.8295429,34.08
1768499519.931802,33.31
1768499520.03493,32.817
1768499520.1412756,37.116
1768499520.2434669,37.532
1768499520.345644,37.51
1768499520.447756,36.25
1768499520.549958,34.869
1768499520.6523566,34.179
1768499520.754505,33.606
1768499520.860706,33.212
1768499520.962791,32.916
1768499521.0651054,32.718
1768499521.1673822,32.62
1768499521.2695498,32.718
1768499521.3717172,32.916
1768499521.4739103,33.409
1768499521.5760863,35.658
1768499521.6783826,36.447
1768499521.7805617,37.708
1768499521.886411,37.412
1768499521.9886942,37.51
1768499522.0909667,32.126
1768499522.19319,36.447
1768499522.2955751,41.33
1768499522.3978179,35.461
1768499522.500053,36.722
1768499522.6023724,43.373
1768499522.7045355,32.62
1768499522.8069155,42.585
1768499522.913338,33.804
1768499523.0155582,41.921
1768499523.1177719,35.067
1768499523.2200408,38.989
1768499523.3224232,39.974
1768499523.42466,46.298
1768499523.5267644,32.916
1768499523.6288886,44.088
1768499523.7310772,33.982
1768499523.8333254,41.034
1768499523.93907,36.842
1768499524.0413444,36.94
1768499524.14353,41.428
1768499524.2456748,32.521
1768499524.348214,45.019
1768499524.4503963,33.606
1768499524.553114,40.936
1768499524.6553519,36.151
1768499524.75753,37.905
1768499524.862763,38.496
1768499524.9650085,36.328
1768499525.0680716,41.625
1768499525.1704504,32.521
1768499525.2726657,43.078
1768499525.3748953,33.804
1768499525.4771383,41.306
1768499525.5793607,35.264
1768499525.681651,38.397
1768499525.787576,39.383
1768499525.8898094,32.422
1768499525.9919922,45.288
1768499526.094265,32.916
1768499526.1964226,43.373
1768499526.2986937,35.954
1768499526.4009047,37.609
1768499526.5032291,40.617
1768499526.6055112,32.521
1768499526.7076836,44.429
1768499526.8147871,33.409
1768499526.9170315,43.694
1768499527.019257,34.475
1768499527.121484,40.739
1768499527.223736,36.151
1768499527.3259497,36.722
1768499527.4282193,41.551
1768499527.530409,32.521
1768499527.63268,45.806
1768499527.73917,32.916
1768499527.8414972,42.782
1768499527.9438064,34.001
1768499528.0460966,35.461
1768499528.1494415,38.003
1768499528.2515786,42.118
1768499528.3537574,32.62
1768499528.4559097,43.373
1768499528.5625286,35.461
1768499528.6647682,32.422
1768499528.7670777,45.216
1768499528.8693135,33.804
1768499528.9716685,41.601
1768499529.0740838,36.053
1768499529.176436,37.631
1768499529.278905,40.345
1768499529.381253,32.521
1768499529.4834747,47.282
1768499529.5961106,33.686
1768499529.698384,41.921
1768499529.8005896,35.264
1768499529.9027932,39.36
1768499530.0050387,38.102
1768499530.112222,36.722
1768499530.2145743,43.3
1768499530.3169131,32.817
1768499530.4191709,42.855
1768499530.5214,33.508
1768499530.6236198,43.176
1768499530.7258694,34.771
1768499530.8281896,38.769
1768499530.9304607,37.609
1768499531.0371063,34.968
1768499531.1394668,44.16
1768499531.241851,32.718
1768499531.3442876,42.855
1768499531.4466634,33.508
1768499531.548973,41.699
1768499531.6512394,35.56
1768499531.753521,36.743
1768499531.8557847,40.912
1768499531.9607668,32.521
1768499532.0630162,47.057
1768499532.1652691,33.409
1768499532.2675676,34.771
1768499532.371119,38.102
1768499532.4732172,39.163
1768499532.5753603,32.521
1768499532.6774902,45.61
1768499532.7797694,33.31
1768499532.8860447,42.782
1768499532.9883056,34.475
1768499533.0905535,40.42
1768499533.1927857,36.645
1768499533.2951803,36.94
1768499533.397733,39.853
1768499533.5001051,32.521
1768499533.6028757,44.501
1768499533.7050996,33.113
1768499533.8118424,43.668
1768499533.9152372,34.179
1768499534.017475,42.315
1768499534.1196966,35.658
1768499534.221907,38.2
1768499534.3242254,39.262
1768499534.426774,32.422
1768499534.5291286,44.823
1768499534.6356769,32.718
1768499534.737927,42.684
1768499534.840718,33.606
1768499534.9429722,43.937
1768499535.0458338,34.278
1768499535.148025,41.921
1768499535.2505872,35.362
1768499535.3528788,38.792
1768499535.4554079,37.215
1768499535.5608943,36.919
1768499535.6634455,40.369
1768499535.7657487,32.62
1768499535.8683095,46.762
1768499535.97069,33.31
1768499536.073307,43.57
1768499536.1755793,34.968
1768499536.278174,39.754
1768499536.384876,37.215
1768499536.4872382,37.116
1768499536.5894625,32.521
1768499536.693243,43.792
1768499536.7953131,33.705
1768499536.8973572,43.078
1768499536.9994693,34.869
1768499537.1016788,39.186
1768499537.2037501,37.215
1768499537.3103735,37.018
1768499537.4125395,40.936
1768499537.5148144,32.521
1768499537.6176565,46.003
1768499537.7198718,33.409
1768499537.8220487,43.767
1768499537.9242644,34.869
1768499538.0264359,39.383
1768499538.1287227,38.003
1768499538.2310772,32.225
1768499538.33899,42.782
1768499538.4413033,33.982
1768499538.5452967,36.94
1768499538.6476924,45.806
1768499538.7500064,33.409
1768499538.852301,43.57
1768499538.9545777,34.968
1768499539.0622087,37.708
1768499539.1646163,40.148
1768499539.2668912,32.422
1768499539.369351,44.036
1768499539.4715815,33.508
1768499539.573828,43.57
1768499539.6762977,34.573
1768499539.7785296,38.178
1768499539.8807478,38.102
1768499539.9875746,32.323
1768499540.089882,44.724
1768499540.1924226,33.31
1768499540.294841,41.109
1768499540.3971162,35.56
1768499540.4993994,38.496
1768499540.6016557,38.496
1768499540.7039075,32.323
1768499540.8061218,44.724
1768499540.9122267,32.817
1768499541.0145159,43.373
1768499541.1168363,41.207
1768499541.2193506,34.672
1768499541.321572,36.743
1768499541.42366,45.243
1768499541.5258484,33.113
1768499541.6279783,42.684
1768499541.7302039,34.573
1768499541.8323028,40.369
1768499541.9382358,37.51
1768499542.0404694,36.447
1768499542.1427288,42.019
1768499542.2450454,32.521
1768499542.3472857,47.254
1768499542.4500537,33.113
1768499542.5523129,43.865
1768499542.6545417,33.686
1768499542.7582457,43.963
1768499542.8639693,35.461
1768499542.9663289,39.656
1768499543.068696,37.708
1768499543.1709895,37.292
1768499543.2732255,40.739
1768499543.3757849,32.422
1768499543.4780984,46.102
1768499543.580378,33.014
1768499543.682753,42.782
1768499543.7879739,34.278
1768499543.8902125,40.739
1768499543.992434,36.053
1768499544.0946915,37.434
1768499544.1970773,40.247
1768499544.2994711,32.521
1768499544.401672,43.176
1768499544.503953,33.409
1768499544.6061826,41.798
1768499544.7085447,35.461
1768499544.815199,37.116
1768499544.9174309,41.231
1768499545.0196285,32.521
1768499545.1220381,47.057
1768499545.2242565,33.113
1768499545.326479,42.906
1768499545.4287615,34.672
1768499545.5310905,38.047
1768499545.633411,38.474
1768499545.738105,32.521
1768499545.8403847,33.014
1768499545.9435024,42.585
1768499546.0457273,37.905
1768499546.1482663,32.718
1768499546.2503912,41.404
1768499546.35254,35.067
1768499546.4547644,38.989
1768499546.5568733,37.609
1768499546.6635518,32.404
1768499546.765751,45.243
1768499546.868358,32.916
1768499546.9706829,43.963
1768499547.073442,34.771
1768499547.1757069,38.989
1768499547.2801185,38.868
1768499547.38238,32.422
1768499547.4881065,45.905
1768499547.5904877,33.804
1768499547.6927679,42.61
1768499547.7949986,35.264
1768499547.8971958,37.587
1768499547.9995248,39.459
1768499548.101783,32.521
1768499548.2040973,46.959
1768499548.306374,33.982
1768499548.4129496,39.284
1768499548.5151958,38.397
1768499548.617792,33.212
1768499548.7200487,38.792
1768499548.8223243,38.397
1768499548.9246204,32.422
1768499549.0269334,44.233
1768499549.1292589,33.606
1768499549.2314856,42.413
1768499549.3379378,35.067
1768499549.4403389,38.572
1768499549.54288,37.039
1768499549.6452277,36.919
1768499549.7474833,37.313
1768499549.849794,38.102
1768499549.9521031,37.51
1768499550.0542507,35.954
1768499550.1566813,34.771
1768499550.259413,34.08
1768499550.361699,33.804
1768499550.4649165,33.508
1768499550.5670161,33.212
1768499550.6691222,33.113
1768499550.7712622,32.916
1768499550.8733838,33.113
1768499550.9754877,32.916
1768499551.0777607,32.718
1768499551.179911,32.916
1768499551.2866359,33.508
1768499551.388874,34.08
1768499551.4910817,35.362
1768499551.5933342,35.461
1768499551.6995213,37.215
1768499551.801707,37.215
1768499551.9040446,37.313
1768499552.0062277,36.82
1768499552.111611,32.422
1768499552.2138777,35.856
1768499552.3163495,42.019
1768499552.4186075,36.151
1768499552.5210104,33.587
1768499552.6232307,41.428
1768499552.7255049,34.771
1768499552.827824,38.671
1768499552.9300847,40.739
1768499553.037316,32.422
1768499553.1395283,46.271
1768499553.2418416,33.014
1768499553.3441203,43.471
1768499553.4463062,33.982
1768499553.5484977,40.42
1768499553.650689,35.954
1768499553.7530072,38.102
1768499553.8552651,38.989
1768499553.9621384,33.883
1768499554.0643723,42.979
1768499554.1665332,32.916
1768499554.268762,45.905
1768499554.3710728,33.606
1768499554.4732723,36.919
1768499554.5755684,40.345
1768499554.6777332,32.62
1768499554.7799003,46.79
1768499554.8821654,33.212
1768499554.98724,34.869
1768499555.0896018,38.769
1768499555.191689,38.397
1768499555.2937493,35.244
1768499555.3959923,43.004
1768499555.498178,33.014
1768499555.6002843,43.15
1768499555.7025077,34.869
1768499555.8045993,39.459
1768499555.9066682,38.102
1768499556.012396,32.422
1768499556.1146104,45.118
1768499556.2168264,33.212
1768499556.323096,42.192
1768499556.42534,35.658
1768499556.527581,36.842
1768499556.63005,41.896
1768499556.7322621,32.817
1768499556.8391871,43.57
1768499556.9414253,35.461
1768499557.0436332,37.039
1768499557.1458297,41.01
1768499557.2480578,32.62
1768499557.3502705,42.855
1768499557.4525635,34.278
1768499557.5548902,39.042
1768499557.657171,37.708
1768499557.7635646,32.323
1768499557.865798,43.078
1768499557.968087,34.179
1768499558.0702977,38.792
1768499558.1724706,36.722
1768499558.274812,32.404
1768499558.3771386,46.369
1768499558.479359,33.31
1768499558.581711,36.842
1768499558.6871848,47.675
1768499558.7895005,33.31
1768499558.8917134,41.404
1768499558.9940038,35.954
1768499559.0961566,37.039
1768499559.198362,40.739
1768499559.300686,32.62
1768499559.4028826,43.937
1768499559.5050573,33.606
1768499559.6073146,42.068
1768499559.7141383,37.587
1768499559.8163226,39.853
1768499559.9183965,32.62
1768499560.0206454,44.823
1768499560.122837,34.376
1768499560.2250354,37.806
1768499560.3272316,40.345
1768499560.4293878,32.62
1768499560.5315013,46.762
1768499560.6336453,33.212
1768499560.739164,31.929
1768499560.8415213,45.019
1768499560.9437432,33.014
1768499561.046499,43.642
1768499561.1488392,34.179
1768499561.2511606,39.656
1768499561.3533463,37.609
1768499561.4555607,32.422
1768499561.557879,46.003
1768499561.6640303,33.212
1768499561.7662613,42.093
1768499561.8684447,35.067
1768499561.970712,37.708
1768499562.0730329,41.231
1768499562.1752162,32.718
1768499562.277435,42.585
1768499562.3797133,34.376
1768499562.4822087,37.905
1768499562.5844767,38.595
1768499562.6912107,32.422
1768499562.7934096,44.921
1768499562.8957074,33.113
1768499562.9979267,42.782
1768499563.1001198,34.001
1768499563.2023447,41.625
1768499563.304511,35.067
1768499563.4067338,38.003
1768499563.5089405,38.474
1768499563.6111536,35.539
1768499563.7168756,41.503
1768499563.8190603,32.817
1768499563.9216087,46.298
1768499564.0237865,33.409
1768499564.1264186,43.963
1768499564.2285945,34.179
1768499564.3312235,38.989
1768499564.4336612,38.496
1768499564.5362167,33.784
1768499564.643161,33.014
1768499564.7453406,43.373
1768499564.8474452,34.001
1768499564.9496453,39.557
1768499565.0517192,35.933
1768499565.1542773,37.708
1768499565.2563584,40.05
1768499565.3594234,32.521
1768499565.4615595,47.774
1768499565.5700781,33.489
1768499565.673463,41.428
1768499565.7775044,35.264
1768499565.8796973,37.609
1768499565.9819102,38.89
1768499566.084113,32.897
1768499566.1864278,42.979
1768499566.292027,32.817
1768499566.3942645,45.61
1768499566.49648,33.409
1768499566.5987275,42.265
1768499566.7010846,34.573
1768499566.8034084,39.482
1768499566.905656,36.743
1768499567.0079787,36.919
1768499567.110156,41.601
1768499567.2124095,32.62
1768499567.318191,46.397
1768499567.4204452,33.31
1768499567.5228252,43.642
1768499567.625084,34.278
1768499567.727283,38.792
1768499567.8294733,37.018
1768499567.9317102,36.743
1768499568.0339837,40.838
1768499568.1362484,32.521
1768499568.2384179,45.976
1768499568.344254,37.039
1768499568.4464893,35.56
1768499568.5489762,44.948
1768499568.651385,38.299
1768499568.7536175,32.62
1768499568.8558185,43.865
1768499568.9580128,33.606
1768499569.0602968,41.798
1768499569.1624448,38.003
1768499569.2660232,40.148
1768499569.3712537,32.62
1768499569.4734883,46.102
1768499569.5757878,33.39
1768499569.677901,39.656
1768499569.7802334,36.131
1768499569.8825204,37.784
1768499569.9849098,38.595
1768499570.0870922,35.638
1768499570.189359,43.767
1768499570.2949367,32.718
1768499570.4057987,45.386
1768499570.5079858,33.31
1768499570.6102405,43.274
1768499570.7124248,35.165
1768499570.8187952,38.966
1768499570.9210742,37.609
1768499571.0233128,37.018
1768499571.125603,41.306
1768499571.2278347,32.422
1768499571.330146,47.38
1768499571.4323747,33.409
1768499571.534629,40.345
1768499571.6370046,37.412
1768499571.7431574,32.225
1768499571.8453887,46.566
1768499571.9476855,33.212
1768499572.0500913,43.57
1768499572.1524353,34.771
1768499572.2548432,38.496
1768499572.3571246,38.397
1768499572.4594288,32.323
1768499572.561732,45.779
1768499572.6682138,33.508
1768499572.7704282,38.769
1768499572.872711,38.003
1768499572.9749846,32.422
1768499573.0772433,43.201
1768499573.1795106,34.278
1768499573.2816982,39.951
1768499573.3840184,37.138
1768499573.486442,48.012
1768499573.5934484,33.212
1768499573.6956875,43.004
1768499573.797933,35.264
1768499573.9001997,38.223
1768499574.0025365,41.625
1768499574.1048074,32.521
1768499574.2070196,47.745
1768499574.3092465,33.31
1768499574.4120307,42.979
1768499574.518352,35.165
1768499574.6205893,39.262
1768499574.7228062,37.609
1768499574.826203,37.116
1768499574.9283552,41.231
1768499575.0306077,32.422
1768499575.132769,46.172
1768499575.2352607,32.916
1768499575.339898,43.078
1768499575.442336,34.179
1768499575.5446894,40.814
1768499575.6469276,35.757
1768499575.7494025,38.474
1768499575.85172,38.397
1768499575.9540238,36.722
1768499576.0562766,44.429
1768499576.1584845,32.916
1768499576.2606375,42.979
1768499576.3628736,33.705
1768499576.4684765,41.231
1768499576.570665,36.25
1768499576.6728776,38.299
1768499576.775061,39.262
1768499576.8772593,32.422
1768499576.979476,43.544
1768499577.0816717,32.718
1768499577.1838927,45.976
1768499577.2862253,33.212
1768499577.3885212,43.865
1768499577.493423,34.573
1768499577.5955904,38.003
1768499577.6978517,39.656
1768499577.8001893,32.521
1768499577.9024012,47.184
1768499578.004628,33.014
1768499578.106897,44.724
1768499578.209121,41.724
1768499578.311767,35.461
1768499578.4184253,37.708
1768499578.52061,44.134
1768499578.6232219,35.165
1768499578.7255788,37.686
1768499578.8277447,39.087
1768499578.9300585,33.784
1768499579.0323315,42.954
1768499579.1346002,32.817
1768499579.2401004,42.855
1768499579.3438988,33.686
1768499579.4461648,42.019
1768499579.5498285,36.25
1768499579.6520853,41.207
1768499579.7543995,36.919
1768499579.856653,38.08
1768499579.9589715,36.94
1768499580.061277,35.757
1768499580.1654787,34.968
1768499580.2676764,34.278
1768499580.3698158,33.804
1768499580.472128,33.606
1768499580.5744414,33.409
1768499580.6766555,33.113
1768499580.77891,33.212
1768499580.881214,33.31
1768499580.983752,33.31
1768499581.085986,33.212
1768499581.1883383,33.409
1768499581.293081,33.902
1768499581.3955023,34.179
1768499581.4977388,34.869
1768499581.6002865,36.151
1768499581.7027001,36.842
1768499581.8050542,37.236
1768499581.9074173,36.151
1768499582.0097487,35.56
1768499582.1118808,32.422
1768499582.2140648,32.62
1768499582.3176684,32.817
1768499582.4211357,45.019
1768499582.52342,33.804
1768499582.6256273,37.609
1768499582.7279706,45.779
1768499582.830292,33.883
1768499582.9326606,38.375
1768499583.0352585,32.817
1768499583.1377904,39.482
1768499583.2401023,38.693
1768499583.3466318,32.62
1768499583.4490414,43.176
1768499583.5513518,34.672
1768499583.6538506,37.532
1768499583.7562296,40.345
1768499583.8585305,32.521
1768499583.9608352,43.595
1768499584.0671911,34.376
1768499584.1707497,38.321
1768499584.2733057,40.247
1768499584.3761947,32.62
1768499584.4785042,43.865
1768499584.580783,35.067
1768499584.6830728,38.397
1768499584.7853377,39.087
1768499584.8877118,32.502
1768499584.990207,47.479
1768499585.095405,33.508
1768499585.1976624,41.527
1768499585.3001068,36.25
1768499585.4025023,36.898
1768499585.5048382,43.668
1768499585.6071844,32.817
1768499585.7095926,42.265
1768499585.8119092,33.902
1768499585.9141955,41.428
1768499586.0204928,35.658
1768499586.1226327,38.595
1768499586.22488,37.905
1768499586.3270721,36.82
1768499586.4292557,42.315
1768499586.5314574,32.62
1768499586.6336904,44.331
1768499586.735939,33.508
1768499586.8382123,43.078
1768499586.940397,34.869
1768499587.045385,38.845
1768499587.1476543,37.313
1768499587.2498558,38.003
1768499587.352206,41.33
1768499587.4543946,32.817
1768499587.5565975,38.595
1768499587.6598756,32.422
1768499587.7620022,47.057
1768499587.864163,33.212
1768499587.96948,43.249
1768499588.0716844,34.475
1768499588.1739116,40.936
1768499588.2762876,39.284
1768499588.3784657,32.422
1768499588.4829752,42.881
1768499588.5853298,43.249
1768499588.6884584,34.278
1768499588.7945142,39.065
1768499588.8968284,40.05
1768499588.9991143,32.521
1768499589.1014094,44.724
1768499589.2035675,33.606
1768499589.3059556,43.3
1768499589.4081616,35.362
1768499589.5103476,37.215
1768499589.6126027,40.838
1768499589.7149284,32.521
1768499589.8210719,44.724
1768499589.9233804,33.508
1768499590.0255294,43.078
1768499590.1277976,34.869
1768499590.2299757,39.656
1768499590.3323054,36.546
1768499590.4346547,36.328
1768499590.5370038,41.601
1768499590.6391952,32.62
1768499590.7450871,47.352
1768499590.8474352,33.113
1768499590.9497178,43.642
1768499591.0521035,34.001
1768499591.154397,40.247
1768499591.2567248,36.447
1768499591.358878,38.178
1768499591.461062,38.474
1768499591.563314,32.422
1768499591.66992,45.216
1768499591.7722807,33.014
1768499591.8744485,44.259
1768499591.9768126,34.179
1768499592.0791261,36.645
1768499592.183005,37.905
1768499592.2851784,39.557
1768499592.3875725,32.521
1768499592.4937625,44.331
1768499592.5963497,33.902
1768499592.698574,40.542
1768499592.8011618,35.954
1768499592.9039207,37.116
1768499593.0064135,39.754
1768499593.1101844,32.521
1768499593.212551,45.61
1768499593.3181477,32.916
1768499593.4204845,43.249
1768499593.5226648,33.686
1768499593.6248357,41.404
1768499593.7270768,35.461
1768499593.829234,37.708
1768499593.931396,39.36
1768499594.0336301,32.422
1768499594.1360383,45.806
1768499594.2382743,33.31
1768499594.3418882,41.109
1768499594.4440734,36.525
1768499594.5463276,36.447
1768499594.648515,44.088
1768499594.7507875,32.817
1768499594.853033,43.792
1768499594.9552517,33.982
1768499595.0574183,41.724
1768499595.1596854,36.151
1768499595.2620234,37.784
1768499595.3643267,40.444
1768499595.4679506,32.62
1768499595.5702293,44.036
1768499595.6725118,33.606
1768499595.7748013,43.201
1768499595.8771226,34.869
1768499595.9793766,39.36
1768499596.0815897,37.609
1768499596.1838107,36.743
1768499596.286169,41.01
1768499596.3883965,32.718
1768499596.4907858,43.052
1768499596.5964718,34.573
1768499596.698749,40.641
1768499596.8010442,36.525
1768499596.9033968,37.215
1768499597.0057082,32.521
1768499597.1079738,44.331
1768499597.2102246,32.916
1768499597.3124428,43.937
1768499597.414594,33.902
1768499597.5210955,43.078
1768499597.6233575,34.771
1768499597.7256758,39.459
1768499597.8278801,36.645
1768499597.9300284,37.609
1768499598.0326872,39.459
1768499598.134972,32.521
1768499598.23724,43.544
1768499598.3394935,32.817
1768499598.4468105,44.921
1768499598.54901,33.409
1768499598.6513555,32.62
1768499598.7537224,46.243
1768499598.8560207,33.31
1768499598.9582772,42.881
1768499599.0605357,34.968
1768499599.1627662,40.641
1768499599.2650824,36.919
1768499599.3713727,37.708
1768499599.4736173,41.822
1768499599.5759254,32.521
1768499599.67819,46.341
1768499599.7804742,33.508
1768499599.8827884,41.109
1768499599.9851546,35.757
1768499600.0873196,38.397
1768499600.189555,38.102
1768499600.2956927,36.722
1768499600.3978875,41.822
1768499600.5002549,32.521
1768499600.6025057,47.872
1768499600.7048259,33.409
1768499600.807088,42.61
1768499600.9092913,34.869
1768499601.0116115,40.247
1768499601.113862,36.743
1768499601.2198849,38.102
1768499601.3221483,38.966
1768499601.4243567,35.835
1768499601.5266266,33.212
1768499601.6294487,43.446
1768499601.7315054,34.179
1768499601.8336265,42.019
1768499601.935723,36.053
1768499602.0377638,38.474
1768499602.1398885,38.102
1768499602.2461927,36.645
1768499602.3510776,41.01
1768499602.453334,32.521
1768499602.555614,46.172
1768499602.659159,33.212
1768499602.7614126,43.052
1768499602.863559,34.278
1768499602.969773,40.838
1768499603.0720928,36.82
1768499603.174378,37.883
1768499603.276576,39.557
1768499603.3788104,33.39
1768499603.4811034,48.04
1768499603.583512,33.113
1768499603.6857426,43.694
1768499603.7880075,34.001
1768499603.894675,43.274
1768499603.997049,34.869
1768499604.099275,39.534
1768499604.2015495,36.328
1768499604.303731,38.102
1768499604.4059193,39.383
1768499604.5082035,36.842
1768499604.6104162,42.585
1768499604.7127016,32.718
1768499604.8148952,44.528
1768499604.921192,33.489
1768499605.0235374,42.487
1768499605.1258893,34.672
1768499605.228065,39.754
1768499605.3304055,37.412
1768499605.4329271,35.461
1768499605.5351725,47.774
1768499605.6374774,33.606
1768499605.7397149,40.715
1768499605.8460248,35.658
1768499605.9482043,39.186
1768499606.0502849,38.102
1768499606.1531768,39.557
1768499606.2553751,34.278
1768499606.3575256,43.373
1768499606.4596245,32.817
1768499606.561854,43.792
1768499606.6640248,33.705
1768499606.770779,41.896
1768499606.87302,35.658
1768499606.975264,38.966
1768499607.0785828,37.981
1768499607.180853,36.94
1768499607.2832174,42.684
1768499607.3853583,32.718
1768499607.4876702,44.921
1768499607.5899162,33.705
1768499607.695647,41.207
1768499607.7982771,35.954
1768499607.9005396,37.784
1768499608.002704,38.966
1768499608.1049943,36.645
1768499608.2071943,42.906
1768499608.3095179,33.212
1768499608.4118216,42.093
1768499608.5140698,35.362
1768499608.6210442,32.323
1768499608.7233467,41.921
1768499608.825566,36.25
1768499608.9278774,37.215
1768499609.030081,41.724
1768499609.132547,32.62
1768499609.234711,44.554
1768499609.3369467,33.587
1768499609.4391143,41.798
1768499609.5455186,36.82
1768499609.647701,37.313
1768499609.7499285,42.29
1768499609.85213,33.31
1768499609.954367,33.014
1768499610.0566447,32.916
1768499610.1589158,36.919
1768499610.2612398,38.003
1768499610.3633747,35.56
1768499610.467011,34.278
1768499610.569307,34.199
1768499610.6716738,33.113
1768499610.774656,32.817
1768499610.876788,36.82
1768499610.9790273,37.905
1768499611.0813203,35.933
1768499611.184006,34.573
1768499611.2861233,34.001
1768499611.3882887,33.508
1768499611.4910777,33.113
1768499611.5970259,33.113
1768499611.6993215,33.409
1768499611.8029447,33.982
1768499611.9052448,34.475
1768499612.0075102,34.869
1768499612.1100292,35.461
1768499612.2123644,36.426
1768499612.317304,36.919
1768499612.419646,38.003
1768499612.521897,32.817
1768499612.6242974,38.474
1768499612.7265918,45.046
1768499612.8288403,33.31
1768499612.9311514,41.404
1768499613.0333483,35.658
1768499613.135739,37.927
1768499613.2379897,39.853
1768499613.3443713,32.422
1768499613.4467528,46.692
1768499613.5490937,33.212
1768499613.651342,42.388
1768499613.7538965,34.869
1768499613.8561506,39.557
1768499613.9583988,37.215
1768499614.060623,37.806
1768499614.1629004,39.951
1768499614.269653,32.521
1768499614.371895,45.243
1768499614.4741874,33.982
1768499614.5763698,39.459
1768499614.6786122,37.51
1768499614.780777,36.743
1768499614.8829648,41.921
1768499614.9851942,32.718
1768499615.0874765,45.386
1768499615.194495,43.497
1768499615.2975495,35.067
1768499615.3996484,38.595
1768499615.5018234,39.853
1768499615.6040149,32.62
1768499615.706138,44.331
1768499615.8085527,33.686
1768499615.9106843,42.192
1768499616.0129325,35.461
1768499616.1179974,39.656
1768499616.2202985,37.51
1768499616.3225439,37.313
1768499616.4311714,42.093
1768499616.533393,32.718
1768499616.6357028,42.979
1768499616.7380435,34.08
1768499616.844008,40.05
1768499616.9463103,37.412
1768499617.048592,37.138
1768499617.1509066,42.315
1768499617.2532306,32.718
1768499617.3554134,44.626
1768499617.4577947,33.489
1768499617.5603244,41.625
1768499617.6626065,36.032
1768499617.7705429,32.502
1768499617.8728476,46.987
1768499617.9752047,33.31
1768499618.0777552,32.126
1768499618.1803432,44.088
1768499618.2826831,37.806
1768499618.3851962,32.817
1768499618.4876623,37.51
1768499618.5934072,43.668
1768499618.6957226,41.231
1768499618.7981017,32.817
1768499618.9003382,43.274
1768499619.0025544,34.475
1768499619.1047525,38.025
1768499619.2070498,38.89
1768499619.3092825,33.193
1768499619.411463,46.692
1768499619.513605,33.113
1768499619.6191075,34.672
1768499619.7213435,38.595
1768499619.8236136,37.609
1768499619.9256728,34.159
1768499620.0278733,43.668
1768499620.1300042,32.817
1768499620.2322595,43.3
1768499620.3344002,34.672
1768499620.4368422,36.94
1768499620.5389583,45.386
1768499620.652089,33.31
1768499620.7543604,43.398
1768499620.85667,34.001
1768499620.9588795,42.709
1768499621.061041,34.869
1768499621.1632748,39.534
1768499621.2697623,35.736
1768499621.3719463,38.693
1768499621.4740927,38.89
1768499621.5763197,32.521
1768499621.6785018,45.806
1768499621.78076,33.508
1768499621.883072,40.936
1768499621.9854758,36.525
1768499622.0877767,36.623
1768499622.1923096,41.034
1768499622.29454,32.718
1768499622.3969228,46.369
1768499622.499289,33.31
1768499622.601615,42.118
1768499622.7038794,38.397
1768499622.8061514,32.422
1768499622.908598,45.019
1768499623.0110185,33.014
1768499623.1134748,42.954
1768499623.219435,33.883
1768499623.321787,39.951
1768499623.4240792,36.053
1768499623.5262458,37.236
1768499623.628505,39.853
1768499623.7308927,32.422
1768499623.8331811,45.243
1768499623.9353719,33.014
1768499624.0375853,45.413
1768499624.1445034,42.61
1768499624.2466388,34.672
1768499624.3488235,40.05
1768499624.4514143,35.954
1768499624.5535672,36.426
1768499624.6556592,41.625
1768499624.7577896,32.817
1768499624.8605688,43.668
1768499624.9627912,33.982
1768499625.0691843,39.436
1768499625.1715004,36.82
1768499625.2738473,36.525
1768499625.3763168,42.093
1768499625.4786117,32.817
1768499625.5808432,43.937
1768499625.6831777,33.902
1768499625.785406,40.05
1768499625.8876767,36.722
1768499625.9928758,36.623
1768499626.0950816,41.231
1768499626.1973531,32.521
1768499626.2998,46.243
1768499626.402164,33.606
1768499626.5046556,40.566
1768499626.6070013,36.842
1768499626.709241,36.743
1768499626.8114877,41.306
1768499626.9137142,32.62
1768499627.020169,45.386
1768499627.1223927,33.409
1768499627.2247107,41.428
1768499627.3269923,35.757
1768499627.42927,38.595
1768499627.5314744,38.003
1768499627.6336644,32.404
1768499627.7359593,42.906
1768499627.8381543,32.718
1768499627.940445,47.254
1768499628.0462456,33.212
1768499628.1485672,43.865
1768499628.250917,33.705
1768499628.3531444,38.868
1768499628.455417,38.102
1768499628.5577388,32.422
1768499628.6600842,36.328
1768499628.7624016,42.315
1768499628.864624,33.014
1768499628.966881,44.6
1768499629.0733292,41.921
1768499629.1756332,35.461
1768499629.278308,37.609
1768499629.3804712,39.876
1768499629.4828289,32.62
1768499629.5849726,45.118
1768499629.687912,33.784
1768499629.7901282,39.853
1768499629.892785,36.349
1768499629.9989042,37.236
1768499630.1012733,41.034
1768499630.2035267,32.718
1768499630.305777,45.118
1768499630.4082208,33.587
1768499630.510683,41.404
1768499630.613096,36.623
1768499630.7153344,36.722
1768499630.817596,42.684
1768499630.9236407,33.113
1768499631.0259519,43.668
1768499631.1281924,33.883
1768499631.2305892,41.699
1768499631.3328254,35.56
1768499631.4350088,38.299
1768499631.5371845,37.905
1768499631.6395204,37.039
1768499631.741756,41.601
1768499631.8440151,32.718
1768499631.9494593,47.872
1768499632.0517428,33.113
1768499632.153942,43.963
1768499632.256167,33.784
1768499632.3583646,40.641
1768499632.4610097,35.757
1768499632.5632403,36.645
1768499632.6656425,44.259
1768499632.7680268,32.916
1768499632.873706,43.963
1768499632.975944,34.08
1768499633.0781674,41.306
1768499633.1805842,36.053
1768499633.2828305,36.623
1768499633.3851402,40.467
1768499633.487385,32.62
1768499633.5896773,46.621
1768499633.6919134,33.508
1768499633.7941926,34.869
1768499633.902734,38.003
1768499634.004786,38.2
1768499634.1070793,33.883
1768499634.2092361,44.134
1768499634.3115983,33.014
1768499634.4136999,44.16
1768499634.5167806,34.278
1768499634.6190414,39.065
1768499634.725176,37.905
1768499634.8274908,36.623
1768499634.929738,41.428
1768499635.0319042,32.62
1768499635.1340625,45.976
1768499635.2362614,33.113
1768499635.3384428,42.881
1768499635.4406059,33.784
1768499635.542819,39.754
1768499635.6497593,36.525
1768499635.7519133,36.996
1768499635.8541365,40.641
1768499635.9563308,33.094
1768499636.0587537,44.823
1768499636.1610227,32.718
1768499636.263267,45.118
1768499636.3654885,33.489
1768499636.4676714,43.078
1768499636.5734882,34.771
1768499636.6757095,37.708
1768499636.777968,38.375
1768499636.88023,35.264
1768499636.9825323,43.767
1768499637.084879,32.718
1768499637.1872473,44.751
1768499637.2897546,33.489
1768499637.3920555,41.306
1768499637.499461,35.264
1768499637.60171,38.2
1768499637.7041328,39.777
1768499637.8064961,32.521
1768499637.9087489,46.003
1768499638.011139,33.31
1768499638.1134684,43.668
1768499638.2156463,39.557
1768499638.3191662,36.447
1768499638.4248233,37.313
1768499638.527916,43.103
1768499638.630224,38.474
1768499638.7372034,37.905
1768499638.8394358,32.422
1768499638.9416718,43.176
1768499639.0486035,34.771
1768499639.1509836,37.434
1768499639.2548351,42.093
1768499639.3582058,38.102
1768499639.4629986,45.046
1768499639.5653057,33.508
1768499639.6720233,39.679
1768499639.7744358,38.397
1768499639.8766563,32.422
1768499639.978896,42.413
1768499640.0811784,36.25
1768499640.1835444,36.426
1768499640.2857738,37.412
1768499640.3880794,36.743
1768499640.4927208,37.116
1768499640.5950594,38.102
1768499640.6974144,38.2
1768499640.7997067,37.412
1768499640.901894,36.447
1768499641.0042632,35.856
1768499641.1064172,34.771
1768499641.208738,34.475
1768499641.3111103,34.672
1768499641.4134672,34.376
1768499641.5180967,35.954
1768499641.6203861,37.313
1768499641.722648,37.905
1768499641.824896,37.412
1768499641.9271145,36.25
1768499642.0293448,35.757
1768499642.131629,33.587
1768499642.2340112,32.62
1768499642.336297,32.916
1768499642.43911,33.508
1768499642.5446196,34.771
1768499642.6469798,36.131
1768499642.7507446,35.165
1768499642.8529866,32.126
1768499642.9555278,41.354
1768499643.057917,37.609
1768499643.1602685,32.422
1768499643.2624567,42.29
1768499643.3647075,33.982
1768499643.4695344,39.087
1768499643.5717793,39.754
1768499643.6740952,32.62
1768499643.7763321,43.15
1768499643.8785336,33.982
1768499643.980739,40.739
1768499644.0830405,36.722
1768499644.1852539,37.412
1768499644.2874973,41.896
1768499644.3897707,32.718
1768499644.4950454,43.865
1768499644.5973344,34.475
1768499644.6996539,39.656
1768499644.8018851,37.51
1768499644.904144,36.426
1768499645.0064883,43.004
1768499645.1087499,32.62
1768499645.210975,43.963
1768499645.3131876,33.804
1768499645.4153583,41.01
1768499645.5204153,35.461
1768499645.62261,37.981
1768499645.7248952,39.163
1768499645.827134,32.601
1768499645.9293025,46.959
1768499646.0316236,33.113
1768499646.1338809,43.839
1768499646.2361617,34.278
1768499646.3383884,41.33
1768499646.4406264,36.349
1768499646.545632,37.708
1768499646.6478808,39.459
1768499646.750062,35.342
1768499646.8523066,43.767
1768499646.9544559,32.817
1768499647.0566695,45.484
1768499647.1588745,33.212
1768499647.2611203,34.573
1768499647.364722,39.58
1768499647.4716573,36.623
1768499647.5760772,37.708
1768499647.6783736,41.01
1768499647.7810571,32.422
1768499647.8845952,45.118
1768499647.9867966,32.817
1768499648.0890846,44.036
1768499648.1964374,33.508
1768499648.2986948,38.792
1768499648.4009535,37.412
1768499648.5032403,35.461
1768499648.606876,38.08
1768499648.709437,37.708
1768499648.8116648,35.067
1768499648.914246,45.243
1768499649.01972,32.817
1768499649.1220632,43.767
1768499649.2243657,33.508
1768499649.326618,42.413
1768499649.4289215,35.067
1768499649.5312128,38.89
1768499649.6337194,38.397
1768499649.735956,32.422
1768499649.8381944,47.029
1768499649.9453158,33.113
1768499650.0475307,42.979
1768499650.1497405,35.067
1768499650.25212,39.186
1768499650.3543968,37.806
1768499650.456585,36.623
1768499650.558877,43.642
1768499650.6611385,33.212
1768499650.763461,41.281
1768499650.8701193,35.362
1768499650.9723642,37.412
1768499651.0748262,40.936
1768499651.1770828,32.62
1768499651.2792957,44.751
1768499651.3815405,33.587
1768499651.4840937,36.229
1768499651.5863678,36.623
1768499651.6886163,45.538
1768499651.7953298,33.508
1768499651.8976922,40.936
1768499652.000086,36.546
1768499652.1035826,32.323
1768499652.2059057,46.298
1768499652.308348,33.902
1768499652.4105868,38.299
1768499652.5129266,41.921
1768499652.6154773,33.014
1768499652.7207837,41.921
1768499652.823134,36.623
1768499652.9255228,36.525
1768499653.0278242,43.544
1768499653.1300764,33.113
1768499653.2323532,43.176
1768499653.3346553,35.658
1768499653.4368887,36.623
1768499653.5391786,44.062
1768499653.6454823,34.08
1768499653.7477775,37.51
1768499653.85002,40.542
1768499653.9522169,32.521
1768499654.0545118,46.593
1768499654.1567695,33.212
1768499654.2590787,43.57
1768499654.361259,35.165
1768499654.4635177,37.313
1768499654.5657208,43.471
1768499654.6720314,33.113
1768499654.774268,42.093
1768499654.876537,34.573
1768499654.9787853,39.262
1768499655.0810046,37.609
1768499655.1832478,35.835
1768499655.2858458,43.595
1768499655.3880963,32.916
1768499655.490479,43.274
1768499655.5958486,34.573
1768499655.6980891,39.557
1768499655.8003678,37.412
1768499655.902564,35.638
1768499656.0049703,45.44
1768499656.107305,43.694
1768499656.2111528,33.587
1768499656.3132684,41.896
1768499656.415541,35.56
1768499656.5218933,37.313
1768499656.6241062,42.782
1768499656.7265058,32.817
1768499656.8287246,43.767
1768499656.932009,34.573
1768499657.034323,39.656
1768499657.1366112,38.003
1768499657.2387514,36.426
1768499657.3411434,42.216
1768499657.4461248,32.521
1768499657.5482988,45.976
1768499657.6505363,33.784
1768499657.7527237,41.157
1768499657.8549962,35.638
1768499657.957294,38.299
1768499658.0595431,39.754
1768499658.1618066,32.422
1768499658.2640584,42.684
1768499658.3663085,34.376
1768499658.473328,39.284
1768499658.5755575,38.693
1768499658.6780183,33.982
1768499658.7804177,39.459
1768499658.882826,38.2
1768499658.9851427,33.982
1768499659.087357,45.243
1768499659.1895797,32.718
1768499659.2918518,44.849
1768499659.3981452,33.409
1768499659.5003479,41.773
1768499659.6026888,34.771
1768499659.7049232,37.236
1768499659.807396,40.321
1768499659.9097376,32.521
1768499660.0119193,46.102
1768499660.1141663,33.113
1768499660.2163415,42.979
1768499660.3223693,34.08
1768499660.4246283,38.792
1768499660.5269666,37.51
1768499660.6293154,34.278
1768499660.731606,33.113
1768499660.8350213,42.216
1768499660.9371076,36.032
1768499661.0392303,37.806
1768499661.141397,40.247
1768499661.2442112,32.521
1768499661.34799,47.282
1768499661.4589624,33.212
1768499661.561191,43.373
1768499661.663477,34.08
1768499661.7657344,38.868
1768499661.8721826,39.36
1768499661.9745362,32.521
1768499662.0768414,46.271
1768499662.1791081,33.489
1768499662.2814603,42.216
1768499662.383771,35.658
1768499662.4860437,38.868
1768499662.5883374,39.065
1768499662.691085,32.521
1768499662.797149,46.762
1768499662.8994658,33.409
1768499663.00174,41.183
1768499663.1041243,35.954
1768499663.2063494,38.003
1768499663.3086712,39.36
1768499663.411012,32.422
1768499663.5133362,46.298
1768499663.6155813,33.409
1768499663.7219102,41.133
1768499663.824154,36.053
1768499663.9263668,37.708
1768499664.0286784,40.936
1768499664.1310613,32.521
1768499664.2333248,46.959
1768499664.3355334,33.113
1768499664.4378943,43.668
1768499664.5401278,35.067
1768499664.6457405,37.215
1768499664.7479942,40.321
1768499664.8502436,32.718
1768499664.952571,42.388
1768499665.0552168,40.912
1768499665.1575365,35.165
1768499665.2597764,39.065
1768499665.3619344,37.905
1768499665.4647255,36.82
1768499665.5708358,41.896
1768499665.6731424,32.916
1768499665.775348,44.062
1768499665.878643,34.475
1768499665.980881,39.186
1768499666.0831492,37.215
1768499666.1854677,36.426
1768499666.2877655,42.782
1768499666.3900476,32.817
1768499666.4971201,43.741
1768499666.5993583,33.686
1768499666.701598,41.428
1768499666.804259,36.053
1768499666.9064982,37.51
1768499667.0089178,41.798
1768499667.1111307,32.521
1768499667.2134037,47.45
1768499667.315611,33.31
1768499667.422207,41.822
1768499667.5244803,36.151
1768499667.6268358,36.053
1768499667.7290788,42.979
1768499667.8314872,32.62
1768499667.9337006,44.724
1768499668.0360742,33.606
1768499668.1384919,41.995
1768499668.2408028,35.362
1768499668.3464425,35.165
1768499668.4486375,42.782
1768499668.5511565,32.62
1768499668.6534925,36.525
1768499668.7557614,41.724
1768499668.8581119,32.62
1768499668.960307,45.61
1768499669.062543,33.31
1768499669.1648905,41.207
1768499669.2713425,35.067
1768499669.3737023,37.51
1768499669.4763386,32.718
1768499669.5800922,43.274
1768499669.6822953,34.001
1768499669.7844768,40.617
1768499669.887191,36.546
1768499669.989367,37.116
1768499670.0975964,40.936
1768499670.1999903,32.521
1768499670.3023508,34.968
1768499670.4045603,33.113
1768499670.5068378,32.817
1768499670.6090932,32.7
1768499670.7113626,36.229
1768499670.813572,38.2
1768499670.9177003,36.82
1768499671.01996,35.264
1768499671.1222801,35.067
1768499671.2246099,34.771
1768499671.326842,34.475
1768499671.4291086,34.179
1768499671.5315127,34.278
1768499671.6337414,34.376
1768499671.7359934,34.573
1768499671.8382237,34.573
1768499671.9405255,34.968
1768499672.046467,35.362
1768499672.1487458,36.053
1768499672.2510486,36.842
1768499672.353305,37.313
1768499672.455662,37.116
1768499672.5579538,36.053
1768499672.66028,32.422
1768499672.7627215,33.113
1768499672.8649938,33.489
1768499672.9674044,35.56
1768499673.0743632,33.982
1768499673.1766524,36.546
1768499673.2789888,41.896
1768499673.3813593,34.869
1768499673.4836411,37.981
1768499673.5859652,42.487
1768499673.6883953,32.916
1768499673.7906463,40.936
1768499673.8929775,36.229
1768499673.9991412,35.067
1768499674.1021054,42.906
1768499674.2045593,42.388
1768499674.3087895,34.376
1768499674.411123,38.2
1768499674.514463,38.496
1768499674.6165977,36.349
1768499674.72036,44.233
1768499674.8258977,32.916
1768499674.928153,42.61
1768499675.030361,33.784
1768499675.1326838,40.617
1768499675.2350879,36.229
1768499675.337499,36.426
1768499675.439947,42.807
1768499675.542252,32.718
1768499675.6445704,43.57
1768499675.74992,34.771
1768499675.852127,39.186
1768499675.954297,37.609
1768499676.0566025,35.461
1768499676.1588755,44.233
1768499676.2611175,32.916
1768499676.3633807,43.668
1768499676.4656482,34.278
1768499676.5678895,40.247
1768499676.6701095,36.151
1768499676.7765696,37.51
1768499676.8787413,40.838
1768499676.9810398,32.521
1768499677.0832329,44.062
1768499677.1854446,33.606
1768499677.287661,41.207
1768499677.3898447,35.954
1768499677.4921875,37.39
1768499677.5943289,40.345
1768499677.7011042,32.521
1768499677.8033478,43.274
1768499677.9055457,33.804
1768499678.0077784,42.192
1768499678.1101794,35.658
1768499678.212338,38.496
1768499678.314549,41.921
1768499678.4166977,32.718
1768499678.5192246,43.792
1768499678.625737,35.165
1768499678.7285275,42.881
1768499678.830763,35.067
1768499678.933097,38.693
1768499679.0351746,38.397
1768499679.1374712,35.835
1768499679.2395787,43.963
1768499679.342539,33.014
1768499679.4447613,43.373
1768499679.5511823,35.658
1768499679.6534917,36.25
1768499679.7557874,45.019
1768499679.8581605,32.916
1768499679.9603956,43.471
1768499680.0626526,34.771
1768499680.1649518,39.065
1768499680.2673607,38.792
1768499680.3697433,32.323
1768499680.4763963,42.093
1768499680.5786197,34.278
1768499680.680842,39.656
1768499680.7832077,36.722
1768499680.8854716,37.489
1768499680.9878,40.838
1768499681.0903344,32.422
1768499681.1926656,46.566
1768499681.2950106,33.409
1768499681.4019463,41.995
1768499681.5042233,35.658
1768499681.6064584,38.693
1768499681.7087781,40.444
1768499681.811261,32.422
1768499681.9134793,44.724
1768499682.0158367,33.409
1768499682.1181064,41.995
1768499682.220482,35.461
1768499682.3268032,36.426
1768499682.4291682,41.404
1768499682.5315561,32.817
1768499682.633929,43.274
1768499682.7361965,34.573
1768499682.838449,37.51
1768499682.9407842,39.087
1768499683.0430984,32.521
1768499683.1454425,46.959
1768499683.2516537,40.814
1768499683.3548386,35.736
1768499683.4569907,37.313
1768499683.5597286,41.625
1768499683.6618454,32.916
1768499683.7651544,43.963
1768499683.8675804,34.672
1768499683.9697807,38.375
1768499684.0758805,38.003
1768499684.1782722,32.323
1768499684.2804985,47.577
1768499684.3828337,33.508
1768499684.4852717,41.503
1768499684.5876973,36.229
1768499684.6902275,35.165
1768499684.7925072,41.133
1768499684.8948348,36.151
1768499684.999883,37.609
1768499685.1021826,40.247
1768499685.20442,32.323
1768499685.3068135,46.959
1768499685.4091787,33.212
1768499685.511913,42.315
1768499685.6142519,36.94
1768499685.7166204,32.225
1768499685.818902,42.881
1768499685.9246001,35.165
1768499686.0267785,38.178
1768499686.1290739,39.853
1768499686.2314115,32.422
1768499686.3336368,44.6
1768499686.4358962,33.705
1768499686.5381656,40.739
1768499686.640435,36.546
1768499686.7427127,35.638
1768499686.8449724,41.896
1768499686.9509842,32.718
1768499687.0532367,43.176
1768499687.1555374,33.982
1768499687.2578523,40.148
1768499687.3601475,36.25
1768499687.4623241,37.116
1768499687.564519,41.207
1768499687.6667132,32.718
1768499687.7689009,43.767
1768499687.8711007,33.409
1768499687.9765708,35.067
1768499688.0786314,39.754
1768499688.1812928,36.525
1768499688.2834501,33.113
1768499688.3856454,42.61
1768499688.4890091,35.856
1768499688.5915663,33.409
1768499688.6937182,38.966
1768499688.7959208,38.375
1768499688.900795,32.422
1768499689.0031495,37.631
1768499689.1054664,46.916
1768499689.2077932,33.705
1768499689.3100922,41.601
1768499689.412272,36.82
1768499689.5146782,36.032
1768499689.6170244,45.413
1768499689.7191992,33.409
1768499689.8214462,40.05
1768499689.927637,38.102
1768499690.0299764,32.521
1768499690.1321797,45.243
1768499690.234379,33.587
1768499690.336596,43.15
1768499690.438825,35.264
1768499690.5411384,36.842
1768499690.6433032,42.881
1768499690.7460248,32.916
1768499690.852853,42.487
1768499690.9551191,34.771
1768499691.0575514,37.686
1768499691.1597905,38.375
1768499691.2620559,32.323
1768499691.3642728,45.511
1768499691.4665859,33.31
1768499691.5688388,42.29
1768499691.6710901,35.736
1768499691.778052,33.587
1768499691.88035,45.708
1768499691.9827447,33.113
1768499692.0851362,41.921
1768499692.1874938,35.658
1768499692.289737,36.525
1768499692.3919916,41.33
1768499692.4942992,32.718
1768499692.596592,44.062
1768499692.7040699,39.754
1768499692.8062422,36.623
1768499692.9083054,37.784
1768499693.0104308,40.369
1768499693.113479,32.422
1768499693.21571,47.872
1768499693.3179288,33.212
1768499693.420187,42.388
1768499693.522337,34.869
1768499693.6281025,38.397
1768499693.7304215,39.186
1768499693.8327305,32.422
1768499693.9349911,43.446
1768499694.0371494,32.916
1768499694.1393597,44.554
1768499694.2417629,33.686
1768499694.3440478,41.921
1768499694.446232,36.82
1768499694.5485241,34.179
1768499694.6542873,43.668
1768499694.7565393,33.113
1768499694.8587613,43.471
1768499694.9609926,34.573
1768499695.0633307,38.89
1768499695.1655924,37.313
1768499695.2678533,32.798
1768499695.3700788,46.861
1768499695.4723039,33.784
1768499695.5746472,40.148
1768499695.679712,36.623
1768499695.7821083,32.422
1768499695.8844056,46.467
1768499695.9866087,33.409
1768499696.088771,41.724
1768499696.1914682,35.264
1768499696.2937388,36.623
1768499696.395901,40.321
1768499696.4981453,32.916
1768499696.6004155,40.715
1768499696.7057846,36.525
1768499696.8080509,33.193
1768499696.910356,46.959
1768499697.0125704,33.113
1768499697.1149282,38.474
1768499697.217441,37.806
1768499697.319659,32.601
1768499697.4218795,44.403
1768499697.5240257,33.31
1768499697.6262708,41.01
1768499697.7329886,37.51
1768499697.8352084,41.034
1768499697.9374025,32.718
1768499698.0402062,45.118
1768499698.142525,33.31
1768499698.244781,40.05
1768499698.346981,36.053
1768499698.4491374,36.328
1768499698.5512862,42.979
1768499698.6579325,37.806
1768499698.7602437,33.291
1768499698.8625975,39.656
1768499698.9648042,37.609
1768499699.0670116,32.323
1768499699.1692543,44.921
1768499699.271446,36.151
1768499699.373748,32.323
1768499699.4760208,42.684
1768499699.5783663,33.587
1768499699.6843877,38.595
1768499699.7866697,37.609
1768499699.888874,33.094
1768499699.9911294,43.57
1768499700.0934021,33.113
1768499700.1958404,43.274
1768499700.2983575,34.771
1768499700.4007607,38.397
1768499700.503079,39.754
1768499700.609876,32.323
1768499700.7121162,46.861
1768499700.8143396,34.968
1768499700.9165723,34.475
1768499701.0190575,34.278
1768499701.1214368,34.08
1768499701.2237442,34.179
1768499701.3259227,34.199
1768499701.428158,33.902
1768499701.5310695,33.606
1768499701.6331863,33.31
1768499701.7354376,33.113
1768499701.8378034,33.014
1768499701.940129,33.409
1768499702.042377,34.376
1768499702.14463,37.412
1768499702.2469895,37.018
1768499702.3493214,33.31
1768499702.4515631,35.362
1768499702.553917,34.278
1768499702.6688235,37.51
1768499702.771386,36.722
1768499702.8738446,35.362
1768499702.9764197,32.422
1768499703.0786073,32.916
1768499703.1845474,33.212
1768499703.2867453,33.883
1768499703.3892062,35.067
1768499703.4913943,37.412
1768499703.593729,38.025
1768499703.6960914,41.699
1768499703.798417,35.165
1768499703.9007206,36.032
1768499704.0031962,46.298
1768499704.1054447,33.31
1768499704.2121656,42.315
1768499704.314465,35.56
1768499704.4166782,36.743
1768499704.5188909,42.782
1768499704.621121,32.718
1768499704.7234344,43.668
1768499704.825805,33.982
1768499704.9280849,40.125
1768499705.0303347,36.426
1768499705.1355615,36.546
1768499705.2379029,43.176
1768499705.340254,32.718
1768499705.442695,39.186
1768499705.5450058,43.373
1768499705.6472528,35.757
1768499705.7494955,37.313
1768499705.8517513,40.936
1768499705.953943,32.323
1768499706.056094,44.429
1768499706.1621008,32.718
1768499706.2643752,47.549
1768499706.3665583,33.113
1768499706.468703,43.668
1768499706.5709167,33.606
1768499706.673642,42.315
1768499706.7758455,34.968
1768499706.8781135,37.116
1768499706.9814954,36.426
1768499707.0951836,42.29
1768499707.197394,32.62
1768499707.299748,43.373
1768499707.4019446,34.199
1768499707.5043304,38.518
1768499707.6105309,40.321
1768499707.7128136,32.521
1768499707.8152473,44.626
1768499707.9175582,33.409
1768499708.0199802,43.004
1768499708.1224809,36.426
1768499708.224804,37.708
1768499708.3270469,40.763
1768499708.4292598,32.601
1768499708.5354366,46.397
1768499708.6377065,40.641
1768499708.7400153,32.521
1768499708.842356,44.036
1768499708.9447079,35.362
1768499709.0469396,38.025
1768499709.1491349,39.262
1768499709.2514775,32.422
1768499709.3536463,44.823
1768499709.4604318,33.508
1768499709.5626135,41.921
1768499709.6650767,36.525
1768499709.7672577,32.126
1768499709.869428,45.189
1768499709.9717996,33.014
1768499710.0741673,41.183
1768499710.1765008,35.362
1768499710.2787132,38.769
1768499710.3808968,38.792
1768499710.4870417,32.225
1768499710.5892403,45.806
1768499710.691569,34.08
1768499710.7938418,36.645
1768499710.896748,42.906
1768499710.9988964,32.718
1768499711.1010692,44.724
1768499711.2032251,43.865
1768499711.306544,34.376
1768499711.411802,39.163
1768499711.5200818,37.51
1768499711.6223714,35.856
1768499711.7246149,47.38
1768499711.8268788,33.113
1768499711.9290512,41.995
1768499712.031243,34.672
1768499712.1365252,38.89
1768499712.2386894,38.693
1768499712.3409433,32.225
1768499712.443237,46.495
1768499712.5454242,33.31
1768499712.6476355,43.767
1768499712.7498367,34.869
1768499712.852043,39.163
1768499712.954344,37.806
1768499713.0565035,36.94
1768499713.1630661,42.093
1768499713.2652924,32.521
1768499713.3674326,46.566
1768499713.469632,33.212
1768499713.5717785,42.782
1768499713.6740255,34.672
1768499713.7763994,38.989
1768499713.8788264,38.397
1768499713.9811835,35.244
1768499714.0864985,44.554
1768499714.1888137,32.718
1768499714.291148,46.861
1768499714.3935325,33.31
1768499714.4957924,42.56
1768499714.5981436,35.264
1768499714.7003467,37.138
1768499714.8026953,42.585
1768499714.9048715,32.521
1768499715.0071325,43.937
1768499715.1127415,33.31
1768499715.215019,42.487
1768499715.3171873,35.658
1768499715.4194171,37.905
1768499715.5217736,39.163
1768499715.6239905,32.521
1768499715.726552,33.31
1768499715.829527,43.741
1768499715.93163,34.573
1768499716.0373685,40.05
1768499716.1407912,36.131
1768499716.2429583,37.039
1768499716.3452682,41.503
1768499716.4474955,32.62
1768499716.5496871,42.413
1768499716.6519086,35.757
1768499716.754108,36.82
1768499716.8564684,41.404
1768499716.9617057,32.62
1768499717.0639508,45.216
1768499717.1661985,33.409
1768499717.2683852,43.446
1768499717.3705256,34.573
1768499717.4727566,39.482
1768499717.5749,37.905
1768499717.6771045,35.441
1768499717.7794054,46.102
1768499717.8815665,32.817
1768499717.988458,43.078
1768499718.0907252,33.31
1768499718.1929362,42.585
1768499718.295286,36.722
1768499718.397634,36.525
1768499718.499888,44.357
1768499718.6027656,33.804
1768499718.7050877,36.349
1768499718.8072903,45.145
1768499718.9140148,32.718
1768499719.016175,43.446
1768499719.1184623,33.804
1768499719.2206402,41.306
1768499719.3229256,36.546
1768499719.425209,36.623
1768499719.5274951,42.585
1768499719.6299438,32.718
1768499719.732173,40.739
1768499719.8385592,37.039
1768499719.9412298,37.489
1768499720.043399,47.254
1768499720.1456141,33.212
1768499720.2478843,42.782
1768499720.3521647,38.474
1768499720.4543397,36.426
1768499720.5601878,32.323
1768499720.6640062,45.386
1768499720.7662451,32.916
1768499720.8684208,42.782
1768499720.9706156,33.784
1768499721.0730214,42.118
1768499721.175181,34.968
1768499721.2774644,39.557
1768499721.379641,36.525
1768499721.4819558,37.116
1768499721.5842662,41.601
1768499721.688937,32.521
1768499721.791273,43.176
1768499721.8934882,33.606
1768499721.995751,42.118
1768499722.098029,35.165
1768499722.2003062,38.89
1768499722.3025558,37.905
1768499722.4047587,32.225
1768499722.5070655,45.878
1768499722.6093726,33.804
1768499722.7161806,41.01
1768499722.8184445,39.679
1768499722.9207776,34.968
1768499723.0230343,42.487
1768499723.1252449,33.31
1768499723.227496,40.125
1768499723.3297007,36.229
1768499723.4320598,36.645
1768499723.5342433,42.585
1768499723.6366038,32.817
1768499723.7416704,42.757
1768499723.8438883,33.883
1768499723.9461372,41.625
1768499724.04832,36.053
1768499724.1504683,37.313
1768499724.2526608,41.527
1768499724.3548923,32.62
1768499724.4570956,45.905
1768499724.559264,33.606
1768499724.6615343,41.601
1768499724.7678006,35.461
1768499724.8701375,37.905
1768499724.9725544,38.989
1768499725.0747645,32.521
1768499725.1776261,47.97
1768499725.280023,43.642
1768499725.3884456,34.179
1768499725.494237,39.065
1768499725.5964496,38.003
1768499725.6987963,36.229
1768499725.801188,46.762
1768499725.9035285,32.817
1768499726.0057673,43.078
1768499726.108012,33.587
1768499726.2102242,40.986
1768499726.3124464,35.658
1768499726.4184048,38.617
1768499726.5205653,38.989
1768499726.6228786,33.784
1768499726.7251742,45.118
1768499726.8275473,33.014
1768499726.929953,43.176
1768499727.0322745,34.08
1768499727.1346366,41.896
1768499727.2370207,36.053
1768499727.3437774,38.89
1768499727.4460158,40.641
1768499727.5482845,32.62
1768499727.6505504,45.243
1768499727.752841,33.508
1768499727.8551867,42.265
1768499727.9574287,34.573
1768499728.0598326,39.754
1768499728.1621475,37.018
1768499728.2690072,33.883
1768499728.3716197,46.2
1768499728.47388,33.014
1768499728.5764482,42.659
1768499728.6786773,41.33
1768499728.7811797,32.422
1768499728.8834481,45.484
1768499728.9859045,32.817
1768499729.0881736,44.062
1768499729.1961777,33.883
1768499729.2984543,42.192
1768499729.4013026,40.247
1768499729.505055,35.362
1768499729.6105952,37.708
1768499729.7128892,41.231
1768499729.8184488,32.62
1768499729.9208775,43.078
1768499730.0231545,33.883
1768499730.1254354,41.109
1768499730.2277482,36.25
1768499730.3300505,37.905
1768499730.4323633,42.019
1768499730.5346553,32.916
1768499730.6370106,43.57
1768499730.7432518,35.461
1768499730.845584,37.51
1768499730.9478095,39.777
1768499731.05003,33.587
1768499731.1522243,34.278
1768499731.2544565,32.601
1768499731.356747,38.178
1768499731.4588826,37.708
1768499731.5611682,35.264
1768499731.6655571,34.968
1768499731.7676678,33.606
1768499731.8698013,33.804
1768499731.9719017,32.817
1768499732.0740771,32.817
1768499732.1763797,36.919
1768499732.278487,36.546
1768499732.380581,37.51
1768499732.4826791,37.412
1768499732.5848753,37.039
1768499732.687049,37.729
1768499732.7915308,36.546
1768499732.8937767,37.609
1768499732.9959397,36.447
1768499733.0981529,37.412
1768499733.2004626,36.349
1768499733.3026521,37.313
1768499733.4048831,36.349
1768499733.507195,37.434
1768499733.6095479,37.51
1768499733.711686,36.722
1768499733.814088,31.534
1768499733.9163494,32.225
1768499734.0224624,41.601
1768499734.1247475,36.82
1768499734.227594,35.067
1768499734.3299115,33.902
1768499734.435234,37.784
1768499734.5374224,38.299
1768499734.6396482,32.422
1768499734.7419205,47.647
1768499734.847516,33.113
1768499734.949752,42.979
1768499735.0520172,34.573
1768499735.1543283,40.739
1768499735.256556,36.426
1768499735.3587675,37.039
1768499735.4611068,42.388
1768499735.5632687,32.62
1768499735.6654532,44.134
1768499735.7679777,33.212
1768499735.8732014,42.118
1768499735.9754121,35.362
1768499736.077589,39.163
1768499736.1797903,37.138
1768499736.281989,37.708
1768499736.3842223,39.262
1768499736.4864388,34.771
1768499736.5887358,43.741
1768499736.6909194,32.62
1768499736.7931051,46.495
1768499736.898116,33.409
1768499737.0003548,43.347
1768499737.1025467,34.475
1768499737.2046912,41.33
1768499737.3069415,35.757
1768499737.4091682,37.981
1768499737.5114539,38.003
1768499737.6136115,36.743
1768499737.7159045,44.921
1768499737.8180473,32.62
1768499737.923884,42.782
1768499738.026152,33.31
1768499738.1284428,43.767
1768499738.2308452,34.968
1768499738.3331308,39.163
1768499738.4355178,37.905
1768499738.5380116,36.645
1768499738.6406233,38.792
1768499738.7428179,37.116
1768499738.8499393,35.835
1768499738.9521976,46.987
1768499739.0543427,43.052
1768499739.158204,34.475
1768499739.2603707,40.223
1768499739.3625093,36.525
1768499739.4646516,37.609
1768499739.5668724,39.754
1768499739.6690245,32.422
1768499739.7738442,45.315
1768499739.8760762,33.39
1768499739.9783633,43.176
1768499740.080585,35.56
1768499740.1828895,38.572
1768499740.2851772,38.299
1768499740.387445,33.982
1768499740.4898567,45.046
1768499740.5920463,32.422
1768499740.6943634,45.341
1768499740.7996614,33.193
1768499740.9019754,42.709
1768499741.0043252,35.165
1768499741.1066778,38.792
1768499741.208938,37.708
1768499741.3112109,36.743
1768499741.41342,42.388
1768499741.5157208,32.62
1768499741.6179667,43.078
1768499741.7242439,33.508
1768499741.8266954,41.428
1768499741.9292321,36.842
1768499742.0315678,32.323
1768499742.1338527,43.668
1768499742.2361417,35.835
1768499742.3383503,37.587
1768499742.4405787,39.853
1768499742.542968,32.521
1768499742.6489964,45.315
1768499742.751241,33.409
1768499742.8535066,43.668
1768499742.955892,34.475
1768499743.0581617,39.754
1768499743.1604333,36.743
1768499743.2627077,38.496
1768499743.3648853,38.671
1768499743.4675944,36.82
1768499743.5699348,42.192
1768499743.6756752,32.62
1768499743.7778902,33.883
1768499743.8830345,40.05
1768499743.9852521,35.954
1768499744.087415,37.116
1768499744.189532,40.27
1768499744.2916942,32.422
1768499744.3938458,47.184
1768499744.5010915,33.212
1768499744.6033237,42.585
1768499744.7055564,35.165
1768499744.8078198,38.277
1768499744.9102035,39.383
1768499745.012579,32.521
1768499745.1148856,47.184
1768499745.2172346,33.113
1768499745.319592,43.57
1768499745.4253774,34.771
1768499745.527613,39.284
1768499745.629838,37.806
1768499745.7321112,35.856
1768499745.834353,44.331
1768499745.9366071,32.817
1768499746.0388958,43.373
1768499746.1412797,34.08
1768499746.2437143,42.192
1768499746.3499975,37.215
1768499746.4522436,36.229
1768499746.5546446,45.288
1768499746.6568809,34.08
1768499746.7591436,38.496
1768499746.8615396,38.474
1768499746.9637682,34.376
1768499747.0661473,43.544
1768499747.168474,32.62
1768499747.2708416,45.386
1768499747.3766694,33.31
1768499747.4791543,42.192
1768499747.581717,34.672
1768499747.6841013,38.89
1768499747.786424,37.116
1768499747.8887897,32.502
1768499747.9910412,43.544
1768499748.0932057,33.014
1768499748.195725,43.471
1768499748.302831,32.422
1768499748.4050899,45.681
1768499748.5075653,33.587
1768499748.6102605,32.323
1768499748.7140834,43.15
1768499748.8162599,33.31
1768499748.9183617,37.51
1768499749.0205433,39.754
1768499749.1263928,33.705
1768499749.2285645,43.668
1768499749.3309572,32.817
1768499749.4331553,43.471
1768499749.5354156,34.278
1768499749.6376534,35.933
1768499749.739897,45.145
1768499749.8421202,32.225
1768499749.9444556,44.062
1768499750.0501306,34.179
1768499750.1524355,40.739
1768499750.2546372,35.856
1768499750.3570123,39.163
1768499750.4592023,36.842
1768499750.561468,37.806
1768499750.663671,39.777
1768499750.7659574,35.264
1768499750.8681214,45.484
1768499750.970346,32.817
1768499751.076055,43.471
1768499751.178278,33.804
1768499751.2804883,42.315
1768499751.3829665,34.771
1768499751.4851823,39.656
1768499751.5874035,36.722
1768499751.6895895,40.739
1768499751.791787,41.231
1768499751.8941271,36.82
1768499752.0005448,44.626
1768499752.1028821,33.489
1768499752.2053766,43.201
1768499752.3077614,33.508
1768499752.4099455,37.708
1768499752.51241,39.262
1768499752.6146767,32.422
1768499752.7168834,47.155
1768499752.8190854,33.212
1768499752.921892,43.668
1768499753.0274017,37.905
1768499753.129576,38.595
1768499753.2318552,32.422
1768499753.3347406,43.57
1768499753.4369252,34.672
1768499753.5391614,39.087
1768499753.6413987,38.025
1768499753.7436364,37.434
1768499753.8459013,41.527
1768499753.9521942,32.62
1768499754.0543652,46.987
1768499754.1565924,33.31
1768499754.258825,45.976
1768499754.3610334,34.179
1768499754.4632297,40.912
1768499754.5654058,35.362
1768499754.6676507,39.065
1768499754.7698884,37.215
1768499754.8721063,36.328
1768499754.977833,41.109
1768499755.0800126,35.165
1768499755.182219,45.413
1768499755.2844815,33.31
1768499755.386743,43.373
1768499755.489066,33.606
1768499755.5912662,40.715
1768499755.6935647,35.362
1768499755.7958307,38.769
1768499755.9022038,37.981
1768499756.0044756,34.258
1768499756.1066964,42.512
1768499756.208979,32.718
1768499756.3112237,46.664
1768499756.4135537,33.212
1768499756.5157633,43.57
1768499756.618155,34.672
1768499756.720373,38.671
1768499756.827491,37.51
1768499756.929649,38.2
1768499757.031827,40.148
1768499757.13403,32.422
1768499757.2362995,47.815
1768499757.33851,32.718
1768499757.4407592,43.865
1768499757.542909,33.982
1768499757.6451082,42.118
1768499757.747244,35.461
1768499757.8535745,40.05
1768499757.9572666,33.784
1768499758.0595276,42.881
1768499758.1617122,32.817
1768499758.2639256,43.471
1768499758.366203,33.705
1768499758.4684546,41.822
1768499758.5708792,42.684
1768499758.6733956,34.001
1768499758.778654,40.542
1768499758.8808498,35.461
1768499758.983164,37.959
1768499759.085547,38.572
1768499759.1878448,36.525
1768499759.2902312,40.912
1768499759.392445,32.718
1768499759.494796,44.554
1768499759.597071,33.31
1768499759.6993787,43.471
1768499759.8053436,35.264
1768499759.907643,39.163
1768499760.0103683,38.003
1768499760.112598,37.138
1768499760.2148147,41.527
1768499760.3176017,32.422
1768499760.4198074,45.511
1768499760.5220833,32.916
1768499760.6244826,43.642
1768499760.7267883,34.278
1768499760.8320732,40.444
1768499760.9344814,37.412
1768499761.0367632,36.645
1768499761.1390746,41.231
1768499761.2413101,33.014
1768499761.3438373,36.426
1768499761.4460235,38.003
1768499761.5482733,36.94
1768499761.6505885,35.362
1768499761.7550437,33.804
1768499761.8573704,33.094
1768499761.9596548,32.718
1768499762.0617847,36.722
1768499762.1645668,38.003
1768499762.2666748,35.856
1768499762.3688009,35.954
1768499762.470985,35.067
1768499762.5784533,34.278
1768499762.6829891,33.705
1768499762.7857323,33.902
1768499762.8878925,33.982
1768499762.9901516,34.08
1768499763.092332,34.278
1768499763.1946266,34.672
1768499763.2969334,35.362
1768499763.3991878,36.25
1768499763.50144,37.215
1768499763.6036673,36.349
1768499763.7084012,32.521
1768499763.81072,45.44
1768499763.913108,34.179
1768499764.015348,36.032
1768499764.1177084,41.207
1768499764.2199316,34.278
1768499764.3222604,34.573
1768499764.4245517,41.527
1768499764.526881,35.658
1768499764.6291864,36.743
1768499764.7355146,44.357
1768499764.8377671,33.014
1768499764.9401507,43.668
1768499765.0424275,33.982
1768499765.1447365,40.42
1768499765.247079,36.25
1768499765.349402,36.426
1768499765.4516196,42.782
1768499765.5539236,32.817
1768499765.6608489,43.694
1768499765.7632587,34.08
1768499765.8655088,39.284
1768499765.9678001,37.609
1768499766.0700977,36.25
1768499766.172329,42.807
1768499766.2745557,32.62
1768499766.3768954,43.642
1768499766.479255,33.508
1768499766.5848737,41.034
1768499766.6871808,35.362
1768499766.7900434,38.003
1768499766.892274,38.89
1768499766.994469,32.422
1768499767.0966895,48.069
1768499767.1987827,33.113
1768499767.3009856,42.29
1768499767.4042754,33.508
1768499767.5103064,34.869
1768499767.6131728,37.116
1768499767.7152543,39.383
1768499767.8173547,34.08
1768499767.9195156,42.782
1768499768.0217698,32.62
1768499768.1240423,45.511
1768499768.2262273,33.508
1768499768.3284628,37.981
1768499768.430624,38.375
1768499768.5362751,32.422
1768499768.6385455,35.56
1768499768.7408302,44.823
1768499768.8430214,32.916
1768499768.9452834,42.855
1768499769.0474458,33.883
1768499769.1497045,40.641
1768499769.2519104,35.165
1768499769.3541744,38.966
1768499769.4563737,37.806
1768499769.5614355,36.447
1768499769.6636667,47.085
1768499769.765952,32.916
1768499769.8681679,42.979
1768499769.9704301,34.001
1768499770.0726533,42.019
1768499770.1749363,35.067
1768499770.2772243,38.868
1768499770.3795156,37.116
1768499770.4817939,37.51
1768499770.5870562,39.262
1768499770.6893916,33.705
1768499770.7916863,44.921
1768499770.893903,32.62
1768499770.9960866,44.698
1768499771.0983105,33.31
1768499771.2006657,43.668
1768499771.3029466,34.08
1768499771.4051993,40.444
1768499771.5075846,36.447
1768499771.6138475,36.229
1768499771.7161555,43.176
1768499771.818334,32.718
1768499771.9205296,42.782
1768499772.0273683,33.705
1768499772.1295416,40.936
1768499772.2324848,38.966
1768499772.3398988,39.186
1768499772.442079,34.159
1768499772.5444,43.471
1768499772.6465712,32.62
1768499772.7487879,44.823
1768499772.8510387,33.508
1768499772.9533758,40.148
1768499773.0556395,36.426
1768499773.1579154,37.215
1768499773.2643716,39.754
1768499773.3665597,32.323
1768499773.4687636,46.2
1768499773.5709727,33.014
1768499773.67326,42.684
1768499773.7755654,34.278
1768499773.877947,39.163
1768499773.9801762,38.375
1768499774.0824525,33.409
1768499774.1892166,44.948
1768499774.291529,32.817
1768499774.3936732,42.364
1768499774.49584,33.686
1768499774.5981112,42.315
1768499774.7005029,35.461
1768499774.802825,38.102
1768499774.905099,39.777
1768499775.0074074,32.521
1768499775.109697,43.741
1768499775.2150667,33.606
1768499775.3173368,41.01
1768499775.4195368,35.461
1768499775.5217814,38.178
1768499775.6240878,39.459
1768499775.7263443,32.422
1768499775.8287115,44.626
1768499775.9310138,33.489
1768499776.0333195,40.715
1768499776.1407561,36.25
1768499776.2430334,37.609
1768499776.3454125,39.163
1768499776.4476433,32.521
1768499776.5499804,46.987
1768499776.6534276,32.817
1768499776.7557123,33.883
1768499776.859165,43.176
1768499776.9653666,35.067
1768499777.0675147,39.951
1768499777.1697214,36.131
1768499777.2718852,38.496
1768499777.374176,38.792
1768499777.4763258,36.131
1768499777.5785058,42.487
1768499777.6806564,32.62
1768499777.7829213,45.386
1768499777.8850868,33.212
1768499777.989664,43.373
1768499778.0918307,34.376
1768499778.1940408,40.148
1768499778.2965066,38.375
1768499778.3987095,36.328
1768499778.5008898,44.921
1768499778.6045258,36.722
1768499778.706817,37.215
1768499778.8091495,40.05
1768499778.9145162,32.323
1768499779.0166686,47.155
1768499779.1190112,33.014
1768499779.2211175,43.57
1768499779.3233845,33.705
1768499779.4255369,41.995
1768499779.5277407,35.165
1768499779.629997,38.648
1768499779.7322338,37.215
1768499779.834488,33.113
1768499779.9408767,37.828
1768499780.043135,42.979
1768499780.145525,33.014
1768499780.2477906,37.116
1768499780.3500977,41.133
1768499780.452315,32.62
1768499780.5545523,40.936
1768499780.6568203,38.792
1768499780.7590537,32.422
1768499780.8658373,44.331
1768499780.9680915,32.817
1768499781.074592,45.413
1768499781.1768382,33.606
1768499781.2803457,33.982
1768499781.3824658,41.133
1768499781.484493,35.658
1768499781.5905278,38.2
1768499781.692782,38.2
1768499781.7950623,36.842
1768499781.8973005,40.936
1768499781.9996896,32.422
1768499782.1019878,45.511
1768499782.2044964,32.817
1768499782.3066843,43.373
1768499782.4088852,34.869
1768499782.5140984,37.806
1768499782.6162817,38.89
1768499782.7184849,33.489
1768499782.8207924,43.544
1768499782.9230006,32.718
1768499783.0252445,43.15
1768499783.1274436,33.705
1768499783.229921,42.881
1768499783.332096,34.376
1768499783.439636,40.912
1768499783.5419679,36.426
1768499783.6442614,37.532
1768499783.746546,41.034
1768499783.848786,32.521
1768499783.9509509,46.959
1768499784.0531714,32.916
1768499784.1553376,43.767
1768499784.2576919,33.784
1768499784.3647063,41.798
1768499784.4669237,35.856
1768499784.5691106,39.087
1768499784.6714993,38.003
1768499784.7737644,36.426
1768499784.87613,42.782
1768499784.9784136,32.62
1768499785.0806627,45.145
1768499785.1829689,33.606
1768499785.2892787,41.404
1768499785.3915372,35.658
1768499785.493792,37.018
1768499785.5965757,41.034
1768499785.698793,32.718
1768499785.8011763,33.31
1768499785.9048991,42.192
1768499786.0069,34.672
1768499786.1090024,37.806
1768499786.2136607,38.595
1768499786.3159788,34.475
1768499786.4182165,42.585
1768499786.5203981,32.521
1768499786.6226964,47.254
1768499786.72487,33.212
1768499786.827161,43.767
1768499786.9294434,34.672
1768499787.0318503,37.927
1768499787.134077,39.065
1768499787.2386951,32.323
1768499787.34104,46.959
1768499787.443256,33.508
1768499787.5454612,41.33
1768499787.6476324,35.954
1768499787.7498753,37.784
1768499787.852139,38.397
1768499787.954436,34.278
1768499788.056665,44.751
1768499788.1589081,32.718
1768499788.264851,44.233
1768499788.3671596,33.409
1768499788.4693897,42.585
1768499788.5716326,34.968
1768499788.673895,32.718
1768499788.7761467,45.315
1768499788.878378,33.212
1768499788.9805832,43.446
1768499789.082873,34.573
1768499789.1900082,39.36
1768499789.2922952,36.82
1768499789.394539,37.018
1768499789.4968126,41.33
1768499789.599105,32.521
1768499789.701453,47.254
1768499789.8036573,33.705
1768499789.9061296,41.699
1768499790.0084639,35.165
1768499790.1151547,39.065
1768499790.217355,36.82
1768499790.3209095,38.671
1768499790.4233441,39.284
1768499790.5256412,45.118
1768499790.628298,33.508
1768499790.7305484,41.724
1768499790.8326328,35.658
1768499790.9390442,37.412
1768499791.0415478,39.557
1768499791.1438315,37.806
1768499791.2464921,32.817
1768499791.3489,36.328
1768499791.4514365,38.003
1768499791.5538502,36.82
1768499791.6564305,35.461
1768499791.7603548,34.376
1768499791.8627307,33.606
1768499791.9650323,33.014
1768499792.0672824,32.718
1768499792.1695342,37.215
1768499792.2717752,37.51
1768499792.3742177,37.313
1768499792.4763873,37.51
1768499792.5786712,37.51
1768499792.680882,37.708
1768499792.7861671,37.313
1768499792.8884535,37.215
1768499792.9906795,37.412
1768499793.0929215,37.51
1768499793.1951716,37.609
1768499793.2973888,37.412
1768499793.3996165,37.51
1768499793.501839,37.215
1768499793.6040866,36.94
1768499793.7062852,36.82
1768499793.8085647,32.422
1768499793.9145849,36.151
1768499794.0167632,41.724
1768499794.1189938,35.856
1768499794.2212162,37.039
1768499794.3234353,43.274
1768499794.4256866,32.62
1768499794.5284047,42.388
1768499794.630875,34.869
1768499794.7331738,37.631
1768499794.8354542,42.019
1768499794.9510293,43.3
1768499795.0532045,33.902
1768499795.155257,40.542
1768499795.257352,35.856
1768499795.359459,35.264
1768499795.4640179,46.397
1768499795.5663543,33.113
1768499795.6686108,40.444
1768499795.7708197,37.51
1768499795.8730388,37.039
1768499795.9753141,41.306
1768499796.0774999,32.422
1768499796.179726,46.397
1768499796.2819424,33.212
1768499796.3841815,42.388
1768499796.491339,35.757
1768499796.5936985,37.095
1768499796.6959572,43.373
1768499796.7983105,32.62
1768499796.9005287,43.741
1768499797.0028403,33.902
1768499797.1051702,39.36
1768499797.2074168,38.496
1768499797.3096385,32.323
1768499797.4118736,44.823
1768499797.51711,33.804
1768499797.6193817,40.247
1768499797.7216573,37.609
1768499797.8239522,36.743
1768499797.9262803,43.373
1768499798.0285754,32.718
1768499798.1308208,42.413
1768499798.2331853,35.856
1768499798.3355238,36.349
1768499798.4418707,46.861
1768499798.546886,33.212
1768499798.6496215,31.929
1768499798.75243,43.398
1768499798.8547382,33.902
1768499798.9571018,38.102
1768499799.0593908,40.247
1768499799.1617763,32.817
1768499799.266447,43.3
1768499799.3687654,35.362
1768499799.47129,37.018
1768499799.5738943,32.62
1768499799.6770973,43.373
1768499799.779217,34.475
1768499799.881439,38.55
1768499799.9836977,38.769
1768499800.0858219,32.62
1768499800.1910603,45.216
1768499800.2933025,33.705
1768499800.3956323,41.773
1768499800.4979966,36.328
1768499800.6006908,32.126
1768499800.7030602,44.626
1768499800.8052561,33.587
1768499800.9075706,41.133
1768499801.0098028,36.722
1768499801.116228,35.165
1768499801.218504,46.888
1768499801.3207915,33.014
1768499801.4231596,43.963
1768499801.5254166,35.165
1768499801.6277988,38.496
1768499801.7300563,38.693
1768499801.8323884,36.623
1768499801.9346855,42.979
1768499802.0408998,32.817
1768499802.143134,43.373
1768499802.245492,33.705
1768499802.347723,42.093
1768499802.4500976,34.869
1768499802.552444,38.966
1768499802.6547565,38.299
1768499802.757129,36.743
1768499802.859529,43.937
1768499802.9656844,32.62
1768499803.0680788,42.487
1768499803.170466,33.902
1768499803.2727711,41.601
1768499803.3751314,35.461
1768499803.477375,38.572
1768499803.5796642,38.89
1768499803.6820216,32.323
1768499803.787408,46.298
1768499803.8918076,33.113
1768499803.9949107,43.373
1768499804.09717,38.003
1768499804.1999893,40.739
1768499804.3021142,32.521
1768499804.4042084,45.216
1768499804.506351,33.508
1768499804.6084495,41.625
1768499804.7106168,36.447
1768499804.8163307,36.307
1768499804.9185436,42.29
1768499805.0208004,32.817
1768499805.1233265,45.708
1768499805.2255518,33.31
1768499805.3277588,43.668
1768499805.4299695,34.376
1768499805.5322032,39.656
1768499805.6343966,37.215
1768499805.7407103,35.757
1768499805.8430815,43.201
1768499805.9453735,32.718
1768499806.0476103,42.881
1768499806.1500316,34.968
1768499806.2522197,39.065
1768499806.3545144,38.397
1768499806.4567664,34.08
1768499806.559159,45.118
1768499806.6657095,32.916
1768499806.7679317,43.767
1768499806.8702476,34.573
1768499806.972578,37.883
1768499807.0748472,40.739
1768499807.1772835,32.62
1768499807.2795045,44.036
1768499807.3818,33.409
1768499807.48401,42.684
1768499807.586243,34.573
1768499807.6921036,39.557
1768499807.7944496,37.313
1768499807.8966386,36.525
1768499807.999032,43.446
1768499808.1012714,32.916
1768499808.2034986,39.754
1768499808.3058865,44.724
1768499808.4080982,34.573
1768499808.5113392,39.065
1768499808.6197083,41.207
1768499808.7220554,38.792
1768499808.824757,38.277
1768499808.9268227,32.323
1768499809.028989,46.2
1768499809.1311247,33.014
1768499809.233302,43.865
1768499809.3353715,34.475
1768499809.4374592,37.905
1768499809.5437603,41.231
1768499809.6459653,32.62
1768499809.7482045,43.274
1768499809.8504102,34.672
1768499809.9526708,37.116
1768499810.0551672,45.118
1768499810.1573527,33.409
1768499810.259633,39.087
1768499810.3620307,40.05
1768499810.4680245,32.422
1768499810.5702777,42.684
1768499810.6725414,34.771
1768499810.7747972,38.124
1768499810.8771138,38.792
1768499810.9794776,32.323
1768499811.0816753,47.352
1768499811.1838775,33.508
1768499811.2861881,41.896
1768499811.3884778,35.362
1768499811.4946268,37.51
1768499811.5968952,40.148
1768499811.699236,32.521
1768499811.8014965,45.189
1768499811.903813,33.804
1768499812.006074,41.699
1768499812.1083107,36.131
1768499812.2106068,36.919
1768499812.3129103,42.29
1768499812.4185784,32.718
1768499812.520926,44.186
1768499812.6232374,34.376
1768499812.7256346,38.989
1768499812.8281567,37.806
1768499812.9304101,36.743
1768499813.0369067,43.078
1768499813.145455,40.936
1768499813.248127,36.919
1768499813.3502452,36.447
1768499813.4523854,45.806
1768499813.5549016,33.014
1768499813.6570735,41.133
1768499813.759409,36.447
1768499813.8615422,36.426
1768499813.9679604,42.757
1768499814.070375,33.31
1768499814.1726213,42.56
1768499814.2748544,36.053
1768499814.377176,36.525
1768499814.4797785,45.413
1768499814.582095,33.212
1768499814.6844475,43.767
1768499814.7868514,34.475
1768499814.8927455,40.247
1768499814.99507,37.018
1768499815.097267,37.039
1768499815.1995623,42.61
1768499815.301846,32.62
1768499815.4042964,43.471
1768499815.5066698,34.376
1768499815.6092076,31.929
1768499815.7116146,44.456
1768499815.8166435,33.686
1768499815.918925,39.951
1768499816.021295,38.299
1768499816.1236897,32.422
1768499816.225909,42.487
1768499816.3281784,33.784
1768499816.4303942,39.557
1768499816.5326653,37.609
1768499816.6349337,32.225
1768499816.7372522,47.155
1768499816.8440235,33.508
1768499816.9462526,40.936
1768499817.0489767,36.229
1768499817.1512434,36.349
1768499817.2533958,44.134
1768499817.356367,32.916
1768499817.4586613,43.767
1768499817.561082,35.264
1768499817.6671438,40.838
1768499817.7703865,32.62
1768499817.8726308,46.467
1768499817.9747028,33.31
1768499818.0770268,43.201
1768499818.1791098,34.968
1768499818.281226,36.722
1768499818.3835485,41.625
1768499818.4857035,32.718
1768499818.5912507,35.264
1768499818.6935225,46.003
1768499818.795771,33.212
1768499818.898056,41.01
1768499819.0002644,36.151
1768499819.1025686,36.525
1768499819.2049167,44.036
1768499819.3071687,32.916
1768499819.4095438,43.274
1768499819.5118167,34.376
1768499819.6172125,40.664
1768499819.7194643,36.842
1768499819.8216722,38.003
1768499819.9239802,39.777
1768499820.0262976,32.422
1768499820.1285682,47.057
1768499820.230783,33.212
1768499820.3332512,43.694
1768499820.4356256,34.672
1768499820.5417042,38.989
1768499820.644165,40.247
1768499820.7466125,32.422
1768499820.8490527,44.233
1768499820.9513433,33.705
1768499821.0535154,40.345
1768499821.155774,36.525
1768499821.2580361,37.018
1768499821.360463,40.936
1768499821.4677653,32.521
1768499821.5701177,44.652
1768499821.6731076,35.757
1768499821.7754269,34.771
1768499821.878758,34.08
1768499821.9811218,33.508
1768499822.0833573,33.113
1768499822.1877759,32.718
1768499822.2900372,37.609
1768499822.3922586,37.313
1768499822.4945638,36.25
1768499822.5969312,35.165
1768499822.6992724,34.771
1768499822.8014283,33.902
1768499822.903545,33.212
1768499823.005953,32.817
1768499823.1081424,32.718
1768499823.2114165,33.705
1768499823.3137846,32.62
1768499823.4162831,32.916
1768499823.5186722,33.409
1768499823.6212854,33.883
1768499823.723743,35.067
1768499823.826084,36.426
1768499823.9283042,37.215
1768499824.0305812,35.757
1768499824.1329136,32.323
1768499824.2385552,36.053
1768499824.3408992,41.428
1768499824.443184,38.671
1768499824.545407,32.62
1768499824.647661,42.093
1768499824.7498813,34.573
1768499824.852206,37.784
1768499824.9543538,39.951
1768499825.0566459,32.521
1768499825.1588233,42.462
1768499825.2642996,33.804
1768499825.366591,38.792
1768499825.4689665,37.708
1768499825.5712812,32.422
1768499825.6734736,46.102
1768499825.7757359,33.212
1768499825.8779895,43.767
1768499825.98018,34.199
1768499826.0823839,38.769
1768499826.1846437,37.018
1768499826.2923088,36.919
1768499826.3945394,44.482
1768499826.5004134,33.014
1768499826.6041389,43.471
1768499826.7063243,34.573
1768499826.8085613,37.806
1768499826.9142497,32.422
1768499827.0164173,47.155
1768499827.1186888,33.409
1768499827.220801,42.388
1768499827.322994,34.968
1768499827.4250402,38.716
1768499827.5271,38.792
1768499827.6291807,32.422
1768499827.7314112,47.352
1768499827.833594,33.291
1768499827.9393516,41.404
1768499828.0416052,35.067
1768499828.1440022,37.51
1768499828.246303,39.186
1768499828.3484862,32.422
1768499828.4507165,44.036
1768499828.5528998,33.014
1768499828.6551807,36.426
1768499828.7574737,42.782
1768499828.859689,32.817
1768499828.966347,43.544
1768499829.0686529,33.686
1768499829.171058,40.345
1768499829.2732556,35.461
1768499829.3754861,38.989
1768499829.4777093,36.919
1768499829.5799189,36.82
1768499829.6820898,40.838
1768499829.7843893,32.62
1768499829.890841,46.861
1768499829.9930935,33.113
1768499830.0953302,42.684
1768499830.1975422,34.001
1768499830.2997646,40.664
1768499830.401964,35.856
1768499830.5041943,38.299
1768499830.6063871,38.397
1768499830.7090125,35.244
1768499830.8113468,42.684
1768499830.9181008,32.62
1768499831.020288,47.085
1768499831.123465,33.212
1768499831.2256587,43.694
1768499831.327852,34.376
1768499831.4300528,41.625
1768499831.5322385,35.461
1768499831.634593,38.693
1768499831.7406394,36.623
1768499831.842811,42.487
1768499831.9450428,32.817
1768499832.0472245,43.398
1768499832.1495533,34.771
1768499832.251598,38.003
1768499832.353758,39.557
1768499832.4558802,32.422
1768499832.5582054,47.38
1768499832.6602576,33.31
1768499832.765703,41.822
1768499832.8679945,35.461
1768499832.9703553,38.102
1768499833.0727167,41.428
1768499833.1750276,32.718
1768499833.2772694,45.216
1768499833.3795717,33.31
1768499833.4817863,43.57
1768499833.5841928,34.376
1768499833.6864855,40.369
1768499833.7925808,36.25
1768499833.894797,37.708
1768499833.9970315,38.003
1768499834.0992627,35.362
1768499834.2014835,42.192
1768499834.3037868,32.817
1768499834.4060185,45.806
1768499834.5082915,33.409
1768499834.6104736,42.782
1768499834.7161922,34.199
1768499834.8184044,39.928
1768499834.9207094,36.25
1768499835.0228963,37.609
1768499835.1252792,39.777
1768499835.2275531,32.422
1768499835.3298304,47.352
1768499835.4321382,33.014
1768499835.534488,43.741
1768499835.6368713,34.376
1768499835.7426527,38.2
1768499835.844909,37.806
1768499835.9544342,32.323
1768499836.0567255,46.129
1768499836.1590402,43.052
1768499836.2672908,33.883
1768499836.3695254,41.33
1768499836.4717157,35.362
1768499836.5739071,38.299
1768499836.675996,40.05
1768499836.7782564,32.422
1768499836.8806643,45.905
1768499836.9830425,33.014
1768499837.0895064,43.57
1768499837.1916604,33.883
1768499837.2939126,41.404
1768499837.3960953,35.658
1768499837.4983168,39.36
1768499837.600484,37.609
1768499837.702757,35.461
1768499837.8051026,43.668
1768499837.9074183,32.62
1768499838.0095844,43.347
1768499838.114537,33.606
1768499838.2168815,39.482
1768499838.3191664,41.625
1768499838.4214303,32.521
1768499838.5237825,43.274
1768499838.6262376,43.176
1768499838.7285252,32.916
1768499838.8308558,42.61
1768499838.9331815,35.362
1768499839.0354466,38.299
1768499839.140857,40.247
1768499839.243153,32.323
1768499839.3453422,45.386
1768499839.4476423,33.31
1768499839.5498962,44.062
1768499839.6521878,34.179
1768499839.7550087,40.96
1768499839.8572524,36.447
1768499839.9594257,36.996
1768499840.0619056,42.192
1768499840.1677907,32.718
1768499840.2700825,43.865
1768499840.372426,34.179
1768499840.4747188,39.656
1768499840.5783107,36.743
1768499840.680672,35.856
1768499840.7829912,43.373
1768499840.8852577,43.471
1768499840.9926298,33.587
1768499841.094882,40.321
1768499841.1971552,36.426
1768499841.299572,37.215
1768499841.4018931,41.527
1768499841.5041316,32.521
1768499841.6064305,45.708
1768499841.7087033,33.508
1768499841.8109884,41.773
1768499841.9171298,34.475
1768499842.0194159,40.542
1768499842.1216686,36.645
1768499842.2239244,37.686
1768499842.3261888,39.262
1768499842.42851,33.982
1768499842.5306947,45.118
1768499842.632981,32.817
1768499842.7353501,43.642
1768499842.840809,33.489
1768499842.943046,43.3
1768499843.045353,34.376
1768499843.1476402,38.572
1768499843.2499342,38.595
1768499843.3522084,36.328
1768499843.454488,43.471
1768499843.5567389,32.718
1768499843.6589482,42.388
1768499843.7654767,33.883
1768499843.8677254,41.527
1768499843.969928,36.151
1768499844.0721767,37.708
1768499844.1747673,41.33
1768499844.2770934,32.521
1768499844.3794777,42.881
1768499844.4817445,33.686
1768499844.5845706,40.444
1768499844.691566,35.835
1768499844.7977748,36.328
1768499844.9005535,42.684
1768499845.002754,32.62
1768499845.1050172,33.606
1768499845.208739,41.207
1768499845.3156517,35.165
1768499845.4180896,38.671
1768499845.5203524,37.905
1768499845.622619,36.447
1768499845.7248375,43.446
1768499845.8271043,32.718
1768499845.9293134,42.782
1768499846.0315552,33.902
1768499846.1337924,41.527
1768499846.239403,36.525
1768499846.3419433,36.623
1768499846.4444644,44.751
1768499846.5467362,32.916
1768499846.6490858,43.865
1768499846.7512841,34.376
1768499846.853669,40.542
1768499846.9559126,35.856
1768499847.0581036,38.693
1768499847.1637769,39.58
1768499847.2660263,34.376
1768499847.3682582,46.888
1768499847.4704819,33.113
1768499847.572685,42.709
1768499847.675165,36.151
1768499847.777596,36.546
1768499847.879883,42.782
1768499847.9821842,32.62
1768499848.0843945,44.751
1768499848.189986,34.001
1768499848.292351,38.057
1768499848.3945775,38.2
1768499848.4968874,32.62
1768499848.5992272,31.929
1768499848.701461,41.601
1768499848.803697,35.56
1768499848.9060404,37.631
1768499849.008251,41.527
1768499849.1169057,32.422
1768499849.2190697,46.692
1768499849.321248,33.31
1768499849.4234545,43.176
1768499849.5256944,34.475
1768499849.627942,35.658
1768499849.731231,37.784
1768499849.8333623,38.299
1768499849.9395423,32.323
1768499850.0417476,45.905
1768499850.144048,33.982
1768499850.2462082,41.404
1768499850.3485153,35.658
1768499850.4507258,38.397
1768499850.5528142,38.102
1768499850.6551178,36.328
1768499850.7573638,42.61
1768499850.8631241,32.62
1768499850.9653187,46.959
1768499851.067567,33.113
1768499851.169739,42.954
1768499851.2719107,34.376
1768499851.3742278,40.641
1768499851.4764879,36.25
1768499851.5786862,38.08
1768499851.681047,35.933
1768499851.7833233,37.708
1768499851.8877568,36.328
1768499851.9899213,34.672
1768499852.092161,33.409
1768499852.1943398,33.113
1768499852.2964466,36.447
1768499852.3985739,38.178
1768499852.5007865,36.032
1768499852.6029294,34.297
1768499852.7051742,33.686
1768499852.8074424,33.212
1768499852.9112515,32.718
1768499853.0134363,37.806
1768499853.1155362,37.236
1768499853.217826,36.447
1768499853.3200064,34.672
1768499853.4221547,33.705
1768499853.5244708,33.606
1768499853.6274788,34.179
1768499853.7299812,34.573
1768499853.8335013,35.067
1768499853.9383957,36.151
1768499854.0406508,37.018
1768499854.1429381,36.546
1768499854.2451985,33.883
1768499854.3475604,42.979
1768499854.4498355,36.722
1768499854.5534344,41.034
1768499854.655663,34.968
1768499854.75783,35.461
1768499854.862883,45.583
1768499854.965158,33.409
1768499855.0673575,39.853
1768499855.1696537,38.277
1768499855.2720385,32.422
1768499855.3744392,45.118
1768499855.4768808,34.376
1768499855.57925,37.981
1768499855.6816802,41.231
1768499855.7878222,32.718
1768499855.8902097,43.865
1768499855.9924414,34.672
1768499856.0947852,39.58
1768499856.1970246,38.693
1768499856.299354,33.982
1768499856.4016333,46.987
1768499856.5040343,33.014
1768499856.6064568,43.471
1768499856.7128396,34.278
1768499856.8151119,37.116
1768499856.9173527,39.557
1768499857.0196662,32.422
1768499857.1218848,46.931
1768499857.2244475,33.587
1768499857.326743,42.093
1768499857.4290862,35.856
1768499857.5313423,37.434
1768499857.637571,41.625
1768499857.739885,32.718
1768499857.8422306,42.782
1768499857.9445076,34.475
1768499858.046813,38.989
1768499858.1491396,37.905
1768499858.2513971,32.323
1768499858.3543108,44.134
1768499858.4565766,33.606
1768499858.5622823,39.754
1768499858.6646175,43.694
1768499858.7668364,34.278
1768499858.8692582,39.262
1768499858.9717274,39.459
1768499859.0740876,46.916
1768499859.1765406,33.409
1768499859.2787154,42.216
1768499859.3808866,34.968
1768499859.483158,38.397
1768499859.5883398,37.51
1768499859.6905344,33.587
1768499859.792979,46.102
1768499859.8952405,33.014
1768499859.9975846,42.954
1768499860.0998528,34.376
1768499860.202287,37.981
1768499860.304661,38.102
1768499860.4068856,36.349
1768499860.514194,44.134
1768499860.616458,32.817
1768499860.718763,43.3
1768499860.8211198,40.073
1768499860.923438,32.718
1768499861.0258274,43.471
1768499861.1280596,37.905
1768499861.2302892,32.62
1768499861.3325803,38.868
1768499861.4373019,38.89
1768499861.5395334,32.323
1768499861.6418366,45.806
1768499861.744166,33.409
1768499861.8463838,42.979
1768499861.9485834,34.573
1768499862.0509107,39.459
1768499862.1531205,36.82
1768499862.2552953,37.236
1768499862.3576741,42.118
1768499862.4635692,32.422
1768499862.5657809,46.2
1768499862.667964,32.916
1768499862.7703016,44.062
1768499862.872444,34.001
1768499862.9747307,40.148
1768499863.0780394,36.426
1768499863.1802049,37.609
1768499863.2823846,40.542
1768499863.3878553,32.422
1768499863.4901066,45.216
1768499863.5922825,33.014
1768499863.6944788,42.979
1768499863.796707,41.404
1768499863.900401,35.067
1768499864.002473,40.148
1768499864.1045432,36.151
1768499864.2066,37.981
1768499864.308766,38.792
1768499864.4147375,35.658
1768499864.5169485,41.404
1768499864.6191611,32.422
1768499864.7213414,46.074
1768499864.823593,32.817
1768499864.9258797,44.259
1768499865.0280855,33.212
1768499865.130308,43.398
1768499865.2325335,33.982
1768499865.3387136,40.467
1768499865.4410174,36.525
1768499865.5432417,37.729
1768499865.6455011,41.428
1768499865.7479618,32.62
1768499865.8502743,44.331
1768499865.9527204,33.489
1768499866.0551054,41.699
1768499866.157312,35.856
1768499866.264176,34.968
1768499866.3663588,43.839
1768499866.4685776,32.718
1768499866.5708766,43.15
1768499866.6732283,34.672
1768499866.775485,38.2
1768499866.8777263,38.792
1768499866.979933,32.323
1768499867.0821636,46.495
1768499867.1844356,33.606
1768499867.2909384,38.572
1768499867.3931909,38.003
1768499867.4953554,32.206
1768499867.5975878,47.38
1768499867.7003422,33.014
1768499867.8026042,43.471
1768499867.9049158,34.573
1768499868.0071874,39.876
1768499868.1093574,36.623
1768499868.214214,36.743
1768499868.3165421,45.905
1768499868.4187675,34.1
1768499868.5209703,38.474
1768499868.624675,34.376
1768499868.7268217,39.754
1768499868.8289316,37.018
1768499868.9310143,32.126
1768499869.0331628,40.148
1768499869.1401937,39.951
1768499869.2424345,32.422
1768499869.3446982,45.681
1768499869.4469051,33.409
1768499869.5492108,42.068
1768499869.6514602,34.968
1768499869.7537587,39.065
1768499869.8560793,37.51
1768499869.9583592,37.412
1768499870.0621061,40.838
1768499870.1645217,32.323
1768499870.2668443,46.102
1768499870.3691897,32.718
1768499870.4713857,42.881
1768499870.5735605,33.606
1768499870.6757736,42.413
1768499870.778081,36.25
1768499870.8803406,37.039
1768499870.9825237,39.754
1768499871.0848444,35.736
1768499871.1902995,42.782
1768499871.292598,32.62
1768499871.3947878,43.373
1768499871.4970212,33.902
1768499871.599265,41.01
1768499871.7014942,35.461
1768499871.8037195,38.595
1768499871.9060028,38.003
1768499872.0083177,33.705
1768499872.1111777,47.647
1768499872.2164972,33.014
1768499872.3189192,43.57
1768499872.421229,35.362
1768499872.5249608,37.116
1768499872.6271963,38.769
1768499872.7294557,32.422
1768499872.8318124,46.959
1768499872.9340167,33.014
1768499873.0400908,42.881
1768499873.142337,33.784
1768499873.2445455,35.757
1768499873.3479137,38.299
1768499873.4500942,38.769
1768499873.5522172,33.784
1768499873.6543612,45.118
1768499873.7565734,33.014
1768499873.8587298,44.062
1768499873.9645405,34.179
1768499874.0669804,41.428
1768499874.169237,35.461
1768499874.2715218,38.223
1768499874.3737447,39.777
1768499874.4759073,33.686
1768499874.5781791,44.357
1768499874.6803682,32.718
1768499874.7826185,44.894
1768499874.888694,33.409
1768499874.9909854,42.855
1768499875.0931604,34.869
1768499875.195362,37.784
1768499875.2975996,38.397
1768499875.3998222,33.784
1768499875.5020487,44.233
1768499875.604261,32.718
1768499875.7065442,42.979
1768499875.8088548,33.686
1768499875.914964,43.57
1768499876.0171576,34.869
1768499876.1194353,40.617
1768499876.2216856,35.362
1768499876.3238838,39.777
1768499876.4261334,37.51
1768499876.528363,32.225
1768499876.630625,46.593
1768499876.7330494,32.916
1768499876.8386505,42.954
1768499876.9411702,33.784
1768499877.0435777,40.739
1768499877.1469004,36.426
1768499877.2491302,36.645
1768499877.3513398,45.243
1768499877.453582,32.916
1768499877.5558228,41.231
1768499877.6580992,34.968
1768499877.7636898,39.087
1768499877.8659606,36.032
1768499877.9696875,43.471
1768499878.0719585,32.718
1768499878.1740608,43.15
1768499878.276216,35.757
1768499878.378277,36.799
1768499878.4803314,40.936
1768499878.5825539,36.94
1768499878.6883872,37.116
1768499878.7905705,41.428
1768499878.8927152,32.521
1768499878.9949687,46.636
1768499879.097142,33.212
1768499879.1994195,42.684
1768499879.3016455,34.869
1768499879.4038422,38.474
1768499879.5061436,38.496
1768499879.6083777,36.328
1768499879.7139719,44.383
1768499879.81634,32.718
1768499879.918839,44.724
1768499880.0212066,33.508
1768499880.1237829,42.413
1768499880.2260954,34.968
1768499880.328671,39.262
1768499880.4309726,37.116
1768499880.5335455,36.546
1768499880.6386538,44.233
1768499880.740994,32.817
1768499880.8432178,42.881
1768499880.9455023,33.31
1768499881.047676,41.995
1768499881.1499045,36.053
1768499881.2521834,36.799
1768499881.354918,40.838
1768499881.4572415,33.606
1768499881.566564,32.027
1768499881.6701083,40.715
1768499881.7745955,38.693
1768499881.8769436,37.905
1768499881.9791958,32.817
1768499882.0815086,32.62
1768499882.1849713,36.053
1768499882.2870986,36.426
1768499882.3892262,36.919
1768499882.4921055,37.116
1768499882.5942185,37.905
1768499882.6964917,36.94
1768499882.7986777,36.032
1768499882.9007895,35.362
1768499883.0029776,34.869
1768499883.1051147,34.672
1768499883.2073145,34.771
1768499883.3110325,34.376
1768499883.4132426,34.475
1768499883.5154817,35.067
1768499883.6177785,35.954
1768499883.7200773,35.757
1768499883.822338,37.018
1768499883.9245791,37.215
1768499884.026781,37.018
1768499884.1290843,36.525
1768499884.2314208,32.323
1768499884.3337417,32.521
1768499884.4360337,32.718
1768499884.5411959,43.078
1768499884.6434588,34.08
1768499884.745765,37.215
1768499884.847951,43.3
1768499884.9502726,32.718
1768499885.0524933,42.684
1768499885.1548045,34.08
1768499885.2571177,38.572
1768499885.359429,38.693
1768499885.4616919,32.323
1768499885.5682676,47.479
1768499885.670577,33.212
1768499885.7728894,43.103
1768499885.8751318,35.067
1768499885.977402,38.693
1768499886.0795884,38.595
1768499886.181793,36.645
1768499886.2842338,45.779
1768499886.3866374,32.916
1768499886.4887874,43.274
1768499886.595799,33.982
1768499886.6981084,41.822
1768499886.8009803,35.165
1768499886.9031737,39.557
1768499887.0054128,36.623
1768499887.1077263,38.025
1768499887.2099595,38.496
1768499887.3122346,36.722
1768499887.4197674,32.817
1768499887.5219696,43.497
1768499887.624146,33.705
1768499887.7262673,40.641
1768499887.8283596,35.658
1768499887.9305358,37.806
1768499888.0326896,40.641
1768499888.1347926,32.521
1768499888.2369318,41.995
1768499888.3434255,36.426
1768499888.445701,34.001
1768499888.5479264,39.262
1768499888.6504476,39.679
1768499888.7527614,32.62
1768499888.8550608,43.471
1768499888.957524,33.982
1768499889.0604506,40.641
1768499889.1627617,36.25
1768499889.2691555,37.412
1768499889.3714826,40.739
1768499889.4737213,32.521
1768499889.5762072,42.684
1768499889.6784985,33.686
1768499889.7808485,39.876
1768499889.8831437,36.722
1768499889.985377,37.905
1768499890.0876765,39.951
1768499890.1900475,33.686
1768499890.2950144,46.762
1768499890.397265,33.113
1768499890.4995174,43.544
1768499890.6016982,33.784
1768499890.7039042,40.542
1768499890.8062878,35.658
1768499890.9086308,38.102
1768499891.01081,40.345
1768499891.1131067,32.521
1768499891.2153168,45.878
1768499891.3212712,33.409
1768499891.4249792,39.754
1768499891.5273132,36.328
1768499891.6296427,32.323
1768499891.7320607,47.45
1768499891.8344517,33.212
1768499891.9366384,42.216
1768499892.038938,35.264
1768499892.1452942,40.148
1768499892.248266,32.817
1768499892.350418,43.471
1768499892.4526882,33.705
1768499892.5549352,40.641
1768499892.657212,35.165
1768499892.7593427,38.08
1768499892.8614447,38.003
1768499892.9636269,35.835
1768499893.0657697,41.428
1768499893.1724148,32.817
1768499893.2747543,43.471
1768499893.3770425,33.902
1768499893.47927,41.625
1768499893.5816271,35.856
1768499893.6840317,37.313
1768499893.7863324,40.936
1768499893.8886912,32.62
1768499893.9909952,46.003
1768499894.0958004,33.705
1768499894.1980886,43.201
1768499894.3003123,35.56
1768499894.4025333,38.003
1768499894.504881,39.777
1768499894.6071184,34.672
1768499894.709483,46.03
1768499894.8118298,33.014
1768499894.9141488,43.57
1768499895.0165575,34.179
1768499895.122207,39.087
1768499895.2244604,37.215
1768499895.3267908,33.705
1768499895.429706,46.003
1768499895.5320613,33.113
1768499895.6342592,43.15
1768499895.7364776,33.883
1768499895.8430808,38.868
1768499895.9486012,36.349
1768499896.0521986,37.018
1768499896.1544166,40.27
1768499896.2567134,32.521
1768499896.3589613,46.987
1768499896.4612987,33.113
1768499896.5636098,44.062
1768499896.6659143,34.001
1768499896.7716374,35.461
1768499896.8743267,39.087
1768499896.976418,36.82
1768499897.0785587,37.215
1768499897.18062,40.05
1768499897.2827137,32.62
1768499897.3848314,46.987
1768499897.4869943,33.113
1768499897.5891523,43.347
1768499897.6914773,34.475
1768499897.7967858,39.974
1768499897.899184,36.426
1768499898.0014377,36.546
1768499898.10368,42.462
1768499898.2058408,32.718
1768499898.308189,40.715
1768499898.4104965,34.968
1768499898.5128036,36.842
1768499898.6152833,41.207
1768499898.7174761,34.672
1768499898.8231053,39.163
1768499898.9252932,36.722
1768499899.0275297,37.51
1768499899.1297932,39.262
1768499899.2320414,36.623
1768499899.3343024,44.233
1768499899.4366424,33.014
1768499899.5390902,40.125
1768499899.6415205,36.623
1768499899.7484305,34.08
1768499899.851011,44.921
1768499899.9533603,32.817
1768499900.0556161,42.487
1768499900.1579053,33.982
1768499900.2610905,40.739
1768499900.3634877,35.933
1768499900.4668815,37.335
1768499900.5723772,40.838
1768499900.6746511,32.62
1768499900.7769442,42.585
1768499900.8791811,33.587
1768499900.9814167,43.249
1768499901.0836115,34.573
1768499901.185979,39.656
1768499901.2881992,37.51
1768499901.390391,32.422
1768499901.4925907,33.31
1768499901.6001503,42.29
1768499901.702301,35.067
1768499901.8043575,40.148
1768499901.9064245,36.546
1768499902.0085752,36.842
1768499902.1111915,41.527
1768499902.2131767,32.62
1768499902.3153024,44.062
1768499902.4173896,33.982
1768499902.5231998,40.838
1768499902.6255002,36.25
1768499902.7277925,37.587
1768499902.8301373,38.792
1768499902.9324646,36.426
1768499903.0347524,41.33
1768499903.1369538,32.521
1768499903.2391882,43.668
1768499903.3413796,32.817
1768499903.4436557,47.479
1768499903.5485225,33.212
1768499903.6508803,42.364
1768499903.7531962,36.053
1768499903.8554165,37.116
1768499903.9576364,40.27
1768499904.0598383,32.323
1768499904.1621025,46.03
1768499904.2647135,32.817
1768499904.366933,43.274
1768499904.4691565,33.883
1768499904.574935,41.921
1768499904.6771095,35.835
1768499904.7793245,37.905
1768499904.8814585,39.163
1768499904.983664,32.323
1768499905.0859084,46.467
1768499905.1881711,33.113
1768499905.2917092,43.274
1768499905.3940415,34.573
1768499905.4993997,39.186
1768499905.6017785,37.313
1768499905.703959,36.426
1768499905.8063545,41.724
1768499905.908545,32.521
1768499906.0108786,44.233
1768499906.1130598,32.62
1768499906.215273,47.254
1768499906.3174777,43.497
1768499906.4206443,33.705
1768499906.525508,42.881
1768499906.6278403,35.067
1768499906.7301545,39.899
1768499906.832497,36.842
1768499906.9347003,38.617
1768499907.0369823,39.284
1768499907.1391501,33.686
1768499907.241403,42.881
1768499907.3436108,32.521
1768499907.449575,43.274
1768499907.5518436,35.362
1768499907.654092,37.313
1768499907.7563047,40.641
1768499907.858566,32.323
1768499907.9607975,46.495
1768499908.0630372,32.817
1768499908.165384,42.512
1768499908.2676601,33.489
1768499908.3699603,40.345
1768499908.4750915,36.032
1768499908.577492,32.027
1768499908.6798992,39.656
1768499908.7821782,36.82
1768499908.8844626,37.489
1768499908.9866097,39.754
1768499909.0888464,32.323
1768499909.1911144,47.282
1768499909.2934296,33.014
1768499909.400269,42.659
1768499909.5025115,34.376
1768499909.604818,39.853
1768499909.7115383,37.51
1768499909.8138037,32.323
1768499909.9167826,45.091
1768499910.024012,32.817
1768499910.1262343,42.855
1768499910.2286887,34.179
1768499910.33089,38.868
1768499910.4334462,36.722
1768499910.5358808,37.51
1768499910.6384573,40.247
1768499910.740752,46.172
1768499910.8431702,33.014
1768499910.9479058,42.782
1768499911.0502677,34.199
1768499911.1525583,40.27
1768499911.25476,36.447
1768499911.3569295,36.82
1768499911.4592357,40.912
1768499911.561441,32.521
1768499911.663696,47.057
1768499911.7658947,33.291
1768499911.8681755,39.065
1768499911.9738762,34.573
1768499912.0762155,33.902
1768499912.1783133,33.212
1768499912.2807362,33.014
1768499912.382807,32.718
1768499912.485173,36.032
1768499912.5873682,37.412
1768499912.6898353,37.708
1768499912.7921774,37.412
1768499912.8960564,35.954
1768499912.9983187,35.067
1768499913.1004682,34.573
1768499913.2026296,33.883
1768499913.304841,33.508
1768499913.4069903,33.212
1768499913.5095682,32.916
1768499913.6118317,32.718
1768499913.714345,32.62
1768499913.8166175,32.521
1768499913.923968,35.067
1768499914.0261362,35.56
1768499914.1326966,36.328
1768499914.2350488,35.757
1768499914.338461,32.323
1768499914.440925,32.718
1768499914.5453053,31.633
1768499914.6475732,31.83
1768499914.7500122,41.01
1768499914.8523,37.708
1768499914.9544911,32.521
1768499915.0567513,42.782
1768499915.1590502,34.573
1768499915.2612662,39.186
1768499915.3634586,34.08
1768499915.4660673,45.779
1768499915.5682662,33.291
1768499915.6729224,40.739
1768499915.775161,36.328
1768499915.8773875,38.025
1768499915.9796093,39.754
1768499916.0820377,32.225
1768499916.1842117,44.948
1768499916.2863562,32.62
1768499916.388528,43.865
1768499916.490759,34.08
1768499916.5929787,41.601
1768499916.6992633,35.658
1768499916.8015716,38.178
1768499916.9037652,38.003
1768499917.0060997,36.623
1768499917.1083453,42.782
1768499917.2106647,32.521
1768499917.3128488,43.839
1768499917.4151068,33.31
1768499917.5172193,42.881
1768499917.622734,34.573
1768499917.7251904,39.262
1768499917.827532,38.474
1768499917.9298184,32.225
1768499918.0320957,45.341
1768499918.1344,32.718
1768499918.2366247,45.484
1768499918.3394215,34.08
1768499918.4416902,41.109
1768499918.5473943,36.743
1768499918.6501532,33.705
1768499918.7523212,37.905
1768499918.8547323,40.05
1768499918.9569163,32.422
1768499919.0592115,47.155
1768499919.161446,33.014
1768499919.2638125,43.347
1768499919.3660598,33.982
1768499919.468339,40.936
1768499919.5742276,37.412
1768499919.6764786,35.165
1768499919.7787778,45.511
1768499919.8811061,32.916
1768499919.98352,42.782
1768499920.085735,40.861
1768499920.1889646,36.25
1768499920.2910855,37.236
1768499920.393297,40.542
1768499920.4988246,32.422
1768499920.6011233,47.942
1768499920.7033365,33.113
1768499920.805654,42.192
1768499920.9078686,33.587
1768499921.0102692,43.471
1768499921.1124537,33.982
1768499921.2147484,41.872
1768499921.3170552,35.165
1768499921.4225662,37.489
1768499921.5248818,38.989
1768499921.627196,34.179
1768499921.7295725,47.675
1768499921.8318303,33.31
1768499921.9341707,41.699
1768499922.03657,35.954
1768499922.138926,37.51
1768499922.2413864,41.33
1768499922.3477895,32.62
1768499922.4501348,43.668
1768499922.5525773,33.784
1768499922.6549103,40.739
1768499922.7574136,36.743
1768499922.859808,36.426
1768499922.9621637,42.093
1768499923.0644665,32.817
1768499923.1672487,43.963
1768499923.2730982,34.672
1768499923.3753054,38.89
1768499923.4780564,37.313
1768499923.580301,37.018
1768499923.6825259,40.912
1768499923.7848837,32.422
1768499923.887098,45.243
1768499923.989383,32.718
1768499924.0916133,43.57
1768499924.197618,33.409
1768499924.2998788,42.807
1768499924.4024076,35.067
1768499924.5048409,38.792
1768499924.6071432,32.897
1768499924.7108865,43.741
1768499924.8129954,32.62
1768499924.9151797,46.566
1768499925.0213625,33.113
1768499925.1235702,43.176
1768499925.2257862,33.883
1768499925.3282256,41.133
1768499925.4304924,35.658
1768499925.5328023,39.656
1768499925.6350663,37.116
1768499925.7373545,36.525
1768499925.8397512,40.936
1768499925.9458122,33.587
1768499926.048049,44.429
1768499926.1503582,32.718
1768499926.2526379,47.549
1768499926.354878,33.31
1768499926.4571066,42.881
1768499926.5593143,34.593
1768499926.6616042,39.656
1768499926.7637982,36.546
1768499926.8660882,36.82
1768499926.9722733,40.838
1768499927.0746114,32.718
1768499927.1768913,42.757
1768499927.279273,34.278
1768499927.3816955,38.299
1768499927.4839323,39.36
1768499927.5865204,32.62
1768499927.6889138,46.003
1768499927.791118,32.817
1768499927.8933423,44.528
1768499928.0003157,33.212
1768499928.1025732,43.373
1768499928.2049265,34.08
1768499928.3085692,35.856
1768499928.4107816,45.315
1768499928.5132134,33.508
1768499928.6156073,31.83
1768499928.7178159,41.699
1768499928.8230078,35.264
1768499928.9252925,38.178
1768499929.0275776,37.806
1768499929.1298437,32.422
1768499929.2323973,32.916
1768499929.3349845,42.659
1768499929.437064,34.376
1768499929.5392103,40.05
1768499929.6412954,36.229
1768499929.7480361,35.145
1768499929.8504617,42.659
1768499929.9527671,32.817
1768499930.0550094,42.979
1768499930.1573305,34.771
1768499930.2595758,37.412
1768499930.36189,41.995
1768499930.4642186,32.718
1768499930.5666132,43.57
1768499930.6734014,33.982
1768499930.7757356,40.444
1768499930.8780851,35.856
1768499930.9803095,37.018
1768499931.082759,42.29
1768499931.1851633,32.718
1768499931.2875988,42.56
1768499931.3898547,34.179
1768499931.4976034,37.784
1768499931.5999036,44.652
1768499931.7021544,33.508
1768499931.8045695,42.684
1768499931.9069023,34.573
1768499932.0092888,40.125
1768499932.1116276,37.116
1768499932.2142482,37.313
1768499932.3205128,42.192
1768499932.4229736,32.62
1768499932.5252738,44.331
1768499932.6276324,33.212
1768499932.7302032,42.487
1768499932.832351,34.475
1768499932.9345088,40.05
1768499933.036806,35.933
1768499933.1390169,37.905
1768499933.2413428,40.148
1768499933.3463755,32.422
1768499933.4486089,43.642
1768499933.550834,33.705
1768499933.653601,35.461
1768499933.7571604,37.708
1768499933.8593056,39.853
1768499933.9616957,32.718
1768499934.063931,43.373
1768499934.1662252,34.771
1768499934.2707865,38.08
1768499934.3730693,41.527
1768499934.4754622,32.718
1768499934.5777192,43.865
1768499934.6801543,34.573
1768499934.7824097,39.459
1768499934.8847744,37.215
1768499934.9870555,37.434
1768499935.0893486,39.853
1768499935.1951137,32.521
1768499935.297437,47.282
1768499935.3996563,33.31
1768499935.501956,43.57
1768499935.6042025,34.573
1768499935.7066202,39.163
1768499935.8089135,37.51
1768499935.9111774,36.82
1768499936.0137343,41.428
1768499936.1197076,32.62
1768499936.2219732,44.357
1768499936.3243659,33.587
1768499936.426846,41.133
1768499936.52916,36.151
1768499936.6313672,38.572
1768499936.7337549,38.989
1768499936.836628,32.305
1768499936.9388838,45.583
1768499937.0445123,32.817
1768499937.1481688,42.881
1768499937.2504954,33.686
1768499937.3527489,40.986
1768499937.4550204,35.067
1768499937.5572574,37.609
1768499937.6595225,38.989
1768499937.7618234,33.31
1768499937.8690593,44.134
1768499937.9714022,32.817
1768499938.0738428,33.113
1768499938.1769514,43.078
1768499938.2791843,34.771
1768499938.3812246,38.769
1768499938.483429,38.572
1768499938.5857375,34.475
1768499938.687882,39.262
1768499938.7941086,37.532
1768499938.8963842,36.328
1768499938.998743,41.896
1768499939.101156,32.718
1768499939.2034447,44.554
1768499939.3056798,33.508
1768499939.4079196,41.699
1768499939.5102696,35.954
1768499939.6125226,37.905
1768499939.7189198,42.388
1768499939.8212216,32.718
1768499939.923848,43.497
1768499940.0261283,34.376
1768499940.1287107,39.459
1768499940.2309682,37.51
1768499940.333437,34.179
1768499940.4356744,45.61
1768499940.5379596,33.113
1768499940.6446245,43.668
1768499940.7471488,34.08
1768499940.8497365,41.231
1768499940.9522452,35.757
1768499941.054441,37.708
1768499941.156941,41.527
1768499941.259704,32.521
1768499941.3624954,44.724
1768499941.466343,33.606
1768499941.572352,40.444
1768499941.6745698,36.229
1768499941.7768302,37.708
1768499941.879098,40.148
1768499941.9812925,37.806
1768499942.0835695,32.718
1768499942.1857777,36.229
1768499942.2879264,37.905
1768499942.390028,36.328
1768499942.4930608,36.053
1768499942.5953264,35.954
1768499942.6975598,35.264
1768499942.799919,33.982
1768499942.9027777,33.804
1768499943.00482,33.784
1768499943.1070032,34.1
1768499943.2093363,34.475
1768499943.3114047,34.376
1768499943.4136524,34.672
1768499943.5196593,34.573
1768499943.6218822,34.376
1768499943.7241073,34.376
1768499943.8263397,34.672
1768499943.9285557,34.475
1768499944.0307999,34.573
1768499944.1330593,34.771
1768499944.2353277,34.672
1768499944.3376658,34.968
1768499944.4399033,36.349
1768499944.5457091,37.215
1768499944.6481004,39.777
1768499944.75036,33.014
1768499944.8526304,39.36
1768499944.95485,38.989
1768499945.0570896,32.323
1768499945.159268,46.397
1768499945.2615113,33.212
1768499945.36377,42.881
1768499945.4662018,35.067
1768499945.5723627,37.489
1768499945.6751306,39.58
1768499945.7775025,32.62
1768499945.8796966,45.315
1768499945.981902,33.489
1768499946.0881605,43.103
1768499946.19039,34.475
1768499946.299104,39.36
1768499946.4013255,36.842
1768499946.5035052,36.447
1768499946.605785,42.093
1768499946.7079582,32.521
1768499946.8101764,46.987
1768499946.9123476,33.113
1768499947.0146112,42.56
1768499947.121786,33.686
1768499947.2239888,34.968
1768499947.3262098,38.792
1768499947.4283345,40.148
1768499947.530523,32.916
1768499947.6327572,34.179
1768499947.7349098,43.15
1768499947.8370366,33.686
1768499947.9391596,41.699
1768499948.0412488,34.573
1768499948.146115,41.625
1768499948.248302,35.362
1768499948.3505905,37.51
1768499948.452878,38.769
1768499948.5550642,32.323
1768499948.6574094,38.693
1768499948.7596622,38.299
1768499948.8620126,32.323
1768499948.9642754,45.708
1768499949.066444,33.014
1768499949.1727417,42.979
1768499949.2749066,33.686
1768499949.377139,40.912
1768499949.479462,36.032
1768499949.5817206,37.412
1768499949.683978,41.601
1768499949.786216,32.62
1768499949.8884134,45.243
1768499949.9906192,33.784
1768499950.0979664,41.699
1768499950.200297,35.165
1768499950.3025372,38.89
1768499950.4048054,38.102
1768499950.506978,35.461
1768499950.6093044,43.176
1768499950.7123117,32.62
1768499950.8145127,44.652
1768499950.9168222,33.705
1768499951.0219042,39.656
1768499951.1241932,36.525
1768499951.2264202,37.609
1768499951.328768,39.383
1768499951.4310172,32.323
1768499951.533275,46.129
1768499951.63553,33.212
1768499951.7377915,43.57
1768499951.8401084,34.475
1768499951.9425607,38.277
1768499952.0471437,32.323
1768499952.150756,43.373
1768499952.252852,33.982
1768499952.3550138,40.148
1768499952.4571009,36.546
1768499952.5592458,37.828
1768499952.6614103,39.951
1768499952.763516,32.422
1768499952.865712,45.976
1768499952.9677954,33.113
1768499953.072392,43.373
1768499953.1745336,34.001
1768499953.2769146,42.216
1768499953.3791187,35.264
1768499953.4813812,37.708
1768499953.5835342,37.51
1768499953.6858113,36.546
1768499953.788015,41.527
1768499953.8903158,32.422
1768499953.9925842,43.544
1768499954.09789,32.718
1768499954.200067,43.937
1768499954.3022633,33.489
1768499954.4044278,41.921
1768499954.5066648,35.954
1768499954.6089714,36.722
1768499954.7112315,40.345
1768499954.8135211,34.179
1768499954.9157212,42.118
1768499955.0179815,32.521
1768499955.1247888,45.315
1768499955.2271366,32.718
1768499955.329849,43.497
1768499955.432052,33.883
1768499955.5342295,40.247
1768499955.637703,36.229
1768499955.7399058,37.39
1768499955.8422043,40.542
1768499955.9485514,32.422
1768499956.0507605,45.216
1768499956.1530037,32.817
1768499956.2551973,42.388
1768499956.3573906,33.784
1768499956.4596083,41.503
1768499956.5618775,35.757
1768499956.664204,37.631
1768499956.7665112,39.853
1768499956.8687253,32.422
1768499956.9744778,33.113
1768499957.0765703,43.373
1768499957.1786637,33.784
1768499957.280824,41.231
1768499957.3828983,35.362
1768499957.4849772,38.693
1768499957.5871286,38.003
1768499957.6892767,36.525
1768499957.7914486,41.133
1768499957.8935173,32.521
1768499957.9993458,47.479
1768499958.1015756,33.31
1768499958.203744,39.087
1768499958.306061,37.116
1768499958.408291,36.032
1768499958.5104697,42.684
1768499958.6127222,36.645
1768499958.714975,36.525
1768499958.8172622,41.995
1768499958.9194987,32.718
1768499959.0258403,46.03
1768499959.128117,33.31
1768499959.2303793,43.373
1768499959.332529,33.883
1768499959.434807,40.05
1768499959.5371985,35.856
1768499959.6394198,37.686
1768499959.7417839,40.247
1768499959.8440888,32.521
1768499959.9510477,47.872
1768499960.0533965,32.916
1768499960.1555696,42.684
1768499960.2577488,33.606
1768499960.361287,41.601
1768499960.4635427,34.968
1768499960.56578,40.05
1768499960.6681342,35.954
1768499960.7705367,37.489
1768499960.8756053,39.383
1768499960.9778419,32.422
1768499961.0800831,42.388
1768499961.1823826,32.62
1768499961.2847238,47.254
1768499961.3870068,33.113
1768499961.4892075,42.56
1768499961.5914767,34.771
1768499961.6936686,38.693
1768499961.795875,37.609
1768499961.9004388,44.357
1768499962.0037732,32.817
1768499962.105851,42.388
1768499962.2082968,36.151
1768499962.3103936,38.003
1768499962.4125986,39.876
1768499962.5146658,33.784
1768499962.6167274,42.881
1768499962.7189457,32.817
1768499962.8210604,45.341
1768499962.9275532,33.705
1768499963.029759,42.487
1768499963.1321983,35.165
1768499963.2344449,38.595
1768499963.3367596,38.966
1768499963.4390929,32.422
1768499963.541527,46.003
1768499963.6437294,33.014
1768499963.74609,43.471
1768499963.8512592,34.179
1768499963.9535182,40.739
1768499964.0558493,36.722
1768499964.1581938,36.919
1768499964.260586,40.641
1768499964.3628395,32.521
1768499964.464999,47.479
1768499964.5671644,33.014
1768499964.6694314,42.487
1768499964.7717261,34.475
1768499964.8776581,39.284
1768499964.9800103,37.51
1768499965.0823934,37.095
1768499965.1861064,40.861
1768499965.2883453,32.422
1768499965.390537,45.341
1768499965.4928257,32.817
1768499965.5950873,45.413
1768499965.697528,33.508
1768499965.8025331,40.247
1768499965.9048789,35.954
1768499966.007158,37.116
1768499966.1094415,40.936
1768499966.2116952,32.521
1768499966.3140075,46.467
1768499966.4162846,33.31
1768499966.5185685,40.739
1768499966.6208537,36.053
1768499966.7270184,42.855
1768499966.830366,33.014
1768499966.9325202,43.668
1768499967.0346422,34.573
1768499967.136819,38.595
1768499967.239103,37.905
1768499967.3412147,32.323
1768499967.4433563,44.626
1768499967.5454934,33.606
1768499967.6517026,40.739
1768499967.7541215,36.151
1768499967.8563766,37.39
1768499967.958878,40.27
1768499968.0611582,32.521
1768499968.1635695,46.467
1768499968.2660527,33.508
1768499968.3684127,42.709
1768499968.4706059,35.264
1768499968.5767376,32.027
1768499968.6791172,41.822
1768499968.7814927,35.856
1768499968.8839052,37.762
1768499968.9862497,38.595
1768499969.0884998,36.426
1768499969.1906996,42.118
1768499969.2929437,32.62
1768499969.3951817,47.184
1768499969.4974546,33.409
1768499969.603895,43.471
1768499969.706186,34.278
1768499969.8083515,40.518
1768499969.9117491,35.264
1768499970.0139475,39.951
1768499970.1161313,36.328
1768499970.2185347,38.89
1768499970.3208487,37.532
1768499970.4280324,37.018
1768499970.5302236,41.231
1768499970.6324573,32.62
1768499970.73467,44.16
1768499970.836973,33.212
1768499970.9391701,43.668
1768499971.04133,33.784
1768499971.143529,40.912
1768499971.2457693,38.595
1768499971.3533087,38.595
1768499971.455582,34.771
1768499971.5578268,44.528
1768499971.6600227,32.817
1768499971.762244,43.274
1768499971.8644338,33.508
1768499971.966645,34.1
1768499972.0688255,33.31
1768499972.1710455,32.817
1768499972.275221,37.806
1768499972.377371,36.94
1768499972.4794745,36.328
1768499972.581682,34.475
1768499972.683813,33.31
1768499972.7860806,32.817
1768499972.8881664,37.806
1768499972.9902945,36.032
1768499973.092388,34.771
1768499973.1944818,33.489
1768499973.2983298,32.817
1768499973.4005039,35.461
1768499973.5025764,38.003
1768499973.604663,36.328
1768499973.706794,34.771
1768499973.8089333,33.606
1768499973.911102,33.409
1768499974.0140145,33.31
1768499974.1162355,33.409
1768499974.2183535,33.883
1768499974.3206074,34.179
1768499974.4354093,35.165
1768499974.537904,40.345
1768499974.6401057,39.656
1768499974.7426534,32.817
1768499974.8448567,40.838
1768499974.9512196,35.856
1768499975.053528,36.82
1768499975.155823,41.306
1768499975.2580414,32.521
1768499975.3602135,46.959
1768499975.4623785,33.113
1768499975.565002,42.019
1768499975.6674,38.42
1768499975.7700915,39.383
1768499975.8755386,32.521
1768499975.9778917,44.501
1768499976.080255,33.489
1768499976.182534,41.478
1768499976.2847493,35.264
1768499976.387187,38.451
1768499976.489408,38.769
1768499976.591622,34.001
1768499976.6940055,44.259
1768499976.800584,32.916
1768499976.902806,43.989
1768499977.005153,34.573
1768499977.1073954,39.163
1768499977.209693,38.102
1768499977.3119495,33.883
1768499977.4143417,47.647
1768499977.516617,33.291
1768499977.6188781,42.881
1768499977.7243125,36.053
1768499977.826544,37.292
1768499977.9288187,41.428
1768499978.0311756,32.422
1768499978.1334121,46.2
1768499978.2362556,33.113
1768499978.3385317,38.868
1768499978.4407053,38.792
1768499978.5434203,32.521
1768499978.649548,36.94
1768499978.7517657,44.259
1768499978.8540308,32.62
1768499978.956415,41.085
1768499979.0591004,35.757
1768499979.1613605,36.546
1768499979.2637503,40.936
1768499979.3661566,32.422
1768499979.468505,45.834
1768499979.5707881,33.587
1768499979.676277,40.148
1768499979.7786512,36.82
1768499979.8810174,37.018
1768499979.9833019,41.527
1768499980.0855155,32.521
1768499980.1877737,47.675
1768499980.2900264,33.014
1768499980.3924005,33.902
1768499980.4949145,37.51
1768499980.6006846,43.57
1768499980.7027726,32.62
1768499980.8050394,43.642
1768499980.9072554,33.31
1768499981.00955,42.782
1768499981.1117742,34.179
1768499981.214067,42.118
1768499981.3162262,34.968
1768499981.4184973,39.163
1768499981.5209029,37.313
1768499981.6258974,36.645
1768499981.72812,42.388
1768499981.8303409,32.62
1768499981.932508,47.479
1768499982.0347698,33.014
1768499982.1370459,43.078
1768499982.2392092,34.869
1768499982.3414106,39.656
1768499982.4435966,37.116
1768499982.5458004,36.426
1768499982.6519806,43.373
1768499982.7542832,32.422
1768499982.8564363,47.155
1768499982.9589126,32.916
1768499983.0610943,43.668
1768499983.1633294,33.31
1768499983.2655506,42.979
1768499983.3681498,33.982
1768499983.4702396,42.192
1768499983.5777416,35.165
1768499983.6799374,39.36
1768499983.782156,37.708
1768499983.884294,36.82
1768499983.9865334,40.542
1768499984.0887334,32.718
1768499984.1910176,44.285
1768499984.2931957,32.62
1768499984.39544,45.511
1768499984.501699,33.31
1768499984.6039467,43.471
1768499984.7061017,34.573
1768499984.808418,40.542
1768499984.910629,36.25
1768499985.0128748,37.609
1768499985.1151304,35.165
1768499985.2183797,43.642
1768499985.320655,32.817
1768499985.4262931,43.668
1768499985.5286448,34.376
1768499985.6308954,39.754
1768499985.7331269,36.229
1768499985.835348,37.806
1768499985.937699,39.777
1768499986.0401068,35.067
1768499986.142385,42.881
1768499986.244777,32.718
1768499986.3470209,45.315
1768499986.453677,33.902
1768499986.55635,41.625
1768499986.6585767,35.856
1768499986.7609384,38.299
1768499986.8633113,38.989
1768499986.9656317,32.323
1768499987.0679877,45.145
1768499987.1703584,32.718
1768499987.2727504,43.373
1768499987.378286,33.883
1768499987.4806333,41.231
1768499987.5829268,36.053
1768499987.6855342,37.708
1768499987.7877655,38.178
1768499987.89,34.475
1768499987.9922273,45.216
1768499988.0945165,32.718
1768499988.1967409,45.216
1768499988.3006315,33.31
1768499988.4060433,37.018
1768499988.508314,43.176
1768499988.6106794,33.113
1768499988.7129061,36.94
1768499988.8152092,42.315
1768499988.917456,32.521
1768499989.0197124,43.963
1768499989.1220407,33.508
1768499989.2243686,40.641
1768499989.3310206,36.229
1768499989.433283,36.426
1768499989.5356338,46.298
1768499989.638048,33.014
1768499989.7403755,42.684
1768499989.8427744,41.231
1768499989.945103,35.835
1768499990.0471897,38.42
1768499990.1492815,38.397
1768499990.2554073,32.323
1768499990.3576663,46.102
1768499990.4599764,33.014
1768499990.562255,42.881
1768499990.6646059,35.362
1768499990.7669332,38.989
1768499990.8693302,37.806
1768499990.9715552,37.609
1768499991.0739777,40.936
1768499991.179415,32.422
1768499991.2819366,45.189
1768499991.3843007,32.817
1768499991.486552,43.446
1768499991.5889428,33.489
1768499991.6913211,41.207
1768499991.793554,35.658
1768499991.8957686,38.792
1768499991.9980068,37.905
1768499992.105008,36.525
1768499992.207312,42.61
1768499992.3095174,32.521
1768499992.4119565,44.921
1768499992.5164468,33.31
1768499992.6186576,41.822
1768499992.7209752,35.56
1768499992.8237636,38.003
1768499992.9296172,40.247
1768499993.0318816,32.521
1768499993.134168,46.79
1768499993.2364593,33.113
1768499993.3387175,41.601
1768499993.4412081,35.165
1768499993.5434668,38.496
1768499993.6457343,37.806
1768499993.747992,36.546
1768499993.8550985,43.446
1768499993.957321,32.718
1768499994.059586,43.471
1768499994.1621368,37.905
1768499994.2645798,44.921
1768499994.367181,33.409
1768499994.4693327,41.133
1768499994.5714207,35.658
1768499994.6735313,37.806
1768499994.7796242,39.557
1768499994.881849,32.62
1768499994.9840767,46.243
1768499995.086335,33.113
1768499995.1885514,41.896
1768499995.2909002,34.869
1768499995.3932552,37.686
1768499995.4954863,38.966
1768499995.5978186,32.323
1768499995.704438,46.987
1768499995.8067281,33.113
1768499995.9090369,43.57
1768499996.011325,33.784
1768499996.113573,43.373
1768499996.2158217,34.376
1768499996.318096,41.428
1768499996.4203494,35.362
1768499996.5225742,37.116
1768499996.6289299,41.625
1768499996.731328,32.521
1768499996.8337078,47.647
1768499996.9364667,33.014
1768499997.0388443,43.249
1768499997.1414685,33.883
1768499997.2436469,41.503
1768499997.3463507,34.968
1768499997.4537425,38.025
1768499997.5560064,38.792
1768499997.6583588,34.179
1768499997.7606027,45.806
1768499997.8629909,32.718
1768499997.9652772,43.347
1768499998.0675075,33.883
1768499998.1697948,40.321
1768499998.27224,35.736
1768499998.3774755,32.323
1768499998.4797924,45.905
1768499998.582327,32.916
1768499998.6846056,36.349
1768499998.7869706,32.521
1768499998.8896348,45.091
1768499998.9917853,32.817
1768499999.0939932,44.626
1768499999.1961346,33.193
1768499999.2982314,43.15
1768499999.404115,34.179
1768499999.5063622,40.369
1768499999.608708,36.525
1768499999.71093,36.525
1768499999.8131957,41.896
1768499999.915379,32.521
1768500000.017698,46.888
1768500000.1200583,32.916
1768500000.2222908,42.881
1768500000.328565,33.686
1768500000.430869,40.223
1768500000.5331533,36.623
1768500000.63538,36.722
1768500000.737709,43.373
1768500000.840074,32.916
1768500000.9424624,43.57
1768500001.0447395,33.883
1768500001.1469243,40.936
1768500001.252337,35.362
1768500001.354972,37.806
1768500001.4571965,38.989
1768500001.559495,32.323
1768500001.6617641,46.102
1768500001.7644699,33.014
1768500001.8668413,37.313
1768500001.969266,33.804
1768500002.0714757,33.113
1768500002.1755419,35.145
1768500002.277754,38.003
1768500002.3799906,36.151
1768500002.4822855,34.771
1768500002.5844707,34.08
1768500002.6866527,33.212
1768500002.7887843,32.718
1768500002.8910544,35.736
1768500002.9933562,36.328
1768500003.0956867,37.412
1768500003.2018096,37.905
1768500003.3039346,37.806
1768500003.4060116,37.51
1768500003.5083983,36.94
1768500003.6116912,36.82
1768500003.71387,36.151
1768500003.8161714,35.856
1768500003.918294,35.461
1768500004.0204864,35.56
1768500004.1226277,35.362
1768500004.227547,35.56
1768500004.3298233,35.461
1768500004.4320745,40.641
1768500004.5343776,38.792
1768500004.63655,32.62
1768500004.7387795,42.388
1768500004.8410509,35.264
1768500004.943395,39.087
1768500005.0456128,37.51
1768500005.147958,36.919
1768500005.2532787,42.29
1768500005.3555026,32.718
1768500005.458174,43.544
1768500005.5603905,33.606
1768500005.6630814,42.118
1768500005.7653198,35.362
1768500005.8678968,38.474
1768500005.9702034,41.231
1768500006.0728514,32.62
1768500006.1799223,43.274
1768500006.2821162,34.376
1768500006.3869448,39.186
1768500006.490467,37.905
1768500006.5928774,32.225
1768500006.6951427,45.216
1768500006.8028336,33.212
1768500006.905194,43.15
1768500007.0075402,34.376
1768500007.1097088,40.641
1768500007.211983,36.722
1768500007.314132,36.426
1768500007.41643,42.388
1768500007.519172,32.62
1768500007.6214538,44.036
1768500007.7272968,33.489
1768500007.829553,42.019
1768500007.931811,38.966
1768500008.0342708,37.905
1768500008.136377,36.842
1768500008.2384262,46.762
1768500008.3406215,33.113
1768500008.4426713,43.373
1768500008.5448518,38.693
1768500008.6523821,33.212
1768500008.7545803,43.57
1768500008.8568275,34.475
1768500008.9590845,39.284
1768500009.0614204,37.609
1768500009.1637518,37.883
1768500009.266031,39.163
1768500009.3683872,36.94
1768500009.4707403,42.684
1768500009.5762029,32.718
1768500009.678387,44.456
1768500009.7807362,33.508
1768500009.8830638,43.176
1768500009.9853942,34.376
1768500010.087789,40.247
1768500010.1900458,35.658
1768500010.2924724,38.572
1768500010.3953207,37.51
1768500010.5026119,36.722
1768500010.6049004,45.019
1768500010.707926,32.718
1768500010.810235,44.528
1768500010.912534,33.508
1768500011.0147674,42.29
1768500011.1170106,35.539
1768500011.2192461,38.474
1768500011.321507,38.989
1768500011.4273474,33.489
1768500011.5295444,46.495
1768500011.6318305,33.212
1768500011.734261,41.896
1768500011.8366659,35.658
1768500011.9389665,37.905
1768500012.0412724,41.798
1768500012.143698,32.916
1768500012.246091,43.103
1768500012.3518825,34.771
1768500012.4541092,38.003
1768500012.5573804,36.525
1768500012.659515,43.937
1768500012.7617342,32.718
1768500012.863964,42.487
1768500012.9663773,33.883
1768500013.068514,39.777
1768500013.1707335,37.215
1768500013.276367,36.645
1768500013.378721,42.118
1768500013.4810457,32.62
1768500013.5835793,38.693
1768500013.6859097,44.233
1768500013.7881598,33.883
1768500013.890463,39.459
1768500013.992725,37.313
1768500014.094942,37.708
1768500014.2014923,39.262
1768500014.3037288,35.264
1768500014.4059207,42.093
1768500014.5082216,32.916
1768500014.6104743,43.274
1768500014.7128491,34.08
1768500014.8155355,42.118
1768500014.9177215,35.165
1768500015.019945,39.534
1768500015.1262949,36.743
1768500015.2288036,38.397
1768500015.331419,38.792
1768500015.4336371,36.328
1768500015.5359006,43.471
1768500015.6389287,32.817
1768500015.741199,43.544
1768500015.8435688,33.804
1768500015.9458432,41.428
1768500016.0511632,41.33
1768500016.1535113,33.982
1768500016.2557273,32.225
1768500016.3579428,43.373
1768500016.460161,33.508
1768500016.562391,42.29
1768500016.6647766,35.067
1768500016.7670045,39.065
1768500016.8692927,37.412
1768500016.9714682,37.116
1768500017.0784,32.404
1768500017.1815827,43.668
1768500017.2836764,32.62
1768500017.3857763,48.04
1768500017.4879458,33.212
1768500017.590086,42.684
1768500017.6922472,34.376
1768500017.794382,40.641
1768500017.8966043,35.954
1768500018.001993,38.792
1768500018.104468,38.89
1768500018.2066293,35.342
1768500018.3090022,43.544
1768500018.4112659,32.817
1768500018.513428,43.668
1768500018.6156764,38.671
1768500018.7179458,36.645
1768500018.8203764,42.979
1768500018.9226449,32.62
1768500019.028285,47.605
1768500019.13062,33.014
1768500019.2329702,42.29
1768500019.335272,33.705
1768500019.4374607,43.052
1768500019.5397716,34.475
1768500019.6419795,39.163
1768500019.744229,37.905
1768500019.8464289,36.645
1768500019.9523797,42.782
1768500020.0638242,32.521
1768500020.1660218,46.397
1768500020.2683332,33.606
1768500020.3705146,38.966
1768500020.476758,38.89
1768500020.5789595,32.62
1768500020.6812615,43.963
1768500020.7834966,33.489
1768500020.8857007,41.207
1768500020.9879646,34.869
1768500021.090234,39.482
1768500021.192461,37.236
1768500021.2946491,35.264
1768500021.3968098,42.388
1768500021.5032537,40.838
1768500021.6053028,36.919
1768500021.7073717,37.039
1768500021.8094811,39.754
1768500021.9115555,32.422
1768500022.013652,45.145
1768500022.115767,32.916
1768500022.2179098,42.56
1768500022.3200538,33.686
1768500022.4223425,40.763
1768500022.5285401,37.215
1768500022.6307058,35.165
1768500022.7330074,45.046
1768500022.8352492,32.916
1768500022.9374192,42.56
1768500023.0396206,33.686
1768500023.1419537,42.585
1768500023.244256,35.165
1768500023.3465807,37.412
1768500023.4528253,39.754
1768500023.555178,32.521
1768500023.657378,48.04
1768500023.7596998,33.212
1768500023.862447,43.767
1768500023.9647462,34.376
1768500024.066965,38.868
1768500024.1692448,37.905
1768500024.271521,33.686
1768500024.3774297,46.888
1768500024.4798198,33.212
1768500024.583208,43.57
1768500024.6854248,34.475
1768500024.7877307,39.065
1768500024.890069,36.525
1768500024.9924173,35.736
1768500025.0947194,40.936
1768500025.1970496,32.521
1768500025.3017392,45.511
1768500025.404043,33.014
1768500025.5062995,42.807
1768500025.6086164,34.08
1768500025.7108395,38.769
1768500025.813199,36.82
1768500025.9155445,36.82
1768500026.0178337,40.936
1768500026.1200817,32.62
1768500026.2222848,45.905
1768500026.327393,42.56
1768500026.4297853,34.278
1768500026.5319843,39.065
1768500026.63433,36.722
1768500026.7365623,38.003
1768500026.838736,38.89
1768500026.9408507,35.342
1768500027.0429351,41.207
1768500027.1451929,32.521
1768500027.2473116,44.429
1768500027.3536997,32.916
1768500027.4558995,41.38
1768500027.558418,35.264
1768500027.660656,37.51
1768500027.7629638,39.853
1768500027.865297,35.835
1768500027.967593,41.404
1768500028.0699298,32.62
1768500028.1723707,46.861
1768500028.2775357,33.212
1768500028.3798413,42.29
1768500028.4820092,33.587
1768500028.5844042,31.929
1768500028.6866257,42.881
1768500028.7888906,33.606
1768500028.8910687,43.373
1768500028.9933422,34.179
1768500029.0996795,42.118
1768500029.2035732,35.165
1768500029.3058505,40.172
1768500029.4088545,35.757
1768500029.511112,39.186
1768500029.6133072,37.215
1768500029.7155151,36.525
1768500029.8177688,42.585
1768500029.920149,32.62
1768500030.022517,47.085
1768500030.1289737,33.014
1768500030.2312262,44.456
1768500030.3335118,33.39
1768500030.4357378,43.544
1768500030.5379674,34.08
1768500030.6401963,40.641
1768500030.74241,35.56
1768500030.8446584,38.868
1768500030.9469,37.313
1768500031.053191,40.542
1768500031.1552875,36.525
1768500031.257425,41.527
1768500031.3594737,32.62
1768500031.4615371,46.861
1768500031.563753,33.31
1768500031.6659083,43.052
1768500031.767999,35.856
1768500031.8701143,33.982
1768500031.972163,33.31
1768500032.0743396,32.817
1768500032.177423,37.806
1768500032.2795157,36.743
1768500032.3817008,34.968
1768500032.4839513,33.587
1768500032.5861259,33.212
1768500032.68833,33.014
1768500032.7904599,34.869
1768500032.8928506,36.151
1768500032.9950185,37.215
1768500033.0971518,37.412
1768500033.2014058,36.349
1768500033.303568,35.856
1768500033.4057329,35.264
1768500033.5084789,34.869
1768500033.6107128,35.165
1768500033.7129037,35.165
1768500033.815132,35.461
1768500033.9213364,35.067
1768500034.0235245,35.165
1768500034.1296818,35.362
1768500034.231968,35.264
1768500034.334467,35.658
1768500034.4369378,34.573
1768500034.5394866,33.212
1768500034.6417732,41.822
1768500034.7440581,35.264
1768500034.8463726,35.736
1768500034.948979,44.403
1768500035.0548728,33.489
1768500035.1572971,40.247
1768500035.2596493,36.722
1768500035.3622205,37.313
1768500035.4644525,40.838
1768500035.5670328,32.718
1768500035.6694484,43.373
1768500035.771991,33.784
1768500035.8742971,35.165
1768500035.982026,37.236
1768500036.0841634,39.065
1768500036.186326,35.264
1768500036.2884274,42.019
1768500036.390587,32.62
1768500036.4927607,45.288
1768500036.5949533,33.508
1768500036.6970801,41.822
1768500036.799377,34.968
1768500036.9043446,38.474
1768500037.006645,38.989
1768500037.1090083,32.323
1768500037.2112908,42.512
1768500037.3135986,32.916
1768500037.4157727,46.762
1768500037.5180035,33.409
1768500037.6202478,40.495
1768500037.7225485,35.954
1768500037.824815,36.447
1768500037.93129,44.357
1768500038.0336666,32.817
1768500038.1359975,42.979
1768500038.238278,33.784
1768500038.3409803,39.186
1768500038.4433172,36.82
1768500038.5466895,34.179
1768500038.6489732,41.034
1768500038.754637,35.757
1768500038.8568745,37.883
1768500038.9591277,38.572
1768500039.0613537,32.422
1768500039.1636152,46.074
1768500039.265856,32.916
1768500039.3682337,43.3
1768500039.4705064,33.686
1768500039.572856,41.428
1768500039.6751213,35.461
1768500039.7800288,37.51
1768500039.8823588,37.609
1768500039.984663,32.225
1768500040.0869691,44.626
1768500040.1893382,33.705
1768500040.2915413,42.979
1768500040.3938513,34.376
1768500040.4961195,41.133
1768500040.5984373,37.708
1768500040.705334,38.89
1768500040.8076203,36.25
1768500040.9098332,43.57
1768500041.0121107,32.817
1768500041.1144307,43.274
1768500041.216691,33.686
1768500041.3190336,41.306
1768500041.4212656,35.56
1768500041.5234754,37.018
1768500041.6309085,41.527
1768500041.733215,32.521
1768500041.8355024,46.987
1768500041.9380186,32.916
1768500042.040315,43.176
1768500042.1424594,33.982
1768500042.2448852,40.542
1768500042.3471158,36.349
1768500042.4494,38.2
1768500042.5566258,38.671
1768500042.6588838,35.067
1768500042.7615964,45.905
1768500042.863891,34.573
1768500042.9664612,35.933
1768500043.0699706,44.036
1768500043.1721966,32.521
1768500043.2744212,47.675
1768500043.3803673,32.916
1768500043.4825823,42.56
1768500043.5847216,33.883
1768500043.6870787,39.087
1768500043.7894413,37.236
1768500043.8916316,36.743
1768500043.9939313,40.936
1768500044.096106,32.422
1768500044.198372,45.019
1768500044.3043373,32.718
1768500044.4065886,44.921
1768500044.5087872,33.409
1768500044.6110442,42.462
1768500044.71339,34.08
1768500044.815659,32.404
1768500044.9179502,46.664
1768500045.0202754,41.921
1768500045.1234937,36.053
1768500045.2297184,36.525
1768500045.332007,40.715
1768500045.434376,32.521
1768500045.5369008,45.905
1768500045.6391413,33.113
1768500045.7414882,42.192
1768500045.8437748,34.771
1768500045.9462948,39.065
1768500046.0485604,37.412
1768500046.1534545,37.39
1768500046.2557573,41.404
1768500046.3580093,32.521
1768500046.4602795,46.298
1768500046.5626042,33.212
1768500046.6648898,41.306
1768500046.7670991,34.968
1768500046.8693569,37.489
1768500046.9716966,42.388
1768500047.0739825,32.521
1768500047.1802363,42.659
1768500047.282611,33.508
1768500047.3849502,43.274
1768500047.4872503,34.475
1768500047.5905004,39.163
1768500047.6928215,38.299
1768500047.7951372,36.328
1768500047.8973386,42.881
1768500048.0044339,32.422
1768500048.1066775,46.692
1768500048.2088537,33.014
1768500048.3110964,38.299
1768500048.4132707,38.572
1768500048.5155241,33.784
1768500048.6178343,36.701
1768500048.720034,40.763
1768500048.8222187,32.422
1768500048.928135,46.762
1768500049.0303643,33.014
1768500049.1326563,43.176
1768500049.2348816,33.804
1768500049.3371718,43.471
1768500049.439356,34.475
1768500049.5416102,41.798
1768500049.6438417,37.631
1768500049.7460787,41.503
1768500049.848246,32.62
1768500049.9531975,44.554
1768500050.0553339,33.606
1768500050.1574929,40.838
1768500050.2597077,35.264
1768500050.361931,38.102
1768500050.4642608,39.065
1768500050.5664172,32.323
1768500050.6687524,46.495
1768500050.7709403,33.409
1768500050.8731954,42.881
1768500050.9796848,34.869
1768500051.0820365,39.36
1768500051.184199,37.412
1768500051.2863817,36.743
1768500051.388618,42.192
1768500051.490886,32.521
1768500051.593066,45.216
1768500051.6953125,33.409
1768500051.7981327,43.347
1768500051.9030821,34.672
1768500052.0058508,39.482
1768500052.10807,36.623
1768500052.2106485,37.215
1768500052.312876,40.148
1768500052.415149,32.323
1768500052.5174694,46.987
1768500052.6196747,32.916
1768500052.721836,42.855
1768500052.8241193,33.982
1768500052.929714,40.739
1768500053.0318851,35.933
1768500053.1341052,37.215
1768500053.2363257,40.345
1768500053.3385293,32.422
1768500053.4407475,47.872
1768500053.542934,33.113
1768500053.64517,42.881
1768500053.7473843,34.672
1768500053.8536015,40.148
1768500053.9559186,36.151
1768500054.0581656,37.708
1768500054.1604433,38.397
1768500054.2628052,36.82
1768500054.3651419,41.601
1768500054.4673452,46.271
1768500054.5695698,33.113
1768500054.6716957,42.782
1768500054.7739165,34.179
1768500054.8784547,40.641
1768500054.9807231,36.131
1768500055.082998,38.102
1768500055.1852465,38.769
1768500055.2875116,36.426
1768500055.3897853,42.881
1768500055.4920895,32.718
1768500055.594285,38.299
1768500055.6965902,40.27
1768500055.7989042,32.422
1768500055.9052496,45.806
1768500056.0076053,33.113
1768500056.109877,43.767
1768500056.2121103,34.475
1768500056.3144515,40.912
1768500056.4167194,35.835
1768500056.518895,36.722
1768500056.6215987,41.33
1768500056.7238853,32.62
1768500056.8303006,46.369
1768500056.9325855,33.113
1768500057.0356336,43.668
1768500057.1379607,34.179
1768500057.240262,39.163
1768500057.3425179,37.116
1768500057.4446955,37.51
1768500057.5469847,39.777
1768500057.6536937,32.422
1768500057.7559543,45.637
1768500057.858185,33.113
1768500057.960579,43.078
1768500058.0628974,33.982
1768500058.165117,40.148
1768500058.2674894,36.328
1768500058.3698056,36.722
1768500058.472124,39.951
1768500058.5783436,32.422
1768500058.6807814,37.806
1768500058.7829945,41.625
1768500058.8852057,32.521
1768500058.9874232,47.577
1768500059.0896242,43.373
1768500059.1920273,33.686
1768500059.294241,42.388
1768500059.3964357,34.672
1768500059.502582,40.247
1768500059.6048863,36.546
1768500059.7070754,37.39
1768500059.809278,40.345
1768500059.9114237,33.587
1768500060.013591,43.57
1768500060.1158183,32.62
1768500060.218082,46.172
1768500060.3202436,32.718
1768500060.4224253,43.741
1768500060.527624,33.409
1768500060.6298277,43.668
1768500060.7320194,34.771
1768500060.8341978,39.436
1768500060.9363883,36.546
1768500061.0385728,37.883
1768500061.1407473,38.989
1768500061.243086,36.722
1768500061.345302,41.699
1768500061.44763,32.422
1768500061.5535355,42.019
1768500061.6558459,36.623
1768500061.7581031,37.489
1768500061.8634212,37.51
1768500061.9655578,35.835
1768500062.0677123,34.475
1768500062.169958,33.489
1768500062.2721066,32.718
1768500062.3749607,36.525
1768500062.477089,37.806
1768500062.579227,36.525
1768500062.6814582,35.362
1768500062.783641,34.475
1768500062.8858202,33.606
1768500062.9880202,33.113
1768500063.0901713,32.817
1768500063.192439,32.916
1768500063.294743,32.62
1768500063.396952,32.62
1768500063.4993742,32.422
1768500063.6046276,32.62
1768500063.7069814,32.718
1768500063.809325,33.113
1768500063.9116564,33.212
1768500064.0139763,33.212
1768500064.1164176,33.508
1768500064.2188797,34.869
1768500064.3210073,33.587
1768500064.4231806,38.2
1768500064.5255609,45.243
1768500064.6327093,33.508
1768500064.7352393,38.2
1768500064.837486,38.693
1768500064.9397607,32.323
1768500065.0419586,44.331
1768500065.144403,32.916
1768500065.2468922,42.167
1768500065.349203,33.784
1768500065.4513772,41.428
1768500065.553723,36.426
1768500065.6592484,36.722
1768500065.7616334,41.527
1768500065.8638873,32.422
1768500065.96623,46.397
1768500066.0684876,33.409
1768500066.1707776,42.192
1768500066.2729928,34.968
1768500066.375235,39.262
1768500066.4777033,37.215
1768500066.5799184,37.708
1768500066.6852322,41.428
1768500066.787472,32.62
1768500066.889768,44.429
1768500066.9927173,33.212
1768500067.095011,43.446
1768500067.1976693,34.573
1768500067.3000753,40.247
1768500067.4023519,36.722
1768500067.5092616,33.193
1768500067.611534,46.861
1768500067.7137947,33.113
1768500067.8160858,42.906
1768500067.9185455,34.672
1768500068.020796,39.58
1768500068.1230881,36.645
1768500068.2253072,38.003
1768500068.3276541,45.637
1768500068.435076,33.113
1768500068.5376873,42.019
1768500068.6414618,33.31
1768500068.7443852,43.201
1768500068.846535,34.771
1768500068.9486966,39.482
1768500069.050778,36.82
1768500069.1532202,37.215
1768500069.258421,39.656
1768500069.3606348,33.489
1768500069.4629319,45.216
1768500069.5651615,32.817
1768500069.6673388,44.724
1768500069.7695408,33.686
1768500069.8718517,42.807
1768500069.9740374,34.869
1768500070.0762415,40.345
1768500070.178405,35.954
1768500070.2831092,38.868
1768500070.3852985,37.215
1768500070.4875643,37.609
1768500070.5897312,39.262
1768500070.6925704,36.131
1768500070.7947397,42.757
1768500070.897001,32.62
1768500070.9992156,45.976
1768500071.1014738,33.113
1768500071.20376,43.078
1768500071.3087287,34.475
1768500071.412197,38.943
1768500071.5145416,37.609
1768500071.6168404,36.426
1768500071.7191052,42.782
1768500071.821587,32.718
1768500071.9239163,45.315
1768500072.026127,33.508
1768500072.1284,42.684
1768500072.234352,34.475
1768500072.3367412,38.966
1768500072.4389052,37.412
1768500072.541279,37.018
1768500072.6434946,41.034
1768500072.7458215,32.521
1768500072.8480291,46.397
1768500072.9501886,33.113
1768500073.0525043,43.446
1768500073.1582851,34.001
1768500073.260549,41.231
1768500073.3627598,38.671
1768500073.4659116,37.905
1768500073.567947,37.236
1768500073.6701164,40.223
1768500073.7721562,32.422
1768500073.8742895,46.074
1768500073.9763699,33.113
1768500074.081932,43.373
1768500074.1840925,33.686
1768500074.2863448,42.684
1768500074.3885446,34.179
1768500074.4908185,40.42
1768500074.5930262,36.349
1768500074.695371,38.2
1768500074.7975764,38.595
1768500074.8998518,36.623
1768500075.002196,42.093
1768500075.1072958,32.62
1768500075.2096272,45.976
1768500075.3118453,33.113
1768500075.4140153,43.176
1768500075.5161898,33.686
1768500075.618471,41.724
1768500075.7207153,35.856
1768500075.8229785,37.587
1768500075.9286487,40.838
1768500076.034206,32.422
1768500076.1376076,47.872
1768500076.2398314,32.916
1768500076.3421245,43.103
1768500076.4446106,33.883
1768500076.547077,32.225
1768500076.6493194,41.01
1768500076.7515187,35.56
1768500076.8587043,37.116
1768500076.9609358,41.503
1768500077.063207,32.62
1768500077.165424,44.16
1768500077.267699,33.508
1768500077.3699415,42.192
1768500077.4722025,35.264
1768500077.5744193,37.489
1768500077.6766973,40.444
1768500077.781927,32.422
1768500077.8841472,45.019
1768500077.9864087,43.004
1768500078.0890594,34.771
1768500078.1910753,39.876
1768500078.2931979,36.525
1768500078.3954463,36.82
1768500078.497588,43.446
1768500078.600029,38.496
1768500078.7022305,32.422
1768500078.8070173,45.905
1768500078.9093747,33.409
1768500079.0116405,41.01
1768500079.1140873,35.56
1768500079.2164133,39.012
1768500079.31875,38.89
1768500079.4209912,33.705
1768500079.5233674,46.664
1768500079.6257546,33.39
1768500079.7329113,39.459
1768500079.8353877,37.883
1768500079.9376934,36.623
1768500080.0400517,44.259
1768500080.1427462,33.014
1768500080.245037,42.906
1768500080.3507893,36.131
1768500080.4601727,33.587
1768500080.5624175,47.675
1768500080.6646369,33.113
1768500080.7669055,42.093
1768500080.8691647,34.573
1768500080.9715323,39.262
1768500081.0737765,37.116
1768500081.176085,36.82
1768500081.2813041,41.231
1768500081.3836474,32.422
1768500081.4859464,44.823
1768500081.5883126,33.014
1768500081.6906593,41.995
1768500081.792908,35.362
1768500081.895212,37.489
1768500081.9974873,37.883
1768500082.0997336,32.422
1768500082.2070408,32.916
1768500082.3107982,43.373
1768500082.4129217,33.883
1768500082.5150328,39.951
1768500082.6172378,36.842
1768500082.719336,36.623
1768500082.821466,40.936
1768500082.9237256,32.521
1768500083.025854,46.074
1768500083.1317685,33.409
1768500083.2340162,43.668
1768500083.3363175,34.376
1768500083.4385457,39.853
1768500083.540875,37.708
1768500083.6432652,34.652
1768500083.7455084,46.003
1768500083.8477242,33.014
1768500083.9499083,43.668
1768500084.0558183,34.08
1768500084.1582549,42.093
1768500084.2604778,35.658
1768500084.362616,38.89
1768500084.4648936,39.284
1768500084.5671,32.323
1768500084.6694615,46.102
1768500084.772797,33.094
1768500084.8750103,43.57
1768500084.9806542,33.902
1768500085.0828965,41.601
1768500085.1852195,34.968
1768500085.2874558,38.003
1768500085.3897035,38.769
1768500085.4920127,32.323
1768500085.5943246,46.495
1768500085.6967006,33.39
1768500085.7991161,41.625
1768500085.9066021,35.658
1768500086.0090158,37.587
1768500086.1112778,39.262
1768500086.2134712,32.422
1768500086.3159328,47.577
1768500086.4182708,33.113
1768500086.5206094,42.684
1768500086.6229546,34.475
1768500086.7252219,38.397
1768500086.830799,32.422
1768500086.9338784,47.97
1768500087.0361588,33.212
1768500087.1382687,42.684
1768500087.2403624,34.672
1768500087.3425615,39.36
1768500087.444685,37.609
1768500087.5467596,35.165
1768500087.6494074,42.487
1768500087.7561984,32.916
1768500087.8585954,44.6
1768500087.9607968,33.39
1768500088.063039,43.373
1768500088.1652462,34.672
1768500088.267448,38.397
1768500088.3697596,38.769
1768500088.472137,32.323
1768500088.5744836,37.018
1768500088.680844,40.148
1768500088.7831247,32.422
1768500088.8853154,46.692
1768500088.987456,32.916
1768500089.0896122,43.767
1768500089.1924992,33.883
1768500089.2946823,41.625
1768500089.3968465,35.461
1768500089.4990113,39.656
1768500089.6048546,37.806
1768500089.7070413,36.722
1768500089.8093555,40.838
1768500089.9116888,32.422
1768500090.0139267,45.905
1768500090.116255,32.916
1768500090.218513,44.062
1768500090.3207743,33.508
1768500090.4230838,43.471
1768500090.5253155,34.278
1768500090.6305342,38.792
1768500090.7327418,37.215
1768500090.8352032,32.995
1768500090.9375002,46.79
1768500091.0397785,33.212
1768500091.1421795,43.57
1768500091.2443771,35.165
1768500091.3468037,38.2
1768500091.4490979,39.262
1768500091.555141,46.271
1768500091.6588266,34.278
1768500091.761098,33.31
1768500091.8632388,32.817
1768500091.9654148,35.736
1768500092.0675962,37.883
1768500092.1698208,36.623
1768500092.2719262,35.264
1768500092.3740592,34.672
1768500092.4774528,34.1
1768500092.5796654,33.409
1768500092.6817887,33.489
1768500092.7839067,37.412
1768500092.886081,36.919
1768500092.988153,34.869
1768500093.0904307,33.982
1768500093.1926324,33.113
1768500093.2947648,36.546
1768500093.396883,37.412
1768500093.503177,36.722
1768500093.6057255,36.623
1768500093.7078846,36.525
1768500093.8137968,36.328
1768500093.9161818,35.441
1768500094.0183156,35.362
1768500094.120725,34.771
1768500094.2229905,32.62
1768500094.3294291,32.126
1768500094.4316473,41.503
1768500094.5339384,35.954
1768500094.636271,33.784
1768500094.738598,41.527
1768500094.8409297,34.475
1768500094.9433093,37.708
1768500095.0455737,42.192
1768500095.1481261,32.62
1768500095.254386,42.782
1768500095.3567657,33.804
1768500095.4591277,40.912
1768500095.561373,35.067
1768500095.6635826,38.572
1768500095.765802,36.82
1768500095.868192,36.701
1768500095.970402,40.247
1768500096.0727212,32.521
1768500096.1805139,32.718
1768500096.2826877,45.216
1768500096.3848162,33.31
1768500096.486984,42.782
1768500096.5892174,34.179
1768500096.6913302,40.444
1768500096.793454,35.856
1768500096.8955822,37.806
1768500096.997784,37.708
1768500097.0999303,36.25
1768500097.2068076,41.428
1768500097.3090813,32.62
1768500097.4112713,45.511
1768500097.5135067,33.014
1768500097.615961,43.839
1768500097.718129,33.489
1768500097.820593,42.881
1768500097.9231713,34.771
1768500098.0256855,39.656
1768500098.1317008,36.151
1768500098.2342072,37.708
1768500098.3366497,38.496
1768500098.4400678,35.046
1768500098.5424492,43.57
1768500098.6446774,37.51
1768500098.7469542,36.25
1768500098.8491488,44.16
1768500098.951484,33.113
1768500099.0576982,43.57
1768500099.1599467,34.672
1768500099.262135,39.557
1768500099.3643265,36.151
1768500099.4665225,37.806
1768500099.5688286,41.231
1768500099.6712723,32.521
1768500099.7735229,43.471
1768500099.8757448,33.982
1768500099.980591,38.89
1768500100.082788,37.806
1768500100.1850166,34.672
1768500100.2873564,42.118
1768500100.3895888,32.62
1768500100.4919841,46.566
1768500100.5942657,33.212
1768500100.6965566,43.839
1768500100.798764,33.982
1768500100.9010978,35.658
1768500101.008663,32.225
1768500101.110903,45.216
1768500101.2130919,33.784
1768500101.315347,39.557
1768500101.417473,36.426
1768500101.5197375,34.376
1768500101.6218185,44.259
1768500101.7241945,33.014
1768500101.8263335,43.642
1768500101.9322085,34.869
1768500102.0345674,36.722
1768500102.1369665,41.527
1768500102.2393298,32.916
1768500102.341631,43.57
1768500102.4439173,34.278
1768500102.546144,37.708
1768500102.6489613,40.05
1768500102.7513032,32.521
1768500102.8585975,47.549
1768500102.9609754,33.31
1768500103.0637615,42.216
1768500103.1659982,34.968
1768500103.268351,39.087
1768500103.3705208,36.722
1768500103.4728117,36.743
1768500103.5751634,41.034
1768500103.6772902,32.62
1768500103.7833455,44.357
1768500103.8855484,33.606
1768500103.9877396,42.093
1768500104.0899549,34.968
1768500104.192135,39.163
1768500104.294395,36.447
1768500104.396612,37.609
1768500104.4988286,39.656
1768500104.6010318,32.422
1768500104.703261,46.959
1768500104.8086898,33.113
1768500104.9108953,41.01
1768500105.0131574,34.968
1768500105.1154156,38.595
1768500105.2176578,37.51
1768500105.3199384,36.525
1768500105.4222207,43.15
1768500105.524408,32.718
1768500105.6267447,42.979
1768500105.7289188,41.527
1768500105.83601,35.658
1768500105.9381645,37.806
1768500106.040591,38.792
1768500106.142965,32.422
1768500106.2453303,46.861
1768500106.347636,33.212
1768500106.449906,42.413
1768500106.5522673,35.264
1768500106.6576877,35.539
1768500106.759924,45.046
1768500106.8621988,32.916
1768500106.9644296,43.078
1768500107.0666778,34.672
1768500107.169039,38.572
1768500107.2715113,39.262
1768500107.3737714,32.323
1768500107.4760153,45.019
1768500107.5783777,34.573
1768500107.6859486,39.042
1768500107.7882087,37.51
1768500107.8904166,36.623
1768500107.9934871,43.176
1768500108.0957203,32.62
1768500108.198263,45.216
1768500108.3006392,33.409
1768500108.4028194,39.754
1768500108.5084925,37.412
1768500108.6110313,32.323
1768500108.7132492,38.89
1768500108.815443,37.215
1768500108.9177318,33.587
1768500109.0200157,45.806
1768500109.1222723,32.817
1768500109.224646,43.373
1768500109.3268785,33.982
1768500109.4291396,40.05
1768500109.5363455,37.806
1768500109.6386707,32.521
1768500109.7409382,39.284
1768500109.8432903,38.003
1768500109.945684,32.521
1768500110.0480351,43.274
1768500110.1503468,33.982
1768500110.2525542,37.828
1768500110.3553443,32.305
1768500110.459545,47.38
1768500110.5618284,33.31
1768500110.6643949,42.487
1768500110.7666225,34.573
1768500110.868888,39.163
1768500110.971176,36.82
1768500111.0734773,37.434
1768500111.1757557,40.641
1768500111.2779853,32.422
1768500111.3802376,43.446
1768500111.4852316,32.817
1768500111.5875866,43.176
1768500111.6899838,34.475
1768500111.7922614,37.609
1768500111.894619,39.087
1768500111.9969342,32.323
1768500112.0991728,46.762
1768500112.201486,33.31
1768500112.303988,43.274
1768500112.4062822,35.362
1768500112.5126426,37.708
1768500112.615218,39.951
1768500112.7186496,32.422
1768500112.820898,42.881
1768500112.92315,34.278
1768500113.0254095,39.042
1768500113.1276937,38.003
1768500113.23,32.225
1768500113.33542,45.61
1768500113.4377131,33.804
1768500113.5400918,39.186
1768500113.642387,38.693
1768500113.7447965,32.323
1768500113.8471913,43.249
1768500113.9495504,33.883
1768500114.0518067,38.496
1768500114.154094,39.163
1768500114.2615535,32.422
1768500114.3638885,46.298
1768500114.466164,33.212
1768500114.5684443,41.109
1768500114.670808,35.461
1768500114.7731192,37.138
1768500114.8754802,32.521
1768500114.9791472,42.757
1768500115.0862188,34.179
1768500115.1884418,39.853
1768500115.290694,36.743
1768500115.3929884,37.116
1768500115.4951944,42.388
1768500115.5974774,32.718
1768500115.6997302,42.585
1768500115.802061,33.982
1768500115.9043713,40.05
1768500116.0095925,36.919
1768500116.1119604,36.426
1768500116.2142348,45.413
1768500116.316532,32.817
1768500116.4188347,42.659
1768500116.5210903,34.278
1768500116.6233323,39.557
1768500116.7261271,37.708
1768500116.8289416,33.587
1768500116.938095,47.38
1768500117.0402923,33.113
1768500117.1429443,36.151
1768500117.2453249,43.57
1768500117.3475637,34.179
1768500117.4498017,39.853
1768500117.5520825,37.313
1768500117.6581962,32.225
1768500117.7604597,46.762
1768500117.8627846,33.212
1768500117.9649508,41.034
1768500118.067197,36.426
1768500118.1693583,37.609
1768500118.2720082,40.912
1768500118.3744414,32.817
1768500118.4767566,43.274
1768500118.583028,34.968
1768500118.6854076,33.705
1768500118.7877626,38.89
1768500118.8901489,37.806
1768500118.9925597,32.422
1768500119.0948496,42.881
1768500119.1973279,37.412
1768500119.3000395,39.951
1768500119.402154,32.422
1768500119.5081313,43.668
1768500119.6105304,33.606
1768500119.7127502,41.034
1768500119.8150768,36.032
1768500119.9173026,36.623
1768500120.0195737,42.709
1768500120.1218352,32.62
1768500120.2242343,43.544
1768500120.326431,33.39
1768500120.4287534,42.487
1768500120.5347137,34.573
1768500120.636923,39.557
1768500120.7394936,37.116
1768500120.8419743,32.126
1768500120.9442637,44.921
1768500121.0467305,34.376
1768500121.1489735,40.321
1768500121.251306,37.018
1768500121.355513,36.623
1768500121.461791,45.834
1768500121.5640767,33.014
1768500121.6662548,41.995
1768500121.768506,35.757
1768500121.870783,41.133
1768500121.972935,37.806
1768500122.075117,37.708
1768500122.1773431,35.933
1768500122.2794566,34.672
1768500122.3826532,33.982
1768500122.4847884,33.31
1768500122.5869145,32.718
1768500122.6890337,36.151
1768500122.7912455,38.003
1768500122.8934646,36.722
1768500122.9956603,36.349
1768500123.0979087,35.856
1768500123.2001767,35.362
1768500123.3023357,33.982
1768500123.4061801,33.31
1768500123.5085435,32.916
1768500123.6107569,32.718
1768500123.7129602,32.62
1768500123.8152952,35.362
1768500123.9176652,34.573
1768500124.019913,33.784
1768500124.122657,35.954
1768500124.224802,36.919
1768500124.3269668,35.067
1768500124.4325657,32.521
1768500124.5349615,42.979
1768500124.6372035,34.672
1768500124.7394366,31.929
1768500124.8417614,41.428
1768500124.9441469,37.412
1768500125.046649,32.225
1768500125.148907,42.388
1768500125.2512527,34.179
1768500125.357258,39.777
1768500125.4596035,37.51
1768500125.561906,33.982
1768500125.6642272,46.298
1768500125.766453,33.587
1768500125.8687952,40.148
1768500125.9753013,37.018
1768500126.0853546,36.525
1768500126.1875658,43.446
1768500126.2900593,32.718
1768500126.3923466,43.176
1768500126.4953206,34.08
1768500126.5975525,40.641
1768500126.6999974,36.151
1768500126.8065157,37.313
1768500126.9087257,41.33
1768500127.0111117,32.422
1768500127.11335,46.074
1768500127.2156456,33.113
1768500127.3179321,43.57
1768500127.4203384,34.08
1768500127.5225291,39.853
1768500127.6248353,36.645
1768500127.7299469,36.349
1768500127.8322508,42.979
1768500127.9344833,32.521
1768500128.0367277,46.987
1768500128.139056,33.212
1768500128.2413893,34.968
1768500128.3438811,38.595
1768500128.4459405,37.116
1768500128.5481405,32.422
1768500128.650399,39.459
1768500128.7562957,37.039
1768500128.8585114,35.658
1768500128.9608152,43.497
1768500129.0630505,32.62
1768500129.1653948,43.865
1768500129.2676163,34.376
1768500129.3697925,39.557
1768500129.47213,37.313
1768500129.5745025,32.225
1768500129.6767657,46.566
1768500129.7819939,33.39
1768500129.8842378,41.773
1768500129.9865692,35.362
1768500130.0888526,37.784
1768500130.1910625,39.186
1768500130.2933197,32.323
1768500130.3959386,46.959
1768500130.4981625,33.014
1768500130.6003864,42.29
1768500130.706363,34.771
1768500130.8085463,39.087
1768500130.9109185,38.102
1768500131.0132098,36.722
1768500131.1154852,42.019
1768500131.2178133,32.521
1768500131.320201,45.386
1768500131.422388,33.113
1768500131.524557,41.601
1768500131.626715,35.362
1768500131.7327712,38.913
1768500131.835095,40.148
1768500131.9373436,32.323
1768500132.0396345,44.823
1768500132.141799,32.817
1768500132.2441363,42.855
1768500132.346412,33.587
1768500132.448673,43.373
1768500132.5510662,34.672
1768500132.6565223,38.769
1768500132.7587838,37.138
1768500132.8612432,37.51
1768500132.9634745,42.093
1768500133.0656767,47.184
1768500133.168077,32.718
1768500133.2701888,46.566
1768500133.372283,32.916
1768500133.4743874,43.668
1768500133.5764556,33.587
1768500133.6821647,40.715
1768500133.7845435,36.328
1768500133.8868089,36.996
1768500133.9890819,44.554
1768500134.0913556,33.014
1768500134.19364,42.216
1768500134.295868,35.856
1768500134.398404,36.799
1768500134.5006542,44.233
1768500134.607082,33.014
1768500134.7093637,43.176
1768500134.8119264,34.672
1768500134.914183,38.277
1768500135.019875,38.671
1768500135.1232748,32.422
1768500135.2255547,44.429
1768500135.33131,33.705
1768500135.4335656,41.034
1768500135.535933,36.623
1768500135.6381843,37.236
1768500135.7403579,43.398
1768500135.8425572,32.817
1768500135.9447844,42.757
1768500136.0472903,36.151
1768500136.149628,34.08
1768500136.2561646,46.102
1768500136.358613,33.587
1768500136.4608953,39.731
1768500136.563149,36.722
1768500136.665402,35.244
1768500136.7677166,45.976
1768500136.8699975,33.113
1768500136.9724047,40.739
1768500137.0749228,36.426
1768500137.1809144,35.441
1768500137.2833767,42.782
1768500137.385591,32.817
1768500137.4878767,34.179
1768500137.5907845,40.641
1768500137.6931443,36.722
1768500137.7954016,36.82
1768500137.8976738,41.995
1768500137.9998167,32.62
1768500138.1056097,43.668
1768500138.2079272,34.475
1768500138.3101988,36.799
1768500138.412391,40.814
1768500138.5146577,32.916
1768500138.6171238,35.539
1768500138.7195032,45.341
1768500138.8216627,32.916
1768500138.92384,42.56
1768500139.026548,34.179
1768500139.1311255,39.383
1768500139.233962,37.116
1768500139.3363671,35.856
1768500139.4386127,43.176
1768500139.542347,32.817
1768500139.6447709,44.062
1768500139.747117,34.573
1768500139.8493478,37.609
1768500139.9556096,44.948
1768500140.0577695,32.817
1768500140.1600885,42.881
1768500140.2624066,34.672
1768500140.364646,38.277
1768500140.4669297,39.876
1768500140.5693543,32.422
1768500140.6715903,46.271
1768500140.7739217,33.31
1768500140.8761578,43.274
1768500140.982413,35.165
1768500141.0847573,38.572
1768500141.1869845,38.102
1768500141.2892597,33.686
1768500141.3914545,44.357
1768500141.4936693,32.817
1768500141.595939,42.979
1768500141.6983345,33.705
1768500141.8006392,41.01
1768500141.9066272,35.461
1768500142.0089111,36.722
1768500142.1114106,32.521
1768500142.213947,42.782
1768500142.316179,33.606
1768500142.4182894,37.412
1768500142.520495,45.708
1768500142.6227236,34.179
1768500142.7247598,39.928
1768500142.8269134,37.313
1768500142.9323342,36.426
1768500143.0345156,43.497
1768500143.1366713,32.718
1768500143.238925,46.2
1768500143.341208,33.31
1768500143.443545,43.57
1768500143.5458975,34.573
1768500143.648285,39.459
1768500143.7506347,37.412
1768500143.8572927,35.835
1768500143.959664,44.062
1768500144.0618818,32.817
1768500144.1654,42.979
1768500144.2677484,34.179
1768500144.370164,39.163
1768500144.472558,38.003
1768500144.5747583,33.39
1768500144.6821806,42.388
1768500144.784454,33.784
1768500144.886716,40.444
1768500144.9889562,37.609
1768500145.0912828,36.645
1768500145.1934905,42.659
1768500145.29576,32.718
1768500145.3980167,43.249
1768500145.500295,33.606
1768500145.6058357,41.625
1768500145.7080584,35.658
1768500145.8103018,38.397
1768500145.9125779,38.003
1768500146.0149345,35.835
1768500146.1171458,41.724
1768500146.219337,32.62
1768500146.3215628,45.216
1768500146.423845,33.508
1768500146.5261633,41.995
1768500146.63228,36.053
1768500146.7346048,46.003
1768500146.8374329,33.212
1768500146.939569,42.881
1768500147.041711,34.968
1768500147.1438136,38.102
1768500147.246006,41.33
1768500147.3481238,32.62
1768500147.4506145,42.979
1768500147.5564427,35.933
1768500147.6587205,36.546
1768500147.7609913,45.834
1768500147.8631783,33.014
1768500147.965458,42.807
1768500148.0677323,35.658
1768500148.1700294,36.82
1768500148.27288,46.495
1768500148.3752434,33.508
1768500148.4774773,39.754
1768500148.583705,42.807
1768500148.686014,35.56
1768500148.7882762,37.532
1768500148.8919885,45.118
1768500148.9942484,34.278
1768500149.0965104,36.919
1768500149.1987138,40.838
1768500149.3009658,32.521
1768500149.4081054,43.668
1768500149.5103812,33.982
1768500149.6126013,40.369
1768500149.7148354,37.313
1768500149.817185,34.08
1768500149.919506,44.357
1768500150.0217903,33.014
1768500150.1239839,43.57
1768500150.2263982,33.982
1768500150.3314066,40.936
1768500150.4337938,35.757
1768500150.536241,37.609
1768500150.6385212,40.05
1768500150.740815,32.62
1768500150.8432403,42.782
1768500150.9455063,33.902
1768500151.0477917,40.026
1768500151.1500063,37.215
1768500151.2521954,35.835
1768500151.3583732,33.113
1768500151.4615252,41.675
1768500151.563645,35.362
1768500151.6657753,37.609
1768500151.767891,40.936
1768500151.8700843,32.521
1768500151.9722877,44.429
1768500152.0744948,33.784
1768500152.1766438,39.557
1768500152.28282,34.672
1768500152.3850155,33.686
1768500152.487137,33.113
1768500152.589292,32.62
1768500152.691537,36.525
1768500152.7937012,38.003
1768500152.8959053,35.757
1768500152.9980977,35.362
1768500153.100402,34.08
1768500153.2041247,33.31
1768500153.3063002,32.817
1768500153.4084835,35.757
1768500153.510617,37.609
1768500153.6129084,37.708
1768500153.7158413,35.856
1768500153.8181834,35.165
1768500153.9203715,33.508
1768500154.0225134,33.113
1768500154.124701,32.817
1768500154.2297356,33.212
1768500154.3319497,33.409
1768500154.4343302,34.179
1768500154.5366523,35.362
1768500154.638974,36.131
1768500154.7414677,37.018
1768500154.843884,38.397
1768500154.9461143,44.062
1768500155.0484068,33.982
1768500155.1506379,37.095
1768500155.2564385,41.109
1768500155.3586607,34.08
1768500155.4610722,37.708
1768500155.5632665,41.428
1768500155.6654887,32.817
1768500155.7677171,41.33
1768500155.8700912,35.658
1768500155.9723957,36.842
1768500156.074627,44.357
1768500156.1771085,33.014
1768500156.2833815,34.376
1768500156.3861046,39.951
1768500156.4881582,36.426
1768500156.5903087,37.708
1768500156.692462,40.861
1768500156.7944982,32.422
1768500156.8965743,45.118
1768500156.998658,33.113
1768500157.1007352,43.373
1768500157.2027817,33.982
1768500157.3048306,39.557
1768500157.4107378,36.82
1768500157.5129101,32.206
1768500157.615172,43.865
1768500157.7175493,33.212
1768500157.8198264,42.56
1768500157.9220634,35.165
1768500158.0242648,37.116
1768500158.1267467,41.896
1768500158.2288816,32.718
1768500158.3353517,41.699
1768500158.4378011,35.638
1768500158.5410974,32.126
1768500158.643639,39.065
1768500158.7459085,40.05
1768500158.8484719,32.521
1768500158.9508092,43.471
1768500159.0533445,34.869
1768500159.1594706,36.546
1768500159.261993,41.724
1768500159.3642955,32.718
1768500159.4668756,42.782
1768500159.5691557,34.968
1768500159.6716254,36.94
1768500159.7738903,41.921
1768500159.8764007,32.718
1768500159.9787621,42.659
1768500160.0866823,34.376
1768500160.188937,38.595
1768500160.2912967,38.693
1768500160.3935473,32.601
1768500160.495782,45.046
1768500160.5980403,33.212
1768500160.7003279,39.459
1768500160.8025892,41.699
1768500160.9048998,32.817
1768500161.0106404,33.606
1768500161.1131167,42.29
1768500161.2154653,34.968
1768500161.317579,37.708
1768500161.4197268,39.557
1768500161.5221932,32.62
1768500161.62432,43.544
1768500161.7264817,33.883
1768500161.8286188,39.754
1768500161.93581,37.51
1768500162.0380924,32.323
1768500162.1404634,42.757
1768500162.2426813,33.587
1768500162.3449297,41.921
1768500162.4472544,35.56
1768500162.5502594,37.686
1768500162.6526322,40.05
1768500162.7576106,32.62
1768500162.864756,43.15
1768500162.9670537,33.489
1768500163.069306,39.951
1768500163.171506,36.229
1768500163.2737894,37.215
1768500163.3760235,39.632
1768500163.4782648,32.323
1768500163.580466,47.872
1768500163.686116,32.916
1768500163.7883563,42.979
1768500163.8905644,33.489
1768500163.9927328,40.715
1768500164.0954208,35.264
1768500164.1976435,36.919
1768500164.3000216,41.428
1768500164.4022238,32.718
1768500164.504518,45.243
1768500164.6069489,33.409
1768500164.711898,40.617
1768500164.8143606,34.968
1768500164.9165046,38.572
1768500165.018771,37.215
1768500165.1210663,36.996
1768500165.2233171,40.345
1768500165.3255296,32.521
1768500165.4277127,43.865
1768500165.5299113,32.916
1768500165.6322415,45.386
1768500165.738803,42.684
1768500165.8409128,34.869
1768500165.9430146,38.474
1768500166.0451448,37.609
1768500166.1472168,36.623
1768500166.2493389,40.641
1768500166.3514676,32.521
1768500166.453548,46.172
1768500166.5557187,33.193
1768500166.657909,43.052
1768500166.76007,34.376
1768500166.8657224,40.172
1768500166.968065,36.328
1768500167.070352,37.412
1768500167.1726177,39.777
1768500167.2748778,34.455
1768500167.3772085,43.57
1768500167.4794457,32.718
1768500167.5816505,45.118
1768500167.6838565,33.508
1768500167.787188,41.034
1768500167.8930511,35.461
1768500167.9954004,37.686
1768500168.0975757,39.557
1768500168.1998117,32.718
1768500168.302102,39.731
1768500168.4042723,36.919
1768500168.507183,36.328
1768500168.6095216,42.881
1768500168.7118235,34.475
1768500168.817548,39.163
1768500168.9197173,37.215
1768500169.022266,36.447
1768500169.1245565,43.398
1768500169.2269008,32.817
1768500169.3292952,42.29
1768500169.4315689,33.883
1768500169.5337589,41.01
1768500169.6360035,35.954
1768500169.7432508,36.349
1768500169.8455994,44.062
1768500169.9478974,33.113
1768500170.0502179,41.995
1768500170.152572,34.968
1768500170.2549665,37.215
1768500170.3572707,40.247
1768500170.4595494,32.916
1768500170.5618818,35.362
1768500170.6695118,36.307
1768500170.7716377,42.019
1768500170.873808,32.817
1768500170.975994,43.274
1768500171.078211,34.179
1768500171.1803024,39.754
1768500171.2823737,36.032
1768500171.3844762,37.905
1768500171.4865708,39.186
1768500171.5924847,32.422
1768500171.6946208,46.987
1768500171.79687,33.508
1768500171.8992088,41.034
1768500172.0018256,38.693
1768500172.1041021,32.323
1768500172.2064254,46.271
1768500172.3099265,33.31
1768500172.4122589,43.471
1768500172.517177,35.165
1768500172.6195087,38.102
1768500172.721899,38.769
1768500172.8241634,33.606
1768500172.9263973,43.963
1768500173.0286615,32.521
1768500173.131007,44.724
1768500173.233426,33.113
1768500173.3357108,43.865
1768500173.4379034,34.376
1768500173.5433574,39.163
1768500173.645549,37.51
1768500173.7477696,36.842
1768500173.8500798,41.404
1768500173.9523525,32.521
1768500174.0547535,44.554
1768500174.1571627,33.39
1768500174.2593703,42.388
1768500174.361916,34.869
1768500174.4668946,38.375
1768500174.5691953,40.073
1768500174.6714246,32.422
1768500174.7736783,44.429
1768500174.8759122,33.409
1768500174.9781358,43.103
1768500175.0805073,35.461
1768500175.1827369,37.532
1768500175.2850752,32.323
1768500175.388719,45.905
1768500175.4943755,33.883
1768500175.5966122,34.672
1768500175.6989095,45.171
1768500175.8014612,33.113
1768500175.9037995,41.478
1768500176.0061386,36.447
1768500176.108378,37.116
1768500176.2106159,40.345
1768500176.3168976,32.62
1768500176.4191017,47.479
1768500176.521429,33.212
1768500176.624096,43.668
1768500176.7263649,34.179
1768500176.8324704,41.034
1768500176.9359035,36.623
1768500177.0420094,37.116
1768500177.144221,42.019
1768500177.2464786,32.422
1768500177.3486924,46.593
1768500177.4508896,33.212
1768500177.5531797,41.699
1768500177.6554844,36.229
1768500177.757746,36.82
1768500177.8600116,41.527
1768500177.967282,32.422
1768500178.0696263,43.471
1768500178.1723483,35.856
1768500178.2745693,32.521
1768500178.3770363,42.757
1768500178.4794173,33.587
1768500178.581722,36.546
1768500178.6839476,44.554
1768500178.790699,33.686
1768500178.8929431,40.27
1768500178.9953403,36.919
1768500179.0975125,36.546
1768500179.199723,43.274
1768500179.3021145,33.014
1768500179.4043345,42.192
1768500179.506549,39.679
1768500179.609923,37.806
1768500179.7164602,32.323
1768500179.8187263,47.45
1768500179.9210255,33.31
1768500180.0234544,42.413
1768500180.1256964,35.264
1768500180.2280517,37.215
1768500180.3303452,41.798
1768500180.4326777,32.817
1768500180.5349097,42.61
1768500180.6423287,36.349
1768500180.744599,36.82
1768500180.8470798,41.995
1768500180.9493914,32.817
1768500181.0531569,43.57
1768500181.155458,35.56
1768500181.2579274,36.82
1768500181.3604424,43.471
1768500181.4652774,33.014
1768500181.5676217,40.247
1768500181.67,37.609
1768500181.7723272,33.883
1768500181.8745563,42.782
1768500181.976928,36.623
1768500182.0792174,33.31
1768500182.1815574,36.229
1768500182.283767,45.779
1768500182.3906755,33.409
1768500182.492948,41.306
1768500182.5951328,38.277
1768500182.6974106,35.954
1768500182.7995138,34.968
1768500182.901605,34.08
1768500183.0037172,33.39
1768500183.1058207,33.291
1768500183.2080207,32.916
1768500183.3116562,35.56
1768500183.4139483,37.412
1768500183.5161703,37.631
1768500183.618384,35.264
1768500183.7205713,34.475
1768500183.8227742,34.278
1768500183.9250462,34.278
1768500184.027335,36.82
1768500184.1296203,34.475
1768500184.2316904,37.018
1768500184.3338647,32.225
1768500184.4371474,32.916
1768500184.5394418,34.968
1768500184.6416223,35.856
1768500184.743904,35.461
1768500184.8461146,32.422
1768500184.94842,33.409
1768500185.0505807,35.067
1768500185.1529276,37.313
1768500185.255084,37.905
1768500185.357295,40.936
1768500185.4600246,35.165
1768500185.564535,32.027
1768500185.6719558,42.093
1768500185.7741764,36.25
1768500185.8773742,35.046
1768500185.9796612,43.471
1768500186.0819056,33.982
1768500186.1893642,39.163
1768500186.2918785,38.2
1768500186.394186,35.165
1768500186.49675,45.118
1768500186.5989993,32.718
1768500186.7014673,42.388
1768500186.803807,33.784
1768500186.90634,40.05
1768500187.0085258,36.229
1768500187.1150327,36.349
1768500187.2172937,45.019
1768500187.3197765,32.718
1768500187.422002,43.471
1768500187.5245516,34.376
1768500187.6267812,38.003
1768500187.729322,39.656
1768500187.8315737,32.422
1768500187.9340556,45.413
1768500188.0393524,33.31
1768500188.1417096,40.172
1768500188.2440526,36.447
1768500188.3462799,35.165
1768500188.448694,44.849
1768500188.5509064,31.731
1768500188.6545358,42.585
1768500188.7567062,33.784
1768500188.8590145,38.375
1768500188.964099,38.299
1768500189.066369,32.323
1768500189.1685627,44.698
1768500189.270881,33.489
1768500189.3731427,40.936
1768500189.4754987,36.229
1768500189.5778563,37.039
1768500189.6801248,42.019
1768500189.7823472,32.817
1768500189.884568,44.921
1768500189.991359,33.686
1768500190.0935595,42.388
1768500190.1968842,34.869
1768500190.2992256,40.247
1768500190.401463,37.018
1768500190.5037963,36.82
1768500190.6060936,43.595
1768500190.7083158,32.62
1768500190.8141918,43.497
1768500190.9164603,33.784
1768500191.0188024,41.625
1768500191.1211083,36.151
1768500191.2233486,36.722
1768500191.325629,41.503
1768500191.4277904,32.718
1768500191.5300083,42.881
1768500191.632205,35.362
1768500191.7344737,36.525
1768500191.839658,43.347
1768500191.9420311,32.817
1768500192.0442061,42.487
1768500192.1464174,35.362
1768500192.2486506,36.842
1768500192.3509579,44.134
1768500192.4532588,33.113
1768500192.5555835,41.306
1768500192.6583738,36.919
1768500192.7644584,32.225
1768500192.8667443,43.963
1768500192.9690328,33.902
1768500193.0712934,39.754
1768500193.173634,38.299
1768500193.2761052,46.102
1768500193.3789144,33.014
1768500193.4811351,43.865
1768500193.5832536,34.672
1768500193.6895375,39.087
1768500193.7917998,37.412
1768500193.893997,36.842
1768500193.9962008,43.078
1768500194.0983667,32.916
1768500194.200649,42.979
1768500194.3029008,33.982
1768500194.405123,40.739
1768500194.5073304,37.116
1768500194.6095557,36.919
1768500194.7117105,44.528
1768500194.8163302,32.817
1768500194.9190018,43.373
1768500195.0211625,33.606
1768500195.1233265,42.118
1768500195.2254963,35.067
1768500195.3283114,39.679
1768500195.4305077,37.215
1768500195.5327373,36.525
1768500195.634982,42.782
1768500195.7411814,32.521
1768500195.8435082,42.585
1768500195.9457762,34.278
1768500196.047957,40.617
1768500196.1502128,35.856
1768500196.2524936,37.729
1768500196.3547857,39.58
1768500196.457197,32.422
1768500196.5593972,47.352
1768500196.6668513,33.113
1768500196.76922,41.428
1768500196.8713846,35.362
1768500196.9735594,37.981
1768500197.0758832,38.003
1768500197.1781304,33.606
1768500197.280354,43.642
1768500197.3825614,32.718
1768500197.484778,42.192
1768500197.5870526,34.08
1768500197.6918008,39.557
1768500197.7941053,37.018
1768500197.8964283,32.323
1768500197.9986272,47.745
1768500198.100941,42.068
1768500198.2040446,35.165
1768500198.3062973,37.292
1768500198.408394,40.345
1768500198.5107112,32.817
1768500198.6168456,32.422
1768500198.7191143,45.511
1768500198.8213573,33.606
1768500198.9236212,41.404
1768500199.0260968,36.229
1768500199.1288028,36.525
1768500199.2310345,43.963
1768500199.3333592,32.817
1768500199.4356608,42.979
1768500199.5517223,37.708
1768500199.653877,33.212
1768500199.7561173,45.878
1768500199.8583448,33.014
1768500199.960633,42.881
1768500200.0655947,35.067
1768500200.1679132,37.51
1768500200.2702312,39.163
1768500200.3726046,32.323
1768500200.474807,45.413
1768500200.5771797,34.08
1768500200.6795995,32.225
1768500200.7821164,35.835
1768500200.8845842,42.979
1768500200.9911532,35.264
1768500201.0933762,33.409
1768500201.1956136,47.282
1768500201.2978497,33.212
1768500201.4001226,41.527
1768500201.502612,36.525
1768500201.6051598,34.08
1768500201.7074482,45.905
1768500201.809717,33.113
1768500201.9148073,41.01
1768500202.017126,35.461
1768500202.119515,36.546
1768500202.2219894,32.718
1768500202.3252614,43.201
1768500202.4273472,34.08
1768500202.53006,39.186
1768500202.632221,38.375
1768500202.734377,32.225
1768500202.840562,42.659
1768500202.9428842,35.067
1768500203.0452485,36.82
1768500203.147585,44.036
1768500203.249979,33.014
1768500203.352336,43.176
1768500203.4546018,35.362
1768500203.5571175,36.623
1768500203.6594408,44.036
1768500203.7655287,32.916
1768500203.8685586,42.167
1768500203.9708307,35.165
1768500204.0734973,37.095
1768500204.1758118,44.357
1768500204.278109,33.113
1768500204.38065,43.078
1768500204.4830167,34.771
1768500204.5854526,38.89
1768500204.6900914,39.656
1768500204.792358,33.113
1768500204.8946252,42.216
1768500204.9968994,35.954
1768500205.0991888,36.842
1768500205.2014854,45.511
1768500205.3037405,32.916
1768500205.406051,43.176
1768500205.5083466,35.067
1768500205.61058,38.2
1768500205.7152092,38.572
1768500205.8174202,32.323
1768500205.919685,44.528
1768500206.02219,33.39
1768500206.1244173,39.36
1768500206.226645,36.919
1768500206.3288727,36.328
1768500206.431144,43.57
1768500206.5334625,32.916
1768500206.6356678,43.176
1768500206.7415411,34.179
1768500206.843817,37.587
1768500206.946304,32.521
1768500207.0495787,42.979
1768500207.1518402,33.982
1768500207.2541635,40.148
1768500207.3562796,37.313
1768500207.4584415,32.225
1768500207.5606325,44.429
1768500207.6657352,34.08
1768500207.7681785,39.482
1768500207.8704839,37.51
1768500207.9732301,32.225
1768500208.0756233,44.429
1768500208.1779037,33.587
1768500208.2802622,39.186
1768500208.387204,37.51
1768500208.491306,32.126
1768500208.5937316,31.731
1768500208.6972678,37.587
1768500208.7994747,41.896
1768500208.9018157,32.718
1768500209.0041678,43.741
1768500209.106423,34.475
1768500209.2088068,39.534
1768500209.311158,36.82
1768500209.417268,35.638
1768500209.51944,46.2
1768500209.6217363,33.014
1768500209.7240207,43.274
1768500209.8264368,34.475
1768500209.9286306,39.065
1768500210.030793,36.623
1768500210.1330907,36.645
1768500210.2354484,41.133
1768500210.341017,32.521
1768500210.443254,47.085
1768500210.5454626,33.014
1768500210.647675,42.807
1768500210.7499743,35.165
1768500210.8521516,38.572
1768500210.9544575,37.905
1768500211.0567026,35.264
1768500211.1589587,45.637
1768500211.2611797,32.916
1768500211.3670063,43.004
1768500211.469159,33.902
1768500211.5714095,35.856
1768500211.673834,37.905
1768500211.7760005,38.769
1768500211.8781493,36.546
1768500211.9802954,41.428
1768500212.0823286,32.521
1768500212.1843638,44.456
1768500212.286431,32.718
1768500212.392143,42.979
1768500212.4943702,33.587
1768500212.5970628,42.118
1768500212.6992502,35.165
1768500212.8015335,38.966
1768500212.9037597,36.722
1768500213.0100963,37.686
1768500213.1122468,36.25
1768500213.2174566,37.708
1768500213.3197756,35.856
1768500213.421998,34.179
1768500213.5241485,33.686
1768500213.6262782,33.508
1768500213.728373,32.916
1768500213.8305726,33.094
1768500213.9327993,36.722
1768500214.0350509,37.905
1768500214.1388736,36.328
1768500214.2410076,35.264
1768500214.3432763,34.573
1768500214.4455624,34.475
1768500214.5478294,34.771
1768500214.6500127,34.475
1768500214.7523913,34.179
1768500214.8546112,34.179
1768500214.9568515,33.883
1768500215.0591483,33.982
1768500215.1647294,35.933
1768500215.2671092,36.722
1768500215.3694541,32.323
1768500215.4719124,32.817
1768500215.5742183,34.573
1768500215.679245,36.546
1768500215.781953,32.126
1768500215.8842292,42.906
1768500215.9914193,36.722
1768500216.0937464,41.231
1768500216.1958787,35.067
1768500216.297986,36.426
1768500216.4005187,44.062
1768500216.5027585,32.916
1768500216.6053102,42.388
1768500216.7074537,34.869
1768500216.8098989,37.708
1768500216.9152472,41.404
1768500217.0173814,32.521
1768500217.1195786,42.979
1768500217.2217488,33.784
1768500217.3240528,40.715
1768500217.430196,36.151
1768500217.5324464,37.018
1768500217.6409252,40.715
1768500217.7431965,32.521
1768500217.8453774,44.403
1768500217.9476714,33.212
1768500218.0498993,43.471
1768500218.1521065,34.573
1768500218.2542946,36.525
1768500218.356522,39.754
1768500218.458903,32.422
1768500218.5646164,41.428
1768500218.666926,43.471
1768500218.7693017,32.817
1768500218.8715541,43.15
1768500218.9742208,34.573
1768500219.076565,37.686
1768500219.1789029,42.512
1768500219.2812698,32.817
1768500219.383668,41.995
1768500219.490667,36.151
1768500219.5929596,36.447
1768500219.6951952,46.298
1768500219.7978323,33.409
1768500219.9002335,40.05
1768500220.0024872,37.116
1768500220.1047506,35.165
1768500220.2070794,45.091
1768500220.30926,33.606
1768500220.4136105,41.896
1768500220.5162027,36.131
1768500220.618735,44.849
1768500220.7209609,32.817
1768500220.8230839,42.093
1768500220.9253464,35.165
1768500221.0276933,37.51
1768500221.129881,41.921
1768500221.2322412,32.817
1768500221.334502,42.881
1768500221.4413586,37.51
1768500221.5437424,32.323
1768500221.6465766,43.642
1768500221.7490644,34.475
1768500221.8514295,37.215
1768500221.9552214,44.528
1768500222.0574758,33.113
1768500222.1597168,41.109
1768500222.265102,35.835
1768500222.3672802,37.587
1768500222.4695597,41.33
1768500222.5718,32.62
1768500222.6741145,43.15
1768500222.7763326,33.686
1768500222.8785348,39.656
1768500222.9808245,37.116
1768500223.0832021,36.82
1768500223.1891031,44.259
1768500223.2914577,32.817
1768500223.3936455,43.741
1768500223.4958222,33.606
1768500223.598017,41.01
1768500223.7005343,35.165
1768500223.8029182,37.905
1768500223.905227,39.777
1768500224.0076134,32.323
1768500224.1099904,45.386
1768500224.2157998,33.587
1768500224.3181553,39.459
1768500224.420391,36.919
1768500224.5227141,35.145
1768500224.6249712,44.062
1768500224.7272491,33.014
1768500224.829431,43.052
1768500224.9316926,34.475
1768500225.0340471,38.496
1768500225.1403732,32.422
1768500225.242584,46.79
1768500225.3447073,33.212
1768500225.446813,41.183
1768500225.5490975,35.165
1768500225.6512594,36.623
1768500225.7533643,40.936
1768500225.8555248,32.718
1768500225.9576836,43.767
1768500226.0599408,33.902
1768500226.165199,38.397
1768500226.26759,39.754
1768500226.3699563,32.521
1768500226.476342,42.29
1768500226.5787766,34.297
1768500226.6822448,37.905
1768500226.7845418,40.542
1768500226.8901448,32.62
1768500226.99235,43.176
1768500227.0945299,33.587
1768500227.196751,41.133
1768500227.2989893,35.954
1768500227.4012067,37.883
1768500227.503476,39.262
1768500227.6057692,32.422
1768500227.7079196,43.57
1768500227.8102927,32.718
1768500227.9168413,45.118
1768500228.019084,33.606
1768500228.1212442,41.428
1768500228.223486,36.229
1768500228.3259358,32.126
1768500228.4281547,42.881
1768500228.530363,33.587
1768500228.6327171,31.929
1768500228.734979,43.078
1768500228.8417385,34.376
1768500228.943957,37.806
1768500229.0461524,40.912
1768500229.1483002,32.62
1768500229.2505598,43.767
1768500229.3527548,33.587
1768500229.4550326,41.699
1768500229.557245,35.954
1768500229.6595163,36.919
1768500229.761711,39.557
1768500229.8671892,44.501
1768500229.969977,33.508
1768500230.0720835,40.617
1768500230.1741672,36.032
1768500230.2762916,37.708
1768500230.378366,41.527
1768500230.4804163,32.718
1768500230.582562,42.093
1768500230.6847863,33.587
1768500230.7869477,40.912
1768500230.8936732,35.165
1768500230.9959857,38.693
1768500231.0981443,38.397
1768500231.2016828,32.323
1768500231.303958,46.271
1768500231.4061227,33.113
1768500231.5084093,43.052
1768500231.6105409,33.982
1768500231.7128804,40.641
1768500231.8187175,36.131
1768500231.9209015,36.229
1768500232.023117,41.306
1768500232.1254065,32.718
1768500232.2275732,42.757
1768500232.3298492,33.686
1768500232.432225,40.715
1768500232.5345938,35.658
1768500232.63688,37.018
1768500232.7430024,41.995
1768500232.8452454,32.62
1768500232.9475214,44.036
1768500233.0498564,33.705
1768500233.152261,41.01
1768500233.2544794,34.948
1768500233.3567383,38.003
1768500233.458914,37.708
1768500233.5610747,36.842
1768500233.6632955,41.133
1768500233.7693758,32.718
1768500233.8716323,44.036
1768500233.973832,33.606
1768500234.076134,43.176
1768500234.1783595,34.573
1768500234.2806096,37.609
1768500234.3829088,40.073
1768500234.485127,32.422
1768500234.5874248,47.282
1768500234.6895587,42.019
1768500234.7960355,35.165
1768500234.8980956,37.51
1768500235.0002673,40.172
1768500235.102375,32.422
1768500235.2045937,44.501
1768500235.3069363,33.409
1768500235.4090447,41.428
1768500235.5114694,35.362
1768500235.6136248,37.686
1768500235.7158444,38.966
1768500235.8209536,32.422
1768500235.9232678,44.357
1768500236.0255337,33.014
1768500236.1293828,43.052
1768500236.2316072,33.686
1768500236.3338788,42.019
1768500236.4361477,35.264
1768500236.5384374,37.215
1768500236.640646,41.601
1768500236.7456696,32.718
1768500236.8479497,43.078
1768500236.9501588,34.278
1768500237.0525327,38.89
1768500237.1547892,37.609
1768500237.2572975,32.323
1768500237.3594534,47.282
1768500237.4617245,33.508
1768500237.564262,40.444
1768500237.6665614,37.018
1768500237.7730377,32.225
1768500237.8752947,46.79
1768500237.9775605,33.39
1768500238.0797615,39.163
1768500238.1820333,39.065
1768500238.2844524,32.422
1768500238.3867455,42.585
1768500238.4889789,34.672
1768500238.5914354,32.027
1768500238.6968985,39.853
1768500238.7991517,36.151
1768500238.9013507,36.722
1768500239.0036893,44.724
1768500239.1058555,33.212
1768500239.2081077,41.404
1768500239.310443,35.954
1768500239.4127858,36.842
1768500239.5151172,41.995
1768500239.617506,42.487
1768500239.7249913,34.672
1768500239.8273356,38.277
1768500239.9296546,38.693
1768500240.031922,32.817
1768500240.1342387,41.404
1768500240.2366412,35.835
1768500240.3388755,37.708
1768500240.441285,41.034
1768500240.557198,33.014
1768500240.6594226,42.881
1768500240.761639,35.461
1768500240.8639278,37.708
1768500240.970495,39.777
1768500241.0727875,32.323
1768500241.1749604,46.861
1768500241.2771766,33.014
1768500241.3793607,43.668
1768500241.4816463,34.672
1768500241.5840182,36.525
1768500241.6864655,46.888
1768500241.788793,33.31
1768500241.8948164,38.397
1768500241.9970906,38.572
1768500242.0993316,33.508
1768500242.201632,44.894
1768500242.3038888,32.718
1768500242.406267,43.57
1768500242.5085464,34.08
1768500242.6108885,40.172
1768500242.7132313,36.919
1768500242.81979,35.264
1768500242.9219615,45.511
1768500243.0243008,32.916
1768500243.1265779,42.192
1768500243.2289114,35.264
1768500243.3312368,36.623
1768500243.4339244,41.527
1768500243.5363379,36.25
1768500243.6402926,33.982
1768500243.7442284,33.686
1768500243.8464048,33.409
1768500243.948546,32.916
1768500244.0508075,32.718
1768500244.1530087,32.521
1768500244.2554698,32.62
1768500244.3577878,32.521
1768500244.460133,32.718
1768500244.562954,32.62
1768500244.6655858,35.441
1768500244.7737703,32.521
1768500244.8759117,32.718
1768500244.9781365,33.014
1768500245.0803297,33.113
1768500245.182527,33.113
1768500245.284909,34.672
1768500245.3871663,35.757
1768500245.4925747,37.116
1768500245.5948894,35.638
1768500245.697197,32.422
1768500245.7994535,32.718
1768500245.9016392,33.212
1768500246.0038955,33.982
1768500246.1061184,35.264
1768500246.208438,37.018
1768500246.3108811,38.397
1768500246.4132836,42.684
1768500246.520252,34.475
1768500246.6225202,32.027
1768500246.7247267,41.527
1768500246.8269506,36.151
1768500246.9292037,37.116
1768500247.031522,43.249
1768500247.133748,32.817
1768500247.235944,41.527
1768500247.3382218,35.56
1768500247.4441106,36.919
1768500247.546296,46.467
1768500247.648448,33.014
1768500247.7506447,43.176
1768500247.8528786,34.475
1768500247.9554102,38.223
1768500248.057679,38.792
1768500248.1599984,32.323
1768500248.2623618,34.672
1768500248.3647463,37.927
1768500248.4699938,41.921
1768500248.572437,35.461
1768500248.6749234,32.422
1768500248.7772486,44.528
1768500248.8797474,34.179
1768500248.9820273,37.51
1768500249.0843837,40.641
1768500249.1874022,32.521
1768500249.2896638,42.192
1768500249.396241,34.179
1768500249.499852,38.375
1768500249.6021166,39.087
1768500249.7045126,32.422
1768500249.806878,42.782
1768500249.909126,34.376
1768500250.0113943,39.656
1768500250.1138356,38.2
1768500250.2197635,32.225
1768500250.322075,47.254
1768500250.4243057,33.014
1768500250.5266464,43.497
1768500250.6288998,35.362
1768500250.7312634,37.609
1768500250.8335505,43.668
1768500250.9358833,32.718
1768500251.038359,43.471
1768500251.1450021,33.982
1768500251.247341,38.89
1768500251.3495505,37.412
1768500251.451835,32.225
1768500251.5541685,47.085
1768500251.656454,33.113
1768500251.7586746,41.699
1768500251.860923,36.229
1768500251.963346,36.328
1768500252.069345,43.471
1768500252.171542,32.817
1768500252.2737894,42.855
1768500252.3760414,34.672
1768500252.4784107,37.292
1768500252.5807002,39.754
1768500252.683047,44.528
1768500252.7865567,33.508
1768500252.8887236,39.656
1768500252.994787,37.609
1768500253.0971024,32.225
1768500253.1993043,46.566
1768500253.3016376,33.212
1768500253.4039574,42.315
1768500253.5064445,36.525
1768500253.609373,34.968
1768500253.7115898,46.102
1768500253.8140428,32.916
1768500253.9226613,43.078
1768500254.0248814,34.475
1768500254.1271746,38.89
1768500254.2295916,39.951
1768500254.331914,32.521
1768500254.4342153,46.172
1768500254.536465,33.39
1768500254.6387444,40.444
1768500254.7410107,36.94
1768500254.8465245,36.842
1768500254.948745,44.751
1768500255.0513945,32.817
1768500255.1537793,43.471
1768500255.2560277,35.461
1768500255.3583024,37.215
1768500255.4604971,41.822
1768500255.562837,32.521
1768500255.6651304,42.659
1768500255.7719104,33.982
1768500255.8744097,39.557
1768500255.9766333,36.722
1768500256.0789375,32.126
1768500256.1811976,45.779
1768500256.2835758,33.409
1768500256.3858273,41.133
1768500256.4881108,36.25
1768500256.5904596,36.426
1768500256.696538,43.642
1768500256.79876,32.817
1768500256.9014559,43.741
1768500257.0036588,34.179
1768500257.1059933,39.951
1768500257.208331,36.25
1768500257.311313,45.118
1768500257.4134338,33.014
1768500257.5156262,43.274
1768500257.6216419,34.968
1768500257.7240634,37.686
1768500257.8263528,38.989
1768500257.9285815,32.323
1768500258.0307922,47.577
1768500258.1331034,33.31
1768500258.2354214,38.397
1768500258.3377063,39.186
1768500258.4406993,32.422
1768500258.5472512,39.656
1768500258.6495757,40.641
1768500258.7518895,32.62
1768500258.854281,43.15
1768500258.9565444,34.475
1768500259.0587888,38.595
1768500259.1610649,38.868
1768500259.2633595,32.225
1768500259.3656054,46.79
1768500259.4711146,33.014
1768500259.5733428,40.298
1768500259.6756253,36.722
1768500259.7779903,34.869
1768500259.880299,47.057
1768500259.9825468,33.31
1768500260.0847569,40.739
1768500260.1870427,36.623
1768500260.289272,36.131
1768500260.391566,45.779
1768500260.4971147,33.508
1768500260.5994086,36.701
1768500260.701777,45.538
1768500260.8041914,33.212
1768500260.9065454,41.625
1768500261.008874,35.757
1768500261.1111374,37.335
1768500261.2135057,42.684
1768500261.3157825,32.718
1768500261.4209762,43.176
1768500261.5231645,34.179
1768500261.625529,39.557
1768500261.7277682,37.215
1768500261.8301284,37.018
1768500261.9323802,32.521
1768500262.0349598,42.56
1768500262.1370401,33.883
1768500262.2391152,39.754
1768500262.3412118,36.426
1768500262.4477358,36.426
1768500262.549905,41.995
1768500262.6520703,32.521
1768500262.754381,46.397
1768500262.8565516,33.409
1768500262.9587886,43.078
1768500263.0609293,34.869
1768500263.1646438,39.163
1768500263.2668972,38.693
1768500263.3716567,33.883
1768500263.4739404,45.145
1768500263.5761735,32.817
1768500263.6785784,42.585
1768500263.780888,34.278
1768500263.88312,40.42
1768500263.9853318,36.151
1768500264.0876167,38.003
1768500264.1898077,39.163
1768500264.2921424,32.323
1768500264.398003,46.566
1768500264.500587,32.817
1768500264.6027865,42.979
1768500264.7050183,34.771
1768500264.8072622,38.671
1768500264.9095232,38.178
1768500265.0118213,32.422
1768500265.11406,44.626
1768500265.2162483,33.508
1768500265.322091,39.656
1768500265.424302,37.116
1768500265.526509,36.898
1768500265.6287878,43.274
1768500265.7310102,32.718
1768500265.8332958,42.979
1768500265.9356425,34.376
1768500266.0378773,40.148
1768500266.140203,36.919
1768500266.2460754,36.722
1768500266.348326,42.684
1768500266.4505193,32.718
1768500266.552875,43.544
1768500266.6550846,40.42
1768500266.7579732,36.229
1768500266.8600497,37.51
1768500266.9621766,40.073
1768500267.0642152,33.686
1768500267.1663895,44.259
1768500267.273131,32.916
1768500267.3753066,43.741
1768500267.4780307,34.376
1768500267.5802956,39.557
1768500267.6826017,37.039
1768500267.7862136,36.623
1768500267.8884437,42.019
1768500267.990629,32.521
1768500268.0973155,45.806
1768500268.199519,33.31
1768500268.3018758,41.625
1768500268.4040701,35.362
1768500268.507163,37.981
1768500268.6096606,40.617
1768500268.7119062,35.856
1768500268.8140981,37.729
1768500268.9163084,39.459
1768500269.022041,32.323
1768500269.1241918,46.888
1768500269.2263734,33.113
1768500269.3285892,41.995
1768500269.4308493,35.067
1768500269.533104,39.459
1768500269.6355298,38.868
1768500269.7379074,32.7
1768500269.8402576,46.467
1768500269.9473255,33.014
1768500270.0495417,42.388
1768500270.1518342,35.362
1768500270.2540908,38.966
1768500270.3564098,38.989
1768500270.459105,33.606
1768500270.5613563,45.341
1768500270.6635704,32.916
1768500270.765902,43.694
1768500270.8714867,35.264
1768500270.9737475,36.328
1768500271.0767074,33.014
1768500271.180727,40.814
1768500271.2829893,35.539
1768500271.385148,37.51
1768500271.487299,42.29
1768500271.5896533,33.014
1768500271.6968546,40.444
1768500271.7993362,38.102
1768500271.9016027,32.422
1768500272.004342,43.078
1768500272.1085336,35.165
1768500272.2109835,37.708
1768500272.313288,40.838
1768500272.4193316,32.62
1768500272.5217438,42.684
1768500272.6240084,33.883
1768500272.7262273,39.482
1768500272.8284607,37.806
1768500272.9311898,36.842
1768500273.0335157,43.57
1768500273.135787,32.718
1768500273.2379797,43.57
1768500273.344262,33.784
1768500273.4465482,40.936
1768500273.5487685,37.039
1768500273.6509426,36.426
1768500273.7531736,44.724
1768500273.8554678,32.817
1768500273.95767,42.881
1768500274.0599287,33.587
1768500274.1622756,34.475
1768500274.2646408,33.686
1768500274.367628,33.508
1768500274.469794,32.916
1768500274.5720563,32.521
1768500274.6743329,33.587
1768500274.7766314,35.757
1768500274.8788276,34.771
1768500274.980956,33.883
1768500275.083421,33.193
1768500275.1856496,32.817
1768500275.2879958,33.883
1768500275.3909109,37.018
1768500275.4930325,37.116
1768500275.59526,36.229
1768500275.697597,32.916
1768500275.8002994,36.447
1768500275.9023676,36.131
1768500276.0044217,36.032
1768500276.1066253,35.736
1768500276.208695,33.489
1768500276.3112812,32.62
1768500276.417391,33.014
1768500276.519518,33.31
1768500276.6218312,33.587
1768500276.7259,41.207
1768500276.828351,36.82
1768500276.9305348,32.323
1768500277.0328228,40.247
1768500277.1349924,37.51
1768500277.237234,32.225
1768500277.343607,41.527
1768500277.4458873,34.278
1768500277.5481172,38.474
1768500277.6504092,41.109
1768500277.7527442,32.62
1768500277.8551772,43.274
1768500277.9575586,35.264
1768500278.059945,37.883
1768500278.1621852,39.284
1768500278.2679126,32.323
1768500278.3701622,43.274
1768500278.472651,33.686
1768500278.575002,37.708
1768500278.67722,45.932
1768500278.7795377,32.916
1768500278.8817844,42.093
1768500278.9840386,34.869
1768500279.0862505,38.989
1768500279.1927378,37.116
1768500279.294912,36.919
1768500279.3971853,42.019
1768500279.499428,32.62
1768500279.6016886,42.782
1768500279.7040381,33.686
1768500279.8063042,38.989
1768500279.9086826,37.806
1768500280.0109704,35.461
1768500280.1179445,46.271
1768500280.2200975,43.078
1768500280.3235767,33.982
1768500280.4257162,41.133
1768500280.5277903,35.856
1768500280.6298819,37.51
1768500280.7321386,40.838
1768500280.834214,32.521
1768500280.9363737,47.254
1768500281.0431705,33.212
1768500281.145414,43.595
1768500281.2477062,34.672
1768500281.350878,39.557
1768500281.4531577,37.51
1768500281.5554523,32.225
1768500281.6576512,46.818
1768500281.7599814,33.014
1768500281.8622093,43.668
1768500281.9686418,34.475
1768500282.0710282,38.966
1768500282.1732652,38.299
1768500282.2755594,32.225
1768500282.3777509,46.664
1768500282.480063,33.606
1768500282.5824692,40.345
1768500282.684671,37.412
1768500282.7868967,32.225
1768500282.8940244,45.145
1768500282.9962902,33.606
1768500283.0985126,38.671
1768500283.2010005,38.299
1768500283.3032422,32.323
1768500283.4054594,43.642
1768500283.507744,33.686
1768500283.6100197,41.207
1768500283.7122262,36.82
1768500283.819372,36.328
1768500283.9216442,43.373
1768500284.0239294,32.62
1768500284.126302,43.497
1768500284.2285285,34.179
1768500284.3307247,38.693
1768500284.4329505,39.974
1768500284.5351284,32.422
1768500284.637309,46.664
1768500284.743383,33.014
1768500284.8455365,34.573
1768500284.9483888,38.124
1768500285.0505407,39.163
1768500285.1527054,33.982
1768500285.2547417,47.352
1768500285.356896,33.113
1768500285.459016,43.865
1768500285.5613725,34.179
1768500285.663445,38.2
1768500285.7655718,39.262
1768500285.8715525,32.323
1768500285.9737318,46.003
1768500286.0759995,32.916
1768500286.178559,43.176
1768500286.2813933,34.278
1768500286.383739,37.981
1768500286.4859486,40.148
1768500286.588295,32.62
1768500286.6906507,43.176
1768500286.7957513,34.08
1768500286.8979843,40.739
1768500287.0003035,36.131
1768500287.1025846,37.236
1768500287.2050405,40.444
1768500287.3073971,32.422
1768500287.4096534,43.249
1768500287.5119112,34.001
1768500287.6142166,39.754
1768500287.7164083,37.412
1768500287.8239973,35.638
1768500287.9262917,46.692
1768500288.0286465,32.916
1768500288.1313872,42.855
1768500288.2336507,34.672
1768500288.3358774,36.151
1768500288.4381979,42.585
1768500288.5405037,32.521
1768500288.643113,36.82
1768500288.7480943,41.404
1768500288.8504565,32.521
1768500288.9526865,37.116
1768500289.0549712,47.155
1768500289.1575425,34.573
1768500289.2597327,36.919
1768500289.3619413,40.345
1768500289.4641044,32.62
1768500289.5663903,43.668
1768500289.6734965,40.05
1768500289.7755394,37.806
1768500289.8777044,36.25
1768500289.9799418,42.512
1768500290.0821707,32.817
1768500290.1848905,42.585
1768500290.2870047,34.08
1768500290.3891966,38.966
1768500290.4913485,39.679
1768500290.6055353,33.113
1768500290.707714,41.699
1768500290.8099046,35.56
1768500290.9121022,39.087
1768500291.014285,38.102
1768500291.116569,36.426
1768500291.2216356,42.413
1768500291.3239126,32.62
1768500291.4260952,43.741
1768500291.5284667,33.409
1768500291.6307878,40.542
1768500291.7331538,36.151
1768500291.835497,38.08
1768500291.9378273,39.262
1768500292.040096,37.236
1768500292.1457617,40.739
1768500292.2479808,32.995
1768500292.3501642,43.446
1768500292.452519,32.718
1768500292.5548549,45.386
1768500292.6571445,33.113
1768500292.7593665,43.201
1768500292.8616416,33.902
1768500292.9638298,42.093
1768500293.0660868,35.165
1768500293.171216,39.534
1768500293.2735868,35.658
1768500293.3758073,37.708
1768500293.4781861,38.496
1768500293.580476,32.323
1768500293.682786,43.471
1768500293.7850225,34.179
1768500293.8874414,38.375
1768500293.9896975,39.557
1768500294.092024,32.422
1768500294.1981003,33.982
1768500294.3006325,36.229
1768500294.402729,44.259
1768500294.5051415,33.31
1768500294.607564,38.792
1768500294.709708,37.806
1768500294.8124092,34.968
1768500294.9145498,43.078
1768500295.0167646,33.212
1768500295.1218812,40.912
1768500295.2246926,35.362
1768500295.32698,37.708
1768500295.429268,38.397
1768500295.53149,32.225
1768500295.6340299,43.373
1768500295.736261,33.587
1768500295.8384724,41.33
1768500295.9407582,36.151
1768500296.043046,37.116
1768500296.1486328,40.247
1768500296.2509122,32.521
1768500296.3531454,44.921
1768500296.4554923,33.606
1768500296.5577502,39.262
1768500296.6598969,37.116
1768500296.7621741,36.525
1768500296.8643932,41.601
1768500296.9667764,32.62
1768500297.0689108,42.585
1768500297.1741805,33.686
1768500297.27641,40.444
1768500297.378793,37.116
1768500297.4812918,32.225
1768500297.5836918,47.872
1768500297.6859136,33.113
1768500297.7882338,42.979
1768500297.890537,34.869
1768500297.992749,38.595
1768500298.0956085,38.375
1768500298.2018368,32.323
1768500298.3042483,42.881
1768500298.406716,34.869
1768500298.510976,37.883
1768500298.613683,42.29
1768500298.7161121,36.131
1768500298.8185632,32.323
1768500298.9209912,45.61
1768500299.0269556,41.01
1768500299.1291983,35.461
1768500299.2314844,36.701
1768500299.333687,43.471
1768500299.4359262,32.916
1768500299.538093,43.767
1768500299.640827,33.982
1768500299.7429872,39.065
1768500299.8451889,36.82
1768500299.9480832,36.426
1768500300.0556793,41.527
1768500300.1582017,32.718
1768500300.2604837,43.937
1768500300.3630311,33.784
1768500300.4652445,41.034
1768500300.5677898,36.546
1768500300.6701648,36.722
1768500300.7727344,41.995
1768500300.8786569,32.817
1768500300.9811807,43.347
1768500301.0834622,33.883
1768500301.185771,40.148
1768500301.288009,38.2
1768500301.390566,33.587
1768500301.4929104,39.754
1768500301.5953305,37.51
1768500301.697616,33.686
1768500301.8045585,46.692
1768500301.9067807,33.014
1768500302.0093842,42.56
1768500302.1116192,34.179
1768500302.2138255,39.876
1768500302.316176,36.426
1768500302.4184225,36.447
1768500302.520652,41.404
1768500302.6228979,32.62
1768500302.7292168,42.979
1768500302.8316302,33.902
1768500302.9339123,41.133
1768500303.0363305,35.856
1768500303.1387239,36.447
1768500303.2409146,42.019
1768500303.3432934,32.916
1768500303.445608,43.471
1768500303.5478265,33.705
1768500303.6538086,36.229
1768500303.7567163,36.645
1768500303.8588555,42.487
1768500303.9610238,32.817
1768500304.063231,43.078
1768500304.1653748,34.475
1768500304.2676046,37.806
1768500304.36986,41.207
1768500304.4736176,33.508
1768500304.579706,33.606
1768500304.6818864,33.489
1768500304.784152,33.508
1768500304.8864448,33.587
1768500304.988663,33.606
1768500305.0910766,33.784
1768500305.193303,34.376
1768500305.2954907,34.475
1768500305.3978,34.573
1768500305.5013597,34.475
1768500305.6037035,34.08
1768500305.7059877,34.475
1768500305.8082628,34.08
1768500305.9103868,33.784
1768500306.012547,33.784
1768500306.1148808,33.113
1768500306.2170033,32.62
1768500306.3191752,32.62
1768500306.421596,33.113
1768500306.5269089,33.31
1768500306.6292083,33.606
1768500306.731477,33.982
1768500306.8336577,34.376
1768500306.9358554,34.573
1768500307.0431433,35.461
1768500307.1480038,31.83
1768500307.2523308,35.757
1768500307.3544846,32.027
1768500307.4566894,41.133
1768500307.5589302,36.447
1768500307.6611047,32.126
1768500307.763287,43.57
1768500307.8655796,38.397
1768500307.9678125,32.225
1768500308.0701575,33.31
1768500308.1773272,43.004
1768500308.2795506,35.835
1768500308.3818002,36.722
1768500308.4845796,43.3
1768500308.5870507,38.792
1768500308.6891856,32.225
1768500308.792824,46.762
1768500308.8949516,33.409
1768500309.0010808,40.739
1768500309.1032279,36.447
1768500309.2054539,36.623
1768500309.3076704,41.034
1768500309.4098577,32.62
1768500309.5121486,42.782
1768500309.6143582,33.804
1768500309.7166715,41.33
1768500309.8188818,36.546
1768500309.9212482,36.743
1768500310.0272107,42.709
1768500310.1293979,32.422
1768500310.2316113,45.878
1768500310.3339305,33.409
1768500310.4363482,41.527
1768500310.538612,36.743
1768500310.64114,36.447
1768500310.7433813,46.762
1768500310.8455915,32.718
1768500310.9511166,42.782
1768500311.0533862,34.573
1768500311.1556249,39.163
1768500311.2578359,37.708
1768500311.3601239,36.447
1768500311.4624362,44.429
1768500311.5648077,33.113
1768500311.667185,41.995
1768500311.7694576,35.461
1768500311.8756616,36.623
1768500311.9780211,41.034
1768500312.0802584,32.422
1768500312.1824267,46.271
1768500312.2846124,33.113
1768500312.3868964,42.364
1768500312.4891376,34.376
1768500312.5914886,39.065
1768500312.6936781,36.919
1768500312.7961776,41.133
1768500312.9021027,32.323
1768500313.0043695,44.528
1768500313.1071901,33.686
1768500313.2094786,41.404
1768500313.3118272,34.869
1768500313.4151967,38.42
1768500313.5174687,37.806
1768500313.6196678,32.225
1768500313.7218401,44.993
1768500313.8270223,32.817
1768500313.92924,42.782
1768500314.031417,34.08
1768500314.133677,40.345
1768500314.2358828,37.215
1768500314.3381002,36.328
1768500314.4403355,42.585
1768500314.5425804,32.62
1768500314.644881,42.979
1768500314.751071,34.278
1768500314.8534622,39.087
1768500314.955769,37.806
1768500315.058091,36.743
1768500315.1604671,41.306
1768500315.2626798,32.323
1768500315.3649027,47.254
1768500315.4672115,33.113
1768500315.5696418,43.249
1768500315.6761315,34.869
1768500315.7783668,38.08
1768500315.880608,38.671
1768500315.9828272,35.165
1768500316.0853267,46.566
1768500316.1878202,33.212
1768500316.2902873,41.133
1768500316.3925605,36.151
1768500316.4951468,33.587
1768500316.600401,42.487
1768500316.7027476,34.771
1768500316.805202,33.982
1768500316.907538,45.457
1768500317.0099452,33.705
1768500317.112284,38.08
1768500317.214797,32.62
1768500317.3184953,41.183
1768500317.4256217,35.856
1768500317.528386,37.412
1768500317.6306627,43.3
1768500317.734896,32.62
1768500317.837219,42.979
1768500317.9394433,33.982
1768500318.0416102,40.542
1768500318.143913,38.2
1768500318.2490869,32.323
1768500318.3513381,43.963
1768500318.4536886,34.278
1768500318.5559146,31.83
1768500318.658344,39.853
1768500318.760615,36.328
1768500318.8628788,36.94
1768500318.9651198,42.684
1768500319.0673478,32.718
1768500319.1695385,42.388
1768500319.2746186,33.705
1768500319.376875,39.239
1768500319.4790587,37.018
1768500319.5812953,33.883
1768500319.6837175,47.38
1768500319.7861521,33.113
1768500319.8884664,42.216
1768500319.9907687,35.757
1768500320.0931945,36.842
1768500320.199219,45.708
1768500320.3016176,32.916
1768500320.4039767,41.995
1768500320.5061824,35.067
1768500320.60848,37.806
1768500320.7107663,40.247
1768500320.8129363,32.422
1768500320.9152203,46.987
1768500321.0173848,33.212
1768500321.1196887,43.373
1768500321.2257583,34.475
1768500321.327988,39.557
1768500321.4302373,37.51
1768500321.532536,34.179
1768500321.6348212,46.888
1768500321.737082,32.916
1768500321.8395376,34.475
1768500321.9424334,37.981
1768500322.044603,37.412
1768500322.1525822,36.328
1768500322.2548149,42.659
1768500322.3577926,32.62
1768500322.4600494,42.855
1768500322.562285,34.376
1768500322.6645598,39.36
1768500322.7669559,36.82
1768500322.869188,36.722
1768500322.9762747,41.601
1768500323.0785012,32.521
1768500323.1807146,45.708
1768500323.283128,33.31
1768500323.3853576,41.503
1768500323.487523,35.757
1768500323.5897179,37.609
1768500323.6919389,42.61
1768500323.7943492,32.62
1768500323.9008029,42.487
1768500324.003064,34.475
1768500324.1053274,38.868
1768500324.2076347,38.2
1768500324.3099003,35.56
1768500324.4122336,46.369
1768500324.5145738,33.014
1768500324.6167605,42.118
1768500324.7191424,35.264
1768500324.8258233,36.229
1768500324.9282715,43.398
1768500325.030515,32.718
1768500325.1329892,41.577
1768500325.2353623,34.968
1768500325.3377118,37.609
1768500325.4399652,39.679
1768500325.5422757,32.323
1768500325.644595,42.684
1768500325.7509665,33.587
1768500325.8533084,38.003
1768500325.9556653,38.671
1768500326.0580435,32.422
1768500326.1604378,42.782
1768500326.2627704,39.557
1768500326.3660846,37.412
1768500326.4682808,33.883
1768500326.5704775,42.782
1768500326.6770198,36.131
1768500326.7797155,32.718
1768500326.8820717,42.118
1768500326.9846916,35.835
1768500327.0882146,36.94
1768500327.190853,40.838
1768500327.2933178,32.521
1768500327.395627,40.814
1768500327.5015423,39.087
1768500327.6041946,32.62
1768500327.7064652,43.052
1768500327.8090253,34.573
1768500327.9114172,38.572
1768500328.0137646,40.05
1768500328.116004,32.422
1768500328.2185879,43.052
1768500328.3248868,38.102
1768500328.427311,32.323
1768500328.529998,41.896
1768500328.6323757,43.249
1768500328.7347326,35.067
1768500328.8369925,37.434
1768500328.9393659,43.078
1768500329.0416024,32.718
1768500329.1438782,42.487
1768500329.24625,34.672
1768500329.3526132,38.375
1768500329.4548962,40.641
1768500329.5572767,32.62
1768500329.659544,43.125
1768500329.7619789,35.067
1768500329.8642728,36.229
1768500329.967017,44.528
1768500330.0692623,32.916
1768500330.1714842,43.668
1768500330.2774737,34.573
1768500330.3797796,36.842
1768500330.4820516,44.16
1768500330.5844421,32.916
1768500330.6867304,34.278
1768500330.7899866,39.459
1768500330.8921247,36.82
1768500330.9942894,35.067
1768500331.096502,43.274
1768500331.2031467,32.916
1768500331.3053863,42.881
1768500331.4075775,34.968
1768500331.5107818,37.806
1768500331.6131387,39.754
1768500331.7153308,32.323
1768500331.8176167,46.566
1768500331.9198062,33.883
1768500332.022128,36.842
1768500332.1284897,45.315
1768500332.2307007,32.817
1768500332.3329759,43.078
1768500332.4352832,34.869
1768500332.5374966,39.186
1768500332.6399102,38.474
1768500332.742216,34.948
1768500332.844441,45.878
1768500332.9468179,33.014
1768500333.0536666,42.388
1768500333.1559331,35.165
1768500333.2581525,38.868
1768500333.3603396,37.806
1768500333.4626293,33.982
1768500333.5648048,47.282
1768500333.6670227,33.014
1768500333.7694023,43.274
1768500333.871638,34.573
1768500333.973908,38.299
1768500334.0787237,38.595
1768500334.180912,32.305
1768500334.2832594,47.675
1768500334.3856854,33.014
1768500334.487942,41.625
1768500334.5903196,36.349
1768500334.6926715,36.546
1768500334.7948833,43.471
1768500334.8971076,32.62
1768500335.0039895,43.767
1768500335.1063373,34.869
1768500335.2086766,33.902
1768500335.3108087,32.601
1768500335.415102,32.404
1768500335.5171683,34.771
1768500335.61925,36.349
1768500335.7213738,37.51
1768500335.8277128,37.905
1768500335.9299064,36.349
1768500336.0345228,36.25
1768500336.1367,35.56
1768500336.238873,34.376
1768500336.3412228,33.804
1768500336.4433138,33.705
1768500336.5455863,33.686
1768500336.6478434,33.784
1768500336.7532578,33.804
1768500336.8555546,33.686
1768500336.9577568,33.409
1768500337.0599504,33.705
1768500337.1621969,34.179
1768500337.2644203,34.278
1768500337.3666906,35.757
1768500337.4689703,37.313
1768500337.571246,36.053
1768500337.673414,31.435
1768500337.775667,32.323
1768500337.8815625,39.163
1768500337.983701,41.995
1768500338.0860007,32.817
1768500338.1882138,42.684
1768500338.2905154,34.475
1768500338.3928154,38.397
1768500338.4950907,40.148
1768500338.5974243,32.521
1768500338.69988,32.7
1768500338.802117,43.741
1768500338.9084072,33.606
1768500339.0106516,39.087
1768500339.113002,37.806
1768500339.2152128,32.225
1768500339.317513,46.341
1768500339.419729,33.212
1768500339.5220795,40.715
1768500339.6244106,36.151
1768500339.726726,36.525
1768500339.8334157,46.2
1768500339.9357328,33.212
1768500340.0380495,36.25
1768500340.1416867,37.412
1768500340.2438884,40.739
1768500340.3459764,32.323
1768500340.4486344,46.959
1768500340.550787,33.705
1768500340.6575654,32.027
1768500340.7600296,46.397
1768500340.862236,33.113
1768500340.9644837,43.865
1768500341.0666542,34.179
1768500341.168929,41.133
1768500341.27121,35.933
1768500341.373361,37.981
1768500341.475911,41.995
1768500341.5821636,32.718
1768500341.6845329,42.979
1768500341.7867477,33.982
1768500341.8889937,40.739
1768500341.9912455,36.25
1768500342.0934446,38.397
1768500342.1956797,41.773
1768500342.2978866,33.982
1768500342.4003403,41.724
1768500342.5025914,36.131
1768500342.6048787,37.412
1768500342.709824,41.798
1768500342.8121789,32.323
1768500342.9144366,45.779
1768500343.0166595,33.014
1768500343.1189625,43.767
1768500343.2212358,34.376
1768500343.3234649,39.065
1768500343.4257812,36.328
1768500343.528116,36.25
1768500343.6303656,43.176
1768500343.7364109,32.62
1768500343.8386981,42.388
1768500343.9409907,33.705
1768500344.0432425,39.754
1768500344.1456432,37.434
1768500344.247984,36.82
1768500344.3503778,41.306
1768500344.4527354,32.422
1768500344.5549328,43.57
1768500344.6571338,33.508
1768500344.7621903,41.306
1768500344.8643427,34.869
1768500344.9667237,37.806
1768500345.0708055,37.018
1768500345.1729755,42.019
1768500345.2754881,32.62
1768500345.3776588,46.172
1768500345.4797976,33.31
1768500345.5827794,43.544
1768500345.6893091,34.771
1768500345.7915487,38.474
1768500345.8938498,46.074
1768500345.9962347,35.264
1768500346.0984218,34.869
1768500346.200657,43.274
1768500346.302894,34.573
1768500346.4051661,32.126
1768500346.5074537,43.373
1768500346.6145086,34.869
1768500346.7168825,38.792
1768500346.81909,38.2
1768500346.9213922,35.461
1768500347.023609,44.036
1768500347.1259403,32.62
1768500347.2282155,43.595
1768500347.3304796,33.686
1768500347.432985,41.33
1768500347.5382297,36.25
1768500347.6405396,37.313
1768500347.742788,41.601
1768500347.8451526,32.323
1768500347.9473798,46.397
1768500348.0496888,33.113
1768500348.151884,42.093
1768500348.2540817,34.475
1768500348.3563247,32.521
1768500348.4585562,45.386
1768500348.5654306,33.39
1768500348.6676893,32.225
1768500348.7700074,44.993
1768500348.8722227,33.31
1768500348.9744275,43.347
1768500349.0766058,34.573
1768500349.1789932,40.617
1768500349.2814586,36.546
1768500349.3836923,36.229
1768500349.4898784,42.585
1768500349.592291,43.595
1768500349.6947913,34.672
1768500349.7970674,38.025
1768500349.899917,40.739
1768500350.0022624,32.817
1768500350.1063786,41.231
1768500350.2086499,36.623
1768500350.3139923,32.225
1768500350.416232,46.664
1768500350.5185847,34.278
1768500350.6208925,37.784
1768500350.723471,42.61
1768500350.8259034,32.916
1768500350.9284227,42.093
1768500351.0308132,38.003
1768500351.1332712,32.422
1768500351.2395265,42.979
1768500351.3418355,34.869
1768500351.4441452,37.51
1768500351.5463676,42.388
1768500351.6485562,32.521
1768500351.750969,43.373
1768500351.853336,34.278
1768500351.9557972,39.679
1768500352.0580661,39.065
1768500352.1643708,34.179
1768500352.2665687,44.233
1768500352.368846,32.817
1768500352.4711726,42.585
1768500352.5734248,33.982
1768500352.6757908,39.656
1768500352.7780008,37.116
1768500352.8803265,36.623
1768500352.9825966,44.751
1768500353.0867064,32.916
1768500353.1888885,42.093
1768500353.2911642,35.658
1768500353.393398,37.905
1768500353.4956481,39.777
1768500353.597873,32.521
1768500353.7001562,44.403
1768500353.802383,33.409
1768500353.9047084,43.274
1768500354.0069466,34.672
1768500354.1092436,38.2
1768500354.214762,32.225
1768500354.3182638,47.774
1768500354.4203937,33.113
1768500354.523078,40.444
1768500354.625149,36.426
1768500354.727347,37.018
1768500354.8307004,40.838
1768500354.9330502,32.521
1768500355.0391982,44.233
1768500355.1416235,33.982
1768500355.243958,39.163
1768500355.346364,38.277
1768500355.4486034,32.225
1768500355.5509334,46.397
1768500355.653281,33.508
1768500355.7555125,41.01
1768500355.8578184,36.032
1768500355.9600081,37.609
1768500356.0665433,41.33
1768500356.1687844,32.718
1768500356.2714198,42.684
1768500356.3736374,34.475
1768500356.476529,37.981
1768500356.5787685,41.699
1768500356.6815655,32.718
1768500356.7837834,43.446
1768500356.890697,33.804
1768500356.9928956,41.034
1768500357.0951395,35.56
1768500357.1975358,37.587
1768500357.2999094,40.542
1768500357.4023278,32.422
1768500357.504772,43.274
1768500357.606994,34.771
1768500357.709216,37.039
1768500357.8153286,41.231
1768500357.9176893,32.521
1768500358.0199916,43.471
1768500358.122318,34.001
1768500358.2245069,39.186
1768500358.3267229,40.148
1768500358.4289896,32.422
1768500358.5325446,42.167
1768500358.6348708,37.116
1768500358.7407079,42.782
1768500358.843078,33.705
1768500358.9461975,39.951
1768500359.048432,35.362
1768500359.1506276,37.981
1768500359.25398,38.966
1768500359.356124,32.323
1768500359.4583266,46.271
1768500359.560514,33.409
1768500359.665771,42.118
1768500359.768109,35.56
1768500359.8704276,36.842
1768500359.9728222,40.125
1768500360.075122,32.718
1768500360.1773305,43.078
1768500360.2795956,33.489
1768500360.3817747,41.724
1768500360.4840214,35.736
1768500360.5862215,37.193
1768500360.6926556,39.163
1768500360.79489,33.784
1768500360.8970551,41.699
1768500360.999276,32.62
1768500361.1014977,44.626
1768500361.2038443,33.686
1768500361.3062432,38.989
1768500361.408624,38.671
1768500361.5109348,32.225
1768500361.6132317,43.176
1768500361.7178907,33.686
1768500361.8203526,38.769
1768500361.9227004,37.412
1768500362.0249047,32.225
1768500362.1273177,43.642
1768500362.2296424,33.804
1768500362.3320467,38.868
1768500362.4343913,38.2
1768500362.53673,32.225
1768500362.642809,41.601
1768500362.74513,35.658
1768500362.8474936,32.62
1768500362.9497538,43.471
1768500363.0522017,34.179
1768500363.154569,38.966
1768500363.2568161,37.609
1768500363.3591979,36.032
1768500363.4615192,42.388
1768500363.564312,32.422
1768500363.6696062,33.883
1768500363.773548,39.186
1768500363.8756695,36.131
1768500363.9794195,32.225
1768500364.0815866,47.549
1768500364.1838398,33.212
1768500364.286053,42.979
1768500364.3884103,34.869
1768500364.4933808,36.131
1768500364.5956373,41.404
1768500364.6978796,32.62
1768500364.8000946,47.085
1768500364.9022708,33.014
1768500365.0045042,43.052
1768500365.106717,33.606
1768500365.2089546,42.757
1768500365.3111937,35.461
1768500365.4134135,37.39
1768500365.5203357,33.606
1768500365.6225226,32.916
1768500365.724746,32.718
1768500365.8270857,35.362
1768500365.9294474,37.313
1768500366.0315914,37.708
1768500366.1337698,36.525
1768500366.2358415,35.461
1768500366.3380115,34.869
1768500366.441737,34.179
1768500366.54384,37.609
1768500366.6459389,37.708
1768500366.748136,37.708
1768500366.8502128,37.215
1768500366.9523182,37.412
1768500367.0544705,36.722
1768500367.156832,35.757
1768500367.2590728,35.461
1768500367.3612719,35.954
1768500367.4634938,36.525
1768500367.5693874,37.412
1768500367.6715527,36.546
1768500367.7739196,36.053
1768500367.876179,32.521
1768500367.978345,32.521
1768500368.0804915,32.718
1768500368.1827247,33.31
1768500368.2849278,42.954
1768500368.3875115,34.179
1768500368.489681,33.291
1768500368.5991316,41.231
1768500368.701233,36.525
1768500368.8056908,32.225
1768500368.9079444,41.33
1768500369.0101833,34.672
1768500369.112364,38.2
1768500369.2145276,41.109
1768500369.3220255,32.62
1768500369.4242773,41.601
1768500369.5265539,35.362
1768500369.6288464,32.225
1768500369.7311792,44.652
1768500369.8334284,33.409
1768500369.9359257,40.247
1768500370.0381868,36.722
1768500370.140383,36.94
1768500370.246889,44.233
1768500370.3492463,32.817
1768500370.451627,40.936
1768500370.5538743,34.573
1768500370.656214,37.412
1768500370.7584913,38.792
1768500370.8607504,35.441
1768500370.9629157,41.995
1768500371.0651693,32.718
1768500371.1673982,45.932
1768500371.272271,33.606
1768500371.3747277,40.838
1768500371.4770293,36.722
1768500371.5794408,35.165
1768500371.681671,47.155
1768500371.7839582,33.014
1768500371.8862817,43.052
1768500371.9884672,34.278
1768500372.0906525,38.474
1768500372.19288,37.116
1768500372.2994828,32.126
1768500372.4017239,46.298
1768500372.5042896,33.508
1768500372.6066334,40.148
1768500372.7090127,38.89
1768500372.8114617,32.323
1768500372.9137146,45.976
1768500373.016047,32.422
1768500373.11826,37.039
1768500373.2271845,32.323
1768500373.3295655,43.767
1768500373.4319005,34.278
1768500373.5343213,37.138
1768500373.6378818,44.134
1768500373.740192,33.587
1768500373.8426464,38.868
1768500373.9489877,39.853
1768500374.0512502,32.323
1768500374.1535697,46.987
1768500374.2557244,32.916
1768500374.3579707,42.979
1768500374.4601407,33.982
1768500374.5624096,39.853
1768500374.6645775,37.018
1768500374.766957,36.426
1768500374.869184,42.954
1768500374.9739497,32.62
1768500375.0762525,43.052
1768500375.17854,34.278
1768500375.2810466,39.459
1768500375.3832495,36.82
1768500375.4854734,33.489
1768500375.5877478,47.085
1768500375.6900933,33.113
1768500375.792341,43.201
1768500375.8946412,34.573
1768500376.0004,38.474
1768500376.102627,38.277
1768500376.204909,32.225
1768500376.3072639,46.03
1768500376.4097128,33.014
1768500376.512007,42.56
1768500376.614355,34.869
1768500376.7166066,39.087
1768500376.8189278,37.412
1768500376.9248374,33.883
1768500377.0270934,43.471
1768500377.129412,32.817
1768500377.232169,42.388
1768500377.3345566,33.686
1768500377.4372823,39.951
1768500377.5395617,36.842
1768500377.6418817,45.708
1768500377.744794,33.014
1768500377.849854,42.216
1768500377.95212,35.264
1768500378.060661,37.039
1768500378.1630096,40.05
1768500378.2652218,32.323
1768500378.3675308,47.774
1768500378.4741542,33.212
1768500378.5772357,36.151
1768500378.6795545,45.976
1768500378.7818406,33.31
1768500378.8842716,42.388
1768500378.9864714,35.165
1768500379.088672,38.572
1768500379.1908312,38.595
1768500379.2931263,32.126
1768500379.3984656,46.074
1768500379.500723,33.014
1768500379.6029475,41.995
1768500379.705268,35.165
1768500379.8077166,36.82
1768500379.9099464,43.937
1768500380.0122244,32.718
1768500380.1146274,43.176
1768500380.217052,34.376
1768500380.3192875,38.671
1768500380.4243462,38.2
1768500380.5267806,32.225
1768500380.6293244,43.497
1768500380.7315238,34.376
1768500380.8337803,40.05
1768500380.9360948,36.032
1768500381.0383575,37.51
1768500381.140603,39.58
1768500381.242874,33.39
1768500381.349354,44.849
1768500381.4516783,32.62
1768500381.5540292,42.684
1768500381.6563833,34.475
1768500381.7586584,37.927
1768500381.8611727,38.769
1768500381.9634876,32.422
1768500382.0656834,33.014
1768500382.1692295,42.954
1768500382.27589,34.376
1768500382.3781917,40.05
1768500382.4810858,36.722
1768500382.5833185,36.349
1768500382.6856003,42.807
1768500382.7878418,32.62
1768500382.890038,45.046
1768500382.9922714,33.212
1768500383.0945425,42.659
1768500383.2009156,35.362
1768500383.3034651,38.572
1768500383.4056916,39.557
1768500383.508345,32.323
1768500383.6106524,46.2
1768500383.7131586,33.508
1768500383.8154159,41.601
1768500383.9179463,35.165
1768500384.020204,36.996
1768500384.1269734,44.528
1768500384.229249,32.916
1768500384.3317904,43.176
1768500384.4341724,34.968
1768500384.5368826,37.236
1768500384.639215,40.838
1768500384.741815,32.62
1768500384.8442018,43.176
1768500384.9511442,33.982
1768500385.0536141,39.951
1768500385.1559627,36.645
1768500385.2582266,37.039
1768500385.3606877,41.625
1768500385.4631944,32.225
1768500385.5654984,46.987
1768500385.6677184,33.014
1768500385.7739546,40.298
1768500385.876326,35.165
1768500385.9787977,37.708
1768500386.0817966,39.656
1768500386.1841204,32.521
1768500386.2862728,46.79
1768500386.3884795,43.57
1768500386.4919126,33.686
1768500386.5941026,41.896
1768500386.7051172,35.362
1768500386.807531,38.671
1768500386.9098372,38.102
1768500387.0121186,36.25
1768500387.1144903,42.782
1768500387.2168305,32.521
1768500387.3240912,45.091
1768500387.426395,33.014
1768500387.5286357,41.798
1768500387.6308978,35.067
1768500387.7331862,40.838
1768500387.8354008,35.835
1768500387.93774,38.693
1768500388.0401323,37.412
1768500388.1424131,37.51
1768500388.2488515,41.527
1768500388.3511295,32.521
1768500388.453352,47.97
1768500388.5555692,33.113
1768500388.6577668,32.521
1768500388.759977,43.078
1768500388.8623478,34.179
1768500388.9645946,39.951
1768500389.0668385,36.447
1768500389.1729875,37.609
1768500389.2752535,41.231
1768500389.3774693,32.323
1768500389.4796605,45.932
1768500389.5818748,32.817
1768500389.6840966,41.995
1768500389.7863514,34.573
1768500389.8885446,38.966
1768500389.990973,37.609
1768500390.097135,36.623
1768500390.1994398,42.585
1768500390.3019626,32.521
1768500390.4041352,45.948
1768500390.5063913,32.817
1768500390.608748,42.585
1768500390.711441,42.388
1768500390.8139327,35.165
1768500390.916065,39.36
1768500391.0181181,36.151
1768500391.1257777,38.671
1768500391.2280571,38.299
1768500391.3302135,36.525
1768500391.4323568,40.912
1768500391.534557,32.422
1768500391.636855,46.987
1768500391.739033,33.113
1768500391.8417144,43.176
1768500391.9484987,34.475
1768500392.0507815,39.262
1768500392.1530724,37.018
1768500392.2552757,37.215
1768500392.35753,46.397
1768500392.4597945,32.916
1768500392.561999,39.754
1768500392.664293,34.771
1768500392.7665932,38.08
1768500392.8688548,39.951
1768500392.9741237,32.323
1768500393.0762973,46.692
1768500393.1785338,33.489
1768500393.2807462,43.078
1768500393.3830423,34.672
1768500393.4853039,39.754
1768500393.5875926,37.412
1768500393.6898217,36.996
1768500393.792295,41.503
1768500393.897991,32.422
1768500394.0002713,45.976
1768500394.1025121,32.718
1768500394.204789,43.052
1768500394.307057,33.902
1768500394.4094837,41.404
1768500394.5119145,35.362
1768500394.6142151,38.671
1768500394.716434,37.51
1768500394.8186574,37.412
1768500394.9251132,40.247
1768500395.0273995,32.521
1768500395.1295562,46.369
1768500395.231903,33.31
1768500395.3346465,34.475
1768500395.437625,39.163
1768500395.5397174,37.806
1768500395.6419122,36.722
1768500395.7452877,33.982
1768500395.850103,37.018
1768500395.952335,37.51
1768500396.0545528,36.919
1768500396.1568491,36.82
1768500396.2590508,34.376
1768500396.3611846,34.297
1768500396.4633808,33.31
1768500396.5656216,33.113
1768500396.6678882,32.62
1768500396.7724817,32.62
1768500396.8747244,37.215
1768500396.9769275,36.053
1768500397.0790951,37.313
1768500397.1811728,37.215
1768500397.2834027,37.51
1768500397.3855538,36.623
1768500397.4878812,36.919
1768500397.590184,32.422
1768500397.6923847,32.521
1768500397.794578,33.014
1768500397.9003048,33.014
1768500398.002521,33.291
1768500398.1047342,33.212
1768500398.2069445,33.784
1768500398.309323,33.686
1768500398.4116304,31.633
1768500398.513764,33.883
1768500398.6161647,32.126
1768500398.7185488,36.645
1768500398.8207376,41.034
1768500398.9276154,34.771
1768500399.029793,37.215
1768500399.1320276,41.207
1768500399.2342427,32.718
1768500399.3364925,42.585
1768500399.4387288,33.705
1768500399.5409408,39.829
1768500399.6432064,36.525
1768500399.745404,37.018
1768500399.8476226,41.33
1768500399.9536188,32.422
1768500400.055797,46.003
1768500400.1580076,32.916
1768500400.2602158,43.176
1768500400.365806,40.912
1768500400.467922,36.053
1768500400.5699718,37.412
1768500400.673352,38.769
1768500400.7794952,32.323
1768500400.8816655,46.074
1768500400.983881,33.014
1768500401.0860803,43.249
1768500401.1883807,34.08
1768500401.290713,39.163
1768500401.3930197,38.299
1768500401.4952362,32.225
1768500401.597529,45.511
1768500401.7033627,33.784
1768500401.8056345,42.019
1768500401.9078963,35.835
1768500402.0104449,38.474
1768500402.1126935,40.148
1768500402.214941,32.521
1768500402.317274,44.528
1768500402.419681,33.686
1768500402.5220037,42.093
1768500402.6280684,37.905
1768500402.7304575,36.623
1768500402.8328319,43.274
1768500402.9350562,32.718
1768500403.0372438,42.881
1768500403.1399121,33.606
1768500403.2421517,39.656
1768500403.3444686,37.806
1768500403.4468133,32.225
1768500403.5530138,44.036
1768500403.6553895,33.784
1768500403.7576623,39.951
1768500403.8598816,36.229
1768500403.962119,37.215
1768500404.0643961,39.36
1768500404.1665971,32.422
1768500404.2687728,46.79
1768500404.371093,33.113
1768500404.4734707,42.487
1768500404.5802388,34.672
1768500404.68251,37.39
1768500404.7847877,33.291
1768500404.8884947,44.894
1768500404.9913821,32.817
1768500405.093548,37.729
1768500405.1956444,41.428
1768500405.2978415,32.817
1768500405.403675,42.782
1768500405.5061986,34.869
1768500405.608531,37.708
1768500405.7110085,38.966
1768500405.8133602,32.521
1768500405.915599,47.745
1768500406.0178201,33.014
1768500406.1201866,42.979
1768500406.2225308,34.08
1768500406.328488,38.299
1768500406.4307282,41.33
1768500406.5330846,32.521
1768500406.63556,43.891
1768500406.7377682,34.475
1768500406.840128,39.557
1768500406.9423292,36.722
1768500407.0445554,37.609
1768500407.146733,42.093
1768500407.248953,32.521
1768500407.3546207,42.192
1768500407.4568803,33.784
1768500407.5591404,40.715
1768500407.6614861,38.102
1768500407.7639956,37.236
1768500407.8662581,43.963
1768500407.9684942,32.422
1768500408.070744,45.806
1768500408.1730716,33.113
1768500408.2752354,39.853
1768500408.3804486,37.708
1768500408.4826515,36.229
1768500408.5849402,42.364
1768500408.6872392,38.299
1768500408.7894726,32.323
1768500408.891669,46.762
1768500408.9938724,32.817
1768500409.0961182,43.642
1768500409.1982684,33.587
1768500409.3006008,39.239
1768500409.4078262,37.609
1768500409.5100913,36.525
1768500409.612301,32.62
1768500409.7151213,42.954
1768500409.81745,33.31
1768500409.9196458,42.462
1768500410.0218098,33.982
1768500410.1241314,41.01
1768500410.226254,35.856
1768500410.3320014,38.496
1768500410.4342682,37.412
1768500410.5365756,32.897
1768500410.6387303,46.2
1768500410.7408907,32.62
1768500410.8431523,42.979
1768500410.945829,33.489
1768500411.0481374,43.57
1768500411.1503255,34.376
1768500411.2525887,40.838
1768500411.3584647,35.757
1768500411.4607182,38.868
1768500411.5629594,38.102
1768500411.665242,32.323
1768500411.767436,43.57
1768500411.8697696,32.62
1768500411.9719992,46.664
1768500412.0741816,33.014
1768500412.176321,43.3
1768500412.2823257,33.883
1768500412.384894,42.782
1768500412.4872231,34.672
1768500412.589726,40.838
1768500412.6920402,37.116
1768500412.7949743,37.412
1768500412.8973823,39.36
1768500412.9995735,32.422
1768500413.1019342,45.046
1768500413.2083035,32.817
1768500413.3105397,42.585
1768500413.4130032,33.587
1768500413.515186,40.838
1768500413.6177793,36.328
1768500413.720102,33.784
1768500413.8226533,44.357
1768500413.9249372,32.718
1768500414.0274856,46.172
1768500414.1337636,33.212
1768500414.2360694,33.982
1768500414.3409643,40.247
1768500414.443103,35.933
1768500414.5453005,36.623
1768500414.6474786,41.921
1768500414.7495918,32.422
1768500414.8517303,46.102
1768500414.9538517,32.817
1768500415.058731,44.036
1768500415.1609235,33.606
1768500415.2631412,42.265
1768500415.365407,34.771
1768500415.4677258,39.534
1768500415.5700955,37.51
1768500415.6724648,34.278
1768500415.7747564,45.216
1768500415.8769543,32.916
1768500415.9793448,42.29
1768500416.08488,33.982
1768500416.187135,42.019
1768500416.2893806,35.757
1768500416.3916636,38.496
1768500416.4940386,38.299
1768500416.5962949,36.328
1768500416.6986196,45.905
1768500416.800874,32.62
1768500416.903001,46.593
1768500417.005225,33.014
1768500417.1114278,43.767
1768500417.21374,33.606
1768500417.3159063,43.741
1768500417.418198,34.08
1768500417.5205436,39.557
1768500417.6228018,37.116
1768500417.7251036,32.502
1768500417.8274071,46.818
1768500417.9297814,33.212
1768500418.035308,43.595
1768500418.1375914,34.869
1768500418.2398326,39.383
1768500418.3420908,40.542
1768500418.4443402,32.521
1768500418.5475202,43.57
1768500418.650567,41.034
1768500418.7528317,33.113
1768500418.8551168,47.479
1768500418.9623528,39.065
1768500419.0658243,37.806
1768500419.1679018,38.08
1768500419.274284,42.684
1768500419.3764186,35.539
1768500419.4785638,43.741
1768500419.5807803,33.686
1768500419.685936,41.01
1768500419.7883317,33.508
1768500419.8906462,39.36
1768500419.9929488,36.82
1768500420.095189,37.215
1768500420.1975713,40.936
1768500420.299814,32.521
1768500420.4021,45.216
1768500420.5043104,32.718
1768500420.606686,44.233
1768500420.7116334,33.982
1768500420.813942,40.691
1768500420.9162164,35.362
1768500421.0184336,38.769
1768500421.1206346,37.116
1768500421.2229457,37.412
1768500421.3252764,40.223
1768500421.4275618,33.982
1768500421.52997,45.806
1768500421.6321952,32.916
1768500421.7377782,42.118
1768500421.8401072,35.067
1768500421.9423082,40.223
1768500422.0445373,36.525
1768500422.1467116,37.609
1768500422.2488956,39.777
1768500422.3511267,34.278
1768500422.4534173,43.642
1768500422.5556192,32.62
1768500422.657897,46.102
1768500422.7638328,33.606
1768500422.8661466,45.288
1768500422.968431,34.771
1768500423.0706396,40.27
1768500423.1729758,37.039
1768500423.27569,37.335
1768500423.3779218,39.656
1768500423.4801924,37.784
1768500423.5824218,45.413
1768500423.6849797,33.113
1768500423.7894351,35.658
1768500423.892394,38.671
1768500423.9954782,37.609
1768500424.0976117,33.212
1768500424.199795,41.896
1768500424.302099,35.362
1768500424.4042222,38.178
1768500424.5063863,38.792
1768500424.6085088,34.396
1768500424.7148082,47.38
1768500424.8170128,33.113
1768500424.9197116,42.684
1768500425.0219376,34.376
1768500425.1242092,40.05
1768500425.2265027,37.905
1768500425.328793,32.323
1768500425.4311428,45.091
1768500425.5333996,33.409
1768500425.6401877,43.741
1768500425.7423263,34.672
1768500425.8445697,37.905
1768500425.946933,36.645
1768500426.0491478,35.165
1768500426.1512055,33.784
1768500426.253379,33.014
1768500426.3555589,36.349
1768500426.4577687,38.693
1768500426.5621727,37.236
1768500426.6643434,32.422
1768500426.7664723,32.62
1768500426.8686683,33.212
1768500426.970933,33.508
1768500427.0731697,33.31
1768500427.1753294,33.39
1768500427.277482,33.409
1768500427.3796854,34.278
1768500427.4818895,35.067
1768500427.5856202,33.982
1768500427.6877294,32.916
1768500427.7898924,33.686
1768500427.8920884,34.179
1768500427.9942565,34.376
1768500428.0967815,33.784
1768500428.1989658,35.165
1768500428.3011265,36.82
1768500428.4033165,36.447
1768500428.5060234,33.686
1768500428.608362,41.625
1768500428.717705,33.113
1768500428.8199136,38.102
1768500428.922196,43.347
1768500429.024435,34.001
1768500429.126745,37.215
1768500429.2289739,39.163
1768500429.3313127,32.817
1768500429.4335158,42.29
1768500429.5399241,37.116
1768500429.6423414,32.323
1768500429.744611,42.881
1768500429.8469424,35.362
1768500429.9492488,34.061
1768500430.051637,46.102
1768500430.153912,33.409
1768500430.2562597,38.966
1768500430.3585,37.905
1768500430.4607863,32.323
1768500430.5662875,41.995
1768500430.6687324,33.508
1768500430.77112,40.715
1768500430.8734915,36.722
1768500430.975735,37.806
1768500431.078496,39.679
1768500431.1809046,32.323
1768500431.283174,47.745
1768500431.3854296,33.014
1768500431.4877079,43.078
1768500431.5927458,34.475
1768500431.695131,38.2
1768500431.7974694,38.572
1768500431.8997939,33.606
1768500432.0020058,42.782
1768500432.1042545,32.817
1768500432.206415,42.757
1768500432.3086584,33.31
1768500432.4108496,42.881
1768500432.5130801,34.869
1768500432.6152601,38.397
1768500432.7205017,38.769
1768500432.8228557,32.225
1768500432.925127,44.134
1768500433.0273008,32.718
1768500433.1294901,43.937
1768500433.231659,33.31
1768500433.33391,43.57
1768500433.4361103,33.982
1768500433.53833,39.186
1768500433.6409354,37.138
1768500433.7482498,42.388
1768500433.8512807,32.718
1768500433.9535084,42.56
1768500434.0556846,33.705
1768500434.1577494,41.601
1768500434.2598984,34.771
1768500434.3620572,39.042
1768500434.4641373,36.426
1768500434.566232,38.102
1768500434.672737,40.148
1768500434.7750738,32.305
1768500434.877486,45.145
1768500434.9797204,33.113
1768500435.0820637,42.979
1768500435.1843183,34.179
1768500435.2866595,41.034
1768500435.3888807,35.658
1768500435.4911377,37.883
1768500435.5976682,39.777
1768500435.6999724,32.422
1768500435.8021536,46.369
1768500435.904482,33.014
1768500436.0068085,41.207
1768500436.109092,35.658
1768500436.2114506,32.225
1768500436.3137252,43.642
1768500436.4159853,34.672
1768500436.5216367,38.671
1768500436.623853,39.58
1768500436.7262986,32.422
1768500436.8285751,44.16
1768500436.9308796,33.409
1768500437.033186,40.936
1768500437.1353915,35.362
1768500437.2376087,37.116
1768500437.3399367,40.247
1768500437.4421818,32.521
1768500437.5477016,41.675
1768500437.6500814,34.968
1768500437.7527568,36.229
1768500437.8551004,41.306
1768500437.9572272,32.62
1768500438.0598185,44.357
1768500438.1620698,33.489
1768500438.2647436,38.89
1768500438.3670948,32.422
1768500438.4739416,42.684
1768500438.5760627,44.823
1768500438.6781769,33.113
1768500438.7803504,39.087
1768500438.8825145,44.233
1768500438.9846866,34.869
1768500439.0868516,32.126
1768500439.1889791,42.388
1768500439.2911675,35.954
1768500439.393227,35.067
1768500439.499123,46.566
1768500439.6013005,33.31
1768500439.7036157,40.739
1768500439.8058765,36.032
1768500439.908126,36.82
1768500440.010379,44.921
1768500440.1126459,33.804
1768500440.2148826,40.641
1768500440.317171,37.018
1768500440.419524,36.053
1768500440.5251756,46.074
1768500440.6274774,33.705
1768500440.7297456,39.459
1768500440.8320584,38.003
1768500440.9343374,35.933
1768500441.0365686,44.233
1768500441.1388748,32.817
1768500441.2411354,43.201
1768500441.3435128,34.08
1768500441.450172,41.157
1768500441.5525186,36.131
1768500441.654739,37.138
1768500441.7570498,43.373
1768500441.859374,32.62
1768500441.9616094,43.078
1768500442.0639868,33.784
1768500442.1663857,39.754
1768500442.2685843,36.349
1768500442.3750136,36.919
1768500442.4772727,40.715
1768500442.5795758,32.62
1768500442.6818824,43.201
1768500442.7847075,34.771
1768500442.8871334,40.247
1768500442.9904242,36.623
1768500443.0926414,40.542
1768500443.1958277,32.323
1768500443.3004417,47.057
1768500443.4026155,33.113
1768500443.5049286,41.675
1768500443.6071537,34.968
1768500443.7093248,38.868
1768500443.8116167,37.806
1768500443.9139159,36.328
1768500444.016186,42.118
1768500444.1183288,32.422
1768500444.2204976,47.45
1768500444.3264685,33.113
1768500444.4287393,43.249
1768500444.5310004,34.672
1768500444.633329,37.587
1768500444.7356956,41.699
1768500444.8381217,32.521
1768500444.9403617,44.751
1768500445.0425127,33.291
1768500445.1448164,41.503
1768500445.2498145,35.067
1768500445.352171,40.345
1768500445.4544656,37.806
1768500445.5567455,32.225
1768500445.659047,45.806
1768500445.7612598,33.489
1768500445.8634202,43.471
1768500445.965766,34.08
1768500446.0679169,40.148
1768500446.1701488,36.229
1768500446.2762113,38.003
1768500446.3783972,37.708
1768500446.480591,37.587
1768500446.5829387,41.428
1768500446.685174,32.422
1768500446.7874348,46.074
1768500446.889687,33.113
1768500446.9919245,42.585
1768500447.0941088,34.199
1768500447.2015193,40.936
1768500447.3037553,35.856
1768500447.4064875,38.178
1768500447.5087273,42.364
1768500447.6113598,34.179
1768500447.7136345,39.459
1768500447.8158543,36.623
1768500447.9191935,41.724
1768500448.0255926,32.521
1768500448.127828,45.878
1768500448.2300413,33.014
1768500448.332486,41.601
1768500448.4346502,34.869
1768500448.5379176,31.929
1768500448.6402988,40.617
1768500448.742854,37.313
1768500448.8492396,32.601
1768500448.9515865,44.134
1768500449.053822,32.916
1768500449.1560462,42.979
1768500449.2584126,34.08
1768500449.3606453,40.912
1768500449.4630451,36.032
1768500449.565618,37.828
1768500449.6678948,41.896
1768500449.773955,32.422
1768500449.8762858,45.708
1768500449.978648,33.212
1768500450.0810187,42.954
1768500450.1833272,34.278
1768500450.285593,40.05
1768500450.3880377,36.328
1768500450.4903293,37.215
1768500450.5925426,42.807
1768500450.6997168,32.62
1768500450.801991,42.881
1768500450.9042659,34.179
1768500451.0065718,40.345
1768500451.1089497,36.743
1768500451.211295,36.328
1768500451.3135483,44.16
1768500451.415876,32.718
1768500451.518264,42.782
1768500451.6239712,34.475
1768500451.7262943,36.229
1768500451.8285644,45.046
1768500451.9308558,32.817
1768500452.0342648,42.881
1768500452.1366124,33.686
1768500452.2391994,35.835
1768500452.3413835,37.095
1768500452.443553,42.512
1768500452.5492926,32.718
1768500452.651622,43.078
1768500452.754135,34.672
1768500452.8564734,38.989
1768500452.958791,37.412
1768500453.0611274,36.525
1768500453.163377,42.019
1768500453.265596,32.521
1768500453.3678048,45.511
1768500453.4743397,33.606
1768500453.576716,41.995
1768500453.6790926,35.856
1768500453.7814195,36.701
1768500453.8837416,42.388
1768500453.986011,32.62
1768500454.088335,45.288
1768500454.1905906,33.409
1768500454.292952,43.176
1768500454.3982942,35.461
1768500454.5007286,38.42
1768500454.6030123,38.769
1768500454.7052958,33.686
1768500454.8076894,45.834
1768500454.9099627,32.817
1768500455.0122502,42.192
1768500455.114611,33.804
1768500455.2168393,41.798
1768500455.3229942,35.757
1768500455.4253168,37.313
1768500455.527598,38.769
1768500455.6298294,33.606
1768500455.7322564,46.593
1768500455.8345451,33.212
1768500455.9367738,42.118
1768500456.039067,35.362
1768500456.1414592,38.178
1768500456.2437844,37.018
1768500456.3485692,37.434
1768500456.4551868,37.806
1768500456.5573084,36.546
1768500456.6594412,33.883
1768500456.7632568,33.212
1768500456.865386,32.718
1768500456.9695542,35.539
1768500457.0717077,36.919
1768500457.17408,37.51
1768500457.2762566,37.708
1768500457.378431,37.806
1768500457.4805787,37.609
1768500457.5827456,37.609
1768500457.6849892,37.215
1768500457.787256,37.313
1768500457.8895175,36.919
1768500457.9917936,37.116
1768500458.097351,36.94
1768500458.199844,36.053
1768500458.3025162,32.323
1768500458.40481,32.62
1768500458.5071294,33.014
1768500458.6094606,31.83
1768500458.7116063,32.521
1768500458.813887,33.508
1768500458.9163332,41.428
1768500459.021969,35.757
1768500459.1243312,32.027
1768500459.2266343,41.231
1768500459.3288522,35.954
1768500459.4311197,32.126
1768500459.5333552,42.29
1768500459.6356018,34.968
1768500459.7379782,37.587
1768500459.8402128,40.345
1768500459.9425008,32.323
1768500460.0475423,45.708
1768500460.1498747,33.113
1768500460.2520845,43.176
1768500460.3542697,34.475
1768500460.4564588,39.36
1768500460.5586743,36.919
1768500460.6608975,36.94
1768500460.7633467,44.429
1768500460.8654995,32.916
1768500460.96774,43.471
1768500461.0825722,40.936
1768500461.1873035,36.151
1768500461.2894611,37.095
1768500461.3916202,40.345
1768500461.497591,32.422
1768500461.5997908,43.176
1768500461.7020037,33.686
1768500461.8044527,40.936
1768500461.9068105,35.933
1768500462.0090888,37.412
1768500462.1114078,39.951
1768500462.213654,32.521
1768500462.3159125,44.501
1768500462.422391,33.409
1768500462.5245514,41.231
1768500462.6268344,36.722
1768500462.7292309,36.447
1768500462.8315413,47.549
1768500462.9338264,33.014
1768500463.036131,40.912
1768500463.1383872,36.546
1768500463.2406213,35.362
1768500463.3476398,45.216
1768500463.4498901,32.916
1768500463.5520885,40.641
1768500463.6544633,37.018
1768500463.7568972,35.539
1768500463.8592021,46.959
1768500463.9614575,32.916
1768500464.063701,41.773
1768500464.1661325,34.771
1768500464.2718935,37.138
1768500464.3742564,40.247
1768500464.4764638,32.422
1768500464.5788262,45.413
1768500464.6810453,33.409
1768500464.7832313,42.388
1768500464.8858767,35.461
1768500464.988072,37.806
1768500465.090288,42.61
1768500465.1968374,32.718
1768500465.305756,33.804
1768500465.4078934,40.542
1768500465.5099254,37.018
1768500465.6119974,36.82
1768500465.7141116,43.274
1768500465.820344,32.521
1768500465.9225562,43.176
1768500466.0247416,33.489
1768500466.127065,41.601
1768500466.2292714,35.165
1768500466.331754,38.89
1768500466.434147,38.572
1768500466.5364661,32.323
1768500466.6386843,46.861
1768500466.7451158,33.39
1768500466.8473911,41.503
1768500466.9496503,36.151
1768500467.0518548,37.905
1768500467.1540337,40.172
1768500467.2562788,32.422
1768500467.358559,43.544
1768500467.4607837,33.883
1768500467.5631309,40.148
1768500467.6653435,37.018
1768500467.771285,32.7
1768500467.873472,43.078
1768500467.9757936,32.718
1768500468.0779948,43.176
1768500468.180272,33.784
1768500468.2825453,36.25
1768500468.384789,43.937
1768500468.4870255,33.508
1768500468.5893106,31.731
1768500468.6955187,42.684
1768500468.7977078,34.672
1768500468.899907,38.08
1768500469.002207,38.2
1768500469.1044457,32.225
1768500469.2066479,42.881
1768500469.3088858,34.08
1768500469.411081,37.434
1768500469.5133529,45.216
1768500469.6155586,33.686
1768500469.7209659,38.102
1768500469.823262,39.951
1768500469.9254272,32.62
1768500470.0290017,34.08
1768500470.1320987,40.073
1768500470.2344432,36.722
1768500470.336524,36.525
1768500470.4386623,42.881
1768500470.5406966,32.718
1768500470.6466494,39.951
1768500470.7489686,37.412
1768500470.8511355,34.159
1768500470.9533381,46.861
1768500471.0554898,33.014
1768500471.1577253,41.995
1768500471.259889,34.869
1768500471.3622034,38.2
1768500471.4643722,38.989
1768500471.5665827,32.422
1768500471.668894,42.684
1768500471.774723,34.179
1768500471.876887,38.572
1768500471.979347,38.003
1768500472.0816338,34.573
1768500472.1841726,43.446
1768500472.2863731,32.718
1768500472.3889387,43.052
1768500472.4911478,34.278
1768500472.5991063,39.087
1768500472.7013874,39.163
1768500472.8037286,32.225
1768500472.9059868,45.735
1768500473.0081155,33.212
1768500473.1103172,43.471
1768500473.2127867,35.067
1768500473.3150258,37.686
1768500473.41758,41.01
1768500473.522618,32.521
1768500473.6247954,43.274
1768500473.72708,34.278
1768500473.8295584,38.003
1768500473.9324143,39.679
1768500474.0346632,32.323
1768500474.1368454,46.074
1768500474.239022,33.113
1768500474.3412075,41.527
1768500474.4435315,35.757
1768500474.5482812,36.722
1768500474.651911,44.751
1768500474.754165,40.641
1768500474.857008,36.842
1768500474.9591208,34.771
1768500475.0612872,46.888
1768500475.1634595,33.014
1768500475.2657354,43.57
1768500475.3679836,34.376
1768500475.4729073,38.966
1768500475.5752156,38.299
1768500475.6774306,32.601
1768500475.7797482,46.298
1768500475.882013,33.014
1768500475.9842172,43.176
1768500476.0864625,34.278
1768500476.1887417,38.966
1768500476.291084,38.693
1768500476.3933465,32.225
1768500476.4957197,45.243
1768500476.6004162,33.31
1768500476.7027025,41.503
1768500476.8049524,35.362
1768500476.9072685,37.883
1768500477.0094526,38.299
1768500477.1116345,36.743
1768500477.21399,45.019
1768500477.3162875,33.014
1768500477.4185538,42.684
1768500477.5209048,35.56
1768500477.6278365,36.898
1768500477.7300954,43.176
1768500477.8324149,32.62
1768500477.9348035,43.642
1768500478.0371954,33.883
1768500478.139613,38.966
1768500478.2421968,39.36
1768500478.3445144,32.817
1768500478.4467447,43.176
1768500478.552562,33.982
1768500478.6548994,32.323
1768500478.7577708,43.668
1768500478.8601558,34.968
1768500478.9622917,38.496
1768500479.0644917,38.102
1768500479.1667964,33.686
1768500479.26903,46.959
1768500479.371626,33.014
1768500479.4782093,42.487
1768500479.5804572,34.396
1768500479.6826687,37.905
1768500479.7849562,34.869
1768500479.8871355,47.057
1768500479.9894392,33.212
1768500480.0916805,43.249
1768500480.1937597,34.376
1768500480.2959101,39.36
1768500480.3979876,37.215
1768500480.5033922,33.587
1768500480.605626,45.216
1768500480.707892,33.212
1768500480.8100944,42.487
1768500480.9123006,34.672
1768500481.0144863,39.974
1768500481.116707,36.525
1768500481.2189913,37.039
1768500481.321183,42.216
1768500481.4233527,32.521
1768500481.5297022,44.698
1768500481.63192,33.587
1768500481.7341645,41.724
1768500481.836462,36.131
1768500481.9386654,36.919
1768500482.0408394,40.739
1768500482.1430495,32.521
1768500482.2452242,46.79
1768500482.347463,33.113
1768500482.4545536,43.57
1768500482.556771,34.573
1768500482.65898,38.102
1768500482.7612715,38.277
1768500482.8635767,34.08
1768500482.965741,44.134
1768500483.0680325,32.817
1768500483.1701872,42.881
1768500483.2723856,34.297
1768500483.3784466,39.459
1768500483.4806428,37.236
1768500483.582919,36.525
1768500483.6851683,41.995
1768500483.787526,32.718
1768500483.8897755,43.865
1768500483.9920316,34.573
1768500484.0949788,38.693
1768500484.1972268,38.792
1768500484.3031442,33.982
1768500484.4055629,33.113
1768500484.5085955,41.306
1768500484.6107666,36.151
1768500484.712883,37.412
1768500484.8150015,41.724
1768500484.9170759,32.521
1768500485.0193157,43.446
1768500485.1216195,34.179
1768500485.227461,37.51
1768500485.329707,38.966
1768500485.4319031,32.323
1768500485.5342507,43.839
1768500485.6365867,33.982
1768500485.738887,37.828
1768500485.8413155,42.487
1768500485.9436069,32.718
1768500486.0459976,43.103
1768500486.152735,34.376
1768500486.255066,31.83
1768500486.3575232,42.979
1768500486.459762,34.672
1768500486.5621407,38.693
1768500486.664476,35.933
1768500486.766753,37.313
1768500486.8692458,37.708
1768500486.9714208,37.905
1768500487.0751672,36.151
1768500487.1774924,34.771
1768500487.2797134,33.883
1768500487.382162,33.31
1768500487.4844673,32.916
1768500487.5867968,32.718
1768500487.6889477,34.771
1768500487.7910995,36.349
1768500487.8932073,35.933
1768500487.9955156,35.835
1768500488.100525,32.798
1768500488.202894,32.521
1768500488.3054426,32.718
1768500488.4082646,32.817
1768500488.5107183,33.212
1768500488.615795,36.623
1768500488.7194552,32.817
1768500488.825193,33.982
1768500488.9287453,35.757
1768500489.0308888,37.116
1768500489.1330876,36.328
1768500489.2351897,35.461
1768500489.3372438,35.856
1768500489.4393165,41.601
1768500489.5415552,36.151
1768500489.6438196,34.08
1768500489.7461202,46.298
1768500489.8517525,33.784
1768500489.9539866,40.148
1768500490.0562258,37.412
1768500490.1586165,37.138
1768500490.2609313,42.782
1768500490.363154,32.718
1768500490.465511,43.839
1768500490.567875,33.587
1768500490.6701517,41.921
1768500490.7768009,36.447
1768500490.8790708,37.215
1768500490.9814558,41.404
1768500491.0836606,32.62
1768500491.1861222,45.118
1768500491.2882938,33.606
1768500491.3905287,41.995
1768500491.49273,34.376
1768500491.594927,37.51
1768500491.7006733,41.404
1768500491.8029807,32.62
1768500491.9052737,42.881
1768500492.0076146,33.982
1768500492.109842,38.868
1768500492.2121332,38.003
1768500492.3142936,33.784
1768500492.4165716,43.471
1768500492.5188203,32.817
1768500492.6212513,42.979
1768500492.727756,33.686
1768500492.8299718,40.739
1768500492.932451,36.722
1768500493.0391078,36.645
1768500493.142653,41.995
1768500493.244986,32.62
1768500493.3514376,33.094
1768500493.4535148,43.176
1768500493.5556283,34.278
1768500493.6577091,37.292
1768500493.7598815,39.754
1768500493.8619752,32.521
1768500493.9641101,46.762
1768500494.0662274,33.39
1768500494.1683598,42.388
1768500494.2706313,35.264
1768500494.376299,37.806
1768500494.4785748,39.754
1768500494.580777,32.422
1768500494.6830068,45.905
1768500494.7852013,33.014
1768500494.887458,43.767
1768500494.9898467,34.475
1768500495.0921237,38.868
1768500495.19434,37.412
1768500495.2966628,36.722
1768500495.4027102,41.428
1768500495.5049896,32.62
1768500495.6072528,42.659
1768500495.7094202,33.982
1768500495.8117993,39.186
1768500495.9140754,38.693
1768500496.0162969,35.165
1768500496.118453,43.668
1768500496.2206151,32.916
1768500496.322829,43.078
1768500496.4277682,34.179
1768500496.5300822,39.459
1768500496.6323283,37.51
1768500496.734593,32.422
1768500496.8369377,44.528
1768500496.939301,33.883
1768500497.0415707,37.927
1768500497.1438105,39.284
1768500497.2460914,32.521
1768500497.3483255,43.176
1768500497.4563034,33.982
1768500497.5585108,38.102
1768500497.6610508,38.693
1768500497.763239,32.323
1768500497.8655226,47.254
1768500497.967716,33.31
1768500498.0699162,42.192
1768500498.1722088,35.067
1768500498.2781427,41.699
1768500498.38178,32.718
1768500498.4839063,42.954
1768500498.5864098,40.641
1768500498.6885338,32.718
1768500498.7907615,40.739
1768500498.8929343,39.754
1768500498.995139,32.422
1768500499.097217,47.085
1768500499.203605,33.212
1768500499.3057895,41.281
1768500499.4081097,35.264
1768500499.510462,37.708
1768500499.61271,40.345
1768500499.715184,32.521
1768500499.8174767,45.145
1768500499.9200106,33.784
1768500500.0222468,40.05
1768500500.128884,37.905
1768500500.2311995,36.525
1768500500.3334177,41.428
1768500500.4357622,32.521
1768500500.5381122,45.806
1768500500.6403975,33.606
1768500500.7426863,39.58
1768500500.8449855,38.299
1768500500.9472432,32.422
1768500501.0528955,44.403
1768500501.1551042,33.409
1768500501.2574065,40.617
1768500501.3596547,35.56
1768500501.461955,36.722
1768500501.5642886,41.404
1768500501.6665986,32.718
1768500501.7688537,43.471
1768500501.8716986,33.784
1768500501.977877,37.806
1768500502.0802078,38.178
1768500502.1824799,32.521
1768500502.284889,40.321
1768500502.3872721,35.856
1768500502.4901474,36.722
1768500502.5924127,45.046
1768500502.694641,33.113
1768500502.7968976,42.29
1768500502.9043188,38.2
1768500503.0065253,39.459
1768500503.1089594,32.422
1768500503.211085,42.979
1768500503.3135521,32.817
1768500503.4157236,42.782
1768500503.5181139,34.08
1768500503.620223,38.868
1768500503.7225418,37.412
1768500503.8282602,34.968
1768500503.9307537,46.664
1768500504.0331373,33.212
1768500504.1355608,44.062
1768500504.23777,34.08
1768500504.3400958,41.207
1768500504.442343,35.856
1768500504.5446463,37.018
1768500504.646898,43.544
1768500504.749244,33.113
1768500504.8551059,42.192
1768500504.9573197,35.165
1768500505.0595458,38.003
1768500505.1618469,39.163
1768500505.2640617,32.323
1768500505.3662758,46.664
1768500505.468648,33.014
1768500505.5709443,41.527
1768500505.6734593,35.856
1768500505.7799232,36.743
1768500505.8821754,40.814
1768500505.9846582,32.521
1768500506.0869517,42.487
1768500506.1891508,33.686
1768500506.2914362,40.617
1768500506.3941185,36.426
1768500506.4963567,36.426
1768500506.5985758,45.046
1768500506.7062607,33.113
1768500506.8085814,43.052
1768500506.9107804,34.869
1768500507.0130768,37.313
1768500507.1158538,41.33
1768500507.2180355,33.212
1768500507.320223,43.865
1768500507.4224117,35.165
1768500507.524647,44.429
1768500507.6326692,34.08
1768500507.7350323,37.905
1768500507.837271,39.065
1768500507.9395237,32.422
1768500508.0417652,42.659
1768500508.14409,34.573
1768500508.246472,31.929
1768500508.34873,43.642
1768500508.4562006,34.475
1768500508.5584748,31.929
1768500508.6608105,41.921
1768500508.7630737,35.362
1768500508.8652961,37.095
1768500508.9676783,41.33
1768500509.0702324,32.422
1768500509.1726573,42.757
1768500509.2750545,33.784
1768500509.3815885,40.912
1768500509.48393,36.919
1768500509.5862098,36.94
1768500509.6885576,44.206
1768500509.7908242,32.718
1768500509.8930826,43.57
1768500509.9952848,33.784
1768500510.0975535,42.118
1768500510.1997776,36.032
1768500510.306084,37.215
1768500510.408348,39.951
1768500510.5107586,32.323
1768500510.6131458,44.036
1768500510.7155323,33.606
1768500510.8179336,41.109
1768500510.9201524,35.658
1768500511.022414,37.51
1768500511.125284,39.777
1768500511.2313335,32.323
1768500511.3339918,44.626
1768500511.4363153,33.31
1768500511.539353,41.306
1768500511.641571,35.165
1768500511.743813,37.708
1768500511.8461273,40.247
1768500511.9483595,46.987
1768500512.0510592,33.113
1768500512.1554856,43.57
1768500512.2579036,34.278
1768500512.360119,39.482
1768500512.4623675,37.412
1768500512.5645962,36.722
1768500512.6668944,41.133
1768500512.7692304,32.62
1768500512.871577,43.911
1768500512.9739776,33.587
1768500513.0798502,40.223
1768500513.1821227,36.25
1768500513.2843635,36.919
1768500513.3865838,41.404
1768500513.48895,32.62
1768500513.591417,43.398
1768500513.6936686,34.672
1768500513.7960484,38.89
1768500513.8982942,38.299
1768500514.0004897,34.968
1768500514.1065106,46.987
1768500514.2086859,33.014
1768500514.3109255,42.979
1768500514.4133115,34.771
1768500514.5158758,37.806
1768500514.6181157,41.231
1768500514.720499,32.323
1768500514.8228495,47.479
1768500514.9251127,32.916
1768500515.0312996,43.274
1768500515.1334844,34.179
1768500515.235731,39.853
1768500515.3385108,37.018
1768500515.4407148,37.236
1768500515.5428934,41.896
1768500515.645215,32.62
1768500515.7479877,43.176
1768500515.8503525,33.883
1768500515.9554334,38.966
1768500516.0576994,37.116
1768500516.1604471,36.131
1768500516.262708,41.207
1768500516.365038,32.62
1768500516.4672441,42.585
1768500516.5694602,33.883
1768500516.6717055,37.806
1768500516.7747734,35.264
1768500516.880325,47.352
1768500516.982666,34.968
1768500517.0848753,34.08
1768500517.187147,33.31
1768500517.2892516,33.014
1768500517.391461,33.014
1768500517.4936392,32.718
1768500517.5959256,32.62
1768500517.69845,32.62
1768500517.800648,32.62
1768500517.9032793,33.587
1768500518.005746,33.489
1768500518.1080208,35.933
1768500518.2102308,32.422
1768500518.312605,32.817
1768500518.414854,32.817
1768500518.5170178,33.113
1768500518.6193645,32.422
1768500518.7215512,32.62
1768500518.8238778,32.817
1768500518.9262903,33.31
1768500519.032156,34.278
1768500519.1344657,34.475
1768500519.236744,35.757
1768500519.3391783,36.94
1768500519.4415514,36.525
1768500519.5438502,32.422
1768500519.6462705,32.916
1768500519.7485688,34.573
1768500519.8508856,33.883
1768500519.953341,32.027
1768500520.0590792,38.769
1768500520.1612635,41.231
1768500520.2635818,32.817
1768500520.3663433,39.459
1768500520.4685955,39.459
1768500520.570843,32.521
1768500520.673125,42.979
1768500520.7794595,34.771
1768500520.8831952,37.806
1768500520.9856234,40.321
1768500521.0891612,32.422
1768500521.1914072,45.779
1768500521.2936556,33.606
1768500521.3958087,41.921
1768500521.4981198,36.82
1768500521.600649,43.274
1768500521.702834,32.718
1768500521.808836,42.192
1768500521.9111044,33.686
1768500522.0134225,41.404
1768500522.1156697,35.362
1768500522.217828,37.708
1768500522.32013,38.572
1768500522.4222903,32.225
1768500522.5245817,44.948
1768500522.6267216,32.916
1768500522.7290092,42.487
1768500522.8355753,33.686
1768500522.937891,41.428
1768500523.0400758,35.954
1768500523.1423829,37.609
1768500523.2446005,41.601
1768500523.3467994,32.422
1768500523.4490347,47.254
1768500523.5513034,33.31
1768500523.6537032,41.822
1768500523.759703,36.426
1768500523.8619664,37.193
1768500523.9642112,42.192
1768500524.0664494,32.422
1768500524.1687038,42.61
1768500524.2709782,34.1
1768500524.3732028,39.928
1768500524.4754388,36.94
1768500524.5776281,36.546
1768500524.6799488,42.585
1768500524.786474,32.62
1768500524.8887722,45.61
1768500524.9909658,33.31
1768500525.0931258,41.872
1768500525.19533,35.264
1768500525.2974908,39.186
1768500525.3996506,38.299
1768500525.501825,35.56
1768500525.605095,44.16
1768500525.7109804,32.817
1768500525.8132493,42.782
1768500525.9154549,33.883
1768500526.0176752,40.838
1768500526.1199052,35.954
1768500526.2221158,40.247
1768500526.3250053,32.323
1768500526.4271185,47.184
1768500526.5292866,33.31
1768500526.6345015,41.527
1768500526.736833,35.856
1768500526.8391798,38.178
1768500526.941456,38.792
1768500527.0436397,36.546
1768500527.1459138,41.921
1768500527.2481766,32.422
1768500527.3504062,44.626
1768500527.452614,33.409
1768500527.5549345,41.33
1768500527.6610777,36.053
1768500527.7632883,37.609
1768500527.8655365,40.05
1768500527.9677527,34.376
1768500528.0699222,45.511
1768500528.17217,32.817
1768500528.274399,31.83
1768500528.3769581,42.757
1768500528.4791424,34.179
1768500528.5857372,31.929
1768500528.6884537,37.883
1768500528.7907252,40.247
1768500528.8930418,32.422
1768500528.9953337,44.456
1768500529.0975614,33.409
1768500529.1996872,43.57
1768500529.301842,34.573
1768500529.4040642,39.065
1768500529.508968,36.743
1768500529.6117566,32.108
1768500529.7140474,46.888
1768500529.8162353,33.508
1768500529.9184053,39.262
1768500530.0252635,39.186
1768500530.1274838,32.521
1768500530.2297273,42.093
1768500530.335288,34.08
1768500530.4375892,39.087
1768500530.5398014,37.51
1768500530.6420944,32.422
1768500530.7444468,33.982
1768500530.847762,38.769
1768500530.9501054,39.557
1768500531.0522106,32.422
1768500531.1544409,42.881
1768500531.2603936,33.705
1768500531.3625903,42.118
1768500531.4647772,35.461
1768500531.5670164,36.504
1768500531.669494,44.16
1768500531.7717543,32.62
1768500531.8741212,42.659
1768500531.9763577,34.179
1768500532.0786,40.345
1768500532.1845703,36.623
1768500532.28687,38.124
1768500532.3890555,39.186
1768500532.4913478,35.56
1768500532.5935743,45.341
1768500532.6960216,32.916
1768500532.798318,42.782
1768500532.9005494,34.672
1768500533.0028546,38.769
1768500533.1091614,37.806
1768500533.2115157,36.426
1768500533.3138428,41.995
1768500533.416103,32.521
1768500533.518271,44.698
1768500533.620574,33.587
1768500533.7227645,40.814
1768500533.8250165,35.56
1768500533.9272473,38.595
1768500534.0294833,38.693
1768500534.1351192,36.525
1768500534.2376192,42.019
1768500534.3398273,32.422
1768500534.4426873,46.271
1768500534.544922,33.113
1768500534.6487107,43.57
1768500534.7509449,34.376
1768500534.8533864,40.444
1768500534.95888,36.546
1768500535.0610864,37.828
1768500535.1634176,43.398
1768500535.2660024,36.011
1768500535.369808,44.698
1768500535.4721043,33.014
1768500535.574176,42.462
1768500535.6763582,36.032
1768500535.7784379,37.313
1768500535.8844981,42.118
1768500535.9867373,32.817
1768500536.0889332,42.462
1768500536.1911452,33.686
1768500536.293347,41.822
1768500536.3955147,34.869
1768500536.4977098,40.247
1768500536.5999398,36.82
1768500536.7021627,37.708
1768500536.806677,40.148
1768500536.9089496,32.422
1768500537.01133,46.495
1768500537.113571,33.113
1768500537.215852,43.668
1768500537.3181043,34.475
1768500537.4207876,40.05
1768500537.5230427,37.806
1768500537.6253312,36.151
1768500537.7275255,44.751
1768500537.8342042,32.817
1768500537.9363492,43.176
1768500538.038527,34.475
1768500538.1407607,39.534
1768500538.2430065,37.215
1768500538.3452697,32.422
1768500538.4474275,46.523
1768500538.5497687,33.31
1768500538.6522036,32.027
1768500538.754386,45.118
1768500538.8612854,33.193
1768500538.96349,43.57
1768500539.0656502,35.362
1768500539.1678264,38.496
1768500539.2711515,38.2
1768500539.3733535,36.645
1768500539.4755003,43.471
1768500539.577652,32.62
1768500539.6798284,43.937
1768500539.7856483,34.475
1768500539.887932,38.178
1768500539.990227,33.587
1768500540.09406,44.626
1768500540.196177,32.718
1768500540.2982655,43.471
1768500540.4003859,34.08
1768500540.5024881,39.557
1768500540.6045954,36.919
1768500540.710085,35.441
1768500540.8123257,44.259
1768500540.914473,32.718
1768500541.0167913,42.954
1768500541.1189666,33.606
1768500541.2212605,42.192
1768500541.323562,36.151
1768500541.425851,36.743
1768500541.5281525,44.036
1768500541.6344125,32.817
1768500541.736746,43.078
1768500541.8390086,33.982
1768500541.9412422,40.518
1768500542.0435467,36.82
1768500542.1459494,33.508
1768500542.2482135,47.015
1768500542.3505256,33.014
1768500542.4527678,42.782
1768500542.559155,34.869
1768500542.6614375,38.223
1768500542.7636974,38.769
1768500542.8661015,34.968
1768500542.9683428,45.118
1768500543.070691,33.014
1768500543.1728873,42.388
1768500543.275186,34.771
1768500543.377339,38.693
1768500543.48005,37.609
1768500543.5852568,34.771
1768500543.6875126,44.456
1768500543.7897918,32.916
1768500543.8921745,43.668
1768500543.9957738,34.771
1768500544.0980246,38.89
1768500544.2003884,38.792
1768500544.302544,36.426
1768500544.404677,41.872
1768500544.5097554,32.718
1768500544.6120067,45.511
1768500544.7142105,43.767
1768500544.817226,34.278
1768500544.9193065,40.223
1768500545.021482,37.784
1768500545.123556,32.225
1768500545.2256198,46.959
1768500545.3277435,33.31
1768500545.4299257,42.29
1768500545.536032,35.362
1768500545.6383288,38.299
1768500545.740704,38.671
1768500545.8429413,35.736
1768500545.9452384,43.57
1768500546.047456,32.62
1768500546.1497078,44.626
1768500546.2519054,33.212
1768500546.3541107,43.471
1768500546.4601302,34.573
1768500546.5624259,39.087
1768500546.6646087,37.018
1768500546.766892,36.919
1768500546.8691204,41.625
1768500546.971424,32.422
1768500547.073629,44.6
1768500547.1759589,33.113
1768500547.278214,36.131
1768500547.3840728,35.954
1768500547.4862845,37.116
1768500547.5885048,35.56
1768500547.6906042,34.672
1768500547.79283,34.573
1768500547.894989,33.587
1768500547.9970984,33.014
1768500548.0993478,32.916
1768500548.2039313,32.62
1768500548.3063776,32.521
1768500548.4085324,34.179
1768500548.5146255,32.225
1768500548.6181953,34.278
1768500548.7206047,36.25
1768500548.82293,35.56
1768500548.925167,36.151
1768500549.0274143,33.587
1768500549.130438,32.521
1768500549.2327754,32.718
1768500549.3350172,32.916
1768500549.4373548,33.705
1768500549.5395944,34.869
1768500549.6417983,36.426
1768500549.7440016,36.919
1768500549.8462644,36.328
1768500549.948469,35.145
1768500550.0507426,31.435
1768500550.1528773,32.225
1768500550.2582235,38.792
1768500550.360516,42.684
1768500550.4628754,33.31
1768500550.5651114,40.444
1768500550.6674948,37.51
1768500550.7698233,35.165
1768500550.8721213,45.145
1768500550.9743617,33.014
1768500551.07657,42.512
1768500551.1787944,35.56
1768500551.283965,38.375
1768500551.3861368,38.792
1768500551.4887278,32.798
1768500551.5909417,45.735
1768500551.6932824,32.817
1768500551.7955763,42.192
1768500551.8978293,33.587
1768500552.0000546,41.01
1768500552.1023772,35.165
1768500552.2045743,38.595
1768500552.3099096,37.708
1768500552.4121907,35.362
1768500552.5143502,44.259
1768500552.6165779,32.817
1768500552.7187808,43.347
1768500552.8210163,34.08
1768500552.9232821,40.345
1768500553.0255797,36.82
1768500553.1277308,37.313
1768500553.2300901,40.739
1768500553.3365633,32.422
1768500553.440198,43.937
1768500553.5424166,33.508
1768500553.644733,40.321
1768500553.7502139,36.131
1768500553.8524902,36.623
1768500553.9547226,41.995
1768500554.0596344,41.896
1768500554.1634166,34.968
1768500554.2655988,38.868
1768500554.3677015,37.806
1768500554.4697804,36.349
1768500554.5719523,44.429
1768500554.6740437,33.113
1768500554.7761974,42.757
1768500554.8783426,34.179
1768500554.9844227,38.769
1768500555.0866928,36.722
1768500555.1889021,36.82
1768500555.2912676,40.125
1768500555.3934238,32.521
1768500555.4956648,46.692
1768500555.5978398,33.014
1768500555.700043,43.767
1768500555.8023696,34.475
1768500555.9046462,41.231
1768500556.0109203,35.658
1768500556.1132014,38.375
1768500556.2153473,38.693
1768500556.3175545,35.441
1768500556.4197083,41.995
1768500556.521995,32.521
1768500556.6242542,45.905
1768500556.7264383,33.212
1768500556.8286412,43.865
1768500556.9342198,33.982
1768500557.0363824,40.542
1768500557.1385822,35.757
1768500557.240724,38.474
1768500557.343036,38.595
1768500557.44527,33.686
1768500557.5480826,44.823
1768500557.6502347,32.817
1768500557.7523324,43.57
1768500557.8545585,33.982
1768500557.9675677,41.01
1768500558.069908,35.461
1768500558.1720796,37.018
1768500558.2743194,42.684
1768500558.3765385,33.489
1768500558.4791677,43.57
1768500558.5843613,33.291
1768500558.6864698,41.01
1768500558.7885702,38.989
1768500558.8908808,33.014
1768500558.9930253,41.798
1768500559.0952384,35.658
1768500559.1973975,38.299
1768500559.2994494,39.065
1768500559.4015195,32.323
1768500559.503671,47.155
1768500559.609422,33.409
1768500559.7116368,42.315
1768500559.8138187,35.56
1768500559.9161303,37.609
1768500560.01841,38.299
1768500560.1206744,36.447
1768500560.2230659,40.838
1768500560.3254676,32.422
1768500560.427665,44.429
1768500560.5300772,33.014
1768500560.6360238,43.249
1768500560.7382464,35.165
1768500560.8404713,38.277
1768500560.9427156,39.557
1768500561.0449336,32.225
1768500561.147161,46.833
1768500561.249443,32.995
1768500561.3517148,43.767
1768500561.4539156,34.179
1768500561.5598695,37.883
1768500561.6621637,39.853
1768500561.7644029,32.422
1768500561.8666117,47.45
1768500561.969443,33.212
1768500562.0716858,42.807
1768500562.1739047,34.869
1768500562.2761276,37.981
1768500562.381815,37.828
1768500562.4854174,35.56
1768500562.5875988,43.249
1768500562.6909387,32.916
1768500562.7931561,43.373
1768500562.8953767,33.686
1768500562.99775,41.33
1768500563.1001337,35.757
1768500563.2024364,36.94
1768500563.3046927,39.36
1768500563.409619,46.495
1768500563.5126693,33.113
1768500563.6148844,43.668
1768500563.717031,34.278
1768500563.8192246,38.595
1768500563.9214866,37.412
1768500564.0236354,32.323
1768500564.1257138,45.189
1768500564.2279341,33.489
1768500564.3300908,39.262
1768500564.436271,38.792
1768500564.5387044,32.422
1768500564.641042,43.078
1768500564.7433531,34.278
1768500564.8455787,39.065
1768500564.947966,38.868
1768500565.050308,32.521
1768500565.1527047,42.265
1768500565.2551277,33.883
1768500565.361335,40.05
1768500565.4635699,37.51
1768500565.5658488,32.225
1768500565.6681411,45.976
1768500565.770644,33.291
1768500565.8730505,41.034
1768500565.975456,35.835
1768500566.077726,36.623
1768500566.17996,41.995
1768500566.2822063,32.718
1768500566.3881388,43.274
1768500566.4903414,33.489
1768500566.5928771,42.388
1768500566.6950986,35.165
1768500566.7974498,37.412
1768500566.8997598,39.36
1768500567.0026014,33.193
1768500567.1049657,46.888
1768500567.2072136,32.916
1768500567.3148348,43.373
1768500567.4174814,33.804
1768500567.5197582,38.769
1768500567.6222873,37.609
1768500567.7245848,32.323
1768500567.8271759,44.456
1768500567.9294221,32.916
1768500568.031925,42.906
1768500568.1342354,33.489
1768500568.2399404,46.074
1768500568.342282,33.113
1768500568.4445767,42.881
1768500568.546939,43.839
1768500568.649393,33.883
1768500568.7515402,38.595
1768500568.853684,38.102
1768500568.9558005,35.638
1768500569.058111,45.118
1768500569.1651373,33.193
1768500569.2673452,43.544
1768500569.369658,34.672
1768500569.4718869,38.89
1768500569.5741804,38.671
1768500569.6764362,32.323
1768500569.7787032,46.102
1768500569.880945,33.212
1768500569.983252,42.487
1768500570.0889983,35.856
1768500570.1912446,38.474
1768500570.2934651,37.116
1768500570.3956604,36.919
1768500570.497823,40.542
1768500570.6001563,32.422
1768500570.7023869,45.457
1768500570.8045938,33.212
1768500570.9068053,43.176
1768500571.0089834,33.39
1768500571.1148891,43.373
1768500571.2175362,34.376
1768500571.3197026,41.33
1768500571.4218853,35.856
1768500571.5239933,38.474
1768500571.6267505,38.2
1768500571.7290263,32.225
1768500571.8312836,43.668
1768500571.9346585,32.718
1768500572.0400038,42.757
1768500572.1423469,33.883
1768500572.2447064,42.192
1768500572.3471045,35.165
1768500572.4493253,38.474
1768500572.5516014,37.609
1768500572.6538005,36.447
1768500572.7561097,40.715
1768500572.8582723,32.62
1768500572.9604297,33.212
1768500573.0673392,43.446
1768500573.169457,33.606
1768500573.2715495,43.347
1768500573.3736541,34.475
1768500573.4757378,39.974
1768500573.577907,36.722
1768500573.6802225,36.919
1768500573.7823453,41.921
1768500573.8844178,32.62
1768500573.9901261,43.274
1768500574.092365,33.883
1768500574.1946037,38.671
1768500574.2968233,38.102
1768500574.3990977,34.08
1768500574.5013134,45.976
1768500574.6035376,33.014
1768500574.705937,43.471
1768500574.8081102,34.376
1768500574.9103158,39.951
1768500575.0167496,37.018
1768500575.119008,36.426
1768500575.2212756,44.233
1768500575.323548,32.916
1768500575.4257782,43.15
1768500575.5281303,34.968
1768500575.6304743,37.784
1768500575.7326617,40.223
1768500575.8348875,32.521
1768500575.940918,42.364
1768500576.0431514,34.278
1768500576.145431,37.609
1768500576.2477016,42.216
1768500576.350005,32.718
1768500576.4521785,43.15
1768500576.5549126,33.982
1768500576.657139,39.557
1768500576.7595067,37.905
1768500576.866221,35.046
1768500576.9685433,47.352
1768500577.0708206,33.113
1768500577.1730793,41.577
1768500577.2753994,34.869
1768500577.377689,37.784
1768500577.4799194,40.125
1768500577.58235,35.461
1768500577.6860986,33.508
1768500577.7907152,33.39
1768500577.8928585,32.916
1768500577.9950564,36.447
1768500578.0972395,37.708
1768500578.199519,37.51
1768500578.3018486,37.806
1768500578.403994,37.313
1768500578.5079417,37.313
1768500578.6111696,34.573
1768500578.7135575,34.968
1768500578.8159816,35.264
1768500578.9182312,36.25
1768500579.020519,36.229
1768500579.1226673,36.94
1768500579.224806,36.525
1768500579.3271134,36.722
1768500579.4294958,36.722
1768500579.5319219,37.116
1768500579.6375372,37.116
1768500579.7398815,36.525
1768500579.8421063,33.686
1768500579.9443986,32.62
1768500580.0466444,33.587
1768500580.1488473,34.573
1768500580.2510846,35.165
1768500580.3533092,40.444
1768500580.4555845,39.656
1768500580.5579154,32.817
1768500580.6652462,38.572
1768500580.7677107,41.699
1768500580.8736904,32.718
1768500580.9759455,41.896
1768500581.0785224,35.658
1768500581.1810708,36.131
1768500581.287853,41.995
1768500581.390184,32.521
1768500581.492359,42.881
1768500581.594748,34.278
1768500581.6970227,38.2
1768500581.7994354,38.693
1768500581.901708,32.422
1768500582.0039604,33.193
1768500582.1070216,42.093
1768500582.2131648,35.539
1768500582.3154998,37.51
1768500582.4177547,40.912
1768500582.5200405,32.422
1768500582.6222758,44.528
1768500582.7245018,33.587
1768500582.8267386,41.306
1768500582.9290893,36.447
1768500583.0313475,37.018
1768500583.1382625,43.865
1768500583.2405415,32.916
1768500583.3429205,42.979
1768500583.4453104,34.672
1768500583.5478477,39.679
1768500583.6501212,37.313
1768500583.752337,35.933
1768500583.8547919,45.118
1768500583.95722,33.291
1768500584.063504,39.065
1768500584.1657524,39.065
1768500584.2679572,32.225
1768500584.3702404,46.172
1768500584.4724197,33.113
1768500584.5746257,43.274
1768500584.6769118,35.362
1768500584.7792413,37.215
1768500584.8816233,40.715
1768500584.9886613,32.422
1768500585.0913289,45.386
1768500585.193486,33.508
1768500585.2961745,42.192
1768500585.3984253,34.869
1768500585.5006688,38.693
1768500585.6029363,38.277
1768500585.7051573,32.225
1768500585.8073566,46.172
1768500585.9133086,33.014
1768500586.0155065,43.668
1768500586.1177306,34.573
1768500586.2199981,38.572
1768500586.3223805,37.806
1768500586.4246147,32.323
1768500586.5269573,33.686
1768500586.6296353,39.436
1768500586.7317479,37.018
1768500586.8380244,36.645
1768500586.9406302,43.471
1768500587.0429122,32.916
1768500587.1451972,38.716
1768500587.247524,39.087
1768500587.3497832,32.225
1768500587.4521081,44.429
1768500587.5544684,33.686
1768500587.6569374,39.163
1768500587.7622807,38.89
1768500587.8645716,32.225
1768500587.9669902,45.216
1768500588.0692737,33.982
1768500588.1715221,39.58
1768500588.2738063,42.684
1768500588.3761675,33.014
1768500588.4784803,41.921
1768500588.580956,45.019
1768500588.6868873,35.264
1768500588.7891986,37.905
1768500588.8916736,41.896
1768500588.994037,33.784
1768500589.096561,32.027
1768500589.198897,36.722
1768500589.3011847,45.583
1768500589.4035666,33.113
1768500589.5063736,39.731
1768500589.6118991,40.345
1768500589.7187061,32.62
1768500589.8209994,42.56
1768500589.9237385,35.461
1768500590.026018,37.784
1768500590.1282864,40.345
1768500590.230439,32.521
1768500590.3364277,45.118
1768500590.4385672,33.409
1768500590.54077,40.444
1768500590.6429725,35.933
1768500590.7453074,36.405
1768500590.8476307,45.145
1768500590.9499085,43.57
1768500591.0526958,34.672
1768500591.1548867,37.806
1768500591.2569425,40.172
1768500591.3629484,32.323
1768500591.4651935,44.429
1768500591.5673637,33.39
1768500591.669639,40.345
1768500591.7719083,36.426
1768500591.8741822,36.94
1768500591.976376,42.192
1768500592.07864,32.62
1768500592.180932,43.078
1768500592.2877886,33.784
1768500592.39004,39.459
1768500592.4921958,36.919
1768500592.5944085,36.328
1768500592.696608,43.668
1768500592.7988307,32.62
1768500592.9011338,43.963
1768500593.0033624,33.409
1768500593.1056113,43.004
1768500593.2117333,34.475
1768500593.3140252,40.814
1768500593.4163094,36.349
1768500593.5185845,37.292
1768500593.6208098,39.557
1768500593.7231917,32.323
1768500593.82546,46.861
1768500593.9279377,33.014
1768500594.0301678,42.56
1768500594.1323962,34.08
1768500594.2388132,40.444
1768500594.34106,36.349
1768500594.4438279,38.003
1768500594.5461037,39.557
1768500594.6482744,33.587
1768500594.750581,45.019
1768500594.8527913,32.817
1768500594.9550505,42.855
1768500595.057247,33.587
1768500595.1624718,42.413
1768500595.2646794,34.869
1768500595.3670645,40.125
1768500595.4693,36.645
1768500595.5715299,37.883
1768500595.673715,32.323
1768500595.7769709,45.091
1768500595.8791022,32.916
1768500595.9812038,41.97
1768500596.083336,34.278
1768500596.1881473,39.36
1768500596.2906978,37.412
1768500596.3928316,36.919
1768500596.4954002,41.527
1768500596.5975413,32.521
1768500596.700104,44.331
1768500596.8022916,33.508
1768500596.9048934,42.216
1768500597.0071142,35.362
1768500597.109491,37.708
1768500597.2147224,39.065
1768500597.3172028,35.165
1768500597.4194412,45.511
1768500597.5217278,33.014
1768500597.6240988,41.724
1768500597.7265275,35.856
1768500597.828747,37.51
1768500597.9310255,40.838
1768500598.0332682,32.422
1768500598.1403773,45.905
1768500598.2425876,33.31
1768500598.3447716,40.664
1768500598.4473534,37.215
1768500598.5497265,32.126
1768500598.652212,37.236
1768500598.754614,40.838
1768500598.857168,32.62
1768500598.959924,42.585
1768500599.065768,33.606
1768500599.1764004,41.034
1768500599.278678,35.856
1768500599.3815024,37.215
1768500599.4883344,46.987
1768500599.5906253,33.784
1768500599.692927,39.557
1768500599.7951326,36.82
1768500599.897413,44.233
1768500600.000296,32.718
1768500600.1023808,42.585
1768500600.2044442,34.573
1768500600.3064806,38.572
1768500600.412886,37.806
1768500600.5150394,33.982
1768500600.6172514,43.544
1768500600.7194402,32.62
1768500600.8215935,45.145
1768500600.923775,33.291
1768500601.0259633,41.675
1768500601.128112,34.869
1768500601.2303135,37.51
1768500601.332471,40.617
1768500601.438171,32.422
1768500601.5403936,41.503
1768500601.642584,35.835
1768500601.7448435,36.602
1768500601.8471308,42.709
1768500601.9493194,32.62
1768500602.0515485,42.659
1768500602.1537478,33.587
1768500602.2560298,40.814
1768500602.3582976,36.229
1768500602.4641836,36.623
1768500602.5663705,41.798
1768500602.668621,32.817
1768500602.77078,43.274
1768500602.872998,34.869
1768500602.975589,36.996
1768500603.0777974,42.709
1768500603.1800566,32.62
1768500603.282342,43.595
1768500603.3888535,34.376
1768500603.4910307,38.496
1768500603.5966063,39.284
1768500603.6987967,32.422
1768500603.8011417,43.471
1768500603.9033492,33.686
1768500604.0056646,40.739
1768500604.1078782,36.722
1768500604.2132473,34.08
1768500604.315463,46.003
1768500604.4176385,33.014
1768500604.519794,41.601
1768500604.6220262,37.806
1768500604.7242231,39.951
1768500604.826315,32.323
1768500604.9284313,45.243
1768500605.0305462,33.193
1768500605.132623,41.404
1768500605.239847,34.869
1768500605.3420482,38.693
1768500605.444449,38.89
1768500605.5466037,32.323
1768500605.6488492,47.745
1768500605.751013,33.014
1768500605.8532162,43.839
1768500605.9553475,34.376
1768500606.0576322,40.247
1768500606.1638021,35.933
1768500606.2659938,37.686
1768500606.368183,38.966
1768500606.4704325,32.323
1768500606.5726378,45.046
1768500606.6749325,32.817
1768500606.7772245,42.881
1768500606.8796084,33.606
1768500606.9818404,42.413
1768500607.0876482,35.165
1768500607.1900508,37.861
1768500607.2922623,38.102
1768500607.3945634,34.968
1768500607.4968488,46.003
1768500607.5990374,33.014
1768500607.7012014,42.29
1768500607.8039098,34.771
1768500607.9061427,38.769
1768500608.0082407,37.905
1768500608.1134014,36.722
1768500608.2173676,37.806
1768500608.3195875,37.018
1768500608.4217002,35.264
1768500608.523828,34.771
1768500608.6259942,31.911
1768500608.7282944,32.718
1768500608.8305323,34.179
1768500608.9328017,33.982
1768500609.0363226,34.08
1768500609.1384656,36.053
1768500609.2406776,35.461
1768500609.3429425,35.56
1768500609.4450762,33.686
1768500609.547285,33.883
1768500609.6494477,34.08
1768500609.7515986,35.067
1768500609.8537314,36.546
1768500609.9559038,37.116
1768500610.0581155,35.067
1768500610.1640313,33.784
1768500610.2662997,34.376
1768500610.3684833,35.067
1768500610.4707484,37.116
1768500610.5730898,36.919
1768500610.675411,35.658
1768500610.7776437,40.444
1768500610.8799121,32.718
1768500610.9821782,38.277
1768500611.0844324,40.05
1768500611.190205,32.62
1768500611.2924447,43.471
1768500611.3947191,34.08
1768500611.4969525,38.474
1768500611.599127,39.163
1768500611.7013001,32.323
1768500611.803521,45.288
1768500611.9057071,33.212
1768500612.0078871,41.601
1768500612.110079,34.869
1768500612.217488,38.693
1768500612.3196876,38.496
1768500612.4225328,36.349
1768500612.524727,44.626
1768500612.626897,32.916
1768500612.7290902,43.839
1768500612.8312848,34.08
1768500612.9334998,40.026
1768500613.0360737,36.032
1768500613.143893,37.51
1768500613.2461314,41.896
1768500613.3482893,32.62
1768500613.450522,44.528
1768500613.552802,33.291
1768500613.6551263,40.936
1768500613.7574518,35.56
1768500613.8596227,38.102
1768500613.961928,40.148
1768500614.0668387,32.422
1768500614.1692216,47.549
1768500614.271442,42.709
1768500614.3742535,34.475
1768500614.4762833,38.572
1768500614.5786195,38.693
1768500614.6806724,33.39
1768500614.78273,43.446
1768500614.8848119,32.817
1768500614.9870338,43.004
1768500615.0928347,33.784
1768500615.1951432,40.42
1768500615.297389,35.835
1768500615.3996577,37.215
1768500615.5018973,39.777
1768500615.6041148,32.323
1768500615.7064514,45.413
1768500615.808958,33.014
1768500615.9111724,43.274
1768500616.017117,33.982
1768500616.1192832,41.822
1768500616.2216733,36.328
1768500616.3239408,38.08
1768500616.426181,39.163
1768500616.528515,32.323
1768500616.6306822,45.779
1768500616.7329352,32.916
1768500616.8352122,43.963
1768500616.9409857,33.409
1768500617.043196,43.741
1768500617.1454268,33.982
1768500617.247728,40.912
1768500617.3498888,35.461
1768500617.4525506,38.868
1768500617.5549195,37.51
1768500617.6570373,36.919
1768500617.7605572,41.798
1768500617.86731,32.521
1768500617.9695642,44.921
1768500618.0717752,33.409
1768500618.1741307,42.881
1768500618.2764466,35.835
1768500618.3787076,35.264
1768500618.4809172,44.259
1768500618.5833035,32.718
1768500618.6854935,36.504
1768500618.792566,32.718
1768500618.8963737,43.865
1768500618.99855,34.278
1768500619.1006937,38.595
1768500619.2029078,38.769
1768500619.3051155,32.323
1768500619.407281,45.976
1768500619.5094662,33.113
1768500619.6157012,41.503
1768500619.7180154,35.342
1768500619.820249,37.412
1768500619.9225078,40.936
1768500620.0247653,32.521
1768500620.1270857,42.684
1768500620.2294266,34.475
1768500620.3317354,38.693
1768500620.4340703,38.595
1768500620.536472,33.705
1768500620.6413426,45.61
1768500620.7437255,33.39
1768500620.845949,42.019
1768500620.9483013,35.933
1768500621.050598,36.328
1768500621.1529841,46.074
1768500621.2553282,33.982
1768500621.357716,38.08
1768500621.460011,39.557
1768500621.5675035,32.422
1768500621.6696894,43.715
1768500621.772015,33.508
1768500621.8749144,40.936
1768500621.9772465,36.151
1768500622.0794601,37.313
1768500622.183031,44.16
1768500622.285444,32.916
1768500622.3908875,41.207
1768500622.4931152,34.869
1768500622.595402,35.067
1768500622.6976275,46.172
1768500622.7998753,33.014
1768500622.9020596,41.601
1768500623.0042808,35.461
1768500623.1065028,37.412
1768500623.2087252,39.656
1768500623.3110156,32.521
1768500623.4169624,33.508
1768500623.5195997,40.345
1768500623.621667,36.426
1768500623.7237277,36.82
1768500623.8257926,42.61
1768500623.927974,32.62
1768500624.030067,44.456
1768500624.1321547,33.489
1768500624.2344012,42.881
1768500624.3365824,34.672
1768500624.4415402,40.05
1768500624.5439305,37.412
1768500624.6461525,36.426
1768500624.7484543,42.29
1768500624.850724,32.521
1768500624.9529617,45.905
1768500625.0551376,33.014
1768500625.1573563,43.078
1768500625.2596178,34.475
1768500625.3618147,39.459
1768500625.468063,37.39
1768500625.5702674,34.159
1768500625.6724567,47.254
1768500625.7748122,33.113
1768500625.8770568,41.577
1768500625.9792786,35.56
1768500626.0815144,37.532
1768500626.1837063,40.444
1768500626.285898,32.62
1768500626.3921301,46.172
1768500626.4942732,33.31
1768500626.5964556,43.274
1768500626.6986802,34.869
1768500626.8008409,38.375
1768500626.903898,37.686
1768500627.0061758,33.686
1768500627.1083834,44.331
1768500627.2106695,33.014
1768500627.3164327,39.065
1768500627.4188879,37.51
1768500627.521107,34.573
1768500627.6237974,46.916
1768500627.726113,33.193
1768500627.8286564,41.109
1768500627.930909,35.165
1768500628.033448,38.89
1768500628.1357722,37.806
1768500628.2421782,45.118
1768500628.344689,33.409
1768500628.4470084,39.951
1768500628.5491285,42.757
1768500628.651705,33.587
1768500628.7538445,38.989
1768500628.856327,37.905
1768500628.958379,35.539
1768500629.0608354,41.921
1768500629.167656,32.718
1768500629.269856,42.855
1768500629.3720787,33.489
1768500629.4743245,40.444
1768500629.576523,35.856
1768500629.6788342,37.806
1768500629.7812946,40.345
1768500629.8835912,32.718
1768500629.9861038,43.446
1768500630.0914571,33.883
1768500630.1936624,40.617
1768500630.2959454,35.264
1768500630.398188,38.595
1768500630.5003598,39.754
1768500630.6026847,32.206
1768500630.7048342,46.987
1768500630.8072429,33.014
1768500630.9095414,42.585
1768500631.0118861,34.278
1768500631.1193027,40.641
1768500631.2215543,36.82
1768500631.323819,36.131
1768500631.427438,43.446
1768500631.5297725,33.014
1768500631.6320126,43.078
1768500631.7342236,35.757
1768500631.8364348,36.645
1768500631.9418933,42.192
1768500632.0442283,32.916
1768500632.1464162,42.979
1768500632.2488067,34.278
1768500632.3510826,37.313
1768500632.4533725,40.838
1768500632.555683,32.916
1768500632.6579497,41.995
1768500632.7601848,34.771
1768500632.8625038,38.003
1768500632.9678843,32.521
1768500633.069982,42.462
1768500633.1720765,33.686
1768500633.2742221,39.383
1768500633.376292,37.215
1768500633.4785259,32.206
1768500633.5807238,46.271
1768500633.6828308,33.113
1768500633.7851098,42.29
1768500633.8872883,34.771
1768500633.9932175,38.2
1768500634.0953991,38.375
1768500634.197623,32.521
1768500634.2998734,39.065
1768500634.402201,38.671
1768500634.504534,32.323
1768500634.6068225,46.172
1768500634.709073,33.39
1768500634.8113725,41.822
1768500634.9136913,35.362
1768500635.0196123,38.595
1768500635.1218247,38.792
1768500635.2240632,34.672
1768500635.3262413,41.306
1768500635.428587,32.521
1768500635.530796,45.779
1768500635.6330242,32.916
1768500635.7352245,43.668
1768500635.8374324,34.1
1768500635.9396873,39.754
1768500636.0450838,36.349
1768500636.1472855,36.525
1768500636.2495737,40.247
1768500636.352963,32.422
1768500636.4552414,46.987
1768500636.5575337,33.212
1768500636.659811,42.979
1768500636.7620642,33.883
1768500636.8642828,39.36
1768500636.9706624,37.806
1768500637.0728765,36.349
1768500637.175303,45.413
1768500637.2776756,32.916
1768500637.3798716,32.027
1768500637.4822161,41.625
1768500637.584526,37.905
1768500637.6867428,32.521
1768500637.789028,42.29
1768500637.8960319,38.375
1768500637.9981487,37.905
1768500638.1003191,36.645
1768500638.2024536,41.995
1768500638.3048873,35.264
1768500638.4069867,33.883
1768500638.5093832,34.179
1768500638.6117797,34.179
1768500638.714027,37.313
1768500638.817813,37.806
1768500638.9201503,36.229
1768500639.0224373,35.165
1768500639.1246529,34.376
1768500639.2269855,33.686
1768500639.329306,33.212
1768500639.4314766,33.982
1768500639.5336256,38.003
1768500639.6359892,37.215
1768500639.7383318,35.856
1768500639.8434727,37.215
1768500639.945892,35.933
1768500640.048128,32.422
1768500640.1503663,32.521
1768500640.2525723,32.916
1768500640.354836,33.982
1768500640.4572723,34.771
1768500640.5601487,36.645
1768500640.6624732,36.82
1768500640.7648559,35.342
1768500640.8702383,32.718
1768500640.9731028,33.606
1768500641.075319,31.731
1768500641.177697,34.573
1768500641.2800632,32.126
1768500641.3846633,39.459
1768500641.4868774,38.792
1768500641.589337,32.62
1768500641.6951282,40.444
1768500641.7973735,37.905
1768500641.899601,32.225
1768500642.0023491,42.487
1768500642.1045275,34.278
1768500642.206781,38.496
1768500642.3090127,38.792
1768500642.4111934,32.422
1768500642.513398,43.57
1768500642.6157286,32.62
1768500642.721914,39.436
1768500642.824246,37.313
1768500642.9264882,36.623
1768500643.0287611,43.865
1768500643.130953,32.718
1768500643.2334228,43.891
1768500643.3357544,34.08
1768500643.4381125,39.284
1768500643.5403297,36.722
1768500643.6460285,33.39
1768500643.748361,46.959
1768500643.8506312,33.31
1768500643.9529803,41.773
1768500644.0552304,35.362
1768500644.1574762,36.645
1768500644.2597985,44.456
1768500644.3620682,32.817
1768500644.4643257,41.085
1768500644.5704334,34.869
1768500644.6727097,36.25
1768500644.7751074,44.134
1768500644.8774765,32.817
1768500644.979725,43.471
1768500645.0819764,34.376
1768500645.1845775,39.163
1768500645.2868145,39.087
1768500645.3889906,32.323
1768500645.4911575,44.331
1768500645.5986528,33.606
1768500645.7008257,39.262
1768500645.8030968,37.806
1768500645.9062984,35.658
1768500646.0084474,44.036
1768500646.1107054,33.014
1768500646.212906,41.404
1768500646.3152525,35.067
1768500646.4174576,37.806
1768500646.5234764,39.679
1768500646.6257374,32.323
1768500646.7279146,46.495
1768500646.8300943,33.409
1768500646.9324453,41.404
1768500647.0346649,36.053
1768500647.1369565,36.919
1768500647.239191,32.62
1768500647.342696,42.881
1768500647.448647,33.883
1768500647.5509307,38.693
1768500647.6532094,38.277
1768500647.7553825,33.587
1768500647.8576632,46.003
1768500647.9598536,32.916
1768500648.0621336,42.585
1768500648.1643753,33.883
1768500648.266549,31.731
1768500648.3739798,45.288
1768500648.4762921,33.212
1768500648.5784888,31.731
1768500648.680835,45.932
1768500648.7830834,33.409
1768500648.8854244,42.118
1768500648.9878566,35.856
1768500649.0902603,37.51
1768500649.1924946,41.157
1768500649.2980897,32.422
1768500649.400426,45.216
1768500649.502646,33.39
1768500649.6048794,41.503
1768500649.7071602,34.869
1768500649.8095024,38.496
1768500649.9117157,39.186
1768500650.0139081,32.323
1768500650.1161597,43.446
1768500650.2183225,33.489
1768500650.3247883,40.444
1768500650.4294899,35.264
1768500650.5316772,36.919
1768500650.6338763,43.767
1768500650.7361052,32.62
1768500650.838301,43.57
1768500650.9405594,34.771
1768500651.0427291,38.397
1768500651.1498446,39.186
1768500651.2520583,32.323
1768500651.3542628,47.549
1768500651.4564707,33.113
1768500651.5587182,43.668
1768500651.6609492,34.771
1768500651.7632577,38.89
1768500651.8668876,32.225
1768500651.9730153,46.818
1768500652.075239,32.817
1768500652.1775858,42.979
1768500652.2798996,34.08
1768500652.3821056,41.01
1768500652.4842677,35.56
1768500652.5864542,37.51
1768500652.688693,40.715
1768500652.7908866,32.323
1768500652.893221,45.779
1768500652.9990873,33.31
1768500653.101255,42.585
1768500653.20345,35.067
1768500653.3056345,38.42
1768500653.407846,39.163
1768500653.5102518,32.323
1768500653.6124315,46.664
1768500653.7146301,33.113
1768500653.816873,43.176
1768500653.9225264,35.264
1768500654.024878,38.08
1768500654.1271186,37.905
1768500654.229878,36.623
1768500654.332103,43.446
1768500654.434272,32.521
1768500654.5364723,44.652
1768500654.638761,33.409
1768500654.7410643,41.109
1768500654.8482585,35.56
1768500654.9505208,36.546
1768500655.052853,47.085
1768500655.1551325,33.212
1768500655.2574322,40.05
1768500655.3596623,37.412
1768500655.461856,34.376
1768500655.564118,47.254
1768500655.6663125,33.31
1768500655.7718148,42.118
1768500655.8740456,35.461
1768500655.97631,36.525
1768500656.078574,47.577
1768500656.1808257,33.409
1768500656.2832072,41.503
1768500656.3855252,36.426
1768500656.489183,42.807
1768500656.591475,32.718
1768500656.697271,43.176
1768500656.7995734,34.08
1768500656.9018931,41.133
1768500657.0042484,36.151
1768500657.1064987,37.313
1768500657.2087457,39.656
1768500657.311056,32.323
1768500657.4133368,46.467
1768500657.5155275,33.31
1768500657.6179404,41.01
1768500657.7239962,35.56
1768500657.8263159,37.981
1768500657.928637,39.951
1768500658.0308805,32.323
1768500658.1332047,47.774
1768500658.235412,33.31
1768500658.337662,40.739
1768500658.4398983,36.053
1768500658.5423832,31.929
1768500658.6486173,40.641
1768500658.7508087,36.447
1768500658.8536289,37.39
1768500658.955795,40.247
1768500659.0579011,32.323
1768500659.1600797,43.668
1768500659.2622626,33.784
1768500659.3644452,38.989
1768500659.467483,36.722
1768500659.5745778,36.426
1768500659.6768181,41.306
1768500659.7790816,32.521
1768500659.8813465,42.192
1768500659.983819,34.179
1768500660.0860884,37.806
1768500660.188373,38.671
1768500660.290746,32.323
1768500660.3930259,44.554
1768500660.4988196,33.409
1768500660.6011577,41.404
1768500660.7033587,35.461
1768500660.8057158,37.116
1768500660.908141,40.542
1768500661.010487,45.118
1768500661.1132185,33.31
1768500661.2155557,42.979
1768500661.317763,34.771
1768500661.4237533,37.806
1768500661.5260022,41.231
1768500661.6282156,32.521
1768500661.730449,45.118
1768500661.8326056,33.291
1768500661.9349492,41.207
1768500662.0375175,35.56
1768500662.1399188,36.328
1768500662.2422655,43.668
1768500662.3478377,32.916
1768500662.450119,43.57
1768500662.5527706,34.672
1768500662.6552472,38.474
1768500662.7575142,39.656
1768500662.8597646,32.323
1768500662.9621665,47.057
1768500663.0645492,33.113
1768500663.1668859,40.838
1768500663.2723858,37.412
1768500663.374712,32.225
1768500663.4769702,47.254
1768500663.5792203,33.31
1768500663.6816278,41.921
1768500663.7839026,35.658
1768500663.8861275,37.609
1768500663.988423,39.557
1768500664.0917993,32.521
1768500664.197932,43.373
1768500664.30025,33.982
1768500664.4024312,39.754
1768500664.504635,36.151
1768500664.6068265,36.546
1768500664.709045,42.585
1768500664.8112047,32.521
1768500664.9135113,43.446
1768500665.0156987,33.489
1768500665.1179917,43.078
1768500665.2232895,35.658
1768500665.3256865,35.757
1768500665.4279644,45.976
1768500665.5301332,33.014
1768500665.6323547,40.518
1768500665.7345278,35.067
1768500665.8368104,45.878
1768500665.9390018,32.817
1768500666.0412219,42.881
1768500666.1435122,33.982
1768500666.2485225,38.989
1768500666.3507788,38.2
1768500666.4531212,33.686
1768500666.555513,45.118
1768500666.657692,32.817
1768500666.75997,43.249
1768500666.862254,34.869
1768500666.9644587,38.2
1768500667.0667548,38.966
1768500667.169108,32.422
1768500667.274775,43.078
1768500667.3771057,38.595
1768500667.4794114,32.817
1768500667.5817118,43.767
1768500667.6838844,35.264
1768500667.7861378,37.313
1768500667.8883631,41.306
1768500667.9905252,32.521
1768500668.0927515,42.684
1768500668.1990244,33.686
1768500668.3013911,39.087
1768500668.4036894,38.299
1768500668.5065608,32.225
1768500668.608841,35.362
1768500668.7110622,46.566
1768500668.8141208,32.817
1768500668.9163144,37.313
1768500669.0185437,35.067
1768500669.1223068,34.968
1768500669.2245445,33.902
1768500669.3266695,33.409
1768500669.4288201,33.113
1768500669.5310726,32.817
1768500669.633312,32.718
1768500669.7355232,32.521
1768500669.8379169,32.521
1768500669.9400945,32.521
1768500670.04232,32.521
1768500670.1461172,32.422
1768500670.2483027,32.718
1768500670.3505223,32.916
1768500670.4528115,33.212
1768500670.555271,34.199
1768500670.6590397,34.869
1768500670.7611623,35.658
1768500670.86352,37.116
1768500670.9656858,37.116
1768500671.0677462,35.658
1768500671.173001,32.521
1768500671.275237,33.113
1768500671.377437,33.489
1768500671.4796464,34.278
1768500671.5818794,31.337
1768500671.6841502,36.722
1768500671.7865074,40.838
1768500671.888755,35.461
1768500671.9910247,32.027
1768500672.0933626,40.247
1768500672.200119,42.979
1768500672.3024406,32.817
1768500672.4048412,38.693
1768500672.5071325,40.444
1768500672.609375,32.62
1768500672.71171,43.176
1768500672.8140602,34.573
1768500672.916381,39.087
1768500673.0186467,38.693
1768500673.1251028,35.165
1768500673.2273383,44.921
1768500673.3294923,32.718
1768500673.4317355,42.979
1768500673.5352407,33.982
1768500673.63754,39.974
1768500673.7398288,36.82
1768500673.8420393,37.313
1768500673.9480639,40.247
1768500674.0502734,32.422
1768500674.15254,47.507
1768500674.2548149,33.212
1768500674.357063,43.15
1768500674.4594197,34.376
1768500674.5616853,38.595
1768500674.6639054,37.116
1768500674.766186,36.82
1768500674.868499,41.01
1768500674.9735389,32.521
1768500675.0758567,46.818
1768500675.1781268,33.014
1768500675.281882,33.883
1768500675.384009,39.262
1768500675.4860694,37.609
1768500675.5881264,36.525
1768500675.6901686,44.823
1768500675.7922564,32.817
1768500675.8981786,43.176
1768500676.000367,33.784
1768500676.1028838,41.625
1768500676.205271,35.856
1768500676.3074734,37.313
1768500676.4098446,40.148
1768500676.5121505,32.422
1768500676.6144202,42.881
1768500676.7166305,33.982
1768500676.8232632,40.148
1768500676.925445,36.151
1768500677.0279737,36.426
1768500677.1301894,42.585
1768500677.23248,32.521
1768500677.334728,46.172
1768500677.4370186,33.212
1768500677.539414,39.262
1768500677.641733,38.299
1768500677.7496755,32.323
1768500677.8518786,46.102
1768500677.954326,33.31
1768500678.056875,42.019
1768500678.1592987,35.56
1768500678.2615652,36.468
1768500678.3638568,45.019
1768500678.4661186,33.587
1768500678.5721788,37.806
1768500678.6744137,45.288
1768500678.776669,33.606
1768500678.878892,39.065
1768500678.9812112,38.792
1768500679.0834186,33.883
1768500679.1856632,44.921
1768500679.287826,32.718
1768500679.390083,43.373
1768500679.4922707,33.686
1768500679.5971806,39.656
1768500679.6992912,36.82
1768500679.8016913,43.373
1768500679.9049244,32.62
1768500680.0070894,42.782
1768500680.1092095,33.804
1768500680.2113512,41.503
1768500680.3133757,36.053
1768500680.4154623,37.51
1768500680.5175169,39.065
1768500680.624172,32.62
1768500680.7264304,43.446
1768500680.8288374,34.573
1768500680.9311786,37.292
1768500681.0334787,42.093
1768500681.1356757,32.718
1768500681.2379003,43.741
1768500681.3401296,33.489
1768500681.4424698,40.42
1768500681.5483618,36.743
1768500681.6505523,37.215
1768500681.7528212,41.822
1768500681.855146,32.62
1768500681.957506,45.243
1768500682.0597591,33.409
1768500682.1620736,41.896
1768500682.264304,35.362
1768500682.3665938,37.51
1768500682.472305,39.679
1768500682.5745895,32.323
1768500682.6772552,46.959
1768500682.779435,33.014
1768500682.8816001,42.881
1768500682.9838743,33.883
1768500683.0860658,41.625
1768500683.1882768,35.362
1768500683.2904706,38.966
1768500683.39272,37.412
1768500683.497962,36.229
1768500683.6002374,43.446
1768500683.7023911,32.718
1768500683.8046417,43.57
1768500683.9068415,33.489
1768500684.0090616,41.404
1768500684.1113431,35.067
1768500684.2137167,39.777
1768500684.3159256,37.215
1768500684.4219832,36.722
1768500684.5243237,32.422
1768500684.6278436,45.806
1768500684.730076,33.31
1768500684.8321307,42.979
1768500684.934315,35.067
1768500685.0364482,38.693
1768500685.1385288,37.806
1768500685.2406304,32.126
1768500685.342733,43.446
1768500685.4487493,32.817
1768500685.5511374,42.388
1768500685.6533394,34.475
1768500685.7555864,39.679
1768500685.8577945,36.623
1768500685.9601545,37.51
1768500686.0624905,41.404
1768500686.164875,32.62
1768500686.267214,43.373
1768500686.3727906,33.606
1768500686.475177,41.133
1768500686.5774503,36.151
1768500686.6797876,37.116
1768500686.7820237,40.223
1768500686.8842866,32.422
1768500686.9871259,44.456
1768500687.0893471,33.409
1768500687.1917062,40.345
1768500687.2975981,36.919
1768500687.399838,36.546
1768500687.5021744,46.271
1768500687.6095514,33.113
1768500687.7118773,40.223
1768500687.8140461,36.623
1768500687.9163291,36.546
1768500688.0186608,46.692
1768500688.1235292,32.916
1768500688.2258723,41.231
1768500688.328277,38.178
1768500688.4310784,33.508
1768500688.5333803,46.692
1768500688.6358473,34.278
1768500688.7383804,32.225
1768500688.840759,43.617
1768500688.9481983,37.51
1768500689.0513935,39.58
1768500689.1535914,32.422
1768500689.2557526,42.585
1768500689.3579981,34.475
1768500689.4602911,38.989
1768500689.562388,39.087
1768500689.6645496,32.323
1768500689.7666464,44.259
1768500689.8731399,34.376
1768500689.9754887,36.919
1768500690.0779033,43.446
1768500690.180196,33.784
1768500690.2824545,41.995
1768500690.384709,35.757
1768500690.4870763,37.215
1768500690.5893965,42.807
1768500690.6916401,32.521
1768500690.7985792,43.471
1768500690.9008772,34.573
1768500691.00319,39.679
1768500691.1055856,37.116
1768500691.2082293,37.018
1768500691.310467,40.814
1768500691.4126205,32.323
1768500691.514834,45.681
1768500691.6205776,33.705
1768500691.7228854,39.58
1768500691.8253765,38.102
1768500691.9276764,33.962
1768500692.0320933,46.888
1768500692.1348023,32.916
1768500692.237129,42.462
1768500692.3394263,33.883
1768500692.4417188,38.966
1768500692.549076,36.82
1768500692.6512854,33.686
1768500692.7540116,46.495
1768500692.8563738,33.31
1768500692.9585884,40.345
1768500693.0611265,36.053
1768500693.1633606,36.645
1768500693.2656586,41.995
1768500693.3711836,42.093
1768500693.4737911,33.409
1768500693.5759132,40.912
1768500693.6780918,35.362
1768500693.780313,36.623
1768500693.8824105,40.345
1768500693.984733,32.323
1768500694.086813,44.796
1768500694.189147,32.817
1768500694.291286,42.585
1768500694.3975465,35.264
1768500694.4998825,37.905
1768500694.6022043,39.656
1768500694.7044601,32.521
1768500694.806669,47.282
1768500694.9089327,33.212
1768500695.0111306,43.052
1768500695.1133747,34.08
1768500695.2155802,39.731
1768500695.3226347,37.018
1768500695.4248521,36.623
1768500695.5270844,41.601
1768500695.6293128,32.718
1768500695.7314844,45.118
1768500695.8338444,33.409
1768500695.9360414,43.347
1768500696.0389059,34.179
1768500696.1411963,39.087
1768500696.2466059,36.328
1768500696.3489008,36.842
1768500696.4523785,42.019
1768500696.5547576,32.718
1768500696.6570346,45.806
1768500696.7593632,33.31
1768500696.8617258,43.274
1768500696.9639692,34.179
1768500697.0661926,39.557
1768500697.1727881,35.757
1768500697.275068,37.708
1768500697.3773637,40.542
1768500697.479592,32.718
1768500697.5819557,42.29
1768500697.6841936,33.982
1768500697.7865107,39.482
1768500697.8888867,36.82
1768500697.9912214,37.215
1768500698.0979238,32.323
1768500698.1999907,44.259
1768500698.3022738,33.014
1768500698.4043412,42.684
1768500698.5077763,35.165
1768500698.6101494,33.409
1768500698.7123747,39.754
1768500698.8144488,35.933
1768500698.916567,36.229
1768500699.02267,41.306
1768500699.1249032,32.817
1768500699.227192,35.856
1768500699.329515,33.31
1768500699.431851,33.014
1768500699.5341458,32.62
1768500699.6362906,32.601
1768500699.7385228,36.623
1768500699.8408089,36.25
1768500699.9441218,33.094
1768500700.0463145,32.62
1768500700.1486113,33.489
1768500700.2509387,35.461
1768500700.3530912,37.313
1768500700.455428,32.225
1768500700.557575,32.817
1768500700.6601508,33.508
1768500700.7623332,34.376
1768500700.8680375,34.968
1768500700.9702878,35.638
1768500701.0725353,37.412
1768500701.174803,36.229
1768500701.2770317,32.323
1768500701.379262,32.916
1768500701.4816349,34.179
1768500701.5838876,36.328
1768500701.6860797,36.722
1768500701.7882514,35.362
1768500701.8904154,32.225
1768500701.9927905,33.508
1768500702.0986524,32.817
1768500702.2009387,38.671
1768500702.3035054,45.413
1768500702.4059243,33.212
1768500702.5082457,38.693
1768500702.6105285,38.671
1768500702.7133842,32.323
1768500702.8156884,42.093
1768500702.9182034,34.179
1768500703.0241306,42.684
1768500703.1275618,33.212
1768500703.2298117,38.2
1768500703.3321009,39.951
1768500703.434229,32.718
1768500703.5365474,42.855
1768500703.6388283,34.771
1768500703.7409856,37.609
1768500703.8431027,39.656
1768500703.9497879,32.521
1768500704.0521646,46.888
1768500704.154596,33.31
1768500704.257337,43.398
1768500704.3595846,35.165
1768500704.4619944,37.784
1768500704.5642107,37.39
1768500704.6664727,32.323
1768500704.7687025,45.681
1768500704.874368,33.212
1768500704.9766042,43.471
1768500705.0793586,34.672
1768500705.1816802,40.05
1768500705.2838778,36.328
1768500705.3861935,37.981
1768500705.4883852,40.247
1768500705.5905807,32.521
1768500705.6937664,43.052
1768500705.799631,33.686
1768500705.9018366,42.216
1768500706.0041025,35.165
1768500706.1063647,38.102
1768500706.2086213,39.284
1768500706.310952,33.39
1768500706.4132705,44.357
1768500706.5155861,33.113
1768500706.6178195,42.757
1768500706.7200744,35.067
1768500706.8257585,37.905
1768500706.92799,39.557
1768500707.0302017,32.323
1768500707.1324444,42.56
1768500707.2347305,32.521
1768500707.3369749,47.479
1768500707.4391963,33.014
1768500707.5413804,43.078
1768500707.643713,33.883
1768500707.7459118,35.638
1768500707.8531263,37.313
1768500707.9553263,40.247
1768500708.0574572,32.422
1768500708.1596367,46.129
1768500708.2620604,36.131
1768500708.364325,36.623
1768500708.4665995,40.641
1768500708.5689797,33.31
1768500708.6751938,37.313
1768500708.777634,42.388
1768500708.8799322,32.521
1768500708.982186,44.036
1768500709.0843875,33.705
1768500709.1865904,41.109
1768500709.2888062,36.229
1768500709.3910227,37.215
1768500709.4933774,41.921
1768500709.5956314,32.422
1768500709.7011044,43.176
1768500709.803478,33.982
1768500709.9058886,39.262
1768500710.0081792,37.609
1768500710.1106844,36.447
1768500710.2130132,45.681
1768500710.3159268,33.014
1768500710.4182842,43.595
1768500710.5205996,35.736
1768500710.6258955,34.08
1768500710.7281618,46.692
1768500710.8304014,32.916
1768500710.9325724,41.207
1768500711.0348692,36.349
1768500711.1370988,32.126
1768500711.2393956,46.271
1768500711.3418446,33.31
1768500711.4441757,40.247
1768500711.5514584,37.609
1768500711.6537862,32.225
1768500711.7560585,43.15
1768500711.8583481,34.475
1768500711.960677,38.89
1768500712.0629635,37.609
1768500712.1652162,32.422
1768500712.2674916,33.113
1768500712.3713012,41.798
1768500712.47653,36.645
1768500712.5788019,36.131
1768500712.6811273,44.186
1768500712.7833242,32.718
1768500712.885604,43.471
1768500712.987808,34.001
1768500713.0901518,40.861
1768500713.1923437,36.151
1768500713.2945201,36.82
1768500713.401699,42.388
1768500713.5039036,32.817
1768500713.6061816,42.659
1768500713.70835,34.771
1768500713.8108525,39.163
1768500713.9131103,37.708
1768500714.0153084,36.546
1768500714.11746,42.29
1768500714.2196498,32.521
1768500714.3263977,44.528
1768500714.4286284,33.39
1768500714.5311966,40.641
1768500714.6334982,36.722
1768500714.7358003,36.053
1768500714.8392036,44.357
1768500714.9413543,32.718
1768500715.043543,43.471
1768500715.1501071,34.08
1768500715.2522943,38.572
1768500715.3545098,39.557
1768500715.456887,32.422
1768500715.5590742,42.56
1768500715.6613271,33.804
1768500715.7636023,40.148
1768500715.8657894,36.743
1768500715.96799,36.131
1768500716.0702157,44.233
1768500716.1760092,33.014
1768500716.278278,41.133
1768500716.3804667,36.25
1768500716.4826818,36.546
1768500716.5848799,46.861
1768500716.6870852,33.212
1768500716.78929,43.201
1768500716.891471,38.868
1768500716.9948063,37.905
1768500717.1010685,36.349
1768500717.2033362,42.585
1768500717.3057866,32.62
1768500717.4081135,43.963
1768500717.510543,34.475
1768500717.6129372,38.474
1768500717.7151625,38.2
1768500717.8174002,35.56
1768500717.9196858,44.259
1768500718.0256534,32.62
1768500718.1278718,44.357
1768500718.2301326,33.489
1768500718.3324199,39.087
1768500718.4346275,37.806
1768500718.537045,32.323
1768500718.639473,37.609
1768500718.74176,40.345
1768500718.8441079,32.521
1768500718.9465404,43.347
1768500719.0517702,33.883
1768500719.1544194,39.459
1768500719.2567225,37.51
1768500719.3590274,36.131
1768500719.4623902,45.806
1768500719.5647027,32.916
1768500719.6669202,43.176
1768500719.7692885,34.672
1768500719.8715823,37.51
1768500719.976191,43.963
1768500720.0786023,32.817
1768500720.1808236,42.487
1768500720.283058,34.672
1768500720.3854263,38.671
1768500720.487644,37.708
1768500720.5899303,32.225
1768500720.6922128,42.954
1768500720.7945673,33.784
1768500720.8967996,40.542
1768500721.003146,36.053
1768500721.105465,36.82
1768500721.207762,42.118
1768500721.3100293,32.62
1768500721.4122348,45.708
1768500721.5145807,33.39
1768500721.6168406,38.595
1768500721.719104,32.225
1768500721.8212485,46.566
1768500721.9271066,33.113
1768500722.0293202,40.814
1768500722.1315594,36.349
1768500722.233734,35.046
1768500722.3359232,45.216
1768500722.4380844,32.916
1768500722.5403707,43.078
1768500722.642588,35.067
1768500722.7449362,37.708
1768500722.8473194,40.223
1768500722.9519277,32.521
1768500723.0542626,44.429
1768500723.1564603,33.31
1768500723.2586412,43.249
1768500723.3608475,34.573
1768500723.4630818,38.2
1768500723.5653133,38.769
1768500723.6676188,32.323
1768500723.769839,46.664
1768500723.872264,33.113
1768500723.9783926,42.881
1768500724.0808494,35.165
1768500724.1830046,38.595
1768500724.2868464,40.542
1768500724.3890867,32.422
1768500724.4915185,42.881
1768500724.59374,34.771
1768500724.6962736,37.905
1768500724.8025603,39.557
1768500724.9050536,32.225
1768500725.0074282,46.692
1768500725.1099963,32.916
1768500725.2121975,43.446
1768500725.3146715,34.08
1768500725.4168909,39.087
1768500725.5194159,38.178
1768500725.6217494,32.225
1768500725.7281861,47.479
1768500725.830347,33.409
1768500725.9324818,42.487
1768500726.034659,34.179
1768500726.1369126,39.656
1768500726.2391748,36.426
1768500726.3422656,43.963
1768500726.4444969,32.718
1768500726.546721,43.176
1768500726.6528275,34.278
1768500726.755105,39.087
1768500726.8574855,38.2
1768500726.9596562,36.919
1768500727.061942,42.315
1768500727.1640859,32.422
1768500727.266271,44.456
1768500727.3684082,33.31
1768500727.47061,40.345
1768500727.5770833,36.053
1768500727.679316,36.328
1768500727.7815068,42.684
1768500727.8839555,32.521
1768500727.9861262,44.331
1768500728.0883806,33.784
1768500728.1906273,41.699
1768500728.292893,36.426
1768500728.395135,38.572
1768500728.4998817,38.89
1768500728.6029751,33.113
1768500728.7052608,36.328
1768500728.8075519,41.625
1768500728.9103742,32.521
1768500729.0126085,44.134
1768500729.1147773,33.606
1768500729.2171047,41.527
1768500729.3194602,35.461
1768500729.4216003,38.496
1768500729.5272334,39.656
1768500729.6294188,32.323
1768500729.7317352,34.771
1768500729.8339477,32.718
1768500729.9360716,35.658
1768500730.0382025,37.412
1768500730.1404753,37.313
1768500730.2425857,35.165
1768500730.3446567,34.08
1768500730.4467406,33.212
1768500730.5519807,32.916
1768500730.654093,32.62
1768500730.7562995,35.264
1768500730.8585196,36.525
1768500730.9606988,37.116
1768500731.0628731,37.412
1768500731.1663537,37.018
1768500731.26855,36.328
1768500731.3706844,35.757
1768500731.4728775,36.229
1768500731.5779443,37.116
1768500731.680209,37.412
1768500731.7824306,36.919
1768500731.8847148,36.426
1768500731.9869072,36.053
1768500732.0891535,35.539
1768500732.1912982,33.489
1768500732.2936554,36.25
1768500732.3960023,40.247
1768500732.498213,35.165
1768500732.6004694,32.027
1768500732.7072852,41.503
1768500732.8097343,34.278
1768500732.9119935,38.003
1768500733.0142686,41.921
1768500733.116526,32.422
1768500733.2192008,43.471
1768500733.3214486,34.771
1768500733.423654,33.982
1768500733.525889,47.549
1768500733.6321278,33.193
1768500733.7344823,32.995
1768500733.836796,46.227
1768500733.9391544,33.113
1768500734.0438888,43.668
1768500734.1461327,34.179
1768500734.2484345,40.542
1768500734.3507135,35.856
1768500734.457223,37.215
1768500734.5594218,43.274
1768500734.6616542,32.817
1768500734.7639046,42.61
1768500734.8662558,34.968
1768500734.96846,38.102
1768500735.0707996,38.868
1768500735.173073,32.225
1768500735.2753975,47.057
1768500735.3820522,33.39
1768500735.484264,43.595
1768500735.5864635,35.264
1768500735.688704,38.299
1768500735.7909176,36.131
1768500735.8934886,42.56
1768500735.9956374,32.521
1768500736.0979052,44.305
1768500736.199976,33.193
1768500736.3062406,42.881
1768500736.4084265,34.771
1768500736.5106413,38.89
1768500736.6128159,38.2
1768500736.7150054,36.328
1768500736.8172698,42.585
1768500736.9195445,32.422
1768500737.0217154,47.155
1768500737.1239352,33.014
1768500737.2262564,43.668
1768500737.3325224,33.883
1768500737.4347916,42.118
1768500737.537003,36.426
1768500737.6391695,37.708
1768500737.7413492,38.966
1768500737.8440077,36.623
1768500737.9461896,42.585
1768500738.0483472,32.422
1768500738.1505578,45.637
1768500738.256578,33.212
1768500738.3588488,40.542
1768500738.4645636,35.856
1768500738.5667732,32.62
1768500738.6689684,42.093
1768500738.771178,35.461
1768500738.8735256,36.743
1768500738.9758325,43.3
1768500739.0828896,32.817
1768500739.185257,43.373
1768500739.2875328,34.573
1768500739.3897164,38.868
1768500739.4919114,36.722
1768500739.5941846,36.94
1768500739.6964495,42.782
1768500739.7986522,32.718
1768500739.900827,42.585
1768500740.0079336,33.883
1768500740.1103187,37.927
1768500740.212588,38.89
1768500740.314876,45.091
1768500740.4170804,32.995
1768500740.5192215,43.103
1768500740.6214397,34.771
1768500740.7237823,38.223
1768500740.8259752,39.087
1768500740.932817,32.521
1768500741.0351906,43.373
1768500741.137449,33.982
1768500741.2399375,39.186
1768500741.342214,37.412
1768500741.444466,35.165
1768500741.5467036,46.566
1768500741.649372,33.291
1768500741.751571,41.896
1768500741.8575933,35.067
1768500741.9598393,39.36
1768500742.062363,36.842
1768500742.1645932,38.003
1768500742.2667718,38.868
1768500742.3692412,36.328
1768500742.47161,41.724
1768500742.5738966,32.521
1768500742.6760263,44.036
1768500742.7832537,33.686
1768500742.8854628,41.601
1768500742.987731,36.032
1768500743.0899677,36.919
1768500743.1921916,43.497
1768500743.2944646,32.521
1768500743.3966215,43.57
1768500743.4988828,33.39
1768500743.6010015,40.861
1768500743.7067394,36.032
1768500743.8089945,36.94
1768500743.9112494,42.019
1768500744.0136178,32.521
1768500744.1159403,43.963
1768500744.2183769,34.475
1768500744.3206167,37.587
1768500744.4229991,41.822
1768500744.5254254,32.62
1768500744.6312828,43.176
1768500744.7335408,34.771
1768500744.8359203,40.617
1768500744.939389,32.718
1768500745.041687,42.881
1768500745.1438856,34.08
1768500745.2461627,40.05
1768500745.3483682,37.806
1768500745.4505577,32.225
1768500745.5559409,45.118
1768500745.658171,33.686
1768500745.7605145,40.321
1768500745.8628826,37.116
1768500745.965099,35.716
1768500746.0674138,45.118
1768500746.1696236,32.817
1768500746.2718832,43.176
1768500746.3741508,35.362
1768500746.4763873,37.193
1768500746.5822203,42.881
1768500746.6844566,32.718
1768500746.7867212,42.684
1768500746.888923,34.08
1768500746.991175,39.459
1768500747.0933099,36.722
1768500747.1955378,36.623
1768500747.3021922,43.471
1768500747.4077442,32.718
1768500747.5110886,43.497
1768500747.6133742,35.362
1768500747.7155254,37.905
1768500747.817853,39.163
1768500747.9203796,32.225
1768500748.0226624,45.386
1768500748.125076,33.212
1768500748.2313714,42.29
1768500748.3337314,36.82
1768500748.4361916,32.225
1768500748.5384705,47.549
1768500748.6413794,34.179
1768500748.7437382,36.722
1768500748.8459697,41.231
1768500748.9483325,32.521
1768500749.050573,46.762
1768500749.1570756,33.31
1768500749.259317,34.179
1768500749.36245,40.247
1768500749.4645033,36.131
1768500749.566538,36.623
1768500749.668632,43.471
1768500749.7706857,32.521
1768500749.8727858,42.487
1768500749.974954,34.08
1768500750.080742,38.299
1768500750.1830256,38.693
1768500750.2852783,32.323
1768500750.3875163,44.357
1768500750.4897602,32.916
1768500750.5920134,43.274
1768500750.6943038,34.672
1768500750.7964785,39.459
1768500750.898791,37.215
1768500751.0011408,36.722
1768500751.106161,43.865
1768500751.2085168,32.817
1768500751.3107693,42.585
1768500751.4130387,33.784
1768500751.5155456,41.724
1768500751.6178508,36.229
1768500751.7244658,37.215
1768500751.8317573,42.881
1768500751.9343436,32.521
1768500752.0366251,43.57
1768500752.139099,33.587
1768500752.241344,40.912
1768500752.3439732,36.229
1768500752.4463584,33.883
1768500752.5488997,46.664
1768500752.6565657,33.784
1768500752.7588334,37.981
1768500752.861187,38.966
1768500752.9634743,32.323
1768500753.0657218,46.467
1768500753.167888,33.508
1768500753.270135,41.896
1768500753.3723414,35.165
1768500753.474602,38.671
1768500753.5812728,32.718
1768500753.684565,43.839
1768500753.786698,33.409
1768500753.8888273,44.062
1768500753.991034,33.982
1768500754.093094,43.15
1768500754.1952727,34.672
1768500754.297353,40.444
1768500754.3995337,35.856
1768500754.5046618,37.412
1768500754.606893,41.921
1768500754.7091434,32.718
1768500754.811401,42.487
1768500754.9135594,33.804
1768500755.015777,41.231
1768500755.1179562,36.131
1768500755.2202153,37.729
1768500755.3224816,40.739
1768500755.4248793,32.521
1768500755.5312374,44.796
1768500755.6334257,33.686
1768500755.735624,41.601
1768500755.8378274,35.362
1768500755.9400902,39.065
1768500756.0422704,37.116
1768500756.1457946,37.412
1768500756.2480717,40.247
1768500756.355413,32.323
1768500756.45769,46.003
1768500756.5600405,32.817
1768500756.66234,43.741
1768500756.7646143,34.672
1768500756.8668473,38.989
1768500756.969062,38.102
1768500757.0712867,32.323
1768500757.1735425,47.549
1768500757.2800877,33.409
1768500757.3823786,42.315
1768500757.4846807,36.25
1768500757.586964,36.525
1768500757.689284,46.467
1768500757.7915258,33.686
1768500757.8937767,39.262
1768500757.9961147,37.609
1768500758.0983613,36.504
1768500758.2056377,32.718
1768500758.307756,43.249
1768500758.4099286,35.067
1768500758.5120983,31.929
1768500758.6148078,39.557
1768500758.7168932,37.412
1768500758.8189945,36.525
1768500758.9212718,45.806
1768500759.0234709,32.916
1768500759.129212,43.668
1768500759.2314713,33.982
1768500759.333806,40.148
1768500759.4360592,35.835
1768500759.5382893,36.919
1768500759.6406715,40.838
1768500759.7430136,32.62
1768500759.8452158,43.839
1768500759.9475381,34.869
1768500760.0501165,33.982
1768500760.1537666,33.409
1768500760.2560194,32.897
1768500760.358394,36.328
1768500760.460604,35.56
1768500760.5669196,32.521
1768500760.6694124,32.422
1768500760.7716796,33.883
1768500760.874065,32.718
1768500760.977112,32.62
1768500761.079436,34.869
1768500761.1817446,35.56
1768500761.2840285,36.328
1768500761.3862338,36.328
1768500761.4884505,35.954
1768500761.5906258,32.323
1768500761.6928904,32.422
1768500761.7951303,32.7
1768500761.8973124,33.784
1768500761.9994836,32.404
1768500762.1054378,32.422
1768500762.2078,32.62
1768500762.3101,33.014
1768500762.412454,33.409
1768500762.5148017,33.686
1768500762.6171079,31.83
1768500762.7193499,38.375
1768500762.8215508,42.782
1768500762.9239478,33.113
1768500763.0261836,38.769
1768500763.1320102,32.718
1768500763.234095,42.019
1768500763.336181,35.56
1768500763.4383109,36.426
1768500763.5405889,43.963
1768500763.6427546,32.916
1768500763.744835,42.684
1768500763.8471859,35.165
1768500763.9492714,38.102
1768500764.0513558,38.89
1768500764.157313,32.521
1768500764.2595623,45.752
1768500764.361842,33.212
1768500764.4642181,43.176
1768500764.5666225,35.264
1768500764.6688893,36.722
1768500764.7711382,40.345
1768500764.8734534,32.62
1768500764.9757485,45.905
1768500765.0780482,33.508
1768500765.1855848,38.572
1768500765.2880607,40.838
1768500765.390332,32.62
1768500765.4938462,42.855
1768500765.5961726,33.982
1768500765.698571,38.08
1768500765.800879,39.262
1768500765.9030857,33.587
1768500766.0084105,44.993
1768500766.1106374,32.916
1768500766.212903,43.176
1768500766.3152263,34.475
1768500766.417481,39.853
1768500766.5197706,36.053
1768500766.6222126,32.108
1768500766.724542,43.078
1768500766.8268123,34.376
1768500766.9334023,36.919
1768500767.035659,40.936
1768500767.138072,32.62
1768500767.240307,44.528
1768500767.3426268,33.587
1768500767.444996,40.641
1768500767.5474002,35.856
1768500767.6498384,34.08
1768500767.7521937,45.019
1768500767.8583758,43.373
1768500767.9612424,33.982
1768500768.0634,40.739
1768500768.1655235,35.56
1768500768.2676163,32.126
1768500768.3699453,45.145
1768500768.4723113,33.489
1768500768.5745175,32.126
1768500768.6767175,40.247
1768500768.7789788,36.546
1768500768.883973,33.686
1768500768.986211,43.274
1768500769.0884857,32.817
1768500769.190731,43.963
1768500769.293082,34.08
1768500769.3953073,39.163
1768500769.4976695,38.277
1768500769.6000729,32.422
1768500769.7023778,42.855
1768500769.8046682,33.686
1768500769.9108353,37.587
1768500770.0174427,40.838
1768500770.119738,32.62
1768500770.223076,43.839
1768500770.3253589,33.587
1768500770.427645,40.739
1768500770.5300024,35.736
1768500770.636132,32.009
1768500770.7383337,45.189
1768500770.8405979,33.113
1768500770.9429407,33.686
1768500771.0453353,45.976
1768500771.1478956,33.212
1768500771.2502046,43.471
1768500771.3524666,34.771
1768500771.4547,37.335
1768500771.5596857,39.951
1768500771.6620781,32.422
1768500771.7643204,42.684
1768500771.8666317,34.179
1768500771.9688344,38.178
1768500772.0711875,39.754
1768500772.1734006,32.422
1768500772.2756093,45.708
1768500772.3779588,33.113
1768500772.480191,33.587
1768500772.5888808,37.51
1768500772.6910903,41.822
1768500772.7931917,32.718
1768500772.8953416,45.118
1768500772.9974792,33.291
1768500773.0996206,43.274
1768500773.2017703,34.573
1768500773.3037968,39.58
1768500773.406018,36.82
1768500773.5105946,36.722
1768500773.6128106,44.134
1768500773.7150192,32.995
1768500773.8172472,43.544
1768500773.9194825,34.376
1768500774.021738,39.262
1768500774.1240811,37.708
1768500774.2267463,36.426
1768500774.3289287,43.373
1768500774.431076,32.817
1768500774.5377455,42.684
1768500774.6400003,33.982
1768500774.7422845,40.345
1768500774.8509614,35.658
1768500774.9533536,38.792
1768500775.055669,36.623
1768500775.1617644,37.532
1768500775.264073,40.345
1768500775.3663032,32.323
1768500775.4685676,45.708
1768500775.5709527,32.817
1768500775.6731656,43.078
1768500775.775388,34.475
1768500775.8775523,39.557
1768500775.9798195,37.412
1768500776.086251,36.525
1768500776.1885107,42.782
1768500776.2907782,32.62
1768500776.3932087,43.176
1768500776.4955375,34.968
1768500776.5978127,37.215
1768500776.7002087,44.724
1768500776.802485,33.094
1768500776.904689,33.883
1768500777.011842,41.306
1768500777.1140895,34.869
1768500777.2163343,38.89
1768500777.31853,38.2
1768500777.4208112,32.225
1768500777.523228,42.192
1768500777.6255538,34.771
1768500777.727845,37.784
1768500777.8301754,41.231
1768500777.9362245,32.62
1768500778.0385067,43.839
1768500778.1408074,34.672
1768500778.243125,36.82
1768500778.3454905,40.739
1768500778.4478836,32.422
1768500778.5501828,35.617
1768500778.6524162,46.987
1768500778.7547102,33.409
1768500778.8628328,40.467
1768500778.9651258,37.609
1768500779.0674837,32.897
1768500779.1713576,47.282
1768500779.2737184,33.212
1768500779.3763592,41.231
1768500779.4785914,35.658
1768500779.5866816,36.722
1768500779.6890883,46.298
1768500779.791393,33.014
1768500779.8937829,41.822
1768500779.9960845,35.954
1768500780.098464,36.722
1768500780.2012773,40.715
1768500780.3035312,32.521
1768500780.408933,42.56
1768500780.5111492,33.686
1768500780.613351,40.42
1768500780.7157176,36.722
1768500780.8179152,34.376
1768500780.920326,44.233
1768500781.0225847,32.817
1768500781.1248538,42.684
1768500781.2270439,42.093
1768500781.3296165,34.376
1768500781.4349535,40.838
1768500781.5371506,35.835
1768500781.6394129,32.108
1768500781.7418015,45.905
1768500781.8440473,33.014
1768500781.9464226,42.979
1768500782.0485663,34.376
1768500782.15088,38.989
1768500782.253125,37.609
1768500782.3553452,36.131
1768500782.4608128,44.331
1768500782.5630813,33.014
1768500782.6653786,41.798
1768500782.7676866,35.067
1768500782.870405,39.065
1768500782.9725964,37.215
1768500783.07482,35.441
1768500783.177006,43.471
1768500783.279119,32.521
1768500783.3850865,43.839
1768500783.487362,33.39
1768500783.590629,42.019
1768500783.6927946,36.82
1768500783.7951002,36.701
1768500783.8973758,39.754
1768500783.9996154,33.587
1768500784.1018481,43.446
1768500784.2041872,32.521
1768500784.3091962,46.369
1768500784.411493,32.916
1768500784.5136826,43.471
1768500784.615935,33.883
1768500784.7181382,39.853
1768500784.8205256,37.51
1768500784.922901,33.587
1768500785.0250955,45.046
1768500785.1272945,32.817
1768500785.229585,42.487
1768500785.3345895,34.278
1768500785.436916,39.656
1768500785.5391872,36.525
1768500785.6415076,36.405
1768500785.7437613,44.305
1768500785.8459175,33.212
1768500785.9481397,43.741
1768500786.050279,41.034
1768500786.1534317,35.264
1768500786.2604105,37.806
1768500786.362659,38.277
1768500786.4650297,33.587
1768500786.5672297,42.56
1768500786.669497,32.916
1768500786.7716954,42.782
1768500786.8740027,33.883
1768500786.9763112,41.724
1768500787.0785084,35.264
1768500787.1843314,38.572
1768500787.28661,37.51
1768500787.3889325,36.525
1768500787.4915037,43.57
1768500787.59367,32.718
1768500787.6958792,43.446
1768500787.7980678,34.376
1768500787.9007623,40.42
1768500788.003055,36.623
1768500788.1119335,37.215
1768500788.21414,41.404
1768500788.3164024,33.113
1768500788.4186404,42.979
1768500788.5208418,35.165
1768500788.6231644,32.225
1768500788.72541,43.176
1768500788.8276715,35.067
1768500788.9342067,38.124
1768500789.036461,39.065
1768500789.1387615,32.422
1768500789.241077,47.549
1768500789.343278,33.014
1768500789.445585,43.15
1768500789.5478494,34.179
1768500789.6500857,39.534
1768500789.752416,38.2
1768500789.8590286,32.995
1768500789.9614959,46.888
1768500790.0637376,33.113
1768500790.1660593,43.176
1768500790.268296,34.968
1768500790.3708699,35.856
1768500790.4730377,33.409
1768500790.5759647,32.718
1768500790.6780357,35.658
1768500790.7821803,37.215
1768500790.8844166,38.003
1768500790.9867313,36.349
1768500791.0890076,35.56
1768500791.191157,34.475
1768500791.293333,33.883
1768500791.3955517,33.31
1768500791.4978976,33.31
1768500791.6001303,33.31
1768500791.7024527,33.409
1768500791.804833,33.409
1768500791.910205,33.193
1768500792.0124738,33.193
1768500792.1147923,33.193
1768500792.217092,33.587
1768500792.31953,34.278
1768500792.4218109,34.771
1768500792.5247657,34.968
1768500792.627012,34.771
1768500792.7322893,35.56
1768500792.8385365,36.131
1768500792.9407063,34.573
1768500793.042948,36.623
1768500793.1451042,46.467
1768500793.2472763,33.014
1768500793.3495104,43.078
1768500793.4517307,34.672
1768500793.5539138,38.474
1768500793.6561627,38.868
1768500793.7622662,32.323
1768500793.8644774,42.757
1768500793.966684,34.475
1768500794.0688875,38.299
1768500794.1711514,38.671
1768500794.2734408,32.225
1768500794.3756967,44.993
1768500794.477918,32.817
1768500794.5802832,42.855
1768500794.6826568,34.08
1768500794.7875152,38.102
1768500794.8897605,39.262
1768500794.9920042,32.323
1768500795.0942926,46.397
1768500795.196598,32.916
1768500795.298821,33.784
1768500795.4023032,42.388
1768500795.5044534,34.869
1768500795.6066892,31.929
1768500795.7123783,42.979
1768500795.8148694,34.475
1768500795.9172034,40.05
1768500796.019757,36.525
1768500796.122026,35.441
1768500796.224279,46.003
1768500796.32653,34.278
1768500796.4288292,39.284
1768500796.53111,36.722
1768500796.6333044,33.982
1768500796.739485,46.129
1768500796.8417234,32.718
1768500796.943987,42.881
1768500797.0462017,33.982
1768500797.1489143,41.527
1768500797.2510688,35.539
1768500797.3532844,36.996
1768500797.4568806,39.065
1768500797.5630841,32.305
1768500797.665232,45.905
1768500797.7675786,32.916
1768500797.8697836,43.078
1768500797.9720898,33.508
1768500798.0742846,43.398
1768500798.176585,34.771
1768500798.2788775,37.018
1768500798.3811927,39.951
1768500798.4873455,32.323
1768500798.5895846,42.684
1768500798.6919787,39.087
1768500798.794227,32.422
1768500798.8965502,46.298
1768500798.9988334,33.587
1768500799.1013143,39.459
1768500799.2035315,38.966
1768500799.3058252,34.001
1768500799.4081159,43.668
1768500799.51392,32.718
1768500799.6161463,42.462
1768500799.718745,34.08
1768500799.8209352,39.951
1768500799.9231157,37.587
1768500800.0255635,39.065
1768500800.1277463,33.982
1768500800.229808,44.331
1768500800.332011,32.916
1768500800.4376552,43.668
1768500800.5401134,34.475
1768500800.6423547,38.2
1768500800.7447073,38.178
1768500800.8470323,32.323
1768500800.9493716,46.861
1768500801.0515738,33.291
1768500801.153853,41.822
1768500801.2562206,36.25
1768500801.3631613,34.159
1768500801.4655566,44.993
1768500801.5677466,33.587
1768500801.6699882,38.299
1768500801.7766936,39.853
1768500801.8788867,32.323
1768500801.9811525,47.549
1768500802.0887809,33.014
1768500802.19116,43.078
1768500802.2935226,34.278
1768500802.3958113,39.087
1768500802.498359,37.806
1768500802.6006987,32.225
1768500802.7029867,44.429
1768500802.8052614,33.39
1768500802.9074862,41.01
1768500803.0133138,36.151
1768500803.1156907,36.722
1768500803.2178986,41.133
1768500803.3203242,32.521
1768500803.4226935,42.782
1768500803.5251613,33.587
1768500803.6274939,38.375
1768500803.7299657,38.693
1768500803.8322046,32.323
1768500803.9386258,47.282
1768500804.0408764,33.014
1768500804.143103,43.471
1768500804.245332,39.459
1768500804.3488164,37.806
1768500804.4509392,36.426
1768500804.5530903,43.865
1768500804.6553154,32.718
1768500804.75748,43.891
1768500804.8634844,34.573
1768500804.9657621,39.853
1768500805.068124,37.412
1768500805.1704612,36.82
1768500805.272854,42.782
1768500805.3752563,32.718
1768500805.4775224,44.6
1768500805.579741,33.587
1768500805.682195,40.936
1768500805.7886693,37.51
1768500805.8910248,36.229
1768500805.9937303,43.865
1768500806.0961196,32.817
1768500806.198738,43.668
1768500806.300982,33.982
1768500806.4034412,40.617
1768500806.505844,37.51
1768500806.6129415,36.919
1768500806.715221,41.724
1768500806.8174438,32.62
1768500806.9196513,45.189
1768500807.0218549,33.31
1768500807.1240776,43.57
1768500807.226617,34.573
1768500807.3288817,39.36
1768500807.4311712,38.003
1768500807.5380113,32.323
1768500807.6403966,43.544
1768500807.7428176,33.489
1768500807.8451796,40.641
1768500807.9474008,35.856
1768500808.0496042,37.587
1768500808.1518211,40.542
1768500808.254091,32.422
1768500808.3562834,42.709
1768500808.4634757,33.982
1768500808.566265,37.313
1768500808.668551,35.658
1768500808.7714088,37.116
1768500808.8735554,38.966
1768500808.9757166,32.305
1768500809.0779634,45.61
1768500809.180294,33.014
1768500809.286538,43.741
1768500809.3888016,34.475
1768500809.4911118,38.868
1768500809.5937107,37.905
1768500809.695921,32.225
1768500809.798763,46.102
1768500809.9011922,33.094
1768500810.0034313,43.891
1768500810.1056561,34.672
1768500810.211834,39.459
1768500810.3140376,37.116
1768500810.420153,37.172
1768500810.5223327,40.936
1768500810.6256113,32.422
1768500810.72778,42.093
1768500810.8300304,33.982
1768500810.9357016,41.109
1768500811.0380855,35.856
1768500811.1403868,37.686
1768500811.2427197,40.838
1768500811.3450906,32.521
1768500811.4473803,43.839
1768500811.5496485,33.784
1768500811.6519926,39.557
1768500811.7544107,37.51
1768500811.8615086,32.323
1768500811.9639184,44.528
1768500812.0663593,33.39
1768500812.1685965,40.838
1768500812.270986,36.82
1768500812.3732553,36.328
1768500812.4756994,42.782
1768500812.5780952,32.718
1768500812.6803799,43.274
1768500812.786913,34.475
1768500812.8892815,37.489
1768500812.991489,32.225
1768500813.0937083,45.878
1768500813.1958547,33.094
1768500813.2980437,42.954
1768500813.4002755,34.771
1768500813.5023549,38.595
1768500813.6045053,38.277
1768500813.7113502,32.225
1768500813.8136888,45.61
1768500813.9158907,32.916
1768500814.0181713,43.373
1768500814.1203988,33.784
1768500814.2227674,42.019
1768500814.3250442,35.165
1768500814.427375,37.905
1768500814.5296254,39.36
1768500814.63655,32.305
1768500814.7388792,45.583
1768500814.8411033,33.39
1768500814.9446933,41.503
1768500815.046881,34.968
1768500815.1492906,39.829
1768500815.2515097,36.151
1768500815.3537047,38.397
1768500815.4559734,38.474
1768500815.5615575,32.521
1768500815.6637459,45.708
1768500815.7661405,33.39
1768500815.8683338,42.216
1768500815.9707015,35.362
1768500816.0728717,39.853
1768500816.1750922,37.116
1768500816.2772489,37.193
1768500816.3795412,41.896
1768500816.4861588,32.521
1768500816.5883846,45.118
1768500816.6906478,33.31
1768500816.7928352,40.345
1768500816.895237,36.447
1768500816.9974039,37.39
1768500817.0996125,39.853
1768500817.2018085,32.323
1768500817.3040051,43.937
1768500817.4064457,33.014
1768500817.5120285,43.471
1768500817.6142876,39.239
1768500817.7173102,38.2
1768500817.819378,32.422
1768500817.9214382,45.216
1768500818.0235872,32.817
1768500818.1257043,43.078
1768500818.2278314,33.784
1768500818.3299015,39.482
1768500818.4369006,37.51
1768500818.5396233,32.225
1768500818.6419468,39.262
1768500818.7443187,40.739
1768500818.8465812,32.521
1768500818.9487803,44.403
1768500819.0515535,33.508
1768500819.1537805,42.684
1768500819.2560306,35.362
1768500819.3616414,39.459
1768500819.4638424,37.116
1768500819.5663319,36.82
1768500819.6685305,41.921
1768500819.7709048,32.422
1768500819.8733094,44.16
1768500819.9759953,35.165
1768500820.0783865,38.2
1768500820.1807573,39.284
1768500820.2876816,32.225
1768500820.390021,47.254
1768500820.4923117,33.982
1768500820.5945776,33.686
1768500820.6968865,33.587
1768500820.7991421,33.606
1768500820.901308,33.113
1768500821.0034487,32.817
1768500821.1055663,32.601
1768500821.2105627,35.165
1768500821.3128774,35.56
1768500821.4151804,32.323
1768500821.5175357,32.62
1768500821.6197777,33.113
1768500821.7218857,33.686
1768500821.8241708,33.902
1768500821.9264727,33.508
1768500822.0287879,33.489
1768500822.131269,33.883
1768500822.2373157,35.165
1768500822.3395486,37.313
1768500822.442542,36.82
1768500822.5446074,36.645
1768500822.6466784,36.25
1768500822.7487094,32.323
1768500822.850787,32.718
1768500822.9529207,33.113
1768500823.0550418,35.067
1768500823.157227,33.606
1768500823.2593193,38.102
1768500823.3654718,43.249
1768500823.4677684,33.982
1768500823.5700967,37.883
1768500823.6723483,43.471
1768500823.775094,32.916
1768500823.87789,42.093
1768500823.9802468,36.426
1768500824.0824351,33.587
1768500824.184956,45.976
1768500824.290642,33.883
1768500824.3929856,40.641
1768500824.5015116,37.806
1768500824.6037352,32.404
1768500824.7060084,45.583
1768500824.808219,33.489
1768500824.9149039,41.231
1768500825.017356,37.116
1768500825.1199007,34.968
1768500825.2223303,42.782
1768500825.324563,33.587
1768500825.4268298,41.527
1768500825.5291367,35.856
1768500825.6313674,36.645
1768500825.733666,42.388
1768500825.839439,32.718
1768500825.9417655,42.388
1768500826.0442474,34.376
1768500826.146548,37.532
1768500826.2489069,38.966
1768500826.3511803,32.422
1768500826.453536,45.976
1768500826.5557706,33.212
1768500826.6581204,40.986
1768500826.765284,37.018
1768500826.8675134,41.33
1768500826.969705,32.62
1768500827.0719419,44.357
1768500827.1742344,33.705
1768500827.27635,40.125
1768500827.3786104,36.032
1768500827.4807422,37.313
1768500827.5829382,40.912
1768500827.6898508,32.916
1768500827.7920885,43.446
1768500827.8943412,34.573
1768500827.9965813,39.284
1768500828.099384,39.262
1768500828.2017124,32.422
1768500828.304164,41.281
1768500828.4064002,35.165
1768500828.5123842,37.762
1768500828.6148944,43.176
1768500828.721578,35.736
1768500828.823936,37.138
1768500828.92637,41.01
1768500829.0286043,32.521
1768500829.1308248,46.467
1768500829.233093,33.587
1768500829.3390472,37.708
1768500829.441436,39.459
1768500829.5437334,32.422
1768500829.646067,43.078
1768500829.7484467,33.883
1768500829.850849,37.193
1768500829.953094,38.792
1768500830.0554562,36.722
1768500830.1577113,42.684
1768500830.2642286,32.916
1768500830.3664691,42.855
1768500830.4687243,34.573
1768500830.570996,38.2
1768500830.6732686,39.777
1768500830.7755442,32.422
1768500830.8777664,46.987
1768500830.9800196,32.916
1768500831.082262,43.3
1768500831.189843,37.335
1768500831.2918892,42.659
1768500831.3942976,36.131
1768500831.4963908,32.422
1768500831.598891,43.741
1768500831.7010489,36.328
1768500831.8034294,36.426
1768500831.905533,42.118
1768500832.0075517,32.521
1768500832.1131988,45.905
1768500832.2154083,33.31
1768500832.3175852,41.995
1768500832.4197907,34.179
1768500832.522565,40.838
1768500832.624725,35.856
1768500832.7269833,37.905
1768500832.8292477,39.36
1768500832.9357328,32.404
1768500833.0401807,43.078
1768500833.1424534,32.718
1768500833.2446983,46.102
1768500833.3468757,33.113
1768500833.449068,43.668
1768500833.5514264,33.982
1768500833.653692,40.05
1768500833.7558851,36.525
1768500833.8582017,37.193
1768500833.96041,40.05
1768500834.0671973,32.422
1768500834.1694956,44.331
1768500834.2717855,32.916
1768500834.3741097,44.501
1768500834.4763432,33.193
1768500834.578625,43.052
1768500834.6809247,34.573
1768500834.7831254,39.065
1768500834.8853343,37.51
1768500834.9876344,36.82
1768500835.0926373,40.912
1768500835.1949906,32.521
1768500835.297402,46.79
1768500835.3999004,33.113
1768500835.5021698,43.767
1768500835.604419,33.686
1768500835.7067113,40.247
1768500835.8091738,36.032
1768500835.9115243,35.933
1768500836.019178,32.817
1768500836.1213846,44.724
1768500836.2235394,33.489
1768500836.3257082,40.42
1768500836.4278169,36.25
1768500836.530084,32.323
1768500836.6322842,47.057
1768500836.7345264,33.39
1768500836.8366776,39.829
1768500836.939163,35.835
1768500837.0440784,37.609
1768500837.1463256,39.754
1768500837.2485828,32.422
1768500837.3508437,45.145
1768500837.4531822,32.916
1768500837.5553863,43.57
1768500837.6580596,33.686
1768500837.760471,40.641
1768500837.8635802,36.229
1768500837.9690778,36.623
1768500838.0712457,40.814
1768500838.1735232,32.521
1768500838.2757683,44.01
1768500838.3780417,33.587
1768500838.4801807,42.388
1768500838.5825145,39.951
1768500838.6847897,33.291
1768500838.787023,43.668
1768500838.8892388,34.475
1768500838.9949486,39.853
1768500839.0972939,35.342
1768500839.1995173,38.595
1768500839.3017433,37.116
1768500839.4039547,37.412
1768500839.5062702,39.284
1768500839.6084437,34.771
1768500839.7106779,42.019
1768500839.813025,32.817
1768500839.919315,43.446
1768500840.0217083,34.771
1768500840.124029,38.397
1768500840.2263856,40.345
1768500840.3286436,32.521
1768500840.430881,45.315
1768500840.5331283,33.686
1768500840.6356144,39.284
1768500840.7379072,38.397
1768500840.8439143,42.659
1768500840.9469326,33.686
1768500841.0490713,38.89
1768500841.1512752,38.769
1768500841.2534614,32.422
1768500841.3555999,44.993
1768500841.4577565,33.784
1768500841.5599158,38.769
1768500841.6621804,39.656
1768500841.764337,32.817
1768500841.869742,42.216
1768500841.9725804,35.067
1768500842.074891,37.51
1768500842.1771274,39.262
1768500842.2794132,32.521
1768500842.3816848,43.078
1768500842.4841168,34.179
1768500842.5876162,39.186
1768500842.689902,37.587
1768500842.7955813,35.067
1768500842.897881,46.467
1768500843.000123,32.916
1768500843.1024334,43.3
1768500843.2047079,35.067
1768500843.3070855,38.792
1768500843.4093215,38.102
1768500843.511666,36.349
1768500843.614049,43.839
1768500843.721075,32.718
1768500843.8233066,43.078
1768500843.925583,34.179
1768500844.0278268,40.073
1768500844.1300828,36.131
1768500844.232381,37.138
1768500844.3346066,39.36
1768500844.4369104,32.422
1768500844.5391614,46.79
1768500844.6459873,33.014
1768500844.7482882,41.995
1768500844.850566,34.968
1768500844.9528255,37.095
1768500845.0551624,40.838
1768500845.1573942,32.62
1768500845.2596533,45.484
1768500845.3620548,40.715
1768500845.4656918,36.842
1768500845.571071,36.525
1768500845.673274,44.259
1768500845.775546,32.817
1768500845.8779352,43.471
1768500845.980139,35.067
1768500846.0823324,38.474
1768500846.184621,38.671
1768500846.2869124,32.323
1768500846.3891654,46.734
1768500846.4950643,33.094
1768500846.5973413,42.585
1768500846.6995213,34.672
1768500846.8023386,38.89
1768500846.9047554,38.966
1768500847.009176,32.422
1768500847.111482,46.959
1768500847.213704,33.193
1768500847.3198314,42.979
1768500847.4221537,35.067
1768500847.5244935,38.868
1768500847.626826,38.299
1768500847.7291653,36.032
1768500847.8315666,46.566
1768500847.9338186,33.014
1768500848.036171,43.668
1768500848.138534,34.376
1768500848.2450151,39.853
1768500848.347261,38.102
1768500848.4496634,36.743
1768500848.5518942,45.118
1768500848.6542735,41.798
1768500848.7567806,32.62
1768500848.8591037,43.471
1768500848.9614635,34.869
1768500849.0637324,39.262
1768500849.1691866,37.412
1768500849.271518,36.546
1768500849.3737495,42.118
1768500849.4759896,32.718
1768500849.5783389,42.979
1768500849.68065,35.165
1768500849.782919,37.532
1768500849.8852413,32.62
1768500849.988746,43.497
1768500850.0952437,34.771
1768500850.1975627,38.299
1768500850.2999036,38.375
1768500850.4021957,32.323
1768500850.5044463,46.888
1768500850.6066213,33.014
1768500850.7088451,43.668
1768500850.81116,37.51
1768500850.913381,35.736
1768500851.0178568,34.771
1768500851.1200132,33.883
1768500851.222519,33.409
1768500851.3249516,33.014
1768500851.4270976,35.835
1768500851.5302606,37.806
1768500851.6323998,37.806
1768500851.7345054,37.51
1768500851.8366654,33.982
1768500851.9422746,32.7
1768500852.0444765,32.422
1768500852.146729,32.521
1768500852.2488506,32.718
1768500852.351058,32.718
1768500852.4532323,33.014
1768500852.555525,32.995
1768500852.657844,33.409
1768500852.7601807,34.08
1768500852.8623407,35.461
1768500852.9686275,36.053
1768500853.0709174,37.039
1768500853.1731503,37.313
1768500853.2754376,35.933
1768500853.3776398,35.362
1768500853.4798172,32.718
1768500853.5820355,32.323
1768500853.6843297,41.133
1768500853.7864969,38.299
1768500853.8887775,32.323
1768500853.9944801,41.231
1768500854.0967665,36.426
1768500854.1989975,36.898
1768500854.301215,41.822
1768500854.4034958,32.521
1768500854.5056937,45.976
1768500854.6078768,33.113
1768500854.7101364,34.475
1768500854.8123333,38.375
1768500854.914391,38.102
1768500855.020567,36.743
1768500855.1229382,42.782
1768500855.2251377,32.62
1768500855.3273904,43.937
1768500855.4295971,33.193
1768500855.5318286,43.642
1768500855.6341462,34.179
1768500855.7364433,39.065
1768500855.8390384,37.412
1768500855.9446135,37.215
1768500856.0480971,41.133
1768500856.1503944,32.521
1768500856.2539392,45.806
1768500856.3563042,33.291
1768500856.4585507,42.807
1768500856.5608928,35.264
1768500856.6631835,37.095
1768500856.7701967,43.176
1768500856.8725789,32.521
1768500856.9749858,43.471
1768500857.077366,37.51
1768500857.1799421,35.638
1768500857.2824044,45.243
1768500857.3846292,32.916
1768500857.4870796,43.103
1768500857.5937755,34.869
1768500857.6960633,38.42
1768500857.7983496,37.981
1768500857.9006054,36.447
1768500858.0028777,40.838
1768500858.105058,32.422
1768500858.2072566,45.216
1768500858.3094754,32.916
1768500858.4118233,42.979
1768500858.5140517,33.489
1768500858.6189814,35.757
1768500858.7213497,46.102
1768500858.8236864,33.193
1768500858.9259882,40.345
1768500859.0282583,36.842
1768500859.130476,34.948
1768500859.2328937,33.291
1768500859.3358574,41.503
1768500859.4380097,36.053
1768500859.5452023,37.215
1768500859.6474462,42.093
1768500859.7497602,32.817
1768500859.8521473,43.078
1768500859.9544315,35.362
1768500860.0567362,37.412
1768500860.159046,40.27
1768500860.2618237,32.521
1768500860.3641663,46.566
1768500860.4703317,33.587
1768500860.5725353,42.684
1768500860.677071,35.56
1768500860.7803748,38.003
1768500860.8825622,40.05
1768500860.9847574,32.422
1768500861.0871272,45.118
1768500861.193136,33.587
1768500861.2953732,42.019
1768500861.3976352,35.264
1768500861.4998498,39.557
1768500861.6021478,37.116
1768500861.7043595,36.525
1768500861.8066223,42.684
1768500861.9092915,32.521
1768500862.011657,43.963
1768500862.1195946,33.39
1768500862.2218542,36.25
1768500862.3240862,42.906
1768500862.426275,32.718
1768500862.5285852,44.724
1768500862.6309168,33.39
1768500862.7331235,42.979
1768500862.8354158,35.067
1768500862.941468,38.2
1768500863.0438862,38.299
1768500863.1461499,35.539
1768500863.2484844,44.357
1768500863.3506517,32.897
1768500863.4528382,33.686
1768500863.5564697,42.487
1768500863.658543,34.672
1768500863.7606075,38.989
1768500863.8675053,37.905
1768500863.9696655,36.328
1768500864.071926,42.118
1768500864.174161,32.62
1768500864.2764506,42.782
1768500864.3786418,33.982
1768500864.481098,40.617
1768500864.5832865,35.56
1768500864.685413,38.693
1768500864.787648,37.806
1768500864.893538,36.525
1768500864.9957106,44.233
1768500865.0979877,33.014
1768500865.2002256,41.109
1768500865.3028452,36.053
1768500865.4061658,38.003
1768500865.5084186,40.321
1768500865.6107204,32.62
1768500865.7175648,42.585
1768500865.8198078,34.179
1768500865.9222033,39.459
1768500866.0244439,37.116
1768500866.1269128,36.328
1768500866.2292044,44.259
1768500866.3314357,32.817
1768500866.4337726,43.347
1768500866.536035,33.883
1768500866.642723,38.868
1768500866.7452965,37.905
1768500866.8475847,35.067
1768500866.9497635,45.145
1768500867.0522451,32.817
1768500867.154499,42.881
1768500867.2569025,34.179
1768500867.3592255,38.003
1768500867.4667277,40.27
1768500867.5690203,32.916
1768500867.6712506,43.249
1768500867.7735982,34.573
1768500867.8759394,39.754
1768500867.9783666,32.916
1768500868.0804594,41.503
1768500868.1825807,35.264
1768500868.284848,35.244
1768500868.3901837,46.987
1768500868.4925501,33.291
1768500868.5947962,32.027
1768500868.6972098,43.078
1768500868.7994745,34.278
1768500868.9021177,37.609
1768500869.0044467,42.019
1768500869.1065574,32.62
1768500869.208828,42.388
1768500869.3133953,33.705
1768500869.4169211,41.109
1768500869.519112,35.933
1768500869.6214385,37.708
1768500869.7277436,40.936
1768500869.830005,32.422
1768500869.9322145,45.118
1768500870.034558,33.489
1768500870.141526,42.413
1768500870.2439835,35.954
1768500870.346361,36.898
1768500870.448663,44.259
1768500870.551055,32.916
1768500870.6533291,43.767
1768500870.7556598,34.179
1768500870.8581452,39.853
1768500870.9603992,37.116
1768500871.0663633,36.328
1768500871.168792,44.233
1768500871.271208,33.014
1768500871.3736358,42.585
1768500871.4760797,34.672
1768500871.5784085,38.397
1768500871.6807864,39.065
1768500871.7831087,32.323
1768500871.8853934,46.959
1768500871.9926562,33.508
1768500872.09491,40.936
1768500872.197256,36.25
1768500872.299651,42.659
1768500872.4025912,32.916
1768500872.5048747,43.668
1768500872.6071224,34.672
1768500872.7093024,39.482
1768500872.8114042,38.003
1768500872.9174626,32.521
1768500873.0196502,45.976
1768500873.1218975,33.508
1768500873.2241528,41.798
1768500873.327027,36.25
1768500873.429289,36.525
1768500873.5316422,44.16
1768500873.634092,33.113
1768500873.7410982,42.782
1768500873.8434913,34.376
1768500873.9471223,39.383
1768500874.049487,38.299
1768500874.1523063,36.623
1768500874.2545764,43.446
1768500874.35684,32.62
1768500874.4592903,43.078
1768500874.565805,35.264
1768500874.6683028,37.708
1768500874.7706122,42.093
1768500874.8729427,32.718
1768500874.9752326,43.767
1768500875.0774539,33.489
1768500875.179928,42.019
1768500875.2826178,35.264
1768500875.3850017,38.178
1768500875.4902325,38.572
1768500875.592589,32.521
1768500875.6950877,43.052
1768500875.7975926,34.179
1768500875.8999135,38.746
1768500876.002141,37.609
1768500876.104364,36.426
1768500876.2065692,42.979
1768500876.3087957,32.718
1768500876.4157424,42.757
1768500876.518052,33.784
1768500876.6202862,36.426
1768500876.72374,36.229
1768500876.8259027,43.57
1768500876.9280384,32.897
1768500877.0302434,43.274
1768500877.1324794,34.08
1768500877.2347138,41.601
1768500877.3410728,35.933
1768500877.4433832,37.981
1768500877.5458088,38.89
1768500877.6480987,32.521
1768500877.7505553,43.865
1768500877.8528743,33.784
1768500877.955647,39.459
1768500878.058019,38.102
1768500878.1602707,32.323
1768500878.2677264,43.544
1768500878.3699527,34.672
1768500878.4721704,39.754
1768500878.5744066,42.192
1768500878.6767118,34.08
1768500878.7790072,39.284
1768500878.8812263,38.102
1768500878.9834974,32.323
1768500879.0902925,42.881
1768500879.192529,33.686
1768500879.2950747,41.231
1768500879.3974113,36.032
1768500879.4996727,37.313
1768500879.6020765,40.763
1768500879.7043822,32.521
1768500879.8066688,44.796
1768500879.909106,33.212
1768500880.014451,40.026
1768500880.1167452,36.131
1768500880.2190504,38.595
1768500880.3213196,38.671
1768500880.423547,34.179
1768500880.525767,45.243
1768500880.6279786,32.916
1768500880.7302823,42.979
1768500880.8325458,33.883
1768500880.934883,40.912
1768500881.0409074,35.933
1768500881.1431434,41.133
1768500881.2454202,37.215
1768500881.348068,36.25
1768500881.450213,36.151
1768500881.5524497,35.757
1768500881.6548028,35.757
1768500881.7571492,35.461
1768500881.8594315,34.869
1768500881.964271,35.362
1768500882.066468,34.573
1768500882.1689873,34.08
1768500882.271211,33.982
1768500882.3734417,34.179
1768500882.4758394,34.573
1768500882.5825434,35.461
1768500882.68842,36.623
1768500882.790887,37.313
1768500882.893104,37.116
1768500882.9953709,36.82
1768500883.097614,35.933
1768500883.1998923,35.56
1768500883.302158,34.179
1768500883.4045315,32.718
1768500883.506759,33.113
1768500883.6089942,33.489
1768500883.7146308,34.376
1768500883.8169613,31.435
1768500883.9193022,37.313
1768500884.0215135,40.936
1768500884.123756,34.771
1768500884.2261882,33.587
1768500884.3285496,40.715
1768500884.430767,35.638
1768500884.5329978,36.525
1768500884.639115,44.331
1768500884.741358,32.916
1768500884.8437135,41.503
1768500884.9459922,35.954
1768500885.0483015,36.842
1768500885.1504674,43.57
1768500885.2526114,32.817
1768500885.3550448,42.954
1768500885.457299,33.784
1768500885.5596147,40.739
1768500885.6653647,36.525
1768500885.7676394,41.306
1768500885.8703566,32.521
1768500885.9723933,45.681
1768500886.0748065,33.39
1768500886.1770203,43.57
1768500886.2794583,34.475
1768500886.3816018,40.42
1768500886.4841766,36.722
1768500886.5893965,36.504
1768500886.691882,42.093
1768500886.7943668,32.62
1768500886.8968952,45.386
1768500886.9995522,33.212
1768500887.1021454,43.544
1768500887.2044904,33.686
1768500887.3083284,43.446
1768500887.4146922,34.376
1768500887.5169356,41.699
1768500887.6191158,35.954
1768500887.7213407,37.708
1768500887.8238842,39.36
1768500887.9261036,32.323
1768500888.0282524,46.2
1768500888.1305091,32.916
1768500888.232726,42.979
1768500888.338468,40.936
1768500888.4406712,32.521
1768500888.5429006,43.373
1768500888.6452615,40.518
1768500888.7475677,32.521
1768500888.8498058,42.585
1768500888.9520888,33.982
1768500889.0544312,32.225
1768500889.1566927,39.656
1768500889.2588913,38.769
1768500889.3651216,32.422
1768500889.467495,47.184
1768500889.5696707,33.113
1768500889.6720808,43.767
1768500889.7742896,34.376
1768500889.876501,39.284
1768500889.9787555,39.065
1768500890.081006,32.521
1768500890.183155,42.757
1768500890.2904482,39.58
1768500890.3927443,37.609
1768500890.4948783,32.305
1768500890.5971966,47.479
1768500890.6992905,33.409
1768500890.8013802,41.995
1768500890.9034517,35.856
1768500891.005505,36.151
1768500891.107917,46.172
1768500891.2152135,33.39
1768500891.317466,41.109
1768500891.4198763,35.856
1768500891.5222123,37.489
1768500891.6287394,40.936
1768500891.7323651,32.62
1768500891.8383944,46.369
1768500891.9405591,33.587
1768500892.0428176,40.223
1768500892.144988,36.919
1768500892.2472456,37.116
1768500892.3494887,40.345
1768500892.4517324,32.521
1768500892.5538952,47.549
1768500892.6561701,33.212
1768500892.7584333,43.963
1768500892.8632317,34.278
1768500892.9655018,38.003
1768500893.06777,39.262
1768500893.1699684,33.39
1768500893.2722306,45.019
1768500893.3744752,32.916
1768500893.476693,42.29
1768500893.5790312,33.883
1768500893.6816633,39.163
1768500893.783877,37.51
1768500893.8898528,32.7
1768500893.9921186,42.068
1768500894.0943546,34.08
1768500894.196506,39.656
1768500894.2988236,37.609
1768500894.4010496,32.422
1768500894.5032308,45.118
1768500894.6054173,33.193
1768500894.70771,43.57
1768500894.8151655,37.039
1768500894.917211,46.298
1768500895.0193844,33.113
1768500895.1214378,43.078
1768500895.223547,34.475
1768500895.3255758,39.853
1768500895.4276419,39.58
1768500895.529777,33.193
1768500895.6319914,41.207
1768500895.7341537,35.264
1768500895.8400688,38.769
1768500895.9423525,40.223
1768500896.0452666,32.62
1768500896.1475542,46.102
1768500896.2501361,33.014
1768500896.3523421,43.767
1768500896.4545684,33.489
1768500896.556844,41.109
1768500896.6592886,35.954
1768500896.7644567,36.426
1768500896.8667245,40.814
1768500896.9690619,32.718
1768500897.0713663,42.659
1768500897.1737592,33.883
1768500897.2759902,39.383
1768500897.378165,36.525
1768500897.4805374,37.039
1768500897.582784,42.782
1768500897.685013,32.916
1768500897.7918885,42.979
1768500897.8940535,33.784
1768500897.9962637,39.262
1768500898.0986035,37.215
1768500898.2029147,35.244
1768500898.3053162,46.987
1768500898.4076827,33.212
1768500898.5109005,41.231
1768500898.6150823,39.262
1768500898.7172234,33.31
1768500898.8195515,42.684
1768500898.9217355,34.08
1768500899.0240748,39.065
1768500899.1264822,37.51
1768500899.2287161,36.546
1768500899.3311598,41.503
1768500899.433302,32.718
1768500899.5355663,47.254
1768500899.6413803,41.625
1768500899.7435327,35.264
1768500899.8455598,38.595
1768500899.9482455,39.777
1768500900.050528,32.62
1768500900.1526382,46.298
1768500900.2547512,33.409
1768500900.3568535,43.347
1768500900.4590087,34.672
1768500900.5612724,38.868
1768500900.6685205,38.397
1768500900.7707677,32.422
1768500900.873471,45.118
1768500900.9756901,33.014
1768500901.0779681,43.078
1768500901.180221,34.278
1768500901.2823935,40.641
1768500901.38455,35.539
1768500901.4908936,37.959
1768500901.5931172,39.262
1768500901.6954815,32.521
1768500901.7977066,44.724
1768500901.8999538,33.784
1768500902.0023742,36.623
1768500902.1046858,46.916
1768500902.2069786,33.705
1768500902.3092566,40.172
1768500902.411513,36.722
1768500902.51764,35.165
1768500902.6199186,46.79
1768500902.7221854,33.193
1768500902.8244734,41.231
1768500902.926675,35.658
1768500903.0288367,36.842
1768500903.1311083,41.428
1768500903.2332873,32.718
1768500903.33553,43.741
1768500903.4415395,33.489
1768500903.5438404,41.625
1768500903.6462538,35.56
1768500903.7484386,37.236
1768500903.8506818,40.444
1768500903.9529765,32.502
1768500904.055177,42.881
1768500904.1574347,34.475
1768500904.2597888,38.845
1768500904.3660562,32.422
1768500904.468313,46.692
1768500904.5704703,33.113
1768500904.6726043,42.192
1768500904.7747397,34.771
1768500904.8768764,37.981
1768500904.9790006,41.034
1768500905.0813375,32.817
1768500905.18353,43.57
1768500905.2857716,35.954
1768500905.3878226,36.919
1768500905.4946294,43.668
1768500905.5970435,33.014
1768500905.6993866,43.446
1768500905.8016016,33.883
1768500905.9037719,40.345
1768500906.0059953,36.722
1768500906.1081839,37.313
1768500906.2105672,41.527
1768500906.312849,32.817
1768500906.4190006,43.078
1768500906.521198,34.278
1768500906.623485,39.951
1768500906.7256327,36.722
1768500906.8278992,37.39
1768500906.9301488,39.853
1768500907.032436,32.521
1768500907.1345994,47.675
1768500907.237119,33.212
1768500907.343771,43.471
1768500907.4459455,34.573
1768500907.5481584,39.087
1768500907.6504743,37.708
1768500907.7527335,32.305
1768500907.8549368,44.331
1768500907.957167,32.916
1768500908.0593305,43.544
1768500908.1616232,33.784
1768500908.2639074,41.404
1768500908.370115,35.933
1768500908.472403,37.609
1768500908.5746803,40.912
1768500908.676936,38.966
1768500908.7792425,32.521
1768500908.8814619,44.206
1768500908.9836826,33.014
1768500909.0858743,43.57
1768500909.188233,42.487
1768500909.296348,35.461
1768500909.39843,32.798
1768500909.50072,46.762
1768500909.6029375,33.39
1768500909.705243,42.118
1768500909.807457,35.461
1768500909.9101908,36.328
1768500910.0124755,46.861
1768500910.1148763,33.686
1768500910.2203045,39.163
1768500910.3307579,37.609
1768500910.432986,36.426
1768500910.5352168,44.062
1768500910.6375508,32.916
1768500910.744215,42.684
1768500910.8465014,34.179
1768500910.9487388,40.148
1768500911.050999,38.299
1768500911.1532454,35.046
1768500911.25543,43.446
1768500911.357616,32.817
1768500911.4599233,43.544
1768500911.5621045,36.743
1768500911.6676888,36.053
1768500911.7700055,35.856
1768500911.8723109,34.968
1768500911.9746363,35.264
1768500912.0768807,33.212
1768500912.179084,33.883
1768500912.2817452,35.264
1768500912.3841107,37.116
1768500912.486783,32.422
1768500912.5908823,32.521
1768500912.6932664,32.62
1768500912.7955966,32.718
1768500912.898187,33.014
1768500913.0004766,33.212
1768500913.1027644,33.883
1768500913.2051263,34.278
1768500913.3073978,34.771
1768500913.409749,35.165
1768500913.5122602,36.743
1768500913.6159856,37.313
1768500913.72073,35.658
1768500913.8230073,32.521
1768500913.9252234,32.817
1768500914.0274427,33.291
1768500914.1297019,34.001
1768500914.231904,31.731
1768500914.3346198,38.769
1768500914.4368849,43.052
1768500914.539006,33.014
1768500914.641272,40.838
1768500914.756527,36.447
1768500914.8587613,36.426
1768500914.9610257,46.959
1768500915.0633721,33.39
1768500915.1707036,40.912
1768500915.2729015,35.658
1768500915.3751516,37.784
1768500915.4774148,42.388
1768500915.5797193,32.995
1768500915.682001,40.518
1768500915.784305,36.82
1768500915.8866155,36.623
1768500915.9887555,42.881
1768500916.095375,32.916
1768500916.1976097,43.57
1768500916.2999735,34.278
1768500916.4022012,39.087
1768500916.5045455,38.474
1768500916.6067843,32.323
1768500916.7091057,43.471
1768500916.811518,33.982
1768500916.9137886,40.739
1768500917.0202088,36.919
1768500917.122419,33.587
1768500917.2246602,44.331
1768500917.3268247,32.817
1768500917.42916,43.373
1768500917.5314689,33.982
1768500917.633731,39.928
1768500917.7359767,35.461
1768500917.8385162,44.036
1768500917.944313,32.718
1768500918.0465589,43.398
1768500918.1488748,33.982
1768500918.2511222,39.065
1768500918.3538795,38.671
1768500918.4562452,33.686
1768500918.5584054,35.342
1768500918.6606257,43.274
1768500918.7664313,33.883
1768500918.8700497,32.027
1768500918.972248,41.625
1768500919.0744514,37.116
1768500919.176666,36.82
1768500919.2788475,46.987
1768500919.3810494,33.409
1768500919.4833195,41.724
1768500919.585654,36.032
1768500919.6879528,37.609
1768500919.7902544,41.921
1768500919.895765,32.521
1768500919.998105,43.963
1768500920.1004608,33.489
1768500920.202746,41.896
1768500920.305197,35.835
1768500920.4077206,37.51
1768500920.5098987,40.739
1768500920.6121519,32.718
1768500920.714331,43.373
1768500920.8214736,33.587
1768500920.9236233,42.192
1768500921.0258532,34.672
1768500921.128043,39.163
1768500921.2306006,38.89
1768500921.332883,32.521
1768500921.4351308,43.373
1768500921.5376086,34.573
1768500921.6400127,37.905
1768500921.7457418,39.459
1768500921.8480742,32.422
1768500921.9503717,45.708
1768500922.052646,33.508
1768500922.154845,41.625
1768500922.2572293,35.835
1768500922.3595293,43.57
1768500922.4619005,33.686
1768500922.5640683,38.572
1768500922.6696894,40.148
1768500922.772039,32.521
1768500922.8742507,46.074
1768500922.9770327,33.39
1768500923.079504,41.034
1768500923.1818476,36.919
1768500923.2841153,36.426
1768500923.386427,44.16
1768500923.488715,33.193
1768500923.5913227,43.176
1768500923.6989207,36.032
1768500923.8013153,36.525
1768500923.9036148,43.668
1768500924.0058076,32.916
1768500924.108141,42.019
1768500924.210579,36.25
1768500924.3133218,36.229
1768500924.415648,47.549
1768500924.5208125,33.784
1768500924.6231987,38.496
1768500924.7254622,39.951
1768500924.827879,32.521
1768500924.9302583,43.741
1768500925.0325189,34.573
1768500925.1350565,37.981
1768500925.2374897,42.782
1768500925.3397355,32.916
1768500925.4420927,43.471
1768500925.5475566,34.869
1768500925.6498024,37.095
1768500925.7522078,42.216
1768500925.854565,32.817
1768500925.9567811,42.782
1768500926.0590146,33.784
1768500926.1612265,40.542
1768500926.2634318,35.757
1768500926.3658032,38.102
1768500926.4680235,38.671
1768500926.5733259,32.422
1768500926.6755605,46.271
1768500926.7778742,33.686
1768500926.8802433,39.262
1768500926.9827018,39.065
1768500927.0849767,43.249
1768500927.1880343,34.179
1768500927.2903647,38.693
1768500927.3930116,38.299
1768500927.4984376,32.62
1768500927.6011357,43.373
1768500927.7034209,34.573
1768500927.8056502,37.883
1768500927.9079404,40.247
1768500928.0135067,32.62
1768500928.1157444,42.487
1768500928.21813,35.264
1768500928.3227546,32.817
1768500928.4250355,43.347
1768500928.5272846,35.362
1768500928.6295412,34.968
1768500928.7318964,38.595
1768500928.8341663,39.262
1768500928.93639,32.323
1768500929.0386567,46.369
1768500929.1409116,33.508
1768500929.2430322,42.757
1768500929.3480875,35.362
1768500929.4504025,37.587
1768500929.5526261,42.192
1768500929.65485,32.62
1768500929.7570782,46.003
1768500929.8593102,33.193
1768500929.9613879,41.921
1768500930.0635643,35.362
1768500930.165786,37.215
1768500930.2680888,40.223
1768500930.3736753,32.422
1768500930.475923,45.932
1768500930.578163,32.916
1768500930.6804047,43.15
1768500930.7826278,34.475
1768500930.8848815,39.754
1768500930.9871626,37.116
1768500931.0894337,36.525
1768500931.1917253,42.782
1768500931.2939298,32.62
1768500931.3990927,45.118
1768500931.5012763,33.39
1768500931.603559,42.585
1768500931.7056744,35.56
1768500931.8079693,38.868
1768500931.9101634,37.018
1768500932.0129874,41.01
1768500932.115051,32.521
1768500932.217122,46.074
1768500932.3191824,32.897
1768500932.4242194,43.891
1768500932.5264163,38.102
1768500932.628702,33.883
1768500932.7309685,46.03
1768500932.8336692,32.916
1768500932.9358382,43.694
1768500933.0380554,34.08
1768500933.1416686,39.829
1768500933.2438133,36.82
1768500933.3488889,37.412
1768500933.451081,39.754
1768500933.55331,32.422
1768500933.6555643,46.003
1768500933.75774,33.193
1768500933.8600233,43.471
1768500933.9621737,34.968
1768500934.0643651,38.496
1768500934.1669898,39.186
1768500934.2692301,32.422
1768500934.3754992,46.495
1768500934.4777539,33.014
1768500934.579991,43.767
1768500934.6821885,33.982
1768500934.784456,39.951
1768500934.8867576,36.328
1768500934.9888952,36.898
1768500935.0912194,41.207
1768500935.1934104,32.62
1768500935.2984037,46.959
1768500935.4006476,33.489
1768500935.502912,41.034
1768500935.605224,36.25
1768500935.7075336,36.919
1768500935.809772,41.231
1768500935.9120076,32.62
1768500936.0142686,42.881
1768500936.116426,33.587
1768500936.2187972,43.544
1768500936.3242753,34.869
1768500936.426494,39.459
1768500936.5287335,37.215
1768500936.6310809,36.722
1768500936.733331,32.521
1768500936.8357987,46.102
1768500936.937927,33.31
1768500937.0400422,43.347
1768500937.1422055,34.771
1768500937.2442946,39.853
1768500937.3500211,36.623
1768500937.4522061,36.623
1768500937.5543785,40.814
1768500937.6568496,32.521
1768500937.7591786,45.315
1768500937.8622253,34.869
1768500937.9644341,36.426
1768500938.066817,45.019
1768500938.169124,33.113
1768500938.274805,40.617
1768500938.3770545,36.229
1768500938.4793413,36.229
1768500938.5816777,39.58
1768500938.6839135,37.51
1768500938.7863235,32.422
1768500938.8886266,46.271
1768500938.9910476,33.883
1768500939.0933475,39.928
1768500939.198307,37.609
1768500939.3006983,36.722
1768500939.403101,45.216
1768500939.5053086,32.916
1768500939.6077688,42.782
1768500939.710055,34.968
1768500939.812356,37.981
1768500939.9147406,41.231
1768500940.0171337,32.62
1768500940.1234298,43.544
1768500940.2257335,34.376
1768500940.3280249,40.42
1768500940.4303124,36.525
1768500940.5325446,37.708
1768500940.6349525,40.321
1768500940.7371454,32.521
1768500940.8394368,43.57
1768500940.9417481,33.686
1768500941.0441382,41.404
1768500941.1471503,36.328
1768500941.249547,36.623
1768500941.3519366,42.093
1768500941.454175,32.916
1768500941.556493,34.376
1768500941.6596303,38.769
1768500941.7617261,38.792
1768500941.8640926,32.422
1768500941.9663775,44.429
1768500942.0684736,34.376
1768500942.1742969,33.686
1768500942.2765665,33.212
1768500942.3789022,33.113
1768500942.4813843,33.39
1768500942.5844536,32.601
1768500942.6868308,36.525
1768500942.7891657,36.229
1768500942.8915114,32.521
1768500942.9956245,33.113
1768500943.0979598,32.897
1768500943.2002823,37.116
1768500943.3026247,38.102
1768500943.4048798,36.82
1768500943.5070539,35.264
1768500943.6092427,34.278
1768500943.7114055,33.784
1768500943.8135526,33.014
1768500943.915982,32.916
1768500944.0209155,33.291
1768500944.1232226,33.982
1768500944.2254663,34.376
1768500944.3278353,35.56
1768500944.4300802,36.722
1768500944.5322857,37.116
1768500944.6346643,35.954
1768500944.7370872,37.215
1768500944.8393626,40.838
1768500944.9465926,35.856
1768500945.0490415,32.323
1768500945.1515043,39.557
1768500945.2537427,38.966
1768500945.3562248,32.521
1768500945.4584758,41.133
1768500945.56097,36.053
1768500945.663164,35.067
1768500945.765411,44.948
1768500945.8719144,33.212
1768500945.9743562,40.518
1768500946.076631,36.328
1768500946.1794045,42.782
1768500946.281532,32.718
1768500946.3837094,42.855
1768500946.4859676,33.883
1768500946.5882306,37.806
1768500946.69095,40.369
1768500946.7980142,32.817
1768500946.9002347,44.062
1768500947.0027745,34.968
1768500947.1052496,38.277
1768500947.2077029,39.36
1768500947.3100863,32.521
1768500947.4123685,41.995
1768500947.514778,34.771
1768500947.6208568,36.623
1768500947.7233138,45.189
1768500947.8256342,33.193
1768500947.9280136,33.291
1768500948.03032,41.01
1768500948.132633,38.277
1768500948.2348373,32.521
1768500948.3372104,40.814
1768500948.4394429,36.131
1768500948.546959,32.126
1768500948.6495829,39.754
1768500948.7518413,37.116
1768500948.8541372,32.323
1768500948.956352,46.102
1768500949.058587,33.606
1768500949.160825,41.527
1768500949.263144,36.447
1768500949.365387,34.771
1768500949.4704962,45.413
1768500949.5729315,33.508
1768500949.6753876,40.715
1768500949.7776804,36.151
1768500949.879907,36.701
1768500949.9821875,43.274
1768500950.0845506,33.014
1768500950.1869004,42.192
1768500950.2895198,36.131
1768500950.3951073,32.323
1768500950.4975522,44.456
1768500950.5998733,39.163
1768500950.7021635,37.905
1768500950.8044713,36.919
1768500950.906647,42.807
1768500951.0088885,32.916
1768500951.1112845,43.668
1768500951.2135696,34.573
1768500951.3157668,37.905
1768500951.4222865,39.777
1768500951.5313377,32.718
1768500951.6350052,42.954
1768500951.7372992,34.179
1768500951.8394926,40.518
1768500951.9456882,36.25
1768500952.0479374,37.193
1768500952.1502824,45.216
1768500952.2524803,32.916
1768500952.354684,41.207
1768500952.4568777,35.461
1768500952.5591125,37.708
1768500952.6613872,39.754
1768500952.7637012,32.521
1768500952.8700962,46.102
1768500952.9723134,33.212
1768500953.0744963,42.413
1768500953.1767516,36.842
1768500953.2789838,32.817
1768500953.3811512,40.05
1768500953.4836726,37.412
1768500953.5859838,32.798
1768500953.6882737,47.675
1768500953.794911,33.113
1768500953.897164,43.274
1768500953.9994495,34.376
1768500954.1016607,40.223
1768500954.203915,37.51
1768500954.3061287,36.426
1768500954.408392,44.331
1768500954.5105393,32.916
1768500954.6127636,43.347
1768500954.71493,34.08
1768500954.8197436,41.921
1768500954.9219651,38.277
1768500955.0249677,38.474
1768500955.1270695,32.521
1768500955.2292383,45.878
1768500955.3312943,33.409
1768500955.4334257,43.347
1768500955.5355535,34.771
1768500955.6376324,38.868
1768500955.7397602,37.489
1768500955.8454251,32.422
1768500955.9550426,44.626
1768500956.057217,33.883
1768500956.159368,40.345
1768500956.261518,37.018
1768500956.3638573,37.116
1768500956.4702225,42.585
1768500956.5724053,32.817
1768500956.6746905,43.57
1768500956.7768779,33.686
1768500956.8792226,40.912
1768500956.9814405,37.51
1768500957.08369,32.422
1768500957.1859174,43.595
1768500957.2882085,33.883
1768500957.3904796,40.444
1768500957.4957554,37.215
1768500957.5980492,34.159
1768500957.7002902,45.708
1768500957.8025784,33.094
1768500957.904999,41.601
1768500958.007262,36.546
1768500958.1096163,35.539
1768500958.2119527,46.102
1768500958.3143747,33.212
1768500958.4203703,42.093
1768500958.5226371,34.968
1768500958.6249437,32.126
1768500958.7274108,38.572
1768500958.82968,38.769
1768500958.932087,32.422
1768500959.0348268,43.741
1768500959.137079,33.784
1768500959.2394006,38.299
1768500959.3417401,39.482
1768500959.4471831,43.274
1768500959.5504918,33.686
1768500959.6526058,40.518
1768500959.7546945,36.722
1768500959.8568175,32.798
1768500959.9594235,44.921
1768500960.0614583,32.916
1768500960.1636083,43.15
1768500960.2660031,35.658
1768500960.3720598,37.313
1768500960.4744256,41.896
1768500960.5817635,33.39
1768500960.6845489,40.444
1768500960.786857,37.313
1768500960.8892276,36.82
1768500960.991496,43.57
1768500961.0965977,32.916
1768500961.198971,41.428
1768500961.3014162,37.806
1768500961.4037404,32.422
1768500961.5061111,40.617
1768500961.6084447,36.82
1768500961.7106795,32.502
1768500961.8129563,46.734
1768500961.915232,33.113
1768500962.0219023,43.471
1768500962.124077,34.573
1768500962.2262738,37.708
1768500962.3286104,40.073
1768500962.4309552,32.521
1768500962.5332847,45.243
1768500962.6355677,33.489
1768500962.7379878,39.632
1768500962.8402326,36.525
1768500962.947089,32.7
1768500963.0492496,46.298
1768500963.151625,33.31
1768500963.2538433,39.262
1768500963.3565612,37.412
1768500963.458824,32.323
1768500963.5610926,44.331
1768500963.6635048,33.113
1768500963.7661605,43.963
1768500963.8732493,38.2
1768500963.9753098,39.383
1768500964.077418,32.521
1768500964.1797383,44.528
1768500964.281892,33.686
1768500964.3842478,39.557
1768500964.486376,36.722
1768500964.5891263,36.525
1768500964.6912098,42.29
1768500964.798834,33.212
1768500964.9013417,43.274
1768500965.003714,34.278
1768500965.1059306,38.474
1768500965.2082486,38.375
1768500965.310509,32.62
1768500965.4128003,44.823
1768500965.5151262,33.784
1768500965.6173804,38.397
1768500965.7232018,39.065
1768500965.8254063,35.736
1768500965.9276526,44.849
1768500966.0298414,33.113
1768500966.1320262,42.979
1768500966.234245,34.278
1768500966.3365533,38.693
1768500966.438903,38.375
1768500966.5412261,33.39
1768500966.6436064,46.074
1768500966.748881,32.897
1768500966.8510795,42.56
1768500966.9532857,33.784
1768500967.0555592,40.617
1768500967.157778,35.461
1768500967.2599592,38.617
1768500967.3622305,38.397
1768500967.4644282,36.328
1768500967.5666938,41.601
1768500967.668885,32.817
1768500967.7740536,46.298
1768500967.8762197,33.39
1768500967.9784956,43.937
1768500968.0806649,34.376
1768500968.1828935,37.708
1768500968.2852058,40.838
1768500968.3874373,32.916
1768500968.4896348,44.698
1768500968.5920055,33.784
1768500968.6944668,32.521
1768500968.8016727,33.784
1768500968.9039245,41.133
1768500969.0063362,35.856
1768500969.108444,36.504
1768500969.210581,41.428
1768500969.312826,32.817
1768500969.415702,43.347
1768500969.5179179,34.968
1768500969.6201284,37.116
1768500969.7280107,41.625
1768500969.8302712,32.817
1768500969.9325418,43.176
1768500970.034878,34.968
1768500970.1372063,37.489
1768500970.239471,40.542
1768500970.341755,32.62
1768500970.4441235,46.298
1768500970.5464153,33.587
1768500970.6532085,41.601
1768500970.7557144,36.053
1768500970.857977,37.587
1768500970.9602547,40.345
1768500971.0628822,32.62
1768500971.1651058,46.271
1768500971.2673817,33.212
1768500971.3696296,43.347
1768500971.4720175,34.771
1768500971.5769124,37.313
1768500971.6795077,40.542
1768500971.781876,32.62
1768500971.884167,44.528
1768500971.9865074,33.784
1768500972.0890825,39.482
1768500972.1913233,37.883
1768500972.2939055,33.291
1768500972.3962073,46.593
1768500972.4984972,33.291
1768500972.6009326,42.585
1768500972.7066925,37.215
1768500972.8089714,36.25
1768500972.911451,34.771
1768500973.0136497,34.08
1768500973.1161394,33.39
1768500973.218309,33.212
1768500973.3208187,36.602
1768500973.4229305,37.806
1768500973.5275075,34.179
1768500973.6295857,33.31
1768500973.731723,32.916
1768500973.833919,37.51
1768500973.936159,37.412
1768500974.0384185,35.461
1768500974.140633,34.573
1768500974.2473106,34.08
1768500974.3548093,34.08
1768500974.457029,34.968
1768500974.5592904,36.151
1768500974.6615093,37.708
1768500974.7637222,36.82
1768500974.8659925,36.131
1768500974.9683342,32.422
1768500975.070709,33.31
1768500975.1729438,34.771
1768500975.2781394,40.739
1768500975.380424,38.397
1768500975.4826639,32.521
1768500975.5851047,40.05
1768500975.6873777,39.951
1768500975.7897062,32.62
1768500975.891904,41.503
1768500975.9941392,36.032
1768500976.0963607,36.722
1768500976.198543,44.456
1768500976.305202,33.014
1768500976.4074457,43.373
1768500976.5096486,34.869
1768500976.6118174,38.595
1768500976.7140775,37.51
1768500976.8162546,36.426
1768500976.9185116,42.881
1768500977.0207474,32.62
1768500977.1230865,47.745
1768500977.2299752,33.014
1768500977.3322074,43.347
1768500977.434372,33.883
1768500977.536712,41.01
1768500977.6388907,35.56
1768500977.741324,38.617
1768500977.8436127,38.769
1768500977.9458115,36.623
1768500978.0480733,32.718
1768500978.1551738,42.487
1768500978.25748,34.869
1768500978.3596804,39.754
1768500978.4623177,36.426
1768500978.5644705,32.422
1768500978.6705341,39.754
1768500978.7741334,37.116
1768500978.8788927,32.817
1768500978.9811113,36.898
1768500979.083439,45.413
1768500979.1855922,33.39
1768500979.287837,40.518
1768500979.3901086,37.708
1768500979.492389,35.046
1768500979.5947347,46.003
1768500979.6970057,33.113
1768500979.799467,42.315
1768500979.9039686,41.699
1768500980.0061958,32.817
1768500980.1085467,43.249
1768500980.2109327,34.573
1768500980.313265,39.065
1768500980.415572,38.397
1768500980.518037,32.323
1768500980.6202533,45.61
1768500980.7224672,33.508
1768500980.8293443,40.912
1768500980.9315715,35.658
1768500981.0337834,38.321
1768500981.1359806,39.284
1768500981.2382188,32.521
1768500981.340409,43.078
1768500981.442639,34.376
1768500981.544826,38.08
1768500981.6471002,39.163
1768500981.7547,32.422
1768500981.8568864,46.074
1768500981.9590797,33.113
1768500982.0613058,43.668
1768500982.1636262,34.475
1768500982.265834,39.557
1768500982.3681014,36.919
1768500982.4703887,43.176
1768500982.573785,32.916
1768500982.678872,37.215
1768500982.7811177,40.838
1768500982.88351,32.422
1768500982.985702,46.102
1768500983.087891,32.916
1768500983.1906874,43.373
1768500983.2932484,35.362
1768500983.3955605,38.769
1768500983.4978473,38.693
1768500983.6033945,32.422
1768500983.7056768,45.413
1768500983.8078983,33.606
1768500983.9100995,41.306
1768500984.0123131,36.151
1768500984.1145442,36.919
1768500984.2167985,45.019
1768500984.319063,33.212
1768500984.4214559,43.57
1768500984.523689,34.376
1768500984.629979,40.05
1768500984.732137,37.51
1768500984.8343432,36.447
1768500984.9365351,42.093
1768500985.0387766,32.62
1768500985.1409218,43.668
1768500985.2431118,33.982
1768500985.3453133,40.739
1768500985.4474845,36.426
1768500985.5498748,36.328
1768500985.6549814,42.29
1768500985.757302,32.62
1768500985.8596861,45.216
1768500985.961919,33.291
1768500986.0641403,42.979
1768500986.1663451,34.968
1768500986.2686172,38.671
1768500986.3708029,37.609
1768500986.4728997,36.94
1768500986.5751479,41.995
1768500986.6812835,32.62
1768500986.7835772,45.019
1768500986.8857756,33.508
1768500986.98814,43.078
1768500987.0903814,35.067
1768500987.1926305,36.328
1768500987.2949274,32.62
1768500987.3986132,42.979
1768500987.5064974,34.08
1768500987.6088693,40.223
1768500987.711089,35.362
1768500987.8142624,39.186
1768500987.9165518,37.215
1768500988.0189195,36.328
1768500988.1211307,44.357
1768500988.2234533,32.916
1768500988.3289185,40.148
1768500988.4312491,37.116
1768500988.5335736,32.225
1768500988.6360302,40.42
1768500988.7382438,36.131
1768500988.840598,37.806
1768500988.9428835,40.148
1768500989.045187,32.521
1768500989.1473904,45.511
1768500989.2537231,33.489
1768500989.3559165,43.274
1768500989.4581459,34.573
1768500989.5603492,40.444
1768500989.6626713,36.328
1768500989.7650034,37.215
1768500989.8673024,40.814
1768500989.969455,32.521
1768500990.0716393,46.2
1768500990.1739686,33.39
1768500990.280237,43.471
1768500990.3823986,34.376
1768500990.4845939,38.989
1768500990.5872633,38.08
1768500990.6893473,35.264
1768500990.7915573,43.249
1768500990.8938496,32.718
1768500990.996094,43.274
1768500991.0983114,33.587
1768500991.2042875,41.38
1768500991.3064911,35.461
1768500991.4088454,38.595
1768500991.5111074,38.89
1768500991.6133192,32.422
1768500991.7156959,46.888
1768500991.8179681,43.274
1768500991.921201,33.883
1768500992.0233095,39.284
1768500992.132408,37.412
1768500992.2345731,32.323
1768500992.3367593,47.155
1768500992.4392715,33.883
1768500992.5416932,40.05
1768500992.6443028,38.693
1768500992.7465446,32.422
1768500992.8489273,47.212
1768500992.9552007,33.094
1768500993.0574586,43.57
1768500993.1597161,34.08
1768500993.2619483,41.207
1768500993.364106,35.067
1768500993.4663775,39.163
1768500993.5686502,37.905
1768500993.6708493,34.08
1768500993.77313,46.102
1768500993.8794043,32.817
1768500993.9817235,43.373
1768500994.084013,34.08
1768500994.1862345,42.29
1768500994.2885334,38.792
1768500994.3907385,32.916
1768500994.493038,41.33
1768500994.5954058,35.933
1768500994.6976807,36.525
1768500994.7998426,44.259
1768500994.9062285,32.718
1768500995.0084732,42.684
1768500995.110715,34.08
1768500995.212968,41.306
1768500995.3151946,36.328
1768500995.4174466,37.412
1768500995.5197551,39.36
1768500995.622054,32.422
1768500995.7245703,45.806
1768500995.8309898,33.489
1768500995.9334068,40.888
1768500996.0355928,35.264
1768500996.1377945,37.686
1768500996.2399774,38.989
1768500996.342277,44.403
1768500996.445245,32.817
1768500996.5474014,43.544
1768500996.6495793,34.672
1768500996.7557528,39.459
1768500996.8579996,36.919
1768500996.9608412,37.335
1768500997.0630708,41.798
1768500997.1652315,32.718
1768500997.2675607,43.052
1768500997.3698432,33.883
1768500997.472031,41.601
1768500997.574235,35.56
1768500997.6797454,37.686
1768500997.782076,42.388
1768500997.8843033,32.718
1768500997.9865477,43.373
1768500998.088784,34.376
1768500998.1910155,39.754
1768500998.2933283,40.172
1768500998.395572,32.521
1768500998.4979603,47.085
1768500998.6003013,34.672
1768500998.7066422,36.743
1768500998.8089323,43.767
1768500998.9111748,32.817
1768500999.0134487,43.694
1768500999.115633,33.982
1768500999.2178755,40.026
1768500999.3203218,36.82
1768500999.4228108,36.328
1768500999.5251281,43.176
1768500999.6313894,32.817
1768500999.7336206,43.347
1768500999.835988,34.376
1768500999.938358,39.262
1768501000.0405822,37.51
1768501000.143047,36.623
1768501000.2454495,42.684
1768501000.3478281,32.817
1768501000.4502044,42.979
1768501000.5566878,33.982
1768501000.658936,37.51
1768501000.761415,39.284
1768501000.8637543,32.521
1768501000.9661129,33.113
1768501001.0693717,43.373
1768501001.1716726,34.179
1768501001.273902,39.262
1768501001.3762093,37.215
1768501001.482245,34.475
1768501001.5848074,44.357
1768501001.687089,33.014
1768501001.7900553,42.979
1768501001.8924024,34.376
1768501001.9946725,40.247
1768501002.097073,37.609
1768501002.1993365,32.323
1768501002.306541,47.479
1768501002.4087625,33.291
1768501002.5109837,43.668
1768501002.6133704,34.475
1768501002.7157319,40.05
1768501002.8178816,36.546
1768501002.9201434,37.587
1768501003.0224183,38.102
1768501003.1246755,37.609
1768501003.2290964,37.609
1768501003.3312745,37.686
1768501003.4334388,37.806
1768501003.5356069,37.587
1768501003.637754,37.806
1768501003.7402213,36.82
1768501003.842522,36.546
1768501003.9448786,36.053
1768501004.0472147,35.757
1768501004.1495023,36.722
1768501004.251674,37.609
1768501004.3554075,37.905
1768501004.4576364,37.116
1768501004.5599504,37.018
1768501004.6624577,36.229
1768501004.7647042,35.856
1768501004.8669605,35.362
1768501004.969229,33.686
1768501005.0716374,32.422
1768501005.1740808,32.817
1768501005.2763608,33.31
1768501005.3785863,33.784
1768501005.4850874,33.883
1768501005.5874977,31.83
1768501005.6897087,38.08
1768501005.792047,43.052
1768501005.8944464,39.186
1768501005.9975853,38.003
1768501006.0997977,32.422
1768501006.2020285,42.093
1768501006.304169,35.067
1768501006.4101176,36.919
1768501006.5124176,44.554
1768501006.6196315,33.291
1768501006.7218876,41.699
1768501006.8242924,35.933
1768501006.9267843,37.039
1768501007.0292647,42.216
1768501007.135325,32.502
1768501007.2376719,42.979
1768501007.3399248,34.278
1768501007.442162,38.966
1768501007.544398,37.313
1768501007.6466784,36.623
1768501007.7488556,43.274
1768501007.8511403,32.62
1768501007.9533885,43.57
1768501008.0556123,33.587
1768501008.1607344,38.769
1768501008.2629447,38.792
1768501008.3652148,33.39
1768501008.467393,41.921
1768501008.5695515,36.722
1768501008.6718173,33.587
1768501008.7741046,41.306
1768501008.8764064,35.165
1768501008.9785671,39.656
1768501009.0808518,36.722
1768501009.1870072,32.126
1768501009.289339,46.369
1768501009.3915174,33.291
1768501009.493819,43.004
1768501009.5960739,34.475
1768501009.6982505,38.572
1768501009.8004396,38.397
1768501009.902681,32.323
1768501010.0051167,46.397
1768501010.107436,33.31
1768501010.2124257,38.868
1768501010.3149984,37.51
1768501010.4173045,32.404
1768501010.5195892,33.686
1768501010.6224244,38.397
1768501010.7245452,38.397
1768501010.827012,32.422
1768501010.929304,43.274
1768501011.0315373,33.982
1768501011.1371002,37.806
1768501011.2401125,42.807
1768501011.3425148,32.916
1768501011.4447103,43.642
1768501011.5471358,34.771
1768501011.6493964,38.299
1768501011.7517376,40.247
1768501011.85406,32.521
1768501011.9564137,47.45
1768501012.0619333,33.193
1768501012.164173,43.668
1768501012.266317,34.968
1768501012.3685813,38.693
1768501012.4707708,38.671
1768501012.5730429,33.784
1768501012.675244,43.57
1768501012.7774892,32.718
1768501012.8797097,42.659
1768501012.9820724,34.376
1768501013.0882273,36.722
1768501013.1905205,46.102
1768501013.2928483,33.113
1768501013.3953924,43.078
1768501013.4977477,34.278
1768501013.6000104,39.065
1768501013.7022188,37.51
1768501013.804441,36.919
1768501013.9068139,42.118
1768501014.0092804,32.718
1768501014.1142795,42.192
1768501014.2165108,35.954
1768501014.3187916,32.7
1768501014.4212809,43.668
1768501014.5235968,32.817
1768501014.6258886,43.668
1768501014.7282012,34.573
1768501014.8305383,39.284
1768501014.932918,37.51
1768501015.0352898,34.179
1768501015.1416256,47.352
1768501015.2439544,33.113
1768501015.3461957,34.968
1768501015.4489965,37.905
1768501015.5512445,39.065
1768501015.6538026,32.521
1768501015.75606,45.708
1768501015.8617728,33.686
1768501015.9669049,41.896
1768501016.070574,36.229
1768501016.1727815,36.919
1768501016.2751038,43.471
1768501016.3773572,32.817
1768501016.4796495,43.642
1768501016.5820503,34.771
1768501016.684312,38.397
1768501016.7914217,40.148
1768501016.8937724,32.521
1768501016.9962132,43.052
1768501017.0985405,35.067
1768501017.2009406,37.095
1768501017.3032417,43.471
1768501017.4055169,32.718
1768501017.5079052,42.979
1768501017.610281,34.771
1768501017.7166057,37.708
1768501017.8188512,40.223
1768501017.9211855,32.521
1768501018.023415,45.511
1768501018.12571,33.39
1768501018.2280304,41.527
1768501018.3303292,38.572
1768501018.4328573,32.323
1768501018.5351725,43.937
1768501018.641244,38.792
1768501018.743517,32.521
1768501018.8458095,43.937
1768501018.948297,33.39
1768501019.0507367,42.192
1768501019.1530883,35.835
1768501019.2553072,37.905
1768501019.357555,41.428
1768501019.4598398,32.521
1768501019.566921,44.698
1768501019.6696205,41.995
1768501019.7719986,35.954
1768501019.8741293,37.215
1768501019.976305,39.853
1768501020.0786285,32.521
1768501020.1809163,47.057
1768501020.284423,33.686
1768501020.3906586,41.133
1768501020.4928834,36.032
1768501020.5951328,37.883
1768501020.6974025,39.853
1768501020.7996745,32.521
1768501020.9019248,45.484
1768501021.0042949,33.291
1768501021.106518,42.585
1768501021.2087212,34.573
1768501021.3113475,39.951
1768501021.4171453,36.919
1768501021.5194445,36.405
1768501021.6216571,42.093
1768501021.7238774,32.62
1768501021.8261743,44.626
1768501021.9283917,33.489
1768501022.0305555,42.118
1768501022.1328394,35.165
1768501022.235091,38.792
1768501022.3412204,39.656
1768501022.4434597,32.521
1768501022.5456073,45.976
1768501022.6479943,33.409
1768501022.7501705,42.364
1768501022.8523414,34.968
1768501022.9544811,38.868
1768501023.0566838,37.609
1768501023.1589367,32.323
1768501023.2611618,46.271
1768501023.3684766,34.08
1768501023.4707246,40.838
1768501023.572972,36.525
1768501023.6752021,36.623
1768501023.7776108,41.207
1768501023.879828,32.7
1768501023.982031,43.839
1768501024.084254,33.489
1768501024.1865542,41.872
1768501024.2929351,38.671
1768501024.3957808,37.981
1768501024.4980671,33.686
1768501024.6003273,45.413
1768501024.7024403,32.916
1768501024.8046308,42.782
1768501024.908117,33.587
1768501025.010315,41.921
1768501025.117231,36.25
1768501025.219499,36.623
1768501025.321875,44.993
1768501025.424383,33.113
1768501025.5265708,43.668
1768501025.6287892,34.376
1768501025.731085,39.262
1768501025.833306,38.299
1768501025.9356205,34.455
1768501026.0419652,45.511
1768501026.144252,33.212
1768501026.2465098,42.487
1768501026.3488781,36.722
1768501026.4511335,37.51
1768501026.5537128,41.625
1768501026.6558936,32.62
1768501026.7580984,44.036
1768501026.8603675,33.489
1768501026.967091,41.995
1768501027.06937,35.264
1768501027.1715136,38.693
1768501027.273876,39.36
1768501027.3762178,32.521
1768501027.4784048,40.641
1768501027.5812795,36.842
1768501027.6834862,35.145
1768501027.7858946,45.878
1768501027.8916233,33.113
1768501027.9939756,40.838
1768501028.0963655,36.349
1768501028.1993644,36.623
1768501028.3018956,43.052
1768501028.404096,33.31
1768501028.5064535,43.004
1768501028.6100945,35.736
1768501028.7180834,40.617
1768501028.820578,35.954
1768501028.9229004,36.919
1768501029.0254953,40.444
1768501029.1288567,32.62
1768501029.2311308,45.484
1768501029.3334613,33.686
1768501029.4357252,40.814
1768501029.5421615,36.328
1768501029.6444511,36.645
1768501029.746829,41.995
1768501029.849006,32.817
1768501029.9512336,43.865
1768501030.0533924,35.165
1768501030.1556077,37.609
1768501030.257974,39.853
1768501030.3602197,32.521
1768501030.4672348,46.888
1768501030.5695586,33.291
1768501030.671753,42.782
1768501030.7741373,34.771
1768501030.8763578,40.247
1768501030.9785597,36.82
1768501031.0807614,37.215
1768501031.1829426,41.921
1768501031.2851057,32.62
1768501031.3872824,44.796
1768501031.4924254,33.291
1768501031.5946822,42.019
1768501031.6969383,35.264
1768501031.7991593,37.116
1768501031.9013922,39.777
1768501032.0036755,32.62
1768501032.105914,46.495
1768501032.2082489,33.489
1768501032.3106165,43.176
1768501032.4129345,35.757
1768501032.5190063,37.609
1768501032.6212056,40.247
1768501032.723361,32.521
1768501032.8255754,45.976
1768501032.927729,33.113
1768501033.0299425,43.274
1768501033.1321514,33.606
1768501033.2343767,41.527
1768501033.3365548,36.623
1768501033.438874,34.968
1768501033.5426815,33.409
1768501033.644726,35.165
1768501033.7473671,38.299
1768501033.8495927,35.933
1768501033.9524019,34.869
1768501034.0545437,33.686
1768501034.1567202,33.31
1768501034.25883,32.817
1768501034.3610363,36.722
1768501034.4650545,37.806
1768501034.5671487,36.349
1768501034.6693003,34.869
1768501034.7715056,33.784
1768501034.873608,33.014
1768501034.9757645,32.7
1768501035.0778978,37.215
1768501035.179994,37.018
1768501035.2821736,37.116
1768501035.384374,36.032
1768501035.4865637,34.948
1768501035.591982,32.422
1768501035.6941755,32.62
1768501035.7963483,33.883
1768501035.8984683,32.62
1768501036.000674,39.262
1768501036.1029162,39.065
1768501036.2052593,32.718
1768501036.3076615,42.364
1768501036.4099731,35.835
1768501036.5122974,36.229
1768501036.6180897,46.566
1768501036.7203324,33.113
1768501036.8225121,41.034
1768501036.924822,35.954
1768501037.0271266,35.145
1768501037.1295211,41.306
1768501037.2317948,32.817
1768501037.3341103,42.462
1768501037.4363277,33.784
1768501037.538523,42.487
1768501037.6451426,35.067
1768501037.7474358,38.989
1768501037.8497548,37.138
1768501037.9520402,37.806
1768501038.0542216,39.754
1768501038.1563938,32.422
1768501038.2586176,47.057
1768501038.3612285,33.982
1768501038.46367,37.806
1768501038.5698974,33.489
1768501038.672179,41.601
1768501038.77426,36.426
1768501038.8764262,32.422
1768501038.9789343,39.557
1768501039.0811815,36.25
1768501039.1832633,37.686
1768501039.2854495,38.769
1768501039.3877256,32.62
1768501039.4898794,46.271
1768501039.5956028,33.409
1768501039.6978865,42.093
1768501039.800207,35.56
1768501039.9025643,37.39
1768501040.004817,41.896
1768501040.1070213,32.916
1768501040.2093284,42.487
1768501040.3115973,33.686
1768501040.4138541,41.306
1768501040.5211446,35.954
1768501040.6234226,36.328
1768501040.7256289,42.29
1768501040.8278878,33.014
1768501040.9301705,42.979
1768501041.0324798,33.883
1768501041.1347826,41.798
1768501041.2369514,35.933
1768501041.3391902,36.525
1768501041.4454713,42.881
1768501041.547731,36.722
1768501041.6500127,36.426
1768501041.7522569,36.525
1768501041.85466,32.817
1768501041.95689,44.626
1768501042.0591292,33.784
1768501042.1614175,41.207
1768501042.2636678,35.757
1768501042.3658962,36.919
1768501042.4713645,40.838
1768501042.5735376,32.62
1768501042.6758509,45.905
1768501042.7781422,33.193
1768501042.8804924,42.782
1768501042.9826455,34.376
1768501043.084932,39.459
1768501043.187689,36.229
1768501043.2900207,36.349
1768501043.3923182,32.521
1768501043.4986992,43.767
1768501043.6010292,33.883
1768501043.7032244,39.656
1768501043.8105273,37.018
1768501043.9127638,36.131
1768501044.0149229,43.373
1768501044.1175137,32.718
1768501044.2224944,42.585
1768501044.3247113,33.686
1768501044.4269795,41.034
1768501044.529243,36.25
1768501044.6314452,38.375
1768501044.7336032,39.679
1768501044.8358266,33.883
1768501044.9381008,44.062
1768501045.0403972,32.62
1768501045.142646,44.528
1768501045.248006,33.489
1768501045.3502176,42.29
1768501045.452494,34.475
1768501045.554816,40.247
1768501045.65702,37.215
1768501045.7592278,36.898
1768501045.8614113,41.527
1768501045.963591,32.422
1768501046.0657346,46.861
1768501046.167974,33.014
1768501046.2742808,43.694
1768501046.3764577,34.771
1768501046.4786613,39.36
1768501046.5809402,38.003
1768501046.6831954,36.525
1768501046.7854059,42.782
1768501046.8877385,32.7
1768501046.9901292,43.471
1768501047.0923588,33.686
1768501047.1978781,41.699
1768501047.3002877,35.933
1768501047.40274,32.108
1768501047.505167,44.528
1768501047.6076791,33.784
1768501047.710038,39.065
1768501047.8125112,38.003
1768501047.9147418,32.422
1768501048.0173059,33.212
1768501048.1236918,41.699
1768501048.2259145,36.328
1768501048.3282044,32.225
1768501048.4304948,46.03
1768501048.5338979,34.376
1768501048.6362295,33.587
1768501048.7384567,41.33
1768501048.8407743,35.461
1768501048.9429843,37.883
1768501049.0496407,39.065
1768501049.151909,32.718
1768501049.2541523,43.471
1768501049.3563592,34.376
1768501049.4585543,40.715
1768501049.5607042,36.82
1768501049.6629577,36.919
1768501049.7651656,42.143
1768501049.8674538,32.62
1768501049.9733882,43.839
1768501050.0756066,33.587
1768501050.1778872,41.01
1768501050.2800655,36.131
1768501050.3824615,37.708
1768501050.4846146,40.148
1768501050.5868456,32.422
1768501050.6891446,44.528
1768501050.7913294,33.291
1768501050.8935435,43.274
1768501050.9992082,34.869
1768501051.1014616,38.966
1768501051.2038338,38.003
1768501051.3060572,36.032
1768501051.4083426,43.15
1768501051.5105233,32.718
1768501051.6129408,44.724
1768501051.7151341,33.686
1768501051.8174806,42.093
1768501051.9198825,34.968
1768501052.0244021,38.474
1768501052.1267555,38.397
1768501052.2290952,35.441
1768501052.3313758,42.979
1768501052.433928,32.718
1768501052.5361924,46.987
1768501052.6386971,33.489
1768501052.7409363,35.362
1768501052.8442698,38.769
1768501052.9495726,39.186
1768501053.051804,32.323
1768501053.1553392,45.932
1768501053.2576077,33.014
1768501053.3599222,43.767
1768501053.46215,34.376
1768501053.564491,40.641
1768501053.6668203,36.82
1768501053.7691262,36.426
1768501053.876183,43.373
1768501053.9784443,32.718
1768501054.0806472,46.2
1768501054.1828105,33.31
1768501054.285125,43.176
1768501054.38735,33.982
1768501054.4896111,41.822
1768501054.591775,35.461
1768501054.69401,37.784
1768501054.8011699,39.284
1768501054.9034646,35.362
1768501055.0056403,42.881
1768501055.107994,32.718
1768501055.210252,46.467
1768501055.3124678,33.31
1768501055.414638,43.176
1768501055.5168777,34.771
1768501055.619057,39.754
1768501055.7252815,37.587
1768501055.8275042,36.525
1768501055.929755,41.503
1768501056.0319595,32.422
1768501056.1342192,44.429
1768501056.2364564,33.291
1768501056.3387527,41.183
1768501056.4409823,35.067
1768501056.543372,39.186
1768501056.6455672,38.397
1768501056.752189,32.422
1768501056.854379,44.331
1768501056.9565248,32.897
1768501057.0594,43.865
1768501057.161595,33.784
1768501057.2637074,41.995
1768501057.365974,39.163
1768501057.4690723,39.163
1768501057.5711665,32.422
1768501057.6763344,46.959
1768501057.7794235,33.39
1768501057.8817916,42.29
1768501057.9840949,34.573
1768501058.0862212,39.163
1768501058.1884844,36.82
1768501058.290674,32.62
1768501058.392843,46.467
1768501058.495088,33.39
1768501058.6015377,31.929
1768501058.703791,41.01
1768501058.806058,35.264
1768501058.9082596,36.447
1768501059.0105212,44.16
1768501059.1127634,32.916
1768501059.2150805,44.062
1768501059.317334,34.771
1768501059.4196217,38.375
1768501059.521882,40.936
1768501059.627535,32.817
1768501059.7298038,43.741
1768501059.8320723,33.982
1768501059.9344366,37.883
1768501060.036619,39.065
1768501060.1389532,32.422
1768501060.2413163,47.577
1768501060.3436205,33.982
1768501060.4458828,37.292
1768501060.5519986,44.259
1768501060.65439,33.094
1768501060.7565746,42.192
1768501060.8588073,35.461
1768501060.9610949,37.784
1768501061.0632565,39.163
1768501061.165485,34.258
1768501061.2677803,44.993
1768501061.3700001,32.916
1768501061.472271,43.57
1768501061.5776153,34.475
1768501061.6798406,39.754
1768501061.7820754,40.345
1768501061.884309,32.422
1768501061.9864933,44.036
1768501062.088709,33.193
1768501062.1910152,35.165
1768501062.3000126,32.521
1768501062.4065125,43.544
1768501062.5087876,35.264
1768501062.6113977,36.919
1768501062.7137318,41.207
1768501062.8162692,32.62
1768501062.9185643,46.271
1768501063.0210772,33.291
1768501063.1234019,41.921
1768501063.2301931,35.539
1768501063.3323863,37.215
1768501063.4348245,33.784
1768501063.5370667,35.933
1768501063.6394281,37.708
1768501063.7416892,37.905
1768501063.8440514,35.757
1768501063.946339,33.883
1768501064.0509906,32.817
1768501064.1533155,32.718
1768501064.2555234,37.609
1768501064.357707,37.708
1768501064.4598737,37.51
1768501064.562087,36.131
1768501064.664373,34.179
1768501064.766539,34.869
1768501064.8687646,33.686
1768501064.970885,33.982
1768501065.0731828,33.113
1768501065.1754668,33.489
1768501065.28016,33.804
1768501065.3825278,36.82
1768501065.4849083,36.349
1768501065.5871246,37.609
1768501065.689307,37.609
1768501065.791555,36.25
1768501065.8937624,37.116
1768501065.995944,35.954
1768501066.099948,31.534
1768501066.202151,32.422
1768501066.3072991,40.345
1768501066.4096088,38.792
1768501066.5117455,32.521
1768501066.6140695,40.814
1768501066.7165968,36.349
1768501066.8188865,42.881
1768501066.9272513,32.916
1768501067.0329287,42.585
1768501067.1351047,33.686
1768501067.2374346,41.798
1768501067.3397686,35.264
1768501067.4420795,37.708
1768501067.544406,40.148
1768501067.6467276,32.521
1768501067.7488854,44.921
1768501067.8511055,33.014
1768501067.9578779,42.709
1768501068.0600595,34.179
1768501068.1622612,39.383
1768501068.2644675,39.656
1768501068.3668888,32.817
1768501068.4694076,42.585
1768501068.5718825,36.131
1768501068.6742303,33.094
1768501068.776598,42.487
1768501068.8821692,35.954
1768501068.9845922,39.284
1768501069.0867991,37.806
1768501069.1892169,36.701
1768501069.291492,42.216
1768501069.3937552,32.521
1768501069.4960008,46.326
1768501069.5984123,32.817
1768501069.7007442,43.57
1768501069.8078578,34.573
1768501069.9102793,38.845
1768501070.012461,40.936
1768501070.1146302,32.422
1768501070.2169404,42.881
1768501070.3191655,33.606
1768501070.4213924,40.05
1768501070.5236948,37.412
1768501070.6259878,32.323
1768501070.7283707,43.249
1768501070.834145,34.08
1768501070.9364774,38.474
1768501071.038875,37.609
1768501071.141132,45.315
1768501071.2446926,32.916
1768501071.3495686,42.265
1768501071.4517472,35.264
1768501071.5568936,37.018
1768501071.6591666,41.601
1768501071.761493,32.817
1768501071.863777,43.471
1768501071.9660168,34.08
1768501072.0682535,41.01
1768501072.1705015,36.447
1768501072.2727602,36.722
1768501072.3750942,42.216
1768501072.4773653,32.817
1768501072.5832884,42.782
1768501072.685506,33.982
1768501072.7877128,40.542
1768501072.8900344,37.018
1768501072.9922917,36.919
1768501073.0946558,40.912
1768501073.1968443,32.521
1768501073.2992585,37.587
1768501073.4015255,43.446
1768501073.5037932,32.817
1768501073.6099508,39.656
1768501073.7122798,38.474
1768501073.8145976,32.916
1768501073.9169056,40.073
1768501074.0192173,37.905
1768501074.1215422,32.422
1768501074.2237923,42.757
1768501074.3262866,34.573
1768501074.4287717,37.708
1768501074.5340738,40.542
1768501074.6364143,32.718
1768501074.738706,43.249
1768501074.8412023,34.573
1768501074.9434416,38.102
1768501075.0456932,39.087
1768501075.1480887,32.521
1768501075.250535,42.684
1768501075.353052,34.869
1768501075.4588964,35.441
1768501075.561142,46.172
1768501075.6634276,33.291
1768501075.765825,35.461
1768501075.8691318,38.397
1768501075.97195,38.89
1768501076.0741491,36.722
1768501076.1762886,44.16
1768501076.2785618,33.39
1768501076.384328,40.617
1768501076.486958,36.328
1768501076.5891848,36.426
1768501076.691374,45.118
1768501076.7935743,32.916
1768501076.89602,43.373
1768501076.9982433,33.982
1768501077.1004868,40.838
1768501077.202728,36.919
1768501077.3052008,32.7
1768501077.4115674,44.823
1768501077.5138478,33.982
1768501077.6161156,40.715
1768501077.7184036,36.623
1768501077.8207154,37.587
1768501077.922942,41.995
1768501078.0251825,32.817
1768501078.127432,43.668
1768501078.2296617,35.736
1768501078.336522,36.722
1768501078.4389858,46.833
1768501078.5412216,33.014
1768501078.643674,32.027
1768501078.746008,47.774
1768501078.8482652,33.212
1768501078.9504113,43.57
1768501079.052643,34.08
1768501079.154828,41.896
1768501079.2570984,35.835
1768501079.363023,37.018
1768501079.4652605,41.207
1768501079.567641,32.62
1768501079.6700041,42.782
1768501079.7722998,33.784
1768501079.8745282,39.262
1768501079.976798,37.313
1768501080.0792158,35.835
1768501080.1818895,43.668
1768501080.2873724,32.817
1768501080.389716,43.471
1768501080.4920897,39.853
1768501080.596249,37.116
1768501080.6984935,36.799
1768501080.8008387,42.585
1768501080.90322,32.916
1768501081.0055568,42.855
1768501081.1113183,35.165
1768501081.2135794,38.2
1768501081.3158524,38.375
1768501081.418257,33.094
1768501081.520514,36.623
1768501081.622867,42.462
1768501081.7251163,34.771
1768501081.8274007,37.215
1768501081.9296672,43.497
1768501082.0318341,32.718
1768501082.1380746,42.807
1768501082.240341,34.475
1768501082.3426323,38.868
1768501082.4448023,38.299
1768501082.547072,32.601
1768501082.6493368,47.057
1768501082.7516053,33.587
1768501082.8537905,41.724
1768501082.9559937,35.757
1768501083.0634067,37.215
1768501083.1655846,42.487
1768501083.2678483,32.817
1768501083.3701215,42.979
1768501083.4723976,34.771
1768501083.5746164,37.806
1768501083.676848,41.625
1768501083.7790835,32.718
1768501083.8812697,43.176
1768501083.9879982,34.179
1768501084.0902758,38.003
1768501084.1925747,38.671
1768501084.294889,32.521
1768501084.39717,46.467
1768501084.4993923,33.39
1768501084.6016533,41.896
1768501084.703836,36.151
1768501084.806031,38.2
1768501084.908349,41.034
1768501085.013973,32.718
1768501085.1162117,33.982
1768501085.2237053,37.095
1768501085.3258545,39.163
1768501085.4280636,32.62
1768501085.5303357,43.201
1768501085.6325893,34.672
1768501085.737303,39.656
1768501085.8396132,37.215
1768501085.9418447,37.51
1768501086.0441005,40.42
1768501086.1463084,32.62
1768501086.248522,44.724
1768501086.3507512,33.784
1768501086.4530752,40.617
1768501086.555326,36.426
1768501086.657651,36.426
1768501086.7611964,43.963
1768501086.863437,32.916
1768501086.9657202,42.659
1768501087.0680623,34.376
1768501087.1703222,41.109
1768501087.2725616,37.018
1768501087.3747742,37.116
1768501087.4770837,42.684
1768501087.5793867,32.817
1768501087.6816182,42.881
1768501087.7838004,32.62
1768501087.8903744,42.659
1768501087.9926133,34.179
1768501088.0947995,40.739
1768501088.197009,36.919
1768501088.2994103,34.376
1768501088.401615,44.331
1768501088.504427,32.817
1768501088.6075895,36.525
1768501088.7135334,44.062
1768501088.8158498,33.587
1768501088.9180896,41.699
1768501089.0203526,36.546
1768501089.1226916,35.638
1768501089.2248926,42.782
1768501089.327094,33.014
1768501089.4292562,43.15
1768501089.5314786,34.179
1768501089.6336975,42.881
1768501089.7404404,37.686
1768501089.853095,44.921
1768501089.9553452,32.422
1768501090.0575254,42.782
1768501090.1635947,35.954
1768501090.2657905,37.412
1768501090.3680344,36.426
1768501090.4701755,32.62
1768501090.5724618,47.029
1768501090.6745942,33.31
1768501090.776803,43.595
1768501090.8790505,34.475
1768501090.981416,39.656
1768501091.0836577,38.2
1768501091.1884284,32.521
1768501091.2906964,44.796
1768501091.3928976,33.587
1768501091.4952314,40.617
1768501091.5974574,36.82
1768501091.699708,32.798
1768501091.8019688,47.844
1768501091.9041643,33.291
1768501092.006801,41.601
1768501092.1091893,37.708
1768501092.2148914,37.708
1768501092.317202,47.647
1768501092.4194248,32.521
1768501092.5217223,41.109
1768501092.623917,33.784
1768501092.7261882,37.018
1768501092.8285792,41.921
1768501092.9310005,32.916
1768501093.0332887,43.865
1768501093.1355958,35.461
1768501093.241011,36.842
1768501093.3432827,41.527
1768501093.4457247,32.718
1768501093.5479765,40.444
1768501093.6502643,40.345
1768501093.7525253,32.817
1768501093.8546634,43.176
1768501093.956893,34.376
1768501094.0598774,35.264
1768501094.162855,32.916
1768501094.2650526,36.229
1768501094.367688,35.757
1768501094.473369,38.102
1768501094.5755455,35.067
1768501094.6777751,37.018
1768501094.780107,34.869
1768501094.8823733,36.623
1768501094.9846687,35.165
1768501095.0880024,36.722
1768501095.1903605,34.672
1768501095.2926137,36.151
1768501095.3948991,34.278
1768501095.4972148,37.018
1768501095.5995536,37.412
1768501095.7019057,32.521
1768501095.8041627,35.539
1768501095.9063373,32.916
1768501096.0085433,32.521
1768501096.1107512,33.409
1768501096.2130194,34.278
1768501096.3183684,34.672
1768501096.420535,33.784
1768501096.5228393,37.313
1768501096.6250663,31.929
1768501096.7272503,40.912
1768501096.8294952,33.113
1768501096.9317648,37.806
1768501097.0340667,45.341
1768501097.136373,34.475
1768501097.2386632,36.722
1768501097.3409111,43.741
1768501097.446305,33.014
1768501097.548552,39.482
1768501097.6508873,36.426
1768501097.7532241,32.422
1768501097.8555627,43.57
1768501097.9578903,33.883
1768501098.0601811,38.693
1768501098.1623826,38.397
1768501098.2647781,32.422
1768501098.371145,41.503
1768501098.4734588,34.08
1768501098.5759046,35.954
1768501098.6782258,43.471
1768501098.7807322,34.771
1768501098.8833158,32.126
1768501098.985514,42.954
1768501099.0882223,34.179
1768501099.1906152,41.404
1768501099.2968912,38.792
1768501099.4003482,37.313
1768501099.5025234,35.638
1768501099.6047175,43.741
1768501099.7070553,33.014
1768501099.8093789,43.078
1768501099.9117694,34.771
1768501100.0139792,38.397
1768501100.1161647,38.474
1768501100.221277,34.08
1768501100.3235884,42.979
1768501100.4257507,32.817
1768501100.527989,45.118
1768501100.6301622,33.291
1768501100.7323828,42.782
1768501100.8345444,34.08
1768501100.9367688,40.321
1768501101.039137,36.229
1768501101.1413221,37.609
1768501101.248525,42.118
1768501101.3510203,32.916
1768501101.4532838,43.201
1768501101.55551,34.376
1768501101.6577663,39.557
1768501101.7600057,37.51
1768501101.8622196,37.116
1768501101.9644268,40.641
1768501102.0666304,32.718
1768501102.1741073,44.823
1768501102.276328,33.489
1768501102.3785267,42.315
1768501102.4807315,34.475
1768501102.5830748,38.792
1768501102.6853971,39.065
1768501102.7877553,32.422
1768501102.8899722,48.069
1768501102.992293,33.113
1768501103.0947227,41.133
1768501103.1995356,42.487
1768501103.3018777,33.31
1768501103.4042063,41.503
1768501103.507125,34.573
1768501103.609528,38.003
1768501103.7116866,40.542
1768501103.814163,32.62
1768501103.9203317,45.413
1768501104.0260787,41.527
1768501104.129669,35.461
1768501104.2318199,38.474
1768501104.3345077,38.89
1768501104.4366164,32.422
1768501104.5387216,46.79
1768501104.6408005,33.31
1768501104.7429206,43.15
1768501104.8450246,33.982
1768501104.9503129,40.321
1768501105.0524912,35.264
1768501105.1548808,38.572
1768501105.2571235,39.754
1768501105.3593712,32.521
1768501105.461587,45.118
1768501105.5638013,34.376
1768501105.6661265,38.124
1768501105.768357,40.247
1768501105.8705413,32.404
1768501105.9767122,45.878
1768501106.0789688,33.113
1768501106.1812687,43.176
1768501106.283488,34.179
1768501106.385925,40.444
1768501106.488212,36.328
1768501106.590604,36.525
1768501106.6928427,46.003
1768501106.7952607,33.014
1768501106.9024842,43.3
1768501107.0046613,34.672
1768501107.10693,38.595
1768501107.2092633,39.58
1768501107.3115547,32.422
1768501107.4138298,44.528
1768501107.5161235,33.804
1768501107.618529,39.36
1768501107.7207088,37.018
1768501107.828102,36.722
1768501107.930856,41.699
1768501108.0330667,32.817
1768501108.1353574,43.078
1768501108.2380195,34.278
1768501108.340348,36.919
1768501108.4426322,41.527
1768501108.5479357,31.83
1768501108.6537237,46.003
1768501108.7559223,33.883
1768501108.8582797,39.262
1768501108.9604275,37.313
1768501109.062582,32.601
1768501109.1647453,46.495
1768501109.2669601,33.587
1768501109.369096,40.715
1768501109.4712787,36.131
1768501109.576068,32.422
1768501109.6782904,46.959
1768501109.7806833,33.31
1768501109.882879,42.093
1768501109.985201,35.933
1768501110.0875025,37.018
1768501110.189735,41.428
1768501110.2920218,32.817
1768501110.3944645,42.684
1768501110.4966688,33.883
1768501110.603243,37.708
1768501110.7054238,39.951
1768501110.8076077,32.422
1768501110.90978,45.511
1768501111.0120156,32.817
1768501111.11417,42.782
1768501111.2163866,33.606
1768501111.3186653,41.01
1768501111.421007,35.461
1768501111.5276687,37.861
1768501111.63,38.769
1768501111.7323847,32.323
1768501111.8346796,45.511
1768501111.937005,33.291
1768501112.039277,42.192
1768501112.1416056,35.165
1768501112.2439454,39.656
1768501112.346129,38.397
1768501112.4525204,36.722
1768501112.5547671,41.503
1768501112.656932,32.718
1768501112.7593656,43.937
1768501112.861526,33.804
1768501112.9637227,42.093
1768501113.0658767,35.461
1768501113.1692605,38.2
1768501113.2715044,35.539
1768501113.3780434,42.684
1768501113.4802303,32.817
1768501113.5825229,43.471
1768501113.6848764,34.573
1768501113.7870913,39.679
1768501113.8893614,37.116
1768501113.9916046,36.722
1768501114.0938053,40.321
1768501114.1960676,32.62
1768501114.3028393,42.192
1768501114.405079,34.672
1768501114.5073287,37.532
1768501114.6095376,42.118
1768501114.7117946,32.718
1768501114.8140187,43.078
1768501114.9162319,34.869
1768501115.0185654,38.178
1768501115.1207614,39.262
1768501115.2270067,32.422
1768501115.329177,44.528
1768501115.4314377,33.508
1768501115.5337029,39.36
1768501115.6359959,37.116
1768501115.7384264,36.426
1768501115.8406467,43.544
1768501115.9428966,32.916
1768501116.0453498,42.979
1768501116.147759,34.08
1768501116.253383,39.656
1768501116.355565,36.82
1768501116.457848,36.919
1768501116.5601661,42.29
1768501116.662445,32.718
1768501116.7647417,43.963
1768501116.8670485,33.508
1768501116.969264,42.979
1768501117.0715642,34.771
1768501117.177816,38.299
1768501117.2802017,37.708
1768501117.382758,36.722
1768501117.4849763,43.471
1768501117.5871923,32.817
1768501117.6903973,43.347
1768501117.7926013,34.08
1768501117.8948395,36.722
1768501117.9973211,36.919
1768501118.1026182,42.906
1768501118.2050278,32.718
1768501118.3073113,43.103
1768501118.4096005,35.362
1768501118.5118942,32.126
1768501118.6142747,38.299
1768501118.7166274,38.769
1768501118.8188748,32.422
1768501118.9212081,46.467
1768501119.028579,33.686
1768501119.1311574,41.207
1768501119.2333615,35.933
1768501119.3358264,36.349
1768501119.4381075,45.118
1768501119.5406597,33.212
1768501119.6429179,40.345
1768501119.74547,37.018
1768501119.8477619,35.658
1768501119.9548197,45.806
1768501120.0571134,33.508
1768501120.159349,40.641
1768501120.261773,37.412
1768501120.3640137,36.525
1768501120.466283,42.881
1768501120.568498,32.718
1768501120.670735,43.668
1768501120.7734077,34.771
1768501120.8787827,39.36
1768501120.9809945,37.412
1768501121.0831697,37.095
1768501121.1854146,42.216
1768501121.2876685,32.62
1768501121.3900073,43.347
1768501121.492337,33.784
1768501121.5945756,39.186
1768501121.696983,38.375
1768501121.8046005,32.323
1768501121.9068198,44.403
1768501122.0128975,33.508
1768501122.115215,41.601
1768501122.2187777,36.623
1768501122.3209252,41.01
1768501122.4230561,32.718
1768501122.527763,43.373
1768501122.6300943,34.179
1768501122.7324066,40.715
1768501122.8346431,37.116
1768501122.936879,36.426
1768501123.0391364,41.527
1768501123.1413584,32.718
1768501123.243526,43.103
1768501123.345848,34.179
1768501123.448121,40.148
1768501123.5541139,38.102
1768501123.6564152,33.902
1768501123.7587843,45.145
1768501123.860998,32.916
1768501123.9632862,43.052
1768501124.065495,33.784
1768501124.167837,42.585
1768501124.2702255,35.362
1768501124.372452,43.865
1768501124.4785964,37.708
1768501124.58092,36.82
1768501124.6831615,37.138
1768501124.7854035,35.461
1768501124.8877335,37.609
1768501124.9899127,38.671
1768501125.0920749,36.743
1768501125.19416,34.869
1768501125.2963552,33.883
1768501125.4002578,33.31
1768501125.502475,32.718
1768501125.6046474,32.521
1768501125.7067635,34.376
1768501125.8089666,36.525
1768501125.9111922,37.51
1768501126.0133471,38.102
1768501126.1155348,36.623
1768501126.2177582,34.869
1768501126.3200402,35.461
1768501126.4264867,35.461
1768501126.5286868,36.349
1768501126.6340709,37.51
1768501126.7377033,36.131
1768501126.8398747,32.817
1768501126.9423537,33.31
1768501127.044398,42.782
1768501127.1505353,34.08
1768501127.2528057,37.116
1768501127.355086,41.231
1768501127.4573023,34.278
1768501127.55945,36.525
1768501127.6617694,41.404
1768501127.7639844,34.573
1768501127.8662233,38.595
1768501127.968638,40.641
1768501128.070873,32.62
1768501128.1766133,43.373
1768501128.2789578,41.231
1768501128.381276,33.014
1768501128.4835203,42.388
1768501128.5860255,43.937
1768501128.6883903,34.179
1768501128.7908037,39.754
1768501128.893124,38.792
1768501128.9955497,32.323
1768501129.101807,44.134
1768501129.2041626,34.278
1768501129.3064156,39.459
1768501129.4086106,37.412
1768501129.5109909,35.56
1768501129.6132405,47.085
1768501129.7154999,33.113
1768501129.8177733,41.896
1768501129.9201736,37.412
1768501130.0263917,32.62
1768501130.1286643,41.404
1768501130.2310593,34.968
1768501130.3333874,38.572
1768501130.4356487,37.905
1768501130.5378828,35.046
1768501130.6401272,44.823
1768501130.742388,33.014
1768501130.8447468,43.078
1768501130.9513505,33.982
1768501131.053571,41.699
1768501131.1571946,35.56
1768501131.2593796,39.482
1768501131.361662,32.422
1768501131.464822,44.501
1768501131.5669808,34.278
1768501131.6690543,38.572
1768501131.7752922,38.474
1768501131.877476,33.39
1768501131.9797351,44.357
1768501132.0819185,32.817
1768501132.184121,43.937
1768501132.2863212,33.686
1768501132.3886404,40.715
1768501132.4909592,36.919
1768501132.593246,36.525
1768501132.6955752,44.921
1768501132.8004568,32.718
1768501132.902753,43.767
1768501133.004993,34.08
1768501133.1073778,41.822
1768501133.2097745,35.835
1768501133.3121052,37.883
1768501133.4143238,39.656
1768501133.5165422,33.784
1768501133.6187313,46.987
1768501133.7210116,33.113
1768501133.827452,44.259
1768501133.929972,34.869
1768501134.0322654,38.277
1768501134.1345012,38.299
1768501134.236848,32.897
1768501134.3390841,46.959
1768501134.4413123,33.212
1768501134.543471,41.896
1768501134.6457434,35.954
1768501134.748018,38.124
1768501134.8531551,39.754
1768501134.9553492,32.422
1768501135.057732,47.577
1768501135.1599693,33.409
1768501135.2622523,42.807
1768501135.3645806,35.441
1768501135.4671595,38.595
1768501135.569408,39.58
1768501135.6715753,32.323
1768501135.773838,46.987
1768501135.8815658,33.113
1768501135.983747,43.642
1768501136.086129,34.179
1768501136.1892188,36.25
1768501136.291876,36.82
1768501136.393937,42.413
1768501136.4963737,32.817
1768501136.5985067,43.642
1768501136.7055616,34.771
1768501136.807835,38.375
1768501136.9102085,39.262
1768501137.0124238,32.521
1768501137.114705,47.45
1768501137.2170198,33.212
1768501137.319418,43.668
1768501137.421674,34.672
1768501137.5240307,37.927
1768501137.6289866,42.019
1768501137.7312174,32.718
1768501137.8336318,44.751
1768501137.9358928,33.804
1768501138.03816,41.281
1768501138.1404219,35.165
1768501138.2426538,35.778
1768501138.3448293,43.767
1768501138.4469926,32.62
1768501138.549307,39.482
1768501138.6544743,46.074
1768501138.7569377,33.587
1768501138.8591552,41.724
1768501138.961445,35.658
1768501139.0636663,37.039
1768501139.1658258,42.709
1768501139.2681243,32.62
1768501139.370292,46.467
1768501139.472528,33.113
1768501139.5747452,41.601
1768501139.679727,37.018
1768501139.7819242,36.525
1768501139.8841984,42.954
1768501139.9865756,33.113
1768501140.089024,41.896
1768501140.1912482,36.053
1768501140.2934332,38.2
1768501140.3957353,40.05
1768501140.4983914,32.323
1768501140.6007009,47.422
1768501140.7132099,43.249
1768501140.8160734,34.869
1768501140.9181063,39.777
1768501141.0202117,37.215
1768501141.1223907,36.722
1768501141.224563,40.838
1768501141.3304765,32.521
1768501141.4330878,46.664
1768501141.5352623,33.291
1768501141.6374972,42.56
1768501141.739706,35.461
1768501141.8420022,38.966
1768501141.9443324,38.966
1768501142.0465462,32.323
1768501142.1488526,46.566
1768501142.2540915,33.489
1768501142.356314,42.487
1768501142.458567,35.56
1768501142.560806,38.003
1768501142.663085,40.912
1768501142.7654135,32.817
1768501142.8676558,43.471
1768501142.9700751,33.883
1768501143.0723183,39.656
1768501143.1745868,38.2
1768501143.2802815,32.323
1768501143.3824644,46.227
1768501143.484702,33.014
1768501143.5870087,43.176
1768501143.6892056,34.573
1768501143.7914677,39.459
1768501143.8937807,37.905
1768501143.9960353,37.018
1768501144.0982323,42.118
1768501144.2044003,32.718
1768501144.3066099,42.29
1768501144.4090028,34.08
1768501144.511294,39.679
1768501144.6134515,37.609
1768501144.71565,32.422
1768501144.8179007,46.44
1768501144.9207013,33.291
1768501145.0229323,41.822
1768501145.1309292,35.856
1768501145.2332592,36.919
1768501145.3356752,33.113
1768501145.4382944,42.585
1768501145.540359,35.461
1768501145.6425567,37.292
1768501145.7446165,41.33
1768501145.846804,32.718
1768501145.9489672,44.921
1768501146.0549414,33.587
1768501146.157149,42.192
1768501146.2594767,34.771
1768501146.3617482,39.383
1768501146.4640687,37.412
1768501146.5663257,36.722
1768501146.6687226,42.29
1768501146.770983,32.718
1768501146.8731656,46.003
1768501146.9754245,33.193
1768501147.0818553,43.767
1768501147.184124,34.08
1768501147.2864776,40.444
1768501147.3887208,36.032
1768501147.490954,38.124
1768501147.5932093,39.951
1768501147.6954782,32.718
1768501147.7978969,43.052
1768501147.9002779,34.08
1768501148.0064497,39.679
1768501148.1087399,37.489
1768501148.2113132,34.356
1768501148.3136108,43.937
1768501148.416254,33.883
1768501148.5185847,38.277
1768501148.621466,38.693
1768501148.723783,41.109
1768501148.8266177,32.62
1768501148.9313111,43.078
1768501149.0338848,35.658
1768501149.1364024,36.328
1768501149.2389348,45.118
1768501149.3410687,33.014
1768501149.443706,42.684
1768501149.5466251,34.278
1768501149.6492105,38.966
1768501149.751538,38.003
1768501149.8591456,32.404
1768501149.9614882,33.193
1768501150.0644066,43.471
1768501150.1664603,34.573
1768501150.2684956,40.247
1768501150.3705778,36.546
1768501150.4728136,36.328
1768501150.5749688,46.03
1768501150.6772306,33.489
1768501150.7824755,41.109
1768501150.8847291,36.525
1768501150.9870763,32.206
1768501151.0894208,47.057
1768501151.1916764,33.784
1768501151.2939217,38.89
1768501151.3962445,38.595
1768501151.498604,32.62
1768501151.6009467,43.471
1768501151.7077274,36.525
1768501151.8100653,32.323
1768501151.9123068,47.155
1768501152.014592,33.686
1768501152.1168885,39.065
1768501152.2191472,38.89
1768501152.3214717,32.521
1768501152.4236968,43.57
1768501152.5259295,34.08
1768501152.6322908,39.163
1768501152.734597,38.397
1768501152.8368928,33.39
1768501152.93914,45.708
1768501153.0413523,33.31
1768501153.1439874,43.274
1768501153.2463222,34.968
1768501153.3486452,37.686
1768501153.450941,41.33
1768501153.557038,33.014
1768501153.659318,41.109
1768501153.7615817,36.131
1768501153.8638039,36.623
1768501153.9660044,45.216
1768501154.068266,33.094
1768501154.1705291,37.018
1768501154.2728822,43.274
1768501154.375776,36.82
1768501154.482355,33.212
1768501154.5846376,40.05
1768501154.687434,32.817
1768501154.789551,43.544
1768501154.8916466,36.623
1768501154.993836,35.342
1768501155.0960417,34.475
1768501155.1982656,34.672
1768501155.3004081,33.982
1768501155.404163,33.31
1768501155.5063975,32.995
1768501155.6085942,33.014
1768501155.7108784,33.094
1768501155.8132708,33.291
1768501155.9155056,33.193
1768501156.0178692,33.014
1768501156.1201062,33.39
1768501156.2224271,34.475
1768501156.324708,37.686
1768501156.4306014,37.313
1768501156.5328374,36.229
1768501156.6351073,32.323
1768501156.7373831,32.995
1768501156.8395543,33.193
1768501156.9417598,33.686
1768501157.0440757,34.475
1768501157.146366,35.56
1768501157.2486362,37.018
1768501157.3509896,37.313
1768501157.4562943,35.757
1768501157.5585988,32.521
1768501157.6609027,43.839
1768501157.7631862,34.278
1768501157.865418,37.784
1768501157.967568,40.912
1768501158.069796,34.869
1768501158.171949,36.722
1768501158.2741416,45.511
1768501158.3764064,33.982
1768501158.481992,37.981
1768501158.584265,46.762
1768501158.68659,40.542
1768501158.7893305,32.718
1768501158.8916516,38.375
1768501158.9938579,46.959
1768501159.0972157,34.771
1768501159.199411,32.323
1768501159.3015864,46.397
1768501159.4084973,41.404
1768501159.5105605,36.722
1768501159.6126158,32.502
1768501159.714652,46.888
1768501159.8168323,33.291
1768501159.9188912,42.29
1768501160.0211036,36.131
1768501160.1233375,36.504
1768501160.225387,42.019
1768501160.3274999,32.62
1768501160.4332027,46.243
1768501160.5355372,33.39
1768501160.6377528,41.798
1768501160.740021,35.539
1768501160.8422759,37.905
1768501160.9446075,39.754
1768501161.0468755,32.521
1768501161.1493146,43.595
1768501161.2517905,33.982
1768501161.3584666,38.671
1768501161.4608498,40.247
1768501161.5631437,32.521
1768501161.6656134,43.274
1768501161.7680118,34.771
1768501161.870247,39.163
1768501161.9725127,38.003
1768501162.07488,36.328
1768501162.1771593,44.331
1768501162.2837,32.817
1768501162.3861384,42.462
1768501162.4883296,34.278
1768501162.5905812,38.375
1768501162.6929033,39.262
1768501162.7951682,32.422
1768501162.8973675,47.352
1768501162.9997976,33.291
1768501163.1020749,43.668
1768501163.209588,34.08
1768501163.3118482,39.632
1768501163.4145424,36.426
1768501163.516763,37.883
1768501163.6199534,41.503
1768501163.7221541,32.817
1768501163.8244011,42.684
1768501163.9265425,34.376
1768501164.0322714,37.215
1768501164.1345882,37.018
1768501164.2368064,40.912
1768501164.338944,32.521
1768501164.441195,46.692
1768501164.5433302,33.39
1768501164.645384,35.638
1768501164.7474568,42.782
1768501164.8495524,33.784
1768501164.9516838,40.247
1768501165.053768,37.018
1768501165.1585755,36.722
1768501165.2608836,42.487
1768501165.3632243,32.897
1768501165.4654195,43.078
1768501165.5678868,34.573
1768501165.6701028,37.959
1768501165.7723212,40.247
1768501165.8745818,32.521
1768501165.9767718,47.057
1768501166.0789676,33.193
1768501166.1854107,43.446
1768501166.2875981,34.475
1768501166.389875,38.868
1768501166.4922853,39.186
1768501166.59456,32.323
1768501166.6967072,46.172
1768501166.7989392,33.587
1768501166.9011405,42.29
1768501167.0034218,34.869
1768501167.1094651,39.951
1768501167.211673,36.82
1768501167.3138754,37.51
1768501167.416093,40.838
1768501167.518295,32.718
1768501167.6205597,45.315
1768501167.7228377,33.587
1768501167.8250246,39.951
1768501167.9272907,36.447
1768501168.0299878,37.708
1768501168.135301,39.754
1768501168.2400005,32.521
1768501168.3422358,43.741
1768501168.4443717,33.686
1768501168.5472133,41.601
1768501168.6499934,47.647
1768501168.7523396,33.39
1768501168.8546388,40.739
1768501168.9610634,37.313
1768501169.063134,42.192
1768501169.1652584,32.817
1768501169.2673469,45.216
1768501169.3694618,33.587
1768501169.4715683,42.019
1768501169.573611,35.264
1768501169.6756256,36.799
1768501169.7777278,42.118
1768501169.8797681,32.718
1768501169.9855769,44.233
1768501170.0877411,33.39
1768501170.1899817,41.625
1768501170.2922766,35.264
1768501170.39455,37.981
1768501170.4968743,39.656
1768501170.5991106,32.422
1768501170.7013233,45.878
1768501170.8036768,33.291
1768501170.9060044,44.062
1768501171.011073,34.475
1768501171.1132748,40.444
1768501171.2154906,35.56
1768501171.3176649,39.262
1768501171.4199164,37.806
1768501171.5221012,36.722
1768501171.624253,42.881
1768501171.7265594,32.817
1768501171.828752,44.6
1768501171.9312034,33.489
1768501172.0373418,42.684
1768501172.1395683,34.573
1768501172.241768,40.148
1768501172.3440108,36.722
1768501172.4463053,36.722
1768501172.548697,41.404
1768501172.6512365,32.62
1768501172.7536426,43.471
1768501172.8560054,33.982
1768501172.9618065,38.08
1768501173.0640485,37.609
1768501173.1665134,32.422
1768501173.269299,42.757
1768501173.3716433,32.817
1768501173.4738276,43.274
1768501173.5761302,33.784
1768501173.6784537,39.065
1768501173.780798,39.163
1768501173.8869097,44.501
1768501173.9898803,33.39
1768501174.091913,41.995
1768501174.1939893,34.376
1768501174.2960632,40.936
1768501174.3981476,36.919
1768501174.5003777,36.722
1768501174.6026108,40.814
1768501174.7046807,32.718
1768501174.8067484,38.102
1768501174.9132445,39.731
1768501175.0155184,32.521
1768501175.1177008,47.479
1768501175.219876,33.094
1768501175.3221755,43.347
1768501175.424414,33.686
1768501175.5266175,40.715
1768501175.6287675,35.835
1768501175.7311087,37.215
1768501175.8333478,41.231
1768501175.9382396,32.817
1768501176.0406322,42.684
1768501176.1428864,33.784
1768501176.2452202,41.625
1768501176.3474526,35.658
1768501176.4496782,38.572
1768501176.5519187,39.337
1768501176.6543567,32.521
1768501176.756758,42.954
1768501176.8589947,33.686
1768501176.9648755,40.42
1768501177.0671594,35.461
1768501177.1693256,37.708
1768501177.2715683,40.247
1768501177.3737757,32.422
1768501177.4760282,46.931
1768501177.5784357,33.291
1768501177.6807148,39.754
1768501177.7830098,38.397
1768501177.8907313,32.62
1768501177.9929693,45.61
1768501178.0951726,33.291
1768501178.1973474,43.839
1768501178.2996173,34.278
1768501178.4032505,39.482
1768501178.5054748,37.587
1768501178.6079657,39.459
1768501178.7153482,39.656
1768501178.8175585,32.422
1768501178.9199214,47.226
1768501179.0221756,33.113
1768501179.1244073,43.963
1768501179.226621,33.883
1768501179.3290138,41.699
1768501179.4312525,35.441
1768501179.5334334,37.664
1768501179.6397507,38.769
1768501179.7418988,32.798
1768501179.844089,44.331
1768501179.9463072,33.014
1768501180.048505,43.446
1768501180.1507864,35.067
1768501180.2530975,39.951
1768501180.3553362,37.313
1768501180.4575717,36.328
1768501180.5635297,44.429
1768501180.665728,32.718
1768501180.7678099,42.167
1768501180.8700178,33.686
1768501180.9724119,41.699
1768501181.0747433,36.032
1768501181.1770265,38.474
1768501181.2792788,39.163
1768501181.3816824,32.305
1768501181.4878297,46.172
1768501181.5901883,33.113
1768501181.6923983,42.29
1768501181.7947123,35.856
1768501181.8969698,37.609
1768501181.999274,41.428
1768501182.1016395,32.521
1768501182.2039514,42.585
1768501182.3064015,33.784
1768501182.408768,39.951
1768501182.515506,37.116
1768501182.6177144,36.525
1768501182.7199485,42.388
1768501182.823531,32.995
1768501182.9257636,43.398
1768501183.0280998,33.982
1768501183.130288,35.835
1768501183.2341235,36.996
1768501183.338365,41.01
1768501183.4411314,32.601
1768501183.5433886,45.878
1768501183.6456904,33.587
1768501183.7479353,40.518
1768501183.8503394,36.131
1768501183.9526885,37.51
1768501184.0549772,39.557
1768501184.1572459,32.521
1768501184.2652078,46.762
1768501184.3675673,33.291
1768501184.469808,43.078
1768501184.572195,35.461
1768501184.6744022,32.225
1768501184.7767549,46.888
1768501184.8789275,33.291
1768501184.9812794,44.036
1768501185.0837338,37.905
1768501185.1883056,32.521
1768501185.2905173,36.131
1768501185.3926635,33.587
1768501185.4949586,32.916
1768501185.5971243,35.638
1768501185.6992311,36.722
1768501185.8013852,37.905
1768501185.9035885,37.215
1768501186.0057595,35.461
1768501186.1099722,34.573
1768501186.2121823,33.489
1768501186.3142753,32.995
1768501186.4163606,32.718
1768501186.5184488,36.032
1768501186.6206126,32.422
1768501186.7228043,32.718
1768501186.8249414,32.995
1768501186.9271133,33.587
1768501187.0293183,34.278
1768501187.1351833,34.376
1768501187.237398,35.658
1768501187.3395565,35.638
1768501187.4425917,36.131
1768501187.5447347,36.919
1768501187.64704,32.323
1768501187.7492762,33.094
1768501187.851553,34.278
1768501187.9537907,38.595
1768501188.0563498,43.767
1768501188.1630561,35.264
1768501188.2652686,32.225
1768501188.3675373,38.375
1768501188.4698677,44.16
1768501188.5722394,37.981
1768501188.6744177,32.817
1768501188.7766316,38.277
1768501188.8789313,41.503
1768501188.981301,42.388
1768501189.0877955,35.067
1768501189.1900537,32.521
1768501189.292415,36.82
1768501189.394677,42.782
1768501189.4968874,33.113
1768501189.5991411,39.459
1768501189.7013032,38.769
1768501189.8034952,32.422
1768501189.9056563,43.176
1768501190.0117936,34.672
1768501190.1141372,37.018
1768501190.2162857,44.528
1768501190.318492,32.897
1768501190.4206543,43.176
1768501190.5228782,34.869
1768501190.6251771,36.743
1768501190.7273939,44.062
1768501190.8295755,33.113
1768501190.9321747,43.274
1768501191.0379238,34.376
1768501191.1401818,39.262
1768501191.2424617,38.496
1768501191.3451843,32.323
1768501191.4475286,43.446
1768501191.5496368,33.982
1768501191.651804,37.905
1768501191.7539794,40.739
1768501191.856158,32.62
1768501191.963121,42.855
1768501192.0652914,33.982
1768501192.1674743,40.345
1768501192.2697527,38.397
1768501192.3720388,32.62
1768501192.4743257,43.57
1768501192.576555,38.025
1768501192.6789167,41.306
1768501192.7813,32.817
1768501192.8869567,43.373
1768501192.9892368,35.067
1768501193.0915172,37.587
1768501193.1936686,39.58
1768501193.2958732,32.323
1768501193.3981717,47.549
1768501193.5003695,32.995
1768501193.602562,43.668
1768501193.7049649,34.672
1768501193.8073127,38.989
1768501193.9094672,39.186
1768501194.0144327,34.356
1768501194.1167142,43.497
1768501194.218884,33.014
1768501194.3212311,42.979
1768501194.423454,33.982
1768501194.525728,40.715
1768501194.6279514,36.426
1768501194.7303107,35.954
1768501194.8325133,42.979
1768501194.9347456,32.718
1768501195.0402412,44.528
1768501195.1425147,33.686
1768501195.244843,39.928
1768501195.3471205,36.426
1768501195.4495158,32.126
1768501195.5516994,47.155
1768501195.6539512,33.291
1768501195.75622,41.306
1768501195.8584166,35.933
1768501195.964806,37.51
1768501196.0670943,42.093
1768501196.1692863,32.521
1768501196.2715847,45.413
1768501196.3736825,33.39
1768501196.4759643,41.01
1768501196.5782082,35.835
1768501196.6803625,37.905
1768501196.7839086,40.223
1768501196.8901978,32.62
1768501196.9924169,46.762
1768501197.0945787,33.291
1768501197.1967528,42.56
1768501197.2989852,34.376
1768501197.4013958,36.151
1768501197.5037665,37.018
1768501197.6058335,42.487
1768501197.7081194,32.718
1768501197.813727,43.274
1768501197.9158978,34.573
1768501198.018155,39.656
1768501198.1203523,37.412
1768501198.2225575,32.323
1768501198.3247957,43.668
1768501198.4271815,35.658
1768501198.529371,32.027
1768501198.6316833,37.981
1768501198.734232,39.065
1768501198.8392572,32.62
1768501198.9415348,45.681
1768501199.0437858,33.39
1768501199.1460311,41.306
1768501199.2483172,36.722
1768501199.3506253,36.645
1768501199.4531069,44.357
1768501199.555338,33.014
1768501199.6576638,40.641
1768501199.7640295,38.102
1768501199.8664327,32.323
1768501199.9687579,42.684
1768501200.0712328,34.968
1768501200.1737888,32.126
1768501200.2761366,42.315
1768501200.378384,35.165
1768501200.480774,36.525
1768501200.5830884,43.839
1768501200.6902418,32.897
1768501200.7928371,41.01
1768501200.8952107,35.461
1768501200.998003,37.116
1768501201.1002424,40.444
1768501201.2024448,32.521
1768501201.3058755,43.274
1768501201.4081469,33.686
1768501201.5134008,39.383
1768501201.6156292,38.277
1768501201.7184415,32.422
1768501201.8207133,42.684
1768501201.9230733,36.701
1768501202.0262992,43.15
1768501202.1284375,32.916
1768501202.2306964,42.979
1768501202.3328884,34.376
1768501202.4380753,37.784
1768501202.540278,38.792
1768501202.6426337,32.422
1768501202.7448323,45.189
1768501202.8471386,33.784
1768501202.9493902,38.595
1768501203.0516834,42.782
1768501203.154171,34.475
1768501203.2565117,32.225
1768501203.358789,42.167
1768501203.4644082,36.82
1768501203.566664,32.422
1768501203.669176,40.912
1768501203.7716358,38.474
1768501203.8738506,32.521
1768501203.9761164,42.979
1768501204.0783906,34.573
1768501204.180767,40.05
1768501204.2830393,38.277
1768501204.3887715,35.638
1768501204.4909325,45.511
1768501204.5932813,32.798
1768501204.6954386,43.274
1768501204.7977343,34.08
1768501204.8999403,40.715
1768501205.0023515,35.638
1768501205.10455,37.39
1768501205.206762,42.093
1768501205.309009,32.62
1768501205.414158,44.652
1768501205.5164,33.587
1768501205.6186345,43.078
1768501205.7209609,34.968
1768501205.8231506,37.587
1768501205.925326,39.557
1768501206.0287762,32.422
1768501206.130953,45.905
1768501206.2332246,32.916
1768501206.3391628,43.373
1768501206.4415157,33.784
1768501206.5437686,40.912
1768501206.6460714,36.349
1768501206.748363,43.937
1768501206.8509645,32.817
1768501206.9530954,41.97
1768501207.0551815,34.968
1768501207.157651,38.572
1768501207.2598448,38.693
1768501207.3657277,32.422
1768501207.4679048,46.664
1768501207.5702093,33.193
1768501207.6724083,43.249
1768501207.774709,35.165
1768501207.876958,39.557
1768501207.9792106,37.806
1768501208.0815117,36.722
1768501208.1838918,42.807
1768501208.2896879,33.587
1768501208.3919582,43.078
1768501208.4943135,35.56
1768501208.5965438,32.225
1768501208.6988957,41.207
1768501208.80117,36.82
1768501208.9033945,38.025
1768501209.005608,42.093
1768501209.1078005,32.62
1768501209.210184,44.528
1768501209.315483,33.982
1768501209.4177103,39.436
1768501209.5199971,37.215
1768501209.622235,35.441
1768501209.7245169,47.647
1768501209.8267338,32.995
1768501209.929007,42.585
1768501210.0312061,35.461
1768501210.1335309,38.003
1768501210.2358212,40.345
1768501210.3419363,32.323
1768501210.4452062,44.357
1768501210.5475118,33.39
1768501210.6498828,40.345
1768501210.7528298,37.018
1768501210.8556767,33.193
1768501210.9579525,46.987
1768501211.0602932,33.113
1768501211.165879,43.471
1768501211.2682338,34.869
1768501211.3705559,37.708
1768501211.4731424,32.521
1768501211.5753176,42.364
1768501211.677473,34.179
1768501211.7796273,38.868
1768501211.8817506,37.489
1768501211.983842,36.722
1768501212.085912,44.456
1768501212.192523,32.798
1768501212.294783,44.724
1768501212.3970015,33.489
1768501212.499233,43.767
1768501212.6014817,34.475
1768501212.7038026,39.186
1768501212.8061128,37.883
1768501212.9086177,34.356
1768501213.0109017,44.16
1768501213.1167107,33.094
1768501213.2189767,43.004
1768501213.3211844,33.686
1768501213.4235373,43.176
1768501213.5257943,34.869
1768501213.6280463,38.671
1768501213.7303011,38.671
1768501213.832575,36.328
1768501213.9348075,42.388
1768501214.0370848,32.502
1768501214.1433823,45.905
1768501214.2457721,33.094
1768501214.3481324,43.839
1768501214.4505513,34.278
1768501214.5529912,40.641
1768501214.6552258,35.638
1768501214.757566,37.806
1768501214.859806,41.896
1768501214.9621644,32.62
1768501215.0679932,44.036
1768501215.1703167,33.489
1768501215.2725677,41.503
1768501215.376338,35.933
1768501215.4786072,37.018
1768501215.58088,41.798
1768501215.683176,32.798
1768501215.7854924,42.979
1768501215.8878424,35.461
1768501215.9926558,43.15
1768501216.094833,37.412
1768501216.1969538,34.179
1768501216.2997112,33.587
1768501216.4018846,32.897
1768501216.503932,36.131
1768501216.606019,37.018
1768501216.708332,38.003
1768501216.810532,37.215
1768501216.9138873,35.757
1768501217.016029,34.573
1768501217.1182144,33.982
1768501217.2204905,33.291
1768501217.3227618,32.718
1768501217.4250083,36.032
1768501217.527288,35.856
1768501217.6296127,32.422
1768501217.7319303,32.62
1768501217.8342874,32.995
1768501217.940068,33.193
1768501218.0422564,33.489
1768501218.1444993,34.08
1768501218.2468317,35.658
1768501218.3490944,36.82
1768501218.4513454,32.521
1768501218.5535414,34.376
1768501218.6567302,37.193
1768501218.7590249,40.715
1768501218.8647063,37.686
1768501218.9670677,32.323
1768501219.0697625,41.724
1768501219.1720862,36.426
1768501219.2747917,32.225
1768501219.377944,42.487
1768501219.481126,35.165
1768501219.5834403,37.073
1768501219.691034,46.861
1768501219.793385,33.291
1768501219.8957717,40.641
1768501219.9979763,38.375
1768501220.1003332,32.422
1768501220.2027323,46.047
1768501220.3049283,33.094
1768501220.4071398,43.471
1768501220.509371,35.067
1768501220.6146586,37.116
1768501220.7171335,32.798
1768501220.82004,43.642
1768501220.92228,34.869
1768501221.0244682,39.262
1768501221.126796,37.412
1768501221.2289996,36.623
1768501221.331281,41.133
1768501221.4335048,32.916
1768501221.5395162,41.995
1768501221.6418324,35.835
1768501221.7441719,38.102
1768501221.846422,41.798
1768501221.948728,32.718
1768501222.051039,42.29
1768501222.1534169,35.165
1768501222.255746,32.323
1768501222.3580723,47.942
1768501222.4604344,33.193
1768501222.5663097,42.29
1768501222.6686327,35.835
1768501222.7708743,37.587
1768501222.873079,42.979
1768501222.9753394,32.62
1768501223.0775762,43.176
1768501223.1798267,34.08
1768501223.282137,41.01
1768501223.3842435,35.736
1768501223.4864933,37.708
1768501223.5913904,39.754
1768501223.6935961,32.422
1768501223.7958329,46.987
1768501223.8980782,33.39
1768501224.0003395,42.782
1768501224.1026392,35.165
1768501224.2049055,38.397
1768501224.3072019,38.966
1768501224.4096136,33.686
1768501224.5118518,46.397
1768501224.617828,33.291
1768501224.7201943,41.601
1768501224.8224602,35.757
1768501224.9250526,37.708
1768501225.0272567,40.247
1768501225.129463,32.422
1768501225.2317166,45.341
1768501225.333848,32.798
1768501225.4360259,44.626
1768501225.5426655,40.321
1768501225.6454127,36.426
1768501225.7474766,37.116
1768501225.8495984,42.585
1768501225.951743,32.62
1768501226.053888,43.373
1768501226.1560233,33.883
1768501226.2581158,36.623
1768501226.3602126,46.861
1768501226.46247,33.094
1768501226.567557,43.865
1768501226.6698463,34.278
1768501226.7721379,39.459
1768501226.8745594,38.769
1768501226.976783,33.291
1768501227.0792112,44.331
1768501227.1814904,33.113
1768501227.2838233,43.767
1768501227.386342,34.573
1768501227.492908,39.557
1768501227.5951147,36.82
1768501227.6973243,36.82
1768501227.799541,42.684
1768501227.9017653,32.798
1768501228.004,42.881
1768501228.1062558,34.278
1768501228.2085576,32.027
1768501228.3109932,40.321
1768501228.4133215,39.731
1768501228.5185246,33.291
1768501228.6210482,32.027
1768501228.7232988,40.026
1768501228.825634,40.739
1768501228.9278567,32.995
1768501229.0301993,36.426
1768501229.1324966,46.833
1768501229.234896,35.658
1768501229.3374674,32.521
1768501229.439791,36.131
1768501229.5448983,43.15
1768501229.6473277,37.981
1768501229.750842,32.521
1768501229.853103,37.981
1768501229.9555507,45.976
1768501230.0578747,33.784
1768501230.160265,40.542
1768501230.2625024,36.525
1768501230.3689451,43.963
1768501230.4721024,32.897
1768501230.5741415,41.01
1768501230.6762578,37.51
1768501230.7784083,32.225
1768501230.8805878,40.05
1768501230.9826863,39.829
1768501231.0849187,32.718
1768501231.1870368,39.928
1768501231.289196,37.018
1768501231.3950453,32.225
1768501231.4973407,44.698
1768501231.5996056,34.08
1768501231.7019734,32.225
1768501231.804358,37.489
1768501231.9066558,40.739
1768501232.0089521,32.798
1768501232.1112158,43.274
1768501232.2134142,34.08
1768501232.315636,39.951
1768501232.4223413,37.116
1768501232.5246623,32.323
1768501232.6270294,46.074
1768501232.7292373,33.291
1768501232.8314931,43.471
1768501232.9337509,34.968
1768501233.0360432,37.412
1768501233.1383107,42.684
1768501233.240937,33.094
1768501233.346222,39.853
1768501233.4485347,38.2
1768501233.5507872,32.521
1768501233.6530254,45.779
1768501233.7553713,33.587
1768501233.857679,41.231
1768501233.9598975,36.032
1768501234.062132,37.292
1768501234.1642852,40.838
1768501234.2665052,32.62
1768501234.3742228,42.487
1768501234.4765458,34.573
1768501234.5787785,37.193
1768501234.6809552,41.404
1768501234.7832131,32.601
1768501234.8855221,46.495
1768501234.9879987,35.954
1768501235.0902247,32.62
1768501235.1924047,40.148
1768501235.2976828,32.422
1768501235.3997679,41.527
1768501235.5018377,37.883
1768501235.6039994,35.244
1768501235.706111,42.364
1768501235.808193,32.817
1768501235.910243,43.668
1768501236.0124078,33.489
1768501236.1144576,41.306
1768501236.216537,35.342
1768501236.3186505,38.375
1768501236.4254658,38.769
1768501236.5277002,32.521
1768501236.629991,46.593
1768501236.7321703,33.39
1768501236.8344846,40.814
1768501236.9367673,35.362
1768501237.039124,37.39
1768501237.1413352,40.345
1768501237.2437,32.422
1768501237.346087,45.583
1768501237.4512415,33.39
1768501237.5534284,36.328
1768501237.6556423,42.61
1768501237.7579825,32.916
1768501237.8602195,43.15
1768501237.9626563,34.278
1768501238.0649288,39.262
1768501238.167221,37.116
1768501238.269618,32.225
1768501238.371841,45.091
1768501238.478127,33.113
1768501238.5804057,36.504
1768501238.6826305,45.216
1768501238.7849305,33.606
1768501238.887139,40.739
1768501238.9893472,36.229
1768501239.0916202,36.229
1768501239.1937907,43.274
1768501239.296117,33.193
1768501239.399085,42.388
1768501239.506017,35.342
1768501239.608244,38.003
1768501239.7104676,38.966
1768501239.813011,32.422
1768501239.9152794,45.484
1768501240.0175781,33.39
1768501240.1198258,39.262
1768501240.2222607,36.722
1768501240.3245337,42.881
1768501240.4323955,32.995
1768501240.534501,43.668
1768501240.6365879,33.686
1768501240.7386901,39.928
1768501240.84078,40.148
1768501240.9429798,32.422
1768501241.0450654,46.172
1768501241.1471493,33.094
1768501241.2492537,44.062
1768501241.3548748,33.982
1768501241.4570785,37.313
1768501241.5592866,46.593
1768501241.6615264,33.883
1768501241.7637997,38.102
1768501241.8661973,40.05
1768501241.9685037,33.094
1768501242.0708904,32.027
1768501242.1732488,40.936
1768501242.2796803,40.814
1768501242.3819485,32.62
1768501242.484301,43.668
1768501242.58653,35.067
1768501242.6888258,32.027
1768501242.7911434,42.019
1768501242.8933902,35.342
1768501242.995683,36.722
1768501243.0978942,42.487
1768501243.2041473,32.718
1768501243.3062966,43.176
1768501243.4084673,35.638
1768501243.5106983,36.229
1768501243.612872,42.979
1768501243.7151356,32.817
1768501243.8173244,44.501
1768501243.919931,33.193
1768501244.023168,42.782
1768501244.1253414,35.067
1768501244.230923,37.489
1768501244.33311,39.459
1768501244.435378,32.323
1768501244.5376885,42.979
1768501244.6398993,34.179
1768501244.7421868,36.504
1768501244.8445425,42.757
1768501244.9467695,32.817
1768501245.04909,35.244
1768501245.1577313,32.027
1768501245.2603552,32.601
1768501245.363016,33.883
1768501245.4653842,32.027
1768501245.5676548,41.404
1768501245.670009,37.313
1768501245.7722452,32.126
1768501245.874436,43.052
1768501245.980354,34.573
1768501246.0825841,37.018
1768501246.1848724,43.544
1768501246.287126,32.718
1768501246.3893988,43.176
1768501246.4916997,35.835
1768501246.5940938,32.126
1768501246.6963465,42.659
1768501246.7985952,34.08
1768501246.9048793,36.426
1768501247.0071518,33.982
1768501247.1093335,32.798
1768501247.2114859,32.817
1768501247.3136365,32.521
1768501247.415758,32.422
1768501247.5180035,32.62
1768501247.6202228,32.798
1768501247.7224734,32.897
1768501247.8287807,32.916
1768501247.931139,34.08
1768501248.0334427,36.032
1768501248.135629,36.919
1768501248.242386,37.095
1768501248.3446739,33.193
1768501248.4470162,35.362
1768501248.5524423,32.027
1768501248.654725,35.145
1768501248.7571123,32.62
1768501248.8594537,33.686
1768501248.961816,36.151
1768501249.0643537,37.018
1768501249.1668522,32.323
1768501249.2693746,33.094
1768501249.371734,36.82
1768501249.4743009,32.323
1768501249.5789478,34.278
1768501249.6813004,36.82
1768501249.7838354,32.422
1768501249.8863811,32.422
1768501249.9888942,36.032
1768501250.091255,40.247
1768501250.1938155,42.881
1768501250.2961936,34.179
1768501250.3985724,32.126
1768501250.5044284,39.163
1768501250.6068978,46.2
1768501250.709476,34.179
1768501250.811918,32.798
1768501250.9144313,42.881
1768501251.0167263,35.933
1768501251.1192615,32.027
1768501251.2216856,42.487
1768501251.3279493,37.018
1768501251.430304,32.027
1768501251.5325751,42.068
1768501251.634912,38.474
1768501251.7372923,32.422
1768501251.8396554,40.739
1768501251.9421346,37.905
1768501252.0443926,32.422
1768501252.1467497,40.715
1768501252.2491224,37.018
1768501252.3548121,32.225
1768501252.4571023,40.814
1768501252.5594332,38.102
1768501252.6617281,32.323
1768501252.7643752,40.912
1768501252.8667521,37.806
1768501252.9690843,32.126
1768501253.0713449,43.274
1768501253.1737802,35.067
1768501253.2794626,32.7
1768501253.3817255,46.762
1768501253.4841409,33.291
1768501253.5865014,37.116
1768501253.6889133,43.839
1768501253.7913544,33.489
1768501253.8936355,46.664
1768501253.9968874,33.686
1768501254.102813,36.546
1768501254.205247,45.315
1768501254.3075206,32.897
1768501254.409881,40.345
1768501254.5125003,39.853
1768501254.6147547,32.62
1768501254.7171443,42.192
1768501254.8195002,36.623
1768501254.9217603,34.672
1768501255.0285141,45.806
1768501255.1307719,32.995
1768501255.233091,38.375
1768501255.3356042,43.078
1768501255.4378343,33.014
1768501255.540186,37.587
1768501255.642515,46.664
1768501255.7448163,33.587
1768501255.84718,36.623
1768501255.953913,43.642
1768501256.056237,33.686
1768501256.1586475,37.686
1768501256.2608767,41.896
1768501256.3631089,32.718
1768501256.4652994,41.428
1768501256.5676641,36.919
1768501256.6700544,32.126
1768501256.772313,43.078
1768501256.8781087,34.573
1768501256.980564,34.652
1768501257.082943,43.741
1768501257.1854553,34.08
1768501257.2884777,36.426
1768501257.3909926,45.189
1768501257.493639,33.982
1768501257.5961034,31.929
1768501257.7022133,42.881
1768501257.804656,35.067
1768501257.9072921,32.126
1768501258.0097983,43.176
1768501258.1123712,34.475
1768501258.2148025,41.995
1768501258.3187652,34.08
1768501258.421066,32.206
1768501258.526065,35.658
1768501258.6285503,42.192
1768501258.7309322,36.82
1768501258.8332531,32.225
1768501258.9355638,41.404
1768501259.03809,36.229
1768501259.1404235,32.027
1768501259.2428057,44.233
1768501259.345129,33.982
1768501259.4511282,36.722
1768501259.5536497,46.172
1768501259.65604,34.08
1768501259.7583518,37.313
1768501259.8606577,44.062
1768501259.9630146,33.39
1768501260.0652864,38.397
1768501260.1675732,40.542
1768501260.2699807,32.62
1768501260.3764615,41.724
1768501260.478805,36.426
1768501260.581257,32.225
1768501260.6836436,42.29
1768501260.7861137,34.672
1768501260.888582,36.426
1768501260.9909024,46.2
1768501261.093543,33.291
1768501261.1958969,37.51
1768501261.3037994,47.057
1768501261.40616,33.587
1768501261.5084925,36.996
1768501261.612275,40.05
1768501261.7146378,32.62
1768501261.817006,41.404
1768501261.9194272,36.623
1768501262.0260496,32.323
1768501262.1285148,42.954
1768501262.230891,35.539
1768501262.3332753,36.328
1768501262.4356282,43.544
1768501262.5379455,40.715
1768501262.6404207,35.835
1768501262.7428107,32.897
1768501262.8488932,44.528
1768501262.9514167,34.278
1768501263.0540113,37.686
1768501263.1563892,41.995
1768501263.2586882,32.798
1768501263.3609366,43.103
1768501263.4633877,35.067
1768501263.5656612,33.39
1768501263.6679292,47.282
1768501263.7739513,34.08
1768501263.8761911,31.929
1768501263.9786186,42.192
1768501264.0808182,33.784
1768501264.1831608,38.277
1768501264.2854981,39.087
1768501264.3877056,32.422
1768501264.4899735,42.782
1768501264.592197,33.784
1768501264.6990132,38.003
1768501264.8013227,38.572
1768501264.90356,32.225
1768501265.006037,42.56
1768501265.1082735,33.489
1768501265.2105916,38.693
1768501265.3129635,40.223
1768501265.4152005,32.323
1768501265.5173602,42.192
1768501265.6245394,34.179
1768501265.7354486,37.861
1768501265.8376672,38.375
1768501265.93991,32.225
1768501266.0468345,46.861
1768501266.1490436,32.897
1768501266.2514255,42.807
1768501266.3537352,36.053
1768501266.4561148,36.82
1768501266.5584047,32.897
1768501266.6605952,40.888
1768501266.762833,35.461
1768501266.864929,37.018
1768501266.9712956,43.544
1768501267.073806,32.817
1768501267.1760612,42.068
1768501267.2783363,35.067
1768501267.3805585,37.018
1768501267.4828484,43.3
1768501267.5851076,32.718
1768501267.6874819,40.345
1768501267.7897594,38.572
1768501267.892041,32.422
1768501267.9984102,41.699
1768501268.1008303,35.638
1768501268.2031064,32.126
1768501268.3054395,43.57
1768501268.4077063,35.835
1768501268.5100303,32.126
1768501268.61261,35.441
1768501268.7150016,46.172
1768501268.8173487,33.489
1768501268.923611,38.474
1768501269.0259564,42.388
1768501269.1282895,32.718
1768501269.2307374,40.396
1768501269.3331919,36.328
1768501269.4355319,32.126
1768501269.537996,45.905
1768501269.640314,33.489
1768501269.7480633,38.178
1768501269.8503008,37.883
1768501269.9525514,32.225
1768501270.0558248,42.954
1768501270.158211,33.686
1768501270.2604232,39.557
1768501270.3626616,36.722
1768501270.4648745,36.229
1768501270.5671573,42.462
1768501270.6729767,32.601
1768501270.7752154,42.782
1768501270.877468,33.883
1768501270.9797137,39.262
1768501271.082091,32.225
1768501271.185131,46.074
1768501271.2872689,33.291
1768501271.3895688,40.148
1768501271.4916563,37.51
1768501271.5986242,32.323
1768501271.700841,44.456
1768501271.8032918,33.686
1768501271.9056542,39.731
1768501272.0078988,37.412
1768501272.1101453,32.108
1768501272.2126212,46.762
1768501272.3148556,33.291
1768501272.4171176,41.822
1768501272.5232446,36.229
1768501272.6256125,36.525
1768501272.7279441,45.511
1768501272.8302867,33.686
1768501272.9324937,38.572
1768501273.0348792,39.065
1768501273.1372924,32.521
1768501273.2396379,41.183
1768501273.3419547,36.525
1768501273.4480422,32.027
1768501273.5505147,43.347
1768501273.652771,33.587
1768501273.7551243,39.632
1768501273.8576288,37.905
1768501273.9600053,32.323
1768501274.0623415,43.668
1768501274.164911,34.475
1768501274.2672708,37.762
1768501274.3725932,40.148
1768501274.4751067,32.323
1768501274.5787315,43.544
1768501274.681225,34.869
1768501274.7835329,36.525
1768501274.886468,43.544
1768501274.988665,32.817
1768501275.0910187,42.881
1768501275.1945863,35.856
1768501275.2968783,36.229
1768501275.3991578,42.585
1768501275.5013998,32.62
1768501275.6036522,33.883
1768501275.7072577,38.55
1768501275.8094366,38.671
1768501275.911533,32.225
1768501276.0137315,43.15
1768501276.115927,33.784
1768501276.221837,39.337
1768501276.3243234,37.313
1768501276.4265194,35.046
1768501276.5289505,44.134
1768501276.6312222,32.897
1768501276.7336884,43.57
1768501276.8358822,34.475
1768501276.938157,36.722
1768501277.0404375,41.601
1768501277.1462047,32.521
1768501277.2484708,43.347
1768501277.3506467,33.883
1768501277.45301,39.754
1768501277.555435,37.018
1768501277.65764,36.032
1768501277.759978,45.878
1768501277.8622308,33.193
1768501277.9646559,40.912
1768501278.0670125,36.032
1768501278.1731286,32.126
1768501278.275469,43.078
1768501278.3778205,35.067
1768501278.4814212,36.328
1768501278.5858982,35.539
1768501278.688142,37.412
1768501278.7904649,37.412
1768501278.8941627,36.919
1768501278.9970655,35.933
1768501279.0993803,36.131
1768501279.201675,35.736
1768501279.3038805,36.229
1768501279.4060967,36.131
1768501279.5084386,35.441
1768501279.610648,35.244
1768501279.7131157,32.422
1768501279.8169763,32.62
1768501279.919307,32.718
1768501280.0216286,33.014
1768501280.1239047,37.215
1768501280.2274716,35.539
1768501280.3296523,32.323
1768501280.4318802,33.094
1768501280.5342185,34.573
1768501280.636357,36.919
1768501280.7385442,34.869
1768501280.8444662,32.422
1768501280.946761,33.39
1768501281.0490472,35.067
1768501281.1513784,36.82
1768501281.2586975,35.835
1768501281.3610263,32.995
1768501281.4632964,39.557
1768501281.5704064,44.331
1768501281.6727016,33.686
1768501281.7751076,34.179
1768501281.8774498,45.315
1768501281.979771,33.883
1768501282.0820053,36.349
1768501282.1842616,46.467
1768501282.2865531,33.489
1768501282.3889353,36.645
1768501282.4951432,45.046
1768501282.5974884,33.113
1768501282.6997511,39.436
1768501282.8021133,38.89
1768501282.9044144,32.323
1768501283.0066705,42.979
1768501283.1089857,33.982
1768501283.2151878,37.489
1768501283.3207726,38.89
1768501283.4240956,32.323
1768501283.5264072,45.216
1768501283.6286597,33.784
1768501283.730943,39.679
1768501283.833122,38.102
1768501283.9353626,32.225
1768501284.037617,46.79
1768501284.1398935,33.113
1768501284.2447662,40.739
1768501284.3470232,36.053
1768501284.4493105,44.456
1768501284.5519753,33.113
1768501284.6541016,40.247
1768501284.75621,36.623
1768501284.858355,32.027
1768501284.9604886,45.091
1768501285.0626433,33.39
1768501285.1647642,41.921
1768501285.2710588,35.362
1768501285.373317,36.525
1768501285.4756467,41.896
1768501285.5778403,32.817
1768501285.6804545,41.675
1768501285.782666,34.573
1768501285.885227,37.609
1768501285.9874916,39.557
1768501286.0898726,32.323
1768501286.1961439,47.45
1768501286.2983851,32.798
1768501286.400623,43.373
1768501286.502792,34.08
1768501286.6051025,39.928
1768501286.70736,36.82
1768501286.8095958,36.623
1768501286.9118404,44.331
1768501287.0141802,32.62
1768501287.1200545,43.617
1768501287.222718,34.475
1768501287.3249786,37.39
1768501287.4272676,41.798
1768501287.5295472,32.62
1768501287.6367915,41.231
1768501287.7389824,36.229
1768501287.845087,36.328
1768501287.947321,42.462
1768501288.0494525,32.718
1768501288.151682,43.544
1768501288.2539907,35.067
1768501288.3562214,32.422
1768501288.4585416,43.103
1768501288.5607464,34.771
1768501288.6631286,32.62
1768501288.7688465,38.966
1768501288.8711724,33.31
1768501288.9746916,39.262
1768501289.076818,36.151
1768501289.179036,36.349
1768501289.2811804,42.979
1768501289.3833094,32.62
1768501289.4854171,43.274
1768501289.5876024,33.804
1768501289.689766,40.247
1768501289.7953131,36.645
1768501289.8976226,32.718
1768501289.999997,43.865
1768501290.1022098,33.409
1768501290.204486,39.58
1768501290.30679,37.018
1768501290.409099,33.982
1768501290.511363,45.806
1768501290.6136405,33.212
1768501290.7205486,42.881
1768501290.822728,35.56
1768501290.9250548,37.39
1768501291.0272903,44.751
1768501291.129593,32.916
1768501291.2319024,42.684
1768501291.334323,35.264
1768501291.4368153,37.313
1768501291.539094,41.256
1768501291.645724,32.323
1768501291.7480717,43.078
1768501291.8505366,33.409
1768501291.9527533,40.739
1768501292.0554657,36.328
1768501292.1590426,35.264
1768501292.2612667,45.019
1768501292.363542,32.916
1768501292.4684594,40.912
1768501292.5707812,35.954
1768501292.6730466,36.349
1768501292.7753186,42.782
1768501292.8775065,32.521
1768501292.9798431,42.782
1768501293.0822632,33.804
1768501293.1845086,40.345
1768501293.2867985,36.426
1768501293.389176,37.116
1768501293.4948437,32.422
1768501293.5972216,42.56
1768501293.699292,33.784
1768501293.801404,40.345
1768501293.9035196,36.053
1768501294.0056386,36.426
1768501294.1077929,42.487
1768501294.21003,32.521
1768501294.312177,42.585
1768501294.4143322,34.376
1768501294.5189147,37.609
1768501294.621363,40.739
1768501294.7235818,32.62
1768501294.8258824,42.881
1768501294.928363,35.757
1768501295.0307267,34.968
1768501295.133078,44.528
1768501295.23553,34.179
1768501295.3378925,39.777
1768501295.440227,37.609
1768501295.5448134,32.323
1768501295.6472356,43.176
1768501295.7494318,33.902
1768501295.8516688,39.951
1768501295.9538863,37.039
1768501296.0562906,32.126
1768501296.158529,45.118
1768501296.2607138,33.212
1768501296.3630009,40.05
1768501296.4696417,38.102
1768501296.5720727,32.126
1768501296.6750138,42.585
1768501296.7773705,34.08
1768501296.8796139,38.102
1768501296.9823828,39.459
1768501297.0847683,32.323
1768501297.1871214,42.388
1768501297.2893143,33.705
1768501297.394326,39.065
1768501297.4966886,37.313
1768501297.5989828,32.126
1768501297.70129,46.79
1768501297.8036284,33.409
1768501297.9059815,38.671
1768501298.0084198,38.595
1768501298.11065,32.323
1768501298.2129364,44.921
1768501298.3155077,33.409
1768501298.4203131,42.684
1768501298.5233796,33.014
1768501298.6256175,32.521
1768501298.7277927,42.881
1768501298.830081,33.982
1768501298.9321575,38.397
1768501299.0342329,41.699
1768501299.1363485,32.817
1768501299.2387178,41.33
1768501299.3453019,36.82
1768501299.447669,32.225
1768501299.549991,42.487
1768501299.6523385,34.968
1768501299.7547295,33.39
1768501299.8571696,44.233
1768501299.9597447,34.869
1768501300.0622802,32.027
1768501300.164833,42.659
1768501300.2703927,36.032
1768501300.3730664,32.225
1768501300.4756005,43.668
1768501300.5783558,35.954
1768501300.6808577,32.225
1768501300.7835126,41.798
1768501300.8859515,34.179
1768501300.9886308,36.426
1768501301.0948896,43.839
1768501301.1972656,33.982
1768501301.2996306,36.722
1768501301.402006,43.767
1768501301.5056877,33.212
1768501301.6080523,36.82
1768501301.710433,46.495
1768501301.8129494,33.39
1768501301.9152966,37.193
1768501302.020387,41.699
1768501302.1227417,33.587
1768501302.2250166,36.426
1768501302.3278317,45.61
1768501302.4304566,33.508
1768501302.532968,35.757
1768501302.6352491,45.806
1768501302.7376611,33.982
1768501302.840031,36.25
1768501302.9461803,34.376
1768501303.0485463,32.027
1768501303.150739,42.684
1768501303.2531762,35.165
1768501303.3554173,32.027
1768501303.4577675,41.995
1768501303.5600944,35.067
1768501303.6623206,32.027
1768501303.7644246,46.888
1768501303.8711498,33.705
1768501303.973628,38.08
1768501304.0761933,41.33
1768501304.178511,32.718
1768501304.2808778,42.265
1768501304.3832088,34.573
1768501304.4856026,37.806
1768501304.5879726,44.849
1768501304.6903112,33.212
1768501304.796269,38.474
1768501304.8985875,39.679
1768501305.000857,32.62
1768501305.103229,41.231
1768501305.2055387,36.053
1768501305.3078213,35.165
1768501305.41012,44.01
1768501305.5124304,32.817
1768501305.6146529,39.951
1768501305.7229302,37.708
1768501305.825303,32.225
1768501305.927522,42.388
1768501306.0298836,34.08
1768501306.1321275,36.701
1768501306.23446,41.527
1768501306.3368473,32.718
1768501306.4391623,42.782
1768501306.5416462,34.475
1768501306.6467166,35.264
1768501306.7490265,45.806
1768501306.8512886,33.014
1768501306.9537213,41.527
1768501307.0560465,36.229
1768501307.1582594,32.225
1768501307.260646,45.216
1768501307.362908,33.508
1768501307.4652278,41.256
1768501307.571123,32.422
1768501307.6732874,43.446
1768501307.7754867,33.686
1768501307.8775887,39.36
1768501307.9797735,37.412
1768501308.0820782,32.225
1768501308.18428,47.45
1768501308.2864573,37.412
1768501308.3885367,33.804
1768501308.4907978,47.549
1768501308.5971582,41.133
1768501308.6994042,32.422
1768501308.8017502,43.078
1768501308.90396,34.968
1768501309.0062459,36.131
1768501309.1086068,46.664
1768501309.21107,33.212
1768501309.3133652,38.792
1768501309.415591,38.496
1768501309.521728,32.323
1768501309.6240199,43.471
1768501309.7263489,34.988
1768501309.828601,37.313
1768501309.9310236,36.25
1768501310.0332325,32.521
1768501310.1354122,32.817
1768501310.2375746,33.113
1768501310.3397982,33.014
1768501310.4419565,33.014
1768501310.5453844,32.916
1768501310.647604,33.212
1768501310.7499628,33.409
1768501310.8522713,33.014
1768501310.9546938,32.817
1768501311.0570486,33.014
1768501311.1593382,33.212
1768501311.261718,33.508
1768501311.3638964,34.672
1768501311.4662275,36.25
1768501311.5708902,35.954
1768501311.6731615,32.521
1768501311.7753463,34.1
1768501311.8776667,35.658
1768501311.9799864,36.82
1768501312.0823293,33.31
1768501312.1846106,32.817
1768501312.2868268,34.199
1768501312.3890984,36.349
1768501312.4913661,31.354
1768501312.5981443,32.323
1768501312.7003505,37.883
1768501312.802573,42.782
1768501312.9048433,34.001
1768501313.007428,35.757
1768501313.1097407,41.33
1768501313.2120686,35.658
1768501313.3143272,32.027
1768501313.4167368,42.906
1768501313.5234804,34.672
1768501313.6257696,31.929
1768501313.7280898,42.512
1768501313.8303232,34.278
1768501313.932564,36.764
1768501314.0350223,43.839
1768501314.1373706,33.409
1768501314.2396293,38.397
1768501314.3419106,41.625
1768501314.4472811,32.521
1768501314.5495007,41.798
1768501314.6517808,36.645
1768501314.7540026,32.027
1768501314.8562326,44.357
1768501314.9584744,33.705
1768501315.0608954,38.792
1768501315.1632214,40.172
1768501315.26547,32.422
1768501315.368177,42.61
1768501315.4729493,34.1
1768501315.5752008,37.806
1768501315.6775155,41.995
1768501315.7798748,32.916
1768501315.8831728,41.034
1768501315.985488,36.645
1768501316.087734,32.126
1768501316.1901062,43.078
1768501316.2923992,34.001
1768501316.3971348,38.2
1768501316.4995465,38.966
1768501316.6017869,32.422
1768501316.7041395,43.249
1768501316.8063962,34.771
1768501316.9088545,37.927
1768501317.0111878,41.157
1768501317.11362,32.422
1768501317.215931,33.902
1768501317.3190415,39.876
1768501317.4241867,36.645
1768501317.5263846,35.264
1768501317.628626,44.823
1768501317.7309523,33.705
1768501317.8332365,39.951
1768501317.935674,36.349
1768501318.0382366,31.929
1768501318.1404715,44.456
1768501318.24272,33.606
1768501318.3486252,38.397
1768501318.450927,38.397
1768501318.5531776,32.422
1768501318.655603,35.56
1768501318.7579231,44.921
1768501318.8601284,33.508
1768501318.9623897,39.951
1768501319.064599,36.743
1768501319.1668186,32.126
1768501319.2740052,45.637
1768501319.3764336,33.508
1768501319.4787257,38.989
1768501319.5810196,37.806
1768501319.6834085,32.323
1768501319.7855937,42.807
1768501319.8879142,34.396
1768501319.9901805,36.151
1768501320.0923824,44.921
1768501320.19458,33.212
1768501320.3005586,39.087
1768501320.4034455,38.003
1768501320.5056827,32.027
1768501320.607938,44.259
1768501320.7103157,34.001
1768501320.8126404,37.905
1768501320.9150171,40.739
1768501321.0172684,32.62
1768501321.1195285,42.782
1768501321.2259626,35.461
1768501321.328217,32.126
1768501321.4305441,40.444
1768501321.5328414,37.412
1768501321.6350732,32.422
1768501321.7373059,42.906
1768501321.8396149,32.027
1768501321.9429255,45.61
1768501322.0500174,33.902
1768501322.1524777,36.82
1768501322.254723,43.865
1768501322.3569593,33.014
1768501322.4592972,40.641
1768501322.5615568,36.349
1768501322.6638966,32.144
1768501322.7661314,42.29
1768501322.8683271,34.869
1768501322.97425,36.349
1768501323.076519,46.762
1768501323.1787202,33.804
1768501323.2810793,38.2
1768501323.3833983,40.838
1768501323.485696,32.62
1768501323.5878804,40.247
1768501323.690249,37.313
1768501323.7925243,32.323
1768501323.8993988,39.853
1768501324.0023787,39.087
1768501324.1047125,32.422
1768501324.2073524,40.641
1768501324.3096874,37.631
1768501324.4119344,32.225
1768501324.5142956,42.044
1768501324.616565,36.842
1768501324.724571,32.144
1768501324.827017,43.767
1768501324.929416,35.461
1768501325.031805,32.027
1768501325.1341412,42.61
1768501325.2364736,34.573
1768501325.3387692,34.573
1768501325.4411502,45.878
1768501325.548277,33.606
1768501325.65054,37.828
1768501325.7529523,40.444
1768501325.8552651,32.62
1768501325.957489,42.585
1768501326.0597916,34.692
1768501326.1621392,42.782
1768501326.2645578,33.508
1768501326.36675,38.671
1768501326.472955,38.595
1768501326.5752716,32.422
1768501326.6775317,42.388
1768501326.7799156,34.791
1768501326.882234,38.003
1768501326.9845343,41.527
1768501327.0867183,32.521
1768501327.1889083,43.3
1768501327.2912416,35.461
1768501327.3934858,36.546
1768501327.5000412,43.3
1768501327.6023335,32.817
1768501327.7045183,41.527
1768501327.8068354,36.842
1768501327.9091017,32.225
1768501328.01132,42.881
1768501328.1135724,33.902
1768501328.2158496,37.313
1768501328.3182263,44.626
1768501328.4237168,33.212
1768501328.5277374,38.868
1768501328.6301239,41.133
1768501328.7325003,37.215
1768501328.834678,32.126
1768501328.9369943,41.896
1768501329.0392327,34.593
1768501329.141522,36.131
1768501329.2445362,45.386
1768501329.3520212,33.804
1768501329.4545982,38.102
1768501329.5568871,40.148
1768501329.6594818,32.323
1768501329.7618296,43.373
1768501329.8644483,34.791
1768501329.9668164,37.018
1768501330.0694556,42.881
1768501330.175145,32.718
1768501330.277661,40.641
1768501330.3800175,38.397
1768501330.4825742,32.521
1768501330.585001,34.1
1768501330.6886802,37.927
1768501330.7907495,39.557
1768501330.893042,32.521
1768501330.9980638,41.724
1768501331.1004004,36.447
1768501331.20264,32.126
1768501331.304826,45.511
1768501331.4072015,33.804
1768501331.509422,37.489
1768501331.6117752,44.357
1768501331.7140074,33.014
1768501331.8162806,41.921
1768501331.9184604,36.349
1768501332.0236974,36.131
1768501332.1260474,47.184
1768501332.2283325,33.409
1768501332.3306608,39.383
1768501332.43294,38.2
1768501332.5351603,32.323
1768501332.6374424,43.078
1768501332.739603,34.1
1768501332.8419912,37.708
1768501332.9485097,41.354
1768501333.0513341,32.422
1768501333.1535838,43.595
1768501333.2558985,34.376
1768501333.3581212,36.447
1768501333.4602659,43.891
1768501333.5624902,32.916
1768501333.665211,40.936
1768501333.7673645,36.645
1768501333.874058,36.743
1768501333.9762802,43.398
1768501334.0785222,32.718
1768501334.1808257,40.345
1768501334.283131,37.412
1768501334.385312,32.126
1768501334.487545,42.61
1768501334.5898447,34.001
1768501334.6921287,38.989
1768501334.7943614,38.102
1768501334.8993483,32.225
1768501335.0016003,47.085
1768501335.1038914,33.113
1768501335.2061813,41.404
1768501335.3084555,36.447
1768501335.4126146,45.019
1768501335.5149474,32.916
1768501335.6170313,41.207
1768501335.7191474,35.757
1768501335.82431,33.508
1768501335.926629,46.397
1768501336.0288494,33.409
1768501336.1312551,37.806
1768501336.233614,39.876
1768501336.335922,33.508
1768501336.438204,31.947
1768501336.540468,43.078
1768501336.6427665,34.593
1768501336.7451198,37.729
1768501336.8503125,42.29
1768501336.9525516,32.62
1768501337.0547853,42.315
1768501337.1570337,35.954
1768501337.259332,36.645
1768501337.3617642,44.036
1768501337.4641223,33.014
1768501337.5664601,41.822
1768501337.6688182,36.645
1768501337.7751768,36.82
1768501337.877371,43.792
1768501337.9796045,32.817
1768501338.0823264,44.062
1768501338.184558,34.573
1768501338.2870154,36.151
1768501338.3893044,42.29
1768501338.4916844,32.521
1768501338.594194,35.658
1768501338.699087,44.528
1768501338.801536,33.606
1768501338.9037743,40.641
1768501339.00617,37.215
1768501339.1084301,32.225
1768501339.2108018,46.719
1768501339.3130474,33.014
1768501339.415288,43.078
1768501339.517611,34.968
1768501339.619987,36.623
1768501339.7259436,43.176
1768501339.8281956,32.718
1768501339.9305732,43.3
1768501340.032844,35.067
1768501340.1361558,43.347
1768501340.238349,34.199
1768501340.3405461,37.51
1768501340.442611,40.838
1768501340.5448222,32.521
1768501340.649396,42.019
1768501340.7517233,36.722
1768501340.8540263,32.225
1768501340.9566188,42.462
1768501341.058985,34.001
1768501341.1612196,37.313
1768501341.263551,37.905
1768501341.3657622,37.018
1768501341.4679384,36.447
1768501341.5701606,38.299
1768501341.672877,36.349
1768501341.7750852,34.376
1768501341.8772938,32.521
1768501341.9796047,32.62
1768501342.081774,32.62
1768501342.1839578,32.718
1768501342.2861834,32.916
1768501342.3884783,33.212
1768501342.4908063,33.31
1768501342.592947,33.705
1768501342.6974843,34.1
1768501342.799714,34.692
1768501342.9019225,36.053
1768501343.004177,37.215
1768501343.1103222,36.053
1768501343.2126274,32.422
1768501343.3147702,33.014
1768501343.4170988,33.508
1768501343.5193326,34.1
1768501343.624696,36.919
1768501343.7269108,34.672
1768501343.8292363,32.62
1768501343.9316409,31.354
1768501344.033952,39.656
1768501344.1362376,41.921
1768501344.2385898,33.409
1768501344.3409097,36.053
1768501344.4431472,46.298
1768501344.5453942,33.31
1768501344.650483,38.003
1768501344.7529004,40.542
1768501344.8551676,32.916
1768501344.9577281,36.053
1768501345.0602171,32.027
1768501345.1623492,43.078
1768501345.264679,34.791
1768501345.3668005,36.94
1768501345.468891,43.963
1768501345.5711458,33.014
1768501345.6762438,40.814
1768501345.7785127,36.349
1768501345.8808196,33.784
1768501345.9832287,46.692
1768501346.0854878,33.31
1768501346.1877847,40.444
1768501346.2902868,36.842
1768501346.392477,32.225
1768501346.4948478,44.233
1768501346.6008754,33.705
1768501346.7031016,37.51
1768501346.80535,40.739
1768501346.907715,32.62
1768501347.0100126,42.585
1768501347.1121976,34.573
1768501347.2145376,35.856
1768501347.3168,44.876
1768501347.4191368,32.817
1768501347.5279357,41.453
1768501347.6302352,36.842
1768501347.732807,32.225
1768501347.8350956,42.782
1768501347.9377234,34.495
1768501348.0402384,35.954
1768501348.142499,44.062
1768501348.244946,34.297
1768501348.350909,32.027
1768501348.45323,42.881
1768501348.5554895,35.165
1768501348.658046,32.916
1768501348.760332,36.82
1768501348.8626027,45.735
1768501348.9648986,33.014
1768501349.0672143,38.496
1768501349.1694956,39.087
1768501349.2754092,32.718
1768501349.3777258,41.65
1768501349.4802496,32.126
1768501349.5827932,42.979
1768501349.6854453,33.902
1768501349.7876544,36.546
1768501349.88976,44.921
1768501349.9920435,33.212
1768501350.0942242,39.951
1768501350.200752,39.58
1768501350.3030972,33.212
1768501350.405349,40.247
1768501350.5076232,37.412
1768501350.6098328,32.225
1768501350.712124,45.118
1768501350.8144014,33.31
1768501350.916722,41.133
1768501351.0189865,35.856
1768501351.123882,36.842
1768501351.226109,44.16
1768501351.328354,32.62
1768501351.4305568,42.684
1768501351.5328436,33.606
1768501351.6351554,39.853
1768501351.7375119,37.039
1768501351.8397598,35.264
1768501351.9425259,45.145
1768501352.0447602,32.916
1768501352.15136,41.724
1768501352.2537801,36.94
1768501352.3573272,32.126
1768501352.4596026,47.085
1768501352.5618448,33.31
1768501352.664109,38.966
1768501352.7663472,38.989
1768501352.8687785,32.422
1768501352.97417,42.906
1768501353.0764377,35.362
1768501353.178679,36.151
1768501353.2809856,46.959
1768501353.3835335,33.31
1768501353.4858809,39.284
1768501353.5884588,37.806
1768501353.691338,32.225
1768501353.793614,45.976
1768501353.900046,33.606
1768501354.002283,38.595
1768501354.1044707,32.323
1768501354.2066417,43.004
1768501354.3089035,36.842
1768501354.4110453,32.225
1768501354.5132558,42.684
1768501354.6154432,33.902
1768501354.7175345,38.595
1768501354.8196297,39.58
1768501354.9255855,32.323
1768501355.027849,46.79
1768501355.1301408,33.31
1768501355.2325213,42.807
1768501355.3347635,34.968
1768501355.43706,37.215
1768501355.539361,41.822
1768501355.6416996,32.62
1768501355.7439098,42.315
1768501355.8500857,34.396
1768501355.9523354,39.876
1768501356.0546014,37.434
1768501356.156832,36.447
1768501356.2592905,45.145
1768501356.3616188,33.014
1768501356.4638894,42.388
1768501356.5661738,34.771
1768501356.6685255,36.94
1768501356.7756128,45.878
1768501356.8778937,33.113
1768501356.980257,42.537
1768501357.0825033,35.067
1768501357.185354,33.982
1768501357.2877612,44.331
1768501357.3900113,33.409
1768501357.4922833,40.27
1768501357.59463,37.236
1768501357.7008057,32.126
1768501357.803133,41.428
1768501357.905564,35.165
1768501358.007984,35.264
1768501358.1102183,47.577
1768501358.2124977,33.31
1768501358.314831,36.328
1768501358.4172478,45.61
1768501358.5196867,33.508
1768501358.6253285,31.929
1768501358.7276437,46.003
1768501358.829772,33.31
1768501358.9319205,39.58
1768501359.0340762,37.412
1768501359.1362846,32.323
1768501359.2385445,43.891
1768501359.3408067,35.284
1768501359.4430585,35.856
1768501359.545419,46.172
1768501359.6511676,34.297
1768501359.7535112,38.595
1768501359.856004,40.247
1768501359.958358,32.62
1768501360.0606742,43.078
1768501360.1631846,35.067
1768501360.2656453,36.053
1768501360.3682055,45.681
1768501360.474568,33.606
1768501360.5768538,39.186
1768501360.6793113,40.148
1768501360.7816956,32.718
1768501360.8841279,41.527
1768501360.9872177,36.447
1768501361.0895154,36.328
1768501361.1918862,44.134
1768501361.29423,33.113
1768501361.4007893,41.034
1768501361.5032654,36.349
1768501361.6056142,32.126
1768501361.7090855,45.118
1768501361.8117502,33.902
1768501361.9141004,38.572
1768501362.0166686,39.777
1768501362.1190548,32.521
1768501362.2244809,41.231
1768501362.3268492,36.349
1768501362.4292777,34.869
1768501362.531581,45.511
1768501362.6339004,33.606
1768501362.7360847,37.708
1768501362.8383572,41.724
1768501362.9405673,32.916
1768501363.042819,40.518
1768501363.1452703,36.151
1768501363.250966,45.511
1768501363.3532186,33.31
1768501363.455368,41.503
1768501363.5574636,36.151
1768501363.6596854,32.243
1768501363.7618997,44.554
1768501363.864597,33.902
1768501363.9667761,36.842
1768501364.069307,41.748
1768501364.1769216,32.916
1768501364.279163,41.699
1768501364.381418,35.954
1768501364.4838877,36.525
1768501364.5862548,43.398
1768501364.6884987,33.014
1768501364.7907593,43.201
1768501364.8930151,34.001
1768501364.9952726,40.345
1768501365.1012008,36.743
1768501365.2034123,34.179
1768501365.3056962,46.129
1768501365.4079633,33.113
1768501365.510211,43.595
1768501365.612584,35.264
1768501365.71489,36.546
1768501365.8176808,41.896
1768501365.9199245,32.718
1768501366.0318727,43.373
1768501366.1340683,34.297
1768501366.2362924,36.053
1768501366.3385715,45.484
1768501366.4409707,33.409
1768501366.5431654,39.853
1768501366.6453967,36.546
1768501366.7510421,32.323
1768501366.8533037,46.888
1768501366.955499,33.606
1768501367.0576913,38.716
1768501367.1599555,39.853
1768501367.2621684,32.521
1768501367.3644052,42.807
1768501367.4666576,33.902
1768501367.5690327,38.496
1768501367.672802,32.323
1768501367.7766502,44.456
1768501367.8788393,33.508
1768501367.9810035,38.792
1768501368.0832021,38.792
1768501368.185381,32.521
1768501368.2875915,38.595
1768501368.3897994,39.482
1768501368.4919853,32.422
1768501368.5941458,31.731
1768501368.7003653,46.424
1768501368.8028486,33.508
1768501368.9051058,41.65
1768501369.0074084,36.053
1768501369.1098025,35.56
1768501369.212358,44.626
1768501369.3146253,33.014
1768501369.4170115,43.176
1768501369.5195498,34.495
1768501369.6262548,38.693
1768501369.7284565,40.566
1768501369.83083,32.521
1768501369.9331994,41.01
1768501370.0354877,36.447
1768501370.137819,32.126
1768501370.2404609,43.176
1768501370.342845,35.56
1768501370.4451377,36.328
1768501370.5480943,45.905
1768501370.6545165,33.31
1768501370.7568886,38.868
1768501370.8592257,39.679
1768501370.9616125,32.422
1768501371.0638773,42.585
1768501371.1662772,33.804
1768501371.2686615,37.018
1768501371.370935,42.019
1768501371.4732969,32.62
1768501371.5783348,40.345
1768501371.680812,36.94
1768501371.7831173,32.422
1768501371.8855543,43.103
1768501371.9880757,34.672
1768501372.0904248,37.51
1768501372.1927238,41.428
1768501372.2951186,32.62
1768501372.3974226,37.039
1768501372.499966,34.672
1768501372.604352,35.067
1768501372.7064867,34.573
1768501372.808772,33.902
1768501372.9109187,33.804
1768501373.0131974,33.409
1768501373.1153142,33.014
1768501373.2175467,32.817
1768501373.319669,33.31
1768501373.4218307,33.113
1768501373.5251396,32.916
1768501373.6274636,33.113
1768501373.7300587,33.212
1768501373.8321939,33.014
1768501373.9344945,33.705
1768501374.0367398,34.672
1768501374.1389775,36.151
1768501374.2412386,35.954
1768501374.3435843,32.323
1768501374.4459348,33.113
1768501374.5518746,34.297
1768501374.6541073,35.658
1768501374.7562604,36.623
1768501374.8584669,32.126
1768501374.9606633,32.916
1768501375.0628552,31.552
1768501375.1651986,33.804
1768501375.267449,31.83
1768501375.3699315,40.247
1768501375.4724364,40.96
1768501375.57891,32.916
1768501375.681253,36.229
1768501375.7834864,46.2
1768501375.8857863,33.409
1768501375.9881835,38.178
1768501376.0904503,40.936
1768501376.192705,32.62
1768501376.2950873,41.33
1768501376.3973358,35.856
1768501376.5040457,32.126
1768501376.6063287,45.046
1768501376.7086172,33.606
1768501376.8108792,38.595
1768501376.9133742,38.299
1768501377.015642,32.225
1768501377.1180391,47.254
1768501377.2205434,33.31
1768501377.32282,37.828
1768501377.4298847,32.342
1768501377.532077,43.373
1768501377.6343443,33.804
1768501377.736519,38.397
1768501377.8387015,40.172
1768501377.9409106,32.422
1768501378.0431588,44.429
1768501378.1453972,33.902
1768501378.2475321,36.131
1768501378.3536005,42.709
1768501378.4558773,33.014
1768501378.558099,33.686
1768501378.660435,42.684
1768501378.7627015,35.067
1768501378.8650432,36.645
1768501378.9672618,41.921
1768501379.0696142,32.62
1768501379.1721487,42.979
1768501379.2776473,34.396
1768501379.3799996,38.595
1768501379.4821894,38.595
1768501379.5844102,32.225
1768501379.6871145,42.56
1768501379.78938,34.1
1768501379.8950877,39.163
1768501379.9987779,37.708
1768501380.1032228,36.229
1768501380.205521,42.807
1768501380.3078444,32.521
1768501380.4101646,42.487
1768501380.5124273,33.508
1768501380.6146584,40.664
1768501380.7169237,36.349
1768501380.8191335,36.151
1768501380.9213982,42.684
1768501381.0236394,32.62
1768501381.1285121,43.004
1768501381.2307625,34.199
1768501381.333026,37.609
1768501381.4353225,40.739
1768501381.537531,32.521
1768501381.6398933,42.782
1768501381.7421513,34.968
1768501381.8444118,36.25
1768501381.9467797,33.409
1768501382.049824,38.966
1768501382.154724,38.595
1768501382.2569766,32.323
1768501382.3593502,42.29
1768501382.4617088,33.902
1768501382.5639057,39.656
1768501382.66632,37.631
1768501382.7684908,32.225
1768501382.8707902,47.872
1768501382.9730265,33.113
1768501383.0784264,43.103
1768501383.180591,34.672
1768501383.2829676,33.014
1768501383.385289,44.652
1768501383.4875216,33.606
1768501383.5897987,39.754
1768501383.6919389,37.138
1768501383.7942464,32.126
1768501383.8965414,42.659
1768501383.9988508,33.508
1768501384.1056592,40.739
1768501384.2078931,37.039
1768501384.3105724,32.126
1768501384.4128768,44.528
1768501384.5172558,34.001
1768501384.619465,38.89
1768501384.7217245,38.792
1768501384.8290157,32.225
1768501384.9314003,43.767
1768501385.0336452,34.593
1768501385.135915,37.609
1768501385.238153,40.739
1768501385.3404744,32.422
1768501385.4427736,43.078
1768501385.545038,34.001
1768501385.6473374,39.087
1768501385.7543447,37.412
1768501385.8566427,32.225
1768501385.9588385,46.003
1768501386.0610445,33.014
1768501386.1633523,42.881
1768501386.265621,34.001
1768501386.3679318,39.951
1768501386.4701495,36.447
1768501386.5729268,42.413
1768501386.6786554,32.62
1768501386.781048,42.709
1768501386.8833988,34.1
1768501386.9856803,38.595
1768501387.088042,39.284
1768501387.1902614,32.323
1768501387.2925427,41.428
1768501387.3949327,42.709
1768501387.4971688,33.212
1768501387.6033888,38.769
1768501387.7058477,38.2
1768501387.808161,32.422
1768501387.9104471,43.274
1768501388.0127506,35.461
1768501388.1151478,36.131
1768501388.2174146,45.905
1768501388.3197103,34.1
1768501388.4220583,37.729
1768501388.529516,42.979
1768501388.6318808,47.282
1768501388.73413,33.508
1768501388.8364959,36.996
1768501388.9400873,44.259
1768501389.0423348,33.212
1768501389.1446133,39.284
1768501389.246992,38.2
1768501389.3532135,32.323
1768501389.4554431,43.078
1768501389.5577545,35.658
1768501389.6600363,32.027
1768501389.7627234,43.004
1768501389.8650112,34.593
1768501389.9673252,36.25
1768501390.0696008,45.61
1768501390.1718833,33.014
1768501390.2774205,40.345
1768501390.37981,38.989
1768501390.48231,32.323
1768501390.5846345,43.595
1768501390.6869094,34.001
1768501390.7891858,38.496
1768501390.8914626,32.422
1768501390.9953277,41.896
1768501391.0977116,35.067
1768501391.2031987,36.151
1768501391.3062806,46.664
1768501391.408577,33.212
1768501391.511139,41.33
1768501391.6134207,37.532
1768501391.7159286,32.225
1768501391.8181705,43.373
1768501391.9207618,33.902
1768501392.026981,38.003
1768501392.129294,38.89
1768501392.2315168,32.323
1768501392.33391,43.373
1768501392.4361956,35.56
1768501392.5384474,35.539
1768501392.640911,45.511
1768501392.7431235,33.606
1768501392.8454711,39.557
1768501392.9524846,38.2
1768501393.0547435,32.323
1768501393.1609566,42.782
1768501393.264455,35.165
1768501393.366786,33.39
1768501393.4694781,45.341
1768501393.5760453,33.804
1768501393.6785543,38.277
1768501393.7807558,40.27
1768501393.883236,32.422
1768501393.985669,42.216
1768501394.0879536,35.264
1768501394.1904469,36.25
1768501394.2927363,44.876
1768501394.3952405,33.113
1768501394.499944,40.542
1768501394.6023047,36.349
1768501394.7046416,32.225
1768501394.8068833,42.709
1768501394.9091573,34.001
1768501395.011505,37.236
1768501395.1138132,32.718
1768501395.2163417,41.724
1768501395.3184505,37.313
1768501395.4208522,32.225
1768501395.5253057,42.684
1768501395.6275995,34.573
1768501395.7298136,36.94
1768501395.8321836,41.231
1768501395.9343789,32.422
1768501396.0366733,44.357
1768501396.1388955,33.508
1768501396.2412555,41.034
1768501396.343688,38.102
1768501396.4460893,33.014
1768501396.550735,31.929
1768501396.6530359,42.782
1768501396.755416,37.434
1768501396.8577487,32.225
1768501396.9602053,40.861
1768501397.0624545,36.919
1768501397.164723,33.489
1768501397.2670023,47.057
1768501397.3692236,33.409
1768501397.4765742,40.05
1768501397.5787804,37.708
1768501397.6810315,32.225
1768501397.7846818,45.538
1768501397.8868766,33.31
1768501397.9891431,40.739
1768501398.0913923,36.053
1768501398.1937578,36.546
1768501398.296087,45.341
1768501398.4020932,33.606
1768501398.5043683,40.05
1768501398.606699,44.652
1768501398.7089715,35.067
1768501398.8114944,32.027
1768501398.9137044,39.853
1768501399.0159287,39.679
1768501399.118264,32.422
1768501399.22054,44.456
1768501399.3265994,34.1
1768501399.4289453,38.223
1768501399.5311923,40.172
1768501399.6334014,32.521
1768501399.735635,43.103
1768501399.8378797,37.335
1768501399.940418,44.796
1768501400.0425186,33.014
1768501400.1445968,41.699
1768501400.2468565,35.56
1768501400.3522022,32.126
1768501400.4545121,45.806
1768501400.5568569,33.508
1768501400.6591904,39.262
1768501400.7617488,39.163
1768501400.8639512,32.422
1768501400.9662507,43.595
1768501401.068448,33.804
1768501401.1707063,39.284
1768501401.2773824,38.89
1768501401.379656,32.422
1768501401.482138,43.865
1768501401.5844698,34.869
1768501401.6866791,37.51
1768501401.7889264,42.413
1768501401.8911884,32.718
1768501401.9934978,42.709
1768501402.0957687,34.1
1768501402.2037563,39.284
1768501402.3060973,37.806
1768501402.412987,32.225
1768501402.5152447,45.779
1768501402.6175206,33.31
1768501402.71973,40.838
1768501402.8251476,36.053
1768501402.9273784,36.151
1768501403.02967,44.948
1768501403.132096,32.817
1768501403.2346218,43.052
1768501403.336848,34.475
1768501403.4391925,37.609
1768501403.5415134,34.968
1768501403.6437576,36.447
1768501403.7479997,36.053
1768501403.8502145,36.743
1768501403.9524338,37.532
1768501404.0545895,38.124
1768501404.1567576,37.335
1768501404.2589488,35.461
1768501404.361521,35.757
1768501404.4638195,35.264
1768501404.566092,35.56
1768501404.6684155,36.447
1768501404.771249,37.335
1768501404.8734677,33.705
1768501404.975877,32.718
1768501405.0783672,33.409
1768501405.1806314,34.475
1768501405.2829912,36.25
1768501405.3854144,35.757
1768501405.4877694,32.422
1768501405.5903301,33.014
1768501405.6926076,34.692
1768501405.7949927,36.743
1768501405.8998287,35.757
1768501406.0021508,32.225
1768501406.104474,33.014
1768501406.2067277,31.534
1768501406.309015,39.284
1768501406.4118893,44.724
1768501406.5142303,34.199
1768501406.6165257,31.929
1768501406.7188852,41.822
1768501406.825286,35.362
1768501406.9275858,35.638
1768501407.0356529,42.881
1768501407.1379495,34.968
1768501407.2402284,37.609
1768501407.3425431,42.019
1768501407.450191,32.817
1768501407.5525656,39.262
1768501407.6548085,38.496
1768501407.757132,32.323
1768501407.8594337,43.373
1768501407.961894,34.08
1768501408.0642984,36.447
1768501408.166597,41.921
1768501408.268877,32.62
1768501408.374216,41.995
1768501408.4764302,35.067
1768501408.5787432,36.074
1768501408.6809788,37.729
1768501408.7832057,32.718
1768501408.886012,43.373
1768501408.9882672,34.593
1768501409.090388,38.003
1768501409.1927998,39.087
1768501409.294954,32.323
1768501409.3997746,42.979
1768501409.5023177,34.692
1768501409.604618,37.729
1768501409.706996,40.739
1768501409.8091986,32.62
1768501409.9114103,41.527
1768501410.013697,36.349
1768501410.1159837,32.225
1768501410.2183766,44.456
1768501410.3245306,33.705
1768501410.4270132,38.102
1768501410.5292876,39.679
1768501410.6316686,32.521
1768501410.7340398,43.274
1768501410.8364563,35.067
1768501410.9387481,36.546
1768501411.0415416,45.046
1768501411.1437817,32.817
1768501411.2553167,39.656
1768501411.357733,37.609
1768501411.4602263,32.225
1768501411.562492,44.456
1768501411.6648548,33.606
1768501411.7672222,38.003
1768501411.8731704,41.822
1768501411.9756825,33.014
1768501412.0780396,35.264
1768501412.1803906,45.511
1768501412.2829347,33.212
1768501412.3852692,37.532
1768501412.487552,39.163
1768501412.5900197,32.521
1768501412.692361,42.29
1768501412.798436,35.165
1768501412.9009364,32.225
1768501413.003243,33.606
1768501413.106846,36.447
1768501413.2090755,46.762
1768501413.3113048,33.804
1768501413.413639,37.236
1768501413.5157442,45.538
1768501413.6230702,33.705
1768501413.7254198,37.806
1768501413.8277848,41.822
1768501413.9300787,32.718
1768501414.0323014,42.585
1768501414.1347167,35.56
1768501414.2371614,36.722
1768501414.33945,41.822
1768501414.4418178,33.014
1768501414.5485785,43.103
1768501414.6508849,35.264
1768501414.7532086,36.919
1768501414.8580432,44.921
1768501414.9602864,33.113
1768501415.063626,39.087
1768501415.165933,39.482
1768501415.2691824,32.521
1768501415.3758929,41.503
1768501415.4782615,35.461
1768501415.580511,36.623
1768501415.6827652,42.093
1768501415.785098,32.817
1768501415.8873394,43.471
1768501415.9896224,35.264
1768501416.0919018,37.018
1768501416.1980662,42.684
1768501416.3004215,32.718
1768501416.4027197,43.497
1768501416.50501,34.889
1768501416.607353,36.863
1768501416.7098036,42.61
1768501416.8123462,32.718
1768501416.9146595,43.078
1768501417.016915,34.001
1768501417.1192012,37.532
1768501417.2254355,39.777
1768501417.3277116,42.906
1768501417.431484,33.902
1768501417.5335333,38.617
1768501417.6357105,39.482
1768501417.7378216,32.422
1768501417.8400753,43.176
1768501417.9421785,33.902
1768501418.0443234,41.034
1768501418.150732,35.856
1768501418.2530413,35.362
1768501418.355261,45.735
1768501418.457498,32.916
1768501418.5596862,32.916
1768501418.661926,43.963
1768501418.7642725,34.968
1768501418.8666103,37.335
1768501418.9689188,40.247
1768501419.074432,32.422
1768501419.1766775,43.398
1768501419.2795691,34.278
1768501419.381878,38.693
1768501419.4841015,38.693
1768501419.58645,35.264
1768501419.6887178,45.735
1768501419.7909503,33.014
1768501419.8944964,41.503
1768501419.9993331,37.412
1768501420.1016033,33.489
1768501420.2039194,46.692
1768501420.306322,34.396
1768501420.4088087,35.165
1768501420.511102,45.779
1768501420.61346,33.705
1768501420.7156901,39.262
1768501420.8179548,38.102
1768501420.9252408,32.323
1768501421.0275443,43.201
1768501421.1300492,35.461
1768501421.2323384,36.722
1768501421.3346775,43.274
1768501421.4371476,32.916
1768501421.5395057,41.822
1768501421.64195,35.658
1768501421.7482154,36.546
1768501421.8507864,32.916
1768501421.9541473,41.724
1768501422.0562875,37.51
1768501422.1584427,32.422
1768501422.260703,43.398
1768501422.3630986,34.001
1768501422.4653544,39.284
1768501422.5675159,37.335
1768501422.6738331,32.225
1768501422.7761238,47.38
1768501422.8784409,33.31
1768501422.9806705,41.995
1768501423.0829284,36.25
1768501423.1852415,37.039
1768501423.287517,43.078
1768501423.3897939,32.916
1768501423.492232,42.364
1768501423.5990887,35.658
1768501423.701568,37.412
1768501423.8038762,43.398
1768501423.9061148,32.817
1768501424.008387,43.176
1768501424.1106143,34.771
1768501424.213726,37.095
1768501424.31599,43.274
1768501424.4183755,32.916
1768501424.5240705,43.497
1768501424.6263623,34.968
1768501424.7287188,36.623
1768501424.8310046,42.782
1768501424.9333868,32.817
1768501425.0356727,42.388
1768501425.1379945,34.672
1768501425.240377,36.743
1768501425.342788,43.373
1768501425.4484258,33.113
1768501425.550667,39.951
1768501425.6529467,36.919
1768501425.7552423,32.225
1768501425.8574538,46.298
1768501425.9597337,33.31
1768501426.0621033,40.641
1768501426.1644032,36.151
1768501426.2667701,36.623
1768501426.3733737,32.817
1768501426.4762056,41.995
1768501426.5784044,36.25
1768501426.6805098,36.426
1768501426.7828417,45.932
1768501426.885093,33.31
1768501426.9871824,40.345
1768501427.089347,36.546
1768501427.1915684,36.546
1768501427.2977233,45.046
1768501427.3999677,33.212
1768501427.5022287,41.354
1768501427.604502,36.842
1768501427.7068825,32.225
1768501427.8091536,42.684
1768501427.911517,34.396
1768501428.013826,37.258
1768501428.1163213,43.373
1768501428.222354,33.31
1768501428.324682,35.264
1768501428.4269662,45.61
1768501428.5296662,33.804
1768501428.632022,32.126
1768501428.736275,41.01
1768501428.8386168,36.25
1768501428.9410284,36.743
1768501429.046461,45.145
1768501429.148744,32.817
1768501429.2512076,41.995
1768501429.353445,35.264
1768501429.4557645,36.799
1768501429.5582013,45.118
1768501429.6605463,33.113
1768501429.7629297,41.133
1768501429.865254,36.447
1768501429.972873,32.126
1768501430.0752528,43.078
1768501430.1777372,34.475
1768501430.2801118,36.743
1768501430.3824112,45.019
1768501430.484781,33.31
1768501430.5873096,38.595
1768501430.6897457,39.679
1768501430.7952929,42.979
1768501430.898213,35.067
1768501431.0003574,37.653
1768501431.1025136,41.503
1768501431.2046332,32.817
1768501431.30688,43.891
1768501431.40913,35.362
1768501431.5113926,36.229
1768501431.6138644,45.61
1768501431.7161193,33.409
1768501431.8210444,38.989
1768501431.9234161,39.087
1768501432.0257204,32.422
1768501432.1280305,42.782
1768501432.2304459,34.396
1768501432.3328304,37.116
1768501432.435202,43.373
1768501432.5376165,33.113
1768501432.6400096,40.617
1768501432.748033,38.496
1768501432.8503337,32.422
1768501432.9526494,42.979
1768501433.0549304,34.199
1768501433.1587968,38.299
1768501433.2611878,40.345
1768501433.363436,32.718
1768501433.4660418,41.724
1768501433.571025,36.053
1768501433.6736088,32.225
1768501433.7759054,42.684
1768501433.8781626,34.001
1768501433.9806244,37.905
1768501434.0829878,41.354
1768501434.1853914,32.718
1768501434.2877119,41.625
1768501434.3900454,35.757
1768501434.4970417,32.126
1768501434.5993905,43.446
1768501434.7017367,35.757
1768501434.8041089,35.165
1768501434.9063814,35.461
1768501435.0086215,35.165
1768501435.1108966,34.869
1768501435.2132819,34.692
1768501435.3177435,34.278
1768501435.4206984,34.791
1768501435.5232139,34.771
1768501435.6255076,35.264
1768501435.7277217,35.067
1768501435.8299363,35.362
1768501435.9322803,36.151
1768501436.0344346,36.349
1768501436.1366453,35.954
1768501436.2412558,36.623
1768501436.3434768,37.215
1768501436.446108,33.705
1768501436.5486665,32.817
1768501436.6511998,34.771
1768501436.7534714,36.919
1768501436.855902,34.278
1768501436.9583511,32.916
1768501437.0606477,34.199
1768501437.163641,36.349
1768501437.2683063,35.441
1768501437.3711936,36.25
1768501437.4737084,41.33
1768501437.5764592,36.25
1768501437.6787682,32.323
1768501437.781041,39.951
1768501437.8832877,37.708
1768501437.9856658,32.225
1768501438.0880244,43.274
1768501438.1931558,36.25
1768501438.2954702,32.126
1768501438.3977666,42.61
1768501438.499988,34.593
1768501438.6024199,32.046
1768501438.704643,37.686
1768501438.8069909,40.05
1768501438.9092474,32.817
1768501439.011466,41.109
1768501439.1137376,35.856
1768501439.219911,36.919
1768501439.322296,41.921
1768501439.4247575,33.014
1768501439.5271263,40.542
1768501439.6295674,36.25
1768501439.7318907,35.658
1768501439.8341708,41.724
1768501439.9365177,32.916
1768501440.0389073,41.207
1768501440.1446874,36.525
1768501440.246904,42.093
1768501440.3491771,32.718
1768501440.4513068,42.192
1768501440.5536215,33.982
1768501440.6557083,38.2
1768501440.7578564,40.345
1768501440.860004,32.62
1768501440.9621198,43.373
1768501441.064306,33.804
1768501441.1693778,39.284
1768501441.2719262,38.496
1768501441.3741405,32.323
1768501441.476581,46.397
1768501441.5788531,33.31
1768501441.6813426,40.739
1768501441.7835522,35.658
1768501441.8859806,37.631
1768501441.988754,40.763
1768501442.0958896,32.521
1768501442.2009182,46.172
1768501442.3042707,33.409
1768501442.4064608,41.625
1768501442.508766,36.151
1768501442.6112287,36.842
1768501442.7135267,41.527
1768501442.8202627,32.817
1768501442.922451,43.595
1768501443.0247085,34.495
1768501443.1268964,38.671
1768501443.2291865,37.434
1768501443.331349,35.461
1768501443.433677,42.684
1768501443.5359895,33.31
1768501443.6382082,41.527
1768501443.7405753,35.954
1768501443.8463585,36.546
1768501443.9485795,42.512
1768501444.0507853,32.718
1768501444.153126,43.57
1768501444.2553773,33.606
1768501444.3577232,39.679
1768501444.4600322,37.51
1768501444.56221,32.521
1768501444.6645703,44.626
1768501444.7718124,39.163
1768501444.8739886,37.51
1768501444.976103,33.212
1768501445.0782328,45.046
1768501445.1803837,33.212
1768501445.2826803,40.542
1768501445.3848553,35.954
1768501445.4870496,32.323
1768501445.5892792,46.271
1768501445.696379,33.804
1768501445.7987082,38.716
1768501445.9011743,38.989
1768501446.0034037,32.323
1768501446.1057756,45.538
1768501446.20802,33.508
1768501446.3102708,40.641
1768501446.4126892,37.039
1768501446.5149345,32.225
1768501446.6230726,43.201
1768501446.7254543,34.297
1768501446.8279686,37.927
1768501446.9303486,41.847
1768501447.0338151,32.422
1768501447.1362693,42.585
1768501447.238499,33.705
1768501447.3408344,40.345
1768501447.4458475,38.003
1768501447.548383,32.422
1768501447.6506503,42.684
1768501447.752942,33.804
1768501447.855263,39.459
1768501447.9576893,37.609
1768501448.060019,32.225
1768501448.1625116,46.074
1768501448.2650032,33.31
1768501448.3701005,38.397
1768501448.4723735,39.383
1768501448.5746992,32.521
1768501448.6770809,37.39
1768501448.7794478,42.093
1768501448.881744,32.718
1768501448.9840837,42.29
1768501449.0864098,37.236
1768501449.1887429,42.684
1768501449.296426,34.692
1768501449.398647,37.434
1768501449.500967,44.698
1768501449.6032233,33.212
1768501449.7056205,39.459
1768501449.8079202,38.124
1768501449.9102733,32.422
1768501450.012721,42.585
1768501450.114968,34.495
1768501450.2207959,36.842
1768501450.3231575,45.019
1768501450.4260857,32.916
1768501450.5284183,39.974
1768501450.630743,38.989
1768501450.7332132,32.422
1768501450.8355746,43.471
1768501450.93824,35.461
1768501451.0411203,37.434
1768501451.1476371,44.357
1768501451.2499835,32.916
1768501451.3532805,42.585
1768501451.4557118,35.856
1768501451.5580761,32.225
1768501451.6605124,43.57
1768501451.7630563,34.001
1768501451.8652837,39.087
1768501451.970206,39.087
1768501452.07247,32.422
1768501452.1748872,42.487
1768501452.277246,34.869
1768501452.3794875,36.94
1768501452.4817562,41.995
1768501452.5840805,32.916
1768501452.6864128,42.29
1768501452.788749,36.447
1768501452.895778,33.587
1768501452.9982827,45.878
1768501453.1005626,33.489
1768501453.202844,39.186
1768501453.305376,38.496
1768501453.4076903,32.521
1768501453.509944,42.881
1768501453.6122055,36.722
1768501453.7153888,41.995
1768501453.8209782,32.601
1768501453.9232838,43.052
1768501454.0256798,33.686
1768501454.1279862,41.33
1768501454.2304175,35.362
1768501454.3326175,38.572
1768501454.435012,38.595
1768501454.5373366,36.546
1768501454.6395638,43.471
1768501454.7458048,32.521
1768501454.8480856,45.019
1768501454.9503586,33.606
1768501455.0528452,42.585
1768501455.1553051,35.658
1768501455.2579808,36.919
1768501455.3604264,42.757
1768501455.4633656,32.916
1768501455.5707293,40.739
1768501455.6743097,35.835
1768501455.776587,37.708
1768501455.8787894,38.693
1768501455.981141,36.328
1768501456.083397,43.57
1768501456.1856344,32.62
1768501456.2878935,44.626
1768501456.3944426,33.31
1768501456.496733,42.807
1768501456.5990708,35.56
1768501456.7013302,37.784
1768501456.8036442,42.487
1768501456.9060009,32.62
1768501457.0086014,43.544
1768501457.1109927,34.672
1768501457.2134407,38.496
1768501457.3203442,40.641
1768501457.4226875,32.521
1768501457.5249515,43.642
1768501457.6273088,33.686
1768501457.7295132,41.01
1768501457.8318098,35.736
1768501457.9341838,40.345
1768501458.036569,32.521
1768501458.1428144,42.684
1768501458.2451096,35.736
1768501458.347543,36.996
1768501458.4497805,43.274
1768501458.5521362,33.784
1768501458.6545398,32.521
1768501458.7568192,43.223
1768501458.8593225,37.313
1768501458.9616656,32.897
1768501459.0672123,37.215
1768501459.1694953,41.38
1768501459.2717576,32.7
1768501459.3741138,42.167
1768501459.4767172,34.475
1768501459.5790248,38.868
1768501459.6815212,39.163
1768501459.7837653,32.404
1768501459.889923,42.732
1768501459.9936368,34.376
1768501460.0962672,38.868
1768501460.1986213,39.557
1768501460.3008497,32.422
1768501460.4031334,46.987
1768501460.505392,32.897
1768501460.6077366,41.97
1768501460.7100232,35.046
1768501460.8123026,38.2
1768501460.9183283,40.715
1768501461.0207527,32.601
1768501461.1230812,43.963
1768501461.225416,34.278
1768501461.3276796,38.474
1768501461.4299324,38.08
1768501461.5323625,32.225
1768501461.6347954,44.331
1768501461.7371712,34.376
1768501461.8431592,37.116
1768501461.9454143,42.881
1768501462.0479105,32.897
1768501462.1502032,41.478
1768501462.2525256,35.165
1768501462.3548138,36.898
1768501462.4572048,32.62
1768501462.560204,42.881
1768501462.6623526,33.784
1768501462.7686303,32.108
1768501462.8709054,46.987
1768501462.9732237,33.193
1768501463.0754845,42.192
1768501463.1778176,35.244
1768501463.280134,37.959
1768501463.3825448,39.239
1768501463.484833,32.404
1768501463.5872984,45.878
1768501463.6940715,33.883
1768501463.7965465,40.42
1768501463.8988967,37.095
1768501464.0012534,35.244
1768501464.1034696,45.118
1768501464.2057943,33.014
1768501464.3081303,43.642
1768501464.4107566,34.751
1768501464.513081,38.572
1768501464.6187267,39.951
1768501464.721144,32.404
1768501464.823974,43.715
1768501464.926162,33.587
1768501465.0287979,40.739
1768501465.1312683,36.898
1768501465.2338524,33.489
1768501465.3363047,46.762
1768501465.4454262,34.475
1768501465.5477035,34.672
1768501465.6499732,34.179
1768501465.7522311,33.982
1768501465.8543816,33.39
1768501465.9566622,32.798
1768501466.058908,36.623
1768501466.1633508,38.178
1768501466.2655396,36.405
1768501466.367791,35.145
1768501466.4699516,34.179
1768501466.5721607,33.883
1768501466.6743524,33.31
1768501466.7765794,36.722
1768501466.878673,36.032
1768501466.9807606,34.08
1768501467.0828984,32.305
1768501467.1889296,32.601
1768501467.2911706,32.916
1768501467.3933904,33.39
1768501467.4955668,34.475
1768501467.597831,34.968
1768501467.700184,36.525
1768501467.802519,37.609
1768501467.9047046,36.919
1768501468.006922,35.933
1768501468.1092527,39.754
1768501468.2150328,32.62
1768501468.3178976,38.178
1768501468.4202394,43.176
1768501468.5234158,33.291
1768501468.6257827,32.305
1768501468.73216,41.503
1768501468.835615,35.145
1768501468.9414597,36.623
1768501469.043675,44.528
1768501469.1459444,32.897
1768501469.2481952,42.167
1768501469.3506951,35.736
1768501469.4530048,37.116
1768501469.5552793,45.976
1768501469.657547,32.995
1768501469.763817,42.487
1768501469.8661149,34.968
1768501469.9684753,36.328
1768501470.0707889,47.254
1768501470.173109,33.39
1768501470.275462,39.534
1768501470.377957,37.434
1768501470.4802644,32.108
1768501470.5826159,45.288
1768501470.688949,33.587
1768501470.7913964,38.496
1768501470.8937,37.587
1768501470.99595,32.502
1768501471.098311,33.014
1768501471.2007089,43.544
1768501471.3028035,34.475
1768501471.4049337,40.27
1768501471.5069995,37.51
1768501471.6137667,36.581
1768501471.7160747,42.782
1768501471.818274,32.601
1768501471.920454,43.715
1768501472.0227325,33.686
1768501472.125062,41.085
1768501472.2274199,35.539
1768501472.3297544,36.525
1768501472.4322338,44.036
1768501472.538228,33.587
1768501472.6405044,40.444
1768501472.7427552,37.806
1768501472.8451166,32.323
1768501472.9514863,44.305
1768501473.0537765,33.587
1768501473.1575747,39.951
1768501473.262549,37.784
1768501473.3648353,32.798
1768501473.4672186,44.921
1768501473.5694737,33.982
1768501473.6719127,38.814
1768501473.7743132,39.163
1768501473.8767242,32.323
1768501473.97923,36.919
1768501474.0815716,42.979
1768501474.188011,32.7
1768501474.290407,43.668
1768501474.3927,34.849
1768501474.4950125,37.467
1768501474.597597,42.487
1768501474.6999133,32.502
1768501474.8022077,42.881
1768501474.904431,34.08
1768501475.0067518,38.572
1768501475.1131475,38.868
1768501475.215344,32.422
1768501475.3175573,43.715
1768501475.4198573,39.557
1768501475.5230026,39.557
1768501475.6251297,32.502
1768501475.7273703,42.979
1768501475.8295786,33.982
1768501475.9316576,37.587
1768501476.037612,40.148
1768501476.1398175,32.404
1768501476.2420747,43.446
1768501476.3442895,34.376
1768501476.4466035,38.595
1768501476.5488942,41.306
1768501476.6512883,32.798
1768501476.7535942,43.668
1768501476.855906,35.046
1768501476.9626298,37.708
1768501477.0648503,41.38
1768501477.1676698,32.995
1768501477.2700572,31.911
1768501477.3733616,40.396
1768501477.4756324,37.883
1768501477.577857,32.897
1768501477.6802268,36.328
1768501477.7870774,46.931
1768501477.8893578,33.489
1768501477.9917119,35.933
1768501478.093978,47.155
1768501478.1962326,33.113
1768501478.2985978,39.754
1768501478.400829,37.018
1768501478.5030575,35.933
1768501478.605369,39.14
1768501478.7117271,38.277
1768501478.8140683,32.323
1768501478.9164026,43.471
1768501479.0190072,34.08
1768501479.1212559,37.784
1768501479.223683,38.671
1768501479.325936,32.305
1768501479.4281802,43.347
1768501479.53056,34.08
1768501479.6365573,37.905
1768501479.7390068,39.239
1768501479.841302,32.601
1768501479.9435387,34.869
1768501480.046232,36.011
1768501480.1484008,45.216
1768501480.250718,33.193
1768501480.353083,41.478
1768501480.4552238,35.342
1768501480.561947,34.948
1768501480.6642284,47.057
1768501480.7665296,33.291
1768501480.8689234,40.125
1768501480.9713507,36.82
1768501481.073633,36.229
1768501481.1759489,46.047
1768501481.2787192,33.39
1768501481.3812208,41.577
1768501481.488119,36.229
1768501481.590473,32.225
1768501481.6928346,45.243
1768501481.7963982,33.982
1768501481.8986502,39.459
1768501482.0011137,38.89
1768501482.103348,32.502
1768501482.205599,43.446
1768501482.311214,34.356
1768501482.4134464,38.397
1768501482.5156503,39.656
1768501482.6180031,32.502
1768501482.7202547,42.881
1768501482.8224716,33.686
1768501482.9247696,40.715
1768501483.0271533,36.131
1768501483.1295514,37.981
1768501483.2356231,39.459
1768501483.337842,32.404
1768501483.4400978,45.948
1768501483.5423117,33.094
1768501483.644605,42.659
1768501483.7468488,35.441
1768501483.8491993,36.919
1768501483.9515302,44.134
1768501484.053746,33.291
1768501484.1560466,40.838
1768501484.2613995,36.919
1768501484.3637526,35.441
1768501484.4660594,32.7
1768501484.5689447,43.274
1768501484.6711943,34.159
1768501484.7733161,38.671
1768501484.8754368,38.966
1768501484.9775403,32.422
1768501485.0798573,44.206
1768501485.182078,33.39
1768501485.2872527,42.019
1768501485.3895798,35.264
1768501485.4918058,38.474
1768501485.5941987,39.163
1768501485.6965537,32.718
1768501485.7989082,38.08
1768501485.9011545,40.321
1768501486.003534,32.502
1768501486.1058502,42.979
1768501486.2152953,33.982
1768501486.317555,40.814
1768501486.420086,36.328
1768501486.5223308,36.525
1768501486.624576,44.206
1768501486.7268927,32.897
1768501486.8291228,43.42
1768501486.9314332,34.771
1768501487.0374367,38.299
1768501487.1397877,38.375
1768501487.2422051,32.305
1768501487.3444667,47.057
1768501487.446688,32.995
1768501487.5489273,43.518
1768501487.651247,34.672
1768501487.753474,37.905
1768501487.8557498,41.306
1768501487.9620013,32.601
1768501488.0642512,43.052
1768501488.1665661,35.165
1768501488.2687302,38.178
1768501488.3711596,47.647
1768501488.4737546,33.31
1768501488.576063,36.898
1768501488.6784372,42.684
1768501488.7806492,34.179
1768501488.8864598,38.693
1768501488.9890213,33.489
1768501489.092155,32.126
1768501489.19467,42.855
1768501489.2968223,34.376
1768501489.3993108,40.715
1768501489.5014534,36.82
1768501489.6039314,36.229
1768501489.706065,42.068
1768501489.813341,32.7
1768501489.9155345,43.839
1768501490.0177336,33.489
1768501490.120012,40.641
1768501490.222478,35.736
1768501490.3246837,38.102
1768501490.4272077,39.459
1768501490.5295563,32.305
1768501490.637373,47.45
1768501490.739713,33.39
1768501490.8422215,42.487
1768501490.9456708,35.441
1768501491.0478175,37.587
1768501491.150096,39.557
1768501491.2522748,32.323
1768501491.3544428,45.163
1768501491.4601789,33.291
1768501491.5623891,40.814
1768501491.6647823,35.933
1768501491.767046,35.933
1768501491.8693545,43.642
1768501491.9717066,32.7
1768501492.073939,43.347
1768501492.1761954,33.784
1768501492.2783778,41.798
1768501492.38061,35.539
1768501492.4862695,39.262
1768501492.5884902,38.178
1768501492.6906738,32.422
1768501492.7928836,46.664
1768501492.8951154,33.291
1768501492.9973505,43.57
1768501493.0996318,35.244
1768501493.2018259,37.39
1768501493.304269,40.617
1768501493.4095945,32.601
1768501493.5119238,33.489
1768501493.6140668,41.822
1768501493.7161217,35.342
1768501493.8182945,38.769
1768501493.9205422,37.489
1768501494.02278,36.328
1768501494.124911,42.709
1768501494.2269926,32.798
1768501494.329158,43.446
1768501494.4352334,34.278
1768501494.5374727,38.966
1768501494.639749,38.178
1768501494.742066,32.404
1768501494.8443587,47.254
1768501494.9465888,33.291
1768501495.0493677,42.192
1768501495.1515968,35.835
1768501495.2539592,36.898
1768501495.356239,44.233
1768501495.4619198,32.798
1768501495.5642629,43.052
1768501495.666643,34.455
1768501495.7706006,39.777
1768501495.8728974,37.784
1768501495.9752624,33.686
1768501496.0775259,44.259
1768501496.1797721,33.489
1768501496.286069,33.014
1768501496.3883953,33.39
1768501496.490675,36.229
1768501496.5928357,32.422
1768501496.6950293,35.264
1768501496.7971575,35.933
1768501496.8993165,37.193
1768501497.0013998,37.412
1768501497.1035242,37.193
1768501497.205639,37.292
1768501497.3101063,37.39
1768501497.412354,37.51
1768501497.5145528,36.898
1768501497.6167114,33.883
1768501497.719009,32.502
1768501497.8211527,32.798
1768501497.9233303,33.094
1768501498.0255783,33.291
1768501498.1277554,35.539
1768501498.2299225,35.638
1768501498.3321567,37.018
1768501498.4344409,37.412
1768501498.539732,34.554
1768501498.642809,35.244
1768501498.7449262,32.404
1768501498.8471024,31.337
1768501498.9492223,38.868
1768501499.0513198,43.963
1768501499.153369,33.489
1768501499.2554274,36.405
1768501499.3576808,40.814
1768501499.4598386,34.672
1768501499.5659087,33.686
1768501499.6681337,45.163
1768501499.7703655,33.39
1768501499.8726006,39.632
1768501499.9748535,38.671
1768501500.0770593,32.502
1768501500.1793869,42.954
1768501500.28163,34.573
1768501500.383979,37.39
1768501500.4899187,40.223
1768501500.592143,32.601
1768501500.6943896,43.544
1768501500.7968745,34.771
1768501500.8994637,38.451
1768501501.0016513,37.981
1768501501.1038716,32.323
1768501501.206048,46.172
1768501501.3082607,33.291
1768501501.4105659,43.15
1768501501.5128758,34.573
1768501501.617415,37.489
1768501501.719659,40.814
1768501501.821895,32.601
1768501501.9242573,43.052
1768501502.0265615,33.784
1768501502.1287649,42.093
1768501502.2309287,35.264
1768501502.3331778,39.656
1768501502.4353693,36.525
1768501502.5375936,36.504
1768501502.6428788,45.806
1768501502.7451775,33.39
1768501502.8475883,41.503
1768501502.949916,35.736
1768501503.0521915,36.722
1768501503.1545174,42.093
1768501503.2567806,32.62
1768501503.3590388,44.528
1768501503.461298,33.489
1768501503.5635548,43.052
1768501503.669302,36.82
1768501503.7714915,43.15
1768501503.8736136,32.897
1768501503.9756916,43.078
1768501504.0778317,34.376
1768501504.180006,39.36
1768501504.2821412,37.784
1768501504.3843179,33.291
1768501504.4863613,46.495
1768501504.5885487,33.409
1768501504.693656,41.601
1768501504.7959335,35.638
1768501504.8983862,32.225
1768501505.0006142,45.905
1768501505.1032834,33.193
1768501505.2055113,42.585
1768501505.3078806,37.095
1768501505.4102128,32.323
1768501505.512432,43.57
1768501505.615136,34.652
1768501505.7223668,37.313
1768501505.824596,41.306
1768501505.9267957,32.798
1768501506.02903,43.446
1768501506.1313593,34.08
1768501506.2335844,39.042
1768501506.3358803,38.648
1768501506.438224,32.305
1768501506.5405834,45.216
1768501506.6462913,34.08
1768501506.7485032,38.868
1768501506.8507836,39.632
1768501506.9530437,32.404
1768501507.0553606,45.288
1768501507.1576784,33.489
1768501507.2598765,42.855
1768501507.3620899,35.638
1768501507.464322,37.686
1768501507.5666947,41.404
1768501507.6725452,32.62
1768501507.774809,43.176
1768501507.8770964,34.278
1768501507.9792495,39.042
1768501508.081531,37.489
1768501508.183717,32.404
1768501508.2860286,46.566
1768501508.3882995,34.179
1768501508.4905517,38.178
1768501508.5977836,38.572
1768501508.6999485,32.62
1768501508.802033,42.855
1768501508.9041908,35.244
1768501509.006343,32.305
1768501509.1084967,44.429
1768501509.2105467,33.587
1768501509.3127122,42.093
1768501509.4149191,35.638
1768501509.5169888,36.722
1768501509.6231012,46.047
1768501509.72588,32.995
1768501509.8281977,42.928
1768501509.9303691,34.554
1768501510.0326157,37.981
1768501510.1350625,39.754
1768501510.2373407,32.323
1768501510.3401482,44.966
1768501510.4423919,32.897
1768501510.5485983,43.347
1768501510.6509016,34.573
1768501510.753264,38.375
1768501510.8555596,39.186
1768501510.9581933,32.521
1768501511.0605338,43.373
1768501511.162781,34.08
1768501511.2652524,37.609
1768501511.3676593,39.36
1768501511.4742432,32.323
1768501511.576512,46.243
1768501511.6789193,33.587
1768501511.7813249,39.534
1768501511.8835926,37.51
1768501511.985827,32.305
1768501512.0882523,45.948
1768501512.1905057,33.409
1768501512.292705,40.444
1768501512.399149,36.131
1768501512.5013998,37.018
1768501512.6037145,41.428
1768501512.706005,32.995
1768501512.8082829,43.937
1768501512.9104533,35.244
1768501513.0127718,39.065
1768501513.1150205,37.905
1768501513.2173202,43.544
1768501513.3247766,32.995
1768501513.4269805,43.249
1768501513.5292673,34.376
1768501513.6315722,39.436
1768501513.7338762,37.313
1768501513.8361533,37.018
1768501513.938457,42.192
1768501514.0406487,32.502
1768501514.1477714,42.757
1768501514.250026,33.686
1768501514.3522763,41.404
1768501514.4545288,35.067
1768501514.557398,38.966
1768501514.6595964,38.769
1768501514.7624278,34.041
1768501514.8648374,44.528
1768501514.9674654,32.897
1768501515.0724583,42.855
1768501515.174791,34.356
1768501515.2771888,39.632
1768501515.3794248,37.018
1768501515.4818242,37.412
1768501515.5842419,41.404
1768501515.6864839,32.502
1768501515.7887514,43.052
1768501515.8910818,34.08
1768501515.9977057,40.199
1768501516.100092,36.131
1768501516.202281,37.39
1768501516.304785,41.995
1768501516.40706,32.798
1768501516.5092573,39.731
1768501516.6115735,38.769
1768501516.7139142,32.502
1768501516.8162358,43.544
1768501516.9219644,34.278
1768501517.0241344,38.572
1768501517.1265686,38.595
1768501517.2288015,32.422
1768501517.3310452,45.948
1768501517.433268,33.587
1768501517.5355003,42.487
1768501517.6377106,35.539
1768501517.740031,42.633
1768501517.8425636,32.798
1768501517.9470382,43.668
1768501518.04932,34.179
1768501518.1516361,39.186
1768501518.2539635,41.109
1768501518.35622,32.718
1768501518.458432,42.954
1768501518.5607274,43.176
1768501518.6630242,33.982
1768501518.7652793,38.792
1768501518.8725004,40.223
1768501518.9746194,32.7
1768501519.0768285,43.57
1768501519.1791148,34.751
1768501519.2813346,38.671
1768501519.3839917,39.239
1768501519.4862545,32.404
1768501519.5884879,47.324
1768501519.6906717,33.291
1768501519.7977538,39.928
1768501519.9000273,36.996
1768501520.0022788,32.305
1768501520.104695,42.855
1768501520.2069027,34.08
1768501520.3092346,39.262
1768501520.4114602,39.656
1768501520.513709,32.323
1768501520.6159773,45.091
1768501520.7231746,33.193
1768501520.8255541,43.446
1768501520.9279034,34.948
1768501521.0304239,37.587
1768501521.1329103,37.784
1768501521.235207,32.323
1768501521.337441,45.878
1768501521.439851,32.897
1768501521.5422032,43.052
1768501521.6472993,34.475
1768501521.7495346,37.51
1768501521.851778,41.404
1768501521.954238,32.502
1768501522.0564466,43.518
1768501522.1586485,33.784
1768501522.260839,40.518
1768501522.363175,36.328
1768501522.466227,45.118
1768501522.5719838,33.193
1768501522.6742258,41.207
1768501522.7765388,36.426
1768501522.8787332,36.623
1768501522.981071,42.167
1768501523.0833092,32.798
1768501523.1855147,42.855
1768501523.287748,34.573
1768501523.3901513,38.474
1768501523.4926186,39.557
1768501523.5978954,32.404
1768501523.7001615,43.052
1768501523.80241,34.179
1768501523.9047773,39.632
1768501524.0082734,37.412
1768501524.110466,36.426
1768501524.2128727,44.305
1768501524.3151827,33.094
1768501524.4175205,41.773
1768501524.5221508,35.441
1768501524.6243682,38.397
1768501524.7265885,41.109
1768501524.829109,32.502
1768501524.9313073,42.487
1768501525.0337996,33.784
1768501525.1360884,40.739
1768501525.2387073,36.525
1768501525.3411138,36.623
1768501525.447849,44.921
1768501525.550185,32.798
1768501525.652427,43.471
1768501525.7548866,35.046
1768501525.8573046,37.609
1768501525.9596474,38.868
1768501526.061834,32.422
1768501526.1640604,47.352
1768501526.2666435,32.995
1768501526.3720956,41.503
1768501526.4745672,35.342
1768501526.5768254,36.701
1768501526.6791852,41.503
1768501526.781493,34.829
1768501526.8837132,33.587
1768501526.9859374,32.62
1768501527.0886407,36.645
1768501527.1907253,37.883
1768501527.2944415,37.51
1768501527.3965967,36.525
1768501527.4989514,36.82
1768501527.6011105,35.933
1768501527.7033536,36.82
1768501527.8057332,36.328
1768501527.9079022,36.328
1768501528.0103025,37.018
1768501528.1126962,37.806
1768501528.2154973,37.708
1768501528.320828,34.061
1768501528.4275937,32.718
1768501528.5298755,33.094
1768501528.6321354,32.798
1768501528.7344193,32.897
1768501528.8366525,32.995
1768501528.9389257,33.291
1768501529.0411549,33.686
1768501529.146195,34.376
1768501529.2485564,35.244
1768501529.3510933,36.426
1768501529.4533415,32.108
1768501529.5558279,36.032
1768501529.6582885,41.503
1768501529.76049,35.736
1768501529.862911,32.126
1768501529.9653301,38.868
1768501530.071535,40.026
1768501530.1739564,32.502
1768501530.2763028,41.38
1768501530.3786361,35.244
1768501530.4809248,36.229
1768501530.5831954,45.413
1768501530.6856377,33.291
1768501530.787877,39.459
1768501530.8901765,36.623
1768501530.9958785,36.525
1768501531.0981827,41.207
1768501531.2003639,32.601
1768501531.302533,47.324
1768501531.4048088,33.193
1768501531.5070367,34.849
1768501531.6108081,37.313
1768501531.7129483,41.207
1768501531.815139,32.521
1768501531.9202926,43.347
1768501532.022722,34.159
1768501532.1249824,38.769
1768501532.2272313,37.905
1768501532.3295374,33.587
1768501532.431745,43.15
1768501532.5339787,32.798
1768501532.6362927,41.773
1768501532.7387233,35.145
1768501532.8410034,37.095
1768501532.9471595,42.881
1768501533.0493972,32.7
1768501533.1530557,43.471
1768501533.2554362,33.883
1768501533.3576496,40.838
1768501533.4600532,36.82
1768501533.5624053,36.623
1768501533.664717,43.839
1768501533.7700486,32.897
1768501533.8723042,43.446
1768501533.9745502,34.573
1768501534.07696,38.769
1768501534.1792045,38.277
1768501534.281585,32.305
1768501534.3838956,46.79
1768501534.486149,33.193
1768501534.5884135,41.404
1768501534.6906204,35.933
1768501534.7966924,36.328
1768501534.8989108,44.233
1768501535.0011814,32.897
1768501535.103416,43.741
1768501535.2057636,34.475
1768501535.3081417,38.353
1768501535.4104054,43.249
1768501535.5126607,37.116
1768501535.615095,32.798
1768501535.7203214,39.928
1768501535.8228188,36.032
1768501535.9250832,37.116
1768501536.0273426,42.855
1768501536.1297493,42.659
1768501536.2332041,34.573
1768501536.3354316,39.459
1768501536.437588,36.546
1768501536.5397363,36.525
1768501536.644562,44.233
1768501536.7468314,33.113
1768501536.8491642,43.865
1768501536.9514089,34.573
1768501537.053609,39.58
1768501537.1559591,37.708
1768501537.2584293,34.376
1768501537.360638,44.036
1768501537.4628048,32.798
1768501537.5650315,43.767
1768501537.667753,34.179
1768501537.7720115,38.868
1768501537.8743463,38.277
1768501537.9766338,32.897
1768501538.0788274,45.189
1768501538.181297,32.897
1768501538.2848825,43.249
1768501538.387189,35.244
1768501538.4893587,38.178
1768501538.5916739,41.822
1768501538.6970494,35.638
1768501538.7992923,36.405
1768501538.9016583,45.779
1768501539.003951,32.995
1768501539.1061378,41.183
1768501539.2083457,35.244
1768501539.3105295,38.102
1768501539.4130683,39.065
1768501539.51533,32.323
1768501539.6174881,47.422
1768501539.724599,32.995
1768501539.826799,42.192
1768501539.9290469,35.165
1768501540.0313294,37.981
1768501540.1336176,38.277
1768501540.235849,32.404
1768501540.3381677,46.959
1768501540.4405265,33.193
1768501540.5428746,41.109
1768501540.6485357,35.441
1768501540.7508082,37.018
1768501540.8532946,43.347
1768501540.9555626,32.916
1768501541.0577908,34.554
1768501541.1603057,36.82
1768501541.2625864,44.456
1768501541.3648088,33.39
1768501541.4671082,38.693
1768501541.5736043,40.247
1768501541.6759493,32.7
1768501541.7782128,41.33
1768501541.8805258,36.426
1768501541.9828293,35.067
1768501542.085644,44.305
1768501542.1878784,32.798
1768501542.2901924,43.052
1768501542.392623,34.455
1768501542.498795,38.375
1768501542.6010814,40.715
1768501542.7034755,32.7
1768501542.8064249,41.306
1768501542.9086874,37.587
1768501543.0109856,32.404
1768501543.1133206,46.341
1768501543.215637,33.686
1768501543.3179343,40.838
1768501543.424119,37.215
1768501543.5264363,36.307
1768501543.628697,45.019
1768501543.7309155,32.916
1768501543.8333015,43.694
1768501543.9356585,34.968
1768501544.0378878,38.648
1768501544.140216,39.14
1768501544.2425406,32.404
1768501544.344815,45.091
1768501544.4506361,33.587
1768501544.5530705,40.345
1768501544.6553316,37.095
1768501544.7577522,32.206
1768501544.8599668,44.993
1768501544.9621854,33.489
1768501545.0643861,40.617
1768501545.1666327,36.996
1768501545.268882,36.842
1768501545.3752282,41.503
1768501545.4774823,32.798
1768501545.579885,42.954
1768501545.682104,38.178
1768501545.784293,38.474
1768501545.8863769,32.305
1768501545.9885387,46.467
1768501546.090717,32.995
1768501546.192832,43.471
1768501546.2998524,34.455
1768501546.4021516,39.951
1768501546.5044067,37.313
1768501546.6066089,37.215
1768501546.708925,46.074
1768501546.8111224,32.995
1768501546.9133837,43.052
1768501547.0157173,34.849
1768501547.117897,37.39
1768501547.2256691,41.896
1768501547.3282113,32.817
1768501547.430493,43.15
1768501547.5327618,34.356
1768501547.6349983,38.2
1768501547.7372642,40.247
1768501547.8394883,32.502
1768501547.9417377,43.839
1768501548.0440094,34.278
1768501548.1486986,39.042
1768501548.2509775,38.003
1768501548.3537357,33.489
1768501548.4561462,41.601
1768501548.5583847,36.25
1768501548.6607554,34.455
1768501548.7630203,37.959
1768501548.8652782,40.814
1768501548.9676125,32.601
1768501549.0730214,43.642
1768501549.1753812,34.554
1768501549.2776217,38.299
1768501549.3799462,39.239
1768501549.4824195,32.601
1768501549.5846725,41.183
1768501549.6869051,37.412
1768501549.789134,32.323
1768501549.8913157,43.642
1768501549.9935906,34.179
1768501550.0988364,37.729
1768501550.2011547,42.068
1768501550.3033533,42.757
1768501550.4065661,34.554
1768501550.5086098,37.587
1768501550.6107895,40.026
1768501550.7129278,32.62
1768501550.815115,44.036
1768501550.917182,33.587
1768501551.0193863,40.888
1768501551.1258755,35.441
1768501551.2281613,38.769
1768501551.3310604,38.769
1768501551.43329,35.539
1768501551.5355337,43.839
1768501551.6377058,32.897
1768501551.7400582,38.572
1768501551.8423955,40.444
1768501551.9457662,32.601
1768501552.0512648,43.446
1768501552.153543,34.751
1768501552.2557688,37.686
1768501552.3580775,41.404
1768501552.4602873,32.502
1768501552.5625389,46.003
1768501552.6647596,33.39
1768501552.767119,41.601
1768501552.8693757,35.145
1768501552.9765892,38.572
1768501553.0788467,38.375
1768501553.1810756,36.602
1768501553.283385,41.601
1768501553.3857112,32.502
1768501553.4879227,48.04
1768501553.5902364,32.995
1768501553.6924496,42.633
1768501553.7947083,34.278
1768501553.9001195,39.557
1768501554.0024483,36.602
1768501554.1046941,37.708
1768501554.2070446,39.557
1768501554.3094018,33.982
1768501554.411595,45.583
1768501554.5137675,32.897
1768501554.6160443,43.347
1768501554.7183523,34.278
1768501554.820665,40.026
1768501554.925634,36.722
1768501555.0278726,41.404
1768501555.1312656,32.502
1768501555.233485,45.216
1768501555.3355432,33.291
1768501555.437719,43.471
1768501555.5398495,34.356
1768501555.6419835,39.928
1768501555.7442102,37.116
1768501555.8503187,37.193
1768501555.9531438,41.306
1768501556.0553136,32.502
1768501556.1574564,47.844
1768501556.2597365,32.897
1768501556.3620079,42.954
1768501556.4642298,33.489
1768501556.566971,42.364
1768501556.6691546,35.342
1768501556.774968,37.784
1768501556.877196,39.163
1768501556.9795105,33.686
1768501557.0817177,44.108
1768501557.1839879,33.094
1768501557.2863011,36.623
1768501557.388527,33.587
1768501557.4907365,33.193
1768501557.5930822,32.7
1768501557.6952305,36.229
1768501557.7981477,38.299
1768501557.900363,35.539
1768501558.002506,34.179
1768501558.1048112,33.291
1768501558.2070506,32.916
1768501558.3093026,32.798
1768501558.4114625,37.292
1768501558.5136302,37.412
1768501558.6162083,32.995
1768501558.7184832,34.652
1768501558.8216178,34.475
1768501558.923786,33.587
1768501559.0259542,32.916
1768501559.1283383,32.502
1768501559.2305753,33.113
1768501559.3328876,35.046
1768501559.435228,35.56
1768501559.5376034,36.701
1768501559.6399567,36.996
1768501559.7422714,34.258
1768501559.8483663,34.278
1768501559.9522913,34.08
1768501560.0546613,31.911
1768501560.156808,42.388
1768501560.2590806,34.869
1768501560.3611946,37.39
1768501560.4634933,45.413
1768501560.5656183,32.916
1768501560.6680465,42.462
1768501560.7744715,36.032
1768501560.8766468,37.193
1768501560.9789822,41.306
1768501561.0815153,32.404
1768501561.1836562,46.145
1768501561.2864108,33.291
1768501561.388764,41.773
1768501561.4911802,35.046
1768501561.5934243,38.375
1768501561.6999009,39.262
1768501561.8022554,32.323
1768501561.9044893,46.959
1768501562.0067813,32.995
1768501562.1090987,42.068
1768501562.211313,35.165
1768501562.3137288,38.474
1768501562.4160058,38.178
1768501562.5182798,33.587
1768501562.6233175,46.888
1768501562.7256165,32.897
1768501562.827815,43.052
1768501562.9300923,34.948
1768501563.0323493,37.489
1768501563.1348217,43.642
1768501563.2371063,32.798
1768501563.339424,39.656
1768501563.4416766,39.065
1768501563.5485115,32.502
1768501563.6507554,43.544
1768501563.7529826,34.869
1768501563.8553104,38.156
1768501563.9575875,39.632
1768501564.0599663,32.404
1768501564.162231,46.369
1768501564.2644665,33.39
1768501564.3667586,41.921
1768501564.473109,38.057
1768501564.5752602,39.065
1768501564.6774206,32.206
1768501564.7795563,42.881
1768501564.8816416,32.601
1768501564.9838533,44.993
1768501565.0860531,33.193
1768501565.1883113,42.192
1768501565.2904692,35.658
1768501565.3927298,37.587
1768501565.499013,40.42
1768501565.6012247,32.422
1768501565.703431,42.265
1768501565.8096488,33.982
1768501565.911918,39.557
1768501566.0154855,36.131
1768501566.1178515,36.426
1768501566.2234085,41.01
1768501566.325807,32.62
1768501566.4281406,41.97
1768501566.5304763,33.883
1768501566.6327114,36.722
1768501566.7350845,40.617
1768501566.8377616,32.601
1768501566.9400556,42.364
1768501567.0423455,33.39
1768501567.1479123,40.912
1768501567.2501447,35.046
1768501567.3524678,37.412
1768501567.4547644,40.125
1768501567.5571642,32.206
1768501567.6594393,45.118
1768501567.7617366,32.798
1768501567.8640137,42.585
1768501567.9662662,33.982
1768501568.0723233,37.664
1768501568.1745298,38.572
1768501568.2767653,32.206
1768501568.3791304,43.741
1768501568.4813375,33.39
1768501568.5836189,37.095
1768501568.6859882,43.274
1768501568.7883756,35.736
1768501568.8905904,33.489
1768501568.992963,44.626
1768501569.098647,38.966
1768501569.2010722,41.896
1768501569.3033066,32.995
1768501569.405449,35.046
1768501569.5076442,45.806
1768501569.6097386,32.798
1768501569.7119772,43.668
1768501569.814216,34.356
1768501569.9163487,37.686
1768501570.019009,41.01
1768501570.1247947,32.817
1768501570.2307758,43.176
1768501570.3329837,34.08
1768501570.4351566,36.975
1768501570.5373704,40.148
1768501570.6395872,32.323
1768501570.7420323,44.331
1768501570.8441675,33.409
1768501570.950469,41.133
1768501571.0527673,35.736
1768501571.1550841,37.018
1768501571.257255,40.912
1768501571.3595915,32.502
1768501571.4619339,42.757
1768501571.564213,34.751
1768501571.6664057,36.307
1768501571.7687716,41.896
1768501571.875494,32.601
1768501571.9777293,42.659
1768501572.0799842,33.883
1768501572.1822088,39.656
1768501572.2843907,36.131
1768501572.3866005,36.426
1768501572.4888966,41.207
1768501572.5912404,32.404
1768501572.6934304,42.782
1768501572.8005056,34.08
1768501572.9027221,37.292
1768501573.0049202,39.853
1768501573.107109,32.404
1768501573.2094483,45.216
1768501573.3116634,33.291
1768501573.4139855,40.321
1768501573.5162246,35.56
1768501573.6184688,36.525
1768501573.7207718,32.521
1768501573.8267846,43.15
1768501573.9289587,34.672
1768501574.0313027,38.474
1768501574.1334095,39.951
1768501574.2355044,32.108
1768501574.3378124,42.782
1768501574.4402165,34.258
1768501574.5423973,33.962
1768501574.6445203,45.019
1768501574.7512982,32.798
1768501574.8535755,43.15
1768501574.9558852,34.948
1768501575.058486,37.905
1768501575.160797,39.557
1768501575.2630394,32.323
1768501575.3653357,45.189
1768501575.4675484,33.39
1768501575.5698335,39.853
1768501575.676583,36.623
1768501575.778838,35.165
1768501575.8810682,41.798
1768501575.9833963,32.62
1768501576.0856738,42.068
1768501576.1879425,33.291
1768501576.2902372,38.966
1768501576.3925183,39.754
1768501576.4948277,32.206
1768501576.6014636,42.388
1768501576.7038553,33.587
1768501576.8061182,38.474
1768501576.9084678,37.708
1768501577.0107157,35.441
1768501577.1129205,41.109
1768501577.2151163,32.521
1768501577.3174152,46.664
1768501577.4196994,32.7
1768501577.526081,43.078
1768501577.628513,33.39
1768501577.7306883,39.163
1768501577.8329291,35.736
1768501577.9351811,37.313
1768501578.0374367,40.05
1768501578.1396706,32.225
1768501578.2418542,46.621
1768501578.3440714,33.587
1768501578.4463472,35.638
1768501578.5539474,32.027
1768501578.656203,31.83
1768501578.7583363,42.364
1768501578.860538,36.701
1768501578.9627156,32.502
1768501579.0649216,40.715
1768501579.1671026,35.658
1768501579.2692332,37.39
1768501579.3714526,39.829
1768501579.4877374,32.305
1768501579.5900624,43.15
1768501579.6923902,33.489
1768501579.7946854,40.321
1768501579.9007893,37.116
1768501580.0031633,31.911
1768501580.105352,47.254
1768501580.2076547,33.094
1768501580.3098738,43.176
1768501580.412159,34.278
1768501580.514362,39.459
1768501580.6166794,37.609
1768501580.7189798,32.027
1768501580.8242733,47.057
1768501580.9266615,32.7
1768501581.028918,43.078
1768501581.1311772,33.784
1768501581.233495,40.912
1768501581.3358166,35.244
1768501581.4380217,37.489
1768501581.5403419,39.262
1768501581.6427295,32.126
1768501581.7485292,46.074
1768501581.8507166,33.212
1768501581.9529881,40.345
1768501582.0552118,36.131
1768501582.1574178,37.609
1768501582.2596438,39.459
1768501582.3618455,32.206
1768501582.4641063,42.388
1768501582.5662754,35.736
1768501582.668562,41.428
1768501582.7751715,32.7
1768501582.8774729,39.065
1768501582.9797044,36.82
1768501583.0822456,36.032
1768501583.1844473,42.684
1768501583.2871892,32.62
1768501583.3894482,41.773
1768501583.4915912,33.39
1768501583.5937777,41.306
1768501583.7003505,35.441
1768501583.80255,35.342
1768501583.9048085,43.274
1768501584.0071192,32.404
1768501584.110935,42.659
1768501584.2131052,33.587
1768501584.3153317,40.42
1768501584.4175014,36.032
1768501584.5242345,37.686
1768501584.626441,39.065
1768501584.7287652,32.009
1768501584.831035,47.184
1768501584.9332266,32.718
1768501585.0355504,43.347
1768501585.1377726,34.061
1768501585.2400038,37.762
1768501585.342241,38.868
1768501585.444575,32.126
1768501585.5492523,45.091
1768501585.651901,34.08
1768501585.7541704,35.342
1768501585.8568785,46.102
1768501585.9593096,33.212
1768501586.0618277,39.679
1768501586.1641564,36.82
1768501586.2666445,32.108
1768501586.368857,45.315
1768501586.4756784,32.7
1768501586.5778952,42.093
1768501586.6804001,35.244
1768501586.7826765,36.722
1768501586.885428,46.397
1768501586.9876914,33.014
1768501587.0901437,40.986
1768501587.1923926,38.769
1768501587.2952297,36.229
1768501587.4014711,36.82
1768501587.5036483,44.823
1768501587.6059866,32.62
1768501587.7082357,38.989
1768501587.8106496,34.771
1768501587.912885,33.784
1768501588.0152059,32.995
1768501588.1180487,32.62
1768501588.222375,32.897
1768501588.324536,32.798
1768501588.426845,32.521
1768501588.5303807,32.422
1768501588.6327348,37.489
1768501588.735117,36.229
1768501588.8374047,36.131
1768501588.9396722,34.869
1768501589.0419354,34.278
1768501589.1457675,33.784
1768501589.2481456,34.376
1768501589.350409,34.672
1768501589.4527507,36.131
1768501589.5551617,36.82
1768501589.657839,34.751
1768501589.7600963,32.404
1768501589.8625505,33.489
1768501589.9648747,36.011
1768501590.0671139,34.672
1768501590.1693711,32.323
1768501590.2745185,33.291
1768501590.3766894,34.771
1768501590.4839633,31.534
1768501590.5862122,35.264
1768501590.688664,31.929
1768501590.7909808,40.05
1768501590.893243,40.444
1768501591.0002112,32.323
1768501591.1024387,39.853
1768501591.2048123,36.131
1768501591.307019,33.291
1768501591.409323,45.905
1768501591.5114942,32.62
1768501591.613716,34.751
1768501591.7167463,37.313
1768501591.818904,43.176
1768501591.9238412,32.422
1768501592.026213,42.167
1768501592.1284666,34.475
1768501592.23073,37.708
1768501592.3331778,38.572
1768501592.4353597,31.929
1768501592.5374901,44.724
1768501592.6396973,32.916
1768501592.7420175,42.388
1768501592.8443043,35.145
1768501592.9507465,37.609
1768501593.053048,41.01
1768501593.1554277,32.108
1768501593.257817,44.823
1768501593.3600085,33.094
1768501593.462254,40.936
1768501593.5644195,36.229
1768501593.666614,36.131
1768501593.7688468,43.052
1768501593.875162,32.404
1768501593.9774184,42.881
1768501594.0797198,33.784
1768501594.182146,38.966
1768501594.2845294,37.116
1768501594.3868234,34.948
1768501594.489119,45.118
1768501594.5914757,32.7
1768501594.693673,41.503
1768501594.795969,34.751
1768501594.9014354,37.292
1768501595.0036902,38.868
1768501595.1058872,32.027
1768501595.2081852,46.397
1768501595.3104146,32.897
1768501595.4126687,40.42
1768501595.5149784,36.82
1768501595.6172805,34.672
1768501595.7195864,47.085
1768501595.8217971,32.897
1768501595.9269435,40.814
1768501596.0292625,35.067
1768501596.131502,37.51
1768501596.233688,38.299
1768501596.3359036,33.587
1768501596.438151,44.823
1768501596.5403364,42.757
1768501596.6439466,33.587
1768501596.7460687,41.133
1768501596.848157,36.053
1768501596.9540815,32.108
1768501597.0563323,46.593
1768501597.1590645,32.916
1768501597.2612903,41.281
1768501597.363535,36.229
1768501597.4657595,31.731
1768501597.5679877,41.97
1768501597.670299,35.539
1768501597.7734394,36.525
1768501597.8796835,45.413
1768501597.981918,32.7
1768501598.084139,42.413
1768501598.1864219,35.145
1768501598.288695,37.532
1768501598.3908992,39.36
1768501598.4931564,32.027
1768501598.5955734,36.032
1768501598.6978545,41.798
1768501598.8037033,32.225
1768501598.9059544,44.16
1768501599.008295,33.212
1768501599.1104994,41.01
1768501599.2128549,35.461
1768501599.3151853,37.313
1768501599.4175026,40.444
1768501599.5198336,32.126
1768501599.622061,46.959
1768501599.7288795,32.7
1768501599.8312187,42.757
1768501599.9335103,35.342
1768501600.0357804,34.751
1768501600.1380303,44.921
1768501600.2402291,32.601
1768501600.3425896,42.757
1768501600.4449046,34.08
1768501600.5471256,38.572
1768501600.6538172,38.08
1768501600.756048,32.027
1768501600.8582761,46.593
1768501600.9605536,32.897
1768501601.063168,35.362
1768501601.1667402,36.919
1768501601.268834,42.413
1768501601.3710403,32.521
1768501601.476705,42.487
1768501601.5797272,34.968
1768501601.6820626,36.722
1768501601.78433,41.109
1768501601.8865588,32.62
1768501601.988689,42.118
1768501602.0912015,35.658
1768501602.1948733,35.244
1768501602.2971563,44.528
1768501602.4024842,32.897
1768501602.5046937,40.715
1768501602.6069014,34.554
1768501602.7092128,37.762
1768501602.811331,39.36
1768501602.913593,32.225
1768501603.0160384,44.331
1768501603.118326,33.686
1768501603.2205982,40.518
1768501603.3228354,35.835
1768501603.4285738,37.905
1768501603.5309308,39.163
1768501603.6333256,32.027
1768501603.7356436,45.779
1768501603.8379667,32.502
1768501603.9402313,41.995
1768501604.04256,34.968
1768501604.1447735,37.609
1768501604.2470968,38.671
1768501604.352686,36.229
1768501604.4549541,42.388
1768501604.5571685,32.206
1768501604.6594465,42.979
1768501604.761716,33.39
1768501604.863934,40.321
1768501604.9662247,36.426
1768501605.0686169,35.933
1768501605.1708386,43.767
1768501605.2781117,32.422
1768501605.3803031,43.642
1768501605.4825633,33.291
1768501605.5848136,41.601
1768501605.6870766,38.868
1768501605.7897851,37.018
1768501605.8918395,36.426
1768501605.9939396,40.542
1768501606.0960107,32.126
1768501606.2024252,45.681
1768501606.3046184,32.718
1768501606.4067543,42.979
1768501606.50893,33.489
1768501606.6111932,39.656
1768501606.713424,36.307
1768501606.8163617,37.095
1768501606.9186423,40.345
1768501607.0208204,32.323
1768501607.1282973,42.56
1768501607.2304835,33.291
1768501607.3327453,41.207
1768501607.4351716,35.933
1768501607.537379,36.229
1768501607.6397939,43.15
1768501607.7420774,32.502
1768501607.8442917,43.446
1768501607.9466825,34.968
1768501608.0535636,38.375
1768501608.1559265,39.656
1768501608.2583385,32.009
1768501608.3606484,39.829
1768501608.4630232,37.51
1768501608.5655024,31.929
1768501608.667854,37.215
1768501608.770343,41.034
1768501608.87737,32.422
1768501608.9796753,40.518
1768501609.0819664,35.362
1768501609.1843276,36.426
1768501609.2866359,41.207
1768501609.3889136,32.323
1768501609.4913328,43.446
1768501609.5937154,35.067
1768501609.6959956,37.51
1768501609.8024487,41.133
1768501609.9046416,32.225
1768501610.006841,42.192
1768501610.1091537,38.003
1768501610.2119226,38.868
1768501610.31406,32.009
1768501610.4163451,44.626
1768501610.5185685,33.094
1768501610.6206615,40.321
1768501610.7276356,36.328
1768501610.8301952,36.229
1768501610.9324188,43.078
1768501611.038164,32.601
1768501611.1417837,43.274
1768501611.2441015,34.475
1768501611.3502364,37.51
1768501611.4525728,40.321
1768501611.554896,32.323
1768501611.657251,42.068
1768501611.7594838,34.061
1768501611.8617365,37.609
1768501611.9641175,40.838
1768501612.0663009,32.323
1768501612.1687474,42.782
1768501612.2710512,35.638
1768501612.3769124,36.405
1768501612.4794488,41.798
1768501612.5816534,32.422
1768501612.683889,42.881
1768501612.7861722,33.193
1768501612.8885214,41.281
1768501612.9907482,35.067
1768501613.0930479,37.193
1768501613.1953154,39.754
1768501613.301804,32.027
1768501613.4041293,42.265
1768501613.5064676,33.193
1768501613.608666,42.019
1768501613.7112014,35.342
1768501613.8135946,36.645
1768501613.9159634,39.951
1768501614.0183737,32.225
1768501614.1211276,43.865
1768501614.2271001,33.31
1768501614.3293598,41.428
1768501614.4316387,36.82
1768501614.534747,40.247
1768501614.6369019,32.206
1768501614.7391362,44.501
1768501614.8415542,33.193
1768501614.9438436,41.034
1768501615.0524197,36.504
1768501615.1548274,36.229
1768501615.2595804,42.585
1768501615.3632014,32.718
1768501615.4657006,41.995
1768501615.5682406,37.215
1768501615.674045,32.897
1768501615.7763278,39.36
1768501615.878692,37.587
1768501615.9809303,32.206
1768501616.083432,43.176
1768501616.1856527,34.08
1768501616.287937,38.277
1768501616.3902764,39.065
1768501616.4925764,32.027
1768501616.594961,42.585
1768501616.6996937,34.376
1768501616.8020217,36.996
1768501616.9043133,42.585
1768501617.0065472,32.521
1768501617.1087677,42.954
1768501617.2109704,34.771
1768501617.3132308,37.018
1768501617.4155746,39.459
1768501617.5180395,32.323
1768501617.6202705,43.052
1768501617.7261763,34.278
1768501617.828401,38.595
1768501617.9305754,37.215
1768501618.0327206,31.929
1768501618.1349223,46.621
1768501618.237111,32.718
1768501618.3396459,39.951
1768501618.4418764,34.968
1768501618.5446014,34.179
1768501618.6495333,32.305
1768501618.75168,33.883
1768501618.853777,33.686
1768501618.9571025,33.686
1768501619.0591834,33.982
1768501619.1613657,34.278
1768501619.2635415,34.08
1768501619.3658037,34.08
1768501619.4681003,34.179
1768501619.5733747,35.638
1768501619.6796873,36.426
1768501619.781871,36.722
1768501619.8840473,37.018
1768501619.9864347,36.032
1768501620.0886009,35.244
1768501620.1909633,33.291
1768501620.2930756,32.126
1768501620.3986483,32.225
1768501620.5009692,32.718
1768501620.6032653,33.686
1768501620.7055566,34.672
1768501620.807937,35.56
1768501620.9103115,36.996
1768501621.0125651,31.911
1768501621.1147869,35.736
1768501621.216986,40.542
1768501621.3193493,34.08
1768501621.4242094,39.042
1768501621.526544,37.018
1768501621.6289425,36.722
1768501621.7311914,41.798
1768501621.8334656,32.521
1768501621.935685,42.954
1768501622.0378788,33.686
1768501622.140086,40.125
1768501622.2422676,35.933
1768501622.3444254,37.116
1768501622.4500551,39.754
1768501622.5522351,32.126
1768501622.6544144,43.544
1768501622.7567194,33.587
1768501622.8589492,40.247
1768501622.9612634,35.658
1768501623.063426,36.842
1768501623.1656897,40.518
1768501623.267876,32.422
1768501623.370083,42.684
1768501623.4766328,34.08
1768501623.5788753,37.116
1768501623.6813602,35.244
1768501623.7834852,45.654
1768501623.8855925,32.897
1768501623.9876888,40.691
1768501624.0898435,35.736
1768501624.1919196,36.842
1768501624.294596,42.192
1768501624.3967652,32.62
1768501624.5032487,41.503
1768501624.605529,35.856
1768501624.7078776,36.525
1768501624.8101509,40.814
1768501624.9161243,32.62
1768501625.0183637,43.176
1768501625.1205263,34.672
1768501625.2271874,38.474
1768501625.3294866,38.496
1768501625.4316912,32.601
1768501625.5339317,47.745
1768501625.6361434,32.995
1768501625.7384584,41.822
1768501625.8410227,34.869
1768501625.9433274,37.708
1768501626.0456388,38.769
1768501626.1480675,33.864
1768501626.2526946,45.681
1768501626.3549018,32.62
1768501626.4574375,43.176
1768501626.5597484,33.902
1768501626.662008,40.345
1768501626.7642322,35.56
1768501626.8663661,37.018
1768501626.9685931,39.163
1768501627.0707538,32.108
1768501627.172973,44.528
1768501627.2786257,32.521
1768501627.3808172,42.388
1768501627.4830174,33.508
1768501627.585203,38.08
1768501627.687569,40.369
1768501627.789808,32.126
1768501627.892002,44.528
1768501627.9941678,32.422
1768501628.0964134,43.004
1768501628.1985745,33.705
1768501628.304237,39.36
1768501628.407761,32.027
1768501628.510414,40.518
1768501628.6126342,42.192
1768501628.714821,32.323
1768501628.816982,42.979
1768501628.9191575,33.784
1768501629.0214686,39.163
1768501629.1244192,37.313
1768501629.2289221,36.053
1768501629.331173,43.078
1768501629.4333203,32.422
1768501629.54032,44.062
1768501629.6425495,33.212
1768501629.7447658,40.936
1768501629.8469856,35.362
1768501629.9491706,37.018
1768501630.0559943,41.798
1768501630.1582148,32.521
1768501630.2604742,42.684
1768501630.362801,33.39
1768501630.465085,41.822
1768501630.5673163,35.067
1768501630.669636,37.236
1768501630.7719014,38.769
1768501630.8741915,32.225
1768501630.980824,41.97
1768501631.0831242,34.475
1768501631.185292,36.602
1768501631.2876287,39.951
1768501631.3899484,32.225
1768501631.4921508,43.741
1768501631.5944192,33.39
1768501631.6971092,39.163
1768501631.7993774,37.018
1768501631.905775,34.573
1768501632.0080562,47.184
1768501632.110423,33.193
1768501632.2127714,39.928
1768501632.3151765,36.722
1768501632.4174774,33.705
1768501632.5196774,45.216
1768501632.6218457,32.817
1768501632.724149,41.01
1768501632.8263276,34.672
1768501632.9313505,39.853
1768501633.0340827,32.126
1768501633.1361382,45.583
1768501633.2384107,32.817
1768501633.3407416,42.29
1768501633.4428864,33.784
1768501633.5450282,39.459
1768501633.6471426,36.919
1768501633.749907,36.25
1768501633.8519864,41.01
1768501633.958119,32.62
1768501634.062041,43.176
1768501634.1642745,34.278
1768501634.2665493,38.299
1768501634.3688016,38.693
1768501634.471297,32.126
1768501634.573677,45.583
1768501634.6759932,33.113
1768501634.7826533,41.01
1768501634.8849819,35.264
1768501634.9873424,36.546
1768501635.089681,40.838
1768501635.1919043,32.323
1768501635.2941034,44.528
1768501635.3963344,33.113
1768501635.4985447,42.782
1768501635.6009874,35.067
1768501635.7076514,36.623
1768501635.8099673,40.444
1768501635.9122622,32.126
1768501636.0144904,46.397
1768501636.1167622,33.014
1768501636.2189262,41.306
1768501636.3211737,34.376
1768501636.4234333,39.087
1768501636.5256996,37.018
1768501636.632572,33.212
1768501636.7347507,43.471
1768501636.837052,32.422
1768501636.9393125,45.019
1768501637.041601,33.113
1768501637.1439195,39.829
1768501637.2462006,35.461
1768501637.3484344,36.623
1768501637.450709,39.36
1768501637.556619,45.511
1768501637.6598232,33.113
1768501637.76203,39.087
1768501637.8642652,37.215
1768501637.966488,32.126
1768501638.0687292,44.849
1768501638.1710863,33.489
1768501638.273227,39.065
1768501638.3753676,37.215
1768501638.4774146,31.929
1768501638.585375,36.328
1768501638.6877866,40.42
1768501638.790161,33.705
1768501638.8925483,34.849
1768501638.9953446,42.29
1768501639.0978403,34.179
1768501639.2001557,35.441
1768501639.3025246,45.118
1768501639.4047832,32.817
1768501639.5103612,41.724
1768501639.6125975,35.067
1768501639.7148767,36.94
1768501639.8171735,40.444
1768501639.919369,32.225
1768501640.0215893,44.528
1768501640.1238241,33.212
1768501640.2262146,40.715
1768501640.328632,35.658
1768501640.4308853,36.722
1768501640.5359008,41.207
1768501640.6381817,32.422
1768501640.740357,43.347
1768501640.8429575,34.475
1768501640.945128,37.981
1768501641.0473738,39.853
1768501641.149888,32.126
1768501641.2521808,42.684
1768501641.3544486,33.409
1768501641.4567232,39.065
1768501641.5631075,37.609
1768501641.6652834,32.126
1768501641.767586,45.878
1768501641.8698194,33.212
1768501641.9721217,42.118
1768501642.0744865,34.869
1768501642.1767957,36.919
1768501642.2791839,39.557
1768501642.3814917,32.225
1768501642.4839659,32.817
1768501642.5918481,42.192
1768501642.694037,35.067
1768501642.7961733,37.313
1768501642.898336,39.951
1768501643.0011117,32.422
1768501643.1032896,42.684
1768501643.205474,34.08
1768501643.308922,37.215
1768501643.4150445,39.459
1768501643.5173116,32.126
1768501643.6195397,45.878
1768501643.7217524,33.212
1768501643.8239672,41.33
1768501643.9261944,34.869
1768501644.0283778,37.51
1768501644.130627,39.557
1768501644.2329001,32.126
1768501644.3388956,46.566
1768501644.441252,33.014
1768501644.5435467,42.979
1768501644.6457295,34.475
1768501644.747991,37.018
1768501644.8501658,40.073
1768501644.9524004,32.126
1768501645.0546722,42.29
1768501645.1569166,33.409
1768501645.2591908,39.262
1768501645.3643959,36.426
1768501645.4666495,36.447
1768501645.5689728,43.57
1768501645.6712666,32.521
1768501645.773577,42.757
1768501645.8757558,33.883
1768501645.9780145,38.299
1768501646.0803502,38.397
1768501646.1825864,32.027
1768501646.2849607,46.298
1768501646.3899343,32.916
1768501646.4922695,42.093
1768501646.5945587,34.475
1768501646.6967967,37.292
1768501646.7990475,39.754
1768501646.901306,32.323
1768501647.0035205,43.078
1768501647.105671,34.08
1768501647.207961,38.299
1768501647.3101974,34.08
1768501647.417429,45.484
1768501647.5197263,32.916
1768501647.6220374,42.118
1768501647.7244513,34.968
1768501647.8266327,37.981
1768501647.9288425,38.693
1768501648.03242,32.126
1768501648.1346684,45.878
1768501648.2406902,32.916
1768501648.3430145,39.36
1768501648.445331,38.102
1768501648.5479805,32.62
1768501648.6502984,32.027
1768501648.7526155,36.25
1768501648.8549423,33.804
1768501648.9573834,33.409
1768501649.0596187,33.212
1768501649.1623974,33.014
1768501649.2645462,33.508
1768501649.3666468,33.113
1768501649.4687514,32.718
1768501649.571008,32.718
1768501649.6732972,32.718
1768501649.7756078,32.718
1768501649.8777864,32.718
1768501649.9800947,32.916
1768501650.0823324,33.705
1768501650.1845386,34.278
1768501650.2893221,35.067
1768501650.3915486,35.856
1768501650.4938226,36.623
1768501650.596128,37.116
1768501650.698366,36.645
1768501650.8005586,34.672
1768501650.902729,32.323
1768501651.0050235,32.62
1768501651.1073027,33.587
1768501651.2095623,34.475
1768501651.315205,36.82
1768501651.4174569,36.645
1768501651.519679,31.256
1768501651.6218486,31.929
1768501651.7241676,39.951
1768501651.8265789,39.853
1768501651.9287837,32.225
1768501652.031156,42.192
1768501652.133404,38.966
1768501652.2363644,37.434
1768501652.3416395,32.027
1768501652.443898,43.642
1768501652.5462193,33.31
1768501652.6484778,39.163
1768501652.7509384,36.842
1768501652.8545046,33.39
1768501652.956775,47.254
1768501653.0591705,33.212
1768501653.1653092,40.05
1768501653.2675576,36.82
1768501653.3698778,31.929
1768501653.472236,46.888
1768501653.5746243,33.212
1768501653.6769361,39.679
1768501653.7792675,36.82
1768501653.881484,35.165
1768501653.9837608,47.015
1768501654.0898397,33.31
1768501654.1923523,39.951
1768501654.294653,37.905
1768501654.3969126,32.027
1768501654.4993246,42.29
1768501654.6015944,33.606
1768501654.704022,38.595
1768501654.8063793,38.397
1768501654.9086435,31.929
1768501655.0144286,46.467
1768501655.1167548,33.014
1768501655.2189984,41.034
1768501655.3212564,34.672
1768501655.4234726,37.51
1768501655.5256617,40.444
1768501655.628133,32.422
1768501655.730442,42.684
1768501655.8327036,34.475
1768501655.9349494,37.116
1768501656.0406923,40.444
1768501656.1431475,32.422
1768501656.2458017,42.979
1768501656.3480506,33.489
1768501656.4503124,40.148
1768501656.5526636,35.757
1768501656.6550503,43.274
1768501656.7589405,32.62
1768501656.8650916,43.201
1768501656.9673183,34.278
1768501657.0701594,37.51
1768501657.172454,39.459
1768501657.2753267,32.323
1768501657.3775291,42.684
1768501657.479918,33.982
1768501657.5823252,38.617
1768501657.6845813,38.595
1768501657.789735,32.126
1768501657.8920524,43.767
1768501657.9942663,33.409
1768501658.0965369,39.383
1768501658.1987853,38.025
1768501658.3011072,32.323
1768501658.4035075,42.388
1768501658.5069182,34.376
1768501658.6092432,31.929
1768501658.715578,39.065
1768501658.8178437,37.412
1768501658.9200227,32.027
1768501659.0222173,44.921
1768501659.1244411,33.409
1768501659.226662,38.496
1768501659.3288722,45.779
1768501659.4312027,32.718
1768501659.533474,37.018
1768501659.63965,40.444
1768501659.7422686,32.323
1768501659.844498,43.3
1768501659.946703,34.475
1768501660.0490122,36.349
1768501660.1512794,44.751
1768501660.2536147,32.817
1768501660.3558867,40.05
1768501660.4582849,36.349
1768501660.5605228,33.113
1768501660.6652238,42.192
1768501660.7674642,33.804
1768501660.8698268,39.262
1768501660.9721413,36.919
1768501661.0745735,31.929
1768501661.1768808,46.762
1768501661.279174,33.113
1768501661.3814933,34.869
1768501661.4838483,36.229
1768501661.5860643,43.937
1768501661.6927142,33.113
1768501661.7949972,39.656
1768501661.8972602,36.349
1768501662.0008755,31.929
1768501662.1030452,43.497
1768501662.2053394,34.08
1768501662.3076708,37.412
1768501662.409965,40.148
1768501662.5155377,32.521
1768501662.6177692,42.29
1768501662.720041,34.475
1768501662.8222377,38.572
1768501662.924547,38.792
1768501663.026935,32.126
1768501663.1292772,43.078
1768501663.2315836,34.179
1768501663.3338401,37.215
1768501663.4361594,39.557
1768501663.5409412,32.323
1768501663.6432667,42.585
1768501663.745525,34.199
1768501663.8479528,37.215
1768501663.950188,39.754
1768501664.0524042,32.126
1768501664.154624,42.487
1768501664.2568803,33.784
1768501664.3592083,37.587
1768501664.4616818,39.951
1768501664.5672848,32.225
1768501664.6696587,42.388
1768501664.7719378,34.968
1768501664.8742635,36.349
1768501664.9765642,46.959
1768501665.0788789,33.291
1768501665.1812885,38.397
1768501665.2835643,38.989
1768501665.3860145,32.225
1768501665.4912252,42.881
1768501665.5936277,34.869
1768501665.6959848,36.645
1768501665.7983377,44.823
1768501665.9006624,32.916
1768501666.002953,35.067
1768501666.1066105,37.489
1768501666.2089114,39.163
1768501666.311142,32.126
1768501666.4166865,42.684
1768501666.519384,33.784
1768501666.621741,38.474
1768501666.7243752,38.474
1768501666.826686,32.225
1768501666.9288902,42.684
1768501667.031144,34.771
1768501667.1333265,35.244
1768501667.2356048,45.019
1768501667.3377948,33.587
1768501667.4428177,40.05
1768501667.5451095,36.82
1768501667.6474004,32.027
1768501667.7498877,47.254
1768501667.8521419,33.113
1768501667.9544854,40.936
1768501668.0570168,37.412
1768501668.159751,32.225
1768501668.2621467,43.078
1768501668.367466,35.856
1768501668.4697652,36.151
1768501668.5721753,43.103
1768501668.6745698,38.868
1768501668.7767441,32.126
1768501668.879175,42.388
1768501668.9814248,34.376
1768501669.083679,37.138
1768501669.1859107,42.29
1768501669.2881575,32.521
1768501669.3931026,41.724
1768501669.4954338,35.067
1768501669.5976985,36.349
1768501669.6999743,41.699
1768501669.8022728,32.521
1768501669.9046137,43.078
1768501670.006944,33.784
1768501670.1092796,38.299
1768501670.2116487,37.609
1768501670.3141313,33.014
1768501670.4191504,46.298
1768501670.5215213,32.817
1768501670.6238034,40.739
1768501670.7261987,36.328
1768501670.828488,45.976
1768501670.9321692,33.409
1768501671.034236,40.444
1768501671.136361,36.349
1768501671.2384446,35.933
1768501671.3443732,43.274
1768501671.4466956,32.521
1768501671.5539749,42.881
1768501671.6563003,34.573
1768501671.7586432,36.447
1768501671.8609126,43.767
1768501671.963202,32.916
1768501672.0680835,39.557
1768501672.1703846,37.412
1768501672.2726898,31.929
1768501672.375161,43.004
1768501672.4774413,34.278
1768501672.579707,37.215
1768501672.681955,41.207
1768501672.7842484,32.521
1768501672.8865013,43.004
1768501672.9888072,35.067
1768501673.0945954,37.215
1768501673.1968787,40.444
1768501673.2991219,32.323
1768501673.401458,43.471
1768501673.5036943,34.179
1768501673.6059911,38.08
1768501673.7084227,39.853
1768501673.8107443,32.225
1768501673.9132462,43.373
1768501674.0195768,33.606
1768501674.1220043,38.769
1768501674.2242224,37.313
1768501674.326434,35.342
1768501674.4286435,43.865
1768501674.5309174,32.521
1768501674.6332364,41.995
1768501674.735515,35.067
1768501674.837915,36.525
1768501674.945552,41.034
1768501675.0478182,32.62
1768501675.1501985,43.176
1768501675.2525823,37.609
1768501675.3561752,39.262
1768501675.4583404,32.323
1768501675.560805,42.29
1768501675.662933,34.869
1768501675.7766542,37.039
1768501675.8789458,42.512
1768501675.981183,32.521
1768501676.083598,40.42
1768501676.1858988,35.954
1768501676.291499,35.856
1768501676.3938031,44.429
1768501676.4961977,33.014
1768501676.5985336,39.459
1768501676.700797,37.609
1768501676.8030586,32.027
1768501676.9053555,43.15
1768501677.0076103,33.784
1768501677.1098392,38.496
1768501677.2159224,39.557
1768501677.3182156,32.323
1768501677.4204304,42.881
1768501677.5226543,34.869
1768501677.6249774,36.82
1768501677.727192,42.979
1768501677.829455,32.521
1768501677.9316547,42.192
1768501678.033844,34.771
1768501678.1361868,37.708
1768501678.2412322,42.192
1768501678.3434937,33.014
1768501678.445786,40.148
1768501678.5485957,37.116
1768501678.650912,33.113
1768501678.753207,37.51
1768501678.85562,40.467
1768501678.9578094,32.323
1768501679.060034,42.684
1768501679.1623836,34.771
1768501679.2673497,36.032
1768501679.3696713,42.585
1768501679.4720323,32.718
1768501679.5743442,34.771
1768501679.6775215,37.412
1768501679.780015,37.532
1768501679.8822494,37.116
1768501679.9849243,37.412
1768501680.0872228,37.51
1768501680.1900206,37.609
1768501680.2925987,37.313
1768501680.3947527,36.131
1768501680.496907,35.165
1768501680.5990844,34.573
1768501680.7014039,33.784
1768501680.8036728,33.508
1768501680.9059055,33.113
1768501681.0080595,33.31
1768501681.1103096,34.199
1768501681.2157497,34.968
1768501681.317886,35.856
1768501681.4201536,36.722
1768501681.5224664,32.323
1768501681.6247566,34.869
1768501681.727087,37.018
1768501681.8292882,35.658
1768501681.9316647,32.225
1768501682.0338562,32.718
1768501682.1360736,33.686
1768501682.2416248,35.736
1768501682.3438523,36.919
1768501682.4462051,37.609
1768501682.5484703,41.699
1768501682.6507423,34.869
1768501682.7531087,31.83
1768501682.8554034,39.459
1768501682.9576232,39.951
1768501683.0599906,32.422
1768501683.1623604,41.995
1768501683.2686412,35.954
1768501683.370904,35.856
1768501683.4733024,45.118
1768501683.5756283,33.113
1768501683.6781125,37.729
1768501683.7804322,41.133
1768501683.8827221,32.521
1768501683.9850276,42.29
1768501684.087491,34.475
1768501684.193225,31.929
1768501684.2955084,43.176
1768501684.3977911,37.215
1768501684.5015182,42.487
1768501684.60361,32.521
1768501684.7058191,42.61
1768501684.8086038,35.046
1768501684.9107413,37.018
1768501685.013026,41.01
1768501685.121672,32.521
1768501685.2239358,42.979
1768501685.32613,34.869
1768501685.4283776,36.722
1768501685.5307176,41.625
1768501685.6331046,32.62
1768501685.7354214,42.782
1768501685.8378463,35.362
1768501685.9401581,36.722
1768501686.045971,44.823
1768501686.1482327,32.916
1768501686.2504768,41.428
1768501686.3527086,36.151
1768501686.4549305,35.165
1768501686.5571337,46.692
1768501686.659509,33.014
1768501686.7620544,40.345
1768501686.864288,37.215
1768501686.9715,32.718
1768501687.073647,46.566
1768501687.1758385,33.409
1768501687.278104,38.375
1768501687.3804271,40.247
1768501687.482757,32.521
1768501687.5850444,42.512
1768501687.6874213,36.25
1768501687.7896829,32.108
1768501687.896038,44.062
1768501687.998363,33.508
1768501688.100982,37.215
1768501688.2033312,41.724
1768501688.3057694,32.521
1768501688.408087,38.868
1768501688.5103984,39.065
1768501688.6130886,32.521
1768501688.7152975,32.225
1768501688.821429,42.782
1768501688.923677,38.572
1768501689.0269768,39.383
1768501689.129029,32.422
1768501689.2319224,43.373
1768501689.3342702,33.606
1768501689.4367828,38.89
1768501689.538947,37.708
1768501689.6456027,32.126
1768501689.7479143,45.735
1768501689.850135,32.817
1768501689.9524584,41.896
1768501690.0546901,34.771
1768501690.156938,38.299
1768501690.2591248,39.754
1768501690.361452,32.225
1768501690.4637733,44.16
1768501690.5698946,33.212
1768501690.6721175,40.763
1768501690.7742865,36.722
1768501690.8764997,34.672
1768501690.9786637,46.495
1768501691.0809336,33.014
1768501691.1831684,41.699
1768501691.2854462,36.151
1768501691.3876638,36.349
1768501691.489933,43.989
1768501691.5962427,32.718
1768501691.6984534,42.906
1768501691.8007147,35.362
1768501691.903037,36.645
1768501692.0053937,46.888
1768501692.1078124,33.014
1768501692.2101283,39.383
1768501692.3123906,37.51
1768501692.4147997,32.027
1768501692.521026,43.103
1768501692.6235178,33.784
1768501692.7258983,37.806
1768501692.8281612,40.542
1768501692.9304242,32.323
1768501693.032654,43.471
1768501693.1349216,34.573
1768501693.2373204,36.032
1768501693.3395524,44.796
1768501693.4470022,39.36
1768501693.5505705,37.708
1768501693.6528952,32.126
1768501693.7551394,42.56
1768501693.8618808,34.08
1768501693.9651184,38.868
1768501694.0706544,37.806
1768501694.1728973,32.225
1768501694.2751923,43.595
1768501694.3774216,34.08
1768501694.4796517,38.89
1768501694.5819674,38.693
1768501694.6841803,32.225
1768501694.7864697,43.373
1768501694.8887177,33.883
1768501694.995542,39.459
1768501695.097923,37.708
1768501695.2001786,32.126
1768501695.302525,45.61
1768501695.404853,33.31
1768501695.5072603,40.444
1768501695.6095843,38.003
1768501695.711841,32.027
1768501695.8141794,46.003
1768501695.9198897,33.31
1768501696.0222583,41.133
1768501696.124492,36.25
1768501696.2268226,36.328
1768501696.3291476,44.796
1768501696.4314327,32.718
1768501696.53376,42.979
1768501696.6359916,34.869
1768501696.738229,36.842
1768501696.8404248,41.231
1768501696.9464266,32.323
1768501697.0487216,43.57
1768501697.1510296,34.179
1768501697.2532897,37.313
1768501697.3557022,40.148
1768501697.4579895,32.323
1768501697.5602589,41.995
1768501697.6627188,34.179
1768501697.7652085,37.51
1768501697.8712559,32.422
1768501697.9734876,43.471
1768501698.0762303,34.278
1768501698.1784875,37.412
1768501698.2805955,42.512
1768501698.3839235,32.718
1768501698.4861443,41.896
1768501698.588516,43.176
1768501698.6908371,34.968
1768501698.7954197,31.83
1768501698.8977826,42.881
1768501699.000153,34.672
1768501699.1024525,36.229
1768501699.2049525,43.176
1768501699.307136,32.718
1768501699.4094155,42.881
1768501699.5116348,34.968
1768501699.6138883,37.018
1768501699.7161286,41.822
1768501699.8218923,32.422
1768501699.9241524,42.684
1768501700.0265484,33.606
1768501700.1288521,38.102
1768501700.2310712,38.178
1768501700.3332617,32.126
1768501700.4355195,46.298
1768501700.5377965,33.113
1768501700.6401474,41.601
1768501700.742367,35.165
1768501700.848323,36.919
1768501700.9506967,40.05
1768501701.05312,32.422
1768501701.1554313,43.471
1768501701.2577639,34.179
1768501701.359942,38.178
1768501701.4622197,38.003
1768501701.5644753,32.225
1768501701.6667628,46.888
1768501701.7737813,33.212
1768501701.8761613,40.148
1768501701.9787219,36.229
1768501702.080984,36.25
1768501702.183396,43.373
1768501702.2856164,32.62
1768501702.3878896,43.201
1768501702.4900868,34.376
1768501702.592404,39.186
1768501702.6992164,32.027
1768501702.80141,46.692
1768501702.903539,33.014
1768501703.0057647,43.201
1768501703.108518,35.362
1768501703.2106423,37.313
1768501703.3127933,39.679
1768501703.4150307,32.225
1768501703.5171854,44.626
1768501703.6193748,33.212
1768501703.7255192,39.754
1768501703.8277605,35.736
1768501703.930022,36.525
1768501704.0323365,40.936
1768501704.134515,32.718
1768501704.2367845,42.881
1768501704.3389916,34.199
1768501704.4411833,38.595
1768501704.5434227,39.163
1768501704.6456983,32.225
1768501704.7526762,45.61
1768501704.854854,33.014
1768501704.957221,41.503
1768501705.0594082,34.968
1768501705.16171,36.328
1768501705.2639806,41.921
1768501705.3662825,32.62
1768501705.4685223,42.487
1768501705.5707033,34.179
1768501705.6729493,38.572
1768501705.7776449,39.262
1768501705.8799884,32.225
1768501705.9823081,42.61
1768501706.0845392,33.508
1768501706.1867604,38.595
1768501706.2889214,38.989
1768501706.3911147,32.126
1768501706.4934247,43.15
1768501706.5957584,32.817
1768501706.6979296,43.249
1768501706.804374,34.376
1768501706.9066954,39.36
1768501707.0090563,37.609
1768501707.1112313,36.25
1768501707.2135444,44.429
1768501707.3158183,32.916
1768501707.4181929,41.995
1768501707.5204377,34.672
1768501707.6227205,38.397
1768501707.729309,32.323
1768501707.83144,46.692
1768501707.9335117,33.113
1768501708.036777,43.373
1768501708.1402528,34.968
1768501708.2424512,36.842
1768501708.3449342,42.487
1768501708.447178,32.521
1768501708.5531578,31.534
1768501708.655461,43.176
1768501708.7576463,34.771
1768501708.8599434,38.102
1768501708.9624364,40.641
1768501709.064689,32.422
1768501709.1669097,42.487
1768501709.2692125,34.08
1768501709.3714707,37.905
1768501709.4737449,38.792
1768501709.5796242,32.225
1768501709.6818511,46.959
1768501709.7842593,33.31
1768501709.8866148,39.36
1768501709.9889028,38.299
1768501710.091203,32.126
1768501710.193507,45.315
1768501710.2957149,33.212
1768501710.3980334,39.239
1768501710.5004377,37.215
1768501710.60609,34.672
1768501710.70835,34.869
1768501710.8105896,36.229
1768501710.9129357,37.51
1768501711.015314,37.116
1768501711.117545,36.919
1768501711.2199638,36.131
1768501711.3223288,36.645
1768501711.424842,36.919
1768501711.5295453,36.229
1768501711.6320176,32.225
1768501711.734233,32.718
1768501711.8363602,33.113
1768501711.9386413,32.817
1768501712.0408506,33.212
1768501712.1430256,33.883
1768501712.2452457,34.475
1768501712.347755,34.376
1768501712.4499466,35.856
1768501712.559647,36.525
1768501712.6617153,36.722
1768501712.7657046,34.475
1768501712.8678515,32.225
1768501712.96996,32.916
1768501713.072244,33.606
1768501713.1743982,36.722
1768501713.278819,38.102
1768501713.382207,32.521
1768501713.484538,38.474
1768501713.5868266,44.751
1768501713.6890423,32.62
1768501713.7914126,36.447
1768501713.8938143,36.82
1768501713.996075,33.113
1768501714.098264,42.585
1768501714.2004905,35.856
1768501714.3073964,37.116
1768501714.4096282,43.176
1768501714.5119383,33.212
1768501714.6143005,37.116
1768501714.7166362,42.684
1768501714.818976,32.422
1768501714.921131,43.274
1768501715.023321,33.508
1768501715.125541,41.798
1768501715.2316236,36.053
1768501715.3338869,36.82
1768501715.4362288,42.979
1768501715.5386505,32.422
1768501715.6409547,42.881
1768501715.743315,34.08
1768501715.845514,38.693
1768501715.9478564,38.397
1768501716.0502708,32.126
1768501716.1569402,44.062
1768501716.2591717,32.62
1768501716.361469,42.782
1768501716.463693,33.686
1768501716.565932,39.262
1768501716.6682231,36.349
1768501716.771308,35.244
1768501716.8737445,40.223
1768501716.9759252,46.074
1768501717.0834832,33.212
1768501717.185756,43.471
1768501717.2886133,34.278
1768501717.3922057,38.868
1768501717.4944766,36.722
1768501717.596779,36.722
1768501717.6989858,40.42
1768501717.8012142,32.323
1768501717.9069726,44.528
1768501718.0092645,32.62
1768501718.1114614,42.487
1768501718.2136807,33.587
1768501718.3158865,39.679
1768501718.4180975,36.447
1768501718.5202959,31.83
1768501718.6227891,39.36
1768501718.7252886,37.905
1768501718.827562,36.151
1768501718.933649,43.471
1768501719.0358686,32.521
1768501719.1381283,42.487
1768501719.240345,33.587
1768501719.3425455,40.838
1768501719.4448235,35.362
1768501719.5471268,37.116
1768501719.6492918,40.172
1768501719.7516851,32.225
1768501719.8578482,45.708
1768501719.9600472,33.014
1768501720.0622857,42.807
1768501720.1644552,34.672
1768501720.2666693,38.2
1768501720.368929,38.397
1768501720.4711924,32.126
1768501720.5734508,47.605
1768501720.6759663,32.817
1768501720.7783155,41.724
1768501720.8844843,41.404
1768501720.9867153,32.323
1768501721.0889528,45.118
1768501721.191245,33.014
1768501721.2938185,39.853
1768501721.396678,37.335
1768501721.4989989,32.225
1768501721.6011748,33.508
1768501721.7044585,38.966
1768501721.8101711,38.025
1768501721.912405,32.027
1768501722.0153797,43.373
1768501722.117734,34.573
1768501722.2202747,37.215
1768501722.3224974,40.444
1768501722.4247425,32.323
1768501722.527072,44.429
1768501722.629206,33.409
1768501722.735081,42.979
1768501722.8373237,34.968
1768501722.9395995,38.496
1768501723.0417957,38.102
1768501723.1440454,34.869
1768501723.2463448,44.062
1768501723.3485284,32.718
1768501723.4507551,42.855
1768501723.5530546,35.165
1768501723.6552913,35.933
1768501723.761719,42.585
1768501723.8640974,32.817
1768501723.9663393,40.617
1768501724.0685856,35.362
1768501724.171028,37.412
1768501724.2731714,40.444
1768501724.3754277,32.323
1768501724.4776046,41.995
1768501724.5797906,33.409
1768501724.682107,40.936
1768501724.7866142,36.94
1768501724.8889458,32.027
1768501724.9911935,46.397
1768501725.093545,33.212
1768501725.1957912,40.838
1768501725.2979865,36.546
1768501725.4001348,32.027
1768501725.5024064,46.593
1768501725.6048126,33.113
1768501725.7113447,39.656
1768501725.8136613,35.56
1768501725.9159532,37.434
1768501726.018736,39.087
1768501726.1210926,32.323
1768501726.2232442,45.708
1768501726.3254805,42.954
1768501726.429238,34.08
1768501726.5356727,38.178
1768501726.6419237,38.989
1768501726.7442968,32.305
1768501726.8464913,46.692
1768501726.9486878,32.62
1768501727.0509353,43.373
1768501727.1533957,33.982
1768501727.2556129,38.572
1768501727.3607306,39.853
1768501727.4631076,32.225
1768501727.5654893,47.057
1768501727.6678503,33.212
1768501727.7700908,43.052
1768501727.8723469,34.672
1768501727.9745936,39.557
1768501728.0768914,37.313
1768501728.1792278,36.131
1768501728.2860491,39.482
1768501728.3883648,36.82
1768501728.4905703,36.328
1768501728.592904,41.231
1768501728.6951766,35.933
1768501728.7974248,37.905
1768501728.8996258,40.739
1768501729.001944,32.225
1768501729.104102,44.429
1768501729.206349,33.212
1768501729.3129938,39.557
1768501729.4153364,36.25
1768501729.5175524,35.244
1768501729.6197531,43.274
1768501729.7219062,32.521
1768501729.8242772,42.807
1768501729.926618,33.587
1768501730.0288994,41.822
1768501730.1312702,35.56
1768501730.2362564,36.131
1768501730.3385127,41.109
1768501730.4409964,32.323
1768501730.54325,47.085
1768501730.6453474,33.014
1768501730.7476363,43.176
1768501730.8504248,37.883
1768501730.9528036,37.686
1768501731.0548992,36.25
1768501731.1570241,42.709
1768501731.264125,32.422
1768501731.366418,45.046
1768501731.4686487,33.31
1768501731.5709267,43.176
1768501731.6731493,35.165
1768501731.7753572,38.2
1768501731.8775616,41.133
1768501731.9797337,32.422
1768501732.0820096,44.259
1768501732.1879058,32.718
1768501732.2901797,42.315
1768501732.3923204,34.968
1768501732.4945848,37.609
1768501732.596826,40.247
1768501732.6993766,32.323
1768501732.8015866,45.511
1768501732.904076,33.113
1768501733.0063844,40.936
1768501733.112187,36.053
1768501733.2144468,36.842
1768501733.3166213,43.176
1768501733.4189196,32.422
1768501733.5211291,44.331
1768501733.6233582,33.31
1768501733.7256682,40.912
1768501733.8279803,35.757
1768501733.9302046,37.313
1768501734.0362656,39.36
1768501734.138436,32.225
1768501734.2407403,46.593
1768501734.3429604,32.817
1768501734.4452505,42.659
1768501734.5475655,33.982
1768501734.6497242,41.503
1768501734.7520192,36.151
1768501734.8542082,37.708
1768501734.9565125,38.89
1768501735.0616546,32.323
1768501735.1638498,43.176
1768501735.2660782,33.212
1768501735.3683956,39.087
1768501735.470618,37.039
1768501735.5728366,43.373
1768501735.6761684,32.62
1768501735.7782145,43.274
1768501735.8803475,33.508
1768501735.9835052,39.534
1768501736.0899303,36.032
1768501736.1921215,36.447
1768501736.2942958,43.471
1768501736.3964918,32.521
1768501736.4987638,42.585
1768501736.6010048,33.705
1768501736.7032347,39.186
1768501736.8055196,37.708
1768501736.9076796,35.067
1768501737.014282,43.373
1768501737.1165154,32.62
1768501737.218727,44.331
1768501737.3208797,34.278
1768501737.423196,39.951
1768501737.525343,36.919
1768501737.6275158,37.412
1768501737.7297552,41.724
1768501737.8320081,32.225
1768501737.9392002,46.692
1768501738.0413826,32.521
1768501738.1435926,42.364
1768501738.2458751,33.804
1768501738.3481047,38.792
1768501738.4503894,37.806
1768501738.5525956,32.027
1768501738.6549585,39.262
1768501738.757223,36.426
1768501738.8641067,37.412
1768501738.9662888,40.05
1768501739.068494,32.323
1768501739.1708338,45.118
1768501739.273153,33.113
1768501739.3754776,42.093
1768501739.4779096,34.968
1768501739.58023,38.299
1768501739.6824672,38.572
1768501739.788315,32.323
1768501739.8907576,46.102
1768501739.9932256,34.672
1768501740.0974612,44.331
1768501740.2006078,32.817
1768501740.3056648,41.428
1768501740.4078536,35.461
1768501740.5134058,37.609
1768501740.615668,38.397
1768501740.7178752,32.225
1768501740.8205345,46.987
1768501740.922841,33.686
1768501741.0251477,33.113
1768501741.127423,32.62
1768501741.2295954,32.62
1768501741.3318777,36.032
1768501741.435517,37.905
1768501741.5379493,36.546
1768501741.6401176,34.948
1768501741.742521,34.199
1768501741.8447835,33.686
1768501741.9469576,32.916
1768501742.0490785,35.165
1768501742.1512337,37.116
1768501742.253641,37.806
1768501742.3558075,36.94
1768501742.4588847,34.495
1768501742.5613875,34.573
1768501742.6636233,34.001
1768501742.7658103,34.869
1768501742.8680193,35.856
1768501742.97024,36.546
1768501743.0724297,36.349
1768501743.1746538,37.018
1768501743.2769423,36.151
1768501743.379193,32.62
1768501743.4824386,33.508
1768501743.5880227,31.238
1768501743.6902184,37.883
1768501743.7925699,42.192
1768501743.8948367,34.179
1768501743.9971483,36.799
1768501744.0993552,43.103
1768501744.2015145,32.817
1768501744.3038015,40.566
1768501744.406126,36.645
1768501744.5084367,34.771
1768501744.6154869,46.298
1768501744.717789,32.62
1768501744.8201296,42.782
1768501744.9258482,38.966
1768501745.0281167,37.51
1768501745.1308398,36.447
1768501745.233091,44.724
1768501745.3400466,32.916
1768501745.442276,42.979
1768501745.5445828,34.376
1768501745.6467962,38.693
1768501745.7491543,38.2
1768501745.8513703,36.546
1768501745.9536664,41.921
1768501746.0559862,32.323
1768501746.1582358,44.652
1768501746.263892,32.718
1768501746.366128,42.585
1768501746.4683394,33.705
1768501746.5705853,40.814
1768501746.6728902,35.264
1768501746.7752247,37.828
1768501746.8774369,39.58
1768501746.980071,34.869
1768501747.0823028,44.233
1768501747.184491,32.62
1768501747.2905078,43.176
1768501747.3927703,34.08
1768501747.4951224,37.883
1768501747.5975747,41.33
1768501747.699876,32.422
1768501747.802159,39.163
1768501747.9044833,37.138
1768501748.0067203,33.489
1768501748.1090848,45.413
1768501748.215728,32.718
1768501748.3179944,39.284
1768501748.4203176,36.919
1768501748.522571,36.328
1768501748.6249208,39.262
1768501748.727189,36.722
1768501748.829417,36.131
1768501748.9317074,42.315
1768501749.0340695,32.521
1768501749.1409264,41.896
1768501749.243087,33.686
1768501749.345306,35.264
1768501749.448704,37.905
1768501749.5508893,38.595
1768501749.6530259,32.027
1768501749.7552395,44.357
1768501749.8576016,33.212
1768501749.9597893,41.33
1768501750.0660112,35.56
1768501750.168277,36.623
1768501750.2705119,42.56
1768501750.3726926,32.62
1768501750.4750986,42.487
1768501750.5772643,33.508
1768501750.6794972,41.428
1768501750.7816482,35.461
1768501750.88389,38.595
1768501750.9909909,38.2
1768501751.0932593,35.067
1768501751.1954768,43.398
1768501751.2979457,32.916
1768501751.4002595,43.078
1768501751.5026138,34.573
1768501751.6048777,38.792
1768501751.7073116,38.966
1768501751.809591,33.39
1768501751.9153168,45.834
1768501752.0176082,32.916
1768501752.119846,42.782
1768501752.2222524,34.376
1768501752.324509,38.2
1768501752.4268486,38.003
1768501752.5291288,32.305
1768501752.631312,44.823
1768501752.7335126,32.817
1768501752.835699,43.274
1768501752.9416697,33.705
1768501753.0439045,39.36
1768501753.146132,36.151
1768501753.2483275,37.489
1768501753.35059,42.413
1768501753.4527533,32.521
1768501753.5550513,42.56
1768501753.6572583,33.39
1768501753.7599883,40.345
1768501753.8663688,36.151
1768501753.9687011,37.215
1768501754.070899,32.323
1768501754.17319,46.719
1768501754.2757447,33.212
1768501754.3778944,42.093
1768501754.4800951,34.573
1768501754.5824103,39.557
1768501754.6846147,37.215
1768501754.7868261,36.447
1768501754.8920698,42.684
1768501754.9943583,32.62
1768501755.096594,43.004
1768501755.1991441,34.08
1768501755.301431,38.397
1768501755.4036567,39.754
1768501755.505887,32.323
1768501755.608298,43.373
1768501755.7107255,33.883
1768501755.8173988,41.527
1768501755.9195945,35.461
1768501756.0221708,36.151
1768501756.124457,44.259
1768501756.226707,32.916
1768501756.3290389,41.109
1768501756.4312418,35.362
1768501756.5335243,38.08
1768501756.63568,38.496
1768501756.742875,36.447
1768501756.845094,42.709
1768501756.9474587,32.422
1768501757.0497262,46.692
1768501757.1520543,32.718
1768501757.2544093,42.881
1768501757.356656,33.587
1768501757.4588432,42.512
1768501757.5612838,35.165
1768501757.6674306,38.299
1768501757.7699046,38.595
1768501757.8720555,32.225
1768501757.9742224,44.948
1768501758.0763915,32.718
1768501758.1786773,45.735
1768501758.2809486,34.1
1768501758.3835974,36.623
1768501758.4858754,43.471
1768501758.5882936,32.027
1768501758.6930387,34.573
1768501758.7953603,33.014
1768501758.8982785,36.525
1768501759.0004125,47.479
1768501759.1035464,32.817
1768501759.2058358,43.642
1768501759.3080018,34.771
1768501759.4102376,38.671
1768501759.5123699,37.708
1768501759.6181986,36.623
1768501759.7203763,42.019
1768501759.8225856,32.422
1768501759.9248478,46.298
1768501760.0271218,32.916
1768501760.1293948,43.004
1768501760.23162,33.982
1768501760.33402,43.373
1768501760.4362857,36.623
1768501760.538453,37.313
1768501760.644042,40.641
1768501760.7462533,32.323
1768501760.8484685,44.233
1768501760.9507315,32.323
1768501761.053189,42.093
1768501761.155397,35.165
1768501761.2577283,37.018
1768501761.3600821,40.542
1768501761.46245,32.422
1768501761.5689428,44.285
1768501761.6711621,33.508
1768501761.7733421,40.912
1768501761.8755863,35.56
1768501761.9778888,37.467
1768501762.080162,40.542
1768501762.182468,32.225
1768501762.2848048,46.102
1768501762.3871555,33.31
1768501762.4921288,39.557
1768501762.5946164,36.525
1768501762.6970212,36.94
1768501762.799637,40.739
1768501762.9021924,32.323
1768501763.0054398,47.774
1768501763.1076365,33.014
1768501763.2104776,45.708
1768501763.3127077,33.902
1768501763.419417,37.434
1768501763.5215821,34.376
1768501763.6237752,44.849
1768501763.7263076,32.126
1768501763.8323998,43.176
1768501763.9346626,34.593
1768501764.0368764,39.656
1768501764.1435847,38.2
1768501764.2458289,32.225
1768501764.3481767,45.976
1768501764.4503963,33.409
1768501764.5525944,41.428
1768501764.6548913,36.645
1768501764.7572196,36.546
1768501764.8594263,45.538
1768501764.9618285,32.916
1768501765.0676546,43.767
1768501765.1700246,34.968
1768501765.2722306,38.102
1768501765.375106,40.444
1768501765.4774344,32.225
1768501765.5796745,46.2
1768501765.6818848,33.31
1768501765.7842822,42.709
1768501765.8866389,36.349
1768501765.9926596,35.362
1768501766.094886,44.036
1768501766.1971493,32.225
1768501766.2993822,42.388
1768501766.4016428,33.686
1768501766.503986,39.186
1768501766.6062436,37.806
1768501766.708666,32.126
1768501766.8110447,46.959
1768501766.9175887,33.31
1768501767.0198467,40.444
1768501767.1222997,35.954
1768501767.2245698,36.623
1768501767.3268242,43.078
1768501767.4292219,33.014
1768501767.531529,39.656
1768501767.6343322,36.426
1768501767.7366848,35.539
1768501767.8437698,32.916
1768501767.9470592,44.259
1768501768.0509894,34.179
1768501768.1532025,38.595
1768501768.2553978,41.256
1768501768.357652,32.916
1768501768.4601085,40.838
1768501768.5679512,42.093
1768501768.6702394,35.165
1768501768.772531,39.36
1768501768.874877,39.557
1768501768.9771905,32.126
1768501769.0794094,47.212
1768501769.1816137,33.212
1768501769.2839196,41.921
1768501769.3862367,34.573
1768501769.4884717,37.138
1768501769.5946774,41.822
1768501769.6969275,32.718
1768501769.799255,43.373
1768501769.9014268,34.475
1768501770.003662,37.981
1768501770.1059997,38.89
1768501770.2083645,32.225
1768501770.3105905,45.61
1768501770.4128795,33.212
1768501770.519088,41.503
1768501770.6213672,34.869
1768501770.7235212,37.292
1768501770.8257287,39.679
1768501770.927967,32.404
1768501771.0302308,42.979
1768501771.1324193,32.62
1768501771.2347636,35.856
1768501771.336912,33.508
1768501771.44093,33.014
1768501771.5430477,32.62
1768501771.6451266,36.229
1768501771.7471788,34.869
1768501771.8496869,35.736
1768501771.951916,37.215
1768501772.0540822,37.708
1768501772.156252,37.116
1768501772.262038,35.067
1768501772.365466,35.658
1768501772.471285,35.165
1768501772.573323,34.771
1768501772.6753478,34.672
1768501772.777477,34.475
1768501772.8795578,33.784
1768501772.981679,33.902
1768501773.0837653,33.902
1768501773.185843,34.08
1768501773.2881148,34.376
1768501773.3928335,35.461
1768501773.4950447,35.461
1768501773.597247,35.658
1768501773.6994417,36.82
1768501773.801611,31.929
1768501773.9038308,38.321
1768501774.0061905,45.118
1768501774.1084383,32.718
1768501774.2106547,41.034
1768501774.312822,36.743
1768501774.4185634,32.126
1768501774.5207415,45.806
1768501774.623146,32.916
1768501774.7254937,42.782
1768501774.827838,33.883
1768501774.9301882,40.838
1768501775.0324125,35.362
1768501775.134843,38.792
1768501775.2372723,37.806
1768501775.3395267,35.067
1768501775.4452763,47.675
1768501775.547511,33.113
1768501775.6498015,42.684
1768501775.752292,34.771
1768501775.854435,39.58
1768501775.9566884,36.328
1768501776.0588696,37.215
1768501776.1610603,39.853
1768501776.2632744,32.225
1768501776.3659453,44.894
1768501776.4712074,32.916
1768501776.5734515,43.078
1768501776.6762428,33.784
1768501776.778589,41.133
1768501776.8807452,35.362
1768501776.983049,38.2
1768501777.0851946,38.397
1768501777.1873584,35.56
1768501777.290108,41.231
1768501777.3961916,42.684
1768501777.4995792,33.606
1768501777.6016617,38.792
1768501777.7037652,38.496
1768501777.8058836,32.323
1768501777.9080405,45.288
1768501778.01028,33.31
1768501778.112354,41.921
1768501778.214412,35.362
1768501778.3164618,32.027
1768501778.4224694,45.413
1768501778.5247266,33.31
1768501778.6270359,33.014
1768501778.7292943,40.912
1768501778.8316293,35.954
1768501778.9339988,36.229
1768501779.0364146,44.357
1768501779.138642,32.817
1768501779.2408555,43.176
1768501779.3468835,34.179
1768501779.4491153,38.989
1768501779.551348,37.51
1768501779.6535687,32.126
1768501779.755887,47.774
1768501779.8581188,32.916
1768501779.9603734,42.093
1768501780.0625534,35.56
1768501780.1648781,36.546
1768501780.2671506,42.118
1768501780.374036,32.62
1768501780.4762049,43.446
1768501780.5785036,35.461
1768501780.6808758,32.422
1768501780.7831235,42.585
1768501780.8854718,34.573
1768501780.9876266,37.828
1768501781.0899622,41.822
1768501781.1921613,32.422
1768501781.2983603,43.668
1768501781.4005363,33.587
1768501781.5028808,40.739
1768501781.605134,37.018
1768501781.7076209,35.362
1768501781.809907,44.134
1768501781.9158258,32.817
1768501782.0194104,34.869
1768501782.1262288,36.546
1768501782.2285419,43.373
1768501782.3307195,34.08
1768501782.4329195,38.89
1768501782.5351546,37.138
1768501782.6373472,33.508
1768501782.739524,44.062
1768501782.841701,32.62
1768501782.943937,43.15
1768501783.050016,33.587
1768501783.1522517,42.216
1768501783.254401,35.165
1768501783.356642,37.215
1768501783.458847,39.853
1768501783.5610685,32.323
1768501783.6633503,43.176
1768501783.765569,34.001
1768501783.8678477,39.262
1768501783.9748776,37.905
1768501784.0770478,32.225
1768501784.1792433,45.834
1768501784.2814682,32.817
1768501784.383672,40.715
1768501784.486054,35.362
1768501784.5883563,37.905
1768501784.690562,39.679
1768501784.7928731,32.225
1768501784.8984115,46.79
1768501785.0007734,33.113
1768501785.1029422,42.388
1768501785.2051845,34.573
1768501785.3073916,37.609
1768501785.4096131,40.125
1768501785.5119207,32.323
1768501785.6141794,42.585
1768501785.7164366,33.705
1768501785.818604,41.798
1768501785.925767,35.56
1768501786.027998,37.489
1768501786.1307056,38.572
1768501786.2329352,32.225
1768501786.3383825,46.003
1768501786.4417872,43.078
1768501786.5490081,33.883
1768501786.651247,39.36
1768501786.7535348,37.116
1768501786.855878,36.525
1768501786.9581652,43.274
1768501787.060329,32.62
1768501787.1625874,42.585
1768501787.2647822,33.587
1768501787.367177,40.518
1768501787.4732525,35.856
1768501787.575525,36.82
1768501787.6778398,42.29
1768501787.7801123,32.422
1768501787.8824039,44.062
1768501787.9846566,33.31
1768501788.0868864,43.471
1768501788.1890957,34.573
1768501788.2913618,31.731
1768501788.398895,45.091
1768501788.5010986,33.212
1768501788.6036973,33.113
1768501788.7060125,47.282
1768501788.8086207,33.014
1768501788.9109812,40.247
1768501789.0135508,44.724
1768501789.1158128,34.278
1768501789.218273,32.126
1768501789.3235235,42.881
1768501789.4261973,35.658
1768501789.5285945,36.032
1768501789.6311808,45.315
1768501789.7334564,32.817
1768501789.8359098,41.995
1768501789.938145,35.56
1768501790.0407193,36.328
1768501790.1429493,42.782
1768501790.2499712,32.521
1768501790.3527825,42.56
1768501790.454928,33.686
1768501790.5570645,41.306
1768501790.6603587,35.165
1768501790.7626975,37.434
1768501790.8649678,32.995
1768501790.9671037,44.16
1768501791.0728877,32.62
1768501791.1751037,45.145
1768501791.2772846,33.212
1768501791.3795505,43.446
1768501791.481708,33.982
1768501791.584047,39.459
1768501791.6867394,37.313
1768501791.7890167,33.883
1768501791.891236,44.259
1768501791.9934478,32.817
1768501792.0983007,41.503
1768501792.2004635,36.426
1768501792.3027754,32.027
1768501792.405122,43.767
1768501792.5074375,33.606
1768501792.6096365,42.019
1768501792.7122579,35.264
1768501792.8145454,37.708
1768501792.9167025,39.58
1768501793.018983,32.323
1768501793.1247017,47.549
1768501793.2269845,32.916
1768501793.3292818,42.979
1768501793.431713,35.461
1768501793.5341675,37.313
1768501793.6364994,41.33
1768501793.7387183,32.323
1768501793.841062,43.642
1768501793.9432912,33.31
1768501794.0504165,40.617
1768501794.1526356,35.56
1768501794.2549002,37.116
1768501794.357269,40.148
1768501794.4595027,32.323
1768501794.5617654,44.528
1768501794.6640167,33.409
1768501794.7662473,40.739
1768501794.8686683,36.349
1768501794.9745936,36.328
1768501795.076808,42.684
1768501795.1833656,33.113
1768501795.2868361,34.573
1768501795.3900974,38.966
1768501795.4921439,37.116
1768501795.5988567,36.94
1768501795.7013686,43.471
1768501795.8035827,32.422
1768501795.9057758,45.118
1768501796.0079803,33.212
1768501796.1102023,42.29
1768501796.2124212,34.573
1768501796.3147213,40.05
1768501796.4170966,37.412
1768501796.5225666,33.982
1768501796.624846,43.471
1768501796.7270179,32.521
1768501796.8293893,44.331
1768501796.9315524,33.31
1768501797.033802,42.192
1768501797.135977,34.475
1768501797.2381668,40.345
1768501797.3403711,35.954
1768501797.4426804,36.131
1768501797.5488276,44.134
1768501797.6510937,32.916
1768501797.753297,43.274
1768501797.8554704,34.376
1768501797.957651,38.299
1768501798.0598457,37.708
1768501798.162087,35.264
1768501798.2642555,44.626
1768501798.366458,33.014
1768501798.4729202,42.585
1768501798.5751524,35.067
1768501798.6774664,33.113
1768501798.7796354,43.004
1768501798.881897,35.264
1768501798.984141,37.729
1768501799.0863042,39.186
1768501799.1884685,32.225
1768501799.290728,45.511
1768501799.3929057,32.718
1768501799.4982874,42.388
1768501799.6005137,34.08
1768501799.7027538,39.383
1768501799.8062792,37.905
1768501799.9084375,35.264
1768501800.0107408,34.179
1768501800.1134396,32.126
1768501800.2155302,39.186
1768501800.317811,40.444
1768501800.4242773,34.08
1768501800.5265317,34.573
1768501800.6291435,42.093
1768501800.7317884,36.151
1768501800.8340216,36.525
1768501800.9362159,41.921
1768501801.03843,32.521
1768501801.1407425,44.921
1768501801.2429185,33.113
1768501801.3489697,43.176
1768501801.4512587,34.968
1768501801.5535018,42.093
1768501801.6557229,38.102
1768501801.7579422,36.546
1768501801.8600783,34.771
1768501801.96225,34.278
1768501802.064348,33.686
1768501802.166564,32.916
1768501802.2707453,33.686
1768501802.372886,37.51
1768501802.4751163,37.905
1768501802.5772102,36.053
1768501802.6793165,35.56
1768501802.781398,35.933
1768501802.8834736,35.264
1768501802.9856324,34.968
1768501803.0879846,35.56
1768501803.19025,35.165
1768501803.2925549,35.362
1768501803.397508,35.658
1768501803.4997506,37.313
1768501803.602046,37.018
1768501803.7042742,36.131
1768501803.8064454,35.933
1768501803.9086378,35.362
1768501804.0108042,32.422
1768501804.1131082,32.62
