timestamp,power_watts
1768501804.434953,31.435
1768501804.5385487,36.447
1768501804.6462355,32.323
1768501804.748418,38.496
1768501804.8507655,43.446
1768501804.9529474,33.014
1768501805.0552468,39.853
1768501805.157452,36.525
1768501805.2597463,32.126
1768501805.3620002,47.774
1768501805.4642637,33.31
1768501805.5712354,42.585
1768501805.6734889,35.461
1768501805.7757065,36.82
1768501805.8780427,43.544
1768501805.980356,32.62
1768501806.082595,43.15
1768501806.184821,34.573
1768501806.2871242,39.163
1768501806.3893604,36.645
1768501806.491599,36.349
1768501806.5975642,44.528
1768501806.6998436,32.601
1768501806.8023152,43.497
1768501806.9045062,33.883
1768501807.0067468,42.093
1768501807.1089272,34.869
1768501807.2113495,39.754
1768501807.3136013,37.412
1768501807.4158454,36.229
1768501807.520941,43.544
1768501807.6232197,32.521
1768501807.7254415,43.347
1768501807.8277106,33.982
1768501807.9299242,39.337
1768501808.0324242,36.919
1768501808.1347141,36.919
1768501808.2369618,42.216
1768501808.3392563,32.718
1768501808.445477,43.937
1768501808.5476785,33.883
1768501808.6558144,42.487
1768501808.7579432,34.573
1768501808.860097,38.966
1768501808.962235,37.51
1768501809.064465,34.573
1768501809.1666083,43.544
1768501809.2721186,32.62
1768501809.3743792,42.782
1768501809.476562,33.587
1768501809.5788212,42.019
1768501809.6810474,35.757
1768501809.7833183,38.671
1768501809.8855708,37.905
1768501809.9878466,32.126
1768501810.0901284,46.664
1768501810.1923678,33.014
1768501810.2981193,43.471
1768501810.4002795,34.376
1768501810.502448,40.05
1768501810.604652,36.82
1768501810.7068536,32.126
1768501810.8090434,46.102
1768501810.911388,33.212
1768501811.0135949,43.347
1768501811.1157846,34.968
1768501811.2230942,38.693
1768501811.3253536,38.792
1768501811.4275978,32.126
1768501811.529898,46.692
1768501811.6321685,33.113
1768501811.7344143,39.482
1768501811.8367527,37.215
1768501811.9390163,36.229
1768501812.0413291,44.429
1768501812.1479204,32.916
1768501812.2501416,43.767
1768501812.3524745,34.672
1768501812.4547899,36.842
1768501812.5570726,41.33
1768501812.6592736,32.521
1768501812.7616396,43.471
1768501812.8645031,33.686
1768501812.966866,41.503
1768501813.072836,34.968
1768501813.1763215,39.557
1768501813.278553,38.102
1768501813.381906,39.459
1768501813.483967,32.225
1768501813.5860455,44.921
1768501813.6881,35.362
1768501813.7902508,37.784
1768501813.8923523,39.383
1768501813.9985197,32.323
1768501814.100714,45.413
1768501814.2032528,32.718
1768501814.3057663,42.855
1768501814.4082117,33.409
1768501814.5103698,42.315
1768501814.6128883,35.362
1768501814.7152023,38.792
1768501814.8228223,37.51
1768501814.9250114,36.426
1768501815.0271952,43.176
1768501815.1294048,32.422
1768501815.23158,44.652
1768501815.3339071,33.31
1768501815.436311,41.109
1768501815.5385494,35.067
1768501815.641147,38.277
1768501815.745703,38.89
1768501815.847968,32.225
1768501815.9501393,45.44
1768501816.0523117,32.718
1768501816.1545682,43.176
1768501816.2568114,34.869
1768501816.3590205,39.482
1768501816.4612675,37.412
1768501816.5635204,36.919
1768501816.6656945,40.345
1768501816.7716045,32.323
1768501816.8738492,46.664
1768501816.9760883,33.014
1768501817.0787277,42.881
1768501817.1809485,33.686
1768501817.2832344,41.133
1768501817.3854406,35.56
1768501817.4876142,37.532
1768501817.5900106,39.754
1768501817.6967707,32.323
1768501817.7990282,46.467
1768501817.9014726,41.527
1768501818.0044088,35.933
1768501818.1064513,36.722
1768501818.20852,42.881
1768501818.3107069,33.014
1768501818.4128277,41.503
1768501818.5148952,36.053
1768501818.6173105,34.869
1768501818.7218814,37.905
1768501818.824215,43.274
1768501818.9264688,32.817
1768501819.0286288,42.881
1768501819.1308722,34.08
1768501819.2332535,39.36
1768501819.3353813,38.595
1768501819.437585,32.126
1768501819.5398018,45.878
1768501819.6420164,33.508
1768501819.7442482,43.497
1768501819.850375,35.362
1768501819.9525297,37.981
1768501820.054737,40.912
1768501820.1569195,32.521
1768501820.2591445,44.036
1768501820.3614378,33.409
1768501820.4636037,41.404
1768501820.5658572,35.264
1768501820.6680975,38.671
1768501820.7735543,47.844
1768501820.8758187,34.968
1768501820.978149,33.587
1768501821.080376,45.511
1768501821.1825852,32.817
1768501821.2848723,44.088
1768501821.387079,34.278
1768501821.489428,38.299
1768501821.591691,38.693
1768501821.69388,33.508
1768501821.7990396,46.888
1768501821.901306,32.817
1768501822.003565,43.891
1768501822.1059225,34.376
1768501822.2083259,38.08
1768501822.3112607,38.89
1768501822.4136553,32.225
1768501822.5158837,45.457
1768501822.619476,33.094
1768501822.724531,40.814
1768501822.8268404,38.474
1768501822.930628,38.397
1768501823.0327404,36.546
1768501823.1348739,41.503
1768501823.2369745,32.422
1768501823.3391216,47.647
1768501823.441202,32.916
1768501823.543331,43.176
1768501823.6492164,33.804
1768501823.7515075,40.739
1768501823.8537982,36.743
1768501823.9561007,36.426
1768501824.058371,44.652
1768501824.1606636,32.718
1768501824.2629662,44.062
1768501824.3652754,34.869
1768501824.467474,38.397
1768501824.5697114,38.868
1768501824.6744874,32.225
1768501824.7767498,47.057
1768501824.8790736,33.014
1768501824.9812539,43.792
1768501825.0834713,34.968
1768501825.1856716,38.277
1768501825.287961,38.277
1768501825.3901725,32.323
1768501825.4924142,43.963
1768501825.594752,33.784
1768501825.7004457,40.148
1768501825.8027458,36.623
1768501825.9051735,36.623
1768501826.0074477,43.767
1768501826.1097324,32.718
1768501826.211897,42.881
1768501826.3141656,34.179
1768501826.4164035,39.656
1768501826.518626,38.397
1768501826.6250634,35.736
1768501826.727337,44.921
1768501826.829521,32.916
1768501826.9317532,43.471
1768501827.034082,34.278
1768501827.1362903,38.792
1768501827.2386189,38.375
1768501827.3412848,33.962
1768501827.4434824,46.959
1768501827.550655,41.231
1768501827.6536217,35.954
1768501827.7557418,37.905
1768501827.8579352,38.375
1768501827.959973,36.525
1768501828.0622323,42.979
1768501828.1642683,32.521
1768501828.26637,43.373
1768501828.3684695,33.606
1768501828.4745107,40.641
1768501828.576794,43.57
1768501828.6791258,33.982
1768501828.7813766,39.383
1768501828.8836427,39.087
1768501828.9859495,33.686
1768501829.0883145,44.357
1768501829.1905024,32.62
1768501829.2927706,44.554
1768501829.3949914,33.31
1768501829.50134,40.814
1768501829.6037214,36.426
1768501829.706079,36.94
1768501829.8082316,42.192
1768501829.910418,32.62
1768501830.0126536,43.176
1768501830.1148531,35.165
1768501830.2171566,37.708
1768501830.3194015,39.459
1768501830.426145,33.686
1768501830.528432,46.593
1768501830.6306558,33.212
1768501830.7329018,41.822
1768501830.8352654,36.151
1768501830.9374187,37.532
1768501831.0396857,41.01
1768501831.1420043,32.521
1768501831.2442977,46.2
1768501831.3511171,33.409
1768501831.453359,43.347
1768501831.556239,35.658
1768501831.6583889,37.215
1768501831.7636342,40.838
1768501831.8669944,32.521
1768501831.9692388,47.184
1768501832.0749488,40.05
1768501832.17741,34.968
1768501832.2795417,34.278
1768501832.3816502,33.39
1768501832.483738,33.409
1768501832.5858576,32.916
1768501832.6879325,34.278
1768501832.7901955,36.842
1768501832.8923664,37.412
1768501832.9968379,37.313
1768501833.0989752,36.722
1768501833.2011626,35.757
1768501833.3033123,34.869
1768501833.4053895,34.869
1768501833.5075758,36.328
1768501833.609732,36.053
1768501833.712018,36.053
1768501833.81421,35.954
1768501833.9163532,35.856
1768501834.0185783,36.426
1768501834.123919,37.313
1768501834.2261088,37.116
1768501834.3284397,36.229
1768501834.430722,32.323
1768501834.5329635,32.718
1768501834.635175,33.014
1768501834.7374613,34.376
1768501834.8397305,43.004
1768501834.9419343,33.883
1768501835.0441332,36.645
1768501835.1506639,42.388
1768501835.2529228,33.982
1768501835.3552277,36.645
1768501835.457474,43.373
1768501835.559699,33.39
1768501835.6619704,40.444
1768501835.7641902,36.328
1768501835.866363,36.623
1768501835.96869,41.33
1768501836.0757651,32.521
1768501836.1785197,47.352
1768501836.280702,33.113
1768501836.382878,43.15
1768501836.4862065,33.982
1768501836.5885072,39.087
1768501836.6908,37.905
1768501836.7929265,36.645
1768501836.8951654,41.133
1768501837.000457,45.708
1768501837.10389,33.31
1768501837.2059584,43.078
1768501837.3081865,34.278
1768501837.4102504,39.853
1768501837.5123038,36.426
1768501837.6143117,37.609
1768501837.7163665,40.345
1768501837.8184085,32.521
1768501837.92054,46.931
1768501838.026839,33.508
1768501838.1290452,44.036
1768501838.2312944,34.771
1768501838.3335485,37.905
1768501838.435871,40.936
1768501838.5383148,32.817
1768501838.6417625,33.686
1768501838.7441547,44.456
1768501838.846355,32.897
1768501838.9520526,42.979
1768501839.0543096,34.475
1768501839.1565278,38.89
1768501839.258676,38.003
1768501839.3609324,33.606
1768501839.463091,44.134
1768501839.5653336,33.113
1768501839.6676042,44.062
1768501839.7699265,34.573
1768501839.87645,37.708
1768501839.9787548,39.36
1768501840.0810719,32.422
1768501840.1833882,44.823
1768501840.285611,33.489
1768501840.387985,41.306
1768501840.4903145,35.856
1768501840.5925837,36.722
1768501840.694827,41.01
1768501840.797303,32.62
1768501840.902467,42.782
1768501841.0048692,33.291
1768501841.1072373,42.954
1768501841.2100494,34.475
1768501841.312309,39.383
1768501841.4146895,36.328
1768501841.5168848,36.842
1768501841.6191075,41.921
1768501841.7215064,32.718
1768501841.8280222,33.982
1768501841.9310277,38.868
1768501842.0332947,38.496
1768501842.135387,32.422
1768501842.2374814,43.373
1768501842.3396566,35.067
1768501842.4417799,37.686
1768501842.5439413,39.656
1768501842.6460176,32.323
1768501842.7481546,46.692
1768501842.8539813,33.31
1768501842.956184,41.601
1768501843.0584812,35.856
1768501843.160848,36.426
1768501843.263276,42.684
1768501843.3656192,32.718
1768501843.467913,43.15
1768501843.5702293,35.461
1768501843.6724765,36.743
1768501843.7747798,42.782
1768501843.8797762,32.817
1768501843.9821553,43.694
1768501844.0844042,33.902
1768501844.186722,41.231
1768501844.2891262,36.032
1768501844.3913512,37.806
1768501844.4936113,41.527
1768501844.595896,34.771
1768501844.6983364,37.138
1768501844.8041334,42.388
1768501844.9064314,32.817
1768501845.0086267,37.905
1768501845.1109414,38.868
1768501845.2132063,32.323
1768501845.3155951,47.549
1768501845.4180744,33.113
1768501845.5204177,40.664
1768501845.622663,36.053
1768501845.7249582,36.151
1768501845.832958,45.583
1768501845.9352953,32.916
1768501846.0375497,43.176
1768501846.1411364,33.982
1768501846.2434514,39.459
1768501846.3459396,36.82
1768501846.4482102,33.982
1768501846.5506017,33.014
1768501846.6570706,42.192
1768501846.7592099,34.771
1768501846.8612752,37.489
1768501846.9636085,39.951
1768501847.065706,32.422
1768501847.167805,47.352
1768501847.2699137,33.212
1768501847.3720217,41.33
1768501847.4741611,35.362
1768501847.5797427,36.405
1768501847.682042,42.118
1768501847.7844245,32.718
1768501847.886735,43.57
1768501847.9890313,34.573
1768501848.0912504,37.609
1768501848.194514,40.345
1768501848.2968795,32.817
1768501848.399123,43.471
1768501848.5054018,35.165
1768501848.607855,32.422
1768501848.7101479,40.715
1768501848.8125892,36.032
1768501848.9148364,37.905
1768501849.0172396,40.739
1768501849.1195178,32.323
1768501849.2218564,46.369
1768501849.3241956,33.409
1768501849.4328501,40.641
1768501849.5350723,36.82
1768501849.6373396,36.032
1768501849.7395835,45.243
1768501849.841805,32.817
1768501849.9440875,43.57
1768501850.0468698,33.982
1768501850.149154,37.905
1768501850.251575,40.814
1768501850.3573055,32.62
1768501850.4594803,42.093
1768501850.5617619,35.461
1768501850.6644635,37.51
1768501850.766739,41.133
1768501850.8690622,32.521
1768501850.9712486,44.921
1768501851.0734558,41.798
1768501851.1772223,35.56
1768501851.2831016,36.919
1768501851.3853645,40.321
1768501851.487618,32.62
1768501851.5899353,42.979
1768501851.6923156,35.165
1768501851.794639,38.769
1768501851.896879,38.277
1768501851.9991088,32.126
1768501852.1013606,46.172
1768501852.2074218,33.31
1768501852.3097472,43.249
1768501852.4121811,34.869
1768501852.514502,38.943
1768501852.616711,38.003
1768501852.7189772,36.426
1768501852.8212352,43.668
1768501852.9235597,32.7
1768501853.0258508,43.347
1768501853.131471,34.278
1768501853.2338142,39.951
1768501853.336053,37.215
1768501853.438339,36.919
1768501853.5405724,44.331
1768501853.6428456,32.817
1768501853.745094,43.544
1768501853.8473945,33.686
1768501853.949662,41.896
1768501854.0518436,35.638
1768501854.157832,38.966
1768501854.260201,37.905
1768501854.362449,36.328
1768501854.4646695,42.487
1768501854.5670004,32.718
1768501854.669132,43.446
1768501854.7714431,34.376
1768501854.873541,39.679
1768501854.9756918,36.82
1768501855.0819688,36.82
1768501855.1841216,41.625
1768501855.286313,32.521
1768501855.3889534,47.38
1768501855.4911275,33.113
1768501855.5932925,43.544
1768501855.6955264,34.475
1768501855.7977328,38.595
1768501855.9000168,32.323
1768501856.0027578,47.254
1768501856.109088,33.212
1768501856.2113307,42.881
1768501856.313624,34.869
1768501856.4158382,38.102
1768501856.518118,38.572
1768501856.620789,32.323
1768501856.723259,46.102
1768501856.825731,33.784
1768501856.928038,38.299
1768501857.0337074,41.724
1768501857.1358554,32.521
1768501857.238081,43.078
1768501857.3402474,33.784
1768501857.4425735,39.656
1768501857.5448387,37.981
1768501857.6471639,32.225
1768501857.7494247,46.397
1768501857.851778,32.817
1768501857.9540284,43.57
1768501858.0588422,34.672
1768501858.1611345,39.065
1768501858.2634518,37.51
1768501858.3656802,33.291
1768501858.467875,45.386
1768501858.570061,33.31
1768501858.6723437,32.62
1768501858.7748177,43.078
1768501858.8771212,34.278
1768501858.979466,38.671
1768501859.0841599,38.868
1768501859.1864984,32.225
1768501859.2887244,45.61
1768501859.3910725,33.31
1768501859.4937453,41.921
1768501859.5959475,36.131
1768501859.6982834,36.328
1768501859.8005235,43.767
1768501859.9069839,32.62
1768501860.010259,42.782
1768501860.1124954,34.475
1768501860.2148519,38.003
1768501860.3184066,38.496
1768501860.4206164,32.323
1768501860.523105,47.942
1768501860.625549,41.896
1768501860.7276683,34.672
1768501860.8299332,39.337
1768501860.935183,37.51
1768501861.0374293,32.601
1768501861.1397996,44.724
1768501861.2419753,32.817
1768501861.3441534,43.201
1768501861.4463286,33.705
1768501861.548533,41.503
1768501861.6509044,35.954
1768501861.75314,37.806
1768501861.8602247,39.951
1768501861.962476,32.225
1768501862.064631,47.717
1768501862.1669817,33.113
1768501862.269313,43.176
1768501862.3715377,34.672
1768501862.4737203,43.471
1768501862.5761254,36.546
1768501862.6783218,35.461
1768501862.7825437,34.08
1768501862.8846085,33.113
1768501862.9867916,32.718
1768501863.0891678,36.229
1768501863.191391,37.883
1768501863.2935252,36.919
1768501863.3956466,36.25
1768501863.4999106,35.067
1768501863.6021314,35.461
1768501863.706166,34.376
1768501863.8083377,33.804
1768501863.9104078,33.31
1768501864.0125663,32.62
1768501864.115049,36.623
1768501864.2173016,38.102
1768501864.3195493,37.018
1768501864.4219258,37.215
1768501864.5278425,36.82
1768501864.6326995,35.736
1768501864.7349532,34.672
1768501864.8372464,32.422
1768501864.9394884,32.817
1768501865.042203,33.014
1768501865.144372,31.633
1768501865.246669,36.82
1768501865.3491673,40.936
1768501865.4513333,35.264
1768501865.5534682,35.461
1768501865.6585758,46.271
1768501865.7608309,33.113
1768501865.8630319,41.404
1768501865.9653647,35.736
1768501866.0675106,36.426
1768501866.1697438,41.896
1768501866.27197,32.62
1768501866.3744216,43.767
1768501866.4765868,34.08
1768501866.5787618,37.981
1768501866.6844354,39.36
1768501866.7866497,32.521
1768501866.8889086,44.948
1768501866.991139,32.817
1768501867.093316,42.954
1768501867.1955795,33.489
1768501867.2978199,41.699
1768501867.4000142,35.658
1768501867.502212,37.806
1768501867.6043718,42.192
1768501867.7100198,32.62
1768501867.812326,43.176
1768501867.9145842,33.883
1768501868.0170665,39.36
1768501868.119421,37.806
1768501868.2218459,34.573
1768501868.3241782,45.413
1768501868.4263968,33.31
1768501868.5287023,41.231
1768501868.6340399,43.004
1768501868.7366881,34.672
1768501868.839049,38.89
1768501868.9412165,38.2
1768501869.0434442,32.225
1768501869.1493242,44.823
1768501869.251773,33.291
1768501869.3540177,41.231
1768501869.4624856,36.645
1768501869.5648372,32.206
1768501869.6671941,47.45
1768501869.769426,41.207
1768501869.8729765,36.525
1768501869.9752426,32.323
1768501870.077575,42.684
1768501870.1847591,34.672
1768501870.2870016,37.981
1768501870.389249,40.247
1768501870.491447,32.521
1768501870.5939827,42.979
1768501870.6962385,34.179
1768501870.7987125,39.679
1768501870.901189,38.595
1768501871.0073154,32.422
1768501871.109551,43.471
1768501871.2119496,34.08
1768501871.3141942,41.33
1768501871.4164963,36.525
1768501871.518654,36.447
1768501871.6210701,45.019
1768501871.7234573,33.113
1768501871.8257363,40.42
1768501871.9280307,37.215
1768501872.0341532,32.126
1768501872.136371,45.046
1768501872.2386518,33.686
1768501872.340994,40.05
1768501872.4433017,37.116
1768501872.5457008,32.601
1768501872.6480916,46.003
1768501872.750457,33.409
1768501872.8528373,41.995
1768501872.9589455,35.954
1768501873.0613391,37.708
1768501873.1634998,39.163
1768501873.2656882,32.323
1768501873.3680243,45.315
1768501873.4704056,32.817
1768501873.5734756,42.709
1768501873.676069,35.757
1768501873.778298,36.349
1768501873.8842783,41.503
1768501873.9866388,32.521
1768501874.0889683,46.888
1768501874.1911755,33.409
1768501874.2934296,34.672
1768501874.3954933,38.89
1768501874.497646,37.806
1768501874.5998397,32.323
1768501874.7021768,45.118
1768501874.8080318,33.784
1768501874.910336,40.739
1768501875.0127845,36.426
1768501875.115068,36.645
1768501875.2173648,42.979
1768501875.319576,32.521
1768501875.4218493,43.767
1768501875.5242586,33.784
1768501875.6264637,41.034
1768501875.7288797,36.82
1768501875.833756,32.225
1768501875.9360752,44.528
1768501876.0382826,34.278
1768501876.140886,36.722
1768501876.2434154,46.495
1768501876.3456469,33.409
1768501876.44796,42.019
1768501876.550262,36.328
1768501876.6524985,36.722
1768501876.7597253,46.326
1768501876.8621294,32.817
1768501876.964514,43.373
1768501877.0667698,34.376
1768501877.1690307,38.769
1768501877.271294,39.087
1768501877.3737004,32.225
1768501877.4759374,47.675
1768501877.5783062,33.113
1768501877.6834824,43.274
1768501877.7856529,35.165
1768501877.8879912,38.08
1768501877.9911487,39.853
1768501878.0934093,32.422
1768501878.19678,44.626
1768501878.2990506,33.409
1768501878.4013445,39.928
1768501878.5037663,36.525
1768501878.6090405,32.225
1768501878.7113276,37.708
1768501878.8139188,39.557
1768501878.9162402,43.471
1768501879.019584,33.686
1768501879.121707,41.207
1768501879.2237797,35.461
1768501879.325993,35.342
1768501879.428088,45.413
1768501879.5352414,32.916
1768501879.637503,42.979
1768501879.7397642,33.409
1768501879.8421793,38.277
1768501879.944455,40.838
1768501880.0466607,34.179
1768501880.1489644,36.25
1768501880.2513492,46.003
1768501880.3535817,33.508
1768501880.457397,39.557
1768501880.5610688,39.262
1768501880.6634426,32.323
1768501880.7658715,45.583
1768501880.8681815,34.376
1768501880.9704359,32.323
1768501881.0729814,37.708
1768501881.1753838,41.207
1768501881.2776484,33.705
1768501881.3856294,37.708
1768501881.4878082,45.413
1768501881.5900245,33.587
1768501881.6922293,32.126
1768501881.7944953,43.937
1768501881.8966944,33.291
1768501881.998834,41.97
1768501882.101121,34.968
1768501882.2033572,38.769
1768501882.3088455,38.595
1768501882.4114912,33.962
1768501882.5137959,43.373
1768501882.616059,32.718
1768501882.7183638,42.954
1768501882.8217506,33.39
1768501882.923894,41.896
1768501883.0262146,35.362
1768501883.1283963,39.042
1768501883.2342162,36.623
1768501883.3364713,37.905
1768501883.4387233,32.323
1768501883.5425234,47.254
1768501883.644572,33.31
1768501883.7466938,43.176
1768501883.8488197,35.165
1768501883.951032,38.792
1768501884.0532448,37.313
1768501884.1593614,36.722
1768501884.2615364,40.542
1768501884.3638315,32.521
1768501884.4660628,47.282
1768501884.5683424,33.113
1768501884.6705518,42.757
1768501884.7728896,34.573
1768501884.875064,40.247
1768501884.9773588,36.623
1768501885.0834453,36.405
1768501885.1857126,42.093
1768501885.2878778,37.806
1768501885.3901298,36.623
1768501885.4922805,41.034
1768501885.5945385,32.62
1768501885.6967194,43.373
1768501885.799144,33.784
1768501885.9014072,41.798
1768501886.0037346,35.461
1768501886.1100543,38.397
1768501886.2123423,38.989
1768501886.3145409,36.743
1768501886.4166965,42.192
1768501886.5189435,32.62
1768501886.6212714,46.129
1768501886.7235756,33.489
1768501886.8259103,41.798
1768501886.9281018,34.968
1768501887.0361905,39.876
1768501887.138386,37.708
1768501887.2418365,36.623
1768501887.3441255,41.404
1768501887.446274,32.521
1768501887.5485673,43.544
1768501887.650714,33.686
1768501887.7530854,40.345
1768501887.8589041,36.743
1768501887.961212,38.397
1768501888.0633736,36.701
1768501888.1661208,42.782
1768501888.2681813,33.014
1768501888.3702147,42.684
1768501888.4723327,35.165
1768501888.5743768,32.323
1768501888.6765625,41.527
1768501888.7787106,35.362
1768501888.8835945,38.277
1768501888.9859586,39.262
1768501889.0882392,32.323
1768501889.190456,47.029
1768501889.2926486,33.31
1768501889.394958,43.398
1768501889.4971347,35.362
1768501889.5994182,37.806
1768501889.7019224,40.369
1768501889.8042557,32.422
1768501889.910487,47.479
1768501890.0127902,33.113
1768501890.1150107,43.741
1768501890.2172534,34.573
1768501890.3194983,40.345
1768501890.4218082,37.313
1768501890.5241892,37.018
1768501890.6265316,42.906
1768501890.7287831,32.817
1768501890.8349948,42.881
1768501890.9373639,35.165
1768501891.0396543,38.057
1768501891.142009,40.345
1768501891.244308,32.422
1768501891.346555,44.751
1768501891.4488752,33.705
1768501891.55124,41.207
1768501891.6534758,35.933
1768501891.7557783,32.323
1768501891.86166,43.715
1768501891.9639976,33.606
1768501892.0663724,41.231
1768501892.1688974,35.954
1768501892.2741063,37.116
1768501892.3763392,42.216
1768501892.4785974,32.521
1768501892.5855663,33.31
1768501892.6893919,42.019
1768501892.7914839,35.461
1768501892.8937304,41.33
1768501892.9958868,37.215
1768501893.0981042,37.806
1768501893.2003555,36.032
1768501893.302538,34.869
1768501893.4063506,33.883
1768501893.5084612,33.113
1768501893.6106231,32.916
1768501893.7127376,32.817
1768501893.8148518,36.623
1768501893.917088,38.003
1768501894.0191472,36.546
1768501894.1212687,36.151
1768501894.223504,35.461
1768501894.3256817,35.264
1768501894.4279468,35.757
1768501894.5335748,36.032
1768501894.6358209,37.236
1768501894.7381008,37.412
1768501894.840284,37.215
1768501894.9425077,36.032
1768501895.044878,32.422
1768501895.1470838,32.62
1768501895.249304,32.916
1768501895.3515036,33.508
1768501895.453701,33.982
1768501895.556153,37.018
1768501895.659771,37.905
1768501895.7631595,41.625
1768501895.8654103,35.461
1768501895.9677699,37.215
1768501896.0699883,46.369
1768501896.1721919,33.212
1768501896.274749,41.527
1768501896.3769767,36.053
1768501896.4791574,37.708
1768501896.5813646,41.034
1768501896.6842597,32.422
1768501896.7895818,43.642
1768501896.891915,33.883
1768501896.9941792,39.262
1768501897.0965128,37.313
1768501897.1998785,37.116
1768501897.3020754,42.29
1768501897.4044333,32.62
1768501897.506618,44.134
1768501897.6090033,33.39
1768501897.714873,37.609
1768501897.8182359,36.426
1768501897.9204142,44.134
1768501898.0226166,32.718
1768501898.1248827,44.823
1768501898.2269943,33.508
1768501898.3292675,40.542
1768501898.4314997,35.757
1768501898.5335703,32.027
1768501898.6394162,40.05
1768501898.7416255,37.313
1768501898.8438911,36.645
1768501898.9462209,41.601
1768501899.0485184,32.718
1768501899.150707,46.003
1768501899.252981,33.31
1768501899.3552787,43.642
1768501899.4577541,34.573
1768501899.5646813,39.163
1768501899.6669178,38.496
1768501899.7696335,32.323
1768501899.871936,47.577
1768501899.9741929,33.409
1768501900.076562,41.503
1768501900.1788409,35.461
1768501900.2812116,38.693
1768501900.3834288,40.148
1768501900.4897928,32.422
1768501900.5920963,47.085
1768501900.694386,33.212
1768501900.7966743,41.306
1768501900.8993814,35.461
1768501901.0016224,37.412
1768501901.1038234,40.467
1768501901.206084,32.422
1768501901.3083394,47.577
1768501901.4140174,33.113
1768501901.5189772,41.822
1768501901.6211731,35.165
1768501901.7234938,32.126
1768501901.8256822,45.511
1768501901.927912,33.113
1768501902.0301707,41.306
1768501902.1325154,35.856
1768501902.2386534,44.724
1768501902.3416781,33.508
1768501902.4437156,40.073
1768501902.5459194,37.708
1768501902.6480901,32.422
1768501902.7503383,44.233
1768501902.8525655,33.804
1768501902.9547234,39.754
1768501903.0568798,36.919
1768501903.1590443,35.933
1768501903.2651694,42.881
1768501903.367392,33.014
1768501903.4700706,43.176
1768501903.5723612,34.475
1768501903.6746173,36.722
1768501903.7768974,43.741
1768501903.8791256,32.916
1768501903.9815218,43.767
1768501904.0837905,34.179
1768501904.1904342,40.739
1768501904.2927012,36.525
1768501904.3949287,37.313
1768501904.4971924,41.034
1768501904.5995345,32.62
1768501904.7018394,41.601
1768501904.8041072,35.165
1768501904.906439,38.321
1768501905.0087488,39.777
1768501905.1162386,32.422
1768501905.2184687,46.664
1768501905.3206902,33.014
1768501905.4228888,43.373
1768501905.5251122,34.08
1768501905.6273096,38.769
1768501905.7296505,38.2
1768501905.8319821,36.623
1768501905.9342506,41.995
1768501906.036934,32.718
1768501906.1436043,40.814
1768501906.2458546,41.034
1768501906.3481913,32.521
1768501906.4508817,47.254
1768501906.5531855,33.212
1768501906.6554236,43.15
1768501906.7578359,35.067
1768501906.860204,37.51
1768501906.9625275,37.708
1768501907.067657,46.888
1768501907.1709526,33.113
1768501907.273142,42.265
1768501907.3753293,35.362
1768501907.4774206,37.587
1768501907.5796387,40.345
1768501907.6817431,32.62
1768501907.7838955,43.176
1768501907.8861961,33.784
1768501907.9885252,38.693
1768501908.0952656,39.459
1768501908.1998773,32.422
1768501908.302238,43.57
1768501908.404426,34.179
1768501908.5067155,38.277
1768501908.6092741,43.57
1768501908.7116787,35.461
1768501908.8140733,38.671
1768501908.9204128,41.207
1768501909.0230923,32.916
1768501909.1255038,43.15
1768501909.228055,38.102
1768501909.330411,32.502
1768501909.4329715,47.282
1768501909.5352895,33.212
1768501909.63799,40.936
1768501909.740316,37.806
1768501909.847188,32.225
1768501909.9498997,45.583
1768501910.0520995,33.883
1768501910.1543157,37.883
1768501910.2565608,38.595
1768501910.3592265,32.305
1768501910.4615097,44.429
1768501910.565128,33.113
1768501910.669792,44.16
1768501910.7720954,35.461
1768501910.8743696,37.905
1768501910.976591,39.482
1768501911.078802,32.323
1768501911.1810374,45.189
1768501911.2833378,33.113
1768501911.3856893,42.585
1768501911.487839,35.264
1768501911.5902433,38.299
1768501911.6957438,32.62
1768501911.7978916,46.369
1768501911.8999949,33.113
1768501912.0020406,43.865
1768501912.1042206,34.573
1768501912.2063975,40.838
1768501912.3085353,36.645
1768501912.4105887,36.898
1768501912.5127378,41.625
1768501912.6147985,32.718
1768501912.7169287,43.57
1768501912.8228164,34.278
1768501912.9252474,38.671
1768501913.0276325,38.572
1768501913.1297565,33.982
1768501913.2322204,47.057
1768501913.3344746,33.31
1768501913.4367023,41.995
1768501913.5389836,34.672
1768501913.641215,38.595
1768501913.7477162,38.868
1768501913.849977,34.061
1768501913.9521987,43.078
1768501914.054476,32.718
1768501914.156745,42.782
1768501914.2591064,33.784
1768501914.3616204,39.777
1768501914.463926,36.919
1768501914.5662954,37.018
1768501914.672066,43.052
1768501914.7747655,32.916
1768501914.8771806,43.57
1768501914.9793296,33.606
1768501915.081528,40.345
1768501915.188573,37.313
1768501915.2908006,32.225
1768501915.3992927,46.102
1768501915.5014975,33.014
1768501915.6037214,42.093
1768501915.7059681,34.968
1768501915.8083515,37.905
1768501915.9106014,39.482
1768501916.0129397,32.422
1768501916.115198,32.817
1768501916.2224684,43.347
1768501916.3249137,34.573
1768501916.4271863,38.89
1768501916.5294363,37.51
1768501916.6321912,36.229
1768501916.7344134,43.741
1768501916.8367875,32.817
1768501916.93901,43.57
1768501917.0411794,34.08
1768501917.1461122,40.05
1768501917.2482884,36.94
1768501917.350631,36.919
1768501917.4529743,44.429
1768501917.555273,32.817
1768501917.6575086,43.347
1768501917.7597928,35.362
1768501917.8620358,38.2
1768501917.9642437,38.769
1768501918.0664644,32.323
1768501918.1722999,45.413
1768501918.2745295,33.508
1768501918.376854,40.223
1768501918.4791696,37.806
1768501918.581506,32.62
1768501918.6838171,36.799
1768501918.7860599,44.554
1768501918.8883567,32.718
1768501918.990553,45.118
1768501919.0968716,33.409
1768501919.199073,42.979
1768501919.3013155,34.672
1768501919.403991,40.444
1768501919.5061383,36.25
1768501919.608262,36.447
1768501919.7118864,41.625
1768501919.8141744,32.718
1768501919.9164205,43.57
1768501920.0216188,33.982
1768501920.1238508,37.686
1768501920.2260919,39.459
1768501920.328313,32.422
1768501920.4305482,46.593
1768501920.5328865,33.508
1768501920.6352954,41.724
1768501920.7375438,35.757
1768501920.8399742,43.642
1768501920.9427094,32.817
1768501921.0472817,43.668
1768501921.1495373,34.475
1768501921.2518744,39.951
1768501921.3541343,37.215
1768501921.4565,36.919
1768501921.5587125,42.192
1768501921.6610057,32.62
1768501921.763344,44.062
1768501921.8657253,34.179
1768501921.9679792,41.133
1768501922.0734692,36.623
1768501922.1757889,38.003
1768501922.2780247,42.216
1768501922.3803127,32.62
1768501922.4826567,44.429
1768501922.5850143,33.606
1768501922.6872478,42.118
1768501922.789556,35.757
1768501922.8917463,39.065
1768501922.9985683,38.769
1768501923.1007402,35.441
1768501923.2029073,43.741
1768501923.3052285,35.56
1768501923.4074059,33.784
1768501923.5096993,33.31
1768501923.6118574,32.916
1768501923.7139654,32.718
1768501923.8162613,32.62
1768501923.9199417,34.968
1768501924.0220895,36.328
1768501924.124189,36.722
1768501924.2286782,37.806
1768501924.3308928,38.102
1768501924.434237,37.806
1768501924.5366044,37.116
1768501924.638981,36.82
1768501924.7412148,35.441
1768501924.8462102,32.521
1768501924.9485147,32.521
1768501925.050761,32.718
1768501925.1530747,33.212
1768501925.2553785,33.606
1768501925.357699,34.278
1768501925.459972,34.968
1768501925.5622203,36.25
1768501925.6655803,32.422
1768501925.7713985,32.718
1768501925.8736274,33.094
1768501925.9760015,31.633
1768501926.0783749,34.179
1768501926.1809843,32.798
1768501926.2833104,40.444
1768501926.3855505,39.459
1768501926.4878414,32.718
1768501926.5901153,37.609
1768501926.6923218,43.471
1768501926.798176,33.31
1768501926.9003937,41.231
1768501927.002611,37.116
1768501927.10489,36.131
1768501927.2071776,44.429
1768501927.309387,32.817
1768501927.411579,43.274
1768501927.513727,34.376
1768501927.616058,38.716
1768501927.7229285,39.754
1768501927.8252447,32.422
1768501927.9274013,45.806
1768501928.0297863,33.31
1768501928.131908,42.782
1768501928.2342505,34.869
1768501928.3364863,37.981
1768501928.4387918,39.876
1768501928.5410855,32.225
1768501928.6488457,38.025
1768501928.751139,41.404
1768501928.8534405,32.718
1768501928.9572394,43.57
1768501929.059599,33.784
1768501929.1618357,39.36
1768501929.264139,37.412
1768501929.3663616,36.919
1768501929.4722192,42.019
1768501929.5744326,32.62
1768501929.676644,42.881
1768501929.778876,33.982
1768501929.8811865,39.186
1768501929.983408,37.018
1768501930.0856757,45.44
1768501930.1885293,32.916
1768501930.2906404,42.684
1768501930.3974066,34.672
1768501930.4996586,38.769
1768501930.602037,38.89
1768501930.7041728,32.323
1768501930.8066704,47.45
1768501930.9088197,33.113
1768501931.0111532,43.373
1768501931.1133323,33.883
1768501931.2155476,41.404
1768501931.3225434,35.856
1768501931.424778,38.474
1768501931.5270495,39.557
1768501931.6293561,32.422
1768501931.731578,45.637
1768501931.8337405,33.409
1768501931.9360027,42.29
1768501932.0381927,35.362
1768501932.1403892,38.08
1768501932.2426658,38.693
1768501932.34784,33.686
1768501932.450007,46.003
1768501932.5522044,32.916
1768501932.654433,44.16
1768501932.7567017,34.672
1768501932.8589401,37.784
1768501932.9612045,39.853
1768501933.0634906,32.323
1768501933.165641,47.282
1768501933.2680013,32.916
1768501933.3726811,43.249
1768501933.47492,34.08
1768501933.5775201,42.118
1768501933.679687,35.461
1768501933.7818973,36.82
1768501933.8840835,41.034
1768501933.986408,32.521
1768501934.0885656,48.335
1768501934.1906934,33.113
1768501934.2928958,43.668
1768501934.3984525,34.672
1768501934.5006483,39.36
1768501934.6029086,37.609
1768501934.7051363,34.376
1768501934.807448,44.626
1768501934.909634,43.57
1768501935.0123487,34.278
1768501935.1143994,40.247
1768501935.2164166,36.525
1768501935.3238168,37.51
1768501935.426004,40.838
1768501935.5281484,32.422
1768501935.6303728,47.577
1768501935.7326152,33.39
1768501935.8348238,41.724
1768501935.9370015,36.032
1768501936.0392647,37.905
1768501936.1415033,39.163
1768501936.2477145,34.554
1768501936.349911,45.216
1768501936.4520664,32.718
1768501936.5543697,43.176
1768501936.6565413,33.686
1768501936.7588327,40.814
1768501936.8611066,36.032
1768501936.9633853,36.898
1768501937.0656626,41.724
1768501937.1678958,32.521
1768501937.2732863,45.511
1768501937.375482,33.193
1768501937.4776824,42.979
1768501937.5800366,35.658
1768501937.6822162,36.525
1768501937.784582,44.554
1768501937.8872404,32.916
1768501937.9895132,43.865
1768501938.0916734,34.475
1768501938.194044,36.743
1768501938.3011262,46.298
1768501938.403389,33.606
1768501938.5059648,43.3
1768501938.6102824,40.148
1768501938.7125394,33.508
1768501938.814755,38.102
1768501938.9169261,44.456
1768501939.0193875,36.328
1768501939.1250901,32.521
1768501939.2273223,44.823
1768501939.3295681,33.489
1768501939.4318814,41.625
1768501939.5340815,37.708
1768501939.63694,41.896
1768501939.7391684,32.718
1768501939.8412921,43.544
1768501939.943417,33.686
1768501940.0487983,39.459
1768501940.1512225,38.102
1768501940.253411,36.328
1768501940.3559215,45.413
1768501940.4580956,33.113
1768501940.5606213,43.373
1768501940.6628234,34.376
1768501940.7652795,38.178
1768501940.8676035,38.299
1768501940.974524,34.08
1768501941.0767121,43.741
1768501941.1793911,32.62
1768501941.281623,44.626
1768501941.3840585,33.489
1768501941.4863365,42.512
1768501941.5888257,35.165
1768501941.6911047,38.299
1768501941.7935433,39.853
1768501941.899743,32.422
1768501942.001963,43.595
1768501942.104183,35.362
1768501942.2064068,32.108
1768501942.3089216,43.15
1768501942.4111822,33.705
1768501942.5133808,41.503
1768501942.6155338,35.954
1768501942.7176392,37.609
1768501942.8199816,40.27
1768501942.9269655,32.422
1768501943.0292978,46.636
1768501943.1314752,33.212
1768501943.235283,44.259
1768501943.3374803,33.883
1768501943.43976,42.118
1768501943.5420277,35.165
1768501943.644326,38.792
1768501943.7514627,38.299
1768501943.853756,32.422
1768501943.9560049,48.138
1768501944.0582683,43.15
1768501944.1609423,34.278
1768501944.2632236,40.026
1768501944.3653102,37.116
1768501944.4673817,37.039
1768501944.5695028,41.822
1768501944.6753926,32.718
1768501944.777621,43.642
1768501944.8798783,34.278
1768501944.982223,40.739
1768501945.0844986,36.82
1768501945.1866934,37.116
1768501945.2889013,41.601
1768501945.3911223,32.62
1768501945.4934034,43.078
1768501945.6007736,34.179
1768501945.7030637,36.053
1768501945.8052998,47.155
1768501945.907575,33.409
1768501946.0098162,43.078
1768501946.1119883,34.968
1768501946.2141657,38.868
1768501946.3164198,38.792
1768501946.4186776,36.229
1768501946.5254073,43.865
1768501946.6276217,32.718
1768501946.7298305,43.668
1768501946.8321128,34.376
1768501946.9347916,39.853
1768501947.037058,37.018
1768501947.139224,37.412
1768501947.2414198,41.01
1768501947.3435626,32.422
1768501947.449135,44.849
1768501947.5514805,33.784
1768501947.654953,41.306
1768501947.7571473,36.349
1768501947.8593488,37.806
1768501947.9615192,40.05
1768501948.0640366,32.422
1768501948.1663365,47.45
1768501948.2686684,33.31
1768501948.3742576,36.898
1768501948.4766295,41.034
1768501948.5792074,32.718
1768501948.6815677,43.471
1768501948.7840152,36.053
1768501948.8860672,36.82
1768501948.9881501,43.274
1768501949.090234,33.094
1768501949.1923144,38.474
1768501949.2943969,39.163
1768501949.4005754,32.521
1768501949.5029442,43.57
1768501949.605262,34.376
1768501949.7074564,38.868
1768501949.8096871,39.163
1768501949.9118977,32.521
1768501950.0141642,43.471
1768501950.116464,34.475
1768501950.2187002,39.087
1768501950.3244307,40.739
1768501950.4266574,32.62
1768501950.529024,43.937
1768501950.6311953,34.278
1768501950.7333903,39.754
1768501950.8355794,37.708
1768501950.9378803,36.328
1768501951.0402107,44.233
1768501951.1423852,32.916
1768501951.2445552,43.176
1768501951.3495092,34.08
1768501951.4517307,40.026
1768501951.5540671,37.51
1768501951.6565185,33.686
1768501951.7588809,47.155
1768501951.861101,33.31
1768501951.963549,43.373
1768501952.0658278,34.376
1768501952.1680768,39.853
1768501952.270521,38.003
1768501952.3782177,33.291
1768501952.4804876,45.637
1768501952.582636,32.916
1768501952.685021,42.954
1768501952.7872684,34.376
1768501952.889421,40.05
1768501952.9915876,36.328
1768501953.0937734,36.208
1768501953.1959548,41.601
1768501953.3009112,32.62
1768501953.4031076,46.271
1768501953.5053499,33.31
1768501953.607635,34.869
1768501953.7099152,41.33
1768501953.8123605,38.003
1768501953.9144855,37.708
1768501954.016784,36.743
1768501954.118935,35.362
1768501954.2210999,34.376
1768501954.324346,33.784
1768501954.426472,33.606
1768501954.5288093,33.113
1768501954.6311398,32.817
1768501954.733306,35.342
1768501954.8356018,37.631
1768501954.937784,38.102
1768501955.0399966,35.954
1768501955.1421812,35.067
1768501955.2444854,34.475
1768501955.3476398,33.784
1768501955.4499109,34.08
1768501955.5522509,34.771
1768501955.6545882,36.25
1768501955.756789,37.51
1768501955.8590596,36.722
1768501955.96149,33.686
1768501956.063787,32.7
1768501956.1660295,33.193
1768501956.2682233,33.489
1768501956.3704247,34.771
1768501956.475931,33.31
1768501956.5785806,37.609
1768501956.6808414,41.527
1768501956.7831159,34.869
1768501956.885424,35.342
1768501956.991432,42.019
1768501957.0937521,35.658
1768501957.1959205,32.225
1768501957.3007514,45.118
1768501957.4029696,33.784
1768501957.5052984,39.163
1768501957.6076763,38.595
1768501957.709873,32.323
1768501957.8120775,42.855
1768501957.9143584,34.475
1768501958.016643,39.557
1768501958.1189137,37.313
1768501958.2210987,36.919
1768501958.3271568,44.626
1768501958.429381,43.57
1768501958.532234,35.56
1768501958.634409,33.014
1768501958.7365077,43.249
1768501958.8387063,35.362
1768501958.9411893,36.623
1768501959.043333,43.668
1768501959.1454613,32.817
1768501959.2508404,42.782
1768501959.3532517,35.362
1768501959.455734,36.525
1768501959.5582902,44.528
1768501959.660609,33.113
1768501959.7628503,40.223
1768501959.8651865,38.375
1768501959.9674354,32.521
1768501960.069674,42.413
1768501960.1766443,35.856
1768501960.279287,37.215
1768501960.3815985,44.357
1768501960.483928,33.113
1768501960.5864148,40.542
1768501960.688778,37.905
1768501960.7911015,32.422
1768501960.8935623,45.976
1768501960.9960148,33.784
1768501961.1021128,39.656
1768501961.204591,38.003
1768501961.3070712,32.323
1768501961.4099317,43.274
1768501961.5122626,33.982
1768501961.6146672,39.482
1768501961.717401,38.102
1768501961.819834,32.422
1768501961.9256384,43.347
1768501962.028009,34.869
1768501962.1303344,36.623
1768501962.2326787,45.61
1768501962.3349898,33.409
1768501962.4373524,40.814
1768501962.539571,36.919
1768501962.642052,36.919
1768501962.7443235,44.554
1768501962.8500257,43.668
1768501962.9536986,34.771
1768501963.055913,38.102
1768501963.1584167,41.33
1768501963.260643,32.62
1768501963.3628232,43.57
1768501963.4649162,34.08
1768501963.5670733,40.42
1768501963.669278,36.623
1768501963.7744281,36.919
1768501963.876738,41.995
1768501963.9789126,32.521
1768501964.0811133,46.987
1768501964.1832507,33.212
1768501964.2856026,44.16
1768501964.3878098,34.376
1768501964.4900951,40.247
1768501964.5923648,36.82
1768501964.6946132,36.799
1768501964.8005607,43.373
1768501964.902876,33.014
1768501965.0052288,43.865
1768501965.107532,35.362
1768501965.2098405,37.729
1768501965.3120368,40.05
1768501965.4143624,32.521
1768501965.516578,43.176
1768501965.6188364,34.278
1768501965.7250504,37.708
1768501965.8272502,41.034
1768501965.9294684,32.718
1768501966.0353813,44.108
1768501966.1375146,33.508
1768501966.239642,42.216
1768501966.3418956,36.349
1768501966.4440498,37.51
1768501966.549611,41.306
1768501966.6518047,32.62
1768501966.7540665,44.16
1768501966.8562646,33.686
1768501966.9585352,40.321
1768501967.060763,36.722
1768501967.1629682,33.883
1768501967.2651563,45.315
1768501967.3673034,33.014
1768501967.4694667,43.078
1768501967.57665,41.133
1768501967.6787267,38.102
1768501967.7808764,36.919
1768501967.8830693,42.315
1768501967.9852245,33.606
1768501968.0873713,37.236
1768501968.1895196,42.29
1768501968.2919674,34.869
1768501968.3940446,37.806
1768501968.4962144,40.444
1768501968.601746,34.771
1768501968.7041318,37.905
1768501968.806557,41.133
1768501968.9088767,32.817
1768501969.0111482,43.052
1768501969.1133802,33.784
1768501969.215615,40.715
1768501969.3179002,36.229
1768501969.4202027,37.708
1768501969.5268376,41.133
1768501969.6291,32.521
1768501969.7314286,44.134
1768501969.8336825,33.883
1768501969.9362223,40.247
1768501970.038451,37.905
1768501970.140748,33.094
1768501970.2430902,45.288
1768501970.3456426,33.113
1768501970.452376,44.036
1768501970.5545652,34.376
1768501970.6567879,39.974
1768501970.7590027,36.919
1768501970.8625686,35.658
1768501970.964834,44.554
1768501971.067215,32.916
1768501971.1695836,43.57
1768501971.27731,33.982
1768501971.3796365,38.989
1768501971.481857,38.397
1768501971.58447,33.804
1768501971.6867814,46.959
1768501971.7891388,33.784
1768501971.8918812,38.2
1768501971.9944353,41.798
1768501972.1006145,43.347
1768501972.2028515,35.342
1768501972.3049955,37.51
1768501972.4070706,41.773
1768501972.5096965,33.489
1768501972.6120565,40.444
1768501972.7144947,37.116
1768501972.8167524,32.225
1768501972.919257,45.637
1768501973.0214787,33.31
1768501973.1265006,41.33
1768501973.2287867,35.856
1768501973.331113,37.609
1768501973.4334562,41.109
1768501973.535681,32.916
1768501973.6379235,43.57
1768501973.74014,34.672
1768501973.8423069,38.572
1768501973.9446838,39.459
1768501974.047037,32.422
1768501974.1528783,45.511
1768501974.2552197,33.686
1768501974.3573809,39.557
1768501974.4595191,37.412
1768501974.5616875,33.982
1768501974.6639132,45.27
1768501974.7664435,33.212
1768501974.868801,41.207
1768501974.9712512,36.349
1768501975.0793731,32.225
1768501975.1815865,43.767
1768501975.2840972,35.658
1768501975.3862956,37.39
1768501975.4885828,41.133
1768501975.5908504,32.817
1768501975.69317,43.176
1768501975.795365,35.165
1768501975.8975108,36.722
1768501976.0027292,42.315
1768501976.1051285,32.817
1768501976.2073686,42.979
1768501976.309805,34.376
1768501976.4120133,38.617
1768501976.51431,39.853
1768501976.6165936,32.718
1768501976.7188005,43.373
1768501976.8210433,34.771
1768501976.9232867,37.828
1768501977.0291536,32.916
1768501977.1312296,43.176
1768501977.2334619,34.475
1768501977.33554,39.262
1768501977.4376056,38.102
1768501977.5396836,32.323
1768501977.6418004,47.113
1768501977.744149,33.606
1768501977.8464427,39.383
1768501977.9485235,37.729
1768501978.0541358,32.323
1768501978.1563723,45.976
1768501978.2585897,33.212
1768501978.360819,43.274
1768501978.4630148,34.573
1768501978.5652032,32.027
1768501978.667613,40.05
1768501978.7698128,37.51
1768501978.8720262,33.784
1768501978.9742439,44.652
1768501979.079749,33.113
1768501979.1819906,43.937
1768501979.2841685,34.869
1768501979.3864064,39.557
1768501979.4886787,37.018
1768501979.5909073,35.264
1768501979.6932018,44.921
1768501979.7955048,33.212
1768501979.8982115,42.61
1768501980.0004816,35.461
1768501980.1076648,38.102
1768501980.2099237,39.065
1768501980.313633,34.573
1768501980.415877,42.265
1768501980.5181932,32.817
1768501980.6204102,44.429
1768501980.7227306,33.587
1768501980.8248794,40.05
1768501980.9311419,37.51
1768501981.0332828,36.94
1768501981.1354203,41.724
1768501981.237562,32.817
1768501981.3397622,46.172
1768501981.4422092,33.508
1768501981.5445728,43.078
1768501981.6469,35.56
1768501981.7491012,37.236
1768501981.8514757,32.718
1768501981.9575431,39.459
1768501982.0596783,39.853
1768501982.161881,33.014
1768501982.2644215,38.792
1768501982.3666549,39.482
1768501982.4689398,32.422
1768501982.5711873,43.741
1768501982.6735973,35.264
1768501982.7758815,37.532
1768501982.8819873,43.792
1768501982.9843106,33.113
1768501983.0867496,43.57
1768501983.1890154,35.362
1768501983.2912624,37.905
1768501983.393606,41.109
1768501983.4959598,32.817
1768501983.5983558,43.668
1768501983.7046432,34.869
1768501983.8069706,37.412
1768501983.909203,42.388
1768501984.0115492,32.817
1768501984.1139224,43.052
1768501984.2163405,35.165
1768501984.3191824,37.215
1768501984.4216197,34.001
1768501984.5239072,32.916
1768501984.6263328,32.916
1768501984.7297533,32.817
1768501984.8320637,32.718
1768501984.9342573,33.193
1768501985.0363672,37.806
1768501985.1392717,37.806
1768501985.241605,36.919
1768501985.3437927,36.722
1768501985.4460304,35.856
1768501985.5482824,34.968
1768501985.6522849,33.982
1768501985.7546322,33.705
1768501985.8570192,33.508
1768501985.9593718,33.606
1768501986.0616868,34.179
1768501986.1639307,35.067
1768501986.2663286,35.856
1768501986.3685787,36.053
1768501986.4709322,36.645
1768501986.573176,37.412
1768501986.6760552,36.151
1768501986.7811244,32.422
1768501986.8833303,33.212
1768501986.986188,35.165
1768501987.0883975,40.936
1768501987.1906729,38.89
1768501987.2929997,32.817
1768501987.3952634,40.739
1768501987.4976676,38.2
1768501987.600087,32.422
1768501987.7065425,43.274
1768501987.808841,35.658
1768501987.911105,36.701
1768501988.0133996,42.855
1768501988.115635,32.916
1768501988.217959,42.855
1768501988.3201911,36.25
1768501988.422439,37.686
1768501988.5246496,42.881
1768501988.6308446,36.82
1768501988.7332764,36.525
1768501988.8354275,45.637
1768501988.9378517,32.916
1768501989.04009,43.668
1768501989.1427586,34.573
1768501989.2449455,39.58
1768501989.3471124,37.905
1768501989.449299,34.179
1768501989.5513988,45.61
1768501989.6571407,32.916
1768501989.7593167,44.186
1768501989.8617027,34.179
1768501989.9641182,39.262
1768501990.0664272,39.853
1768501990.1685805,32.422
1768501990.2708158,46.566
1768501990.3730035,33.212
1768501990.4754305,43.373
1768501990.5816877,34.869
1768501990.6840122,38.648
1768501990.7864125,39.262
1768501990.8886101,32.422
1768501990.990915,46.593
1768501991.0930817,33.508
1768501991.1953301,42.093
1768501991.2975676,35.658
1768501991.3998952,41.428
1768501991.5021677,32.718
1768501991.6079772,42.881
1768501991.7102997,35.264
1768501991.8125691,37.905
1768501991.9148147,42.388
1768501992.017078,32.62
1768501992.1192567,42.954
1768501992.2214618,34.1
1768501992.3238811,39.163
1768501992.4261189,38.299
1768501992.5322127,32.995
1768501992.6344044,48.266
1768501992.736584,33.31
1768501992.8387694,41.601
1768501992.9410393,36.131
1768501993.0434396,36.82
1768501993.1456122,43.963
1768501993.248006,32.817
1768501993.350388,43.15
1768501993.4525638,34.376
1768501993.5589428,39.284
1768501993.6612167,39.087
1768501993.7634692,32.323
1768501993.8656604,47.184
1768501993.9679322,33.606
1768501994.0702448,41.822
1768501994.1726682,35.461
1768501994.2749863,39.679
1768501994.3772013,37.215
1768501994.4846356,36.426
1768501994.5868962,42.855
1768501994.6892447,32.817
1768501994.7914793,42.585
1768501994.893801,35.165
1768501994.9960072,37.587
1768501995.0985887,42.093
1768501995.200804,32.718
1768501995.3030214,43.078
1768501995.4085817,34.278
1768501995.5108058,39.656
1768501995.613089,37.784
1768501995.7152853,32.422
1768501995.8175132,47.155
1768501995.919741,33.31
1768501996.0219922,34.968
1768501996.1257048,38.966
1768501996.2278256,37.806
1768501996.3344436,36.623
1768501996.4367282,43.176
1768501996.5389748,32.817
1768501996.6412144,43.57
1768501996.7434785,33.784
1768501996.8457782,41.921
1768501996.9480562,37.039
1768501997.0502176,36.623
1768501997.1525497,42.881
1768501997.2547636,32.718
1768501997.3607564,45.163
1768501997.4630044,33.489
1768501997.5651946,43.078
1768501997.6674294,35.067
1768501997.7697656,37.587
1768501997.8719542,40.345
1768501997.9742672,32.62
1768501998.0764623,45.708
1768501998.1787446,33.883
1768501998.2810524,37.708
1768501998.3869941,40.936
1768501998.4891386,32.422
1768501998.592123,37.51
1768501998.6944017,41.109
1768501998.7967346,32.718
1768501998.8989937,42.979
1768501999.0011153,34.376
1768501999.1033351,41.01
1768501999.207351,36.94
1768501999.3128314,36.722
1768501999.4151754,46.861
1768501999.517527,33.113
1768501999.6197872,43.347
1768501999.7222748,34.573
1768501999.824491,38.868
1768501999.9267044,38.989
1768502000.0289147,32.521
1768502000.1311173,44.16
1768502000.2376764,33.902
1768502000.3399634,42.118
1768502000.4422414,35.56
1768502000.544514,37.905
1768502000.6469252,40.247
1768502000.749145,42.979
1768502000.8519833,34.475
1768502000.9541464,38.89
1768502001.0562682,38.671
1768502001.1622078,36.623
1768502001.264434,43.274
1768502001.3666477,32.718
1768502001.4688287,46.172
1768502001.571092,33.31
1768502001.6733289,43.446
1768502001.7755024,34.672
1768502001.877686,40.345
1768502001.9800584,37.51
1768502002.0861363,36.743
1768502002.1884158,43.052
1768502002.2906582,32.718
1768502002.3929381,43.544
1768502002.4951737,33.784
1768502002.597436,41.798
1768502002.6997817,36.053
1768502002.801987,38.178
1768502002.90422,39.853
1768502003.010805,32.422
1768502003.1130104,47.479
1768502003.2152908,33.212
1768502003.317466,42.979
1768502003.4196496,34.179
1768502003.5218287,41.034
1768502003.6240332,36.525
1768502003.7262795,36.919
1768502003.829887,44.724
1768502003.9372864,32.916
1768502004.039503,43.274
1768502004.1418962,34.573
1768502004.244152,39.186
1768502004.3464165,38.496
1768502004.4486163,32.422
1768502004.5507798,45.708
1768502004.6529863,33.014
1768502004.7553203,43.446
1768502004.861337,34.475
1768502004.9636056,40.345
1768502005.0658092,36.919
1768502005.1681771,37.116
1768502005.2704802,32.718
1768502005.3741946,44.16
1768502005.4762821,33.606
1768502005.5783257,41.773
1768502005.6804457,34.672
1768502005.7857327,37.883
1768502005.888004,40.542
1768502005.9902434,32.718
1768502006.092489,44.921
1768502006.1946888,33.804
1768502006.296992,42.118
1768502006.3992343,35.539
1768502006.5014758,37.708
1768502006.6036954,40.542
1768502006.7059634,32.62
1768502006.8122652,43.668
1768502006.9147189,34.179
1768502007.017113,37.905
1768502007.119607,39.284
1768502007.2219386,32.422
1768502007.3244267,46.298
1768502007.4267364,33.113
1768502007.5294757,43.963
1768502007.63598,34.376
1768502007.7384706,38.966
1768502007.8405924,38.496
1768502007.943118,33.982
1768502008.0495536,43.865
1768502008.1517704,37.313
1768502008.255039,34.08
1768502008.3600743,45.654
1768502008.4623408,33.409
1768502008.564535,38.671
1768502008.6669295,43.446
1768502008.7694,34.771
1768502008.8716204,39.482
1768502008.973762,39.459
1768502009.0759652,32.62
1768502009.1782444,46.959
1768502009.2804532,33.31
1768502009.3852396,43.373
1768502009.4874308,34.968
1768502009.5897403,38.2
1768502009.6921315,39.557
1768502009.7944543,46.397
1768502009.897128,33.587
1768502009.9995031,39.459
1768502010.1015718,37.609
1768502010.2036676,35.56
1768502010.3096442,43.937
1768502010.411847,33.014
1768502010.5140986,43.347
1768502010.6162853,34.179
1768502010.7186265,39.754
1768502010.8209162,37.905
1768502010.9230797,35.539
1768502011.0252676,45.708
1768502011.1274679,33.014
1768502011.2296968,43.274
1768502011.3369696,34.376
1768502011.439212,39.262
1768502011.5414333,38.89
1768502011.6437726,32.521
1768502011.7460687,44.948
1768502011.848358,33.883
1768502011.9506042,42.216
1768502012.05284,35.56
1768502012.155047,37.532
1768502012.2615669,40.542
1768502012.3639014,32.62
1768502012.466777,45.511
1768502012.5689495,33.508
1768502012.6717072,43.544
1768502012.773923,34.869
1768502012.876169,39.36
1768502012.978408,38.966
1768502013.0806718,32.521
1768502013.1855397,44.233
1768502013.287943,33.587
1768502013.3902657,40.814
1768502013.4926999,37.806
1768502013.5949998,32.798
1768502013.697258,45.413
1768502013.7994955,33.212
1768502013.9017506,42.757
1768502014.0041401,35.362
1768502014.1102865,37.018
1768502014.212574,40.617
1768502014.314798,32.718
1768502014.417261,33.489
1768502014.5202682,40.617
1768502014.6224108,36.032
1768502014.7252645,41.01
1768502014.8274114,37.806
1768502014.9296324,38.397
1768502015.0329647,37.686
1768502015.1352684,36.743
1768502015.2373898,35.461
1768502015.3395636,34.278
1768502015.4416893,33.606
1768502015.5439947,33.212
1768502015.6463318,33.014
1768502015.7486696,33.113
1768502015.8510482,33.705
1768502015.9532402,33.982
1768502016.0567594,34.376
1768502016.1591473,33.883
1768502016.261483,34.001
1768502016.363671,33.982
1768502016.4660976,34.376
1768502016.568373,34.475
1768502016.6707273,34.771
1768502016.773034,35.658
1768502016.8752756,37.116
1768502016.977528,37.215
1768502017.0845234,33.508
1768502017.1868958,32.62
1768502017.2927055,33.014
1768502017.3974428,33.784
1768502017.4999716,31.534
1768502017.6023395,38.671
1768502017.7079926,41.896
1768502017.8101957,34.573
1768502017.9125593,32.225
1768502018.0148764,43.078
1768502018.117244,34.08
1768502018.219521,38.989
1768502018.3218899,43.078
1768502018.4242141,32.817
1768502018.526382,44.036
1768502018.628784,39.163
1768502018.734176,33.212
1768502018.8363426,43.078
1768502018.9385529,37.806
1768502019.0413144,40.814
1768502019.1434393,32.62
1768502019.2455578,44.331
1768502019.3478377,33.883
1768502019.4499693,40.715
1768502019.552091,36.919
1768502019.65803,36.919
1768502019.7602453,41.896
1768502019.8624594,32.817
1768502019.9648569,44.16
1768502020.0671859,35.362
1768502020.1695757,38.595
1768502020.2718003,41.601
1768502020.3740866,32.916
1768502020.4763923,43.446
1768502020.583561,35.56
1768502020.6857846,38.277
1768502020.7881289,42.093
1768502020.8905149,32.817
1768502020.9927285,43.767
1768502021.0950844,34.376
1768502021.1973314,39.951
1768502021.299896,38.496
1768502021.4022033,34.278
1768502021.5119123,44.724
1768502021.6141317,33.784
1768502021.7164662,40.936
1768502021.8188105,36.229
1768502021.9211862,37.138
1768502022.023633,43.865
1768502022.1258404,33.014
1768502022.2320228,43.668
1768502022.3343675,34.869
1768502022.4365923,39.853
1768502022.5388513,36.328
1768502022.6411808,37.587
1768502022.74349,41.699
1768502022.8456635,32.718
1768502022.9479072,43.052
1768502023.0501676,33.883
1768502023.1524222,39.754
1768502023.2578094,36.722
1768502023.3601193,43.078
1768502023.4636285,32.916
1768502023.5657349,43.767
1768502023.6678119,34.869
1768502023.769939,37.412
1768502023.8720536,38.966
1768502023.9742603,32.521
1768502024.0763783,43.373
1768502024.1827056,35.856
1768502024.285099,37.215
1768502024.3873646,41.109
1768502024.4895806,32.718
1768502024.5918112,47.254
1768502024.6941245,33.489
1768502024.7964,43.57
1768502024.8986058,34.968
1768502025.0008197,39.656
1768502025.10799,38.792
1768502025.2101474,36.722
1768502025.3123262,43.865
1768502025.4147289,32.916
1768502025.5169783,43.57
1768502025.6193843,34.08
1768502025.7220082,41.034
1768502025.824264,36.722
1768502025.9266067,36.82
1768502026.0326078,45.118
1768502026.1409438,32.916
1768502026.2434733,43.668
1768502026.3457568,34.179
1768502026.448016,41.601
1768502026.5503128,36.053
1768502026.6571114,37.215
1768502026.7593467,42.216
1768502026.8615701,32.62
1768502026.9638157,45.511
1768502027.066049,33.606
1768502027.1683247,40.936
1768502027.270595,36.447
1768502027.3727925,37.883
1768502027.4751124,39.876
1768502027.5811925,32.521
1768502027.683459,33.31
1768502027.7862594,42.585
1768502027.8884177,35.56
1768502027.990668,37.905
1768502028.0927668,39.186
1768502028.1948252,32.521
1768502028.296943,43.642
1768502028.3994172,35.856
1768502028.5016253,36.722
1768502028.6063843,41.231
1768502028.708833,37.51
1768502028.8110852,32.521
1768502028.9133055,44.554
1768502029.0155663,34.179
1768502029.1178284,38.572
1768502029.220151,39.36
1768502029.3225884,32.422
1768502029.4248788,47.254
1768502029.5308776,34.278
1768502029.6332576,32.521
1768502029.7355018,42.979
1768502029.8378756,34.475
1768502029.9402335,38.966
1768502030.0424943,42.192
1768502030.1452637,32.817
1768502030.2475405,43.446
1768502030.349736,34.278
1768502030.451982,39.951
1768502030.5577526,38.595
1768502030.660095,32.422
1768502030.7623348,45.905
1768502030.8657565,33.705
1768502030.9680455,40.814
1768502031.0702775,36.426
1768502031.1725261,36.919
1768502031.2747424,41.231
1768502031.3770528,32.62
1768502031.4820862,46.369
1768502031.584319,33.686
1768502031.6865969,43.347
1768502031.7888823,34.869
1768502031.891119,38.769
1768502031.9933095,38.2
1768502032.0955176,32.422
1768502032.1978831,47.184
1768502032.3001046,33.291
1768502032.4027593,44.16
1768502032.5096972,39.58
1768502032.6123083,37.51
1768502032.7143493,33.982
1768502032.816972,46.467
1768502032.9191751,33.686
1768502033.0212924,40.936
1768502033.123461,37.609
1768502033.2255595,32.798
1768502033.3276882,45.708
1768502033.4344864,33.212
1768502033.5368557,43.347
1768502033.6390812,34.376
1768502033.7413597,38.868
1768502033.8437967,41.798
1768502033.9462667,33.31
1768502034.048696,40.715
1768502034.1512637,37.686
1768502034.2574968,32.521
1768502034.3600054,45.019
1768502034.4623177,33.883
1768502034.5646553,41.995
1768502034.66688,36.131
1768502034.7691739,37.905
1768502034.8715637,41.527
1768502034.9738102,32.62
1768502035.076098,43.57
1768502035.1783254,34.475
1768502035.2840106,39.284
1768502035.3862863,39.58
1768502035.4891703,32.422
1768502035.592029,46.861
1768502035.694263,33.508
1768502035.7966673,41.133
1768502035.8989925,37.434
1768502036.0013173,32.521
1768502036.1077957,43.078
1768502036.210138,33.982
1768502036.3123639,40.518
1768502036.414672,35.933
1768502036.5171342,37.018
1768502036.619398,40.715
1768502036.7217035,32.916
1768502036.824018,42.782
1768502036.9263651,34.968
1768502037.0321434,41.699
1768502037.1353674,32.916
1768502037.2374663,46.664
1768502037.3395538,33.31
1768502037.4416037,42.29
1768502037.5437448,34.672
1768502037.64588,37.708
1768502037.748061,40.026
1768502037.850146,32.521
1768502037.9522932,45.484
1768502038.0587182,33.212
1768502038.160913,44.062
1768502038.2631235,34.573
1768502038.365495,39.065
1768502038.4678807,37.412
1768502038.5702105,32.521
1768502038.6726203,39.754
1768502038.774914,38.595
1768502038.8770635,35.165
1768502038.98298,43.767
1768502039.0851912,33.113
1768502039.1873684,43.937
1768502039.2895615,34.869
1768502039.3917663,39.58
1768502039.4940255,37.905
1768502039.5962255,36.623
1768502039.6984394,44.134
1768502039.8041568,33.113
1768502039.9091375,40.912
1768502040.0114706,35.736
1768502040.1138551,33.982
1768502040.2161858,46.467
1768502040.3184068,33.31
1768502040.4207587,43.963
1768502040.5231795,34.573
1768502040.6254432,38.496
1768502040.7278879,38.2
1768502040.8355656,32.422
1768502040.9378834,47.409
1768502041.0404341,33.705
1768502041.1427226,37.215
1768502041.2450109,41.798
1768502041.3474274,34.001
1768502041.4496746,39.853
1768502041.5519998,36.525
1768502041.654336,35.913
1768502041.7612073,33.31
1768502041.8633385,42.462
1768502041.9654171,34.869
1768502042.0674849,38.2
1768502042.1695285,39.58
1768502042.27161,32.521
1768502042.3736455,44.233
1768502042.4759054,33.113
1768502042.5780432,43.373
1768502042.6803694,38.474
1768502042.786463,32.62
1768502042.8887825,44.036
1768502042.9911227,35.165
1768502043.0933948,32.323
1768502043.195711,41.921
1768502043.2980933,37.313
1768502043.4003427,32.521
1768502043.5026417,39.754
1768502043.6048906,39.656
1768502043.7072062,32.62
1768502043.8129368,44.062
1768502043.9151537,34.179
1768502044.0180833,41.109
1768502044.1203249,36.623
1768502044.222473,37.313
1768502044.3246672,41.306
1768502044.4273033,32.817
1768502044.5296755,43.767
1768502044.6327593,34.179
1768502044.7390609,38.966
1768502044.8413136,38.572
1768502044.9436696,32.601
1768502045.04589,43.937
1768502045.1481817,33.489
1768502045.250357,42.585
1768502045.3525267,35.658
1768502045.4548233,37.412
1768502045.5572243,36.405
1768502045.661243,35.835
1768502045.7634132,35.757
1768502045.8655722,35.165
1768502045.9676833,34.573
1768502046.069814,34.08
1768502046.1720243,34.278
1768502046.2743213,33.784
1768502046.376591,34.278
1768502046.4788756,33.883
1768502046.5810792,33.982
1768502046.685225,34.08
1768502046.7886856,34.475
1768502046.890941,34.771
1768502046.9930534,35.165
1768502047.0953782,35.933
1768502047.1975815,36.349
1768502047.299839,37.313
1768502047.402037,37.313
1768502047.5042913,36.82
1768502047.606424,35.441
1768502047.7086482,32.718
1768502047.8137126,33.804
1768502047.915892,35.461
1768502048.0180893,32.027
1768502048.1205223,36.623
1768502048.2227707,32.422
1768502048.3250391,39.459
1768502048.427619,42.684
1768502048.5299916,33.31
1768502048.6323154,33.014
1768502048.7345898,38.989
1768502048.8409398,42.093
1768502048.943301,33.113
1768502049.0455906,41.995
1768502049.1478999,35.461
1768502049.2506814,36.25
1768502049.3528962,43.963
1768502049.456086,32.817
1768502049.558334,43.15
1768502049.6639993,35.264
1768502049.7662632,38.299
1768502049.8685243,41.133
1768502049.970972,32.521
1768502050.0732226,43.839
1768502050.175479,33.705
1768502050.2778516,41.109
1768502050.3801901,36.229
1768502050.4826741,38.178
1768502050.5848532,40.444
1768502050.6908948,32.62
1768502050.7931576,47.085
1768502050.8953905,33.587
1768502050.9975827,41.601
1768502051.0998006,35.264
1768502051.2022219,37.292
1768502051.3045435,41.231
1768502051.4067185,32.817
1768502051.5089753,33.784
1768502051.6156719,38.845
1768502051.71792,38.003
1768502051.8201635,35.046
1768502051.9225378,46.424
1768502052.024818,33.31
1768502052.1271122,39.557
1768502052.229578,38.397
1768502052.3320081,32.422
1768502052.434286,47.675
1768502052.5410047,33.784
1768502052.6432488,41.33
1768502052.7456017,36.623
1768502052.8479688,36.919
1768502052.9503272,45.538
1768502053.0526052,33.113
1768502053.1548991,41.625
1768502053.257308,36.82
1768502053.3597448,32.323
1768502053.4661727,44.429
1768502053.5686061,34.968
1768502053.6713614,39.262
1768502053.7736425,38.966
1768502053.8758786,32.521
1768502053.9794562,47.184
1768502054.0817766,33.409
1768502054.1840525,43.373
1768502054.2889507,34.672
1768502054.3911493,39.087
1768502054.4934711,37.215
1768502054.595639,33.686
1768502054.69802,47.577
1768502054.8003857,33.212
1768502054.9026194,42.855
1768502055.0049634,35.362
1768502055.10724,35.165
1768502055.2095835,47.577
1768502055.3154655,33.31
1768502055.4176846,43.57
1768502055.5199893,34.573
1768502055.6223378,39.383
1768502055.7246494,38.2
1768502055.8269594,36.525
1768502055.929128,42.487
1768502056.031316,43.078
1768502056.1345723,33.982
1768502056.2399735,42.019
1768502056.342285,36.131
1768502056.4445632,38.223
1768502056.546814,40.542
1768502056.6490183,32.521
1768502056.7511845,47.647
1768502056.8534198,33.193
1768502056.95567,43.176
1768502057.0578754,34.475
1768502057.160124,38.671
1768502057.2654545,38.2
1768502057.3676682,36.645
1768502057.4698758,42.782
1768502057.5721273,32.718
1768502057.6745644,45.315
1768502057.7767773,33.489
1768502057.8790345,41.995
1768502057.9812179,35.362
1768502058.083484,38.769
1768502058.1905715,39.459
1768502058.2936177,32.62
1768502058.3958528,44.429
1768502058.4980283,33.705
1768502058.601536,31.929
1768502058.703746,44.16
1768502058.806006,34.672
1768502058.9083228,38.277
1768502059.0140378,41.625
1768502059.1162772,32.718
1768502059.2184985,43.865
1768502059.3206697,34.179
1768502059.4228904,38.178
1768502059.5256994,39.951
1768502059.628044,32.62
1768502059.7304506,43.865
1768502059.8328857,34.672
1768502059.938777,38.671
1768502060.0411456,40.467
1768502060.143371,32.916
1768502060.2458558,43.274
1768502060.3481567,36.131
1768502060.4504044,37.018
1768502060.5527,32.916
1768502060.6565568,43.963
1768502060.7586277,35.067
1768502060.8640754,38.966
1768502060.9663615,38.693
1768502061.0685823,32.323
1768502061.1709285,44.233
1768502061.2732337,34.376
1768502061.3754482,38.003
1768502061.4776704,40.172
1768502061.58035,32.62
1768502061.68268,43.347
1768502061.789739,35.067
1768502061.8919399,40.05
1768502061.994189,38.671
1768502062.096454,32.323
1768502062.1988988,46.2
1768502062.3013048,33.784
1768502062.4035907,40.838
1768502062.5060282,37.215
1768502062.6083236,33.193
1768502062.7154803,47.127
1768502062.817753,33.409
1768502062.9219255,41.256
1768502063.024228,36.525
1768502063.1265697,36.426
1768502063.2288804,44.823
1768502063.3311307,32.916
1768502063.4379437,42.56
1768502063.5403893,35.362
1768502063.643042,32.521
1768502063.745504,43.963
1768502063.8482916,34.968
1768502063.950576,36.623
1768502064.0531144,43.937
1768502064.1555023,33.094
1768502064.2623253,40.641
1768502064.3647418,36.328
1768502064.466976,36.842
1768502064.5692832,42.807
1768502064.6714964,32.718
1768502064.7736669,45.61
1768502064.8759618,41.231
1768502064.9780087,36.032
1768502065.0803492,36.919
1768502065.1861367,40.814
1768502065.2883549,32.62
1768502065.3905602,44.652
1768502065.4927967,34.179
1768502065.5950942,39.853
1768502065.697336,40.345
1768502065.8002117,32.817
1768502065.9025059,43.471
1768502066.0046654,33.883
1768502066.1112754,41.896
1768502066.2135668,35.658
1768502066.3158076,38.223
1768502066.418256,40.444
1768502066.5204804,32.521
1768502066.6227865,45.976
1768502066.7251017,33.686
1768502066.8275971,40.739
1768502066.9298568,37.018
1768502067.0367014,37.708
1768502067.1389852,43.471
1768502067.2416253,32.817
1768502067.3438463,44.036
1768502067.4460342,34.179
1768502067.5482988,39.163
1768502067.6507518,38.966
1768502067.753131,32.422
1768502067.855365,47.647
1768502067.9617987,33.212
1768502068.064113,43.446
1768502068.1663575,35.362
1768502068.2685828,37.018
1768502068.3709238,44.403
1768502068.4732442,33.014
1768502068.5756004,41.034
1768502068.6779237,45.779
1768502068.7801604,33.902
1768502068.8856182,42.364
1768502068.9878066,36.032
1768502069.090084,38.89
1768502069.192312,40.073
1768502069.2944577,32.521
1768502069.3967416,33.31
1768502069.5001833,43.176
1768502069.6023395,35.067
1768502069.704611,38.397
1768502069.810632,40.444
1768502069.9129283,32.916
1768502070.015224,42.192
1768502070.117713,37.51
1768502070.2201316,32.422
1768502070.3224347,43.176
1768502070.4246635,34.08
1768502070.5269945,41.01
1768502070.629274,36.623
1768502070.7347414,36.722
1768502070.8371193,44.679
1768502070.9393728,33.113
1768502071.041712,44.16
1768502071.1439323,34.968
1768502071.2461731,39.974
1768502071.348403,37.708
1768502071.4505835,36.722
1768502071.5529962,44.134
1768502071.6552572,33.014
1768502071.7623043,41.699
1768502071.8647087,35.56
1768502071.9680088,37.883
1768502072.0702085,40.641
1768502072.172578,32.521
1768502072.2747498,45.118
1768502072.3769405,33.014
1768502072.4791982,43.052
1768502072.5860984,34.179
1768502072.6883008,40.125
1768502072.7905984,37.729
1768502072.8928194,33.686
1768502072.995222,46.566
1768502073.0975533,33.489
1768502073.1999357,40.444
1768502073.302333,37.116
1768502073.4046462,36.82
1768502073.5111575,43.15
1768502073.6133664,33.113
1768502073.7157254,42.684
1768502073.8180487,34.968
1768502073.9203355,41.133
1768502074.0236137,33.113
1768502074.1258924,37.883
1768502074.228029,45.511
1768502074.3304048,33.587
1768502074.435341,37.51
1768502074.5376303,41.109
1768502074.6400437,33.014
1768502074.7424579,43.544
1768502074.8449204,36.525
1768502074.9472132,32.422
1768502075.0494142,45.583
1768502075.1517098,34.376
1768502075.25394,39.853
1768502075.3607461,39.36
1768502075.4630446,32.62
1768502075.5653095,44.062
1768502075.6677139,34.968
1768502075.7699723,38.223
1768502075.872307,43.767
1768502075.9747539,33.883
1768502076.0771546,34.869
1768502076.1798568,35.165
1768502076.2836065,34.968
1768502076.3934999,34.573
1768502076.495809,34.376
1768502076.598074,34.001
1768502076.7003171,33.606
1768502076.8025575,33.31
1768502076.9069014,33.686
1768502077.0094302,33.606
1768502077.1116397,33.508
1768502077.213842,33.686
1768502077.3160586,33.686
1768502077.418258,33.489
1768502077.5204163,33.409
1768502077.6225197,33.212
1768502077.7247598,33.212
1768502077.8269095,33.212
1768502077.9291983,33.212
1768502078.0314393,33.587
1768502078.137277,33.902
1768502078.2394445,35.933
1768502078.341661,37.018
1768502078.4438949,36.229
1768502078.5462658,35.56
1768502078.6508932,32.225
1768502078.753009,39.262
1768502078.855146,32.817
1768502078.9572268,40.542
1768502079.0593507,37.981
1768502079.1653614,32.422
1768502079.2676153,45.61
1768502079.3697991,33.508
1768502079.4721074,41.034
1768502079.574511,37.018
1768502079.676912,33.667
1768502079.7791736,45.341
1768502079.8815353,33.113
1768502079.9837701,43.274
1768502080.0904834,36.743
1768502080.1927958,37.313
1768502080.2949865,42.855
1768502080.3972425,32.817
1768502080.4994981,43.373
1768502080.6017334,34.672
1768502080.7039568,38.693
1768502080.808268,39.557
1768502080.914834,32.422
1768502081.0171285,47.184
1768502081.1207738,33.212
1768502081.223028,43.471
1768502081.3252342,34.869
1768502081.4275126,39.876
1768502081.529682,37.51
1768502081.6319351,34.08
1768502081.7341626,46.298
1768502081.8398857,33.014
1768502081.9420998,42.881
1768502082.0444634,35.362
1768502082.146769,37.708
1768502082.2490208,41.034
1768502082.3512423,32.521
1768502082.4537132,47.647
1768502082.55601,33.113
1768502082.658207,43.274
1768502082.7647188,34.968
1768502082.8670206,38.025
1768502082.9694107,32.62
1768502083.072708,45.61
1768502083.1747892,33.902
1768502083.2768993,41.306
1768502083.3790054,36.426
1768502083.4811363,36.919
1768502083.5832105,42.388
1768502083.6895432,33.212
1768502083.7918565,43.471
1768502083.8941176,35.362
1768502083.99637,38.693
1768502084.0986397,41.133
1768502084.2009137,32.62
1768502084.3030784,44.01
1768502084.4052265,33.883
1768502084.5076354,40.715
1768502084.614566,36.032
1768502084.7171924,38.003
1768502084.8198988,39.459
1768502084.922184,32.601
1768502085.0244718,46.369
1768502085.1269574,33.784
1768502085.2293978,40.247
1768502085.3316743,37.313
1768502085.4405818,37.116
1768502085.542888,45.386
1768502085.6451707,33.094
1768502085.7473996,41.896
1768502085.849719,35.835
1768502085.9520457,37.215
1768502086.0543683,42.782
1768502086.1566722,32.817
1768502086.2627106,44.062
1768502086.3650248,34.475
1768502086.4673884,40.444
1768502086.5696664,37.138
1768502086.6720984,37.018
1768502086.774306,42.585
1768502086.8765175,32.718
1768502086.9787316,45.806
1768502087.0809486,33.489
1768502087.1832623,41.207
1768502087.2892032,36.229
1768502087.391511,36.546
1768502087.4939117,32.718
1768502087.5961993,43.963
1768502087.698287,34.001
1768502087.8003993,41.109
1768502087.9025402,35.933
1768502088.004609,37.905
1768502088.106842,40.345
1768502088.2092216,32.718
1768502088.3143616,42.019
1768502088.4167387,35.856
1768502088.5189672,32.126
1768502088.6213691,41.133
1768502088.723734,38.474
1768502088.8262515,32.62
1768502088.9284883,43.373
1768502089.030895,35.264
1768502089.1332548,32.404
1768502089.240739,42.659
1768502089.343074,34.376
1768502089.4453187,39.557
1768502089.5478973,37.784
1768502089.6502712,36.328
1768502089.752488,45.735
1768502089.8547163,33.014
1768502089.9575915,43.471
1768502090.0642529,34.869
1768502090.166521,37.116
1768502090.2689347,43.668
1768502090.3711367,32.916
1768502090.473457,43.176
1768502090.5758154,38.693
1768502090.678004,36.623
1768502090.7802603,45.118
1768502090.882526,33.094
1768502090.9884355,43.963
1768502091.0906456,34.869
1768502091.1928008,38.375
1768502091.2950366,40.148
1768502091.397325,32.62
1768502091.4995618,47.282
1768502091.601821,33.489
1768502091.7039893,42.388
1768502091.8061783,35.658
1768502091.9088426,38.89
1768502092.0150166,38.868
1768502092.117187,47.745
1768502092.2203367,33.193
1768502092.3223908,42.093
1768502092.4244888,34.573
1768502092.526658,40.223
1768502092.6287975,36.82
1768502092.7309353,36.842
1768502092.8334498,42.979
1768502092.9407578,32.817
1768502093.0430744,43.767
1768502093.1452327,34.001
1768502093.2475884,41.428
1768502093.3497458,35.757
1768502093.4519322,38.868
1768502093.5542264,39.087
1768502093.6564453,32.404
1768502093.7587018,47.254
1768502093.8638382,33.212
1768502093.966193,43.642
1768502094.0684216,34.573
1768502094.1706827,40.073
1768502094.2730849,37.412
1768502094.37534,37.412
1768502094.4776576,41.896
1768502094.5804706,32.62
1768502094.6825848,47.549
1768502094.7850163,33.113
1768502094.8904345,43.57
1768502094.9927297,35.165
1768502095.0949383,39.459
1768502095.1975846,38.003
1768502095.2997327,36.701
1768502095.4020324,43.201
1768502095.5044527,32.718
1768502095.6066895,43.274
1768502095.70891,33.686
1768502095.814016,43.373
1768502095.9163783,35.165
1768502096.0186167,39.383
1768502096.1208758,38.003
1768502096.223221,35.56
1768502096.3256302,43.471
1768502096.4278924,32.817
1768502096.530197,43.446
1768502096.6324508,33.883
1768502096.7347195,42.906
1768502096.840033,39.065
1768502096.9433408,37.686
1768502097.0454333,37.018
1768502097.1475894,42.487
1768502097.2497177,32.916
1768502097.3519711,43.078
1768502097.454185,34.376
1768502097.5562942,40.715
1768502097.6584296,37.609
1768502097.7647142,37.905
1768502097.8669887,40.05
1768502097.9692664,32.62
1768502098.0714438,46.003
1768502098.1736782,33.113
1768502098.2759347,41.896
1768502098.378123,35.757
1768502098.4803195,37.708
1768502098.5827403,43.176
1768502098.685007,34.672
1768502098.7905257,39.853
1768502098.8931303,37.708
1768502098.995406,37.236
1768502099.0980496,41.724
1768502099.2003648,32.62
1768502099.3029175,45.243
1768502099.4051452,33.686
1768502099.5073304,43.373
1768502099.6095452,35.067
1768502099.7133782,39.087
1768502099.8158054,37.609
1768502099.9180326,37.51
1768502100.0201864,41.33
1768502100.122464,32.817
1768502100.2246816,43.767
1768502100.3269575,34.179
1768502100.4291792,41.699
1768502100.5313618,35.856
1768502100.6335926,38.353
1768502100.735935,38.671
1768502100.841945,35.461
1768502100.9441078,41.699
1768502101.0463524,32.718
1768502101.1488087,47.549
1768502101.2511137,33.489
1768502101.3533356,42.388
1768502101.455526,35.264
1768502101.5577457,39.163
1768502101.6600525,38.2
1768502101.7663598,41.822
1768502101.8695877,32.718
1768502101.9717488,48.04
1768502102.073778,33.31
1768502102.175927,42.388
1768502102.2780747,34.771
1768502102.3801618,39.853
1768502102.4823122,37.039
1768502102.5843947,37.018
1768502102.6864233,41.133
1768502102.793401,32.916
1768502102.895734,44.233
1768502102.997968,33.784
1768502103.100178,43.57
1768502103.2024686,34.672
1768502103.3047574,39.065
1768502103.407012,38.003
1768502103.5093114,32.422
1768502103.6115737,46.495
1768502103.7184625,33.212
1768502103.8206806,44.357
1768502103.9228454,34.475
1768502104.025033,40.345
1768502104.1277804,36.447
1768502104.230028,36.722
1768502104.3322706,40.912
1768502104.434586,32.817
1768502104.5367568,46.959
1768502104.6430116,33.291
1768502104.7452233,43.668
1768502104.847473,34.475
1768502104.9496222,40.247
1768502105.0519135,36.032
1768502105.1540809,37.784
1768502105.2562513,41.133
1768502105.358607,32.718
1768502105.4608734,45.905
1768502105.5632067,33.982
1768502105.6679983,42.118
1768502105.7703495,35.658
1768502105.8725507,37.883
1768502105.9748716,39.459
1768502106.0771449,35.933
1768502106.1793234,43.078
1768502106.281673,36.447
1768502106.3840554,33.212
1768502106.4862375,33.094
1768502106.5884092,37.412
1768502106.6915066,35.56
1768502106.7938578,34.968
1768502106.8960931,34.376
1768502106.998291,33.606
1768502107.1003458,33.31
1768502107.2025003,33.705
1768502107.3047407,34.771
1768502107.40685,34.376
1768502107.5090005,33.784
1768502107.611133,34.475
1768502107.7168045,35.264
1768502107.8191245,36.032
1768502107.9213507,37.116
1768502108.0236428,36.151
1768502108.1259658,34.179
1768502108.2282038,32.916
1768502108.3305001,34.573
1768502108.432853,36.053
1768502108.5350888,32.027
1768502108.6373808,35.461
1768502108.743222,37.609
1768502108.8455467,36.82
1768502108.9479442,32.521
1768502109.0501323,42.684
1768502109.1535635,33.113
1768502109.2558181,37.313
1768502109.3579845,46.79
1768502109.4602506,33.113
1768502109.5624232,43.544
1768502109.6645987,34.672
1768502109.7696223,38.572
1768502109.872001,38.474
1768502109.9742649,32.323
1768502110.0764995,45.019
1768502110.1787171,33.883
1768502110.2808874,38.792
1768502110.3831446,38.397
1768502110.4853697,36.623
1768502110.5875556,41.601
1768502110.689712,32.718
1768502110.7951713,45.654
1768502110.8974214,33.409
1768502110.999713,43.767
1768502111.1019673,35.067
1768502111.2042425,37.708
1768502111.306574,41.231
1768502111.408891,32.62
1768502111.5110953,48.138
1768502111.6132681,33.193
1768502111.7154934,43.767
1768502111.8218324,40.739
1768502111.9239,36.623
1768502112.0260084,36.898
1768502112.1281571,40.05
1768502112.230322,32.422
1768502112.3324509,47.774
1768502112.4345095,33.409
1768502112.5367029,41.872
1768502112.6389778,35.56
1768502112.7410164,37.434
1768502112.847228,40.345
1768502112.9493613,32.62
1768502113.051634,45.288
1768502113.1537788,33.508
1768502113.2559664,41.625
1768502113.3582811,35.56
1768502113.4605045,39.459
1768502113.5632977,39.36
1768502113.665568,33.784
1768502113.7755277,44.429
1768502113.877792,33.014
1768502113.9799984,44.062
1768502114.0834935,34.376
1768502114.1857572,40.247
1768502114.2880754,38.989
1768502114.3902414,32.305
1768502114.4961157,45.905
1768502114.5983121,33.014
1768502114.7005596,43.668
1768502114.802794,35.362
1768502114.9049783,37.708
1768502115.007235,40.467
1768502115.1094108,32.521
1768502115.2115984,46.593
1768502115.313933,33.489
1768502115.4162693,42.782
1768502115.522679,34.968
1768502115.6250203,36.426
1768502115.7273448,42.093
1768502115.8296149,33.014
1768502115.9319534,42.954
1768502116.0341797,35.461
1768502116.1363287,35.067
1768502116.2386231,44.626
1768502116.3407166,33.902
1768502116.4433475,35.736
1768502116.5500703,37.981
1768502116.6522882,38.989
1768502116.7545526,35.067
1768502116.8567667,43.668
1768502116.9590714,33.014
1768502117.0613122,43.347
1768502117.1636379,34.376
1768502117.2659492,39.36
1768502117.372966,39.656
1768502117.4752102,32.422
1768502117.5775256,46.129
1768502117.6798146,33.587
1768502117.7820473,42.585
1768502117.88432,35.264
1768502117.9867249,38.989
1768502118.0890737,39.777
1768502118.1912441,32.422
1768502118.2979863,43.57
1768502118.4065468,34.475
1768502118.5090396,38.375
1768502118.6112723,39.853
1768502118.7135808,36.919
1768502118.8158708,32.027
1768502118.9211957,40.641
1768502119.0235872,38.595
1768502119.125989,35.264
1768502119.2282982,44.626
1768502119.330722,33.014
1768502119.4329112,43.544
1768502119.5352447,34.968
1768502119.6375446,38.671
1768502119.739781,39.186
1768502119.8420975,32.323
1768502119.9467108,47.226
1768502120.0489974,33.193
1768502120.1513062,40.542
1768502120.2536888,36.131
1768502120.3559673,37.039
1768502120.4582374,42.29
1768502120.5604887,32.817
1768502120.662759,45.511
1768502120.7650511,42.585
1768502120.8678102,35.264
1768502120.9735417,39.58
1768502121.0758514,37.532
1768502121.1780834,36.623
1768502121.28037,42.906
1768502121.3826427,32.62
1768502121.4848318,45.61
1768502121.5870812,33.193
1768502121.6893399,43.078
1768502121.7917302,34.771
1768502121.8973963,37.489
1768502121.9999294,41.625
1768502122.102296,32.521
1768502122.204514,46.003
1768502122.3070204,34.08
1768502122.4099362,39.557
1768502122.5123043,38.299
1768502122.6144998,36.447
1768502122.7167575,45.368
1768502122.822162,33.31
1768502122.9245706,41.822
1768502123.0274587,35.954
1768502123.129691,37.708
1768502123.2319055,40.444
1768502123.3342974,32.521
1768502123.4366548,45.019
1768502123.5389864,33.489
1768502123.6412735,41.109
1768502123.7466965,46.495
1768502123.8490798,35.067
1768502123.9513762,35.638
1768502124.0536995,42.979
1768502124.156091,37.313
1768502124.2584853,32.323
1768502124.3609905,37.116
1768502124.4631867,43.767
1768502124.5654974,32.916
1768502124.6677344,44.062
1768502124.7733932,34.771
1768502124.8758814,37.39
1768502124.9781573,41.306
1768502125.0806155,32.718
1768502125.182876,44.062
1768502125.2856152,33.705
1768502125.3878365,37.609
1768502125.4912703,36.722
1768502125.5966535,43.004
1768502125.699304,32.817
1768502125.8015614,44.259
1768502125.9043288,35.165
1768502126.0066946,35.757
1768502126.1095045,46.271
1768502126.211836,33.31
1768502126.3144507,41.822
1768502126.4167414,35.933
1768502126.5222747,37.236
1768502126.6245506,41.625
1768502126.7269177,32.521
1768502126.8297694,43.57
1768502126.9320052,34.08
1768502127.0341902,41.428
1768502127.1364322,36.82
1768502127.2427917,36.82
1768502127.3470302,42.979
1768502127.449327,32.817
1768502127.55268,43.767
1768502127.6549058,33.982
1768502127.757157,41.207
1768502127.859452,35.757
1768502127.9617474,37.883
1768502128.0641236,39.951
1768502128.1705768,33.291
1768502128.272805,45.413
1768502128.3752017,33.31
1768502128.477392,43.373
1768502128.5797415,34.771
1768502128.6820621,33.489
1768502128.7843063,41.798
1768502128.8865685,35.461
1768502128.9887779,37.039
1768502129.09551,41.625
1768502129.1977022,32.521
1768502129.300009,45.806
1768502129.4022074,33.606
1768502129.5044284,41.231
1768502129.6066194,36.426
1768502129.70892,43.078
1768502129.8116438,32.916
1768502129.9136937,41.404
1768502130.0204275,35.757
1768502130.1226428,36.151
1768502130.2248924,47.549
1768502130.32719,33.784
1768502130.4295132,40.641
1768502130.5318444,36.82
1768502130.6341698,36.032
1768502130.736449,46.397
1768502130.8387458,33.113
1768502130.9448748,42.118
1768502131.0470786,35.757
1768502131.149342,38.003
1768502131.2520936,39.853
1768502131.3545244,32.521
1768502131.4567711,46.172
1768502131.559011,33.291
1768502131.6614428,41.109
1768502131.7637222,35.954
1768502131.867038,38.375
1768502131.972829,41.034
1768502132.0750039,32.422
1768502132.177242,45.511
1768502132.2795517,33.508
1768502132.3820896,40.542
1768502132.4843378,36.131
1768502132.5866783,38.102
1768502132.689076,41.034
1768502132.7914033,32.422
1768502132.8964434,47.45
1768502132.9986284,33.014
1768502133.1008255,43.767
1768502133.2031178,34.771
1768502133.3052554,37.905
1768502133.4074514,39.383
1768502133.509627,34.968
1768502133.6121476,43.865
1768502133.7143075,32.718
1768502133.8206694,43.373
1768502133.9228275,33.982
1768502134.02523,39.383
1768502134.1274047,37.018
1768502134.22971,37.018
1768502134.3319423,43.176
1768502134.434137,41.109
1768502134.5364528,35.461
1768502134.6385293,38.299
1768502134.740751,39.459
1768502134.8468275,32.323
1768502134.9491935,47.184
1768502135.0514174,33.014
1768502135.153672,43.446
1768502135.2559104,34.475
1768502135.3582501,38.474
1768502135.4604976,38.693
1768502135.5626607,33.686
1768502135.6648552,45.413
1768502135.770898,32.916
1768502135.8734152,42.757
1768502135.975625,34.475
1768502136.0778134,39.557
1768502136.1800432,36.919
1768502136.2828553,37.313
1768502136.385094,42.093
1768502136.4874876,32.718
1768502136.589893,43.668
1768502136.6959596,34.771
1768502136.7982092,36.82
1768502136.9004743,35.362
1768502137.0027323,34.08
1768502137.1048815,33.409
1768502137.207078,33.014
1768502137.3092144,32.718
1768502137.411562,32.798
1768502137.513833,32.718
1768502137.6178777,32.718
1768502137.7200336,32.62
1768502137.8221488,35.56
1768502137.9244733,35.954
1768502138.0266986,36.032
1768502138.1289258,33.883
1768502138.2311442,33.291
1768502138.3334916,32.718
1768502138.4356902,33.31
1768502138.5379655,33.212
1768502138.64029,31.731
1768502138.745312,32.521
1768502138.847657,33.094
1768502138.9499404,33.39
1768502139.0523796,34.573
1768502139.1546445,36.151
1768502139.2568922,36.623
1768502139.35924,32.62
1768502139.4615183,32.225
1768502139.5636482,40.148
1768502139.665775,38.496
1768502139.7715743,32.422
1768502139.8738937,43.57
1768502139.976272,34.672
1768502140.0786412,33.982
1768502140.180928,42.585
1768502140.2834241,36.349
1768502140.385688,32.126
1768502140.487989,44.823
1768502140.5902262,33.686
1768502140.6960092,39.262
1768502140.7983785,38.966
1768502140.900549,32.323
1768502141.0029538,45.61
1768502141.105271,33.508
1768502141.2075145,40.912
1768502141.3113177,36.82
1768502141.413504,33.508
1768502141.5158408,46.074
1768502141.620502,33.784
1768502141.7228556,38.693
1768502141.8252842,39.876
1768502141.927624,32.62
1768502142.0302665,37.708
1768502142.1325133,43.57
1768502142.234747,32.718
1768502142.3370311,41.724
1768502142.4393904,36.623
1768502142.5459979,32.126
1768502142.6484175,44.724
1768502142.7507632,33.705
1768502142.8531094,39.656
1768502142.955324,36.82
1768502143.0575392,32.126
1768502143.159711,45.315
1768502143.2619276,32.817
1768502143.3642511,43.004
1768502143.4700007,35.264
1768502143.572399,37.039
1768502143.6746225,42.487
1768502143.7768376,32.718
1768502143.8791938,33.982
1768502143.9813344,38.693
1768502144.083428,38.003
1768502144.1855142,35.067
1768502144.287678,46.987
1768502144.3899765,36.151
1768502144.4958432,36.722
1768502144.5981138,42.093
1768502144.7003255,32.718
1768502144.8025115,44.062
1768502144.9047213,33.606
1768502145.007119,39.928
1768502145.1093602,37.313
1768502145.2117345,32.7
1768502145.3142164,47.745
1768502145.4197612,33.31
1768502145.5219457,43.373
1768502145.6242712,35.067
1768502145.7265792,38.989
1768502145.828803,39.284
1768502145.9325602,32.225
1768502146.0348005,45.932
1768502146.1370714,33.39
1768502146.239382,41.109
1768502146.3448362,36.546
1768502146.4474432,37.313
1768502146.54964,42.388
1768502146.6519728,32.521
1768502146.7542267,43.078
1768502146.856445,33.606
1768502146.9587479,40.073
1768502147.0610518,37.412
1768502147.16342,34.179
1768502147.269776,46.593
1768502147.3722787,32.916
1768502147.4746337,42.659
1768502147.577035,34.376
1768502147.6794434,38.89
1768502147.7818286,37.215
1768502147.8840897,36.525
1768502147.986323,41.527
1768502148.088523,32.718
1768502148.1948998,43.57
1768502148.3044865,32.422
1768502148.4066677,43.471
1768502148.509593,34.376
1768502148.6121116,33.014
1768502148.7172542,40.715
1768502148.8195658,37.018
1768502148.921879,32.126
1768502149.024154,44.993
1768502149.1263914,33.31
1768502149.2286901,41.921
1768502149.3309212,35.362
1768502149.4332852,38.693
1768502149.5356247,40.641
1768502149.6378386,32.521
1768502149.7450893,43.249
1768502149.8472588,33.39
1768502149.949511,42.093
1768502150.0528398,35.264
1768502150.1551468,38.178
1768502150.257305,38.496
1768502150.3595712,33.883
1768502150.4618967,44.528
1768502150.5670075,32.817
1768502150.6692057,43.176
1768502150.771499,33.883
1768502150.873787,41.33
1768502150.9761198,35.658
1768502151.078327,37.609
1768502151.1806166,40.247
1768502151.2828474,32.323
1768502151.3851712,46.129
1768502151.487535,33.113
1768502151.5920951,43.176
1768502151.694377,34.278
1768502151.7966783,39.459
1768502151.8989384,36.919
1768502152.0012512,36.546
1768502152.1035578,41.527
1768502152.205879,44.259
1768502152.3081102,34.179
1768502152.4104807,37.412
1768502152.5127773,43.274
1768502152.6183577,32.718
1768502152.7205462,43.176
1768502152.8227854,37.981
1768502152.925674,40.912
1768502153.027843,32.422
1768502153.1300201,44.921
1768502153.232096,33.784
1768502153.3342042,40.739
1768502153.4362826,36.131
1768502153.5424151,37.215
1768502153.6446798,41.798
1768502153.7469702,32.521
1768502153.8492074,43.176
1768502153.9514027,33.982
1768502154.0536323,39.36
1768502154.1559258,37.412
1768502154.258151,36.525
1768502154.360432,46.2
1768502154.4627082,32.916
1768502154.570177,43.078
1768502154.6724257,34.08
1768502154.7762647,40.814
1768502154.8784049,35.933
1768502154.9808815,37.313
1768502155.0830503,41.995
1768502155.185591,32.521
1768502155.2877312,44.429
1768502155.3927855,33.489
1768502155.4950008,41.428
1768502155.5972493,36.722
1768502155.6994605,33.193
1768502155.8017209,45.61
1768502155.9040427,32.817
1768502156.0062337,42.757
1768502156.1084523,34.475
1768502156.21061,39.557
1768502156.312962,38.397
1768502156.419597,32.206
1768502156.5218,46.861
1768502156.6240218,33.291
1768502156.7263842,42.216
1768502156.8286858,35.658
1768502156.930911,38.08
1768502157.0335238,38.2
1768502157.1357327,32.225
1768502157.2437031,46.074
1768502157.3460824,43.3
1768502157.4484272,35.165
1768502157.5506806,38.89
1768502157.6527784,38.572
1768502157.755036,36.328
1768502157.8573194,41.404
1768502157.9593964,32.422
1768502158.0615406,45.511
1768502158.1675436,33.193
1768502158.2697802,41.822
1768502158.3719935,35.244
1768502158.4743319,38.89
1768502158.5767066,43.103
1768502158.6789725,33.982
1768502158.7812715,40.617
1768502158.883648,36.546
1768502158.9859517,37.215
1768502159.0931447,42.61
1768502159.1954465,32.718
1768502159.2977424,42.881
1768502159.400107,34.573
1768502159.5035906,39.383
1768502159.6059616,37.905
1768502159.7081823,34.554
1768502159.8103988,45.315
1768502159.916939,32.916
1768502160.0191572,43.373
1768502160.1213624,35.165
1768502160.2237813,36.919
1768502160.3260229,45.905
1768502160.428244,33.014
1768502160.5304747,43.373
1768502160.6328008,34.968
1768502160.735052,38.124
1768502160.837237,38.2
1768502160.9432127,32.206
1768502161.045542,46.03
1768502161.1477048,33.014
1768502161.2499568,41.699
1768502161.3522422,35.067
1768502161.454421,37.412
1768502161.5566545,39.951
1768502161.658852,32.422
1768502161.7610984,47.774
1768502161.867703,33.212
1768502161.9699233,34.771
1768502162.0722463,38.868
1768502162.1743054,38.792
1768502162.2764504,33.982
1768502162.3785584,47.226
1768502162.4805965,33.113
1768502162.5827494,43.347
1768502162.6848412,34.08
1768502162.7870786,40.838
1768502162.8941376,36.229
1768502162.9963021,37.412
1768502163.0986087,40.345
1768502163.2007618,32.521
1768502163.3029492,43.347
1768502163.4052708,33.982
1768502163.5076017,38.102
1768502163.610003,39.36
1768502163.7123337,32.422
1768502163.8151674,45.708
1768502163.9198103,33.784
1768502164.0220835,41.034
1768502164.124367,38.102
1768502164.226589,32.225
1768502164.3301814,44.698
1768502164.4326434,34.179
1768502164.5349889,39.383
1768502164.6373007,38.868
1768502164.7395422,32.323
1768502164.8453882,44.626
1768502164.9476492,33.686
1768502165.0499148,39.163
1768502165.152379,38.671
1768502165.2548244,32.323
1768502165.357104,44.429
1768502165.4594104,33.686
1768502165.5616999,40.467
1768502165.6639233,36.82
1768502165.7708,36.151
1768502165.873155,43.004
1768502165.9755569,32.718
1768502166.077741,43.57
1768502166.1800413,34.08
1768502166.2824266,40.05
1768502166.3848455,36.919
1768502166.487247,33.784
1768502166.5895367,44.383
1768502166.6945457,43.15
1768502166.7972198,34.869
1768502166.8993342,37.883
1768502167.0013962,39.951
1768502167.1035748,32.422
1768502167.2056875,34.869
1768502167.3078067,32.916
1768502167.4102273,32.718
1768502167.5124917,36.229
1768502167.6149461,37.609
1768502167.7175028,37.708
1768502167.8197064,37.806
1768502167.9218833,36.525
1768502168.024044,35.954
1768502168.1263409,34.573
1768502168.2290163,34.1
1768502168.3313754,35.165
1768502168.4335642,34.672
1768502168.5357265,36.525
1768502168.6418962,33.094
1768502168.7442055,33.508
1768502168.8484454,33.982
1768502168.9507213,35.067
1768502169.053195,36.349
1768502169.155728,37.412
1768502169.2581136,36.131
1768502169.3603783,32.422
1768502169.46269,33.31
1768502169.5689397,34.869
1768502169.6711879,35.856
1768502169.7734244,37.215
1768502169.8756514,36.919
1768502169.9780838,37.335
1768502170.0803404,40.641
1768502170.1824746,35.362
1768502170.2847211,32.027
1768502170.386931,40.641
1768502170.4892602,36.032
1768502170.5959804,32.027
1768502170.6982281,47.282
1768502170.800484,33.31
1768502170.902714,39.262
1768502171.0050867,37.708
1768502171.1073413,32.323
1768502171.2096565,46.074
1768502171.3117838,33.113
1768502171.4139743,41.503
1768502171.521201,36.525
1768502171.623424,43.274
1768502171.725605,33.113
1768502171.827875,41.65
1768502171.9299786,34.869
1768502172.032114,35.519
1768502172.1342611,41.404
1768502172.2363832,32.718
1768502172.3385139,43.471
1768502172.4406228,34.672
1768502172.5453799,37.784
1768502172.6477273,39.754
1768502172.7500474,32.323
1768502172.8523583,45.708
1768502172.954516,33.606
1768502173.056761,38.792
1768502173.1590145,39.777
1768502173.2618008,32.521
1768502173.3641822,42.388
1768502173.4716833,36.053
1768502173.5739594,37.51
1768502173.6761138,41.625
1768502173.778355,32.62
1768502173.8805487,46.129
1768502173.9829032,33.212
1768502174.085107,42.388
1768502174.1873858,34.771
1768502174.2896528,37.981
1768502174.391818,39.754
1768502174.4981332,32.521
1768502174.600363,47.324
1768502174.7026293,33.113
1768502174.8047872,41.601
1768502174.9071743,35.638
1768502175.009425,37.292
1768502175.1115675,40.641
1768502175.2137964,32.62
1768502175.31597,42.954
1768502175.4183629,33.883
1768502175.523879,38.966
1768502175.6261277,38.474
1768502175.728364,32.422
1768502175.8306253,47.717
1768502175.9327977,33.409
1768502176.0350986,43.767
1768502176.1372766,34.672
1768502176.2396188,38.254
1768502176.3419425,39.928
1768502176.4441783,32.502
1768502176.550386,34.278
1768502176.6530297,37.609
1768502176.75521,40.223
1768502176.8572807,32.323
1768502176.9594276,47.085
1768502177.06157,33.291
1768502177.1637218,39.853
1768502177.2658525,37.587
1768502177.367906,32.323
1768502177.4701283,46.987
1768502177.5764272,33.39
1768502177.6786342,43.595
1768502177.7808807,34.573
1768502177.8831038,38.572
1768502177.9853783,38.671
1768502178.0876687,32.323
1768502178.1902149,46.467
1768502178.2923956,33.883
1768502178.3956912,39.928
1768502178.5020921,37.609
1768502178.6066353,33.094
1768502178.70894,38.792
1768502178.8113532,41.798
1768502178.913721,34.179
1768502179.0160878,32.225
1768502179.1184847,43.176
1768502179.2207782,35.067
1768502179.3264453,36.525
1768502179.4287345,46.2
1768502179.531004,33.014
1768502179.6335006,42.118
1768502179.7357056,34.869
1768502179.8379025,38.89
1768502179.9401457,37.609
1768502180.0424588,34.179
1768502180.1447096,45.413
1768502180.250947,33.113
1768502180.3531601,41.625
1768502180.455519,36.546
1768502180.5577695,32.323
1768502180.6600912,45.511
1768502180.762262,33.489
1768502180.864545,40.936
1768502180.9668057,35.165
1768502181.0690813,37.116
1768502181.171508,32.798
1768502181.2778409,44.036
1768502181.3800077,34.475
1768502181.4820783,38.178
1768502181.5841782,40.345
1768502181.686247,32.323
1768502181.7883759,45.315
1768502181.8905299,32.916
1768502181.992717,43.865
1768502182.0948472,34.573
1768502182.1971166,38.693
1768502182.3031929,39.262
1768502182.4054894,32.521
1768502182.507659,45.44
1768502182.6099827,33.686
1768502182.7148926,41.601
1768502182.8171172,35.56
1768502182.9192894,34.968
1768502183.0229235,43.249
1768502183.1285894,38.572
1768502183.230915,32.817
1768502183.3331213,41.601
1768502183.4353044,35.658
1768502183.5374851,36.645
1768502183.6397715,43.813
1768502183.7421176,32.897
1768502183.8442836,43.176
1768502183.94646,34.968
1768502184.0532665,37.883
1768502184.1555023,39.754
1768502184.25785,32.323
1768502184.3600452,44.403
1768502184.4623065,33.982
1768502184.5647311,39.459
1768502184.6669486,37.018
1768502184.7692754,36.229
1768502184.8715062,44.233
1768502184.978189,32.718
1768502185.0804687,43.078
1768502185.182704,34.278
1768502185.2848835,40.518
1768502185.3872013,36.525
1768502185.4894707,36.799
1768502185.5916538,41.034
1768502185.6938004,32.521
1768502185.7961662,33.686
1768502185.9030588,41.01
1768502186.0052152,36.328
1768502186.107415,37.609
1768502186.2097273,40.814
1768502186.3119,32.521
1768502186.4142542,43.052
1768502186.5164635,33.784
1768502186.618677,41.306
1768502186.7210119,37.51
1768502186.8266695,34.08
1768502186.9293296,45.583
1768502187.0315828,32.718
1768502187.1345925,43.176
1768502187.2371004,34.278
1768502187.3427756,39.436
1768502187.4450796,39.284
1768502187.5518,32.225
1768502187.6543033,45.806
1768502187.756525,33.113
1768502187.8589005,41.699
1768502187.961408,35.658
1768502188.0637126,38.003
1768502188.1659071,39.557
1768502188.2681727,32.323
1768502188.3704972,43.052
1768502188.4762115,34.179
1768502188.5785124,36.447
1768502188.68081,43.544
1768502188.7829525,34.573
1768502188.8852127,40.247
1768502188.9874446,36.525
1768502189.0897114,37.412
1768502189.1921,40.444
1768502189.2942936,32.422
1768502189.400257,45.288
1768502189.5024824,32.817
1768502189.6046762,42.462
1768502189.7069042,33.784
1768502189.8093112,41.207
1768502189.911537,35.165
1768502190.013844,37.51
1768502190.1162627,32.897
1768502190.2200592,41.724
1768502190.325944,36.525
1768502190.4281964,32.126
1768502190.5304987,38.746
1768502190.6328354,47.127
1768502190.7354462,33.686
1768502190.837709,37.489
1768502190.9400485,39.557
1768502191.042411,32.422
1768502191.1446419,45.779
1768502191.251262,33.587
1768502191.3539367,41.699
1768502191.456339,36.525
1768502191.558566,37.489
1768502191.6617692,42.167
1768502191.7641113,32.62
1768502191.8664594,43.052
1768502191.9687808,34.376
1768502192.07534,39.163
1768502192.1776905,38.397
1768502192.2800097,32.305
1768502192.3823729,47.029
1768502192.4846141,33.094
1768502192.5869362,39.951
1768502192.689374,42.192
1768502192.7917333,32.7
1768502192.8941019,42.979
1768502192.9994214,35.362
1768502193.1016464,37.905
1768502193.203883,41.527
1768502193.306148,32.323
1768502193.4084501,44.305
1768502193.5108232,33.587
1768502193.6130996,40.79
1768502193.7153215,36.82
1768502193.8176358,37.313
1768502193.9199426,41.306
1768502194.0265927,32.521
1768502194.1292639,42.757
1768502194.2316184,33.489
1768502194.333815,40.321
1768502194.4362986,36.25
1768502194.5386465,47.352
1768502194.6426027,33.113
1768502194.7486005,41.109
1768502194.8509855,36.229
1768502194.953313,37.51
1768502195.0555038,42.881
1768502195.157794,32.916
1768502195.260195,42.462
1768502195.3625026,35.342
1768502195.464823,36.623
1768502195.5670936,42.29
1768502195.6693218,32.62
1768502195.776357,41.306
1768502195.878628,35.954
1768502195.980857,37.905
1768502196.0842664,40.912
1768502196.1866665,32.62
1768502196.2890673,44.16
1768502196.3914135,34.475
1768502196.4936411,39.459
1768502196.5994844,37.905
1768502196.7016678,36.623
1768502196.8040812,43.471
1768502196.906278,32.718
1768502197.008471,43.052
1768502197.1108463,33.982
1768502197.213113,39.262
1768502197.3153305,39.656
1768502197.4176805,32.422
1768502197.524186,42.855
1768502197.6264024,34.672
1768502197.72877,38.178
1768502197.8309495,39.557
1768502197.9333901,32.718
1768502198.035788,35.461
1768502198.1381907,35.933
1768502198.2404613,36.722
1768502198.342682,32.502
1768502198.44669,35.264
1768502198.5490007,36.447
1768502198.6513205,34.968
1768502198.7535946,34.672
1768502198.8559084,34.573
1768502198.9582946,34.278
1768502199.0605843,34.179
1768502199.1635308,33.587
1768502199.2658505,33.193
1768502199.369386,32.817
1768502199.4715073,34.258
1768502199.5736923,33.587
1768502199.6758351,32.62
1768502199.7781112,32.995
1768502199.8803334,33.508
1768502199.9825602,34.278
1768502200.084842,36.919
1768502200.187356,35.913
1768502200.289611,32.422
1768502200.392027,33.014
1768502200.4969695,35.441
1768502200.5991268,34.475
1768502200.701329,31.929
1768502200.8063605,42.782
1768502200.908545,34.179
1768502201.010745,39.239
1768502201.1128957,39.754
1768502201.2150686,32.225
1768502201.322262,42.881
1768502201.4244506,33.982
1768502201.526691,40.518
1768502201.6288826,35.933
1768502201.7311556,37.806
1768502201.833359,41.01
1768502201.935579,32.62
1768502202.037787,43.767
1768502202.1402295,34.771
1768502202.2471287,39.262
1768502202.3493712,38.397
1768502202.4515688,33.686
1768502202.5537982,46.369
1768502202.656065,32.916
1768502202.7583494,43.347
1768502202.8605492,33.784
1768502202.9628766,41.183
1768502203.0650482,34.771
1768502203.1705072,39.557
1768502203.2726824,37.215
1768502203.3748493,33.686
1768502203.4770691,46.298
1768502203.579259,33.193
1768502203.681528,43.052
1768502203.7837293,40.148
1768502203.885937,37.039
1768502203.9879642,37.215
1768502204.090147,39.853
1768502204.1922636,32.323
1768502204.2967463,46.129
1768502204.398944,32.817
1768502204.5012352,35.856
1768502204.603581,43.249
1768502204.70576,34.179
1768502204.8079846,38.496
1768502204.9104354,39.065
1768502205.0131075,32.323
1768502205.1154668,43.078
1768502205.217591,34.179
1768502205.323257,32.126
1768502205.4258873,41.995
1768502205.5281022,36.546
1768502205.6303432,36.525
1768502205.732582,42.954
1768502205.8359299,32.521
1768502205.9380991,44.849
1768502206.0403337,33.39
1768502206.1426108,42.216
1768502206.2482007,35.165
1768502206.3504286,39.087
1768502206.4526837,37.51
1768502206.5549634,35.461
1768502206.657174,43.274
1768502206.759397,32.62
1768502206.8616009,46.495
1768502206.9637816,33.193
1768502207.0659642,42.954
1768502207.1681967,34.278
1768502207.2742183,40.321
1768502207.37642,35.757
1768502207.4786005,38.474
1768502207.5807867,39.557
1768502207.6829698,32.422
1768502207.7852209,46.074
1768502207.8875077,33.014
1768502207.989874,43.373
1768502208.0921566,33.883
1768502208.1981564,41.404
1768502208.3006108,36.053
1768502208.4028497,33.014
1768502208.5050793,43.471
1768502208.607456,32.718
1768502208.711085,43.839
1768502208.813171,34.475
1768502208.9153697,38.178
1768502209.0179522,38.375
1768502209.1243937,32.521
1768502209.2265708,42.954
1768502209.3289888,34.376
1768502209.4312396,38.375
1768502209.5336275,39.557
1768502209.6364877,32.305
1768502209.7387304,43.741
1768502209.840978,34.278
1768502209.943361,39.853
1768502210.050296,39.951
1768502210.1525307,32.62
1768502210.254794,42.807
1768502210.3583045,35.933
1768502210.4608414,36.447
1768502210.56333,44.134
1768502210.6656265,32.817
1768502210.7678845,43.078
1768502210.8734217,35.56
1768502210.9758794,37.905
1768502211.0781171,40.641
1768502211.18039,32.422
1768502211.2827456,44.233
1768502211.3851712,33.883
1768502211.4873943,39.262
1768502211.5897152,39.284
1768502211.691966,32.225
1768502211.7975082,46.271
1768502211.8998027,33.39
1768502212.0020359,42.462
1768502212.104311,35.461
1768502212.206552,37.587
1768502212.308781,37.609
1768502212.4111362,32.225
1768502212.5133786,46.888
1768502212.6158016,33.409
1768502212.7180734,42.782
1768502212.823813,35.244
1768502212.9261773,37.708
1768502213.0285885,40.814
1768502213.1308153,42.855
1768502213.23374,33.587
1768502213.3358185,42.388
1768502213.4379075,34.968
1768502213.5400438,37.39
1768502213.6421828,40.148
1768502213.7491589,32.521
1768502213.8514214,43.223
1768502213.9539006,38.003
1768502214.056317,32.521
1768502214.1585212,46.861
1768502214.2608218,33.291
1768502214.3633249,43.249
1768502214.4662218,34.455
1768502214.5725205,40.05
1768502214.674949,37.116
1768502214.778523,37.806
1768502214.8807921,41.625
1768502214.9829888,32.422
1768502215.0852213,44.724
1768502215.187711,33.902
1768502215.2899876,39.853
1768502215.392395,40.345
1768502215.4975898,32.502
1768502215.600138,43.741
1768502215.7023704,34.475
1768502215.8049977,39.656
1768502215.9072416,37.609
1768502216.0099208,32.798
1768502216.1121562,46.2
1768502216.2147954,33.014
1768502216.3170803,43.865
1768502216.4231746,35.56
1768502216.5254817,36.131
1768502216.6282604,40.912
1768502216.730585,32.502
1768502216.8331254,42.684
1768502216.9354782,34.08
1768502217.0381148,40.247
1768502217.1404226,36.722
1768502217.2463386,32.323
1768502217.348576,46.172
1768502217.4508133,33.31
1768502217.5531447,35.264
1768502217.6552103,37.489
1768502217.7572715,40.223
1768502217.8595276,32.62
1768502217.9616954,43.471
1768502218.0639002,33.784
1768502218.1660082,41.207
1768502218.2726526,38.299
1768502218.3750331,32.323
1768502218.4775121,48.237
1768502218.5799327,38.277
1768502218.6821754,32.305
1768502218.7844281,45.216
1768502218.887103,33.804
1768502218.9898353,41.503
1768502219.097761,37.018
1768502219.1999922,36.799
1768502219.302216,43.446
1768502219.4045122,33.39
1768502219.5069776,40.617
1768502219.6092064,36.525
1768502219.7113903,36.842
1768502219.8136742,42.954
1768502219.9202302,32.718
1768502220.022522,43.668
1768502220.1248982,34.573
1768502220.227208,37.292
1768502220.3293939,43.052
1768502220.4318252,32.718
1768502220.5341866,43.741
1768502220.63651,33.784
1768502220.7387245,39.951
1768502220.845015,37.708
1768502220.947383,32.323
1768502221.0496936,43.078
1768502221.152045,34.278
1768502221.2543268,38.868
1768502221.3565714,40.05
1768502221.4587796,32.521
1768502221.561217,43.668
1768502221.663531,34.08
1768502221.7658787,37.806
1768502221.871725,39.459
1768502221.974132,46.664
1768502222.0778975,33.291
1768502222.1799927,42.954
1768502222.2821863,34.849
1768502222.3842568,37.412
1768502222.4863808,39.853
1768502222.58855,32.422
1768502222.6906698,45.583
1768502222.7964344,34.08
1768502222.8989518,39.557
1768502223.001223,38.375
1768502223.103464,32.422
1768502223.2057056,43.176
1768502223.3084452,33.883
1768502223.410691,39.632
1768502223.5158975,38.397
1768502223.623021,33.883
1768502223.7252831,45.806
1768502223.8275485,33.014
1768502223.92985,43.57
1768502224.0321162,35.067
1768502224.1344113,38.966
1768502224.2366314,38.671
1768502224.3388474,33.705
1768502224.4411151,45.681
1768502224.5460196,33.587
1768502224.648346,40.444
1768502224.7506857,37.609
1768502224.8531718,32.323
1768502224.9554584,47.745
1768502225.0576074,33.094
1768502225.1599727,41.207
1768502225.2622087,35.461
1768502225.364679,32.027
1768502225.4668908,39.951
1768502225.5721016,40.321
1768502225.6744092,32.422
1768502225.7766418,44.626
1768502225.8789039,33.489
1768502225.981176,41.798
1768502226.083592,36.229
1768502226.1858163,37.116
1768502226.2881021,42.192
1768502226.390783,32.718
1768502226.4970882,43.274
1768502226.5993397,40.345
1768502226.7022605,36.623
1768502226.8043256,37.116
1768502226.9064913,42.315
1768502227.0085926,32.521
1768502227.110769,45.019
1768502227.2129605,33.291
1768502227.3151956,43.767
1768502227.4216628,34.771
1768502227.5245056,38.845
1768502227.6267014,38.572
1768502227.728846,32.305
1768502227.8311174,46.861
1768502227.9333286,33.291
1768502228.035533,41.281
1768502228.139043,35.461
1768502228.2412176,37.095
1768502228.346744,33.784
1768502228.4490452,37.116
1768502228.5511956,32.225
1768502228.6533368,35.56
1768502228.755496,34.278
1768502228.8576822,33.784
1768502228.9599032,33.212
1768502229.062058,33.014
1768502229.1643438,32.817
1768502229.2689261,32.62
1768502229.3711054,33.686
1768502229.4732354,32.521
1768502229.575377,32.817
1768502229.677635,32.817
1768502229.779784,32.798
1768502229.88205,32.718
1768502229.9843702,32.897
1768502230.0868938,33.587
1768502230.1891975,35.067
1768502230.291706,37.215
1768502230.3963609,37.313
1768502230.4987097,36.623
1768502230.601083,35.736
1768502230.7033608,33.982
1768502230.805586,32.521
1768502230.9078312,32.718
1768502231.0101027,33.014
1768502231.1123793,40.345
1768502231.2147052,34.573
1768502231.3171065,33.291
1768502231.4232934,34.08
1768502231.5260067,37.039
1768502231.6282003,45.806
1768502231.7304327,33.291
1768502231.832518,40.444
1768502231.9346616,37.116
1768502232.0368495,32.225
1768502232.1390283,46.369
1768502232.2413394,33.39
1768502232.347905,39.36
1768502232.4504151,37.609
1768502232.552625,32.225
1768502232.6548831,45.511
1768502232.762033,34.179
1768502232.8655796,40.125
1768502232.9722126,37.313
1768502233.0745234,32.225
1768502233.1767209,47.774
1768502233.2789955,33.212
1768502233.381305,43.347
1768502233.4836724,34.968
1768502233.5861144,37.883
1768502233.6883492,39.876
1768502233.790692,32.422
1768502233.8961098,44.724
1768502233.9983206,33.39
1768502234.1005685,41.798
1768502234.2027571,35.165
1768502234.3049593,39.459
1768502234.40716,37.215
1768502234.5094333,36.426
1768502234.6118286,43.103
1768502234.7142732,32.62
1768502234.8206732,43.741
1768502234.9230542,34.179
1768502235.0253918,38.353
1768502235.1278384,38.671
1768502235.2300994,32.422
1768502235.3323593,47.45
1768502235.4345727,33.291
1768502235.5369406,41.724
1768502235.6392384,36.229
1768502235.7414815,37.609
1768502235.8467798,32.305
1768502235.9489408,48.335
1768502236.0509903,33.113
1768502236.153064,40.715
1768502236.2552242,38.003
1768502236.3574455,32.916
1768502236.459614,44.16
1768502236.5618508,34.968
1768502236.6639519,39.262
1768502236.76602,36.426
1768502236.872099,36.701
1768502236.9744184,40.247
1768502237.0766716,32.422
1768502237.183246,46.664
1768502237.2855244,33.291
1768502237.3887036,43.274
1768502237.4908972,34.573
1768502237.5974493,38.474
1768502237.6997056,39.656
1768502237.801997,36.743
1768502237.9041598,42.093
1768502238.0063913,32.521
1768502238.108642,47.155
1768502238.2108767,33.606
1768502238.3131824,41.798
1768502238.4155824,35.362
1768502238.5178308,37.489
1768502238.622436,39.239
1768502238.724919,36.229
1768502238.8273208,32.126
1768502238.9296792,41.601
1768502239.0319972,34.672
1768502239.1343052,38.397
1768502239.236629,39.36
1768502239.3388574,32.323
1768502239.4411564,45.413
1768502239.5474494,32.916
1768502239.6497228,43.741
1768502239.752087,34.08
1768502239.8542745,39.853
1768502239.9565024,36.919
1768502240.0586803,34.968
1768502240.160914,45.341
1768502240.2631063,33.014
1768502240.3653123,43.052
1768502240.4675517,33.686
1768502240.5729487,36.426
1768502240.675657,36.701
1768502240.7777789,42.29
1768502240.8800576,32.817
1768502240.9823706,43.668
1768502241.0845573,33.686
1768502241.1868088,39.065
1768502241.2888923,36.722
1768502241.3909903,36.799
1768502241.493098,40.42
1768502241.6007037,33.113
1768502241.7029004,43.446
1768502241.8052657,34.08
1768502241.9089913,40.125
1768502242.0112293,35.933
1768502242.1134825,37.981
1768502242.2157035,39.829
1768502242.317935,35.814
1768502242.4244108,43.839
1768502242.5266614,32.916
1768502242.628887,42.954
1768502242.7311163,33.784
1768502242.8335044,39.065
1768502242.935799,37.587
1768502243.0380046,32.995
1768502243.1402607,46.298
1768502243.242505,33.39
1768502243.3496103,41.601
1768502243.4523325,35.658
1768502243.5546699,36.82
1768502243.6573591,45.484
1768502243.7597313,33.113
1768502243.862311,41.872
1768502243.964517,34.376
1768502244.0670853,38.277
1768502244.1732042,39.36
1768502244.275882,32.521
1768502244.378239,43.052
1768502244.4809,34.278
1768502244.5831516,38.572
1768502244.6858287,39.951
1768502244.7883072,32.521
1768502244.8904722,46.861
1768502244.9927197,33.113
1768502245.098699,35.835
1768502245.2008247,36.722
1768502245.3030162,44.357
1768502245.4052684,33.193
1768502245.5074804,41.034
1768502245.6096342,36.722
1768502245.711901,36.722
1768502245.814002,43.642
1768502245.9161987,33.113
1768502246.0184398,43.052
1768502246.1242921,35.757
1768502246.2264857,35.638
1768502246.328792,42.585
1768502246.4315305,32.916
1768502246.533843,43.446
1768502246.6362033,34.278
1768502246.7383802,39.656
1768502246.840779,37.018
1768502246.9429908,35.736
1768502247.0493681,44.528
1768502247.1515977,33.113
1768502247.2539651,41.773
1768502247.3562064,34.869
1768502247.4583678,36.722
1768502247.5605612,41.625
1768502247.662804,32.817
1768502247.765199,43.347
1768502247.867468,34.278
1768502247.9739013,37.686
1768502248.0761552,40.05
1768502248.178495,32.521
1768502248.2806892,41.724
1768502248.3830638,35.165
1768502248.4852126,38.769
1768502248.5873919,46.593
1768502248.6897056,36.82
1768502248.7919178,36.722
1768502248.8942614,41.231
1768502249.0004814,32.62
1768502249.102679,45.976
1768502249.2048366,33.39
1768502249.3071694,41.207
1768502249.4093428,35.954
1768502249.5115678,36.229
1768502249.6138556,43.078
1768502249.7160938,33.113
1768502249.818267,43.15
1768502249.9205396,38.671
1768502250.026719,40.05
1768502250.1288497,32.817
1768502250.2309499,41.306
1768502250.3329778,36.623
1768502250.4353962,36.82
1768502250.5375688,42.192
1768502250.6403325,32.817
1768502250.7425356,42.979
1768502250.844644,33.982
1768502250.9468997,40.838
1768502251.0525975,36.328
1768502251.1549733,36.546
1768502251.2572603,43.668
1768502251.3594067,32.62
1768502251.463131,44.233
1768502251.5653167,33.883
1768502251.6675804,40.444
1768502251.7699354,36.82
1768502251.8746798,36.426
1768502251.9769673,47.352
1768502252.0791678,33.113
1768502252.1814218,42.093
1768502252.2837393,35.658
1768502252.3862085,37.313
1768502252.4884872,42.979
1768502252.590722,32.62
1768502252.6928837,42.979
1768502252.7952092,33.982
1768502252.901587,41.133
1768502253.003759,36.25
1768502253.105939,37.51
1768502253.2081182,42.019
1768502253.3103106,32.422
1768502253.412558,47.774
1768502253.5147297,33.014
1768502253.6171246,43.004
1768502253.719437,34.475
1768502253.8215935,39.853
1768502253.9277692,37.116
1768502254.0300303,36.722
1768502254.132305,41.404
1768502254.2344668,32.521
1768502254.3366683,47.155
1768502254.438845,33.212
1768502254.541134,41.601
1768502254.6433432,36.151
1768502254.7456012,41.625
1768502254.8523428,32.521
1768502254.9546065,42.585
1768502255.0568504,33.804
1768502255.1590822,40.838
1768502255.2612689,37.215
1768502255.3635368,36.426
1768502255.4657648,43.078
1768502255.5680225,32.817
1768502255.6704626,43.15
1768502255.7727532,34.771
1768502255.8780227,39.065
1768502255.9802153,37.018
1768502256.0824661,36.842
1768502256.1859257,43.642
1768502256.288242,32.718
1768502256.390487,43.57
1768502256.4927478,34.08
1768502256.5949335,39.754
1768502256.697085,36.623
1768502256.8040938,37.806
1768502256.906264,40.542
1768502257.0084777,32.323
1768502257.110721,47.057
1768502257.2133741,33.014
1768502257.3155208,43.176
1768502257.4177504,33.784
1768502257.5199642,41.995
1768502257.6222417,35.461
1768502257.728027,38.769
1768502257.830286,38.003
1768502257.932488,36.426
1768502258.0347645,41.034
1768502258.1369216,32.422
1768502258.2391036,47.352
1768502258.3413494,33.39
1768502258.4436085,42.659
1768502258.5457933,34.376
1768502258.65226,32.323
1768502258.7544909,37.018
1768502258.8567758,33.982
1768502258.9589696,33.31
1768502259.0611036,32.916
1768502259.1632745,32.718
1768502259.26552,33.982
1768502259.3676007,37.806
1768502259.4708374,37.51
1768502259.575038,37.51
1768502259.6771715,37.138
1768502259.7793605,36.131
1768502259.8815286,36.151
1768502259.9836552,36.623
1768502260.0862756,37.609
1768502260.1884947,37.609
1768502260.2908747,37.708
1768502260.393137,37.412
1768502260.4993532,37.39
1768502260.6026552,37.018
1768502260.707393,36.25
1768502260.8095734,36.053
1768502260.9117472,36.25
1768502261.013907,36.349
1768502261.1160853,36.032
1768502261.2182448,33.489
1768502261.3204272,33.014
1768502261.4227045,32.422
1768502261.5283663,40.247
1768502261.6310115,40.838
1768502261.7333703,32.62
1768502261.835608,41.231
1768502261.937936,35.954
1768502262.0403583,37.039
1768502262.1425197,43.078
1768502262.24476,32.817
1768502262.3469872,41.995
1768502262.4528823,35.067
1768502262.5550969,37.51
1768502262.65733,40.542
1768502262.7595317,32.521
1768502262.8617241,42.757
1768502262.9639864,34.08
1768502263.0661786,41.207
1768502263.168423,35.638
1768502263.270588,37.412
1768502263.3729007,40.739
1768502263.479005,32.521
1768502263.5812597,47.352
1768502263.6834466,33.291
1768502263.7856576,42.315
1768502263.8878436,35.56
1768502263.9900324,37.883
1768502264.0922837,34.179
1768502264.194878,44.528
1768502264.2970061,33.212
1768502264.4023468,41.724
1768502264.5045521,35.757
1768502264.6069355,36.131
1768502264.709687,42.265
1768502264.8118505,32.521
1768502264.9139912,45.976
1768502265.0161977,33.014
1768502265.1183608,43.767
1768502265.2205076,34.475
1768502265.3231893,39.853
1768502265.4305139,37.116
1768502265.5327053,36.032
1768502265.6349297,45.905
1768502265.7371883,32.916
1768502265.8394532,42.61
1768502265.9417434,35.067
1768502266.0439756,38.572
1768502266.1462264,38.89
1768502266.2484157,32.323
1768502266.354505,46.172
1768502266.456701,33.113
1768502266.558812,43.373
1768502266.661141,35.461
1768502266.7634335,37.335
1768502266.8656795,41.699
1768502266.9680917,32.62
1768502267.0705028,43.865
1768502267.1727488,34.08
1768502267.2797127,38.2
1768502267.381951,39.284
1768502267.4843254,32.225
1768502267.5865693,47.844
1768502267.6887956,33.014
1768502267.791346,43.201
1768502267.893613,34.869
1768502267.995909,38.474
1768502268.098115,39.087
1768502268.2037034,32.225
1768502268.305991,42.29
1768502268.4081783,35.461
1768502268.5104032,38.89
1768502268.612854,42.093
1768502268.715084,38.2
1768502268.818802,38.299
1768502268.9208953,35.067
1768502269.0229712,43.274
1768502269.1285372,32.817
1768502269.2308326,40.936
1768502269.3331904,38.2
1768502269.4355502,32.62
1768502269.5378115,40.444
1768502269.640231,38.003
1768502269.742656,32.521
1768502269.8454764,42.855
1768502269.9478807,34.179
1768502270.053137,37.609
1768502270.1553183,42.684
1768502270.257531,33.014
1768502270.3597386,41.577
1768502270.4619238,35.165
1768502270.5641353,38.003
1768502270.6663647,42.585
1768502270.76877,32.916
1768502270.8713493,42.167
1768502270.9735677,35.362
1768502271.0799432,37.883
1768502271.1821775,39.459
1768502271.2843735,32.422
1768502271.3867059,45.538
1768502271.4889877,33.587
1768502271.591424,40.912
1768502271.6938775,36.229
1768502271.7960386,36.645
1768502271.8982701,41.896
1768502272.0045264,32.62
1768502272.1067207,43.471
1768502272.209059,33.686
1768502272.3113196,41.109
1768502272.413548,35.954
1768502272.5158029,36.996
1768502272.6180868,40.936
1768502272.7203271,32.521
1768502272.822516,45.413
1768502272.9291084,33.489
1768502273.031285,41.798
1768502273.1334414,35.067
1768502273.23567,38.989
1768502273.3379052,39.951
1768502273.440105,46.664
1768502273.5425177,33.489
1768502273.6446457,41.109
1768502273.7467816,35.736
1768502273.8489623,37.51
1768502273.954514,39.36
1768502274.0567057,34.08
1768502274.1591477,46.102
1768502274.26149,32.916
1768502274.3637817,43.694
1768502274.4661715,33.784
1768502274.569238,41.207
1768502274.6715748,36.151
1768502274.7739,37.806
1768502274.8793805,42.487
1768502274.9816453,32.718
1768502275.0839295,43.471
1768502275.1861472,33.784
1768502275.2884452,43.471
1768502275.390644,35.264
1768502275.4928436,39.262
1768502275.5953205,38.003
1768502275.6975424,32.225
1768502275.80436,35.067
1768502275.906598,45.189
1768502276.0088122,32.916
1768502276.1111386,43.497
1768502276.2134287,35.067
1768502276.3156686,37.412
1768502276.4179215,42.019
1768502276.5203483,32.62
1768502276.6226804,43.668
1768502276.7285137,33.883
1768502276.8307726,41.133
1768502276.932974,35.658
1768502277.0351334,38.375
1768502277.137372,39.284
1768502277.2395763,32.323
1768502277.3417935,46.495
1768502277.444037,33.212
1768502277.546318,42.364
1768502277.653352,34.672
1768502277.7555463,38.792
1768502277.8580842,38.989
1768502277.9603975,44.357
1768502278.0638766,33.705
1768502278.165963,39.853
1768502278.2682388,40.223
1768502278.3703299,32.422
1768502278.4726803,44.993
1768502278.577832,39.186
1768502278.6804981,32.422
1768502278.7834578,47.745
1768502278.8859699,33.409
1768502278.9882724,41.995
1768502279.0915942,36.447
1768502279.1939995,37.434
1768502279.2964077,42.979
1768502279.4016767,32.817
1768502279.5039473,44.16
1768502279.6061816,34.08
1768502279.7085288,40.444
1768502279.8109086,37.236
1768502279.913363,36.94
1768502280.0155919,42.487
1768502280.1177785,32.916
1768502280.2201943,43.741
1768502280.3264735,35.067
1768502280.4288805,38.693
1768502280.531281,41.527
1768502280.6335163,32.521
1768502280.73621,43.471
1768502280.838379,33.686
1768502280.940587,40.739
1768502281.0428517,36.032
1768502281.1451402,37.905
1768502281.2514791,39.754
1768502281.353669,32.422
1768502281.4559243,45.637
1768502281.558171,33.113
1768502281.660379,43.741
1768502281.7625365,34.771
1768502281.8647754,38.671
1768502281.966983,38.003
1768502282.0692654,32.323
1768502282.1714902,46.692
1768502282.2772632,33.014
1768502282.3795598,43.839
1768502282.4818497,34.179
1768502282.5845163,35.757
1768502282.6865976,38.2
1768502282.788695,39.459
1768502282.8907812,32.422
1768502282.9929323,44.626
1768502283.0950406,34.001
1768502283.1974077,39.383
1768502283.3031325,37.609
1768502283.4076095,32.422
1768502283.5100226,43.078
1768502283.6130846,34.08
1768502283.715541,40.542
1768502283.8179536,36.229
1768502283.9203234,36.131
1768502284.0271463,46.341
1768502284.129354,33.409
1768502284.231645,42.388
1768502284.3338778,35.658
1768502284.436191,37.51
1768502284.538569,41.207
1768502284.6407568,32.521
1768502284.7430158,44.921
1768502284.8453124,33.489
1768502284.951596,42.512
1768502285.053894,35.658
1768502285.1561084,38.595
1768502285.258505,40.936
1768502285.360702,32.718
1768502285.462912,45.341
1768502285.5651865,37.018
1768502285.6674716,33.014
1768502285.7697709,37.631
1768502285.8756824,42.585
1768502285.9778776,32.916
1768502286.0801191,41.503
1768502286.1825058,35.165
1768502286.2847447,32.323
1768502286.3870287,45.708
1768502286.4893665,33.113
1768502286.591572,43.249
1768502286.6938171,34.672
1768502286.796372,38.595
1768502286.9023588,39.087
1768502287.0045993,32.521
1768502287.1069627,33.212
1768502287.2091498,41.404
1768502287.3112426,35.757
1768502287.4132693,38.003
1768502287.5153663,38.102
1768502287.6174712,35.461
1768502287.719646,44.357
1768502287.8218195,32.817
1768502287.9267213,42.979
1768502288.0291162,34.278
1768502288.131453,40.321
1768502288.2341018,37.609
1768502288.3364644,32.422
1768502288.4386501,43.176
1768502288.5409393,34.278
1768502288.6432672,33.409
1768502288.745512,41.231
1768502288.853021,38.989
1768502288.9555254,32.521
1768502289.057774,43.373
1768502289.1601048,36.25
1768502289.2624373,36.426
1768502289.3647602,36.447
1768502289.4671118,36.053
1768502289.5693202,35.856
1768502289.6714792,34.869
1768502289.774077,34.08
1768502289.8762138,33.686
1768502289.9784522,33.31
1768502290.0806494,33.212
1768502290.1828125,33.31
1768502290.2851074,33.489
1768502290.3873382,33.212
1768502290.4895952,32.916
1768502290.591793,32.718
1768502290.6939692,32.62
1768502290.8001022,33.508
1768502290.902404,34.278
1768502291.0048845,35.56
1768502291.1071417,37.215
1768502291.2093573,36.94
1768502291.311817,32.323
1768502291.4144459,32.817
1768502291.5167353,33.606
1768502291.6189466,34.771
1768502291.7256808,36.25
1768502291.8279493,36.349
1768502291.9311357,41.601
1768502292.0332396,37.609
1768502292.1354005,32.718
1768502292.2376597,37.784
1768502292.3397453,42.093
1768502292.4425895,34.179
1768502292.5446978,37.587
1768502292.6529088,42.881
1768502292.7552242,33.094
1768502292.858288,40.814
1768502292.960605,37.532
1768502293.0627754,32.323
1768502293.165532,44.948
1768502293.2676284,33.883
1768502293.3699794,40.715
1768502293.4763124,36.645
1768502293.5786037,37.116
1768502293.6808274,45.145
1768502293.7831445,33.212
1768502293.885403,42.118
1768502293.9876435,35.461
1768502294.0899282,38.08
1768502294.1924243,40.444
1768502294.2946968,32.62
1768502294.4021037,44.921
1768502294.5044398,33.902
1768502294.606722,39.928
1768502294.7090256,37.215
1768502294.8113086,35.441
1768502294.9137442,44.456
1768502295.0161366,32.817
1768502295.1183524,42.881
1768502295.22059,34.376
1768502295.3266885,36.426
1768502295.4289541,42.29
1768502295.5311656,32.718
1768502295.6334221,43.176
1768502295.7355735,33.587
1768502295.8379447,40.641
1768502295.940185,36.328
1768502296.042425,37.609
1768502296.1447368,39.087
1768502296.2501364,33.784
1768502296.3524358,33.409
1768502296.455621,41.109
1768502296.557682,36.349
1768502296.659724,38.025
1768502296.761752,40.345
1768502296.8640285,32.422
1768502296.9661553,46.692
1768502297.0683157,33.014
1768502297.1704886,43.398
1768502297.2729259,34.771
1768502297.377449,37.313
1768502297.4797783,39.853
1768502297.5821064,32.521
1768502297.6843343,47.549
1768502297.7877407,33.31
1768502297.889986,44.357
1768502297.992142,34.475
1768502298.09434,38.989
1768502298.1965687,38.496
1768502298.3025627,33.014
1768502298.4050033,43.865
1768502298.5071936,34.376
1768502298.6095676,32.225
1768502298.7119138,42.979
1768502298.814219,34.376
1768502298.9165235,32.225
1768502299.018819,43.767
1768502299.1211648,34.771
1768502299.2235806,36.525
1768502299.3288772,43.865
1768502299.4312031,33.784
1768502299.5336294,39.853
1768502299.6359463,37.609
1768502299.7382843,32.323
1768502299.8405778,44.626
1768502299.9428744,33.686
1768502300.0451453,40.936
1768502300.1476076,37.018
1768502300.2499266,32.323
1768502300.3545938,44.554
1768502300.4569283,33.606
1768502300.5592165,41.625
1768502300.6615813,35.736
1768502300.7639728,35.638
1768502300.8662639,42.807
1768502300.968642,32.718
1768502301.0709076,46.861
1768502301.1732626,33.193
1768502301.2797694,35.067
1768502301.3819242,38.102
1768502301.483989,39.36
1768502301.586102,32.422
1768502301.6882644,47.45
1768502301.7904992,33.291
1768502301.8926778,43.103
1768502301.9947827,35.165
1768502302.0971417,38.299
1768502302.1993978,41.133
1768502302.3124106,34.179
1768502302.414758,39.186
1768502302.517101,39.065
1768502302.6193888,32.521
1768502302.721663,46.861
1768502302.8277693,33.686
1768502302.930032,41.306
1768502303.0322201,35.856
1768502303.134508,38.397
1768502303.2367353,38.671
1768502303.338957,32.404
1768502303.4412787,44.482
1768502303.5439231,32.817
1768502303.6461642,44.751
1768502303.7525532,33.489
1768502303.854764,41.428
1768502303.9569912,35.56
1768502304.05917,38.003
1768502304.1613886,38.89
1768502304.2635667,32.422
1768502304.3659205,45.61
1768502304.4683473,33.113
1768502304.5705092,43.937
1768502304.6728354,34.278
1768502304.7782106,38.496
1768502304.8804154,38.299
1768502304.982537,35.461
1768502305.0847113,42.216
1768502305.1868865,33.014
1768502305.2891054,43.839
1768502305.3912568,33.804
1768502305.493452,41.97
1768502305.5957627,35.264
1768502305.6979458,38.989
1768502305.804136,32.422
1768502305.9062343,45.511
1768502306.0083532,33.113
1768502306.1103585,42.906
1768502306.2124076,34.672
1768502306.3145437,32.422
1768502306.4165676,44.456
1768502306.5187502,33.014
1768502306.6209502,43.078
1768502306.7231946,33.784
1768502306.8253407,41.133
1768502306.9325166,35.757
1768502307.0347774,38.102
1768502307.1371155,40.125
1768502307.2394042,32.62
1768502307.341686,46.888
1768502307.4440842,33.489
1768502307.5463142,42.881
1768502307.6486154,34.869
1768502307.7558978,38.178
1768502307.858388,38.769
1768502307.9606905,37.116
1768502308.0630448,41.896
1768502308.1653228,32.718
1768502308.2675338,43.249
1768502308.3697257,34.376
1768502308.471975,39.853
1768502308.5743172,40.814
1768502308.6766772,34.475
1768502308.782501,37.489
1768502308.884824,38.868
1768502308.9874327,32.404
1768502309.0898097,45.315
1768502309.192392,32.916
1768502309.2946432,43.274
1768502309.3973489,33.686
1768502309.499566,41.601
1768502309.602085,35.264
1768502309.7085607,37.806
1768502309.8107502,41.404
1768502309.9130507,32.817
1768502310.0152483,43.642
1768502310.11743,33.982
1768502310.2199032,41.231
1768502310.3222482,36.151
1768502310.4246578,38.792
1768502310.5268974,39.459
1768502310.629373,32.422
1768502310.7362022,33.014
1768502310.8382723,43.694
1768502310.9412136,33.883
1768502311.0433805,39.262
1768502311.1455812,36.426
1768502311.2477577,36.623
1768502311.350394,41.995
1768502311.452575,32.916
1768502311.554764,42.954
1768502311.658178,33.686
1768502311.7622807,41.527
1768502311.8645349,35.954
1768502311.9669075,38.003
1768502312.0692332,38.966
1768502312.171519,32.521
1768502312.2740054,46.326
1768502312.3762615,33.113
1768502312.4785469,43.57
1768502312.580805,34.08
1768502312.6880457,40.42
1768502312.7902555,35.736
1768502312.8923376,38.868
1768502312.9945214,38.102
1768502313.0967693,36.525
1768502313.1991382,41.306
1768502313.3012762,32.62
1768502313.403446,46.861
1768502313.505685,33.193
1768502313.6080492,42.585
1768502313.7129223,34.968
1768502313.8151393,39.853
1768502313.917411,36.525
1768502314.0196118,37.412
1768502314.1218736,39.951
1768502314.2240424,32.521
1768502314.3262548,46.326
1768502314.4285476,33.31
1768502314.5306969,39.679
1768502314.632889,38.375
1768502314.7394035,33.587
1768502314.8416872,45.288
1768502314.943874,33.014
1768502315.0461156,44.16
1768502315.148267,33.587
1768502315.250513,41.97
1768502315.3526976,35.362
1768502315.454929,38.277
1768502315.5571122,38.375
1768502315.6593227,43.767
1768502315.7676313,33.113
1768502315.8697937,43.446
1768502315.9719222,33.784
1768502316.0739343,40.321
1768502316.1761932,35.835
1768502316.2782812,37.806
1768502316.3819585,39.951
1768502316.4842472,32.422
1768502316.5897787,46.397
1768502316.6919956,33.014
1768502316.7943377,42.954
1768502316.8967004,33.784
1768502316.998875,41.109
1768502317.1011024,35.461
1768502317.2033656,40.345
1768502317.3055072,36.623
1768502317.407797,35.165
1768502317.5100405,44.626
1768502317.6150558,32.62
1768502317.7172327,47.745
1768502317.8195224,33.409
1768502317.9217024,42.487
1768502318.024014,34.672
1768502318.1262484,40.838
1768502318.228435,36.328
1768502318.3306658,35.835
1768502318.432827,43.792
1768502318.5354507,32.62
1768502318.6412873,37.215
1768502318.743575,41.207
1768502318.8459394,32.817
1768502318.948361,43.176
1768502319.0506232,34.179
1768502319.1528354,39.853
1768502319.2552166,37.215
1768502319.357454,34.968
1768502319.459628,44.383
1768502319.5650826,33.489
1768502319.6673088,33.014
1768502319.7694855,32.7
1768502319.8716633,36.032
1768502319.973818,37.116
1768502320.0759935,37.51
1768502320.1781123,37.708
1768502320.280205,37.609
1768502320.38238,36.426
1768502320.485359,35.933
1768502320.5882359,35.067
1768502320.6904268,33.193
1768502320.792534,33.489
1768502320.8946493,34.179
1768502320.9989922,35.539
1768502321.1013222,35.658
1768502321.2045863,35.362
1768502321.3070028,32.521
1768502321.4092128,32.521
1768502321.5145135,32.718
1768502321.6167235,32.916
1768502321.7189887,33.113
1768502321.8213537,33.489
1768502321.9235907,33.883
1768502322.0258405,34.968
1768502322.1280384,31.83
1768502322.2302663,38.693
1768502322.332649,43.642
1768502322.4349487,33.489
1768502322.5415323,41.748
1768502322.6438317,36.151
1768502322.7460623,36.722
1768502322.8482885,44.036
1768502322.9505346,32.817
1768502323.0527809,42.585
1768502323.155171,35.264
1768502323.257445,37.708
1768502323.3597386,41.527
1768502323.4666598,32.521
1768502323.5689533,45.413
1768502323.6712317,33.39
1768502323.7734787,42.29
1768502323.8758066,35.757
1768502323.978028,38.518
1768502324.0803075,38.989
1768502324.1824622,35.145
1768502324.2849653,42.881
1768502324.3911014,32.718
1768502324.493388,43.891
1768502324.5955322,33.587
1768502324.6977038,43.57
1768502324.8000472,34.968
1768502324.9022217,38.792
1768502325.0043857,38.2
1768502325.106664,42.265
1768502325.2098083,32.817
1768502325.3147893,43.471
1768502325.4172115,33.784
1768502325.5194352,41.133
1768502325.6216536,36.229
1768502325.723976,37.412
1768502325.8279684,42.118
1768502325.9301853,32.62
1768502326.032515,43.813
1768502326.134724,33.587
1768502326.2399414,41.724
1768502326.3421676,36.25
1768502326.4444706,36.426
1768502326.5466704,44.16
1768502326.6488824,32.916
1768502326.751184,42.684
1768502326.8533375,35.757
1768502326.9556017,37.313
1768502327.0577724,41.625
1768502327.1600244,32.521
1768502327.2660604,44.894
1768502327.3683567,33.409
1768502327.4705875,42.979
1768502327.5730069,35.165
1768502327.6753688,37.686
1768502327.7777433,39.459
1768502327.8801165,32.521
1768502327.9823668,46.888
1768502328.0846858,32.897
1768502328.1902769,42.855
1768502328.2932312,33.489
1768502328.3954208,33.606
1768502328.4975696,45.019
1768502328.6021128,32.995
1768502328.7043903,36.229
1768502328.8065948,44.626
1768502328.9088354,33.113
1768502329.0146,43.544
1768502329.11679,34.475
1768502329.2189796,41.798
1768502329.3212671,35.757
1768502329.4235435,37.412
1768502329.5258908,40.542
1768502329.6281974,32.718
1768502329.7304597,35.067
1768502329.833041,36.623
1768502329.935268,43.839
1768502330.0412467,32.817
1768502330.143504,43.57
1768502330.2458992,33.982
1768502330.3483117,41.404
1768502330.4512448,35.658
1768502330.5534925,37.806
1768502330.655846,38.868
1768502330.7580485,32.422
1768502330.8602307,45.359
1768502330.966295,33.686
1768502331.0685189,41.085
1768502331.1708224,35.539
1768502331.2730806,38.966
1768502331.3753774,38.966
1768502331.4776347,32.422
1768502331.5800753,47.52
1768502331.6823351,33.193
1768502331.7847278,41.995
1768502331.8908048,34.968
1768502331.9931085,40.247
1768502332.0953362,36.82
1768502332.1977208,37.609
1768502332.3000572,39.853
1768502332.4023404,32.422
1768502332.5045443,46.003
1768502332.6067843,33.113
1768502332.70911,43.373
1768502332.8113801,33.982
1768502332.9176965,41.527
1768502333.0198998,35.441
1768502333.1223135,38.966
1768502333.2244747,37.609
1768502333.3266485,36.722
1768502333.4289382,42.29
1768502333.5312545,32.62
1768502333.6336362,43.249
1768502333.7359314,34.179
1768502333.8411667,39.065
1768502333.9434743,38.08
1768502334.0457957,32.422
1768502334.1481245,45.315
1768502334.2503533,33.212
1768502334.3528306,42.315
1768502334.4551513,38.375
1768502334.557798,40.148
1768502334.6604698,32.718
1768502334.7661746,43.668
1768502334.8726475,34.475
1768502334.9749672,39.459
1768502335.077824,38.792
1768502335.1802254,32.323
1768502335.2826219,44.429
1768502335.3850255,34.573
1768502335.4904711,36.722
1768502335.5927577,43.839
1768502335.6950145,33.014
1768502335.7972674,43.668
1768502335.899519,34.869
1768502336.0017626,37.631
1768502336.104019,41.306
1768502336.2063785,32.718
1768502336.3091896,43.741
1768502336.4150724,33.982
1768502336.517384,38.671
1768502336.619561,39.284
1768502336.7218719,32.422
1768502336.8240182,46.467
1768502336.9263182,33.31
1768502337.028495,42.979
1768502337.1306825,34.475
1768502337.2329457,40.912
1768502337.3352,37.313
1768502337.4407187,32.225
1768502337.543019,46.467
1768502337.6453168,33.291
1768502337.7477348,42.192
1768502337.8499594,35.461
1768502337.952217,37.587
1768502338.054451,39.853
1768502338.15692,33.014
1768502338.2592974,39.754
1768502338.3615515,39.951
1768502338.466824,32.62
1768502338.5690718,43.767
1768502338.6713786,43.471
1768502338.7736108,32.916
1768502338.8758044,45.216
1768502338.978012,43.963
1768502339.0812113,34.278
1768502339.1833017,41.034
1768502339.285411,35.954
1768502339.3918984,38.102
1768502339.4940937,39.186
1768502339.5965073,32.422
1768502339.6988132,47.675
1768502339.8010347,33.113
1768502339.9032245,43.57
1768502340.005411,34.278
1768502340.1076188,38.178
1768502340.2097774,40.739
1768502340.312045,32.718
1768502340.4182963,44.233
1768502340.5204468,34.475
1768502340.6227443,39.754
1768502340.725065,37.215
1768502340.8274424,34.475
1768502340.9297554,47.282
1768502341.0320604,33.113
1768502341.1345012,44.062
1768502341.2367866,34.672
1768502341.3434691,38.08
1768502341.4457011,38.966
1768502341.5483835,33.864
1768502341.6506524,47.844
1768502341.7531602,33.212
1768502341.85546,41.38
1768502341.9579597,34.869
1768502342.0603228,38.746
1768502342.1675007,38.102
1768502342.269873,36.743
1768502342.3725212,44.305
1768502342.4746776,32.995
1768502342.5772173,42.881
1768502342.6795876,33.883
1768502342.7820778,41.133
1768502342.8844407,35.638
1768502342.9870272,37.981
1768502343.0925796,38.966
1768502343.1947532,32.62
1768502343.2969706,45.681
1768502343.3991115,33.291
1768502343.5012968,34.278
1768502343.6036572,38.299
1768502343.7059517,38.572
1768502343.808098,33.686
1768502343.9103775,44.062
1768502344.0168054,32.62
1768502344.1190052,46.861
1768502344.2211483,33.212
1768502344.3235137,43.347
1768502344.4260442,33.982
1768502344.5282547,40.715
1768502344.630443,35.539
1768502344.7328885,37.313
1768502344.8352342,41.577
1768502344.9411638,32.817
1768502345.0435286,43.741
1768502345.1458044,34.179
1768502345.2481005,39.679
1768502345.3502855,39.754
1768502345.4526048,32.62
1768502345.555015,43.274
1768502345.657372,33.982
1768502345.7596145,40.444
1768502345.8618267,37.587
1768502345.9680219,32.404
1768502346.0702333,46.397
1768502346.1725414,33.094
1768502346.2748518,42.855
1768502346.3770783,35.264
1768502346.479351,37.292
1768502346.5816798,41.207
1768502346.6840832,32.62
1768502346.7863932,43.57
1768502346.8926961,34.278
1768502346.995102,37.883
1768502347.097787,40.715
1768502347.20009,32.521
1768502347.3023245,44.626
1768502347.4046934,33.686
1768502347.5070264,41.207
1768502347.609493,36.82
1768502347.715661,32.404
1768502347.8178525,46.326
1768502347.9200616,33.014
1768502348.0222907,43.078
1768502348.1244915,39.951
1768502348.227357,36.328
1768502348.3295584,36.919
1768502348.4316683,41.33
1768502348.5343587,32.897
1768502348.6366363,36.405
1768502348.7420213,43.052
1768502348.8450274,33.094
1768502348.9472802,42.782
1768502349.0495243,36.426
1768502349.1518748,32.323
1768502349.2541854,45.779
1768502349.3565135,33.883
1768502349.4587457,40.345
1768502349.561054,37.313
1768502349.6666877,35.56
1768502349.768914,34.573
1768502349.8711476,32.897
1768502349.9732766,36.426
1768502350.0753734,37.784
1768502350.1776543,37.609
1768502350.279949,36.504
1768502350.3821638,38.003
1768502350.4843993,37.806
1768502350.5866702,37.215
1768502350.6921887,36.229
1768502350.7942572,35.658
1768502350.8963335,35.244
1768502350.9984205,35.638
1768502351.1007042,35.658
1768502351.2029138,35.835
1768502351.3052232,36.25
1768502351.4075804,37.806
1768502351.5098424,37.708
1768502351.6120307,37.51
1768502351.7187846,36.426
1768502351.8210902,33.587
1768502351.9232633,32.817
1768502352.0254664,33.686
1768502352.127804,35.165
1768502352.2300713,36.525
1768502352.332306,36.722
1768502352.4345372,32.422
1768502352.5367548,32.62
1768502352.6389263,41.699
1768502352.7456124,38.693
1768502352.8478076,32.62
1768502352.9500554,42.881
1768502353.0522294,38.102
1768502353.1550014,40.05
1768502353.25709,32.422
1768502353.359353,42.315
1768502353.4614758,33.686
1768502353.5673146,41.503
1768502353.6723664,35.461
1768502353.7746222,37.313
1768502353.876892,41.699
1768502353.9790728,32.62
1768502354.0814202,43.767
1768502354.183734,34.278
1768502354.286077,38.868
1768502354.388428,38.769
1768502354.4906442,32.521
1768502354.5930471,42.487
1768502354.6988168,34.475
1768502354.801119,38.693
1768502354.9034014,40.936
1768502355.0056808,32.718
1768502355.1081886,43.446
1768502355.2103775,35.264
1768502355.3128014,37.489
1768502355.4150336,43.668
1768502355.5172548,32.718
1768502355.6194317,43.471
1768502355.7253375,33.982
1768502355.8276722,40.321
1768502355.9298754,38.397
1768502356.032082,32.323
1768502356.1343505,47.577
1768502356.2366543,33.409
1768502356.3389237,40.518
1768502356.441119,37.215
1768502356.5433393,35.264
1768502356.645576,46.762
1768502356.7529292,33.291
1768502356.8551326,41.995
1768502356.9574208,36.229
1768502357.0596519,36.525
1768502357.161878,42.29
1768502357.264144,32.916
1768502357.366361,41.773
1768502357.468582,35.835
1768502357.5709128,37.27
1768502357.6732368,40.715
1768502357.7777958,32.521
1768502357.8800821,47.324
1768502357.982844,42.29
1768502358.0851417,35.835
1768502358.187231,36.919
1768502358.2893314,44.331
1768502358.3916872,33.291
1768502358.4937716,43.078
1768502358.596615,47.254
1768502358.7035813,33.784
1768502358.805929,36.032
1768502358.9082818,43.642
1768502359.0107896,38.299
1768502359.113146,32.718
1768502359.215372,43.027
1768502359.3176913,35.362
1768502359.420174,37.018
1768502359.522791,47.844
1768502359.6280096,33.686
1768502359.7303207,41.133
1768502359.832517,35.757
1768502359.934735,38.693
1768502360.0369108,38.89
1768502360.1391807,32.62
1768502360.2414508,42.487
1768502360.3436267,35.757
1768502360.4458468,37.883
1768502360.5481222,40.05
1768502360.6537309,32.62
1768502360.7560756,42.684
1768502360.8584213,33.883
1768502360.9606607,40.838
1768502361.0630188,37.116
1768502361.165268,35.441
1768502361.2675128,45.315
1768502361.3698416,32.916
1768502361.4722574,43.078
1768502361.578684,35.757
1768502361.6814039,36.82
1768502361.7836084,41.699
1768502361.885761,32.718
1768502361.987972,44.921
1768502362.090116,33.508
1768502362.1923065,43.767
1768502362.2946665,35.165
1768502362.3969917,37.806
1768502362.499373,39.829
1768502362.603799,32.7
1768502362.706117,34.08
1768502362.8089964,41.034
1768502362.9110725,36.919
1768502363.0138483,37.116
1768502363.1159115,39.928
1768502363.218395,32.521
1768502363.3205094,47.38
1768502363.4226332,32.995
1768502363.5290093,42.881
1768502363.6311836,33.982
1768502363.7334135,41.33
1768502363.8356664,36.032
1768502363.9379172,36.919
1768502364.0403492,43.176
1768502364.1426768,32.897
1768502364.2449067,43.078
1768502364.3471546,34.475
1768502364.4494088,39.656
1768502364.555296,37.412
1768502364.6574855,35.362
1768502364.7596323,44.134
1768502364.8618908,33.014
1768502364.9640944,43.176
1768502365.0664086,33.883
1768502365.1686633,41.896
1768502365.270881,37.292
1768502365.3731022,32.305
1768502365.4797614,46.566
1768502365.5819798,33.291
1768502365.684188,42.388
1768502365.786424,35.736
1768502365.8885808,38.474
1768502365.9908853,38.572
1768502366.0930693,33.864
1768502366.1953313,44.134
1768502366.2976286,32.798
1768502366.4039996,43.544
1768502366.5063088,38.2
1768502366.6084912,33.113
1768502366.7108262,43.15
1768502366.8131523,35.264
1768502366.9155123,36.623
1768502367.017772,46.861
1768502367.1200185,34.08
1768502367.2222931,39.829
1768502367.3244746,36.229
1768502367.4300156,42.192
1768502367.5327518,32.62
1768502367.6352398,43.373
1768502367.7374716,33.883
1768502367.839579,42.512
1768502367.9423084,35.56
1768502368.0445402,38.716
1768502368.146709,38.572
1768502368.2490377,32.817
1768502368.354745,37.27
1768502368.4570422,41.822
1768502368.5593162,33.784
1768502368.6617253,32.817
1768502368.7642317,41.872
1768502368.8664825,35.264
1768502368.9687538,37.784
1768502369.0711646,41.01
1768502369.173413,32.62
1768502369.2757792,42.782
1768502369.3808835,34.376
1768502369.4831069,39.186
1768502369.5855038,38.769
1768502369.6877623,35.933
1768502369.7900603,43.865
1768502369.8922575,33.113
1768502369.9947417,41.921
1768502370.0971544,35.835
1768502370.1995196,37.806
1768502370.301783,40.542
1768502370.4079459,32.62
1768502370.5101464,47.45
1768502370.6123455,33.193
1768502370.7146428,42.659
1768502370.8169448,35.067
1768502370.9191675,38.08
1768502371.0213804,37.215
1768502371.1235466,37.215
1768502371.2257888,40.345
1768502371.3280344,32.718
1768502371.432703,44.482
1768502371.53493,33.014
1768502371.6372445,46.888
1768502371.7394798,33.587
1768502371.8417842,41.798
1768502371.94401,35.362
1768502372.046253,37.905
1768502372.1485324,39.459
1768502372.250856,33.883
1768502372.3530893,45.243
1768502372.4594426,41.503
1768502372.5615427,35.046
1768502372.6677375,38.102
1768502372.76983,39.951
1768502372.8730474,32.7
1768502372.9752247,44.698
1768502373.077488,33.982
1768502373.1833398,40.345
1768502373.2855744,37.018
1768502373.3877788,32.422
1768502373.4903047,45.288
1768502373.5925186,33.094
1768502373.694713,43.839
1768502373.7969992,34.376
1768502373.8991878,39.262
1768502374.0014293,36.525
1768502374.1036437,37.587
1768502374.2099407,40.936
1768502374.3122585,32.62
1768502374.414658,44.626
1768502374.5170565,33.982
1768502374.6195006,40.518
1768502374.7218106,36.722
1768502374.8240678,37.609
1768502374.9263268,41.527
1768502375.028723,32.62
1768502375.1354847,43.741
1768502375.2378938,33.31
1768502375.340473,41.231
1768502375.4426377,35.757
1768502375.5454502,32.521
1768502375.6476378,43.446
1768502375.7502236,33.982
1768502375.8525236,40.641
1768502375.9551094,36.131
1768502376.0610833,35.342
1768502376.1637383,42.487
1768502376.2659862,32.916
1768502376.3685815,45.708
1768502376.470776,33.489
1768502376.5734239,39.065
1768502376.6756682,37.806
1768502376.7778988,32.502
1768502376.8802278,41.034
1768502376.9854186,43.767
1768502377.088372,33.686
1768502377.1903877,40.223
1768502377.293958,36.525
1768502377.396183,36.722
1768502377.4983363,42.167
1768502377.6004975,32.916
1768502377.702715,43.767
1768502377.8049278,34.278
1768502377.9101648,37.018
1768502378.012427,40.641
1768502378.1146367,32.718
1768502378.2168424,43.274
1768502378.319145,35.461
1768502378.4214668,37.313
1768502378.5236797,44.456
1768502378.6258757,38.277
1768502378.7283108,32.521
1768502378.8306036,46.566
1768502378.9355888,33.587
1768502379.037854,39.36
1768502379.1400526,37.138
1768502379.2423117,34.08
1768502379.3446376,47.352
1768502379.4469123,33.686
1768502379.549279,38.868
1768502379.6516645,38.868
1768502379.7539196,32.521
1768502379.8561718,45.511
1768502379.9624045,33.113
1768502380.0646176,42.192
1768502380.1668515,35.067
1768502380.2690945,37.532
1768502380.371584,33.587
1768502380.473839,33.39
1768502380.5761883,35.244
1768502380.67857,36.82
1768502380.7807343,38.102
1768502380.8845448,38.102
1768502380.9868045,38.397
1768502381.0891345,36.447
1768502381.1912563,35.067
1768502381.293417,34.179
1768502381.3957877,33.686
1768502381.4980743,33.409
1768502381.600314,33.291
1768502381.703228,33.31
1768502381.8055444,33.39
1768502381.9187987,34.179
1768502382.021854,33.883
1768502382.1241891,34.771
1768502382.2263427,34.968
1768502382.3286042,36.82
1768502382.4345741,36.151
1768502382.5369096,37.609
1768502382.639233,37.412
1768502382.7414446,36.229
1768502382.8437989,36.525
1768502382.9460053,33.113
1768502383.0483544,32.323
1768502383.1506255,40.42
1768502383.252865,36.349
1768502383.355173,32.718
1768502383.4618359,42.29
1768502383.5640862,34.179
1768502383.6663964,39.853
1768502383.7686176,37.215
1768502383.8708866,36.623
1768502383.9731774,47.282
1768502384.0754464,32.62
1768502384.1777413,41.699
1768502384.280105,33.489
1768502384.3823678,37.412
1768502384.4876046,46.959
1768502384.5898795,32.916
1768502384.69211,43.891
1768502384.7943661,34.08
1768502384.896707,40.444
1768502384.9989529,36.229
1768502385.1012218,37.39
1768502385.2033885,41.428
1768502385.3055944,32.718
1768502385.4078758,43.57
1768502385.5132582,34.179
1768502385.6154294,39.239
1768502385.7176683,37.708
1768502385.81984,36.405
1768502385.9221513,43.694
1768502386.0243695,32.817
1768502386.1268752,43.642
1768502386.2290792,33.686
1768502386.3312147,39.853
1768502386.4333835,36.525
1768502386.540482,43.004
1768502386.642773,32.718
1768502386.745107,46.102
1768502386.8473158,33.686
1768502386.9511275,42.684
1768502387.0534306,35.067
1768502387.156004,32.027
1768502387.2582467,43.668
1768502387.364571,33.982
1768502387.4667516,41.33
1768502387.56904,36.229
1768502387.6712599,37.193
1768502387.773512,40.42
1768502387.8757982,32.521
1768502387.9780242,46.298
1768502388.080285,33.39
1768502388.1824796,43.865
1768502388.2848563,36.053
1768502388.390241,33.291
1768502388.4929123,46.172
1768502388.5953124,34.573
1768502388.6975617,33.982
1768502388.7997942,46.888
1768502388.902085,34.573
1768502389.004461,32.422
1768502389.1068332,40.936
1768502389.2091358,36.525
1768502389.3153324,37.116
1768502389.417558,42.315
1768502389.519799,32.62
1768502389.6221185,42.659
1768502389.7245097,33.982
1768502389.826773,40.444
1768502389.9290466,36.25
1768502390.0312722,37.018
1768502390.1337252,43.274
1768502390.240482,33.113
1768502390.3427956,44.062
1768502390.4452448,35.165
1768502390.5475292,37.51
1768502390.6499634,41.896
1768502390.752283,32.916
1768502390.854512,43.741
1768502390.956831,37.806
1768502391.060009,40.912
1768502391.166015,32.916
1768502391.2684155,41.109
1768502391.3709455,35.856
1768502391.4731703,37.095
1768502391.575404,42.093
1768502391.6776328,32.916
1768502391.7799766,41.306
1768502391.8822813,35.933
1768502391.9846287,37.335
1768502392.0914493,43.544
1768502392.193682,33.193
1768502392.2958853,41.995
1768502392.3981185,36.131
1768502392.5003583,37.784
1768502392.6026652,42.979
1768502392.704956,33.014
1768502392.8073406,43.347
1768502392.909523,34.869
1768502393.0157907,39.262
1768502393.118029,37.708
1768502393.2204192,35.539
1768502393.3227458,44.036
1768502393.425027,33.014
1768502393.5272405,43.668
1768502393.629505,34.672
1768502393.7317233,39.065
1768502393.83424,39.065
1768502393.9404674,32.323
1768502394.0428169,44.724
1768502394.1451607,33.409
1768502394.2474492,41.724
1768502394.3496935,35.757
1768502394.4519873,37.51
1768502394.554254,40.345
1768502394.656547,32.62
1768502394.758895,43.544
1768502394.8612678,33.587
1768502394.9669027,40.148
1768502395.0693364,37.313
1768502395.1715431,36.722
1768502395.273855,42.881
1768502395.3766055,32.718
1768502395.4788797,46.566
1768502395.5811543,33.193
1768502395.683372,33.784
1768502395.7860942,42.684
1768502395.8930526,35.264
1768502395.9956348,39.262
1768502396.097847,37.313
1768502396.2002296,37.116
1768502396.3024197,41.01
1768502396.404683,32.718
1768502396.50692,44.823
1768502396.6092846,33.784
1768502396.711518,41.896
1768502396.8181148,37.609
1768502396.9203913,33.686
1768502397.0227306,43.176
1768502397.1249394,33.883
1768502397.227159,41.306
1768502397.3294387,36.328
1768502397.431762,36.525
1768502397.534102,44.456
1768502397.6363523,33.014
1768502397.7386227,43.471
1768502397.8437092,34.672
1768502397.9459105,40.542
1768502398.0482345,38.102
1768502398.1505451,36.919
1768502398.2532332,43.176
1768502398.3556092,33.094
1768502398.457871,43.668
1768502398.5600233,34.672
1768502398.6623454,33.014
1768502398.768431,43.15
1768502398.8708067,35.067
1768502398.973015,39.163
1768502399.0752027,38.474
1768502399.1776013,32.323
1768502399.279849,42.855
1768502399.3821785,33.587
1768502399.4845257,41.01
1768502399.5868366,35.757
1768502399.6923482,37.51
1768502399.7947183,40.247
1768502399.8970084,32.521
1768502399.999686,43.668
1768502400.102189,39.853
1768502400.2043722,32.521
1768502400.3066409,33.883
1768502400.4157476,37.784
1768502400.5179474,36.919
1768502400.6224177,32.422
1768502400.7246134,47.38
1768502400.8268058,33.113
1768502400.929026,43.668
1768502401.0314162,34.475
1768502401.1336637,40.518
1768502401.2359102,38.003
1768502401.3413572,32.718
1768502401.443637,39.928
1768502401.545913,37.116
1768502401.6483095,32.422
1768502401.7507842,47.45
1768502401.8530614,33.39
1768502401.9554286,43.595
1768502402.0576546,35.56
1768502402.1598818,37.905
1768502402.2667356,41.428
1768502402.3689988,33.686
1768502402.4712522,42.782
1768502402.5736084,33.489
1768502402.6759143,37.806
1768502402.7782376,38.89
1768502402.880519,35.933
1768502402.9828546,41.724
1768502403.0852246,33.212
1768502403.1874394,44.036
1768502403.2937682,34.278
1768502403.3962908,40.345
1768502403.4984863,36.349
1768502403.6008394,37.609
1768502403.7030463,41.01
1768502403.8055081,32.521
1768502403.9077797,44.823
1768502404.0101266,33.508
1768502404.1123986,41.699
1768502404.219934,35.736
1768502404.3222594,37.51
1768502404.4249039,40.617
1768502404.5273497,32.916
1768502404.6307437,33.587
1768502404.7332013,43.767
1768502404.841714,35.264
1768502404.9439676,38.496
1768502405.0463142,39.853
1768502405.1485324,32.404
1768502405.250808,42.979
1768502405.3533154,34.08
1768502405.4555578,37.806
1768502405.5581086,40.345
1768502405.6603076,32.521
1768502405.7625954,44.626
1768502405.8692186,33.489
1768502405.9716406,42.487
1768502406.0738347,35.56
1768502406.1761086,37.708
1768502406.278284,41.798
1768502406.3806586,32.817
1768502406.4830062,43.176
1768502406.5852516,34.968
1768502406.6877031,37.631
1768502406.7900436,42.093
1768502406.8949988,32.62
1768502406.9972758,43.274
1768502407.0996022,34.672
1768502407.202112,37.883
1768502407.3044572,39.829
1768502407.4068272,32.62
1768502407.5091107,43.274
1768502407.6113226,34.376
1768502407.7134788,39.163
1768502407.8193295,38.003
1768502407.9215622,32.323
1768502408.0239098,47.085
1768502408.1261544,33.113
1768502408.228338,43.347
1768502408.330745,35.264
1768502408.4330192,39.262
1768502408.535265,39.284
1768502408.6376224,32.718
1768502408.7398744,37.236
1768502408.8469994,40.148
1768502408.9492683,32.718
1768502409.0514247,43.176
1768502409.1536467,34.376
1768502409.2559018,36.623
1768502409.3587523,38.003
1768502409.4608307,40.715
1768502409.5637355,32.62
1768502409.665939,45.61
1768502409.771367,33.39
1768502409.8736804,41.527
1768502409.9760754,36.229
1768502410.0783179,32.323
1768502410.1805077,47.127
1768502410.2827532,33.587
1768502410.3849275,41.97
1768502410.4871788,35.264
1768502410.5896688,37.313
1768502410.6960528,44.134
1768502410.7982624,33.31
1768502410.900515,35.736
1768502411.0026314,38.003
1768502411.1049867,37.51
1768502411.2071807,36.82
1768502411.3094153,36.546
1768502411.4115732,36.229
1768502411.5138452,35.658
1768502411.6178741,34.672
1768502411.7200897,35.145
1768502411.8222358,34.475
1768502411.9245145,35.954
1768502412.0267441,35.658
1768502412.1288893,36.546
1768502412.2311037,36.546
1768502412.3332703,37.412
1768502412.435568,37.018
1768502412.537842,35.954
1768502412.6401532,35.441
1768502412.7424593,32.916
1768502412.847856,33.409
1768502412.950145,34.869
1768502413.0524201,36.82
1768502413.1547794,37.215
1768502413.2571018,37.018
1768502413.3593762,32.521
1768502413.461636,33.113
1768502413.563877,41.601
1768502413.6663377,37.215
1768502413.768803,32.62
1768502413.8746808,37.905
1768502413.9769108,40.838
1768502414.0807333,34.376
1768502414.1829808,46.762
1768502414.2894263,33.883
1768502414.3915193,37.708
1768502414.4936805,43.078
1768502414.5998743,32.817
1768502414.7021484,41.207
1768502414.804407,35.757
1768502414.9065592,36.722
1768502415.008712,41.503
1768502415.110884,32.718
1768502415.2130692,43.373
1768502415.315257,34.573
1768502415.4176047,37.708
1768502415.5200012,38.474
1768502415.6253707,32.422
1768502415.7277398,44.652
1768502415.8299718,33.31
1768502415.9323323,41.995
1768502416.0346694,35.461
1768502416.1369946,37.489
1768502416.2391524,41.995
1768502416.3413363,32.718
1768502416.4436076,43.176
1768502416.5458772,34.672
1768502416.6523843,38.299
1768502416.754671,39.36
1768502416.8569784,32.422
1768502416.9593315,47.155
1768502417.0615466,33.212
1768502417.1637673,42.364
1768502417.2660792,34.869
1768502417.3683581,38.769
1768502417.470657,37.981
1768502417.5767875,32.422
1768502417.6790533,47.479
1768502417.781339,33.212
1768502417.8836098,43.373
1768502417.9858224,34.179
1768502418.0880046,39.482
1768502418.1901846,37.609
1768502418.2924862,32.225
1768502418.3947058,45.341
1768502418.502924,33.113
1768502418.6053803,41.527
1768502418.7109246,33.014
1768502418.8141017,40.814
1768502418.9164388,35.736
1768502419.0186038,36.799
1768502419.1254323,40.641
1768502419.227578,32.62
1768502419.3298006,46.566
1768502419.4320393,33.489
1768502419.5343091,42.807
1768502419.6367009,35.56
1768502419.7390168,37.489
1768502419.8412623,39.383
1768502419.943494,32.422
1768502420.0457807,46.2
1768502420.150501,33.489
1768502420.252874,41.699
1768502420.3551552,35.56
1768502420.4573975,38.671
1768502420.5598757,40.27
1768502420.6622393,33.784
1768502420.764483,45.315
1768502420.8669128,33.212
1768502420.9692285,42.881
1768502421.0713913,34.968
1768502421.1781194,37.708
1768502421.2803745,39.951
1768502421.3827107,32.62
1768502421.4848874,43.052
1768502421.5871258,34.376
1768502421.6893122,40.148
1768502421.7915585,36.645
1768502421.8938744,37.51
1768502421.9961097,41.699
1768502422.1022215,32.521
1768502422.2044902,43.274
1768502422.3068368,33.883
1768502422.409082,40.321
1768502422.5113,36.525
1768502422.6134815,36.898
1768502422.7157013,42.192
1768502422.8179026,32.718
1768502422.9207737,47.577
1768502423.0275748,33.113
1768502423.1336417,34.278
1768502423.2357342,39.36
1768502423.3391268,36.82
1768502423.4413643,36.996
1768502423.5435607,40.345
1768502423.6456735,32.521
1768502423.7509317,46.369
1768502423.853198,33.212
1768502423.9553907,43.249
1768502424.0576468,34.573
1768502424.1600523,37.116
1768502424.2624674,41.601
1768502424.3646448,32.718
1768502424.466899,42.954
1768502424.569089,33.982
1768502424.6713684,40.467
1768502424.7776518,37.313
1768502424.8798804,32.897
1768502424.9821274,45.511
1768502425.0844698,33.113
1768502425.1867328,43.3
1768502425.2889218,35.067
1768502425.3912046,38.671
1768502425.4933658,37.708
1768502425.5956576,36.82
1768502425.701885,43.078
1768502425.8041368,32.718
1768502425.9063654,43.078
1768502426.0085216,33.784
1768502426.110712,42.388
1768502426.2129674,36.053
1768502426.3151972,38.08
1768502426.4174838,40.247
1768502426.5197754,32.521
1768502426.6220164,47.38
1768502426.7279296,32.62
1768502426.830193,43.767
1768502426.9324594,34.376
1768502427.0346076,40.838
1768502427.1369298,36.82
1768502427.2391534,36.82
1768502427.3413339,42.315
1768502427.4435008,32.718
1768502427.545681,43.544
1768502427.6478336,34.08
1768502427.7539654,40.026
1768502427.8562653,38.102
1768502427.959114,38.769
1768502428.0612495,32.404
1768502428.163325,46.397
1768502428.2653925,33.686
1768502428.3682528,42.192
1768502428.4704435,35.56
1768502428.5726774,32.323
1768502428.6782463,43.347
1768502428.7805018,35.658
1768502428.882807,37.51
1768502428.985114,41.428
1768502429.0874205,32.718
1768502429.18967,42.684
1768502429.2919292,32.817
1768502429.3941662,40.223
1768502429.4962926,36.82
1768502429.5984643,36.722
1768502429.7053804,43.767
1768502429.8077493,33.014
1768502429.9099975,43.767
1768502430.0122228,34.475
1768502430.1145563,38.496
1768502430.2167096,39.284
1768502430.3188882,32.422
1768502430.4210603,47.45
1768502430.5233855,33.291
1768502430.6294239,42.979
1768502430.7315934,35.736
1768502430.8338714,38.003
1768502430.9361537,39.459
1768502431.0383267,32.422
1768502431.1405506,46.495
1768502431.2427504,33.39
1768502431.3449016,43.078
1768502431.4471822,35.658
1768502431.549344,37.215
1768502431.6544878,41.404
1768502431.7567074,32.718
1768502431.8589323,47.057
1768502431.9612372,32.422
1768502432.063509,42.782
1768502432.165771,34.179
1768502432.2680256,40.444
1768502432.3703747,36.053
1768502432.4727154,37.883
1768502432.5753572,39.656
1768502432.6802905,46.987
1768502432.7842174,33.409
1768502432.887744,43.963
1768502432.990036,34.278
1768502433.0926733,38.943
1768502433.194903,37.609
1768502433.297536,35.362
1768502433.399734,43.865
1768502433.5067427,33.113
1768502433.6089506,43.865
1768502433.7112193,34.278
1768502433.813453,41.625
1768502433.9156816,35.461
1768502434.017941,39.262
1768502434.1205344,38.474
1768502434.223,32.422
1768502434.3301544,44.134
1768502434.432598,37.51
1768502434.5348024,35.362
1768502434.6373239,42.881
1768502434.7395425,33.784
1768502434.841871,37.292
1768502434.9441261,42.757
1768502435.0463495,32.718
1768502435.1486027,43.274
1768502435.254671,36.032
1768502435.3570144,32.323
1768502435.4593117,42.979
1768502435.5615559,32.916
1768502435.6639757,38.671
1768502435.766291,39.853
1768502435.8685822,32.521
1768502435.9708242,43.544
1768502436.0731285,34.968
1768502436.1755476,36.032
1768502436.2800524,44.528
1768502436.3824487,33.193
1768502436.4846976,38.769
1768502436.586941,38.397
1768502436.6891906,32.323
1768502436.7916563,46.987
1768502436.8939106,33.587
1768502436.996126,40.148
1768502437.0984762,37.412
1768502437.2047899,45.315
1768502437.3082714,33.606
1768502437.4114544,41.503
1768502437.513693,35.757
1768502437.616093,37.236
1768502437.7183237,40.467
1768502437.8204796,32.62
1768502437.9226139,43.544
1768502438.0247602,33.39
1768502438.1300552,41.601
1768502438.2325697,36.229
1768502438.3348897,37.412
1768502438.4371755,44.554
1768502438.5395038,32.718
1768502438.642012,32.422
1768502438.7443218,42.757
1768502438.846517,33.784
1768502438.948855,39.679
1768502439.0513136,38.2
1768502439.156508,32.62
1768502439.2588396,44.429
1768502439.3611097,33.113
1768502439.4634814,41.33
1768502439.5657122,35.856
1768502439.6679566,37.609
1768502439.770323,40.148
1768502439.8725538,32.521
1768502439.97492,46.664
1768502440.0772395,33.31
1768502440.1830628,40.345
1768502440.2853792,37.215
1768502440.387768,36.525
1768502440.4901476,42.881
1768502440.592516,32.718
1768502440.6947403,44.036
1768502440.7970006,33.686
1768502440.8993278,42.118
1768502441.0015423,35.736
1768502441.107891,36.405
1768502441.2102225,41.01
1768502441.3126345,33.113
1768502441.415392,32.62
1768502441.5176756,32.718
1768502441.6198835,35.638
1768502441.722086,37.313
1768502441.8281927,38.003
1768502441.9321492,36.151
1768502442.0353744,35.342
1768502442.1375725,36.151
1768502442.2396786,36.426
1768502442.3417983,36.151
1768502442.444112,35.56
1768502442.5463192,36.053
1768502442.6484516,37.51
1768502442.7506945,33.686
1768502442.8528955,35.856
1768502442.9579048,32.521
1768502443.0601518,32.502
1768502443.1623435,32.718
1768502443.2644951,33.113
1768502443.3667364,33.489
1768502443.4689941,33.606
1768502443.5713015,34.179
1768502443.6735384,34.08
1768502443.7757726,35.264
1768502443.8779788,31.83
1768502443.9800556,38.966
1768502444.086113,43.078
1768502444.1883543,33.508
1768502444.2905521,39.482
1768502444.3927274,37.609
1768502444.4949584,36.722
1768502444.5971603,42.979
1768502444.6995175,32.718
1768502444.8017936,46.495
1768502444.9040384,33.014
1768502445.006201,43.176
1768502445.1113873,34.376
1768502445.2135744,38.989
1768502445.3158946,37.806
1768502445.4180965,36.525
1768502445.5204294,41.207
1768502445.6227007,32.718
1768502445.7248776,47.029
1768502445.827073,33.212
1768502445.9293556,43.544
1768502446.031684,34.08
1768502446.1373615,40.148
1768502446.239639,35.757
1768502446.341845,37.883
1768502446.4440634,38.989
1768502446.5464773,32.422
1768502446.649035,46.762
1768502446.7512262,33.606
1768502446.8533664,43.642
1768502446.9566844,34.376
1768502447.062336,37.018
1768502447.1652687,35.933
1768502447.2673476,42.782
1768502447.3695736,37.51
1768502447.4716785,32.916
1768502447.5738363,38.474
1768502447.6759906,44.357
1768502447.7782042,33.489
1768502447.8803709,41.034
1768502447.982608,40.715
1768502448.0887115,32.817
1768502448.1908875,43.57
1768502448.293239,40.838
1768502448.3954358,32.521
1768502448.4976604,47.254
1768502448.599891,44.062
1768502448.7021728,33.113
1768502448.8044388,43.865
1768502448.9067338,34.179
1768502449.0135815,40.444
1768502449.1157386,36.328
1768502449.2179606,37.313
1768502449.320146,41.33
1768502449.422483,32.62
1768502449.5246966,44.626
1768502449.62694,33.489
1768502449.7291853,41.896
1768502449.8314495,34.475
1768502449.933635,40.42
1768502450.0384245,35.757
1768502450.1406584,37.215
1768502450.243018,39.951
1768502450.3452578,32.422
1768502450.4474645,42.881
1768502450.5497036,32.817
1768502450.6518538,46.79
1768502450.7540731,33.508
1768502450.8562272,42.906
1768502450.9584913,34.475
1768502451.063622,39.754
1768502451.1658921,36.328
1768502451.2680867,36.645
1768502451.3703134,41.527
1768502451.4727054,32.62
1768502451.5749917,43.792
1768502451.6771607,33.39
1768502451.7799647,43.398
1768502451.8822198,34.573
1768502451.9847395,36.426
1768502452.091595,37.806
1768502452.1939197,40.05
1768502452.2961,32.422
1768502452.398368,46.762
1768502452.5005698,33.409
1768502452.6029274,39.557
1768502452.7052622,37.412
1768502452.8075485,32.225
1768502452.9147625,43.694
1768502453.017028,34.179
1768502453.1193259,38.102
1768502453.2218554,40.739
1768502453.3241808,32.62
1768502453.4264083,43.15
1768502453.5287385,34.179
1768502453.6310568,40.542
1768502453.733279,37.51
1768502453.838878,36.919
1768502453.9411354,43.668
1768502454.0433326,33.014
1768502454.1457472,40.739
1768502454.2480495,36.525
1768502454.3504,36.623
1768502454.4527268,44.062
1768502454.5549178,32.916
1768502454.65724,42.782
1768502454.7635543,34.475
1768502454.86581,40.247
1768502454.968094,35.658
1768502455.0702631,39.087
1768502455.1724877,38.003
1768502455.2746844,33.686
1768502455.3769567,46.172
1768502455.4791765,32.916
1768502455.5813262,43.471
1768502455.683654,34.968
1768502455.7890007,38.299
1768502455.8913012,39.262
1768502455.9934936,32.601
1768502456.0961044,44.554
1768502456.1985452,32.817
1768502456.3007767,43.544
1768502456.404255,34.376
1768502456.5064802,36.447
1768502456.609658,36.842
1768502456.7141998,42.487
1768502456.816384,32.62
1768502456.9186866,46.2
1768502457.0208976,33.094
1768502457.1231463,43.176
1768502457.2253568,34.08
1768502457.3275769,40.444
1768502457.4297502,35.757
1768502457.5320232,36.405
1768502457.6343749,41.404
1768502457.7400153,32.521
1768502457.842261,46.2
1768502457.944456,33.409
1768502458.0467086,38.868
1768502458.1489944,37.412
1768502458.2512758,35.067
1768502458.3535175,43.642
1768502458.4558313,32.718
1768502458.5580795,38.397
1768502458.6602705,40.05
1768502458.7652972,32.422
1768502458.8676524,46.003
1768502458.9700215,33.606
1768502459.0722919,41.601
1768502459.1746395,35.461
1768502459.276989,39.262
1768502459.3792577,37.215
1768502459.4814527,37.708
1768502459.583661,40.444
1768502459.6909585,32.422
1768502459.7931957,47.029
1768502459.8954635,33.014
1768502459.9976814,43.176
1768502460.099978,34.08
1768502460.2022169,37.905
1768502460.304431,38.769
1768502460.406626,35.736
1768502460.5089533,46.298
1768502460.615899,33.113
1768502460.7182362,43.839
1768502460.8205664,34.672
1768502460.9227648,39.482
1768502461.025517,37.313
1768502461.1276867,36.525
1768502461.2299306,33.113
1768502461.3335762,43.544
1768502461.4405231,34.08
1768502461.5427086,40.641
1768502461.644941,35.736
1768502461.7471817,38.102
1768502461.8494802,39.087
1768502461.9517138,32.323
1768502462.0539267,38.397
1768502462.1561906,44.429
1768502462.2583363,32.817
1768502462.3651564,44.626
1768502462.4675024,33.508
1768502462.5697541,41.97
1768502462.6720574,34.672
1768502462.7743807,39.951
1768502462.876635,36.525
1768502462.978817,37.686
1768502463.0810428,39.557
1768502463.1832974,32.323
1768502463.2904625,45.44
1768502463.3926654,33.587
1768502463.4949095,41.109
1768502463.5972111,35.539
1768502463.6995118,37.905
1768502463.8017087,40.247
1768502463.903904,32.422
1768502464.0060706,45.216
1768502464.1082911,32.817
1768502464.214751,43.963
1768502464.3170369,33.982
1768502464.4193697,40.641
1768502464.5216033,36.229
1768502464.6238225,36.328
1768502464.7260711,43.57
1768502464.8284147,32.718
1768502464.9306614,42.782
1768502465.0329647,33.784
1768502465.1402237,39.534
1768502465.2424984,36.82
1768502465.3447487,36.722
1768502465.4481626,44.331
1768502465.5503626,32.817
1768502465.6525943,33.587
1768502465.7558863,41.306
1768502465.8580031,35.362
1768502465.9644282,38.496
1768502466.066775,38.397
1768502466.168978,32.323
1768502466.2711825,45.091
1768502466.3733885,32.817
1768502466.4755356,42.979
1768502466.5777733,33.686
1768502466.6800308,42.487
1768502466.7822046,35.264
1768502466.884383,38.769
1768502466.9893594,38.102
1768502467.0918252,36.919
1768502467.194082,46.664
1768502467.2966344,33.409
1768502467.3989255,39.754
1768502467.5014226,39.284
1768502467.603593,35.067
1768502467.706106,44.528
1768502467.8082976,32.798
1768502467.9149632,42.979
1768502468.0171685,34.08
1768502468.1194184,35.736
1768502468.2216341,47.254
1768502468.3239555,33.784
1768502468.4261472,41.428
1768502468.5283196,36.131
1768502468.6308842,32.422
1768502468.7330709,42.782
1768502468.8394117,34.968
1768502468.941622,39.087
1768502469.0438974,38.003
1768502469.146201,32.323
1768502469.2488434,42.881
1768502469.3513603,33.784
1768502469.453606,39.337
1768502469.5563812,37.609
1768502469.658624,32.225
1768502469.7654612,46.341
1768502469.8677125,33.409
1768502469.971297,40.715
1768502470.0738504,36.722
1768502470.1762233,43.176
1768502470.2791164,33.982
1768502470.3812923,38.518
1768502470.4834642,39.754
1768502470.5897284,32.817
1768502470.692124,42.979
1768502470.7944255,35.954
1768502470.8967679,36.743
1768502470.9990492,42.881
1768502471.1015472,32.817
1768502471.2042584,42.192
1768502471.3066094,35.067
1768502471.412774,37.609
1768502471.5153844,33.587
1768502471.617689,32.817
1768502471.7198868,34.179
1768502471.8221385,36.426
1768502471.924384,37.609
1768502472.0266786,37.116
1768502472.128975,37.412
1768502472.231186,34.08
1768502472.3344865,32.62
1768502472.4368927,32.916
1768502472.5392506,33.193
1768502472.6414487,33.489
1768502472.7439325,33.784
1768502472.8464065,33.982
1768502472.9488416,34.771
1768502473.0511181,35.856
1768502473.153365,36.328
1768502473.2555041,37.215
1768502473.361577,36.131
1768502473.4638755,35.362
1768502473.5661674,32.62
1768502473.6684952,33.014
1768502473.7707596,34.08
1768502473.8730416,35.461
1768502473.9754329,37.609
1768502474.077938,36.229
1768502474.1804214,34.376
1768502474.2826543,31.534
1768502474.3895476,41.33
1768502474.4918456,37.51
1768502474.6020703,39.459
1768502474.7042394,38.595
1768502474.8064973,32.62
1768502474.9116316,43.274
1768502475.01395,35.757
1768502475.1163633,36.623
1768502475.2186825,47.085
1768502475.3209224,33.31
1768502475.4233344,40.321
1768502475.5256684,37.806
1768502475.6280503,32.323
1768502475.7303388,47.282
1768502475.832985,33.508
1768502475.9380429,43.176
1768502476.0403774,35.165
1768502476.1429005,38.966
1768502476.24524,38.868
1768502476.3474877,32.225
1768502476.4497285,44.948
1768502476.551943,32.916
1768502476.654304,43.767
1768502476.7565072,34.573
1768502476.8639455,39.065
1768502476.9662902,37.313
1768502477.0687163,37.039
1768502477.17104,40.617
1768502477.2731707,32.62
1768502477.3754475,44.528
1768502477.4777272,33.409
1768502477.579913,43.446
1768502477.682297,34.376
1768502477.7886431,39.58
1768502477.8909538,36.525
1768502477.9931617,37.313
1768502478.0954766,39.262
1768502478.1978507,32.323
1768502478.3001792,42.855
1768502478.402397,34.278
1768502478.5046277,40.125
1768502478.6078572,41.896
1768502478.7126482,35.067
1768502478.8210642,43.57
1768502478.9232721,37.018
1768502479.0253956,32.718
1768502479.127461,43.249
1768502479.229522,35.461
1768502479.331926,37.981
1768502479.4377098,39.974
1768502479.5399208,32.521
1768502479.6421146,47.085
1768502479.7442763,32.916
1768502479.8465366,43.694
1768502479.9487555,34.968
1768502480.050998,37.708
1768502480.1532242,39.36
1768502480.2555425,32.521
1768502480.3577561,47.155
1768502480.462523,33.113
1768502480.5646899,41.503
1768502480.6671176,35.736
1768502480.7694225,37.905
1768502480.87164,40.247
1768502480.9740162,32.422
1768502481.0762677,46.227
1768502481.178529,32.916
1768502481.280809,43.176
1768502481.3871326,33.489
1768502481.4894197,42.019
1768502481.5916572,35.539
1768502481.6939535,38.671
1768502481.7962346,37.708
1768502481.8984506,36.623
1768502482.0008159,42.118
1768502482.1030858,32.521
1768502482.2053425,46.271
1768502482.3075848,33.587
1768502482.4133463,39.239
1768502482.5155473,38.496
1768502482.6179352,32.521
1768502482.7201288,41.428
1768502482.8228564,35.461
1768502482.9251623,38.397
1768502483.0273678,38.868
1768502483.1296215,35.461
1768502483.2319481,44.036
1768502483.3392642,33.014
1768502483.4427807,43.642
1768502483.5449688,41.01
1768502483.6477957,36.623
1768502483.7498558,36.722
1768502483.852039,42.118
1768502483.9541488,32.62
1768502484.0562549,46.074
1768502484.158385,33.409
1768502484.2630458,41.625
1768502484.365416,36.25
1768502484.4677854,37.489
1768502484.5700862,40.936
1768502484.672366,32.521
1768502484.7745974,46.467
1768502484.8772535,33.291
1768502484.979519,42.979
1768502485.081714,34.771
1768502485.1876247,39.656
1768502485.2898788,38.003
1768502485.3921683,36.602
1768502485.494438,42.979
1768502485.5966356,32.718
1768502485.6989183,42.684
1768502485.8013608,33.587
1768502485.9038398,39.853
1768502486.00617,37.609
1768502486.1124659,36.645
1768502486.2146957,44.16
1768502486.3169339,32.817
1768502486.4191906,43.57
1768502486.5213845,34.179
1768502486.623689,39.482
1768502486.7259543,37.51
1768502486.8281856,36.426
1768502486.9306703,43.694
1768502487.0328355,32.718
1768502487.1383147,43.57
1768502487.2405794,33.784
1768502487.3427956,40.148
1768502487.445354,36.919
1768502487.54764,32.206
1768502487.6498957,46.987
1768502487.7520938,33.014
1768502487.8548174,43.767
1768502487.9570074,34.672
1768502488.0591593,39.632
1768502488.1652648,36.82
1768502488.2675169,37.609
1768502488.3699052,32.718
1768502488.4735613,43.176
1768502488.575725,45.806
1768502488.678072,33.31
1768502488.7802804,41.306
1768502488.8825614,35.165
1768502488.9847155,37.587
1768502489.0913098,40.05
1768502489.1935098,32.521
1768502489.295713,44.796
1768502489.3979528,33.31
1768502489.5001929,43.201
1768502489.6023502,34.672
1768502489.7045465,39.262
1768502489.806849,37.313
1768502489.9091725,37.116
1768502490.0115647,42.855
1768502490.1168737,32.916
1768502490.219158,42.782
1768502490.3214664,34.573
1768502490.423823,39.754
1768502490.5260892,37.116
1768502490.628319,36.722
1768502490.7305155,42.192
1768502490.832707,32.62
1768502490.9349468,45.905
1768502491.0372229,33.784
1768502491.143558,37.313
1768502491.24583,42.782
1768502491.3481302,33.212
1768502491.450312,42.192
1768502491.5525517,35.461
1768502491.6547775,36.799
1768502491.757154,41.995
1768502491.859457,32.718
1768502491.9617774,43.57
1768502492.0687678,33.587
1768502492.17104,41.404
1768502492.2734425,35.658
1768502492.3756928,36.722
1768502492.4781346,41.231
1768502492.5804105,32.62
1768502492.6826005,43.57
1768502492.785338,34.869
1768502492.887587,37.905
1768502492.9939005,39.754
1768502493.0965476,44.134
1768502493.198759,33.489
1768502493.3010907,39.853
1768502493.4032855,37.116
1768502493.5057707,34.652
1768502493.6078506,45.019
1768502493.7099447,32.817
1768502493.8121047,43.963
1768502493.918199,34.376
1768502494.0204809,39.36
1768502494.1227934,37.51
1768502494.2250788,32.225
1768502494.3273091,46.172
1768502494.4295444,33.489
1768502494.5317929,40.27
1768502494.6340816,37.039
1768502494.7364216,36.328
1768502494.8387172,45.905
1768502494.9442492,33.014
1768502495.0465097,43.57
1768502495.1491764,34.771
1768502495.2513082,37.806
1768502495.3538098,40.936
1768502495.4561815,32.521
1768502495.5587878,43.078
1768502495.6612139,34.278
1768502495.7682676,39.58
1768502495.870693,37.708
1768502495.9729357,32.323
1768502496.075228,46.861
1768502496.1774895,33.113
1768502496.2797413,42.019
1768502496.3820808,36.151
1768502496.4843369,37.313
1768502496.5865195,42.585
1768502496.692824,32.718
1768502496.7952025,43.471
1768502496.8973894,34.08
1768502496.999596,39.951
1768502497.1025858,37.018
1768502497.2047756,36.426
1768502497.3075385,44.357
1768502497.4097,33.212
1768502497.512014,43.741
1768502497.618355,38.966
1768502497.7217543,38.397
1768502497.8238814,32.422
1768502497.9260585,46.271
1768502498.028333,33.686
1768502498.1304505,40.936
1768502498.2327049,35.954
1768502498.3348308,36.799
1768502498.4371753,40.912
1768502498.5434077,32.916
1768502498.6469207,33.982
1768502498.7492132,46.298
1768502498.8515139,33.39
1768502498.9538782,39.754
1768502499.056164,36.722
1768502499.158588,36.919
1768502499.2608364,44.259
1768502499.366129,33.113
1768502499.4684317,42.757
1768502499.5707195,35.954
1768502499.673109,37.708
1768502499.775524,42.019
1768502499.877739,32.718
1768502499.9801428,42.881
1768502500.0824728,34.08
1768502500.184928,38.868
1768502500.2905898,47.057
1768502500.3929362,34.376
1768502500.4952624,33.982
1768502500.5975218,46.271
1768502500.6997566,33.508
1768502500.8020573,40.936
1768502500.904322,36.623
1768502501.006604,35.165
1768502501.1089106,45.413
1768502501.2110999,34.573
1768502501.317488,32.126
1768502501.4197834,37.708
1768502501.5228193,40.444
1768502501.6251316,32.817
1768502501.7294147,42.782
1768502501.8318837,33.982
1768502501.9341285,38.989
1768502502.0402534,33.113
1768502502.1431875,33.014
1768502502.245546,33.31
1768502502.347694,32.916
1768502502.4498274,35.441
1768502502.5520816,36.82
1768502502.6543777,37.708
1768502502.7567952,38.2
1768502502.8614144,37.708
1768502502.963609,38.003
1768502503.065758,37.412
1768502503.1679382,36.053
1768502503.2700584,35.56
1768502503.3723702,35.165
1768502503.474564,34.475
1768502503.576775,33.982
1768502503.678968,33.409
1768502503.7813618,33.212
1768502503.8845499,32.62
1768502503.9867153,32.62
1768502504.0889487,32.916
1768502504.1912942,33.409
1768502504.2935667,35.067
1768502504.3958063,37.335
1768502504.4982786,36.229
1768502504.600731,32.521
1768502504.7030787,31.534
1768502504.805503,40.936
1768502504.911496,40.247
1768502505.0139081,32.521
1768502505.1162262,42.093
1768502505.218556,36.426
1768502505.321266,32.225
1768502505.423623,42.388
1768502505.5259938,34.475
1768502505.6281703,38.496
1768502505.7304733,39.557
1768502505.8373706,32.422
1768502505.9402888,42.782
1768502506.0426345,33.982
1768502506.1448483,38.89
1768502506.2490726,38.693
1768502506.3514678,32.521
1768502506.453823,42.659
1768502506.5562325,36.623
1768502506.660753,45.779
1768502506.764356,33.508
1768502506.8664832,40.247
1768502506.968596,35.757
1768502507.0708804,38.102
1768502507.1729085,40.838
1768502507.275106,32.62
1768502507.377339,43.57
1768502507.4795063,33.883
1768502507.5857987,38.989
1768502507.688159,38.769
1768502507.7905068,33.39
1768502507.8928285,43.274
1768502507.9951344,33.014
1768502508.097399,43.694
1768502508.1996708,34.475
1768502508.302487,32.225
1768502508.4049468,42.487
1768502508.5111277,33.883
1768502508.6134973,32.027
1768502508.715731,44.528
1768502508.8181105,33.39
1768502508.9204538,40.542
1768502509.0226908,35.954
1768502509.1249905,37.116
1768502509.2274294,41.724
1768502509.329753,32.718
1768502509.4320886,42.585
1768502509.5371506,33.606
1768502509.639444,41.231
1768502509.7418048,35.165
1768502509.8440459,37.686
1768502509.9462748,38.792
1768502510.0485787,32.422
1768502510.1507761,44.724
1768502510.253036,33.784
1768502510.3554657,38.671
1768502510.4577503,38.2
1768502510.5643044,35.165
1768502510.666521,43.668
1768502510.7686775,32.916
1768502510.872107,42.881
1768502510.9743197,34.278
1768502511.0766356,39.262
1768502511.1789181,37.215
1768502511.281178,37.215
1768502511.3885486,32.718
1768502511.4907076,44.554
1768502511.5929246,33.587
1768502511.694999,40.641
1768502511.7971227,35.856
1768502511.8992052,36.722
1768502512.0012603,41.33
1768502512.1033714,32.718
1768502512.2054105,43.471
1768502512.307491,34.771
1768502512.412722,38.868
1768502512.5150347,38.178
1768502512.6172042,32.502
1768502512.7194006,43.373
1768502512.821651,32.817
1768502512.923924,45.216
1768502513.0261664,33.409
1768502513.12852,42.585
1768502513.2306936,34.771
1768502513.3329003,38.792
1768502513.439168,38.2
1768502513.5414202,32.502
1768502513.6435783,47.015
1768502513.745776,33.113
1768502513.8480008,43.15
1768502513.9503973,34.376
1768502514.0528274,38.989
1768502514.1551375,37.905
1768502514.2573996,32.995
1768502514.3626766,47.015
1768502514.4649065,33.31
1768502514.5670927,43.3
1768502514.6696641,34.869
1768502514.771818,38.518
1768502514.8740044,38.595
1768502514.9762688,36.328
1768502515.0785542,42.585
1768502515.1813228,32.718
1768502515.283613,43.176
1768502515.3913143,33.883
1768502515.4936464,41.157
1768502515.5972273,35.539
1768502515.6994493,36.623
1768502515.8017657,44.501
1768502515.9039237,33.014
1768502516.0061104,43.15
1768502516.1082776,37.806
1768502516.2148118,39.754
1768502516.3169317,32.521
1768502516.4190383,42.881
1768502516.5212817,34.179
1768502516.6234386,37.806
1768502516.7256544,40.05
1768502516.827752,32.62
1768502516.9299684,44.849
1768502517.0320966,33.587
1768502517.1342642,40.641
1768502517.2405682,36.426
1768502517.342955,36.525
1768502517.445316,42.782
1768502517.547566,33.014
1768502517.649766,42.855
1768502517.752018,33.883
1768502517.8543584,39.239
1768502517.9566596,37.018
1768502518.0589519,36.722
1768502518.165992,41.921
1768502518.2683249,32.817
1768502518.370686,40.691
1768502518.4729915,34.968
1768502518.5753908,32.126
1768502518.677601,37.708
1768502518.7798088,39.656
1768502518.8820772,32.422
1768502518.984244,45.708
1768502519.090508,33.291
1768502519.1926746,42.881
1768502519.2949069,35.461
1768502519.3972354,37.489
1768502519.4994886,41.896
1768502519.6018116,32.521
1768502519.7040777,43.767
1768502519.8063428,34.475
1768502519.9086576,38.277
1768502520.010825,38.868
1768502520.117708,32.323
1768502520.2201564,42.855
1768502520.3223963,33.784
1768502520.4256148,39.679
1768502520.5281267,37.215
1768502520.6303728,32.502
1768502520.7326505,47.675
1768502520.8349848,43.078
1768502520.9422855,34.968
1768502521.0445752,37.609
1768502521.1468272,39.557
1768502521.249262,32.323
1768502521.3515306,45.511
1768502521.453818,33.686
1768502521.5561497,41.306
1768502521.658502,36.623
1768502521.7646785,36.328
1768502521.8669143,43.57
1768502521.9691377,32.718
1768502522.071349,43.446
1768502522.173573,34.08
1768502522.27592,40.42
1768502522.378258,37.883
1768502522.4805365,33.982
1768502522.5827768,46.79
1768502522.6850777,32.916
1768502522.7913623,42.315
1768502522.8935714,36.131
1768502522.9961588,37.981
1768502523.0983813,40.912
1768502523.2009382,32.422
1768502523.3031986,46.762
1768502523.405599,33.489
1768502523.5078964,37.959
1768502523.6104455,44.403
1768502523.7155573,35.757
1768502523.817855,36.919
1768502523.920129,40.912
1768502524.0223713,32.422
1768502524.1248128,47.324
1768502524.227878,32.916
1768502524.3301294,42.782
1768502524.4325445,34.573
1768502524.5348833,38.397
1768502524.6500332,38.792
1768502524.7522116,32.521
1768502524.8544185,46.172
1768502524.9566836,41.404
1768502525.0592194,35.638
1768502525.1652994,37.609
1768502525.26784,45.145
1768502525.3702197,33.193
1768502525.472524,42.192
1768502525.5748565,35.856
1768502525.6772575,36.722
1768502525.7794814,40.739
1768502525.881725,32.521
1768502525.9840298,43.642
1768502526.09097,34.179
1768502526.193144,40.05
1768502526.2954123,37.905
1768502526.3977497,32.323
1768502526.5001366,46.298
1768502526.6024873,33.212
1768502526.7047274,42.979
1768502526.807002,34.475
1768502526.9093297,39.951
1768502527.0146317,37.708
1768502527.1168873,36.447
1768502527.2192292,42.659
1768502527.3214307,32.817
1768502527.423675,43.274
1768502527.5259662,35.067
1768502527.6282573,37.708
1768502527.730501,42.019
1768502527.832795,32.62
1768502527.935237,44.062
1768502528.0411162,34.179
1768502528.1435704,40.05
1768502528.2458813,42.29
1768502528.3482742,34.376
1768502528.4509597,36.82
1768502528.5531843,42.881
1768502528.6555145,40.345
1768502528.757839,33.31
1768502528.8601952,41.503
1768502528.9665468,36.525
1768502529.0693939,32.422
1768502529.171753,41.822
1768502529.2739632,35.362
1768502529.3762586,38.671
1768502529.4785118,38.102
1768502529.5807495,41.995
1768502529.6833923,32.521
1768502529.7855368,43.642
1768502529.891572,33.686
1768502529.993877,41.207
1768502530.096173,36.722
1768502530.1984777,36.623
1768502530.3006835,43.57
1768502530.4028888,32.817
1768502530.5051932,43.201
1768502530.6074405,34.376
1768502530.7096508,39.656
1768502530.815607,36.82
1768502530.9179146,37.018
1768502531.0201628,41.503
1768502531.122564,32.62
1768502531.224875,46.003
1768502531.327161,33.39
1768502531.4294994,42.29
1768502531.531687,35.362
1768502531.633934,38.003
1768502531.7407167,41.503
1768502531.8435152,32.718
1768502531.9457817,43.767
1768502532.0482097,35.638
1768502532.1505275,36.919
1768502532.2527566,43.373
1768502532.3550026,32.718
1768502532.4572866,43.373
1768502532.5596647,36.426
1768502532.6647847,37.116
1768502532.7670822,36.645
1768502532.8692985,35.954
1768502532.9716117,36.032
1768502533.0738761,35.835
1768502533.1760917,36.053
1768502533.2808852,36.919
1768502533.3832197,37.51
1768502533.4879065,32.323
1768502533.5903027,33.409
1768502533.6925638,33.883
1768502533.7948523,34.672
1768502533.8970416,35.461
1768502533.9994273,36.447
1768502534.1018116,36.722
1768502534.2051933,37.412
1768502534.3073275,37.313
1768502534.409612,36.919
1768502534.5147164,35.264
1768502534.617134,32.62
1768502534.7193167,32.817
1768502534.8215473,33.31
1768502534.923771,33.784
1768502535.0260415,34.672
1768502535.1283042,35.835
1768502535.2306724,39.557
1768502535.3328905,41.034
1768502535.4352214,33.113
1768502535.540567,42.782
1768502535.6428988,36.328
1768502535.7451897,33.587
1768502535.8475401,45.091
1768502535.949802,33.784
1768502536.05208,39.58
1768502536.1543274,38.966
1768502536.2565227,32.422
1768502536.3588924,46.664
1768502536.4647338,33.587
1768502536.5670953,40.518
1768502536.6694064,37.708
1768502536.771679,33.686
1768502536.8741014,46.271
1768502536.9764266,33.113
1768502537.0785825,43.15
1768502537.180885,34.869
1768502537.2832675,38.124
1768502537.3855863,40.345
1768502537.4909186,32.422
1768502537.5932372,43.274
1768502537.6955724,33.982
1768502537.7978115,40.641
1768502537.8999977,36.053
1768502538.0022786,38.003
1768502538.1044617,39.36
1768502538.2067883,32.422
1768502538.3097274,42.684
1768502538.416485,34.179
1768502538.5187497,38.595
1768502538.6212661,42.757
1768502538.723495,36.447
1768502538.8262935,40.814
1768502538.9299395,39.163
1768502539.0321434,33.014
1768502539.134279,39.042
1768502539.2405722,39.065
1768502539.3427565,32.422
1768502539.445031,42.757
1768502539.5473738,34.475
1768502539.6495662,37.587
1768502539.7517846,39.557
1768502539.85402,32.62
1768502539.9562562,43.497
1768502540.058453,34.475
1768502540.1606941,37.073
1768502540.265781,41.453
1768502540.3681161,32.62
1768502540.4704173,43.373
1768502540.5726483,35.638
1768502540.6748977,36.743
1768502540.7772143,44.724
1768502540.8795288,33.014
1768502540.9817905,42.585
1768502541.084124,34.869
1768502541.1908767,37.784
1768502541.2931833,40.739
1768502541.3955092,32.521
1768502541.4977345,43.544
1768502541.6001663,34.573
1768502541.7024264,37.905
1768502541.8046699,40.641
1768502541.907035,32.62
1768502542.0092669,43.373
1768502542.1161833,33.883
1768502542.2183857,38.572
1768502542.3205974,39.679
1768502542.422943,32.521
1768502542.5255206,42.979
1768502542.627803,34.179
1768502542.7308736,38.572
1768502542.833097,38.595
1768502542.9352555,32.422
1768502543.0407047,45.216
1768502543.1429963,33.686
1768502543.2452748,38.08
1768502543.347679,39.383
1768502543.4499352,43.274
1768502543.5535502,34.672
1768502543.655739,37.806
1768502543.7578835,40.247
1768502543.8599916,32.422
1768502543.9654005,42.855
1768502544.067889,33.883
1768502544.1701448,38.693
1768502544.272477,38.595
1768502544.3747213,32.521
1768502544.4773793,42.979
1768502544.579767,33.982
1768502544.6821206,38.868
1768502544.7844238,39.656
1768502544.8903096,32.718
1768502544.9925625,42.659
1768502545.0947833,34.08
1768502545.1970437,39.186
1768502545.2993186,39.656
1768502545.4016192,32.521
1768502545.5038805,43.052
1768502545.6061978,34.376
1768502545.7084463,39.679
1768502545.8106785,37.609
1768502545.9159229,32.817
1768502546.0182698,37.018
1768502546.1205685,45.61
1768502546.2229338,32.916
1768502546.3251846,42.462
1768502546.4273922,34.771
1768502546.5296721,38.496
1768502546.6319833,39.853
1768502546.734264,32.422
1768502546.8404033,42.585
1768502546.9426262,33.686
1768502547.0448935,41.822
1768502547.1475616,35.56
1768502547.2497416,37.609
1768502547.3542526,40.542
1768502547.4576037,32.422
1768502547.559782,43.373
1768502547.6662385,34.179
1768502547.7685301,37.708
1768502547.8708775,40.345
1768502547.973253,43.865
1768502548.0762944,33.489
1768502548.1783972,40.026
1768502548.2804925,39.777
1768502548.382776,32.521
1768502548.4849548,41.995
1768502548.5917737,43.176
1768502548.6940854,33.883
1768502548.7964015,40.125
1768502548.898753,37.609
1768502549.0010426,33.587
1768502549.1033287,42.782
1768502549.2057345,34.771
1768502549.308042,38.397
1768502549.410391,41.995
1768502549.515428,32.817
1768502549.617753,42.29
1768502549.7201006,33.784
1768502549.8223288,39.36
1768502549.9245915,39.163
1768502550.0268104,32.305
1768502550.1291485,45.61
1768502550.23145,33.883
1768502550.3337188,38.845
1768502550.4360592,40.444
1768502550.5414338,32.62
1768502550.6439915,43.963
1768502550.7462344,34.672
1768502550.848884,38.003
1768502550.9511893,40.641
1768502551.0538244,32.62
1768502551.156142,42.29
1768502551.2587664,33.883
1768502551.3611329,40.838
1768502551.4671452,36.82
1768502551.5701504,35.757
1768502551.6727734,43.642
1768502551.7759237,32.718
1768502551.8781888,43.052
1768502551.980459,33.982
1768502552.0827374,39.951
1768502552.1849968,36.722
1768502552.2908747,34.554
1768502552.3930802,46.79
1768502552.4955204,42.29
1768502552.5993671,36.426
1768502552.7014048,37.609
1768502552.8035064,41.034
1768502552.9058244,32.718
1768502553.0081723,42.979
1768502553.1104558,35.067
1768502553.2149873,36.722
1768502553.3174162,44.233
1768502553.4196548,33.113
1768502553.5218801,41.995
1768502553.6242952,36.328
1768502553.7265697,37.708
1768502553.8289394,40.814
1768502553.9313366,32.62
1768502554.0336158,44.921
1768502554.1399066,33.784
1768502554.2422109,41.921
1768502554.3444815,35.933
1768502554.4467645,37.116
1768502554.5490081,40.247
1768502554.6512911,32.521
1768502554.753484,47.38
1768502554.8557634,33.212
1768502554.9579651,43.668
1768502555.060148,34.179
1768502555.1652393,41.995
1768502555.2675054,35.165
1768502555.3699512,37.708
1768502555.472369,40.641
1768502555.5746143,32.422
1768502555.6768274,44.724
1768502555.7790477,33.489
1768502555.8812277,41.601
1768502555.9834507,35.264
1768502556.0856497,38.2
1768502556.1916084,37.905
1768502556.2938004,32.225
1768502556.3960962,46.2
1768502556.4994283,33.193
1768502556.601888,42.019
1768502556.7043617,35.461
1768502556.8065953,37.51
1768502556.908961,41.109
1768502557.0113692,32.521
1768502557.1164982,44.724
1768502557.218724,33.686
1768502557.3209517,36.525
1768502557.4231052,36.229
1768502557.5251966,44.233
1768502557.6273844,32.718
1768502557.7295547,42.881
1768502557.8317509,33.883
1768502557.9338493,41.625
1768502558.03609,35.757
1768502558.141004,37.981
1768502558.2432055,42.093
1768502558.3454027,32.62
1768502558.4476728,42.979
1768502558.5500844,34.968
1768502558.6524124,32.916
1768502558.754709,42.56
1768502558.8569918,35.658
1768502558.9592445,36.546
1768502559.061523,44.357
1768502559.1665144,33.113
1768502559.2688293,40.814
1768502559.3711224,36.525
1768502559.4734683,32.323
1768502559.575887,45.708
1768502559.6782224,33.508
1768502559.780644,39.951
1768502559.8829973,38.2
1768502559.9852185,32.323
1768502560.0925057,42.462
1768502560.1947372,34.179
1768502560.2971184,39.163
1768502560.3993742,39.557
1768502560.5016901,32.62
1768502560.6039429,43.767
1768502560.7062154,33.784
1768502560.8087587,40.148
1768502560.9111485,37.412
1768502561.021889,32.225
1768502561.1240933,46.861
1768502561.2267978,33.212
1768502561.329303,41.896
1768502561.4317608,36.053
1768502561.5340025,34.869
1768502561.641192,44.626
1768502561.743454,43.176
1768502561.8459518,35.954
1768502561.9481096,36.82
1768502562.0502017,43.595
1768502562.1524496,32.916
1768502562.2546563,42.881
1768502562.3567715,35.362
1768502562.458956,37.116
1768502562.5655842,41.503
1768502562.667985,32.718
1768502562.7701867,43.373
1768502562.8724744,34.179
1768502562.9747694,38.89
1768502563.0771098,38.2
1768502563.179484,39.36
1768502563.2819998,32.718
1768502563.3842316,32.718
1768502563.4886737,34.278
1768502563.590947,37.412
1768502563.6933644,38.003
1768502563.7955961,35.954
1768502563.8977454,34.771
1768502563.9999108,33.587
1768502564.1022058,33.014
1768502564.2044945,36.447
1768502564.3067334,37.412
1768502564.4089303,38.2
1768502564.5121853,38.003
1768502564.6144118,35.954
1768502564.716674,35.067
1768502564.8189933,34.672
1768502564.9213393,34.376
1768502565.0236948,35.461
1768502565.1259246,37.116
1768502565.2282827,36.131
1768502565.330573,32.323
1768502565.4330447,32.718
1768502565.54054,34.376
1768502565.6492786,35.658
1768502565.7516925,36.722
1768502565.8539634,35.56
1768502565.9563208,41.601
1768502566.0588572,32.916
1768502566.1635303,43.668
1768502566.2674673,33.686
1768502566.369677,37.981
1768502566.4717734,41.822
1768502566.573968,32.817
1768502566.676159,42.954
1768502566.7784698,34.869
1768502566.880769,37.095
1768502566.9829152,41.527
1768502567.090018,32.718
1768502567.192732,43.373
1768502567.2950072,33.982
1768502567.3973455,39.754
1768502567.4996207,38.792
1768502567.6019485,32.305
1768502567.7043123,47.97
1768502567.8067071,33.212
1768502567.90909,42.56
1768502568.014285,35.067
1768502568.1166182,39.163
1768502568.219911,38.299
1768502568.3222258,33.31
1768502568.4244194,41.921
1768502568.527041,35.835
1768502568.6293693,33.212
1768502568.7315934,39.163
1768502568.8376403,38.496
1768502568.9399421,32.323
1768502569.0422113,45.243
1768502569.144644,32.916
1768502569.2469804,42.684
1768502569.3491824,34.278
1768502569.4513621,39.876
1768502569.5537012,37.609
1768502569.6560664,36.447
1768502569.7582996,42.881
1768502569.8642526,32.62
1768502569.9665189,44.894
1768502570.0687234,33.39
1768502570.1719012,41.773
1768502570.274108,34.573
1768502570.376486,39.754
1768502570.4787576,36.623
1768502570.5809844,36.722
1768502570.6834116,41.33
1768502570.7886012,43.57
1768502570.891406,33.489
1768502570.993541,42.684
1768502571.0956068,34.968
1768502571.197694,39.656
1768502571.2997797,36.919
1768502571.4025962,37.215
1768502571.5047867,39.36
1768502571.6069834,32.422
1768502571.7091231,46.888
1768502571.8150141,33.113
1768502571.9172077,42.881
1768502572.0194802,33.587
1768502572.1217098,42.192
1768502572.2238991,35.165
1768502572.3261974,38.769
1768502572.428391,37.905
1768502572.5308404,32.323
1768502572.633129,44.921
1768502572.738779,33.014
1768502572.8411512,42.979
1768502572.943428,33.489
1768502573.045761,42.29
1768502573.1480064,34.968
1768502573.2502987,38.671
1768502573.3524935,37.412
1768502573.454831,36.919
1768502573.5571263,41.527
1768502573.659426,32.718
1768502573.7659402,44.036
1768502573.8681808,34.573
1768502573.9703658,38.966
1768502574.0731888,38.693
1768502574.1754332,32.422
1768502574.2778473,45.413
1768502574.3803363,32.916
1768502574.482691,43.078
1768502574.5914295,34.771
1768502574.6936166,37.609
1768502574.7958286,39.459
1768502574.8981178,32.521
1768502575.0003963,47.352
1768502575.1025686,33.212
1768502575.2047346,43.57
1768502575.3069437,34.672
1768502575.412753,39.163
1768502575.5153909,32.521
1768502575.6174574,43.471
1768502575.7195067,34.179
1768502575.8215487,38.966
1768502575.9235857,38.299
1768502576.0256727,36.645
1768502576.127765,41.503
1768502576.2298768,32.62
1768502576.3319893,41.921
1768502576.4341974,36.032
1768502576.539729,36.426
1768502576.6420248,43.595
1768502576.7442906,32.817
1768502576.8465996,43.446
1768502576.9487803,34.08
1768502577.0510132,41.724
1768502577.1532397,35.56
1768502577.2554665,37.905
1768502577.3576844,39.459
1768502577.4599636,32.422
1768502577.5623457,43.741
1768502577.6672463,33.686
1768502577.7694776,40.444
1768502577.8716981,36.349
1768502577.9739738,37.215
1768502578.0761874,40.715
1768502578.1784277,32.521
1768502578.280621,43.57
1768502578.382943,34.376
1768502578.4853764,37.412
1768502578.5877337,45.019
1768502578.6939452,34.573
1768502578.7961345,39.065
1768502578.8983302,36.82
1768502579.0005505,37.116
1768502579.1028433,40.444
1768502579.2051523,32.422
1768502579.307754,46.074
1768502579.4100556,33.113
1768502579.5122166,43.668
1768502579.6157517,34.376
1768502579.7210584,39.656
1768502579.8233411,36.82
1768502579.925519,36.722
1768502580.0277414,41.404
1768502580.1299727,32.62
1768502580.2321699,43.373
1768502580.3344398,34.278
1768502580.436742,38.003
1768502580.539021,39.754
1768502580.6413538,32.422
1768502580.7473838,33.489
1768502580.849453,41.995
1768502580.951522,35.56
1768502581.0536249,38.003
1768502581.1557033,40.148
1768502581.2577372,32.422
1768502581.3598068,46.074
1768502581.4619937,33.212
1768502581.5641358,41.601
1768502581.6663783,35.362
1768502581.7720528,38.003
1768502581.8743024,39.754
1768502581.9766946,32.521
1768502582.078908,46.692
1768502582.1811826,33.31
1768502582.2833934,43.373
1768502582.3856018,34.771
1768502582.4879036,37.708
1768502582.5901594,39.383
1768502582.6923645,32.323
1768502582.798361,44.233
1768502582.900654,32.817
1768502583.002899,43.497
1768502583.1051044,33.784
1768502583.2073839,41.724
1768502583.3095973,35.835
1768502583.4122307,37.708
1768502583.5144656,40.739
1768502583.6167204,32.521
1768502583.7231874,46.298
1768502583.8253722,33.31
1768502583.9275548,42.068
1768502584.0301025,34.771
1768502584.1328044,39.754
1768502584.2350328,36.722
1768502584.337241,36.82
1768502584.4407809,41.995
1768502584.5474558,32.817
1768502584.6496904,43.865
1768502584.7520638,35.658
1768502584.8542542,33.014
1768502584.9564419,39.262
1768502585.0585842,37.609
1768502585.1608438,32.323
1768502585.2630146,45.315
1768502585.365278,33.193
1768502585.4674876,36.151
1768502585.5746434,33.587
1768502585.676914,45.216
1768502585.7791228,32.916
1768502585.8814707,41.896
1768502585.9837072,36.053
1768502586.085978,36.25
1768502586.1882591,43.176
1768502586.2903972,32.718
1768502586.3926206,43.176
1768502586.4984226,34.179
1768502586.600625,40.026
1768502586.7028215,36.722
1768502586.8051906,35.441
1768502586.9074683,46.959
1768502587.0097632,33.409
1768502587.112048,42.782
1768502587.21429,35.56
1768502587.3164885,37.686
1768502587.4230697,42.585
1768502587.5253062,32.62
1768502587.6276104,43.668
1768502587.729882,35.067
1768502587.832097,38.671
1768502587.9342682,39.186
1768502588.0365298,32.323
1768502588.1387117,46.172
1768502588.2410553,33.212
1768502588.3476324,39.239
1768502588.4498963,37.609
1768502588.552334,32.323
1768502588.6549003,36.053
1768502588.7572272,45.708
1768502588.8601308,32.817
1768502588.962476,42.954
1768502589.0648837,34.376
1768502589.1710718,37.708
1768502589.2734177,39.163
1768502589.3757572,32.225
1768502589.478056,47.872
1768502589.580466,33.31
1768502589.6828125,41.133
1768502589.7851305,36.032
1768502589.887469,35.658
1768502589.9896915,33.212
1768502590.0960095,39.186
1768502590.1982822,38.792
1768502590.300749,32.323
1768502590.403048,45.834
1768502590.505321,33.39
1768502590.6076276,41.601
1768502590.709931,36.546
1768502590.8122277,36.919
1768502590.9144728,43.274
1768502591.01692,32.916
1768502591.1216505,42.979
1768502591.2238686,34.475
1768502591.3260856,40.542
1768502591.4283423,37.018
1768502591.5306177,32.225
1768502591.6330159,44.796
1768502591.7353945,33.686
1768502591.8376322,41.625
1768502591.9398925,36.447
1768502592.042203,37.018
1768502592.1476736,43.446
1768502592.2498846,32.718
1768502592.3521075,43.865
1768502592.454454,35.165
1768502592.5569644,37.313
1768502592.6592097,41.133
1768502592.761487,32.521
1768502592.8638773,44.652
1768502592.966159,33.409
1768502593.0726333,41.699
1768502593.1751215,35.362
1768502593.277501,37.609
1768502593.379675,39.36
1768502593.4821813,32.323
1768502593.5846999,35.461
1768502593.6869276,33.409
1768502593.7891414,32.916
1768502593.8935986,32.62
1768502593.9959562,34.179
1768502594.0981686,36.447
1768502594.2004158,37.313
1768502594.3026626,37.609
1768502594.4048212,36.349
1768502594.507133,35.658
1768502594.6093838,35.954
1768502594.7118394,37.018
1768502594.8148084,37.708
1768502594.9183705,37.412
1768502595.020628,36.623
1768502595.1230924,36.229
1768502595.2254705,32.422
1768502595.3276994,32.62
1768502595.4299088,32.817
1768502595.532185,33.804
1768502595.6343637,34.475
1768502595.7365568,35.067
1768502595.8387218,35.264
1768502595.9409802,35.757
1768502596.0469172,37.116
1768502596.1525812,33.508
1768502596.2548764,31.337
1768502596.357116,39.656
1768502596.4595008,41.207
1768502596.5617595,33.113
1768502596.664045,40.566
1768502596.766435,38.89
1768502596.8716958,32.225
1768502596.973874,42.388
1768502597.0762155,34.179
1768502597.178511,37.412
1768502597.2808301,41.699
1768502597.3830683,32.422
1768502597.4852939,43.471
1768502597.587479,34.475
1768502597.6896985,38.08
1768502597.7924898,39.186
1768502597.8973124,32.323
1768502598.0002654,44.554
1768502598.1026149,33.291
1768502598.2061841,40.814
1768502598.3086295,36.25
1768502598.410834,37.215
1768502598.5136688,42.807
1768502598.6162443,32.916
1768502598.7216797,32.323
1768502598.8240204,44.724
1768502598.9264238,35.362
1768502599.0287626,32.225
1768502599.1310754,46.566
1768502599.2334442,33.212
1768502599.3356912,34.869
1768502599.4381666,38.2
1768502599.5403388,39.777
1768502599.6463757,32.225
1768502599.7485647,45.315
1768502599.850792,33.489
1768502599.9530094,40.148
1768502600.0553098,37.313
1768502600.1574953,32.422
1768502600.2598152,42.881
1768502600.3621347,34.278
1768502600.4644017,37.806
1768502600.5710394,41.207
1768502600.6733575,32.62
1768502600.7755895,42.462
1768502600.877812,35.067
1768502600.9801118,38.299
1768502601.082311,38.572
1768502601.1845803,32.225
1768502601.2868748,47.549
1768502601.3891473,32.916
1768502601.4953613,43.668
1768502601.5976772,35.362
1768502601.7000341,37.236
1768502601.8023372,40.838
1768502601.9046595,32.422
1768502602.0068936,43.891
1768502602.109269,34.179
1768502602.2117617,38.397
1768502602.3141143,39.58
1768502602.4214015,32.323
1768502602.5236669,43.176
1768502602.6266882,33.982
1768502602.7289023,39.36
1768502602.8311253,38.474
1768502602.9334962,32.323
1768502603.0359716,42.659
1768502603.138412,33.686
1768502603.2445586,38.868
1768502603.3468075,36.82
1768502603.44924,32.225
1768502603.5515702,45.976
1768502603.653878,33.31
1768502603.7561069,34.968
1768502603.859638,38.868
1768502603.9616728,37.806
1768502604.0636976,36.94
1768502604.1689987,41.921
1768502604.2712612,32.521
1768502604.373514,45.905
1768502604.475858,33.686
1768502604.5781994,37.609
1768502604.6805873,41.896
1768502604.7827718,32.718
1768502604.8851142,43.176
1768502604.9873836,35.067
1768502605.089756,37.905
1768502605.1949406,41.896
1768502605.2971349,32.62
1768502605.3994107,43.767
1768502605.5016372,34.771
1768502605.6040487,38.42
1768502605.7063968,39.853
1768502605.8086338,32.422
1768502605.9110117,46.692
1768502606.013364,33.39
1768502606.1204352,41.034
1768502606.22284,36.229
1768502606.3252695,36.722
1768502606.4275548,42.487
1768502606.5297964,32.62
1768502606.632239,43.57
1768502606.7345362,33.982
1768502606.8367906,38.595
1768502606.9390752,38.08
1768502607.0468376,33.39
1768502607.149154,46.003
1768502607.25275,32.817
1768502607.3551493,42.782
1768502607.457523,34.278
1768502607.5597684,38.299
1768502607.6619473,41.699
1768502607.7642932,32.718
1768502607.8692343,43.642
1768502607.9714766,34.376
1768502608.0737367,38.671
1768502608.1759176,38.299
1768502608.2781482,35.461
1768502608.3804111,33.212
1768502608.4831667,40.912
1768502608.58533,43.741
1768502608.687514,33.705
1768502608.7896342,41.133
1768502608.8954477,36.743
1768502608.9978821,36.426
1768502609.1001344,44.626
1768502609.2025688,33.014
1768502609.3049088,37.587
1768502609.4072304,42.093
1768502609.509567,33.113
1768502609.6119037,36.131
1768502609.7194624,43.668
1768502609.821713,34.1
1768502609.9239573,39.284
1768502610.0262923,38.496
1768502610.1286922,32.225
1768502610.2309964,44.626
1768502610.3332753,33.784
1768502610.435505,40.321
1768502610.5378091,36.919
1768502610.64462,35.264
1768502610.7469714,46.664
1768502610.8496194,32.916
1768502610.9518847,41.921
1768502611.054175,35.56
1768502611.156613,37.609
1768502611.2589314,40.838
1768502611.3613722,32.521
1768502611.4641812,43.471
1768502611.570175,33.784
1768502611.6799712,38.474
1768502611.7821975,38.671
1768502611.8844314,32.323
1768502611.9870017,47.45
1768502612.0933843,33.31
1768502612.1956055,40.715
1768502612.2979298,36.546
1768502612.4004588,46.566
1768502612.5040164,33.212
1768502612.606317,40.912
1768502612.7084608,35.757
1768502612.8105898,37.981
1768502612.917062,39.777
1768502613.0193079,32.422
1768502613.1215084,44.233
1768502613.2237499,33.705
1768502613.326062,41.231
1768502613.4283292,36.131
1768502613.5305781,36.525
1768502613.632895,45.905
1768502613.7352252,32.817
1768502613.8374367,42.954
1768502613.9434335,34.08
1768502614.0456603,40.739
1768502614.1478944,37.708
1768502614.2501504,33.982
1768502614.3523762,44.528
1768502614.4547088,32.916
1768502614.5569265,41.109
1768502614.6592648,35.56
1768502614.7615397,38.769
1768502614.866779,37.784
1768502614.9690719,35.342
1768502615.0713186,42.979
1768502615.1736486,32.62
1768502615.276129,44.921
1768502615.3783026,33.291
1768502615.480463,43.201
1768502615.5827763,34.869
1768502615.685544,37.905
1768502615.7919078,39.262
1768502615.8941941,32.323
1768502615.9977193,47.577
1768502616.0998993,33.014
1768502616.2022753,43.274
1768502616.304664,33.982
1768502616.4069443,40.345
1768502616.5092921,37.116
1768502616.6115353,36.328
1768502616.7177162,43.176
1768502616.8200212,32.817
1768502616.9222875,44.259
1768502617.0245464,42.512
1768502617.1272018,35.56
1768502617.2293496,38.595
1768502617.3315203,38.277
1768502617.433757,32.225
1768502617.5359063,46.959
1768502617.6421485,33.784
1768502617.744469,41.207
1768502617.846911,36.053
1768502617.949316,37.905
1768502618.0516937,40.172
1768502618.1541052,32.422
1768502618.2564592,43.471
1768502618.358693,33.982
1768502618.460996,40.542
1768502618.5671465,44.751
1768502618.6693585,36.525
1768502618.771613,36.229
1768502618.8738155,44.233
1768502618.9762104,32.916
1768502619.0784652,42.881
1768502619.1808016,34.278
1768502619.2831419,39.656
1768502619.3853195,36.623
1768502619.4875968,37.116
1768502619.5927474,42.684
1768502619.6950672,32.718
1768502619.7973006,43.57
1768502619.8996506,34.672
1768502620.0021176,37.708
1768502620.1043515,41.896
1768502620.206632,32.718
1768502620.3099895,42.585
1768502620.4122834,35.362
1768502620.5200953,36.525
1768502620.6224403,43.471
1768502620.7246606,32.916
1768502620.8268437,43.544
1768502620.9291146,34.376
1768502621.0313191,39.087
1768502621.1335971,37.215
1768502621.2358801,35.461
1768502621.3430645,43.963
1768502621.445323,32.916
1768502621.547548,34.179
1768502621.6510086,38.792
1768502621.7531102,39.262
1768502621.855243,32.422
1768502621.9575846,42.881
1768502622.0596945,34.475
1768502622.1618092,38.003
1768502622.2685258,40.247
1768502622.370737,32.422
1768502622.4731238,44.626
1768502622.5753868,33.784
1768502622.6776361,38.943
1768502622.7801096,38.693
1768502622.8825057,32.323
1768502622.984822,43.642
1768502623.0871158,34.179
1768502623.1932333,40.247
1768502623.2954493,37.609
1768502623.3976467,35.165
1768502623.4998782,44.233
1768502623.6020758,32.817
1768502623.7043817,43.373
1768502623.8065429,35.362
1768502623.9089038,36.328
1768502624.011168,42.585
1768502624.1133637,35.539
1768502624.2192292,33.587
1768502624.3214955,33.31
1768502624.423639,33.113
1768502624.5259604,32.916
1768502624.6282084,32.718
1768502624.7304282,32.916
1768502624.8326836,34.179
1768502624.9349072,33.193
1768502625.0374477,35.933
1768502625.141535,37.806
1768502625.2436779,37.609
1768502625.3459096,36.229
1768502625.448148,35.954
1768502625.5504391,36.131
1768502625.6526322,35.835
1768502625.7548344,35.067
1768502625.857109,34.278
1768502625.9592586,34.573
1768502626.061461,35.856
1768502626.1670456,36.349
1768502626.2692606,37.018
1768502626.3714962,35.638
1768502626.4740677,32.521
1768502626.576358,33.113
1768502626.6784031,34.179
1768502626.780486,40.444
1768502626.8825943,40.345
1768502626.9846327,32.817
1768502627.0867212,38.89
1768502627.1935902,39.459
1768502627.295751,32.422
1768502627.3979158,42.979
1768502627.5001075,34.08
1768502627.6024356,38.223
1768502627.7046494,38.792
1768502627.8069396,32.521
1768502627.9092276,42.881
1768502628.0114343,34.573
1768502628.117466,37.883
1768502628.219994,40.542
1768502628.3223152,34.376
1768502628.4246926,38.277
1768502628.527126,39.853
1768502628.6294072,36.722
1768502628.7317033,36.349
1768502628.8340325,44.331
1768502628.9362345,32.916
1768502629.042715,41.798
1768502629.1455889,35.165
1768502629.2478902,35.046
1768502629.3500774,42.881
1768502629.4523652,34.278
1768502629.558181,37.883
1768502629.6605012,41.306
1768502629.7694743,32.521
1768502629.8717034,40.247
1768502629.9744327,43.446
1768502630.0767672,34.278
1768502630.1789942,37.313
1768502630.2812986,40.444
1768502630.3836203,32.422
1768502630.4857917,46.79
1768502630.592501,40.247
1768502630.6962454,37.116
1768502630.798281,33.489
1768502630.9004014,45.118
1768502631.0026863,32.916
1768502631.104875,42.979
1768502631.2071047,34.672
1768502631.3091717,38.2
1768502631.4113173,41.109
1768502631.5181386,32.521
1768502631.6203752,42.684
1768502631.7225971,35.067
1768502631.8248186,38.102
1768502631.9270768,39.754
1768502632.0292487,32.422
1768502632.1314387,42.782
1768502632.2338278,33.705
1768502632.336051,39.58
1768502632.4431252,38.397
1768502632.545358,32.323
1768502632.647726,43.176
1768502632.7499325,34.278
1768502632.852106,36.645
1768502632.9542773,45.118
1768502633.0565474,33.212
1768502633.1587734,40.05
1768502633.261094,36.919
1768502633.3685532,33.587
1768502633.4707332,47.38
1768502633.5732398,33.508
1768502633.6755211,37.806
1768502633.7776542,38.397
1768502633.8805292,32.225
1768502633.9827523,46.593
1768502634.085106,33.489
1768502634.191033,41.503
1768502634.2932487,36.426
1768502634.3955243,36.151
1768502634.4978929,46.621
1768502634.600134,33.31
1768502634.7023454,38.003
1768502634.8045237,39.459
1768502634.906695,32.521
1768502635.008985,43.274
1768502635.1111562,33.982
1768502635.2170897,38.397
1768502635.320431,33.606
1768502635.4227567,47.872
1768502635.5249488,33.409
1768502635.627288,41.527
1768502635.7293947,35.461
1768502635.8316913,39.186
1768502635.933794,38.003
1768502636.0360565,32.225
1768502636.1423633,44.724
1768502636.2445788,33.014
1768502636.3468914,43.839
1768502636.4491827,34.376
1768502636.5515838,39.679
1768502636.6538293,37.018
1768502636.7562573,35.736
1768502636.8585305,44.724
1768502636.9607549,33.113
1768502637.0683117,41.921
1768502637.1704688,34.869
1768502637.2729192,37.609
1768502637.3751588,40.247
1768502637.477523,32.521
1768502637.57976,42.782
1768502637.6823826,35.362
1768502637.784643,36.799
1768502637.8872676,41.527
1768502637.9940517,32.521
1768502638.09626,44.429
1768502638.199068,33.489
1768502638.3012733,37.806
1768502638.404685,38.595
1768502638.5079494,32.502
1768502638.610221,40.27
1768502638.7158742,41.33
1768502638.8181212,32.62
1768502638.9203715,44.429
1768502639.0225282,33.489
1768502639.1248174,41.699
1768502639.2270157,34.376
1768502639.3292859,39.087
1768502639.4315336,36.919
1768502639.5337172,37.631
1768502639.63598,40.345
1768502639.7409465,42.855
1768502639.8440928,33.606
1768502639.9462094,39.58
1768502640.0482557,36.447
1768502640.1503475,32.323
1768502640.2523992,45.806
1768502640.3545172,33.113
1768502640.4566505,43.839
1768502640.55894,34.376
1768502640.66118,39.163
1768502640.7674265,37.412
1768502640.8695846,36.623
1768502640.9718897,41.503
1768502641.0741878,32.521
1768502641.1765225,47.085
1768502641.278699,33.014
1768502641.3809702,43.373
1768502641.4831688,34.001
1768502641.5853527,41.034
1768502641.6875694,36.722
1768502641.792246,36.426
1768502641.894429,40.542
1768502641.996727,32.62
1768502642.0990453,47.577
1768502642.201326,33.113
1768502642.3035722,43.595
1768502642.4058437,34.278
1768502642.508069,39.065
1768502642.6102076,38.89
1768502642.7124224,32.323
1768502642.8185613,46.734
1768502642.9208343,33.014
1768502643.0279846,43.57
1768502643.1317892,35.067
1768502643.2340028,38.102
1768502643.3363853,39.951
1768502643.4422715,32.422
1768502643.5445216,45.413
1768502643.6467998,33.587
1768502643.7490506,37.708
1768502643.85128,40.814
1768502643.95354,32.718
1768502644.055905,40.739
1768502644.1581862,35.954
1768502644.2604058,36.525
1768502644.3671873,33.212
1768502644.4692914,42.192
1768502644.5713851,35.856
1768502644.6734884,36.82
1768502644.7757804,42.487
1768502644.8779306,32.817
1768502644.9800866,42.881
1768502645.0822732,33.784
1768502645.1843276,41.699
1768502645.2864003,36.919
1768502645.391386,37.193
1768502645.4937134,41.404
1768502645.5960054,32.521
1768502645.698194,43.15
1768502645.8004062,34.08
1768502645.9025946,39.284
1768502646.0049005,38.003
1768502646.1071823,33.982
1768502646.2093697,43.078
1768502646.3115916,32.916
1768502646.4183202,42.757
1768502646.5205612,34.08
1768502646.622837,38.693
1768502646.7251348,38.595
1768502646.8274047,32.422
1768502646.929846,38.572
1768502647.0321028,39.679
1768502647.134345,32.422
1768502647.2368479,42.56
1768502647.3426785,34.376
1768502647.4488752,37.686
1768502647.551209,40.247
1768502647.6546717,32.521
1768502647.7569382,42.855
1768502647.8591993,34.179
1768502647.9614608,38.595
1768502648.0673637,38.966
1768502648.1695936,32.422
1768502648.2719095,46.566
1768502648.3742495,33.784
1768502648.4766028,39.262
1768502648.5790308,37.905
1768502648.6814837,35.067
1768502648.7838006,36.546
1768502648.8861294,32.916
1768502648.9931993,42.29
1768502649.095428,35.933
1768502649.1976135,35.835
1768502649.299776,46.172
1768502649.402133,33.31
1768502649.5044026,38.595
1768502649.6067278,39.656
1768502649.7089415,32.718
1768502649.8112097,43.176
1768502649.9173727,35.56
1768502650.01966,36.229
1768502650.1219926,45.484
1768502650.2243004,33.31
1768502650.3265934,41.527
1768502650.4288523,36.131
1768502650.5311408,36.623
1768502650.633441,44.233
1768502650.735745,33.212
1768502650.8430026,42.954
1768502650.945287,34.968
1768502651.047516,37.729
1768502651.149708,39.656
1768502651.251888,32.422
1768502651.3540788,47.057
1768502651.4563386,33.113
1768502651.558605,42.093
1768502651.6611466,34.968
1768502651.7635503,37.236
1768502651.8691936,41.601
1768502651.9714289,32.718
1768502652.0748053,44.331
1768502652.1771579,33.606
1768502652.2794,40.05
1768502652.381621,36.919
1768502652.4839168,36.82
1768502652.5862348,44.429
1768502652.6928527,33.606
1768502652.795139,38.868
1768502652.8975956,38.595
1768502652.9998093,32.323
1768502653.102047,45.905
1768502653.2043834,33.31
1768502653.3065646,41.306
1768502653.4088368,35.461
1768502653.5111299,40.814
1768502653.6186101,32.718
1768502653.7212954,43.471
1768502653.8241034,34.573
1768502653.9262931,38.671
1768502654.028562,38.08
1768502654.13075,36.645
1768502654.2329726,44.16
1768502654.33527,32.916
1768502654.441576,41.306
1768502654.5438757,36.053
1768502654.6461964,37.729
1768502654.74875,33.489
1768502654.8510501,37.116
1768502654.9532025,37.609
1768502655.0553966,36.426
1768502655.1576486,34.968
1768502655.2598877,34.278
1768502655.3637872,33.705
1768502655.4659395,32.817
1768502655.5682335,32.521
1768502655.6704378,32.601
1768502655.7726374,35.757
1768502655.8748856,36.919
1768502655.9772797,37.489
1768502656.0795326,37.905
1768502656.1816647,36.349
1768502656.2843509,35.362
1768502656.3894932,35.56
1768502656.5008469,35.856
1768502656.6031358,36.328
1768502656.7053232,36.722
1768502656.8076363,37.313
1768502656.913713,36.525
1768502657.0159655,35.856
1768502657.1181023,32.521
1768502657.2203863,32.718
1768502657.322708,33.014
1768502657.4249234,31.633
1768502657.5272436,39.754
1768502657.6295393,40.936
1768502657.7319422,38.792
1768502657.835428,41.724
1768502657.9404092,32.916
1768502658.0426295,40.542
1768502658.1448407,37.116
1768502658.2471159,32.126
1768502658.3495014,42.782
1768502658.4517145,33.705
1768502658.554182,32.916
1768502658.6566508,42.684
1768502658.758917,33.784
1768502658.865244,33.784
1768502658.9677627,46.03
1768502659.0701168,33.014
1768502659.1723523,42.29
1768502659.2748034,35.736
1768502659.377117,36.743
1768502659.4793115,42.782
1768502659.5816207,32.718
1768502659.68394,42.881
1768502659.7897637,33.804
1768502659.8920484,39.557
1768502659.9942749,37.116
1768502660.0964537,33.587
1768502660.198733,46.593
1768502660.3009381,33.31
1768502660.4032056,41.33
1768502660.5054271,36.053
1768502660.607714,36.525
1768502660.720135,40.838
1768502660.8223693,32.62
1768502660.9245808,43.373
1768502661.026953,34.08
1768502661.1292455,38.277
1768502661.2314746,39.557
1768502661.3336253,32.305
1768502661.4390533,46.2
1768502661.5413282,33.014
1768502661.643541,43.989
1768502661.745763,33.982
1768502661.848266,39.042
1768502661.9504898,37.708
1768502662.0531013,33.784
1768502662.1554477,34.179
1768502662.2581158,36.722
1768502662.3632467,43.57
1768502662.4657679,32.817
1768502662.567983,42.512
1768502662.6705828,35.264
1768502662.7728515,37.39
1768502662.875403,41.527
1768502662.9776247,32.422
1768502663.0801363,42.56
1768502663.1823542,33.883
1768502663.2888803,41.01
1768502663.3910336,35.658
1768502663.4932215,38.102
1768502663.5954096,40.247
1768502663.6976664,32.323
1768502663.799922,43.642
1768502663.9021895,33.489
1768502664.004483,40.542
1768502664.1067948,36.722
1768502664.2130594,36.623
1768502664.3155556,42.068
1768502664.4177406,32.521
1768502664.520547,42.979
1768502664.6229079,34.179
1768502664.725084,39.163
1768502664.8273518,37.905
1768502664.929618,36.919
1768502665.0318515,43.176
1768502665.1398318,32.62
1768502665.242165,44.652
1768502665.344508,33.508
1768502665.4467914,42.192
1768502665.5490892,35.165
1768502665.6512625,36.131
1768502665.7536159,45.145
1768502665.8557706,32.718
1768502665.9612098,43.274
1768502666.0635304,34.08
1768502666.1658309,40.641
1768502666.2681293,36.032
1768502666.3703816,37.784
1768502666.4727197,40.321
1768502666.575027,43.497
1768502666.678413,33.39
1768502666.7805526,40.148
1768502666.8871005,37.138
1768502666.9893064,36.032
1768502667.0915534,43.497
1768502667.193739,32.817
1768502667.2960577,43.57
1768502667.3983448,34.475
1768502667.5006049,37.927
1768502667.6028404,40.247
1768502667.7052443,32.521
1768502667.8076153,43.471
1768502667.9139388,33.212
1768502668.016225,43.865
1768502668.1184177,33.883
1768502668.2206025,42.413
1768502668.322824,35.56
1768502668.4251125,38.572
1768502668.5273545,38.496
1768502668.6298842,36.053
1768502668.7321575,35.539
1768502668.8382525,45.315
1768502668.94052,33.31
1768502669.042738,41.921
1768502669.1451018,35.362
1768502669.2475438,37.905
1768502669.34997,40.247
1768502669.4522774,32.323
1768502669.5584562,43.347
1768502669.6668763,33.705
1768502669.7693284,39.482
1768502669.8717544,38.277
1768502669.974227,32.323
1768502670.076494,42.659
1768502670.1788983,33.883
1768502670.2812335,38.397
1768502670.3880286,39.679
1768502670.490258,32.422
1768502670.5925064,42.881
1768502670.6948414,33.982
1768502670.7971742,38.693
1768502670.8995442,32.323
1768502671.0016737,47.647
1768502671.103882,33.31
1768502671.2060907,43.57
1768502671.312204,34.573
1768502671.4145515,39.482
1768502671.516844,37.708
1768502671.6191134,35.342
1768502671.7213707,45.61
1768502671.823617,33.212
1768502671.9259405,43.595
1768502672.0283062,35.165
1768502672.1305296,38.595
1768502672.2363355,39.656
1768502672.3386655,32.521
1768502672.4410682,42.388
1768502672.5433402,33.982
1768502672.645599,39.656
1768502672.7478483,37.412
1768502672.8501852,34.278
1768502672.952425,44.331
1768502673.0547786,32.916
1768502673.1606128,41.33
1768502673.2629313,35.954
1768502673.365181,37.215
1768502673.4675379,41.01
1768502673.5699418,32.521
1768502673.6722412,43.078
1768502673.7788951,33.883
1768502673.88784,39.186
1768502673.9901302,37.51
1768502674.092447,35.165
1768502674.194766,44.357
1768502674.2971103,32.718
1768502674.3994293,43.078
1768502674.5017614,34.573
1768502674.6040895,37.686
1768502674.7103984,40.073
1768502674.812624,32.323
1768502674.9149475,45.315
1768502675.0173097,33.291
1768502675.1196997,34.771
1768502675.2233138,37.51
1768502675.3254952,40.05
1768502675.4276257,32.521
1768502675.533513,43.176
1768502675.6357462,33.982
1768502675.7379787,38.868
1768502675.8402135,38.792
1768502675.9424436,32.323
1768502676.044741,45.61
1768502676.1469553,32.916
1768502676.2491243,43.446
1768502676.3513012,34.179
1768502676.4536283,40.05
1768502676.560038,36.82
1768502676.6622837,36.842
1768502676.7645288,43.741
1768502676.8667998,32.916
1768502676.9691937,42.585
1768502677.0715547,34.475
1768502677.1738005,39.754
1768502677.276138,37.609
1768502677.3783545,35.165
1768502677.4851449,46.172
1768502677.5873504,33.113
1768502677.6895607,42.512
1768502677.7922897,35.362
1768502677.8944755,37.51
1768502677.996776,40.247
1768502678.0997546,32.323
1768502678.2018902,46.959
1768502678.3094697,32.897
1768502678.4116163,44.036
1768502678.5140953,33.982
1768502678.6164098,31.83
1768502678.7186434,42.782
1768502678.820853,35.067
1768502678.923028,38.42
1768502679.025177,39.656
1768502679.1274192,32.422
1768502679.2318757,43.471
1768502679.3342915,33.784
1768502679.4365034,39.731
1768502679.5389953,36.229
1768502679.6413958,36.229
1768502679.7437599,32.817
1768502679.8460095,43.078
1768502679.9481502,34.376
1768502680.0503383,37.806
1768502680.1524775,40.247
1768502680.2597542,32.62
1768502680.362013,43.274
1768502680.4642942,33.982
1768502680.5666509,39.656
1768502680.6689012,37.215
1768502680.7711241,33.982
1768502680.873459,43.963
1768502680.97577,32.916
1768502681.0779963,43.57
1768502681.1844697,34.179
1768502681.2867637,39.754
1768502681.3891451,38.102
1768502681.4913425,32.225
1768502681.5936277,46.593
1768502681.6960156,33.31
1768502681.7983296,40.936
1768502681.9006574,36.82
1768502682.0029671,35.067
1768502682.1103604,46.369
1768502682.2125547,33.508
1768502682.3148916,40.715
1768502682.417218,37.116
1768502682.5198777,36.722
1768502682.6221154,40.715
1768502682.724363,32.422
1768502682.8265235,46.888
1768502682.9287524,33.212
1768502683.0338519,43.963
1768502683.1360803,34.771
1768502683.2382755,38.868
1768502683.3405929,37.313
1768502683.4428387,37.313
1768502683.5451722,40.148
1768502683.647439,32.422
1768502683.749673,47.577
1768502683.8518937,33.212
1768502683.9541867,42.093
1768502684.060481,34.968
1768502684.1626596,37.532
1768502684.2649395,40.838
1768502684.3672552,43.544
1768502684.4701526,34.179
1768502684.5723426,40.05
1768502684.6744108,37.412
1768502684.7764964,36.447
1768502684.8787038,44.16
1768502684.9854898,33.014
1768502685.0877798,38.102
1768502685.1901298,34.179
1768502685.2923915,33.489
1768502685.3947115,32.916
1768502685.49705,32.601
1768502685.599295,36.328
1768502685.7015235,36.94
1768502685.803771,37.806
1768502685.9071453,37.708
1768502686.0094004,36.82
1768502686.111742,35.954
1768502686.2142677,35.56
1768502686.3164778,36.349
1768502686.4188807,36.919
1768502686.5211682,37.708
1768502686.6234574,36.919
1768502686.7258506,36.032
1768502686.8284378,32.323
1768502686.9340098,33.113
1768502687.0370977,34.08
1768502687.139836,35.264
1768502687.2444384,36.645
1768502687.3466132,37.708
1768502687.4488087,36.82
1768502687.5510697,36.053
1768502687.6532707,35.461
1768502687.7586598,32.422
1768502687.8610554,45.118
1768502687.9633682,33.587
1768502688.0657306,37.215
1768502688.1679199,41.601
1768502688.2705238,32.521
1768502688.3727508,39.557
1768502688.475428,37.51
1768502688.577716,32.225
1768502688.683967,36.229
1768502688.7862442,44.626
1768502688.8884656,36.151
1768502688.9920993,43.373
1768502689.0942705,38.595
1768502689.19645,32.422
1768502689.2988963,44.501
1768502689.4010198,33.686
1768502689.503355,39.754
1768502689.60947,38.595
1768502689.7117252,32.323
1768502689.8140035,46.271
1768502689.9162157,33.31
1768502690.0184598,42.29
1768502690.1206722,36.426
1768502690.2228572,32.404
1768502690.3251483,46.762
1768502690.427353,33.113
1768502690.5295668,42.487
1768502690.6356575,35.362
1768502690.737999,36.701
1768502690.840172,44.429
1768502690.9426005,32.817
1768502691.0449286,42.388
1768502691.1472342,35.461
1768502691.249475,38.2
1768502691.3517663,40.936
1768502691.4540014,32.422
1768502691.5609019,42.881
1768502691.666926,33.982
1768502691.7703068,39.065
1768502691.8725321,38.397
1768502691.974688,32.225
1768502692.0769289,46.719
1768502692.1792316,32.916
1768502692.2840755,43.642
1768502692.3863516,34.475
1768502692.488529,38.989
1768502692.590814,39.557
1768502692.6930392,32.422
1768502692.7956316,47.577
1768502692.8979475,33.39
1768502693.000227,40.247
1768502693.1025994,36.623
1768502693.208917,36.919
1768502693.3114026,32.521
1768502693.415224,42.585
1768502693.5173233,33.587
1768502693.6193976,40.739
1768502693.72166,36.82
1768502693.8237133,35.638
1768502693.925765,44.331
1768502694.02788,32.916
1768502694.1333337,43.373
1768502694.2355473,33.982
1768502694.3378408,39.459
1768502694.440059,37.116
1768502694.5422356,33.784
1768502694.644577,44.948
1768502694.7467964,32.916
1768502694.8490813,41.601
1768502694.9512784,35.362
1768502695.0535486,37.631
1768502695.1597307,41.404
1768502695.2620418,32.718
1768502695.3643498,40.912
1768502695.4666402,40.148
1768502695.5689752,32.62
1768502695.671296,42.881
1768502695.7735112,34.869
1768502695.8758476,36.623
1768502695.9781332,44.331
1768502696.0849078,32.916
1768502696.187126,43.767
1768502696.2894537,34.376
1768502696.3916543,38.375
1768502696.4949605,39.656
1768502696.5974648,32.521
1768502696.6997917,43.741
1768502696.8020372,34.376
1768502696.9088135,37.609
1768502697.0111184,40.739
1768502697.1133854,32.521
1768502697.2155514,46.271
1768502697.3177946,33.31
1768502697.4201102,41.231
1768502697.5224063,36.722
1768502697.6246119,36.426
1768502697.7269697,43.347
1768502697.8327837,32.916
1768502697.9351203,34.771
1768502698.0383573,38.277
1768502698.1405063,38.769
1768502698.2425663,32.225
1768502698.3448355,45.932
1768502698.4470165,33.409
1768502698.5495193,31.83
1768502698.6517475,42.881
1768502698.7577114,34.771
1768502698.860133,38.08
1768502698.9624739,38.299
1768502699.0648355,36.328
1768502699.1674407,41.231
1768502699.269815,32.521
1768502699.3721325,44.652
1768502699.474508,33.686
1768502699.576879,39.951
1768502699.683433,39.065
1768502699.7856803,32.323
1768502699.887896,42.659
1768502699.990107,34.08
1768502700.0922673,37.708
1768502700.1944695,41.724
1768502700.2972224,32.817
1768502700.399421,43.373
1768502700.5016637,34.771
1768502700.603907,38.572
1768502700.7096682,38.178
1768502700.8121037,32.7
1768502700.9143288,46.987
1768502701.0175273,32.916
1768502701.1197116,43.176
1768502701.2218764,33.883
1768502701.3240836,40.125
1768502701.4263005,35.757
1768502701.528499,38.102
1768502701.6325715,39.754
1768502701.7354128,32.323
1768502701.8376136,46.369
1768502701.939796,33.193
1768502702.0420492,43.373
1768502702.144253,34.771
1768502702.246481,39.853
1768502702.3488092,37.116
1768502702.4510858,36.623
1768502702.5533376,41.503
1768502702.655482,32.718
1768502702.7617826,33.982
1768502702.8638906,38.989
1768502702.9661121,38.003
1768502703.068164,32.323
1768502703.1703317,47.97
1768502703.2724938,33.31
1768502703.3746657,41.01
1768502703.4767618,35.638
1768502703.5790658,35.165
1768502703.6860712,44.357
1768502703.7882905,33.014
1768502703.8905547,43.347
1768502703.9927611,34.376
1768502704.095018,40.641
1768502704.197291,36.328
1768502704.2994945,37.292
1768502704.4018376,41.109
1768502704.5041194,32.718
1768502704.6111724,42.782
1768502704.7134569,33.587
1768502704.815705,38.792
1768502704.91791,38.299
1768502705.0201075,32.225
1768502705.1223352,47.745
1768502705.224616,33.212
1768502705.326777,42.118
1768502705.4291642,34.968
1768502705.535878,37.883
1768502705.6381593,39.853
1768502705.7416942,32.422
1768502705.8439097,45.511
1768502705.9461446,33.489
1768502706.0483322,39.754
1768502706.1505523,37.215
1768502706.2527938,36.645
1768502706.3550534,44.233
1768502706.4604921,32.916
1768502706.5627174,42.757
1768502706.6650512,34.672
1768502706.7673702,37.116
1768502706.869535,40.27
1768502706.971888,32.521
1768502707.0743618,42.684
1768502707.176624,33.883
1768502707.278978,41.133
1768502707.3852172,36.525
1768502707.487503,44.134
1768502707.589611,33.014
1768502707.6917126,43.57
1768502707.7938535,35.165
1768502707.8959928,36.623
1768502707.9980626,41.503
1768502708.1002312,32.718
1768502708.2023935,43.249
1768502708.3047009,34.968
1768502708.4100723,32.323
1768502708.5123498,43.347
1768502708.6148384,39.754
1768502708.7173514,32.62
1768502708.819626,42.388
1768502708.9218767,34.869
1768502709.024057,39.163
1768502709.1264272,38.496
1768502709.2287176,33.686
1768502709.3351398,46.397
1768502709.4374075,33.489
1768502709.5398362,39.383
1768502709.6421835,39.876
1768502709.7444625,32.422
1768502709.8467789,43.078
1768502709.9495344,33.982
1768502710.0518777,37.489
1768502710.158087,43.274
1768502710.2624495,33.014
1768502710.3646858,43.078
1768502710.466882,33.883
1768502710.5690994,39.383
1768502710.671408,36.229
1768502710.7736194,32.323
1768502710.8758008,37.292
1768502710.9780657,39.36
1768502711.080396,32.521
1768502711.1866677,44.6
1768502711.2889452,33.686
1768502711.3914604,41.01
1768502711.4936924,35.067
1768502711.595924,37.018
1768502711.6982098,40.912
1768502711.8003888,32.718
1768502711.9025862,43.373
1768502712.0048084,34.672
1768502712.1070764,37.018
1768502712.2135794,32.62
1768502712.3157296,43.471
1768502712.4179144,34.08
1768502712.5200524,36.996
1768502712.622159,40.125
1768502712.7242894,32.521
1768502712.8264258,43.57
1768502712.9286187,33.784
1768502713.0306652,39.754
1768502713.1327503,36.722
1768502713.2385943,36.447
1768502713.3407848,42.192
1768502713.4431126,32.718
1768502713.54534,45.315
1768502713.6475854,33.489
1768502713.7498379,41.995
1768502713.8520465,34.968
1768502713.9542632,38.792
1768502714.0565138,38.003
1768502714.1586998,37.039
1768502714.265441,41.601
1768502714.367645,32.62
1768502714.4698882,44.528
1768502714.5723872,33.489
1768502714.674748,41.306
1768502714.7774498,35.461
1768502714.8797143,36.349
1768502714.9818764,43.57
1768502715.085225,32.817
1768502715.1911068,42.855
1768502715.293301,33.784
1768502715.3954666,40.05
1768502715.49767,36.053
1768502715.5998878,37.193
1768502715.7021017,34.672
1768502715.804281,36.328
1768502715.9064045,35.342
1768502716.0085323,37.313
1768502716.1126685,37.905
1768502716.214753,36.447
1768502716.3169122,36.349
1768502716.4190729,36.053
1768502716.5212646,35.757
1768502716.6233394,35.56
1768502716.7254205,35.362
1768502716.82766,34.475
1768502716.9298506,34.968
1768502717.0320778,35.658
1768502717.1343067,35.56
1768502717.239293,34.968
1768502717.3413546,35.165
1768502717.4434392,35.835
1768502717.5454698,35.835
1768502717.6476603,36.525
1768502717.7498522,36.82
1768502717.8521957,36.842
1768502717.9543405,35.954
1768502718.0564206,33.489
1768502718.1585808,32.521
1768502718.2607882,34.672
1768502718.3655684,33.31
1768502718.4677985,34.573
1768502718.5700653,33.962
1768502718.672358,42.807
1768502718.7746007,35.954
1768502718.8768487,32.817
1768502718.9791508,36.722
1768502719.0814667,44.849
1768502719.1837094,33.014
1768502719.2860081,40.617
1768502719.3933084,36.131
1768502719.4955158,34.672
1768502719.5977044,46.888
1768502719.6999617,33.705
1768502719.8025723,40.518
1768502719.9048102,36.426
1768502720.0074706,36.82
1768502720.1096299,42.192
1768502720.2118902,32.916
1768502720.318749,42.364
1768502720.421003,35.067
1768502720.5232615,37.39
1768502720.6254683,39.754
1768502720.7276928,32.422
1768502720.8300097,45.708
1768502720.932358,33.508
1768502721.0345633,40.345
1768502721.1367903,36.447
1768502721.2433317,36.623
1768502721.3455672,42.388
1768502721.4477386,32.62
1768502721.5501795,42.487
1768502721.6524193,34.179
1768502721.7547088,37.905
1768502721.8568904,40.42
1768502721.9590943,43.767
1768502722.0630636,34.771
1768502722.1682487,37.708
1768502722.2705038,40.247
1768502722.3727841,32.422
1768502722.4750109,44.698
1768502722.5774028,33.686
1768502722.6796267,39.974
1768502722.7819555,37.116
1768502722.884136,32.225
1768502722.9863565,43.865
1768502723.092596,34.869
1768502723.1948388,36.328
1768502723.2970788,45.118
1768502723.3993456,32.916
1768502723.501506,43.471
1768502723.6037433,35.56
1768502723.7060018,36.525
1768502723.808258,42.782
1768502723.9105208,32.817
1768502724.0172567,43.57
1768502724.1194968,35.067
1768502724.2221186,37.609
1768502724.324494,39.557
1768502724.4266968,32.323
1768502724.5294325,44.626
1768502724.631629,33.784
1768502724.7340536,37.806
1768502724.8364697,42.782
1768502724.9422178,33.113
1768502725.0444489,39.065
1768502725.146706,38.299
1768502725.2489889,32.225
1768502725.351222,42.979
1768502725.4536924,34.08
1768502725.5560062,38.299
1768502725.6584182,40.369
1768502725.7608497,32.422
1768502725.866248,41.478
1768502725.9685757,36.82
1768502726.071002,32.225
1768502726.1733232,44.429
1768502726.275508,33.804
1768502726.377809,38.003
1768502726.4801338,41.527
1768502726.5823398,43.373
1768502726.6859248,35.56
1768502726.7922542,36.426
1768502726.8946576,45.583
1768502726.9969263,33.212
1768502727.099408,41.675
1768502727.2017233,35.954
1768502727.3041244,36.623
1768502727.406353,45.216
1768502727.5086794,33.212
1768502727.6110475,41.034
1768502727.7166739,37.905
1768502727.818893,32.225
1768502727.9212232,42.757
1768502728.0234623,34.573
1768502728.12568,37.116
1768502728.228139,46.79
1768502728.330504,35.954
1768502728.432739,32.225
1768502728.5351431,43.274
1768502728.6414845,45.315
1768502728.7439508,33.705
1768502728.8490965,38.671
1768502728.9514863,41.699
1768502729.0536919,32.422
1768502729.1572897,42.585
1768502729.2595162,33.784
1768502729.366904,39.065
1768502729.469134,38.671
1768502729.5714946,32.422
1768502729.673984,46.467
1768502729.776256,33.39
1768502729.878497,42.192
1768502729.9807036,36.722
1768502730.0830789,36.229
1768502730.1852815,46.102
1768502730.2914617,33.113
1768502730.3936996,40.912
1768502730.496126,35.856
1768502730.5983725,36.82
1768502730.700753,42.192
1768502730.8029835,32.718
1768502730.9053164,33.489
1768502731.0084484,41.798
1768502731.1105695,34.672
1768502731.2160475,38.966
1768502731.3182166,38.397
1768502731.42051,36.032
1768502731.5230122,42.487
1768502731.625252,32.916
1768502731.7275097,43.3
1768502731.8298798,35.56
1768502731.9321675,36.328
1768502732.0345135,43.373
1768502732.1410108,32.897
1768502732.243242,42.487
1768502732.3454413,35.342
1768502732.4476693,37.686
1768502732.549919,39.951
1768502732.6522536,32.422
1768502732.7545276,44.331
1768502732.856756,33.686
1768502732.9590757,41.527
1768502733.066086,37.116
1768502733.1683073,36.426
1768502733.2708404,42.979
1768502733.373879,32.817
1768502733.4762301,44.036
1768502733.5784981,34.672
1768502733.6809695,38.375
1768502733.7833714,39.853
1768502733.8904948,32.422
1768502733.9927146,43.471
1768502734.0949244,33.784
1768502734.197183,40.518
1768502734.2994385,36.426
1768502734.4017992,33.39
1768502734.5040908,46.566
1768502734.6064196,33.193
1768502734.7087767,40.814
1768502734.8149931,35.441
1768502734.9173107,36.722
1768502735.0195634,42.29
1768502735.1218808,32.718
1768502735.2241027,43.446
1768502735.3264258,39.656
1768502735.4300992,37.51
1768502735.532245,32.323
1768502735.6382296,42.979
1768502735.7408345,33.982
1768502735.8430772,39.754
1768502735.9454362,37.905
1768502736.0477014,32.323
1768502736.1499338,46.593
1768502736.2521753,32.916
1768502736.3543692,43.446
1768502736.4565928,34.573
1768502736.56257,38.769
1768502736.6647408,38.2
1768502736.7670352,34.573
1768502736.8692577,46.664
1768502736.9715433,33.39
1768502737.0737815,41.773
1768502737.1759846,34.968
1768502737.2781875,38.746
1768502737.380536,37.313
1768502737.4827363,34.869
1768502737.5893505,44.823
1768502737.6915603,32.817
1768502737.7945037,43.249
1768502737.897187,34.08
1768502737.999343,40.148
1768502738.1017241,37.215
1768502738.2042184,35.264
1768502738.306496,42.192
1768502738.412951,33.982
1768502738.5151742,40.739
1768502738.6177309,46.566
1768502738.7200449,33.587
1768502738.822447,39.754
1768502738.9246726,37.981
1768502739.0269883,32.225
1768502739.1292827,44.528
1768502739.2315493,33.489
1768502739.3380606,40.247
1768502739.4404292,36.623
1768502739.5426846,37.313
1768502739.645124,41.034
1768502739.7473457,32.521
1768502739.849727,33.113
1768502739.9523416,43.57
1768502740.0544407,34.771
1768502740.1567764,37.138
1768502740.2629077,41.428
1768502740.3653357,32.62
1768502740.4675586,42.684
1768502740.5699341,34.08
1768502740.67226,39.951
1768502740.7746365,36.82
1768502740.8768444,33.883
1768502740.9790878,46.566
1768502741.0813284,33.094
1768502741.1877398,42.192
1768502741.2899852,35.835
1768502741.3922608,36.525
1768502741.4947503,46.172
1768502741.5971756,33.39
1768502741.6994536,41.995
1768502741.8016994,35.736
1768502741.9041731,37.215
1768502742.006589,42.192
1768502742.113756,32.817
1768502742.2160943,43.373
1768502742.3183284,34.771
1768502742.4207335,37.39
1768502742.5229437,40.912
1768502742.626045,32.62
1768502742.7283127,42.684
1768502742.8305194,34.376
1768502742.9380085,37.587
1768502743.040301,40.321
1768502743.1425958,33.014
1768502743.244771,41.675
1768502743.346984,35.165
1768502743.449237,37.116
1768502743.5514328,42.782
1768502743.6536756,32.897
1768502743.756001,41.798
1768502743.8621466,35.638
1768502743.9642975,37.236
1768502744.0666673,43.642
1768502744.1688888,33.291
1768502744.271204,36.131
1768502744.3746903,36.229
1768502744.4768078,43.446
1768502744.5789685,32.817
1768502744.6811843,43.937
1768502744.788926,34.376
1768502744.8911788,39.087
1768502744.9937758,39.065
1768502745.0959916,32.323
1768502745.1985133,47.45
1768502745.3007345,33.193
1768502745.4033685,40.936
1768502745.5055914,36.426
1768502745.6119635,36.426
1768502745.714255,44.036
1768502745.8167946,33.014
1768502745.9191532,43.767
1768502746.0217943,34.475
1768502746.124565,39.065
1768502746.2270389,37.905
1768502746.3292625,39.383
1768502746.4322572,35.658
1768502746.545589,37.981
1768502746.6477885,36.525
1768502746.749976,35.56
1768502746.8522708,34.771
1768502746.9544542,34.179
1768502747.0574553,33.982
1768502747.1596634,33.982
1768502747.2618556,33.39
1768502747.3639796,33.686
1768502747.4661345,33.686
1768502747.5682678,33.291
1768502747.6703584,33.39
1768502747.7724469,33.193
1768502747.8747313,32.995
1768502747.9768975,32.916
1768502748.0791044,33.113
1768502748.1811914,32.995
1768502748.2858372,32.995
1768502748.3880138,36.131
1768502748.490273,37.018
1768502748.5927036,31.929
1768502748.695169,35.244
1768502748.7983398,37.412
1768502748.9005716,36.151
1768502749.0026338,37.784
1768502749.1047971,43.249
1768502749.2068787,33.982
1768502749.3126886,37.51
1768502749.41487,43.471
1768502749.517073,33.094
1768502749.6193287,39.557
1768502749.7216918,38.966
1768502749.8239439,32.422
1768502749.9262578,42.487
1768502750.0284889,34.179
1768502750.1308358,38.595
1768502750.233234,40.125
1768502750.33888,32.62
1768502750.4413223,43.176
1768502750.5435581,34.179
1768502750.6457808,39.557
1768502750.7483554,38.003
1768502750.8505826,36.426
1768502750.9527462,43.57
1768502751.0550182,32.62
1768502751.157971,44.724
1768502751.2602923,33.587
1768502751.3650324,40.814
1768502751.467395,36.82
1768502751.570913,36.919
1768502751.6731927,42.388
1768502751.7756128,32.62
1768502751.8778985,46.003
1768502751.980258,34.475
1768502752.0825138,38.474
1768502752.184719,38.375
1768502752.2902904,32.225
1768502752.3925886,43.373
1768502752.4949975,33.883
1768502752.597236,39.58
1768502752.699637,38.299
1768502752.802387,32.422
1768502752.9045575,46.762
1768502753.0068219,33.784
1768502753.1090972,33.982
1768502753.2154233,46.397
1768502753.3176928,33.212
1768502753.4199297,34.771
1768502753.5235274,38.868
1768502753.6256135,37.018
1768502753.7276783,36.996
1768502753.8297114,41.527
1768502753.9318242,32.521
1768502754.0339434,44.626
1768502754.1392112,33.587
1768502754.241574,41.38
1768502754.3437238,35.165
1768502754.4458995,38.496
1768502754.548168,39.163
1768502754.650326,32.323
1768502754.752585,47.38
1768502754.8547742,33.409
1768502754.9570193,39.656
1768502755.059343,38.003
1768502755.1643665,32.323
1768502755.2666173,42.659
1768502755.3688302,34.08
1768502755.4711788,38.792
1768502755.5735912,39.262
1768502755.6757994,32.422
1768502755.7780192,46.664
1768502755.8804433,33.508
1768502755.9832563,37.883
1768502756.0858784,43.937
1768502756.1927352,33.784
1768502756.295293,38.299
1768502756.3975124,40.05
1768502756.4998994,32.323
1768502756.6023355,40.42
1768502756.7046049,38.375
1768502756.8070164,32.62
1768502756.909443,42.954
1768502757.0117369,35.244
1768502757.1178331,36.919
1768502757.2200463,45.145
1768502757.322427,32.817
1768502757.4247887,42.881
1768502757.527266,35.362
1768502757.629695,37.313
1768502757.7319746,42.118
1768502757.8344316,32.62
1768502757.9368205,41.798
1768502758.0423396,35.933
1768502758.1445622,36.722
1768502758.246736,32.718
1768502758.3495522,43.249
1768502758.4516041,33.39
1768502758.553654,31.731
1768502758.6557896,45.484
1768502758.7579134,33.784
1768502758.8600497,40.444
1768502758.9622626,37.116
1768502759.0673456,34.968
1768502759.1695855,45.878
1768502759.2717595,32.995
1768502759.3741164,42.855
1768502759.4763184,34.475
1768502759.5785363,37.708
1768502759.6808279,40.715
1768502759.783131,32.718
1768502759.8853896,43.446
1768502759.9876633,34.179
1768502760.0928822,38.496
1768502760.1951103,40.148
1768502760.2973237,32.323
1768502760.3994734,45.019
1768502760.5018075,33.489
1768502760.6044903,41.699
1768502760.706882,35.342
1768502760.8090775,38.08
1768502760.9123485,38.2
1768502761.0190163,32.225
1768502761.1211638,46.79
1768502761.2233653,33.39
1768502761.325555,40.148
1768502761.4278088,38.178
1768502761.5300817,32.521
1768502761.6322353,43.471
1768502761.7344813,35.145
1768502761.836786,36.743
1768502761.9424477,41.798
1768502762.0446408,32.817
1768502762.1469,42.979
1768502762.2490785,34.573
1768502762.351287,38.375
1768502762.4535081,38.397
1768502762.5557775,32.323
1768502762.6580331,46.987
1768502762.7603788,32.916
1768502762.8626637,43.347
1768502762.9681563,34.179
1768502763.0704973,37.215
1768502763.172887,36.919
1768502763.2750146,42.979
1768502763.3770618,32.62
1768502763.4792578,42.954
1768502763.5814881,33.883
1768502763.683642,40.05
1768502763.785821,36.426
1768502763.888039,37.609
1768502763.9933913,42.954
1768502764.0957608,32.817
1768502764.1981874,42.855
1768502764.3006449,33.883
1768502764.4028962,40.814
1768502764.505281,37.313
1768502764.607602,35.461
1768502764.7098782,44.528
1768502764.8121617,32.916
1768502764.9186914,42.979
1768502765.021087,35.264
1768502765.1234894,38.375
1768502765.2261877,38.868
1768502765.3284602,32.323
1768502765.43059,47.352
1768502765.5342903,33.982
1768502765.6367993,39.163
1768502765.742222,39.36
1768502765.8445663,32.323
1768502765.9470935,44.698
1768502766.0492897,33.982
1768502766.1515317,40.125
1768502766.2538025,36.525
1768502766.3561177,36.229
1768502766.4584022,43.642
1768502766.5608788,32.916
1768502766.6672912,42.019
1768502766.769629,35.856
1768502766.8719726,36.722
1768502766.9742212,42.487
1768502767.0765505,32.995
1768502767.178856,42.093
1768502767.281503,36.032
1768502767.3839183,32.323
1768502767.486229,47.647
1768502767.5926466,38.868
1768502767.695409,39.163
1768502767.7977564,32.521
1768502767.8999414,42.487
1768502768.0021977,36.032
1768502768.104345,36.131
1768502768.2064617,47.52
1768502768.3087645,34.179
1768502768.4109273,38.178
1768502768.517278,39.754
1768502768.6196902,35.856
1768502768.72192,37.51
1768502768.8241823,42.216
1768502768.9264028,32.718
1768502769.028613,43.497
1768502769.1308026,34.376
1768502769.2330644,39.36
1768502769.33555,39.754
1768502769.4414835,32.718
1768502769.5438566,40.321
1768502769.6463811,46.79
1768502769.7487755,33.212
1768502769.851102,43.544
1768502769.9543004,34.968
1768502770.0565798,39.557
1768502770.1588478,39.557
1768502770.2611082,32.422
1768502770.3671772,43.176
1768502770.4694262,33.686
1768502770.5716605,40.247
1768502770.6739457,36.426
1768502770.7762098,36.919
1768502770.8785193,44.331
1768502770.980768,32.916
1768502771.083036,40.518
1768502771.1856968,37.981
1768502771.291793,32.323
1768502771.3941166,42.585
1768502771.496562,33.883
1768502771.5988486,38.966
1768502771.7011726,39.534
1768502771.8034163,32.521
1768502771.9056737,47.057
1768502772.0078783,33.113
1768502772.1103172,44.062
1768502772.2175086,38.178
1768502772.319638,38.792
1768502772.4217784,35.342
1768502772.5239115,45.315
1768502772.626039,33.291
1768502772.728231,41.724
1768502772.8303452,35.835
1768502772.9325566,36.82
1768502773.034622,42.192
1768502773.1368449,32.817
1768502773.2416556,43.446
1768502773.3438985,33.883
1768502773.4463203,39.436
1768502773.5488534,39.656
1768502773.651121,32.521
1768502773.753388,44.259
1768502773.8556302,33.784
1768502773.9578857,40.42
1768502774.060149,36.82
1768502774.1624944,37.708
1768502774.2694936,39.951
1768502774.3716831,32.422
1768502774.473985,43.741
1768502774.5762954,32.916
1768502774.6799278,42.684
1768502774.782113,33.883
1768502774.884417,40.814
1768502774.986667,35.933
1768502775.093816,36.82
1768502775.1961024,42.068
1768502775.2983165,32.916
1768502775.4004838,43.865
1768502775.5027556,34.376
1768502775.6049798,38.966
1768502775.7072606,36.82
1768502775.8095522,36.229
1768502775.911817,42.167
1768502776.0179899,32.897
1768502776.1201823,42.954
1768502776.2224174,33.982
1768502776.3246856,40.739
1768502776.4269457,36.032
1768502776.5292013,36.799
1768502776.631497,41.33
1768502776.733684,32.62
1768502776.835958,47.127
1768502776.9382114,35.264
1768502777.0428784,34.08
1768502777.1450462,33.587
1768502777.2471576,33.014
1768502777.3492155,32.718
1768502777.451274,32.521
1768502777.5534086,32.601
1768502777.6555243,32.817
1768502777.757612,32.817
1768502777.859748,32.718
1768502777.9617789,32.897
1768502778.065322,32.897
1768502778.1674054,32.798
1768502778.2695668,33.587
1768502778.3719618,33.094
1768502778.4741971,33.094
1768502778.5764754,36.722
1768502778.678794,36.131
1768502778.7812247,32.323
1768502778.8836007,35.067
1768502778.9858184,36.131
1768502779.0885124,32.521
1768502779.1932595,32.601
1768502779.2993915,33.014
1768502779.4015505,33.587
1768502779.503778,34.573
1768502779.606003,36.131
1768502779.708232,35.067
1768502779.81043,32.126
1768502779.9125338,42.979
1768502780.0192695,34.475
1768502780.1215332,33.784
1768502780.2238164,43.963
1768502780.326174,34.475
1768502780.428406,36.919
1768502780.5307674,42.782
1768502780.6330373,32.817
1768502780.735281,43.446
1768502780.837611,34.278
1768502780.9440908,39.163
1768502781.0463028,38.299
1768502781.148459,32.404
1768502781.250755,46.467
1768502781.3530817,33.489
1768502781.4554908,38.769
1768502781.557739,37.883
1768502781.6600113,32.62
1768502781.762271,40.518
1768502781.8646698,32.916
1768502781.971295,31.911
1768502782.0734234,43.544
1768502782.1755514,36.722
1768502782.277919,33.094
1768502782.3802142,32.027
1768502782.4825044,40.444
1768502782.5846605,43.15
1768502782.6870432,34.278
1768502782.7894669,32.225
1768502782.8940296,38.375
1768502782.9963603,47.745
1768502783.0986493,34.968
1768502783.200851,32.225
1768502783.3032277,43.15
1768502783.4055436,37.489
1768502783.5077374,33.094
1768502783.6101196,38.2
1768502783.71288,41.428
1768502783.8151946,33.489
1768502783.921475,36.328
1768502784.0239167,43.373
1768502784.1268141,35.046
1768502784.2291377,32.422
1768502784.3326142,42.487
1768502784.4348423,40.321
1768502784.5371113,32.897
1768502784.6394484,36.623
1768502784.7450416,45.61
1768502784.847289,33.113
1768502784.949829,36.131
1768502785.052097,42.757
1768502785.1543593,36.722
1768502785.256585,32.404
1768502785.3588214,46.538
1768502785.4612586,32.995
1768502785.5635302,42.192
1768502785.6657383,34.968
1768502785.7713456,38.966
1768502785.8735487,38.299
1768502785.9759078,32.305
1768502786.078306,47.057
1768502786.1806424,34.475
1768502786.2829354,32.502
1768502786.3853192,38.474
1768502786.4876053,44.134
1768502786.5898764,40.321
1768502786.6976535,39.262
1768502786.799889,32.206
1768502786.9020917,46.03
1768502787.0044167,32.897
1768502787.1066406,43.176
1768502787.2089238,34.672
1768502787.3111029,39.065
1768502787.4133446,38.2
1768502787.515546,32.422
1768502787.6222193,42.118
1768502787.7244537,37.215
1768502787.8267546,32.7
1768502787.9290724,45.484
1768502788.031358,33.982
1768502788.1336377,39.36
1768502788.2358274,37.412
1768502788.338045,32.305
1768502788.440238,46.369
1768502788.5481915,33.587
1768502788.6504688,33.094
1768502788.7584004,38.943
1768502788.8605607,38.572
1768502788.9628382,32.422
1768502789.0650642,43.373
1768502789.1700952,34.672
1768502789.2722726,38.792
1768502789.3745382,39.065
1768502789.4768875,32.422
1768502789.5791295,40.518
1768502789.6813972,38.572
1768502789.7837152,32.422
1768502789.8859167,43.668
1768502789.9882216,35.342
1768502790.0904422,37.116
1768502790.1960251,44.134
1768502790.2982051,32.718
1768502790.4004133,43.052
1768502790.5027049,34.573
1768502790.6049154,37.292
1768502790.7072604,43.471
1768502790.809594,32.798
1768502790.9118116,42.093
1768502791.0140307,35.441
1768502791.1168957,42.659
1768502791.222523,33.982
1768502791.3247933,39.928
1768502791.4272954,47.675
1768502791.5295331,33.39
1768502791.6317868,38.89
1768502791.7341044,39.557
1768502791.8362877,32.323
1768502791.9385648,39.853
1768502792.0407958,39.186
1768502792.1464367,32.521
1768502792.2487848,42.388
1768502792.3510895,36.229
1768502792.4534695,32.126
1768502792.5558772,46.566
1768502792.6581514,33.39
1768502792.7603993,42.29
1768502792.8626308,35.56
1768502792.9653614,32.126
1768502793.0723763,43.373
1768502793.1745703,34.771
1768502793.2775915,37.116
1768502793.379806,43.57
1768502793.482049,32.897
1768502793.5844836,39.632
1768502793.6866717,38.671
1768502793.788978,32.323
1768502793.891372,42.364
1768502793.9968507,41.109
1768502794.0993516,32.897
1768502794.2016866,37.193
1768502794.3039956,43.274
1768502794.4062302,33.686
1768502794.5085258,37.708
1768502794.6107478,41.306
1768502794.7130377,32.897
1768502794.8155138,37.095
1768502794.917759,41.527
1768502795.0237489,32.7
1768502795.1260686,42.019
1768502795.2284958,36.426
1768502795.3308256,33.686
1768502795.4332647,44.849
1768502795.5356762,32.995
1768502795.6381176,34.948
1768502795.7412503,37.51
1768502795.846709,42.093
1768502795.949063,32.995
1768502796.0513551,39.14
1768502796.1537626,37.708
1768502796.2559595,32.225
1768502796.3582006,47.057
1768502796.4604037,33.094
1768502796.5626435,42.093
1768502796.665025,35.441
1768502796.7712102,37.806
1768502796.8734293,40.05
1768502796.975575,32.422
1768502797.0778394,43.767
1768502797.1805925,34.278
1768502797.2827744,38.299
1768502797.3849688,39.459
1768502797.4872394,32.323
1768502797.5937953,46.172
1768502797.6968913,32.897
1768502797.7990806,42.881
1768502797.9024532,33.686
1768502798.0046315,41.675
1768502798.1068342,34.475
1768502798.2092054,37.27
1768502798.3119438,35.539
1768502798.4144752,31.633
1768502798.5206964,39.731
1768502798.623074,37.708
1768502798.7254376,38.102
1768502798.8277462,32.225
1768502798.9301448,44.233
1768502799.0323303,33.686
1768502799.134581,39.065
1768502799.2369318,37.489
1768502799.339091,36.032
1768502799.441365,46.102
1768502799.5466554,32.995
1768502799.648882,42.585
1768502799.7512364,34.771
1768502799.85349,37.215
1768502799.955928,43.347
1768502800.058144,32.897
1768502800.1603386,38.08
1768502800.2639275,32.502
1768502800.3661735,43.839
1768502800.472817,34.869
1768502800.5751326,37.686
1768502800.6773407,40.444
1768502800.779537,32.422
1768502800.8818066,43.052
1768502800.9841652,33.784
1768502801.0864823,38.178
1768502801.1887574,39.754
1768502801.2910216,32.422
1768502801.3981662,43.347
1768502801.5004456,34.475
1768502801.6029458,37.959
1768502801.7054315,46.664
1768502801.8076668,33.39
1768502801.9099288,39.731
1768502802.0126293,38.2
1768502802.1148329,32.323
1768502802.2172365,46.762
1768502802.3246865,33.784
1768502802.4271183,39.656
1768502802.5294044,38.693
1768502802.6316683,32.225
1768502802.7339,42.265
1768502802.836116,33.982
1768502802.9383836,39.36
1768502803.0407493,39.262
1768502803.1431665,32.323
1768502803.2485087,42.659
1768502803.3509624,35.145
1768502803.453234,36.602
1768502803.5555909,45.216
1768502803.6580324,32.897
1768502803.7603009,43.052
1768502803.8627546,35.441
1768502803.965194,35.244
1768502804.067497,45.091
1768502804.174055,33.291
1768502804.2763925,40.148
1768502804.37888,37.412
1768502804.4811716,32.225
1768502804.5834503,44.894
1768502804.6856842,41.503
1768502804.7882836,36.032
1768502804.8904712,36.426
1768502804.992722,42.782
1768502805.0986366,32.995
1768502805.2009492,40.912
1768502805.3034627,36.623
1768502805.405767,32.225
1768502805.5080822,45.163
1768502805.6104243,34.08
1768502805.7128792,36.722
1768502805.8152938,43.347
1768502805.9176302,33.193
1768502806.0229154,41.306
1768502806.1251652,37.116
1768502806.2276525,35.835
1768502806.3301983,45.905
1768502806.433007,32.995
1768502806.535368,41.503
1768502806.6431093,36.131
1768502806.750637,34.159
1768502806.8528917,46.566
1768502806.955195,33.193
1768502807.0576322,40.838
1768502807.1600733,37.39
1768502807.262411,32.225
1768502807.3646955,42.782
1768502807.4718857,34.278
1768502807.5742376,37.532
1768502807.676646,41.896
1768502807.7791865,32.897
1768502807.881618,40.715
1768502807.983899,36.722
1768502808.0864213,32.126
1768502808.1887045,42.585
1768502808.2913015,34.08
1768502808.397235,34.771
1768502808.499628,34.376
1768502808.6019156,38.08
1768502808.7043266,33.39
1768502808.806772,34.948
1768502808.9097366,35.165
1768502809.011844,35.441
1768502809.1140094,36.229
1768502809.216362,37.609
1768502809.3208365,37.609
1768502809.4230692,37.412
1768502809.5253124,36.722
1768502809.6276128,36.032
1768502809.7300098,35.933
1768502809.832483,32.422
1768502809.934992,32.798
1768502810.0373917,33.784
1768502810.1397781,36.623
1768502810.2462995,37.193
1768502810.3485432,36.525
1768502810.450875,34.573
1768502810.553313,32.718
1768502810.6592453,33.784
1768502810.7617376,35.441
1768502810.8642156,37.116
1768502810.966585,35.835
1768502811.071149,32.521
1768502811.1734233,31.534
1768502811.2756977,34.573
1768502811.3782709,31.929
1768502811.480586,40.936
1768502811.5829413,37.116
1768502811.685415,32.225
1768502811.787806,39.557
1768502811.8902082,42.019
1768502811.9971392,34.475
1768502812.0994911,31.929
1768502812.2018185,41.675
1768502812.3041403,34.672
1768502812.406878,37.412
1768502812.5091074,41.207
1768502812.6113954,32.62
1768502812.7137284,42.487
1768502812.8161778,34.672
1768502812.9215188,36.229
1768502813.023817,47.155
1768502813.1262207,33.686
1768502813.2285993,37.215
1768502813.330939,32.798
1768502813.43405,41.798
1768502813.5362408,36.032
1768502813.638608,32.126
1768502813.7409804,46.369
1768502813.8446326,33.686
1768502813.9469218,39.731
1768502814.0492003,37.313
1768502814.1514406,32.225
1768502814.254257,42.437
1768502814.356586,34.08
1768502814.45901,37.51
1768502814.5613608,39.632
1768502814.6637287,32.422
1768502814.765984,46.074
1768502814.8721514,33.291
1768502814.9743757,41.306
1768502815.0771763,36.328
1768502815.1794183,33.193
1768502815.2816176,46.566
1768502815.3851793,33.686
1768502815.4874194,40.125
1768502815.5896196,37.51
1768502815.6966841,32.225
1768502815.7989662,45.708
1768502815.9013042,33.39
1768502816.003672,39.36
1768502816.105933,38.277
1768502816.2084146,32.323
1768502816.3106756,45.019
1768502816.412946,33.489
1768502816.515074,40.641
1768502816.6202452,37.412
1768502816.722436,32.206
1768502816.8247948,47.38
1768502816.927071,32.995
1768502817.0293984,43.544
1768502817.1316857,34.968
1768502817.2341573,32.521
1768502817.3364375,42.757
1768502817.4386508,34.179
1768502817.5446446,39.337
1768502817.6471415,38.178
1768502817.749365,32.323
1768502817.8517737,32.995
1768502817.9552777,42.855
1768502818.0573463,35.244
1768502818.1594748,36.799
1768502818.261607,47.282
1768502818.363731,32.897
1768502818.4696362,43.249
1768502818.571923,43.176
1768502818.6742046,32.798
1768502818.7765422,43.176
1768502818.8788052,34.672
1768502818.981136,38.178
1768502819.0835466,39.754
1768502819.1858137,32.502
1768502819.2881951,43.249
1768502819.3952672,35.264
1768502819.4981904,37.292
1768502819.600435,41.33
1768502819.7026951,32.422
1768502819.8060899,43.052
1768502819.9083652,34.475
1768502820.0106606,38.572
1768502820.112876,39.065
1768502820.2196908,32.521
1768502820.3219817,43.347
1768502820.424171,34.573
1768502820.52655,37.116
1768502820.6288042,42.487
1768502820.7311628,32.62
1768502820.8334215,42.56
1768502820.9356627,34.771
1768502821.0378406,38.178
1768502821.1401103,39.186
1768502821.2454565,32.422
1768502821.347767,42.56
1768502821.4501536,33.784
1768502821.5523472,40.641
1768502821.65472,36.919
1768502821.7570686,36.229
1768502821.8593416,42.757
1768502821.9615324,32.718
1768502822.0637267,43.15
1768502822.1708138,34.08
1768502822.2731245,39.557
1768502822.3753464,37.292
1768502822.4782648,40.345
1768502822.5803084,32.422
1768502822.6825085,44.036
1768502822.7847986,33.39
1768502822.8869472,41.699
1768502822.9890654,35.145
1768502823.0942647,36.229
1768502823.196652,41.872
1768502823.2988772,32.798
1768502823.4011755,41.822
1768502823.503502,36.426
1768502823.6057599,35.067
1768502823.7081213,44.331
1768502823.8105562,32.995
1768502823.9133022,41.699
1768502824.020929,37.116
1768502824.123244,32.225
1768502824.2261639,43.078
1768502824.3284662,34.179
1768502824.4307837,38.943
1768502824.5332193,38.769
1768502824.635471,32.225
1768502824.737899,42.979
1768502824.844117,34.278
1768502824.9465134,37.686
1768502825.0488024,40.542
1768502825.1511729,32.521
1768502825.2533648,43.471
1768502825.3557227,35.244
1768502825.4581878,36.328
1768502825.5605187,44.305
1768502825.6628854,32.916
1768502825.768926,40.026
1768502825.8712564,37.116
1768502825.973493,32.206
1768502826.0757837,47.254
1768502826.178035,33.193
1768502826.2803962,39.042
1768502826.3829358,38.299
1768502826.4855816,32.323
1768502826.5878425,44.626
1768502826.6950362,33.705
1768502826.797338,37.313
1768502826.9003696,32.225
1768502827.0025203,47.52
1768502827.1048148,33.606
1768502827.2071385,37.215
1768502827.3093054,47.254
1768502827.411537,34.968
1768502827.5175376,33.587
1768502827.6199644,47.057
1768502827.7222297,33.212
1768502827.8245122,41.625
1768502827.9270337,37.335
1768502828.0295155,32.225
1768502828.1317909,43.446
1768502828.2340763,33.902
1768502828.3363442,37.609
1768502828.4388752,41.428
1768502828.5476286,33.014
1768502828.6503282,32.62
1768502828.7534435,41.724
1768502828.8560393,38.102
1768502828.9582279,32.225
1768502829.0605092,42.684
1768502829.1627703,35.856
1768502829.2691276,32.126
1768502829.3713963,43.176
1768502829.4737236,34.278
1768502829.5761278,36.722
1768502829.6783926,44.823
1768502829.7807815,33.212
1768502829.8830802,40.542
1768502829.9855797,37.116
1768502830.0879338,32.225
1768502830.1940413,42.757
1768502830.296291,34.771
1768502830.398592,37.412
1768502830.5009685,41.306
1768502830.603212,32.817
1768502830.7055125,42.093
1768502830.8079097,35.856
1768502830.910253,36.546
1768502831.0125067,43.471
1768502831.1186106,32.916
1768502831.2209194,35.757
1768502831.3235648,37.313
1768502831.4257178,40.444
1768502831.5278385,32.521
1768502831.6301079,39.065
1768502831.7322855,40.148
1768502831.834479,32.916
1768502831.936714,42.512
1768502832.0390785,35.362
1768502832.1439838,35.185
1768502832.2462094,45.511
1768502832.3485556,33.982
1768502832.4508424,38.299
1768502832.5531676,39.065
1768502832.655396,32.225
1768502832.75766,43.642
1768502832.8600416,33.883
1768502832.962294,39.482
1768502833.0645084,38.102
1768502833.1715279,32.225
1768502833.2738252,43.767
1768502833.3762379,33.784
1768502833.4785106,38.572
1768502833.5826309,38.966
1768502833.6849468,32.323
1768502833.7872255,46.271
1768502833.8894048,33.587
1768502833.995683,40.247
1768502834.0979187,37.412
1768502834.2003367,32.126
1768502834.3025823,44.501
1768502834.4048755,33.31
1768502834.5070963,39.754
1768502834.6094382,37.018
1768502834.7116847,32.404
1768502834.81408,46.636
1768502834.9200766,33.212
1768502835.0224843,41.207
1768502835.1248481,36.151
1768502835.2270718,36.053
1768502835.3293831,44.894
1768502835.4316592,33.113
1768502835.5339813,41.896
1768502835.6362062,35.362
1768502835.7385435,36.623
1768502835.8409173,43.544
1768502835.9459083,42.216
1768502836.0489852,36.053
1768502836.1511097,36.546
1768502836.2532587,46.074
1768502836.3555336,33.31
1768502836.4578385,39.754
1768502836.5601275,37.412
1768502836.6622825,34.869
1768502836.7649796,46.664
1768502836.8709087,33.014
1768502836.9733138,42.192
1768502837.0755596,35.658
1768502837.177918,36.25
1768502837.28049,44.456
1768502837.3833532,32.817
1768502837.4857004,41.601
1768502837.5879705,35.56
1768502837.6902778,36.919
1768502837.796206,42.881
1768502837.898509,32.718
1768502838.0009034,42.782
1768502838.1041744,33.784
1768502838.2064304,38.572
1768502838.3086448,42.388
1768502838.4110537,32.62
1768502838.5133886,42.881
1768502838.6158786,45.806
1768502838.7219872,33.508
1768502838.8244817,36.229
1768502838.9268138,42.782
1768502839.0293937,34.573
1768502839.1317754,36.328
1768502839.2341747,46.271
1768502839.336493,33.508
1768502839.4388447,37.39
1768502839.5412636,33.31
1768502839.6466994,32.817
1768502839.749291,32.718
1768502839.8518066,32.62
1768502839.9542122,32.62
1768502840.056703,32.601
1768502840.1590016,32.62
1768502840.2613595,33.014
1768502840.36365,33.113
1768502840.4679132,33.409
1768502840.5713034,33.508
1768502840.673525,33.508
1768502840.7757385,33.409
1768502840.8779805,33.508
1768502840.9802248,33.804
1768502841.0824547,35.185
1768502841.1847038,37.039
1768502841.286974,36.743
1768502841.3893611,34.376
1768502841.4940221,32.817
1768502841.5962818,33.705
1768502841.6986501,35.264
1768502841.8009305,36.919
1768502841.9033737,36.546
1768502842.0057003,35.362
1768502842.1080832,32.718
1768502842.2106884,31.552
1768502842.3130717,33.804
1768502842.415813,36.546
1768502842.5207489,40.641
1768502842.6253123,36.645
1768502842.727656,32.126
1768502842.83,42.216
1768502842.9323099,34.396
1768502843.034704,37.018
1768502843.1370237,45.019
1768502843.2392535,33.014
1768502843.3458946,38.89
1768502843.4482074,37.806
1768502843.5507162,32.225
1768502843.6529832,45.511
1768502843.7554145,33.508
1768502843.857849,40.444
1768502843.960338,35.461
1768502844.0627375,37.708
1768502844.1690767,41.33
1768502844.2715468,32.521
1768502844.3738997,42.585
1768502844.4763877,33.902
1768502844.578748,38.792
1768502844.6812077,37.631
1768502844.7835183,32.323
1768502844.8857577,46.888
1768502844.9882145,33.31
1768502845.0904946,43.497
1768502845.196393,36.645
1768502845.2985475,41.527
1768502845.4007587,32.817
1768502845.5029256,40.444
1768502845.6050348,35.362
1768502845.707227,36.94
1768502845.8094752,41.503
1768502845.9118812,32.817
1768502846.0141194,42.413
1768502846.1163394,35.362
1768502846.2215533,36.645
1768502846.3238082,44.948
1768502846.4261432,33.113
1768502846.5284538,40.247
1768502846.6309521,37.708
1768502846.7332516,32.243
1768502846.8357494,45.413
1768502846.938088,33.409
1768502847.0403094,40.542
1768502847.143371,37.018
1768502847.2494686,32.323
1768502847.351923,46.888
1768502847.4542599,33.409
1768502847.5566208,39.087
1768502847.659321,38.693
1768502847.7616546,32.323
1768502847.8639145,42.782
1768502847.9662154,35.067
1768502848.068578,33.587
1768502848.174006,46.003
1768502848.2763155,33.409
1768502848.378734,37.609
1768502848.4810064,41.354
1768502848.583394,33.31
1768502848.6859355,33.113
1768502848.7882488,38.003
1768502848.8906,40.444
1768502848.9929574,32.62
1768502849.0987532,43.694
1768502849.201091,36.25
1768502849.303378,32.422
1768502849.4056106,46.692
1768502849.5078812,33.212
1768502849.6101656,41.503
1768502849.7124321,35.856
1768502849.8147044,33.606
1768502849.9169397,47.184
1768502850.0191643,39.36
1768502850.1256394,38.693
1768502850.2278764,32.817
1768502850.3301013,41.503
1768502850.4324222,35.757
1768502850.5345464,34.672
1768502850.6367197,46.102
1768502850.7389405,33.409
1768502850.8412611,39.284
1768502850.9435382,38.2
1768502851.0496914,32.422
1768502851.1520166,43.446
1768502851.2542722,34.297
1768502851.3566122,38.397
1768502851.4589581,40.073
1768502851.561337,33.113
1768502851.663558,31.947
1768502851.765992,43.078
1768502851.8695147,36.349
1768502851.9745555,32.225
1768502852.0769076,42.906
1768502852.1791499,33.902
1768502852.2814867,38.321
1768502852.3837466,37.905
1768502852.4860995,32.225
1768502852.5883408,44.16
1768502852.6905608,33.705
1768502852.7928371,39.284
1768502852.8951244,38.2
1768502853.0013149,32.243
1768502853.1035147,46.2
1768502853.2056909,33.31
1768502853.3079333,38.2
1768502853.4103696,39.58
1768502853.5126123,32.422
1768502853.6149423,43.274
1768502853.7172344,33.902
1768502853.8195393,38.223
1768502853.9263515,39.186
1768502854.0285888,32.323
1768502854.1309116,45.932
1768502854.2332141,33.606
1768502854.335485,41.157
1768502854.4380069,36.447
1768502854.540328,32.225
1768502854.6426804,47.057
1768502854.745017,41.724
1768502854.85259,35.461
1768502854.9550586,37.313
1768502855.0572984,42.684
1768502855.1595623,32.817
1768502855.2618845,41.503
1768502855.3642116,35.461
1768502855.4664886,36.842
1768502855.568788,45.834
1768502855.6759026,32.916
1768502855.778381,41.551
1768502855.880581,36.053
1768502855.9828267,36.032
1768502856.0896556,43.471
1768502856.1921067,32.718
1768502856.2958055,42.29
1768502856.4007955,35.856
1768502856.503089,36.25
1768502856.6053529,45.145
1768502856.7079027,32.817
1768502856.8102162,42.29
1768502856.9127605,35.461
1768502857.0152173,36.328
1768502857.117577,46.593
1768502857.2200813,33.113
1768502857.3264513,37.686
1768502857.4288807,40.148
1768502857.5312362,32.521
1768502857.6337087,42.906
1768502857.7360399,34.672
1768502857.838536,37.686
1768502857.940959,40.763
1768502858.0432165,32.323
1768502858.149552,45.216
1768502858.251792,33.212
1768502858.3541276,41.034
1768502858.456386,35.461
1768502858.5585911,37.313
1768502858.6609442,38.792
1768502858.763294,38.595
1768502858.8654497,32.422
1768502858.9677663,33.31
1768502859.0704007,40.345
1768502859.1752083,36.447
1768502859.2774994,32.126
1768502859.3796954,47.282
1768502859.4820411,33.508
1768502859.5844507,40.542
1768502859.6867971,36.151
1768502859.7890856,35.856
1768502859.8913546,43.57
1768502859.9935386,32.817
1768502860.1006796,43.004
1768502860.2028823,35.165
1768502860.3058355,32.225
1768502860.4081037,41.921
1768502860.5102928,36.645
1768502860.6138363,32.126
1768502860.7162242,46.003
1768502860.8185446,33.113
1768502860.9250364,42.29
1768502861.027301,34.869
1768502861.1296113,37.708
1768502861.2318804,38.769
1768502861.3342276,32.422
1768502861.4364471,46.003
1768502861.5388954,33.409
1768502861.6411572,40.172
1768502861.743368,35.954
1768502861.8490775,36.82
1768502861.9512672,40.838
1768502862.0534742,32.422
1768502862.1556604,42.979
1768502862.2579055,34.692
1768502862.3601933,37.806
1768502862.4624405,40.073
1768502862.5647266,32.521
1768502862.6670516,43.471
1768502862.7693052,33.705
1768502862.8745923,41.133
1768502862.976949,35.461
1768502863.0792177,37.434
1768502863.1814635,39.754
1768502863.2836795,32.422
1768502863.3860073,45.243
1768502863.4882274,33.508
1768502863.5906403,35.856
1768502863.6932096,37.335
1768502863.7992468,40.345
1768502863.901439,32.323
1768502864.0036895,45.216
1768502864.1059327,33.014
1768502864.208229,43.767
1768502864.3105516,34.475
1768502864.4128504,39.951
1768502864.5151296,35.856
1768502864.617403,37.609
1768502864.7196736,40.27
1768502864.824772,32.323
1768502864.9274035,45.171
1768502865.0295832,32.718
1768502865.13178,42.881
1768502865.2348251,34.001
1768502865.3370595,39.186
1768502865.4392602,38.223
1768502865.5414708,32.144
1768502865.6437426,46.495
1768502865.7501304,33.113
1768502865.8523183,43.176
1768502865.9547079,34.475
1768502866.057,38.89
1768502866.1593053,37.708
1768502866.2616677,35.362
1768502866.3639417,45.511
1768502866.4662266,32.718
1768502866.5684235,43.3
1768502866.6706724,34.001
1768502866.7766402,41.207
1768502866.8789396,35.658
1768502866.9811409,37.412
1768502867.0833452,39.754
1768502867.1855545,32.422
1768502867.287853,46.172
1768502867.3900907,33.113
1768502867.4924862,43.595
1768502867.5947356,34.672
1768502867.6998818,38.518
1768502867.8022213,38.299
1768502867.9044662,36.546
1768502868.006666,42.019
1768502868.1088135,32.521
1768502868.2110069,42.979
1768502868.3134995,32.422
1768502868.4168468,42.979
1768502868.5189526,33.606
1768502868.6248026,32.422
1768502868.7270722,45.806
1768502868.829325,33.409
1768502868.9317484,42.979
1768502869.0340502,34.988
1768502869.1362584,38.769
1768502869.238559,38.299
1768502869.3407927,32.323
1768502869.4431956,47.675
1768502869.5457768,33.014
1768502869.6510482,43.57
1768502869.7579405,34.495
1768502869.8601596,39.406
1768502869.9635284,37.51
1768502870.0661125,36.151
1768502870.1683698,47.549
1768502870.274579,33.014
1768502870.37687,34.593
1768502870.4791572,33.606
1768502870.581439,32.916
1768502870.683598,35.658
1768502870.7858262,37.313
1768502870.888104,37.828
1768502870.9902463,35.067
1768502871.0926018,34.001
1768502871.196424,33.409
1768502871.2985191,32.916
1768502871.4007201,32.62
1768502871.5028732,37.215
1768502871.605067,36.447
1768502871.707316,36.151
1768502871.8095796,35.56
1768502871.911777,33.606
1768502872.0140977,32.422
1768502872.1163173,33.31
1768502872.218553,35.757
1768502872.3238914,37.313
1768502872.4261029,36.349
1768502872.5283732,33.982
1768502872.6306806,32.62
1768502872.732986,33.014
1768502872.8352654,34.297
1768502872.9386792,40.912
1768502873.0407526,38.003
1768502873.142914,32.817
1768502873.2480397,37.905
1768502873.3504043,47.085
1768502873.452715,33.113
1768502873.555098,39.482
1768502873.6573944,37.708
1768502873.7596216,32.225
1768502873.8619664,42.881
1768502873.9646435,34.001
1768502874.0673108,40.467
1768502874.169475,36.645
1768502874.2744088,36.151
1768502874.385666,45.046
1768502874.4890926,32.817
1768502874.5913706,42.585
1768502874.6971247,34.1
1768502874.799437,38.89
1768502874.9017808,38.102
1768502875.004045,32.323
1768502875.10637,46.692
1768502875.2086012,32.916
1768502875.3108826,41.33
1768502875.4130974,36.645
1768502875.5153055,36.722
1768502875.6216366,42.216
1768502875.723883,32.521
1768502875.8261611,42.979
1768502875.9284914,33.705
1768502876.0306573,41.133
1768502876.1330292,35.658
1768502876.2352178,37.729
1768502876.337481,38.89
1768502876.439706,32.323
1768502876.5420399,45.61
1768502876.6483324,33.508
1768502876.7505913,40.172
1768502876.852889,36.645
1768502876.9551394,33.508
1768502877.057388,33.014
1768502877.1602423,43.865
1768502877.2623398,34.1
1768502877.364393,40.345
1768502877.4664428,36.645
1768502877.572464,37.313
1768502877.6747587,41.822
1768502877.776954,32.521
1768502877.8796196,46.959
1768502877.981915,33.014
1768502878.084234,43.963
1768502878.1869853,34.297
1768502878.2893066,37.927
1768502878.3915415,39.58
1768502878.497114,32.323
1768502878.5993836,37.554
1768502878.7016008,40.247
1768502878.8082504,32.323
1768502878.9104354,45.44
1768502879.0127587,33.212
1768502879.1150894,40.814
1768502879.2173836,35.856
1768502879.323259,36.546
1768502879.4254527,41.995
1768502879.5277145,32.62
1768502879.6299376,43.989
1768502879.732247,34.593
1768502879.8344798,39.284
1768502879.936763,37.116
1768502880.0389936,36.349
1768502880.1412654,46.129
1768502880.2434933,33.113
1768502880.3480914,40.739
1768502880.4504306,35.658
1768502880.5526853,37.609
1768502880.6551077,40.641
1768502880.7573707,32.521
1768502880.8597214,46.861
1768502880.9621382,33.113
1768502881.064353,42.979
1768502881.1666317,34.988
1768502881.2689524,39.36
1768502881.3750076,38.693
1768502881.4772334,32.422
1768502881.5795105,42.388
1768502881.6818511,33.113
1768502881.7851715,37.236
1768502881.8874025,45.118
1768502881.9896638,33.212
1768502882.0917814,43.668
1768502882.1991975,34.495
1768502882.3014712,38.496
1768502882.4037209,37.609
1768502882.5058877,33.883
1768502882.6085756,45.976
1768502882.7107513,33.014
1768502882.812888,43.595
1768502882.915149,34.396
1768502883.0174763,39.58
1768502883.1232455,37.236
1768502883.2255325,36.666
1768502883.3279324,45.341
1768502883.4302104,32.817
1768502883.532489,42.979
1768502883.6347442,34.968
1768502883.7369964,36.053
1768502883.8392417,45.073
1768502883.94152,32.916
1768502884.0485387,43.595
1768502884.1507897,34.573
1768502884.2532184,38.102
1768502884.3554757,41.946
1768502884.4577873,32.817
1768502884.5600598,40.861
1768502884.6624193,36.919
1768502884.764785,33.113
1768502884.8670459,46.79
1768502884.9742246,33.31
1768502885.0767028,39.36
1768502885.1789472,37.927
1768502885.2814927,32.225
1768502885.3838215,43.004
1768502885.4864573,34.396
1768502885.5886514,37.806
1768502885.691138,40.763
1768502885.7976928,32.521
1768502885.8999383,45.905
1768502886.0021572,33.409
1768502886.1044571,34.771
1768502886.2072597,38.671
1768502886.3093345,40.739
1768502886.41147,32.422
1768502886.513802,44.626
1768502886.6159458,33.31
1768502886.7218292,41.109
1768502886.8241086,35.165
1768502886.9263756,38.518
1768502887.028588,39.186
1768502887.1308436,32.323
1768502887.2332568,46.397
1768502887.3354661,33.212
1768502887.4401329,39.853
1768502887.5473115,38.2
1768502887.650298,33.606
1768502887.752475,47.184
1768502887.8546548,33.31
1768502887.9568892,42.881
1768502888.059145,35.56
1768502888.16131,38.2
1768502888.263467,39.58
1768502888.365685,32.521
1768502888.4726348,43.937
1768502888.5749097,33.804
1768502888.6772804,32.521
1768502888.7795105,42.782
1768502888.8817813,33.902
1768502888.9838855,40.444
1768502889.0862117,36.842
1768502889.1884112,35.56
1768502889.29065,44.259
1768502889.397332,33.113
1768502889.499535,40.763
1768502889.6018147,36.82
1768502889.7041247,35.56
1768502889.8064725,45.762
1768502889.9087481,33.113
1768502890.0109735,41.306
1768502890.1132848,35.461
1768502890.2155232,36.623
1768502890.3220737,42.807
1768502890.4243164,32.916
1768502890.526525,34.692
1768502890.629397,38.102
1768502890.7314794,40.27
1768502890.8337333,32.521
1768502890.9359353,42.881
1768502891.038151,34.396
1768502891.140198,38.89
1768502891.2424479,37.905
1768502891.3481247,32.323
1768502891.450366,48.069
1768502891.5525634,33.212
1768502891.6551642,42.34
1768502891.7573864,35.757
1768502891.8596144,36.525
1768502891.962068,44.357
1768502892.0641775,32.916
1768502892.1664672,43.176
1768502892.2698967,34.1
1768502892.3755457,39.754
1768502892.4777737,37.138
1768502892.579983,36.546
1768502892.6821733,45.145
1768502892.7844846,32.916
1768502892.886749,43.694
1768502892.989077,34.396
1768502893.0914502,39.087
1768502893.1935997,37.828
1768502893.3004727,32.243
1768502893.4027922,43.078
1768502893.505119,37.609
1768502893.6074774,32.225
1768502893.7098737,45.637
1768502893.8122318,33.113
1768502893.9145656,37.335
1768502894.0168483,46.79
1768502894.1193364,33.113
1768502894.2242749,41.527
1768502894.3265553,35.56
1768502894.4291897,36.919
1768502894.5314314,41.354
1768502894.6337242,32.62
1768502894.7361379,42.782
1768502894.8385084,34.396
1768502894.9407766,38.397
1768502895.0432177,40.148
1768502895.1491811,32.718
1768502895.2513962,34.396
1768502895.3553119,38.003
1768502895.4574895,38.89
1768502895.5597014,32.422
1768502895.6619692,42.979
1768502895.764172,33.902
1768502895.8662274,41.921
1768502895.9684927,35.658
1768502896.0732384,38.42
1768502896.1755216,40.641
1768502896.2786012,32.521
1768502896.3810093,43.078
1768502896.4832644,34.278
1768502896.585596,38.003
1768502896.691391,39.482
1768502896.793795,32.422
1768502896.9019394,46.593
1768502897.004189,33.212
1768502897.106524,42.019
1768502897.2088785,36.053
1768502897.311073,36.842
1768502897.4133883,43.767
1768502897.5157578,33.014
1768502897.618197,40.247
1768502897.724072,37.927
1768502897.826568,32.422
1768502897.9290416,46.987
1768502898.031342,33.212
1768502898.133573,42.388
1768502898.2358232,36.743
1768502898.3382528,32.323
1768502898.4405034,43.865
1768502898.5427973,33.606
1768502898.6452012,32.144
1768502898.7501223,43.176
1768502898.8526864,34.869
1768502898.9550536,32.422
1768502899.0573583,43.078
1768502899.159734,35.165
1768502899.2621293,38.2
1768502899.3644116,39.284
1768502899.4667149,32.521
1768502899.5690458,42.487
1768502899.6759026,39.284
1768502899.779028,36.94
1768502899.8811765,36.426
1768502899.9832525,42.807
1768502900.0854254,32.817
1768502900.1875489,41.995
1768502900.2896104,35.757
1768502900.3919044,37.412
1768502900.4940512,40.96
1768502900.6003861,32.718
1768502900.7026732,43.767
1768502900.8049715,33.705
1768502900.9094431,34.692
1768502901.0117385,33.705
1768502901.1138928,33.014
1768502901.2174444,34.968
1768502901.3211977,37.905
1768502901.4235225,37.905
1768502901.5257187,38.496
1768502901.6278996,36.349
1768502901.7301126,35.165
1768502901.8322978,34.297
1768502901.934511,33.705
1768502902.0367508,33.409
1768502902.1391277,33.113
1768502902.2414603,34.692
1768502902.3445349,36.645
1768502902.446713,36.151
1768502902.548895,35.658
1768502902.651112,34.495
1768502902.7535088,34.593
1768502902.855839,36.053
1768502902.9581373,37.018
1768502903.0606601,36.25
1768502903.1629188,32.323
1768502903.2653625,33.113
1768502903.3712962,34.1
1768502903.473575,36.053
1768502903.575909,38.693
1768502903.678307,43.103
1768502903.7807307,33.212
1768502903.8830476,37.828
1768502903.985296,46.298
1768502904.087673,33.31
1768502904.1899548,38.89
1768502904.2959225,32.817
1768502904.398794,41.133
1768502904.5010283,36.25
1768502904.6032481,34.376
1768502904.705508,46.495
1768502904.807629,33.31
1768502904.9098144,41.404
1768502905.0119488,35.362
1768502905.1141925,36.842
1768502905.216403,41.625
1768502905.3231308,32.916
1768502905.4254014,42.709
1768502905.5281289,35.087
1768502905.6305778,36.842
1768502905.7339168,43.176
1768502905.8362596,33.113
1768502905.9386275,37.138
1768502906.0410817,46.424
1768502906.146085,35.56
1768502906.2484927,36.447
1768502906.3509085,44.554
1768502906.4532027,33.212
1768502906.5556138,41.822
1768502906.6580777,36.151
1768502906.7603726,35.658
1768502906.862875,47.282
1768502906.9652083,33.31
1768502907.0675006,42.315
1768502907.1722121,35.362
1768502907.2745073,37.236
1768502907.376752,40.814
1768502907.4790292,32.817
1768502907.5813117,43.989
1768502907.6836288,34.297
1768502907.7858915,39.11
1768502907.888393,39.087
1768502907.990799,32.323
1768502908.0968451,43.078
1768502908.1992073,33.705
1768502908.3014364,37.532
1768502908.4037638,41.33
1768502908.5060947,33.014
1768502908.60855,37.236
1768502908.7109108,47.254
1768502908.8131523,33.508
1768502908.9154634,38.496
1768502909.0179129,39.065
1768502909.1229904,43.201
1768502909.22598,34.08
1768502909.3281064,37.236
1768502909.4303565,39.557
1768502909.532504,32.422
1768502909.6346107,46.074
1768502909.7369268,33.705
1768502909.8389926,39.459
1768502909.9410946,36.743
1768502910.0432053,37.313
1768502910.1506393,41.428
1768502910.2527997,32.62
1768502910.3550456,46.692
1768502910.4578772,33.705
1768502910.560132,40.247
1768502910.662429,37.412
1768502910.7647734,32.323
1768502910.8671787,47.015
1768502910.9733865,33.508
1768502911.0756602,40.715
1768502911.177933,35.658
1768502911.2802498,37.215
1768502911.3824873,42.093
1768502911.4848125,33.014
1768502911.587106,42.684
1768502911.6894143,35.165
1768502911.7917442,37.729
1768502911.8940852,40.936
1768502911.999899,32.62
1768502912.1023426,43.497
1768502912.2046275,33.804
1768502912.306909,38.003
1768502912.409315,40.369
1768502912.511573,32.521
1768502912.6140158,45.61
1768502912.7164762,33.508
1768502912.8188243,40.27
1768502912.925986,36.447
1768502913.0282686,36.722
1768502913.130785,43.865
1768502913.2331634,33.014
1768502913.335767,42.487
1768502913.4382434,35.165
1768502913.5408015,36.328
1768502913.643127,41.428
1768502913.7457278,32.62
1768502913.8512022,33.508
1768502913.9541311,41.231
1768502914.056243,35.56
1768502914.1586878,37.708
1768502914.2607343,41.034
1768502914.3631423,32.718
1768502914.4654043,42.487
1768502914.5680842,34.593
1768502914.6701932,39.36
1768502914.7785773,36.94
1768502914.8807812,36.447
1768502914.9846258,39.754
1768502915.0868835,32.422
1768502915.1891644,43.544
1768502915.2913978,32.916
1768502915.393828,43.694
1768502915.4959974,34.771
1768502915.6015658,37.85
1768502915.7039676,39.383
1768502915.8063629,32.422
1768502915.9085095,47.872
1768502916.0108001,33.212
1768502916.113088,42.807
1768502916.2153082,35.165
1768502916.317667,37.236
1768502916.4199061,41.921
1768502916.522168,32.718
1768502916.6282759,40.814
1768502916.7305102,36.447
1768502916.8327756,36.645
1768502916.9351568,41.921
1768502917.0374725,32.718
1768502917.1398048,43.989
1768502917.2420788,34.297
1768502917.3442447,39.186
1768502917.4464982,37.609
1768502917.5535502,32.422
1768502917.6558444,42.487
1768502917.7583826,34.1
1768502917.860638,39.777
1768502917.9630506,37.729
1768502918.0654066,32.422
1768502918.1677706,45.413
1768502918.2700043,33.014
1768502918.3726015,34.199
1768502918.4803,37.806
1768502918.5824227,42.118
1768502918.684769,35.165
1768502918.787001,37.138
1768502918.889109,40.172
1768502918.991226,32.422
1768502919.0932913,46.861
1768502919.1953702,33.212
1768502919.2975416,41.822
1768502919.4049718,35.56
1768502919.5075476,36.919
1768502919.6105156,41.724
1768502919.712802,32.817
1768502919.8149962,42.881
1768502919.917169,34.495
1768502920.0193295,37.335
1768502920.121505,41.133
1768502920.2236917,32.817
1768502920.3309104,43.227
1768502920.4333284,36.151
1768502920.5356758,36.743
1768502920.6379802,42.118
1768502920.7402987,32.817
1768502920.8425698,43.792
1768502920.9449172,34.593
1768502921.0471241,40.542
1768502921.1493049,36.546
1768502921.2557876,36.426
1768502921.3580194,42.807
1768502921.4603474,32.62
1768502921.5625708,42.29
1768502921.6647716,33.508
1768502921.7670124,40.715
1768502921.8692176,35.264
1768502921.9713745,37.609
1768502922.0735323,39.876
1768502922.1801407,32.323
1768502922.2823365,46.987
1768502922.384524,33.113
1768502922.486685,43.078
1768502922.5889244,34.495
1768502922.6911018,39.679
1768502922.7933967,36.842
1768502922.895662,36.743
1768502922.9979284,32.422
1768502923.105058,46.102
1768502923.207248,32.817
1768502923.309528,42.487
1768502923.4117901,33.902
1768502923.5139554,40.912
1768502923.6164718,35.461
1768502923.7186503,37.609
1768502923.820808,38.2
1768502923.9230065,33.705
1768502924.030839,45.118
1768502924.1330426,33.014
1768502924.2354217,42.906
1768502924.3381946,34.297
1768502924.4403787,40.172
1768502924.542599,36.743
1768502924.6447866,36.743
1768502924.7471852,44.724
1768502924.8533807,34.199
1768502924.955723,39.974
1768502925.0579379,36.842
1768502925.1602337,37.215
1768502925.2624753,41.527
1768502925.3646178,32.521
1768502925.4668288,45.538
1768502925.5690804,33.212
1768502925.671341,42.61
1768502925.7736661,34.672
1768502925.879978,39.284
1768502925.9821565,38.397
1768502926.084339,36.546
1768502926.1865244,42.709
1768502926.2886944,32.521
1768502926.3910384,44.679
1768502926.4932473,33.606
1768502926.5955107,41.798
1768502926.697884,35.658
1768502926.8040748,38.2
1768502926.9063504,39.777
1768502927.0085456,32.422
1768502927.1108754,47.352
1768502927.2131777,33.113
1768502927.315416,43.176
1768502927.4177604,34.1
1768502927.5200467,36.842
1768502927.6235356,36.525
1768502927.7284367,43.544
1768502927.8307066,32.916
1768502927.9330654,43.963
1768502928.0353897,34.791
1768502928.1377306,38.003
1768502928.240017,42.585
1768502928.342286,33.113
1768502928.444588,41.724
1768502928.546975,45.637
1768502928.6530395,35.264
1768502928.7552605,37.335
1768502928.8576276,44.088
1768502928.960931,32.916
1768502929.0632799,43.078
1768502929.1656227,34.692
1768502929.2678516,40.27
1768502929.3700838,37.236
1768502929.4723594,33.508
1768502929.5746524,45.637
1768502929.6800838,33.606
1768502929.7825482,41.133
1768502929.8847632,36.546
1768502929.9871097,36.919
1768502930.0893602,42.881
1768502930.1916482,32.718
1768502930.2938883,43.891
1768502930.3960862,34.297
1768502930.4984348,38.08
1768502930.6047456,40.838
1768502930.707073,32.62
1768502930.809351,42.61
1768502930.9116886,34.672
1768502931.0139198,37.927
1768502931.1166995,39.284
1768502931.2191439,32.422
1768502931.3213773,45.019
1768502931.4236605,34.672
1768502931.5269332,34.672
1768502931.629332,33.902
1768502931.731588,34.1
1768502931.8337727,33.508
1768502931.9361691,33.113
1768502932.0385447,32.916
1768502932.1406982,32.916
1768502932.2430034,37.609
1768502932.346294,36.151
1768502932.4506261,32.521
1768502932.5529308,33.705
1768502932.6552424,34.672
1768502932.7575452,36.053
1768502932.860192,36.842
1768502932.9624867,32.718
1768502933.0646777,33.804
1768502933.1667995,34.593
1768502933.271412,35.856
1768502933.3736224,36.447
1768502933.4809923,37.236
1768502933.5831964,37.039
1768502933.685398,35.954
1768502933.7876499,35.778
1768502933.889889,32.422
1768502933.9921315,32.817
1768502934.0944214,31.651
1768502934.196653,41.428
1768502934.298976,37.708
1768502934.4053938,32.323
1768502934.5077631,41.428
1768502934.610033,37.039
1768502934.712347,32.126
1768502934.8145168,41.921
1768502934.9167833,34.297
1768502935.0190747,39.36
1768502935.121369,37.51
1768502935.2235868,36.645
1768502935.3257806,43.497
1768502935.4324253,32.718
1768502935.5345812,43.57
1768502935.6369786,33.508
1768502935.7391417,42.807
1768502935.8413584,35.658
1768502935.943691,37.686
1768502936.045912,39.754
1768502936.148126,32.422
1768502936.2503295,46.664
1768502936.3574228,33.113
1768502936.4596465,43.497
1768502936.561842,35.954
1768502936.6641765,38.003
1768502936.766463,40.05
1768502936.8686914,32.718
1768502936.9709678,32.62
1768502937.0732298,47.479
1768502937.175356,32.916
1768502937.277392,43.792
1768502937.3836315,33.508
1768502937.4860966,41.109
1768502937.5883303,35.461
1768502937.6904936,37.609
1768502937.7929072,38.299
1768502937.8956592,32.422
1768502937.9978333,47.577
1768502938.1003604,33.113
1768502938.207068,43.274
1768502938.3092384,35.954
1768502938.411557,38.124
1768502938.5137637,39.58
1768502938.616154,36.053
1768502938.7184656,36.94
1768502938.8206496,44.088
1768502938.922925,32.916
1768502939.025145,43.201
1768502939.1314476,35.362
1768502939.2338512,37.532
1768502939.3360882,42.833
1768502939.4382718,32.817
1768502939.5405042,43.15
1768502939.6427968,36.25
1768502939.7453485,35.067
1768502939.847741,46.271
1768502939.9500797,33.409
1768502940.0570993,39.754
1768502940.1593444,37.116
1768502940.2618132,32.422
1768502940.3641427,43.176
1768502940.4664419,34.791
1768502940.5687618,36.349
1768502940.6709578,47.184
1768502940.7732108,33.014
1768502940.8754425,43.15
1768502940.9813874,34.297
1768502941.0836601,38.2
1768502941.1859126,38.299
1768502941.2882683,34.475
1768502941.3906496,44.331
1768502941.4929774,41.699
1768502941.5957181,35.954
1768502941.6978142,36.743
1768502941.7999253,42.093
1768502941.9065785,33.212
1768502942.0089362,40.518
1768502942.1116502,36.645
1768502942.2140074,35.658
1768502942.316878,45.145
1768502942.4195304,33.212
1768502942.5225832,42.413
1768502942.625383,36.25
1768502942.7305188,36.546
1768502942.8328092,42.979
1768502942.9351532,32.916
1768502943.0375044,42.216
1768502943.139973,36.743
1768502943.242589,36.623
1768502943.3448145,42.192
1768502943.4470537,32.718
1768502943.5492897,43.595
1768502943.6550782,35.658
1768502943.7573056,36.645
1768502943.8596709,46.003
1768502943.9619102,33.113
1768502944.0641623,41.699
1768502944.1664534,34.968
1768502944.2687175,38.693
1768502944.3710396,38.671
1768502944.4732862,32.422
1768502944.5755734,43.103
1768502944.6815362,33.606
1768502944.7837913,41.65
1768502944.8860154,35.264
1768502944.9882164,38.003
1768502945.090407,40.739
1768502945.1924815,32.521
1768502945.2947946,46.102
1768502945.3970504,33.113
1768502945.4992528,42.807
1768502945.6048892,35.461
1768502945.707218,37.927
1768502945.809401,38.868
1768502945.9116096,32.521
1768502946.0138733,32.916
1768502946.1175864,43.078
1768502946.2196496,33.804
1768502946.3216596,40.936
1768502946.4236836,35.856
1768502946.530827,37.018
1768502946.6330974,41.428
1768502946.7353766,32.521
1768502946.8376672,47.31
1768502946.9397645,33.113
1768502947.0419953,43.471
1768502947.145433,34.495
1768502947.2475858,41.256
1768502947.3498461,35.757
1768502947.4548795,35.223
1768502947.5571463,42.807
1768502947.6594632,32.718
1768502947.7616746,44.626
1768502947.8638997,33.508
1768502947.9662473,41.133
1768502948.0685153,36.25
1768502948.1708117,37.806
1768502948.2730358,45.905
1768502948.375201,33.113
1768502948.4799469,41.822
1768502948.5822392,40.05
1768502948.6845145,33.409
1768502948.7867916,40.148
1768502948.8890631,37.412
1768502948.9913385,32.323
1768502949.093606,42.979
1768502949.1959047,35.954
1768502949.2982867,37.357
1768502949.400588,41.822
1768502949.5056043,32.62
1768502949.6078544,43.471
1768502949.7101815,33.902
1768502949.8124352,40.444
1768502949.9147182,36.053
1768502950.016929,37.828
1768502950.1191628,40.566
1768502950.2213993,32.62
1768502950.3236318,43.373
1768502950.4307141,35.165
1768502950.5330417,33.705
1768502950.6353238,45.538
1768502950.7376163,43.989
1768502950.8409166,34.968
1768502950.9431264,36.328
1768502951.0453672,46.2
1768502951.1477072,33.508
1768502951.249954,39.777
1768502951.3570623,37.335
1768502951.4595587,32.323
1768502951.561745,47.38
1768502951.6639829,33.113
1768502951.7670302,43.373
1768502951.8692946,34.495
1768502951.9715126,40.05
1768502952.0737705,37.905
1768502952.1759613,32.521
1768502952.2823775,43.176
1768502952.3845901,34.1
1768502952.4868464,38.966
1768502952.58911,38.792
1768502952.6913147,32.323
1768502952.7936707,45.341
1768502952.8959062,32.718
1768502952.9981432,47.184
1768502953.1004355,36.25
1768502953.20726,34.1
1768502953.3095667,47.015
1768502953.4118867,33.014
1768502953.5141299,42.487
1768502953.6164222,35.264
1768502953.7186732,38.42
1768502953.821015,37.905
1768502953.9231997,37.039
1768502954.0254781,40.96
1768502954.1308165,32.62
1768502954.233091,45.806
1768502954.3353739,33.409
1768502954.4375513,41.231
1768502954.5400486,36.151
1768502954.6422381,36.919
1768502954.7445445,42.413
1768502954.8467069,32.62
1768502954.948882,47.675
1768502955.0510519,33.212
1768502955.1563942,42.782
1768502955.2585742,34.199
1768502955.3608282,40.96
1768502955.4631596,37.138
1768502955.5658202,42.118
1768502955.6679733,32.62
1768502955.7701135,43.201
1768502955.8723536,34.771
1768502955.9744132,36.447
1768502956.0764534,43.668
1768502956.1833735,38.496
1768502956.2856238,33.409
1768502956.3878748,41.847
1768502956.491494,35.56
1768502956.5937533,37.828
1768502956.6960478,41.921
1768502956.7983272,32.718
1768502956.9005425,42.979
1768502957.0070765,34.199
1768502957.1093175,40.369
1768502957.2115214,36.546
1768502957.3137522,38.102
1768502957.4158888,39.754
1768502957.5180855,32.422
1768502957.620264,42.881
1768502957.7224905,33.606
1768502957.8246589,42.29
1768502957.926871,34.692
1768502958.0325758,39.262
1768502958.1347718,37.609
1768502958.2370365,32.422
1768502958.339274,47.352
1768502958.4414406,33.212
1768502958.5437007,38.89
1768502958.6459932,42.29
1768502958.748239,34.869
1768502958.8504713,32.027
1768502958.952643,41.404
1768502959.058251,36.546
1768502959.160398,37.434
1768502959.262564,41.551
1768502959.3647842,32.817
1768502959.4669788,43.668
1768502959.5692773,33.705
1768502959.6715486,40.467
1768502959.7738342,37.215
1768502959.876056,36.842
1768502959.9783018,43.57
1768502960.0837126,33.014
1768502960.1860003,43.694
1768502960.2882447,38.671
1768502960.390323,38.868
1768502960.4923549,32.521
1768502960.5944207,42.192
1768502960.6966636,34.1
1768502960.7987344,41.109
1768502960.9009483,36.053
1768502961.003144,38.518
1768502961.1095407,38.595
1768502961.211813,32.422
1768502961.3148026,46.003
1768502961.4170206,33.113
1768502961.5194054,42.019
1768502961.6216588,35.757
1768502961.72394,37.51
1768502961.8261688,40.739
1768502961.9285989,33.014
1768502962.0335145,32.718
1768502962.1356034,34.573
1768502962.2377226,37.018
1768502962.3399165,37.532
1768502962.4421337,36.722
1768502962.5443628,36.447
1768502962.6467178,37.138
1768502962.7491345,37.609
1768502962.8514519,37.828
1768502962.9553995,37.806
1768502963.0576236,37.806
1768502963.1599047,37.412
1768502963.2620778,36.94
1768502963.3642762,36.842
1768502963.4664798,37.335
1768502963.5687344,36.349
1768502963.6709163,36.053
1768502963.7730875,36.151
1768502963.8752413,36.25
1768502963.9773936,36.053
1768502964.0795429,36.349
1768502964.1849627,36.151
1768502964.28714,35.954
1768502964.3893294,32.521
1768502964.4917543,32.817
1768502964.5940204,31.651
1768502964.6963308,39.876
1768502964.798615,41.625
1768502964.9008334,32.817
1768502965.0030367,41.503
1768502965.1054037,35.56
1768502965.2117097,37.532
1768502965.3141196,32.62
1768502965.4172385,42.684
1768502965.5194461,34.692
1768502965.6216369,38.102
1768502965.723845,39.087
1768502965.826438,35.165
1768502965.9286473,45.61
1768502966.0307605,33.014
1768502966.1328151,43.373
1768502966.239906,33.606
1768502966.342136,43.176
1768502966.4443188,34.889
1768502966.5470865,38.42
1768502966.649249,40.05
1768502966.7514808,32.521
1768502966.8538773,46.003
1768502966.9560702,33.409
1768502967.0631936,43.694
1768502967.165342,34.771
1768502967.2675667,39.163
1768502967.3697417,37.215
1768502967.4719393,32.323
1768502967.5742078,46.987
1768502967.676438,33.31
1768502967.778707,43.274
1768502967.8811033,34.988
1768502967.9870238,38.693
1768502968.0892758,38.89
1768502968.1915295,35.165
1768502968.2937753,46.298
1768502968.3959908,33.508
1768502968.4983814,41.059
1768502968.600738,46.326
1768502968.7029545,34.179
1768502968.80523,38.572
1768502968.907458,39.186
1768502969.013733,32.422
1768502969.1159227,46.2
1768502969.2181811,33.409
1768502969.3204477,41.847
1768502969.4227185,36.25
1768502969.5249922,35.757
1768502969.6272702,46.074
1768502969.7296553,33.409
1768502969.8318508,41.503
1768502969.934159,35.185
1768502970.039215,40.345
1768502970.1428704,32.817
1768502970.245076,43.668
1768502970.3472478,34.396
1768502970.4494066,38.003
1768502970.5516682,39.777
1768502970.6539862,32.521
1768502970.7561855,46.959
1768502970.858875,33.606
1768502970.9647274,40.247
1768502971.0671682,37.631
1768502971.16941,36.82
1768502971.2726016,41.527
1768502971.3748288,32.521
1768502971.4770572,45.61
1768502971.57922,33.705
1768502971.681562,41.896
1768502971.783714,35.067
1768502971.890222,39.58
1768502971.992579,37.51
1768502972.0948482,36.645
1768502972.197093,41.551
1768502972.299271,32.62
1768502972.4014885,45.932
1768502972.503736,33.705
1768502972.6060386,39.679
1768502972.7083406,38.2
1768502972.8156588,32.323
1768502972.918046,45.637
1768502973.0203826,33.606
1768502973.1226356,41.133
1768502973.2248282,36.25
1768502973.327125,37.784
1768502973.4295096,41.404
1768502973.531971,32.817
1768502973.6342745,43.668
1768502973.7365565,34.199
1768502973.841641,38.2
1768502973.9439216,39.482
1768502974.0461993,32.521
1768502974.148737,45.243
1768502974.250991,33.212
1768502974.3532112,43.446
1768502974.455518,34.771
1768502974.5579093,37.631
1768502974.660112,40.542
1768502974.7657778,43.176
1768502974.8685963,34.001
1768502974.9706995,39.777
1768502975.0727792,36.645
1768502975.1748722,37.138
1768502975.2770317,40.936
1768502975.379337,32.718
1768502975.481696,44.036
1768502975.584205,34.573
1768502975.689511,38.003
1768502975.7932858,40.345
1768502975.8977208,32.817
1768502976.000115,42.979
1768502976.1023943,35.067
1768502976.2046883,36.645
1768502976.3071117,43.078
1768502976.4094028,33.014
1768502976.511629,43.668
1768502976.6182382,36.546
1768502976.720961,36.546
1768502976.8232493,44.233
1768502976.9255672,33.212
1768502977.0278823,40.739
1768502977.1301963,35.757
1768502977.232565,37.138
1768502977.3348045,41.33
1768502977.4370472,32.718
1768502977.543238,43.471
1768502977.64542,34.869
1768502977.7477126,37.905
1768502977.8501358,40.369
1768502977.952518,32.62
1768502978.0547142,45.315
1768502978.1570559,33.508
1768502978.2595148,39.557
1768502978.3617656,37.236
1768502978.4687455,32.323
1768502978.57097,44.626
1768502978.6731925,41.453
1768502978.7753658,32.916
1768502978.877594,40.172
1768502978.9799206,36.623
1768502979.0821552,35.736
1768502979.184403,44.383
1768502979.2866614,33.014
1768502979.3939087,33.902
1768502979.496489,39.58
1768502979.5989854,38.89
1768502979.701269,32.521
1768502979.8033776,47.085
1768502979.9056258,33.409
1768502980.0076997,43.004
1768502980.1100965,35.067
1768502980.212379,37.51
1768502980.3151975,40.96
1768502980.422792,33.014
1768502980.5250616,42.684
1768502980.627306,34.672
1768502980.7295537,39.209
1768502980.83182,39.186
1768502980.934179,32.422
1768502981.0364106,43.937
1768502981.1387038,33.902
1768502981.2409925,40.369
1768502981.346575,36.94
1768502981.4487617,36.645
1768502981.551093,45.019
1768502981.6534562,33.606
1768502981.7557,40.542
1768502981.8579326,36.94
1768502981.960112,35.835
1768502982.0627093,42.782
1768502982.1650376,33.014
1768502982.2724452,43.446
1768502982.374696,34.475
1768502982.476963,38.89
1768502982.5792549,39.853
1768502982.6815243,32.521
1768502982.783739,45.413
1768502982.886,33.409
1768502982.9882276,40.617
1768502983.0905805,35.165
1768502983.1969118,37.335
1768502983.2991216,40.467
1768502983.4013305,32.521
1768502983.5035703,46.227
1768502983.6058133,33.212
1768502983.7082086,39.754
1768502983.810541,37.335
1768502983.9129927,32.422
1768502984.0152764,47.015
1768502984.122262,40.073
1768502984.2244244,36.94
1768502984.3265817,35.067
1768502984.4289412,46.102
1768502984.5312035,33.409
1768502984.633479,40.739
1768502984.735727,36.94
1768502984.8380067,36.82
1768502984.9412832,40.936
1768502985.0479143,33.014
1768502985.150358,43.078
1768502985.252819,34.573
1768502985.3551335,38.989
1768502985.4576042,39.383
1768502985.5598304,32.422
1768502985.6621857,46.692
1768502985.7644277,33.606
1768502985.8666565,40.912
1768502985.9727623,36.349
1768502986.074985,37.412
1768502986.177308,41.231
1768502986.2796562,32.718
1768502986.381891,43.741
1768502986.484196,33.804
1768502986.586564,39.065
1768502986.6889362,40.467
1768502986.7911656,32.62
1768502986.8980246,42.979
1768502987.0002708,34.593
1768502987.1024952,38.792
1768502987.204906,40.861
1768502987.307238,32.718
1768502987.4094918,42.881
1768502987.5117798,34.297
1768502987.6142275,38.2
1768502987.716514,39.951
1768502987.8238764,32.422
1768502987.9261258,43.963
1768502988.0284178,34.475
1768502988.1308477,38.693
1768502988.233184,38.496
1768502988.3355212,32.521
1768502988.4377923,40.739
1768502988.5405796,32.323
1768502988.6465602,37.138
1768502988.7494936,42.807
1768502988.8518076,34.001
1768502988.9542098,32.225
1768502989.0565891,38.102
1768502989.1588194,42.585
1768502989.2611911,33.902
1768502989.3643053,37.708
1768502989.466545,40.936
1768502989.5727828,32.817
1768502989.6751618,42.487
1768502989.7775335,35.165
1768502989.879791,38.89
1768502989.982149,38.792
1768502990.0845113,35.461
1768502990.186818,45.341
1768502990.2891798,33.212
1768502990.3914797,42.192
1768502990.4972317,35.757
1768502990.5995116,36.743
1768502990.7018201,42.29
1768502990.8045132,32.718
1768502990.9067492,43.078
1768502991.009018,34.396
1768502991.1112623,40.247
1768502991.213583,36.25
1768502991.315875,37.116
1768502991.4218473,43.668
1768502991.5241723,32.916
1768502991.6263862,40.838
1768502991.728602,36.842
1768502991.8308437,35.658
1768502991.9331663,46.102
1768502992.0354242,33.409
1768502992.1377404,40.247
1768502992.2399998,37.039
1768502992.3421664,36.645
1768502992.447513,45.145
1768502992.5497766,33.409
1768502992.652152,32.916
1768502992.7543342,34.396
1768502992.8564065,36.82
1768502992.958498,37.905
1768502993.060661,36.743
1768502993.162851,35.757
1768502993.2658906,35.856
1768502993.3691626,34.968
1768502993.4714437,34.672
1768502993.5736375,34.396
1768502993.6758857,34.179
1768502993.7828686,33.804
1768502993.8849695,33.902
1768502993.9870985,34.199
1768502994.0892456,34.593
1768502994.1946537,34.968
1768502994.2968183,35.658
1768502994.3990386,36.645
1768502994.5012088,37.236
1768502994.6033807,35.757
1768502994.7055752,32.422
1768502994.8079293,32.916
1768502994.9101326,33.409
1768502995.0123403,34.179
1768502995.1146164,31.848
1768502995.221048,38.792
1768502995.3233194,44.626
1768502995.425509,33.606
1768502995.527722,38.496
1768502995.6300817,39.876
1768502995.7323098,32.62
1768502995.8345177,43.078
1768502995.9367826,35.461
1768502996.0390744,33.883
1768502996.145143,47.352
1768502996.2475123,33.31
1768502996.3497627,42.906
1768502996.451985,35.658
1768502996.5541615,37.434
1768502996.6564903,40.936
1768502996.758722,32.62
1768502996.8611305,43.398
1768502996.9633822,34.1
1768502997.0655527,39.557
1768502997.1716945,37.412
1768502997.27401,36.82
1768502997.3763504,42.216
1768502997.4785235,32.817
1768502997.5808222,43.694
1768502997.683009,33.705
1768502997.785684,36.151
1768502997.8887181,38.003
1768502997.993834,39.58
1768502998.0960426,32.7
1768502998.1989563,45.341
1768502998.3013105,33.409
1768502998.4035995,41.034
1768502998.5062165,37.532
1768502998.608706,35.658
1768502998.7110174,36.842
1768502998.8132846,42.019
1768502998.9190788,32.718
1768502999.021273,43.373
1768502999.123443,34.376
1768502999.225683,39.042
1768502999.3279822,39.186
1768502999.4301844,32.323
1768502999.5324821,43.544
1768502999.6347117,34.278
1768502999.737056,39.58
1768502999.8392358,37.905
1768502999.9445913,33.587
1768503000.046775,44.528
1768503000.1490812,32.817
1768503000.2513056,41.896
1768503000.3536532,35.165
1768503000.455883,37.806
1768503000.5581515,40.345
1768503000.6604223,32.521
1768503000.7626681,44.482
1768503000.86489,33.409
1768503000.9704137,43.471
1768503001.0727317,34.278
1768503001.174989,41.724
1768503001.2773328,35.658
1768503001.379504,38.299
1768503001.4816656,39.087
1768503001.583893,32.422
1768503001.6861877,45.216
1768503001.7883847,33.705
1768503001.8907247,41.109
1768503001.9969409,36.25
1768503002.0993137,37.609
1768503002.2015676,40.27
1768503002.3037734,32.521
1768503002.406169,47.057
1768503002.5083375,42.487
1768503002.6121066,35.067
1768503002.714192,39.284
1768503002.8212223,37.215
1768503002.92345,37.532
1768503003.0255792,40.936
1768503003.12865,32.521
1768503003.2312703,46.271
1768503003.3335032,33.31
1768503003.4356875,43.398
1768503003.5380266,35.461
1768503003.6403384,36.722
1768503003.7466254,45.315
1768503003.8488834,33.014
1768503003.9511373,43.694
1768503004.053453,34.573
1768503004.1557353,38.89
1768503004.25803,37.905
1768503004.3602538,32.323
1768503004.4625514,45.834
1768503004.5649822,33.508
1768503004.6714962,38.693
1768503004.7738233,39.754
1768503004.8760953,32.521
1768503004.9783027,44.751
1768503005.080595,33.409
1768503005.182925,40.641
1768503005.2852345,37.236
1768503005.3876429,32.422
1768503005.4898455,44.554
1768503005.5963547,33.705
1768503005.6985908,40.467
1768503005.8008776,36.546
1768503005.9030242,37.39
1768503006.0052981,42.979
1768503006.1076608,32.916
1768503006.2099955,43.078
1768503006.3126352,34.869
1768503006.4150236,36.94
1768503006.5220764,45.905
1768503006.6243362,33.409
1768503006.7266905,40.641
1768503006.8291318,36.842
1768503006.9314187,46.172
1768503007.0353885,33.212
1768503007.1375222,41.33
1768503007.2396498,35.461
1768503007.345766,37.51
1768503007.4520185,40.247
1768503007.5553298,32.521
1768503007.6575263,43.176
1768503007.7597983,33.804
1768503007.8621464,41.306
1768503007.9643276,35.954
1768503008.0696135,38.617
1768503008.1717756,39.383
1768503008.2741263,32.422
1768503008.3764124,42.906
1768503008.4786415,35.067
1768503008.581843,32.046
1768503008.684202,40.073
1768503008.7864935,38.42
1768503008.8892987,32.718
1768503008.9952972,44.16
1768503009.0976372,33.705
1768503009.1999812,39.974
1768503009.302326,37.313
1768503009.4045858,32.323
1768503009.5068202,47.704
1768503009.6090317,33.212
1768503009.71127,42.906
1768503009.8135498,35.56
1768503009.91948,37.138
1768503010.021731,41.527
1768503010.1240106,32.718
1768503010.2262688,43.57
1768503010.3285992,34.869
1768503010.4308505,37.806
1768503010.533155,39.383
1768503010.6354828,32.521
1768503010.7377934,42.487
1768503010.8441324,35.362
1768503010.9464672,33.705
1768503011.0487056,45.976
1768503011.1509304,33.508
1768503011.2532265,40.912
1768503011.355593,37.335
1768503011.4584305,42.093
1768503011.5607004,33.113
1768503011.6629925,42.093
1768503011.7701678,35.658
1768503011.8724546,37.412
1768503011.9746923,40.96
1768503012.0773716,32.521
1768503012.1796095,46.987
1768503012.281879,33.31
1768503012.3842065,43.176
1768503012.4864285,34.672
1768503012.5886433,39.482
1768503012.694818,39.284
1768503012.7971501,32.521
1768503012.8993356,45.046
1768503013.0015342,33.902
1768503013.1037786,40.641
1768503013.2061017,43.57
1768503013.3082938,34.396
1768503013.410503,38.496
1768503013.512783,41.133
1768503013.6152227,32.718
1768503013.7212944,40.861
1768503013.8235493,38.397
1768503013.92578,32.521
1768503014.0280528,43.471
1768503014.1302881,34.396
1768503014.2326007,38.792
1768503014.3349013,40.739
1768503014.437167,32.521
1768503014.5393217,44.285
1768503014.6463034,34.396
1768503014.7485452,38.989
1768503014.8507905,37.905
1768503014.9530802,35.362
1768503015.0552669,45.341
1768503015.1575906,33.014
1768503015.259954,43.373
1768503015.3623333,34.869
1768503015.4646149,36.919
1768503015.5711243,42.192
1768503015.6733344,32.916
1768503015.775558,43.004
1768503015.8778524,34.396
1768503015.9800844,37.609
1768503016.0828803,36.25
1768503016.1849961,43.57
1768503016.2872653,33.014
1768503016.389362,43.694
1768503016.4967978,35.264
1768503016.5990975,38.496
1768503016.7050827,40.763
1768503016.8072886,32.62
1768503016.9095943,42.29
1768503017.0118117,33.902
1768503017.1140966,39.58
1768503017.2205536,40.27
1768503017.3228164,32.62
1768503017.425117,42.192
1768503017.5274923,34.396
1768503017.6298535,39.459
1768503017.7322147,38.89
1768503017.8344364,34.278
1768503017.9366965,46.003
1768503018.038955,33.113
1768503018.145699,41.625
1768503018.247945,36.743
1768503018.3502567,32.521
1768503018.452626,45.315
1768503018.554904,34.593
1768503018.6572099,34.199
1768503018.7594585,39.777
1768503018.861728,37.313
1768503018.963973,35.264
1768503019.0694475,45.216
1768503019.1716955,33.014
1768503019.2739267,43.57
1768503019.3761744,34.771
1768503019.4783525,38.913
1768503019.5806594,38.989
1768503019.6828732,32.62
1768503019.7851477,43.373
1768503019.8874586,33.804
1768503019.9897203,42.019
1768503020.0958781,35.56
1768503020.1981106,37.806
1768503020.3005223,40.542
1768503020.4027805,45.708
1768503020.506008,33.409
1768503020.608064,41.33
1768503020.7102869,37.138
1768503020.812356,37.236
1768503020.9146028,40.739
1768503021.0227013,32.521
1768503021.1250284,46.888
1768503021.227335,33.409
1768503021.3297567,41.699
1768503021.431916,35.757
1768503021.5342846,37.927
1768503021.6365156,41.921
1768503021.7387583,32.916
1768503021.8458514,43.668
1768503021.9481363,37.806
1768503022.0504467,32.718
1768503022.1529667,41.428
1768503022.2551663,37.138
1768503022.3574429,34.376
1768503022.4597144,46.664
1768503022.5621333,33.409
1768503022.6643238,40.936
1768503022.7701685,36.546
1768503022.872414,37.609
1768503022.9747672,41.453
1768503023.076986,33.014
1768503023.1792498,32.62
1768503023.2815547,32.62
1768503023.3837268,36.743
1768503023.4858196,37.609
1768503023.5879073,37.236
1768503023.6922336,37.215
1768503023.794361,36.94
1768503023.896538,36.328
1768503023.9986672,37.708
1768503024.1009312,38.299
1768503024.203104,37.138
1768503024.3052077,35.856
1768503024.4073622,36.447
1768503024.5096488,37.138
1768503024.6119936,37.609
1768503024.7183604,37.631
1768503024.821004,35.658
1768503024.9232752,33.014
1768503025.0268755,33.409
1768503025.1290884,34.278
1768503025.231314,35.264
1768503025.337116,37.236
1768503025.4392016,37.039
1768503025.5442457,34.968
1768503025.6472774,33.212
1768503025.7494874,32.817
1768503025.8516564,38.693
1768503025.95394,44.652
1768503026.0561113,33.804
1768503026.1583562,37.729
1768503026.260621,44.062
1768503026.3628042,33.113
1768503026.4649825,41.699
1768503026.5720687,35.757
1768503026.6743999,37.708
1768503026.7765932,40.444
1768503026.878799,32.521
1768503026.9810224,43.176
1768503027.0833602,33.705
1768503027.1855743,41.822
1768503027.2878184,35.856
1768503027.3901153,37.116
1768503027.4956129,42.979
1768503027.5979323,32.916
1768503027.7001276,43.274
1768503027.8023102,34.001
1768503027.9045262,41.625
1768503028.0068069,36.349
1768503028.1089697,38.003
1768503028.2113209,40.96
1768503028.3136852,32.521
1768503028.4160821,45.019
1768503028.5229306,33.606
1768503028.625461,32.027
1768503028.7278535,41.995
1768503028.830197,35.56
1768503028.9324987,37.412
1768503029.0348067,40.345
1768503029.1372797,32.718
1768503029.239512,45.216
1768503029.3418062,33.606
1768503029.4467022,42.807
1768503029.5491562,37.039
1768503029.6528375,41.601
1768503029.755061,32.718
1768503029.8574004,43.57
1768503029.9595912,34.001
1768503030.061664,41.231
1768503030.1651785,36.645
1768503030.2711813,36.919
1768503030.3734858,43.373
1768503030.4757059,32.817
1768503030.5778947,43.373
1768503030.6801913,33.902
1768503030.782401,41.625
1768503030.8846314,35.757
1768503030.9868817,37.215
1768503031.0890734,39.383
1768503031.1913943,35.56
1768503031.2964857,42.782
1768503031.3987005,32.718
1768503031.501162,44.357
1768503031.6034422,33.902
1768503031.705985,40.739
1768503031.808257,36.546
1768503031.91083,36.645
1768503032.0130227,47.38
1768503032.1153646,34.001
1768503032.2220578,41.527
1768503032.3246841,36.447
1768503032.4271183,34.001
1768503032.5296223,47.844
1768503032.6317978,33.409
1768503032.7342613,42.019
1768503032.8365076,36.053
1768503032.9390326,36.349
1768503033.0413396,44.652
1768503033.1475923,33.212
1768503033.2499442,43.668
1768503033.3522882,34.672
1768503033.4545698,38.989
1768503033.5568948,38.102
1768503033.6591218,32.422
1768503033.7613726,44.823
1768503033.8637168,34.199
1768503033.966061,32.323
1768503034.0720787,42.585
1768503034.1743038,38.102
1768503034.2763915,39.656
1768503034.3785548,32.62
1768503034.4806592,42.782
1768503034.5829003,34.988
1768503034.6851172,37.729
1768503034.7884395,42.216
1768503034.890717,32.916
1768503034.9964223,43.176
1768503035.0986931,35.067
1768503035.2010627,38.595
1768503035.303342,39.284
1768503035.405636,32.521
1768503035.5078585,46.888
1768503035.6101542,33.705
1768503035.712506,41.33
1768503035.8147852,36.349
1768503035.9170156,36.623
1768503036.0227408,41.354
1768503036.1250265,32.62
1768503036.2271688,46.79
1768503036.3293715,33.409
1768503036.4315908,42.979
1768503036.533734,35.067
1768503036.635907,38.299
1768503036.7381067,39.186
1768503036.8402212,33.784
1768503036.9467258,46.326
1768503037.0489445,33.113
1768503037.1511877,43.103
1768503037.2533872,33.705
1768503037.355605,42.118
1768503037.4578784,35.757
1768503037.5600636,38.617
1768503037.6622987,39.754
1768503037.7644808,32.422
1768503037.866797,44.777
1768503037.9728076,33.705
1768503038.075176,41.699
1768503038.1774237,35.165
1768503038.279584,37.828
1768503038.381844,38.989
1768503038.4840958,32.422
1768503038.5863855,46.987
1768503038.6885865,38.595
1768503038.7909174,32.521
1768503038.8979595,33.113
1768503039.000086,43.497
1768503039.1023088,34.001
1768503039.2045257,41.33
1768503039.3066506,36.447
1768503039.4102376,36.349
1768503039.5124347,44.331
1768503039.6146536,33.113
1768503039.7168849,43.989
1768503039.8219173,34.771
1768503039.9243321,37.927
1768503040.0266726,40.369
1768503040.1290715,32.916
1768503040.2314014,42.585
1768503040.3339121,35.56
1768503040.4362774,34.869
1768503040.5389555,46.298
1768503040.6413207,33.804
1768503040.7480671,38.989
1768503040.8504767,38.595
1768503040.9526935,35.165
1768503041.0549943,44.088
1768503041.1571662,32.817
1768503041.2596285,43.373
1768503041.361925,34.001
1768503041.4643517,38.595
1768503041.5665894,39.383
1768503041.6739454,32.521
1768503041.7763426,44.751
1768503041.8786378,33.902
1768503041.980884,39.679
1768503042.0833468,38.223
1768503042.1857536,32.7
1768503042.2880785,46.861
1768503042.3903143,34.593
1768503042.4925282,38.913
1768503042.5981832,39.482
1768503042.700378,32.521
1768503042.8026798,46.271
1768503042.9049635,33.409
1768503043.0072105,42.56
1768503043.1094394,35.067
1768503043.211758,38.89
1768503043.3141365,38.003
1768503043.4163878,34.179
1768503043.5186048,42.29
1768503043.6241922,42.118
1768503043.7262936,35.165
1768503043.8331316,37.039
1768503043.9352143,40.05
1768503044.037963,32.718
1768503044.1402814,43.792
1768503044.2424576,33.902
1768503044.3486416,40.444
1768503044.4508524,36.546
1768503044.5531042,35.067
1768503044.655414,45.341
1768503044.7576604,33.113
1768503044.859938,44.088
1768503044.962336,34.593
1768503045.0646117,38.42
1768503045.1669185,39.482
1768503045.2692878,32.62
1768503045.3750763,45.708
1768503045.4772654,33.409
1768503045.579574,43.373
1768503045.6819344,35.067
1768503045.7842302,38.769
1768503045.8865087,39.777
1768503045.9886644,34.179
1768503046.0909903,46.467
1768503046.1937594,33.014
1768503046.3011527,43.103
1768503046.4035287,35.165
1768503046.5057573,38.124
1768503046.6081123,41.428
1768503046.7104177,32.817
1768503046.8126898,43.57
1768503046.9149094,35.264
1768503047.0171542,38.223
1768503047.1194909,40.172
1768503047.2256196,32.521
1768503047.3278446,45.315
1768503047.4301207,33.409
1768503047.5323877,41.231
1768503047.6349149,35.658
1768503047.7373314,36.94
1768503047.8395345,42.315
1768503047.941744,33.014
1768503048.0444915,45.779
1768503048.1515505,40.321
1768503048.257731,46.79
1768503048.3600752,33.212
1768503048.4624267,40.739
1768503048.5646584,42.954
1768503048.6672266,34.297
1768503048.7695944,38.716
1768503048.8761003,41.625
1768503048.9784186,32.817
1768503049.0807986,42.881
1768503049.183063,34.1
1768503049.285299,38.397
1768503049.3876157,40.247
1768503049.4898374,32.422
1768503049.5922303,46.172
1768503049.6946242,33.705
1768503049.8016503,39.928
1768503049.9039145,38.102
1768503050.0061834,32.422
1768503050.1085093,47.085
1768503050.2109866,33.606
1768503050.3133976,40.148
1768503050.4156744,36.349
1768503050.5180082,32.422
1768503050.6202304,46.959
1768503050.7265797,33.409
1768503050.8288145,41.995
1768503050.9310927,36.053
1768503051.0333545,37.292
1768503051.135669,40.96
1768503051.2380931,32.62
1768503051.3403459,43.767
1768503051.442791,34.593
1768503051.5449686,37.51
1768503051.6472502,39.679
1768503051.753188,32.916
1768503051.8556454,42.659
1768503051.9579334,34.1
1768503052.0603192,39.482
1768503052.162656,37.313
1768503052.2648773,35.757
1768503052.3671036,42.881
1768503052.4698906,32.916
1768503052.5721233,34.001
1768503052.680811,37.784
1768503052.782911,38.989
1768503052.885292,32.62
1768503052.9885194,46.2
1768503053.0907536,33.804
1768503053.192965,39.36
1768503053.2951465,37.905
1768503053.3973637,36.94
1768503053.5030828,34.889
1768503053.6055038,33.014
1768503053.7079635,33.212
1768503053.810428,33.014
1768503053.9127,32.916
1768503054.014983,36.546
1768503054.1171296,37.51
1768503054.2194586,36.722
1768503054.3215895,36.743
1768503054.4267142,36.645
1768503054.528951,37.708
1768503054.6311147,35.954
1768503054.733453,36.842
1768503054.8357058,36.645
1768503054.9381099,32.422
1768503055.0404325,33.705
1768503055.14259,35.067
1768503055.2448783,35.658
1768503055.3472657,37.236
1768503055.4532168,37.532
1768503055.555483,36.919
1768503055.6577091,36.645
1768503055.7599475,36.053
1768503055.8622513,32.422
1768503055.9645078,32.916
1768503056.0670087,33.705
1768503056.1693058,34.593
1768503056.2716713,41.133
1768503056.3739266,37.51
1768503056.4763129,32.521
1768503056.58168,38.693
1768503056.6840053,44.554
1768503056.786316,33.014
1768503056.8885653,42.512
1768503056.9912803,35.165
1768503057.093639,36.525
1768503057.1959977,41.428
1768503057.298228,32.62
1768503057.4004478,34.001
1768503057.51952,36.722
1768503057.621787,44.285
1768503057.7239122,32.916
1768503057.8293095,43.57
1768503057.931511,34.1
1768503058.0338397,41.133
1768503058.1361413,35.954
1768503058.238424,36.151
1768503058.3406813,47.282
1768503058.4429646,33.409
1768503058.545191,36.25
1768503058.6477144,42.782
1768503058.7538087,34.968
1768503058.856103,36.328
1768503058.9583607,45.341
1768503059.0606213,32.916
1768503059.1628156,43.471
1768503059.2650926,34.1
1768503059.367323,40.641
1768503059.4696422,36.151
1768503059.5718808,38.2
1768503059.6741605,38.792
1768503059.78034,36.426
1768503059.8825765,42.216
1768503059.9849393,32.521
1768503060.0873384,47.409
1768503060.1896145,33.014
1768503060.2918458,43.57
1768503060.3941557,34.297
1768503060.4963286,39.557
1768503060.598491,36.82
1768503060.7047012,36.623
1768503060.8069146,42.709
1768503060.9091516,32.817
1768503061.0117378,42.585
1768503061.1139927,33.705
1768503061.216285,42.906
1768503061.3187687,35.362
1768503061.421152,41.034
1768503061.5251873,32.916
1768503061.6296504,41.601
1768503061.7396536,35.856
1768503061.8419006,36.645
1768503061.9442294,41.231
1768503062.0465977,32.521
1768503062.1538045,46.593
1768503062.256125,33.212
1768503062.358455,43.373
1768503062.460736,34.771
1768503062.5629742,37.784
1768503062.6652114,39.262
1768503062.7674139,32.422
1768503062.86966,45.315
1768503062.971912,33.606
1768503063.0742688,41.527
1768503063.1790507,36.546
1768503063.281322,37.828
1768503063.3834639,39.656
1768503063.4857495,32.422
1768503063.587927,44.751
1768503063.69024,33.409
1768503063.79243,39.951
1768503063.8947475,36.94
1768503063.9970052,36.349
1768503064.1031892,41.995
1768503064.2054377,32.718
1768503064.3075898,45.484
1768503064.4099433,33.508
1768503064.5122325,41.428
1768503064.6145797,37.434
1768503064.716745,36.546
1768503064.818982,44.285
1768503064.9213126,33.212
1768503065.0235434,41.503
1768503065.1301863,35.264
1768503065.2323463,38.223
1768503065.3345766,40.739
1768503065.436741,32.718
1768503065.5395958,45.315
1768503065.6417968,33.804
1768503065.744011,35.658
1768503065.847508,38.102
1768503065.9495707,39.284
1768503066.0552833,33.902
1768503066.1574967,43.57
1768503066.2610204,32.718
1768503066.3631992,43.471
1768503066.4654417,33.705
1768503066.5676517,41.724
1768503066.6699169,35.56
1768503066.7721536,36.743
1768503066.87449,40.838
1768503066.9790862,32.62
1768503067.081515,46.03
1768503067.1836808,33.31
1768503067.2859848,43.176
1768503067.388616,34.869
1768503067.4908185,38.277
1768503067.593128,42.019
1768503067.6954525,32.422
1768503067.7978296,44.554
1768503067.900192,33.212
1768503068.0063484,41.699
1768503068.1086812,34.968
1768503068.2108986,39.284
1768503068.3132663,38.321
1768503068.4155583,36.349
1768503068.5178244,43.471
1768503068.6203241,35.757
1768503068.7226088,34.08
1768503068.8249433,44.528
1768503068.9309778,32.718
1768503069.033282,43.176
1768503069.1355343,34.001
1768503069.2377956,40.838
1768503069.340117,37.039
1768503069.4424136,36.842
1768503069.544662,42.388
1768503069.6470385,33.014
1768503069.7493098,42.881
1768503069.8549442,34.593
1768503069.9572978,38.003
1768503070.059675,39.383
1768503070.1622207,32.323
1768503070.2645159,44.429
1768503070.3667655,33.212
1768503070.469066,35.264
1768503070.5724573,38.814
1768503070.6747563,37.116
1768503070.7846634,32.323
1768503070.8869498,47.015
1768503070.9890933,33.014
1768503071.091424,43.274
1768503071.1935875,34.1
1768503071.2957733,40.739
1768503071.3981671,36.546
1768503071.5044606,35.264
1768503071.6066964,45.145
1768503071.7090685,32.916
1768503071.811358,43.544
1768503071.91352,34.593
1768503072.0157354,40.27
1768503072.1179342,36.842
1768503072.2202141,37.018
1768503072.3223748,42.315
1768503072.428633,32.62
1768503072.5308557,44.259
1768503072.63308,33.804
1768503072.7355123,40.641
1768503072.8377602,38.595
1768503072.939996,32.323
1768503073.042241,45.976
1768503073.1444974,32.916
1768503073.2467277,42.315
1768503073.3490398,34.968
1768503073.4553668,38.178
1768503073.557649,38.792
1768503073.6599352,32.422
1768503073.7621772,45.145
1768503073.8644614,33.409
1768503073.9668763,41.527
1768503074.0691853,35.56
1768503074.1714735,37.927
1768503074.273676,38.792
1768503074.3792324,32.521
1768503074.481514,43.891
1768503074.5837123,33.705
1768503074.6859586,41.625
1768503074.7881844,36.349
1768503074.8904982,43.004
1768503074.9938302,32.718
1768503075.096103,44.652
1768503075.1982844,33.705
1768503075.305129,42.019
1768503075.407437,37.434
1768503075.5096965,36.743
1768503075.6120722,44.626
1768503075.7143734,32.817
1768503075.8165612,43.274
1768503075.9187524,34.495
1768503076.0209584,39.853
1768503076.1231177,35.461
1768503076.2253954,37.018
1768503076.3313565,40.345
1768503076.433671,32.422
1768503076.5359304,46.495
1768503076.638105,33.212
1768503076.7403374,43.668
1768503076.8425746,34.968
1768503076.9447346,38.989
1768503077.0469177,38.003
1768503077.1491895,36.447
1768503077.251369,42.118
1768503077.356751,32.62
1768503077.458987,47.675
1768503077.561251,33.113
1768503077.6634278,43.497
1768503077.7656877,34.771
1768503077.8678486,38.868
1768503077.9702294,38.003
1768503078.072645,34.475
1768503078.1749115,46.959
1768503078.2771947,33.113
1768503078.3840508,41.503
1768503078.4862962,37.138
1768503078.5886517,32.126
1768503078.6910965,36.722
1768503078.79333,40.763
1768503078.8958306,33.212
1768503078.998156,38.08
1768503079.1004884,39.679
1768503079.202728,32.422
1768503079.3090763,45.708
1768503079.4113107,33.113
1768503079.5135348,42.093
1768503079.6157827,34.968
1768503079.7181723,38.003
1768503079.8216383,32.323
1768503079.923981,46.959
1768503080.0272577,33.31
1768503080.133424,39.482
1768503080.2356963,44.554
1768503080.338029,33.31
1768503080.4402916,42.487
1768503080.5426478,35.856
1768503080.6449597,37.609
1768503080.7473109,40.861
1768503080.8495421,32.521
1768503080.9517744,44.16
1768503081.0585973,34.297
1768503081.1608145,40.542
1768503081.263064,38.321
1768503081.3652775,36.426
1768503081.4675343,46.003
1768503081.5697615,33.508
1768503081.6718845,40.936
1768503081.7742248,36.447
1768503081.8764968,32.225
1768503081.9787986,46.593
1768503082.084042,33.508
1768503082.1864238,41.33
1768503082.2886958,35.954
1768503082.3911753,37.554
1768503082.4934182,42.487
1768503082.5957215,32.62
1768503082.6979315,45.905
1768503082.8000937,33.409
1768503082.9024034,40.838
1768503083.004608,35.757
1768503083.1113424,39.087
1768503083.21359,38.397
1768503083.315742,32.422
1768503083.417981,45.118
1768503083.520239,33.31
1768503083.6225822,42.585
1768503083.7252185,35.165
1768503083.8275013,38.025
1768503083.9297903,33.804
1768503084.035551,35.461
1768503084.1380165,36.546
1768503084.242458,37.631
1768503084.3453836,37.729
1768503084.449725,37.609
1768503084.5519474,37.434
1768503084.654143,37.828
1768503084.758728,37.313
1768503084.8609545,37.236
1768503084.9631145,37.412
1768503085.0652974,36.743
1768503085.1676517,37.412
1768503085.269799,37.116
1768503085.3721423,37.51
1768503085.4743605,37.039
1768503085.5765858,37.236
1768503085.678878,36.842
1768503085.7850275,37.236
1768503085.8871777,32.305
1768503085.9893355,35.56
1768503086.0915196,32.521
1768503086.1936684,32.62
1768503086.2959337,33.014
1768503086.3981278,33.113
1768503086.5003934,35.067
1768503086.6026435,33.804
1768503086.7049935,37.806
1768503086.8072152,45.511
1768503086.9125996,33.804
1768503087.0148442,38.989
1768503087.117135,38.989
1768503087.219404,32.225
1768503087.3220093,42.979
1768503087.4242423,33.705
1768503087.5264459,38.397
1768503087.6286607,38.102
1768503087.7308407,32.323
1768503087.833038,46.888
1768503087.9399693,34.199
1768503088.0421534,36.25
1768503088.1444602,44.259
1768503088.2466788,32.62
1768503088.3488991,43.398
1768503088.4511096,34.1
1768503088.5550916,39.406
1768503088.6574495,42.216
1768503088.7645717,34.297
1768503088.867457,41.256
1768503088.969764,36.645
1768503089.0730722,42.782
1768503089.1761603,32.718
1768503089.278587,43.078
1768503089.3809898,34.573
1768503089.4833908,38.223
1768503089.589033,39.777
1768503089.6912284,32.521
1768503089.7936294,43.544
1768503089.8958735,34.396
1768503089.9981484,40.05
1768503090.10046,39.087
1768503090.2028809,32.323
1768503090.3051834,43.373
1768503090.4074621,33.508
1768503090.5102196,39.656
1768503090.615649,39.656
1768503090.717924,32.422
1768503090.8201966,43.544
1768503090.922482,34.692
1768503091.0249143,38.42
1768503091.1271448,39.58
1768503091.2298412,32.422
1768503091.332124,45.735
1768503091.4344983,33.508
1768503091.5400543,38.595
1768503091.6422608,39.186
1768503091.744589,32.422
1768503091.8467686,46.102
1768503091.9490335,33.606
1768503092.051229,41.256
1768503092.1534503,36.25
1768503092.2556248,37.631
1768503092.3578882,40.763
1768503092.460219,32.62
1768503092.5650086,42.585
1768503092.6674783,34.396
1768503092.7697492,38.2
1768503092.87208,39.186
1768503092.9743178,32.521
1768503093.0766366,43.103
1768503093.1790903,35.461
1768503093.2813714,37.609
1768503093.3836114,41.503
1768503093.485804,32.718
1768503093.591198,42.709
1768503093.697346,37.51
1768503093.7994654,40.838
1768503093.9018288,32.62
1768503094.0042298,35.856
1768503094.1065109,42.782
1768503094.2089345,37.631
1768503094.3155994,32.62
1768503094.417967,39.383
1768503094.5204234,39.876
1768503094.6228528,33.31
1768503094.7253404,39.163
1768503094.827793,38.89
1768503094.9301488,32.62
1768503095.0324183,42.684
1768503095.1347501,34.001
1768503095.240393,39.557
1768503095.3426442,38.792
1768503095.4448566,32.323
1768503095.5472083,44.134
1768503095.649473,33.212
1768503095.751817,41.256
1768503095.8542135,36.743
1768503095.95659,33.883
1768503096.0590453,47.97
1768503096.161242,33.212
1768503096.2670226,42.684
1768503096.3692656,35.658
1768503096.4715471,38.397
1768503096.5738406,40.172
1768503096.6763616,32.422
1768503096.778713,43.471
1768503096.8811119,33.508
1768503096.9834359,38.595
1768503097.085858,37.51
1768503097.191814,36.546
1768503097.2941716,45.341
1768503097.3965206,33.212
1768503097.4987617,40.247
1768503097.601166,37.215
1768503097.7033274,37.412
1768503097.8056245,44.849
1768503097.9083881,32.718
1768503098.0107238,41.133
1768503098.1129906,34.001
1768503098.2184634,36.151
1768503098.3208485,33.212
1768503098.4242146,42.807
1768503098.5263836,36.25
1768503098.6291964,33.508
1768503098.7314215,38.89
1768503098.8337164,37.806
1768503098.936062,32.422
1768503099.0383449,44.456
1768503099.1446888,34.199
1768503099.2471635,38.299
1768503099.3494961,40.345
1768503099.4521537,32.718
1768503099.5543704,42.684
1768503099.6566353,34.968
1768503099.7588773,39.58
1768503099.8612235,38.003
1768503099.9635782,32.323
1768503100.0691888,47.745
1768503100.17141,33.212
1768503100.2737288,43.176
1768503100.3758936,34.988
1768503100.4780993,38.102
1768503100.5803058,40.739
1768503100.682563,32.718
1768503100.784999,42.782
1768503100.8873022,34.376
1768503100.989591,39.186
1768503101.094406,34.672
1768503101.1967638,35.067
1768503101.2990093,45.019
1768503101.401273,32.916
1768503101.5035899,43.497
1768503101.60593,35.658
1768503101.7081714,37.708
1768503101.810418,39.951
1768503101.9127772,32.422
1768503102.0150676,46.495
1768503102.1201475,33.31
1768503102.222557,43.57
1768503102.3247583,34.1
1768503102.42703,40.641
1768503102.529289,37.215
1768503102.631514,32.323
1768503102.734203,47.184
1768503102.8364854,33.113
1768503102.9386692,45.118
1768503103.0409517,34.672
1768503103.1467364,40.172
1768503103.2498422,32.422
1768503103.352051,46.861
1768503103.455489,32.422
1768503103.5594873,42.709
1768503103.6616395,33.902
1768503103.7637494,41.404
1768503103.8660069,35.954
1768503103.9709926,37.708
1768503104.0732,39.383
1768503104.1754382,32.916
1768503104.2776895,45.511
1768503104.379958,32.916
1768503104.4822037,43.471
1768503104.5843735,34.199
1768503104.6866143,37.412
1768503104.7888854,39.284
1768503104.8911426,32.422
1768503104.9972553,43.103
1768503105.0994897,34.791
1768503105.2018478,38.693
1768503105.3040664,39.383
1768503105.4062715,32.323
1768503105.5085826,41.33
1768503105.6108558,33.804
1768503105.7131896,39.482
1768503105.815489,37.51
1768503105.9219065,32.225
1768503106.024251,44.652
1768503106.126584,32.916
1768503106.2290483,39.383
1768503106.3314235,37.905
1768503106.4337857,32.323
1768503106.5361786,42.881
1768503106.6384904,34.001
1768503106.7408538,38.375
1768503106.8464546,38.693
1768503106.9489172,32.521
1768503107.0512269,42.709
1768503107.1535802,34.396
1768503107.2559175,38.003
1768503107.3584065,39.58
1768503107.4607158,32.62
1768503107.5635805,43.004
1768503107.6659238,34.396
1768503107.770881,40.247
1768503107.8731647,32.243
1768503107.9790888,43.078
1768503108.081322,33.804
1768503108.1834476,37.828
1768503108.2856264,44.331
1768503108.3880763,33.902
1768503108.4903052,38.496
1768503108.5969353,41.724
1768503108.6994438,35.165
1768503108.8016894,35.461
1768503108.904074,45.932
1768503109.0063078,33.409
1768503109.1087008,39.974
1768503109.210923,36.842
1768503109.3132331,32.323
1768503109.4155538,44.16
1768503109.5205958,34.199
1768503109.6229029,37.631
1768503109.7251222,39.876
1768503109.8274179,32.62
1768503109.929719,47.184
1768503110.0320625,34.199
1768503110.13454,39.58
1768503110.236807,42.019
1768503110.3392022,32.718
1768503110.4414237,42.044
1768503110.547346,35.067
1768503110.6495864,34.278
1768503110.7518387,46.102
1768503110.854166,33.409
1768503110.9564083,39.186
1768503111.058686,37.708
1768503111.1610892,32.323
1768503111.2634063,46.664
1768503111.3657415,33.31
1768503111.4680064,40.739
1768503111.574171,36.546
1768503111.6764138,32.323
1768503111.7787633,44.456
1768503111.881086,33.31
1768503111.9833837,38.025
1768503112.0857778,40.739
1768503112.188361,32.817
1768503112.290611,44.285
1768503112.3929362,34.791
1768503112.4991274,42.192
1768503112.60421,36.743
1768503112.7063715,32.323
1768503112.808931,42.782
1768503112.9111285,34.475
1768503113.0135615,37.631
1768503113.1158514,41.995
1768503113.2185185,32.916
1768503113.320738,41.551
1768503113.4273334,37.631
1768503113.529919,32.422
1768503113.6322258,43.078
1768503113.7347207,35.362
1768503113.837204,32.323
1768503113.9396012,38.989
1768503114.0420268,39.383
1768503114.144371,32.521
1768503114.2520072,42.979
1768503114.354434,35.185
1768503114.4570186,32.225
1768503114.5595155,42.782
1768503114.6618097,34.968
1768503114.7643416,32.916
1768503114.8665936,35.954
1768503114.9687843,36.743
1768503115.070961,36.053
1768503115.174132,35.362
1768503115.2764254,35.264
1768503115.3789785,36.053
1768503115.481331,35.757
1768503115.5836582,36.151
1768503115.6860385,36.25
1768503115.7883844,36.743
1768503115.8907351,37.51
1768503115.9931881,37.236
1768503116.095528,36.151
1768503116.201325,32.422
1768503116.3036156,32.521
1768503116.4060903,33.014
1768503116.508484,33.508
1768503116.6106656,34.278
1768503116.7129252,35.757
1768503116.8175585,35.56
1768503116.9198544,37.412
1768503117.0227516,32.817
1768503117.1291573,33.606
1768503117.2312458,34.692
1768503117.3334076,36.25
1768503117.4355025,38.716
1768503117.537663,42.954
1768503117.6399713,34.771
1768503117.742176,32.225
1768503117.8442972,39.951
1768503117.9466093,42.807
1768503118.0487027,33.113
1768503118.1537268,38.989
1768503118.2560983,46.003
1768503118.3583748,33.606
1768503118.4606,39.186
1768503118.562885,41.306
1768503118.6651845,37.927
1768503118.7674744,32.422
1768503118.869727,42.807
1768503118.9719121,34.672
1768503119.0741234,36.919
1768503119.1806405,41.207
1768503119.2829607,32.916
1768503119.3852184,42.585
1768503119.487562,36.743
1768503119.5898852,32.422
1768503119.6921275,43.176
1768503119.7945464,34.278
1768503119.896776,37.335
1768503119.9991252,41.428
1768503120.105578,32.817
1768503120.2079928,43.497
1768503120.3103848,34.672
1768503120.412645,37.313
1768503120.5149512,40.838
1768503120.6172578,32.817
1768503120.7195754,42.636
1768503120.8218281,34.869
1768503120.9241412,36.053
1768503121.0293586,46.762
1768503121.131645,33.804
1768503121.2339106,34.869
1768503121.336234,47.085
1768503121.4391265,33.31
1768503121.5416949,39.307
1768503121.6439266,38.2
1768503121.7475123,32.422
1768503121.8496234,33.409
1768503121.9569108,37.018
1768503122.0591311,43.3
1768503122.1614227,32.817
1768503122.2636523,43.398
1768503122.3661222,34.791
1768503122.4683795,32.422
1768503122.5706756,34.672
1768503122.6731732,41.33
1768503122.779962,37.313
1768503122.8823025,33.902
1768503122.9845233,47.015
1768503123.0867648,33.113
1768503123.1890807,42.881
1768503123.291406,34.495
1768503123.3936796,39.679
1768503123.4960244,37.236
1768503123.598434,36.842
1768503123.704692,44.357
1768503123.807029,33.014
1768503123.9093251,43.103
1768503124.0116262,36.349
1768503124.1139078,35.954
1768503124.2162,45.905
1768503124.3184743,32.916
1768503124.4208403,40.073
1768503124.52327,38.595
1768503124.6299443,32.422
1768503124.7321982,43.471
1768503124.83446,35.067
1768503124.936636,37.708
1768503125.0388756,42.315
1768503125.1411085,32.718
1768503125.243348,43.373
1768503125.3456995,34.771
1768503125.447917,37.138
1768503125.553842,43.471
1768503125.6560276,32.718
1768503125.758305,43.865
1768503125.8610148,33.982
1768503125.9632251,40.073
1768503126.0655477,37.905
1768503126.1691873,36.743
1768503126.271629,32.62
1768503126.3746457,43.3
1768503126.4801588,34.297
1768503126.5823312,38.671
1768503126.6846035,39.482
1768503126.7868764,34.08
1768503126.8896213,45.046
1768503126.991897,33.014
1768503127.0942223,43.103
1768503127.1965723,34.001
1768503127.298981,40.739
1768503127.4042609,38.693
1768503127.50656,32.422
1768503127.6089115,43.078
1768503127.711364,33.902
1768503127.8136518,31.947
1768503127.9159958,40.369
1768503128.018247,42.216
1768503128.1205683,32.521
1768503128.2229443,47.254
1768503128.3282478,34.001
1768503128.4305186,40.912
1768503128.5327187,36.053
1768503128.6349528,34.297
1768503128.7373676,38.89
1768503128.8395605,38.299
1768503128.9418437,34.179
1768503129.044025,46.397
1768503129.1463451,33.31
1768503129.248555,43.176
1768503129.3538766,34.475
1768503129.456145,38.397
1768503129.5584285,39.186
1768503129.6607223,32.323
1768503129.7630608,43.176
1768503129.8654854,33.705
1768503129.9678156,38.693
1768503130.0701964,39.482
1768503130.1724823,32.323
1768503130.2749317,44.331
1768503130.3804805,33.606
1768503130.4828231,38.2
1768503130.5852711,41.034
1768503130.687645,32.916
1768503130.790921,42.241
1768503130.8932664,35.658
1768503130.995734,45.216
1768503131.0986009,33.113
1768503131.2041016,42.044
1768503131.30637,35.658
1768503131.4086063,36.546
1768503131.5110166,44.331
1768503131.6134872,33.212
1768503131.7158487,40.467
1768503131.8183727,36.743
1768503131.9208243,32.225
1768503132.0231643,46.692
1768503132.1304345,33.705
1768503132.2327294,41.822
1768503132.3350296,36.349
1768503132.4373252,36.349
1768503132.5397003,46.621
1768503132.6420498,32.916
1768503132.7444413,43.57
1768503132.8468227,34.692
1768503132.9491272,39.557
1768503133.0546968,39.482
1768503133.1571522,32.323
1768503133.2593803,46.916
1768503133.36171,33.409
1768503133.4642615,40.247
1768503133.5665843,37.412
1768503133.66888,34.771
1768503133.7712083,46.79
1768503133.8735654,32.817
1768503133.9793704,43.176
1768503134.0815835,34.692
1768503134.1838439,39.307
1768503134.2865057,37.434
1768503134.3889806,36.623
1768503134.4912727,41.527
1768503134.5935726,32.422
1768503134.6957996,45.44
1768503134.7982297,33.409
1768503134.9051874,38.693
1768503135.0075943,38.595
1768503135.110075,32.422
1768503135.2135108,43.398
1768503135.3156893,34.573
1768503135.41829,39.974
1768503135.5213478,32.521
1768503135.6235614,44.233
1768503135.7300467,34.297
1768503135.832359,38.518
1768503135.9344661,39.163
1768503136.0366952,32.323
1768503136.138952,45.118
1768503136.241263,33.606
1768503136.3435044,40.96
1768503136.4457684,37.434
1768503136.5480871,33.705
1768503136.655038,47.479
1768503136.757303,33.212
1768503136.8595574,42.019
1768503136.961845,36.151
1768503137.064118,36.645
1768503137.166581,46.79
1768503137.2688825,33.409
1768503137.371184,40.641
1768503137.473473,37.039
1768503137.5799499,36.645
1768503137.6823144,44.357
1768503137.7845707,32.817
1768503137.886789,43.078
1768503137.989044,34.278
1768503138.0914743,36.842
1768503138.1936908,45.046
1768503138.2960482,32.916
1768503138.3982997,40.542
1768503138.5036943,36.447
1768503138.607088,32.046
1768503138.709435,42.684
1768503138.811708,35.56
1768503138.9139457,37.708
1768503139.0163686,39.186
1768503139.1186173,32.422
1768503139.2208889,47.38
1768503139.323262,33.212
1768503139.429473,40.444
1768503139.5319057,36.447
1768503139.6341732,36.25
1768503139.73785,43.176
1768503139.8402338,43.103
1768503139.9437566,34.1
1768503140.0469074,38.595
1768503140.1533835,41.306
1768503140.2557478,32.817
1768503140.3581245,41.133
1768503140.460415,36.919
1768503140.562592,32.404
1768503140.6647842,46.298
1768503140.7670786,33.113
1768503140.8692458,43.004
1768503140.971447,35.284
1768503141.0777209,36.919
1768503141.1800592,41.33
1768503141.2823992,32.521
1768503141.3850348,42.954
1768503141.4873188,33.508
1768503141.5895104,40.739
1768503141.6917775,36.743
1768503141.7940164,36.743
1768503141.89625,42.487
1768503142.002184,32.718
1768503142.1044211,31.83
1768503142.206607,40.42
1768503142.3090336,38.693
1768503142.4114304,32.225
1768503142.5137608,45.118
1768503142.616461,33.508
1768503142.7186089,39.262
1768503142.8208995,38.496
1768503142.9270546,33.883
1768503143.0293586,46.888
1768503143.1317775,33.113
1768503143.2342486,39.777
1768503143.336621,38.595
1768503143.438927,32.323
1768503143.5417044,42.881
1768503143.6441898,34.495
1768503143.746476,36.229
1768503143.8524406,46.719
1768503143.96419,36.898
1768503144.0663998,44.16
1768503144.1686237,33.212
1768503144.2709496,41.428
1768503144.3765419,36.743
1768503144.4790008,35.461
1768503144.5812347,47.015
1768503144.6835513,33.31
1768503144.78596,39.482
1768503144.888272,37.412
1768503144.9905055,32.323
1768503145.0927873,42.979
1768503145.195091,35.264
1768503145.2999408,37.335
1768503145.4021916,41.133
1768503145.5044436,32.62
1768503145.606688,43.201
1768503145.7088916,35.284
1768503145.8112984,34.199
1768503145.9134252,33.902
1768503146.0155444,33.212
1768503146.1176865,33.31
1768503146.2199564,33.014
1768503146.3226137,32.817
1768503146.4249275,32.817
1768503146.5271537,32.916
1768503146.6293232,33.212
1768503146.73159,33.31
1768503146.833788,33.606
1768503146.9360363,33.804
1768503147.0383108,34.297
1768503147.140611,35.757
1768503147.2428882,36.645
1768503147.345029,37.236
1768503147.447236,37.335
1768503147.5522022,35.362
1768503147.6543832,32.422
1768503147.7566519,32.718
1768503147.8588731,32.916
1768503147.9610724,33.014
1768503148.063245,33.31
1768503148.165414,33.705
1768503148.267728,34.1
1768503148.3699808,35.757
1768503148.4722211,34.791
1768503148.5751448,31.947
1768503148.6799016,31.749
1768503148.7900407,38.102
1768503148.8920918,32.323
1768503148.994754,39.974
1768503149.0967953,37.609
1768503149.1988432,32.225
1768503149.3047824,46.987
1768503149.407137,32.916
1768503149.5093637,40.96
1768503149.6117165,37.313
1768503149.713872,32.126
1768503149.8160994,46.692
1768503149.9183424,33.014
1768503150.020528,40.838
1768503150.1227713,36.349
1768503150.2253091,36.645
1768503150.3326142,43.373
1768503150.4348893,32.718
1768503150.537279,43.471
1768503150.6395438,35.165
1768503150.7418704,37.708
1768503150.8440778,39.974
1768503150.9463387,32.225
1768503151.0486305,42.364
1768503151.1510837,33.508
1768503151.256908,41.231
1768503151.3592882,36.743
1768503151.4616048,36.743
1768503151.5639231,44.134
1768503151.6661959,32.916
1768503151.7683887,43.176
1768503151.8707442,34.297
1768503151.9728928,39.459
1768503152.0752144,37.039
1768503152.1774862,36.722
1768503152.282304,42.709
1768503152.384479,32.521
1768503152.4867208,42.684
1768503152.588964,33.705
1768503152.691217,39.482
1768503152.7940705,36.743
1768503152.8963392,37.412
1768503152.9984658,40.345
1768503153.1006188,32.422
1768503153.2060416,43.642
1768503153.3089352,33.606
1768503153.4112206,41.428
1768503153.5144842,36.447
1768503153.6182058,44.823
1768503153.7203581,32.916
1768503153.822423,41.625
1768503153.9247224,38.693
1768503154.0270505,33.014
1768503154.132722,37.313
1768503154.2350104,44.186
1768503154.3372514,33.014
1768503154.43954,39.459
1768503154.541892,38.223
1768503154.644119,32.225
1768503154.7464037,45.834
1768503154.8486476,33.113
1768503154.9509733,42.684
1768503155.0531714,34.593
1768503155.1579664,39.087
1768503155.2601805,36.842
1768503155.362461,37.434
1768503155.4647992,40.444
1768503155.5670402,32.422
1768503155.6693025,47.577
1768503155.7716143,33.113
1768503155.8737736,43.373
1768503155.976058,34.376
1768503156.078248,38.595
1768503156.1828256,37.412
1768503156.2851377,36.743
1768503156.3873744,42.487
1768503156.489625,32.521
1768503156.5919085,42.61
1768503156.694144,33.902
1768503156.7962947,39.974
1768503156.898569,36.447
1768503157.00078,36.645
1768503157.1030881,44.062
1768503157.2087097,32.718
1768503157.3111172,42.192
1768503157.4133766,33.804
1768503157.5155985,39.777
1768503157.61788,37.138
1768503157.7202013,32.225
1768503157.8225753,45.932
1768503157.9248297,32.916
1768503158.0270305,42.979
1768503158.1293533,34.001
1768503158.2368836,41.33
1768503158.3392313,38.2
1768503158.4415448,47.479
1768503158.5445158,35.954
1768503158.6467566,32.521
1768503158.7489257,42.684
1768503158.851044,33.902
1768503158.9531941,40.838
1768503159.0553808,37.313
1768503159.1610136,32.225
1768503159.2632282,47.479
1768503159.365413,33.014
1768503159.4676266,43.767
1768503159.5698423,34.1
1768503159.672131,39.702
1768503159.7745018,37.018
1768503159.8767915,36.25
1768503159.9790008,41.527
1768503160.0811615,32.521
1768503160.1881702,42.782
1768503160.2903922,33.705
1768503160.3926113,40.247
1768503160.4947646,36.349
1768503160.5969846,37.335
1768503160.69915,40.838
1768503160.8016999,32.323
1768503160.9038758,46.818
1768503161.0060716,33.113
1768503161.1129336,42.782
1768503161.2151227,34.1
1768503161.317277,40.838
1768503161.419443,35.56
1768503161.5216823,38.595
1768503161.6239917,39.186
1768503161.7263799,32.422
1768503161.828563,42.782
1768503161.9307878,33.705
1768503162.0366485,37.806
1768503162.1388288,39.58
1768503162.2416155,32.323
1768503162.343948,46.2
1768503162.4461844,33.014
1768503162.5484238,43.201
1768503162.6506236,35.067
1768503162.752857,37.784
1768503162.8559306,39.58
1768503162.9618506,32.422
1768503163.06423,47.352
1768503163.1665177,42.118
1768503163.2689383,35.165
1768503163.3710582,38.299
1768503163.4731286,38.671
1768503163.5752175,32.323
1768503163.6773043,47.057
1768503163.7793663,33.113
1768503163.8815079,43.963
1768503163.9873188,34.001
1768503164.08964,40.838
1768503164.191772,36.743
1768503164.2940116,36.94
1768503164.3963664,43.103
1768503164.4985735,32.62
1768503164.6008053,42.881
1768503164.7030866,34.495
1768503164.8052845,38.792
1768503164.907459,38.102
1768503165.0127878,35.362
1768503165.1149824,47.155
1768503165.2172813,32.916
1768503165.319748,43.471
1768503165.4220035,35.067
1768503165.5242593,37.532
1768503165.6265001,42.118
1768503165.728771,32.521
1768503165.8310483,43.078
1768503165.933334,33.606
1768503166.0385072,40.542
1768503166.1407778,36.94
1768503166.2432387,36.623
1768503166.3454933,44.383
1768503166.447773,32.817
1768503166.550245,41.995
1768503166.6524875,34.968
1768503166.7547889,37.587
1768503166.8570774,38.989
1768503166.9635813,32.323
1768503167.0658715,45.046
1768503167.1681745,33.113
1768503167.2703893,40.148
1768503167.3726518,37.434
1768503167.4789014,36.546
1768503167.5811603,42.979
1768503167.684626,32.62
1768503167.7905183,33.902
1768503167.8929708,40.247
1768503167.9951708,36.151
1768503168.097333,37.215
1768503168.1994274,39.679
1768503168.301753,33.902
1768503168.403893,40.172
1768503168.5061924,36.328
1768503168.60836,34.495
1768503168.7133794,38.397
1768503168.8158085,39.656
1768503168.918366,32.422
1768503169.0207012,46.298
1768503169.1231937,33.606
1768503169.2254045,41.921
1768503169.3279426,35.856
1768503169.4301553,37.489
1768503169.532718,38.693
1768503169.6384904,32.323
1768503169.7409987,45.216
1768503169.8433285,33.409
1768503169.9459126,41.034
1768503170.0482247,35.658
1768503170.1507962,36.623
1768503170.2530763,41.724
1768503170.355658,32.422
1768503170.458045,44.357
1768503170.56407,33.409
1768503170.6662366,40.566
1768503170.7685053,37.138
1768503170.8708389,36.349
1768503170.9730992,45.61
1768503171.0752873,32.916
1768503171.1774554,43.078
1768503171.2797194,34.297
1768503171.381873,40.936
1768503171.4897044,36.349
1768503171.592171,36.919
1768503171.6949387,42.782
1768503171.7971644,32.817
1768503171.8992724,43.103
1768503172.0026357,33.902
1768503172.1049888,41.896
1768503172.2071533,35.954
1768503172.3127787,38.299
1768503172.4158056,32.225
1768503172.5178845,45.932
1768503172.6200173,33.113
1768503172.722088,42.118
1768503172.824256,35.067
1768503172.9263983,38.693
1768503173.0285232,37.806
1768503173.130628,32.323
1768503173.2327485,43.937
1768503173.3391716,32.916
1768503173.4413977,40.542
1768503173.5435963,40.739
1768503173.6458127,32.916
1768503173.7481084,41.306
1768503173.850397,35.383
1768503173.9527352,37.708
1768503174.0550876,39.557
1768503174.157348,32.521
1768503174.2644768,45.708
1768503174.3666754,33.409
1768503174.4689367,41.995
1768503174.5711966,35.461
1768503174.673571,37.806
1768503174.7757807,39.974
1768503174.878252,32.521
1768503174.9805381,36.447
1768503175.082798,44.652
1768503175.188604,34.1
1768503175.2909927,32.027
1768503175.3933086,43.497
1768503175.49559,36.645
1768503175.5979812,32.323
1768503175.7001793,42.61
1768503175.8023481,33.705
1768503175.905017,39.876
1768503176.0072684,36.842
1768503176.109551,33.902
1768503176.215108,34.1
1768503176.3175354,32.718
1768503176.4198167,34.376
1768503176.5221837,35.461
1768503176.6256745,36.349
1768503176.7279017,37.236
1768503176.8302631,37.828
1768503176.9324532,37.631
1768503177.0356956,35.264
1768503177.1390154,35.461
1768503177.2411525,35.264
1768503177.3433518,34.692
1768503177.445493,34.495
1768503177.547701,34.08
1768503177.6498952,33.804
1768503177.752058,33.508
1768503177.854209,33.212
1768503177.9563286,33.409
1768503178.060992,33.508
1768503178.1632721,34.001
1768503178.2654817,34.672
1768503178.36767,35.56
1768503178.4698446,36.842
1768503178.5720682,33.212
1768503178.6743395,36.842
1768503178.7765634,37.039
1768503178.8790298,37.313
1768503178.9812548,32.323
1768503179.0884538,39.482
1768503179.1907487,40.664
1768503179.2930818,32.916
1768503179.3953087,40.838
1768503179.497507,35.954
1768503179.5997977,36.151
1768503179.7020602,45.341
1768503179.804725,32.718
1768503179.9069808,42.979
1768503180.0128212,35.264
1768503180.1152656,34.791
1768503180.2176945,44.528
1768503180.3199499,33.804
1768503180.4222283,37.905
1768503180.5245,39.58
1768503180.6269066,32.323
1768503180.7292,44.259
1768503180.8315625,33.31
1768503180.9343956,40.247
1768503181.040236,36.151
1768503181.1466749,32.305
1768503181.2490492,46.692
1768503181.3525922,33.113
1768503181.4548373,43.497
1768503181.5572083,34.771
1768503181.6631856,41.33
1768503181.7662866,32.62
1768503181.8683784,44.062
1768503181.9706967,33.606
1768503182.0727713,40.05
1768503182.1748798,36.25
1768503182.277007,36.546
1768503182.3793526,44.088
1768503182.48151,33.014
1768503182.583636,41.699
1768503182.6869497,35.757
1768503182.7892125,38.321
1768503182.8915684,39.186
1768503182.9938078,32.323
1768503183.0960438,44.062
1768503183.1982992,33.606
1768503183.300499,39.951
1768503183.402794,36.94
1768503183.5051525,32.126
1768503183.6075995,45.779
1768503183.7099607,33.508
1768503183.8162417,39.974
1768503183.9183972,37.313
1768503184.0206804,36.25
1768503184.1229398,44.233
1768503184.2253258,33.014
1768503184.327613,40.641
1768503184.4298499,36.645
1768503184.532091,33.606
1768503184.6343627,45.019
1768503184.7403314,33.113
1768503184.8425639,41.724
1768503184.9447463,35.362
1768503185.0470116,37.631
1768503185.1492748,39.777
1768503185.2516215,32.323
1768503185.353856,43.176
1768503185.4560955,33.804
1768503185.55832,37.313
1768503185.6611052,38.496
1768503185.767829,32.323
1768503185.8711624,45.976
1768503185.9733334,33.113
1768503186.0756383,40.936
1768503186.177846,34.791
1768503186.2800927,37.708
1768503186.3824258,39.853
1768503186.4848022,32.521
1768503186.5913882,33.606
1768503186.6945462,39.482
1768503186.7966456,37.138
1768503186.898871,32.126
1768503187.0010622,43.176
1768503187.1032767,35.56
1768503187.2054293,36.349
1768503187.3075554,41.625
1768503187.4098406,32.718
1768503187.5152655,42.388
1768503187.6174586,34.692
1768503187.7197664,38.496
1768503187.8222783,39.974
1768503187.9245074,32.422
1768503188.0267177,46.467
1768503188.1290255,33.212
1768503188.2313054,37.51
1768503188.3336399,37.806
1768503188.4359324,32.323
1768503188.5422788,40.641
1768503188.6445677,42.315
1768503188.7468379,32.916
1768503188.8491416,43.078
1768503188.9513335,34.771
1768503189.0535839,36.053
1768503189.1558473,46.987
1768503189.2582355,33.113
1768503189.3605587,39.974
1768503189.465488,37.412
1768503189.5677989,32.126
1768503189.6705337,45.315
1768503189.7728293,33.31
1768503189.8751001,42.315
1768503189.9773598,35.067
1768503190.0795143,39.262
1768503190.1817973,37.412
1768503190.2839785,32.225
1768503190.386238,45.932
1768503190.4923792,32.718
1768503190.594752,43.274
1768503190.6972096,34.376
1768503190.799469,38.989
1768503190.902791,36.842
1768503191.0051093,35.067
1768503191.1076798,42.881
1768503191.2100961,43.176
1768503191.3184855,34.297
1768503191.4209015,38.299
1768503191.523196,38.693
1768503191.6255429,32.323
1768503191.7277648,45.735
1768503191.830036,33.31
1768503191.9323943,41.724
1768503192.034797,36.349
1768503192.1370146,35.362
1768503192.2437909,45.834
1768503192.3460088,33.212
1768503192.4482946,41.822
1768503192.550562,36.25
1768503192.6528354,34.179
1768503192.7552016,46.129
1768503192.8574424,32.718
1768503192.9596684,43.57
1768503193.0619268,34.1
1768503193.1685033,39.065
1768503193.2709014,37.018
1768503193.3731472,37.039
1768503193.4753118,41.133
1768503193.5774841,32.521
1768503193.679657,43.373
1768503193.7818444,33.804
1768503193.8840463,40.345
1768503193.986316,35.856
1768503194.0934694,37.532
1768503194.1957238,41.33
1768503194.2980263,32.521
1768503194.4002795,45.905
1768503194.5025003,33.113
1768503194.6046672,43.668
1768503194.7069697,34.396
1768503194.8091636,40.444
1768503194.9114482,35.757
1768503195.0171087,37.609
1768503195.1193123,38.595
1768503195.2216406,32.144
1768503195.3243778,46.495
1768503195.4265618,32.916
1768503195.5287378,42.487
1768503195.631048,39.186
1768503195.7332735,32.62
1768503195.8355653,33.606
1768503195.9381256,41.822
1768503196.0446696,35.461
1768503196.1470177,37.335
1768503196.2492924,39.754
1768503196.3515768,32.323
1768503196.453907,45.806
1768503196.5560873,33.212
1768503196.6583989,40.345
1768503196.7606947,36.645
1768503196.8629937,37.116
1768503196.9705842,41.133
1768503197.0728757,32.323
1768503197.175089,46.692
1768503197.2772973,33.014
1768503197.3796039,43.767
1768503197.481801,34.001
1768503197.584079,40.172
1768503197.6862488,37.039
1768503197.7885394,36.447
1768503197.8945794,43.497
1768503197.9968283,32.62
1768503198.099021,44.233
1768503198.2029157,33.212
1768503198.3051927,40.172
1768503198.4074814,36.447
1768503198.509896,37.116
1768503198.612209,37.532
1768503198.7187233,39.876
1768503198.821042,32.323
1768503198.923402,37.138
1768503199.0256839,44.948
1768503199.127897,34.771
1768503199.230138,37.335
1768503199.3327765,41.231
1768503199.4381714,32.422
1768503199.5432448,42.585
1768503199.645493,34.672
1768503199.7478716,38.223
1768503199.8515558,38.496
1768503199.9537172,32.323
1768503200.0559223,45.708
1768503200.1581242,43.078
1768503200.2614117,35.856
1768503200.3635085,36.546
1768503200.468167,43.865
1768503200.5703697,32.817
1768503200.672713,43.227
1768503200.775119,34.889
1768503200.8773794,37.883
1768503200.9795835,38.693
1768503201.0818994,35.757
1768503201.1842482,44.134
1768503201.2864838,32.916
1768503201.3886814,42.881
1768503201.4949894,35.165
1768503201.5973291,38.003
1768503201.6995583,39.262
1768503201.801738,32.225
1768503201.9040906,47.38
1768503202.0063186,33.508
1768503202.108579,42.019
1768503202.2107222,36.743
1768503202.3129592,37.215
1768503202.415169,40.542
1768503202.5200665,32.422
1768503202.6222916,44.331
1768503202.724618,33.902
1768503202.8269086,39.876
1768503202.9291673,36.447
1768503203.0315356,37.806
1768503203.1336758,40.641
1768503203.2359219,32.323
1768503203.3381405,44.921
1768503203.4403467,33.31
1768503203.5472562,39.951
1768503203.6495495,36.743
1768503203.7518308,36.349
1768503203.8541648,46.369
1768503203.9564378,35.067
1768503204.0587342,32.323
1768503204.1611552,42.61
1768503204.2673671,33.902
1768503204.37164,38.474
1768503204.4739113,41.428
1768503204.5776248,32.422
1768503204.679808,43.963
1768503204.7822115,33.804
1768503204.8845046,36.525
1768503204.987183,37.631
1768503205.0892143,39.383
1768503205.1913161,32.422
1768503205.2960954,47.085
1768503205.3982866,33.31
1768503205.5005805,41.231
1768503205.6028843,35.362
1768503205.7052155,38.102
1768503205.8076015,38.595
1768503205.909738,32.225
1768503206.0119996,46.959
1768503206.1143408,33.31
1768503206.2165992,41.231
1768503206.3221197,36.722
1768503206.42441,36.349
1768503206.5266623,42.881
1768503206.6290035,35.58
1768503206.7315319,33.902
1768503206.8337893,33.212
1768503206.9359326,32.817
1768503207.038157,34.968
1768503207.1404383,36.645
1768503207.2449448,35.56
1768503207.3471584,36.349
1768503207.4494824,34.672
1768503207.5516822,32.422
1768503207.653788,33.606
1768503207.75595,32.521
1768503207.858043,34.08
1768503207.9601717,35.362
1768503208.0623238,35.856
1768503208.1645818,35.856
1768503208.2695673,32.126
1768503208.3718758,32.718
1768503208.4745684,32.718
1768503208.5768394,33.31
1768503208.679123,33.784
1768503208.7814963,32.422
1768503208.8880165,32.62
1768503208.9958215,33.31
1768503209.0980976,34.278
1768503209.2003198,34.968
1768503209.3025143,37.335
1768503209.404797,32.126
1768503209.5071838,41.256
1768503209.6092572,36.349
1768503209.7113988,32.225
1768503209.813512,42.61
1768503209.9205575,34.771
1768503210.022779,37.434
1768503210.1249878,42.61
1768503210.2273147,33.014
1768503210.3296664,41.822
1768503210.4319627,35.461
1768503210.5343192,37.708
1768503210.636588,40.05
1768503210.7388794,32.62
1768503210.8456576,42.585
1768503210.947953,34.495
1768503211.050146,38.989
1768503211.1523848,38.2
1768503211.2546132,32.225
1768503211.3569338,46.566
1768503211.459226,33.31
1768503211.5616453,41.231
1768503211.6640618,36.842
1768503211.770162,32.126
1768503211.8725848,44.528
1768503211.9748886,33.705
1768503212.0770893,41.034
1768503212.179419,35.56
1768503212.28179,37.335
1768503212.38423,40.172
1768503212.4865034,32.422
1768503212.5889108,46.495
1768503212.6962042,32.916
1768503212.7985373,43.668
1768503212.9007275,34.1
1768503213.0029764,40.861
1768503213.10529,35.56
1768503213.207543,37.806
1768503213.310336,39.459
1768503213.4125903,32.422
1768503213.5191135,45.681
1768503213.6213264,33.31
1768503213.7237437,40.444
1768503213.8260229,37.018
1768503213.9283803,45.61
1768503214.0315278,33.212
1768503214.1336234,41.133
1768503214.235734,37.039
1768503214.3378987,32.225
1768503214.4434345,44.331
1768503214.5457525,33.606
1768503214.648207,40.664
1768503214.750532,37.138
1768503214.8528798,33.686
1768503214.9551492,47.015
1768503215.0575857,33.409
1768503215.1599107,37.927
1768503215.2625234,42.192
1768503215.3681087,32.817
1768503215.4703627,43.446
1768503215.572595,35.067
1768503215.6748416,38.223
1768503215.7771244,40.763
1768503215.8793771,32.521
1768503215.9816532,42.56
1768503216.0839088,33.606
1768503216.1862137,42.315
1768503216.2926588,36.447
1768503216.394888,37.215
1768503216.497275,42.216
1768503216.5994954,32.521
1768503216.7017426,42.906
1768503216.8040018,33.705
1768503216.9062448,41.33
1768503217.0085173,35.856
1768503217.1107812,37.51
1768503217.2130647,40.444
1768503217.318398,32.422
1768503217.4207432,43.839
1768503217.5230794,33.508
1768503217.6253145,42.29
1768503217.7274911,35.362
1768503217.8302886,38.716
1768503217.9324453,37.905
1768503218.0346572,36.645
1768503218.136835,42.093
1768503218.243407,32.62
1768503218.3456376,43.963
1768503218.4478421,34.001
1768503218.5504177,42.684
1768503218.653714,34.297
1768503218.7557511,39.679
1768503218.8579304,37.532
1768503218.9599824,36.349
1768503219.0621421,42.709
1768503219.1685984,32.62
1768503219.2708228,42.118
1768503219.3730853,34.1
1768503219.4752383,40.247
1768503219.5775483,36.645
1768503219.6797428,36.151
1768503219.7819967,42.782
1768503219.884213,32.62
1768503219.9865475,41.921
1768503220.0889022,37.905
1768503220.1939013,32.342
1768503220.296196,43.3
1768503220.3983817,34.199
1768503220.500602,40.073
1768503220.6029093,36.743
1768503220.705091,36.743
1768503220.807356,42.019
1768503220.9096308,32.521
1768503221.0118692,45.905
1768503221.1141622,33.31
1768503221.2200866,43.398
1768503221.3222928,34.495
1768503221.4244874,39.087
1768503221.5268934,37.236
1768503221.6291225,36.25
1768503221.7313251,44.036
1768503221.8335593,33.014
1768503221.9358988,41.109
1768503222.0382957,35.362
1768503222.1462247,36.842
1768503222.2485282,43.373
1768503222.3542354,32.916
1768503222.4576132,42.684
1768503222.55998,34.672
1768503222.6622717,38.496
1768503222.769854,38.792
1768503222.8720818,32.422
1768503222.9744973,33.113
1768503223.0772684,41.306
1768503223.1793714,34.968
1768503223.2814553,38.102
1768503223.3836758,39.656
1768503223.485714,32.422
1768503223.5877583,46.692
1768503223.6935441,33.31
1768503223.7959974,41.207
1768503223.89819,35.362
1768503224.0004783,38.102
1768503224.1029067,38.321
1768503224.2052083,32.323
1768503224.3074691,45.779
1768503224.4097526,33.212
1768503224.5120182,43.668
1768503224.6192462,35.067
1768503224.7215798,36.919
1768503224.823772,40.27
1768503224.9259658,32.521
1768503225.0281842,45.61
1768503225.1304743,33.212
1768503225.232671,43.668
1768503225.3349118,34.297
1768503225.437211,39.876
1768503225.542828,36.82
1768503225.6451113,36.546
1768503225.7473662,42.61
1768503225.8496797,32.521
1768503225.9518766,47.577
1768503226.054159,33.113
1768503226.1563873,43.767
1768503226.2586298,34.297
1768503226.3608747,40.05
1768503226.4631264,37.806
1768503226.570234,32.225
1768503226.6725738,44.331
1768503226.7753062,33.705
1768503226.8775325,39.163
1768503226.9797945,37.806
1768503227.0820642,34.179
1768503227.184332,46.2
1768503227.2866027,33.014
1768503227.3888936,41.231
1768503227.4946725,36.25
1768503227.5971386,45.413
1768503227.7006764,32.916
1768503227.8027697,43.004
1768503227.9050791,34.495
1768503228.0072267,38.966
1768503228.109402,38.2
1768503228.2119317,32.243
1768503228.31803,42.684
1768503228.4202776,34.376
1768503228.5224712,33.033
1768503228.624825,42.019
1768503228.727083,35.954
1768503228.8293579,36.919
1768503228.9315708,42.019
1768503229.033807,32.521
1768503229.1362083,45.905
1768503229.2384677,33.212
1768503229.343565,41.503
1768503229.4458785,36.151
1768503229.54819,35.461
1768503229.6505215,44.626
1768503229.7527208,33.113
1768503229.8549714,43.642
1768503229.9572072,33.902
1768503230.0595908,40.345
1768503230.1617594,36.131
1768503230.2691083,36.546
1768503230.371328,41.822
1768503230.473578,32.521
1768503230.5758405,42.807
1768503230.6780937,33.804
1768503230.7802868,39.679
1768503230.8825917,36.743
1768503230.9853346,36.447
1768503231.0877652,47.184
1768503231.200444,33.113
1768503231.3025951,43.176
1768503231.4060292,34.593
1768503231.5083745,38.496
1768503231.6106822,38.003
1768503231.7162755,32.62
1768503231.818526,33.113
1768503231.921964,43.668
1768503232.0242512,34.593
1768503232.1264405,39.679
1768503232.22852,36.842
1768503232.330698,35.067
1768503232.4328263,44.331
1768503232.5351436,33.014
1768503232.6406705,43.3
1768503232.7431269,35.165
1768503232.845358,38.003
1768503232.9477026,39.777
1768503233.050029,32.441
1768503233.1522663,47.212
1768503233.2545164,33.113
1768503233.3567417,41.428
1768503233.4590182,38.299
1768503233.5654492,32.323
1768503233.6677063,47.254
1768503233.769881,33.31
1768503233.8721538,43.668
1768503233.9743483,34.573
1768503234.0765922,41.551
1768503234.178874,35.362
1768503234.281114,38.003
1768503234.3834395,39.36
1768503234.4856975,32.323
1768503234.591657,47.38
1768503234.693892,33.113
1768503234.7961712,41.798
1768503234.8984509,34.573
1768503235.0005462,38.693
1768503235.1027927,38.003
1768503235.2055104,35.658
1768503235.307834,46.298
1768503235.4101377,33.113
1768503235.5163505,41.822
1768503235.6279323,35.658
1768503235.7302368,37.51
1768503235.832374,40.739
1768503235.9345856,32.521
1768503236.0403051,33.705
1768503236.1436648,40.664
1768503236.2458797,36.722
1768503236.3479898,32.225
1768503236.4501932,43.642
1768503236.5523527,34.001
1768503236.6545913,38.671
1768503236.7567992,38.595
1768503236.8589728,32.323
1768503236.9634519,47.282
1768503237.0661426,34.475
1768503237.168585,33.804
1768503237.271062,33.902
1768503237.3735356,33.508
1768503237.4757972,33.606
1768503237.5781236,33.508
1768503237.6804183,33.014
1768503237.7826903,32.817
1768503237.8867671,33.508
1768503237.9891284,36.447
1768503238.0914457,37.609
1768503238.1938436,37.313
1768503238.2962618,32.718
1768503238.3985386,32.817
1768503238.5009186,33.014
1768503238.6032686,34.376
1768503238.7054658,32.521
1768503238.8077116,32.916
1768503238.9101026,33.31
1768503239.015392,33.804
1768503239.117645,34.396
1768503239.2199519,34.495
1768503239.3222048,35.481
1768503239.4244502,36.546
1768503239.5266955,36.94
1768503239.6291363,36.447
1768503239.7313035,34.475
1768503239.8334157,42.684
1768503239.9357378,33.113
1768503240.0497577,36.623
1768503240.1519325,46.326
1768503240.254177,33.409
1768503240.3563924,39.459
1768503240.4585915,37.609
1768503240.560843,34.672
1768503240.6667411,33.113
1768503240.7688742,42.881
1768503240.8708863,34.297
1768503240.972891,39.557
1768503241.075075,36.645
1768503241.1771598,37.018
1768503241.2792184,43.274
1768503241.381463,32.718
1768503241.4837615,43.471
1768503241.586084,34.869
1768503241.6914494,37.215
1768503241.7936504,40.247
1768503241.895896,32.521
1768503241.9982715,46.79
1768503242.1006083,33.113
1768503242.2028565,43.176
1768503242.3051827,34.297
1768503242.4074042,39.656
1768503242.5096622,37.039
1768503242.6159847,36.722
1768503242.718236,42.118
1768503242.8204956,32.817
1768503242.9226549,45.145
1768503243.0249915,33.409
1768503243.1273508,41.354
1768503243.2295287,35.461
1768503243.3318326,37.313
1768503243.4341536,40.739
1768503243.5365589,32.521
1768503243.6421752,45.243
1768503243.7443628,33.212
1768503243.8465955,40.27
1768503243.948826,36.722
1768503244.0516052,36.349
1768503244.1538754,41.724
1768503244.2561667,32.62
1768503244.3583508,43.176
1768503244.4607337,33.705
1768503244.5665221,41.527
1768503244.6692324,35.461
1768503244.7715282,36.94
1768503244.8739324,41.921
1768503244.9762964,32.718
1768503245.0784855,42.192
1768503245.1807058,33.804
1768503245.2829173,40.838
1768503245.3852057,36.349
1768503245.491254,42.782
1768503245.5946238,33.113
1768503245.6967306,42.216
1768503245.798814,35.264
1768503245.900902,37.138
1768503246.0030491,42.709
1768503246.105113,32.718
1768503246.2072556,42.585
1768503246.3094444,34.199
1768503246.4115717,40.073
1768503246.5181015,35.954
1768503246.6202872,38.025
1768503246.7225568,39.679
1768503246.8248212,32.502
1768503246.9271216,43.694
1768503247.0293856,32.718
1768503247.1316738,45.341
1768503247.233853,33.31
1768503247.3362541,42.709
1768503247.4384437,34.297
1768503247.5442727,40.148
1768503247.6465478,36.546
1768503247.7487438,37.215
1768503247.850956,38.769
1768503247.9532344,33.804
1768503248.0553985,41.503
1768503248.1575851,32.521
1768503248.2597604,44.554
1768503248.362072,33.508
1768503248.4645452,38.769
1768503248.5700035,45.806
1768503248.6723247,36.349
1768503248.7747707,36.349
1768503248.8775826,42.512
1768503248.9800224,32.916
1768503249.0822213,43.668
1768503249.1844773,35.087
1768503249.291043,36.25
1768503249.3958457,42.709
1768503249.4990342,32.916
1768503249.6013086,42.019
1768503249.7036102,35.658
1768503249.805853,37.095
1768503249.9080827,40.05
1768503250.0103624,32.521
1768503250.1126199,46.03
1768503250.2148066,33.014
1768503250.3211997,34.179
1768503250.4235165,39.679
1768503250.5255868,36.94
1768503250.6277153,36.645
1768503250.729908,41.453
1768503250.831891,32.521
1768503250.9340124,47.549
1768503251.036107,33.212
1768503251.138272,41.207
1768503251.240421,34.869
1768503251.3461218,37.883
1768503251.4484103,39.383
1768503251.5505936,32.521
1768503251.6528869,44.698
1768503251.755165,33.31
1768503251.8573892,43.865
1768503251.9595482,34.001
1768503252.0617833,39.656
1768503252.164001,36.842
1768503252.2663162,36.94
1768503252.372417,41.822
1768503252.474942,32.817
1768503252.5773404,42.61
1768503252.679935,34.297
1768503252.782205,39.754
1768503252.8847902,38.102
1768503252.9870868,32.225
1768503253.0896688,46.2
1768503253.1955166,34.376
1768503253.298177,37.609
1768503253.4004204,38.496
1768503253.502952,32.323
1768503253.6052177,46.298
1768503253.708679,33.014
1768503253.8108296,41.306
1768503253.9155288,34.968
1768503254.021408,38.518
1768503254.1236115,38.693
1768503254.2257621,32.323
1768503254.3280559,46.074
1768503254.4303393,33.508
1768503254.5325224,41.133
1768503254.6349087,36.25
1768503254.7370832,36.645
1768503254.8393316,42.413
1768503254.9416263,44.652
1768503255.0489964,33.409
1768503255.1510277,41.822
1768503255.2531528,35.165
1768503255.355208,37.018
1768503255.4574118,42.216
1768503255.559547,32.916
1768503255.6616504,37.292
1768503255.763965,45.118
1768503255.8660665,33.014
1768503255.9718847,42.167
1768503256.074262,36.546
1768503256.1767073,32.422
1768503256.2790625,41.01
1768503256.3813431,43.373
1768503256.4836242,33.804
1768503256.585899,40.125
1768503256.6881945,37.51
1768503256.7904928,32.225
1768503256.8927402,45.708
1768503256.997932,33.409
1768503257.1002707,41.33
1768503257.2024512,36.053
1768503257.304736,36.842
1768503257.4070108,43.694
1768503257.5092888,32.817
1768503257.6115012,39.951
1768503257.7138867,37.412
1768503257.816079,36.447
1768503257.9182458,43.497
1768503258.0243175,32.718
1768503258.126781,42.585
1768503258.228892,33.902
1768503258.3317153,39.065
1768503258.4338784,37.313
1768503258.536078,33.409
1768503258.639562,37.927
1768503258.7418177,39.087
1768503258.8490117,32.422
1768503258.9513505,37.905
1768503259.0536847,40.27
1768503259.1559544,32.521
1768503259.2581909,44.751
1768503259.3603885,33.705
1768503259.462796,40.641
1768503259.5651586,32.323
1768503259.668443,43.57
1768503259.7742634,34.573
1768503259.8765194,38.124
1768503259.9787483,40.345
1768503260.0809507,32.422
1768503260.1832201,42.585
1768503260.2853978,34.179
1768503260.3876202,38.792
1768503260.4900901,39.557
1768503260.59234,32.323
1768503260.6982908,45.118
1768503260.8009691,33.508
1768503260.903226,41.109
1768503261.0054138,34.988
1768503261.1077678,39.482
1768503261.2099512,38.792
1768503261.3122065,32.323
1768503261.414436,47.184
1768503261.516706,33.212
1768503261.6241333,41.207
1768503261.7264323,35.461
1768503261.8287141,38.321
1768503261.9309576,38.321
1768503262.033336,36.546
1768503262.1356015,41.921
1768503262.2378483,32.521
1768503262.3400574,44.062
1768503262.4422393,33.508
1768503262.5499895,43.052
1768503262.6522098,34.672
1768503262.7545977,38.966
1768503262.8569782,37.018
1768503262.9597125,36.722
1768503263.0619135,40.936
1768503263.1640875,32.422
1768503263.266317,46.987
1768503263.3733196,32.916
1768503263.475509,42.019
1768503263.5778332,35.067
1768503263.6801507,37.708
1768503263.7824085,39.754
1768503263.8847232,32.521
1768503263.987011,44.948
1768503264.0893266,40.739
1768503264.1917756,35.856
1768503264.2982714,36.25
1768503264.400631,45.806
1768503264.502901,33.113
1768503264.6052313,42.709
1768503264.70753,36.25
1768503264.8097625,35.362
1768503264.912062,46.102
1768503265.014306,33.212
1768503265.1166282,41.822
1768503265.2231054,35.362
1768503265.3253217,37.489
1768503265.427583,40.27
1768503265.529841,32.323
1768503265.6321306,47.282
1768503265.7344158,33.508
1768503265.8366897,40.444
1768503265.938928,36.743
1768503266.0411668,36.645
1768503266.1482046,44.134
1768503266.2505696,34.475
1768503266.3529205,32.225
1768503266.4551425,43.103
1768503266.5574534,34.396
1768503266.6597064,37.806
1768503266.7620451,40.838
1768503266.8644743,32.62
1768503266.9668097,43.891
1768503267.072575,33.606
1768503267.1754115,41.133
1768503267.2776492,36.447
1768503267.3799286,36.82
1768503267.483306,44.894
1768503267.5855522,34.869
1768503267.6878467,34.199
1768503267.7902656,33.902
1768503267.894382,33.31
1768503267.9965734,33.113
1768503268.098785,33.113
1768503268.2009795,32.916
1768503268.3032866,32.718
1768503268.4055448,32.817
1768503268.5079594,32.916
1768503268.610176,37.51
1768503268.7127008,37.313
1768503268.8149028,37.335
1768503268.9198,36.82
1768503269.0222518,36.743
1768503269.1245809,36.151
1768503269.2268226,35.856
1768503269.3291678,32.342
1768503269.4317608,32.718
1768503269.53405,33.409
1768503269.6363533,34.001
1768503269.7385554,34.475
1768503269.840755,35.362
1768503269.9457462,36.349
1768503270.0479808,37.532
1768503270.1502998,36.743
1768503270.252788,41.33
1768503270.3552175,33.212
1768503270.4575253,36.131
1768503270.5601778,41.034
1768503270.6626,39.284
1768503270.7649186,32.817
1768503270.871732,39.163
1768503270.9741638,39.853
1768503271.0767946,32.62
1768503271.179286,41.33
1768503271.2817073,37.412
1768503271.3841856,32.225
1768503271.48657,43.201
1768503271.589388,34.672
1768503271.6961,35.067
1768503271.7985208,46.719
1768503271.9012976,33.31
1768503272.0041945,38.89
1768503272.1065073,38.693
1768503272.2088315,32.323
1768503272.3111987,43.201
1768503272.413585,34.001
1768503272.5199206,38.89
1768503272.6222262,37.215
1768503272.724443,35.658
1768503272.8266885,43.767
1768503272.9290738,32.817
1768503273.0313513,42.585
1768503273.1335244,40.617
1768503273.2359362,35.362
1768503273.3380542,37.51
1768503273.4401264,39.459
1768503273.5458019,32.422
1768503273.648037,46.2
1768503273.7503452,33.606
1768503273.8526566,41.034
1768503273.9550626,36.151
1768503274.0573068,36.623
1768503274.1596076,41.921
1768503274.2618814,32.521
1768503274.3642344,43.57
1768503274.470529,34.771
1768503274.5727918,37.905
1768503274.6752145,39.482
1768503274.7775176,32.521
1768503274.8798182,43.3
1768503274.982007,33.508
1768503275.084278,42.512
1768503275.1864848,34.968
1768503275.2886937,38.769
1768503275.3943155,38.989
1768503275.4965985,32.342
1768503275.5987716,45.61
1768503275.7010868,33.31
1768503275.8032525,40.912
1768503275.9055593,35.856
1768503276.00785,36.842
1768503276.1101344,42.782
1768503276.2123945,32.916
1768503276.314601,41.625
1768503276.421392,35.362
1768503276.5238886,31.947
1768503276.626239,38.397
1768503276.7284634,39.087
1768503276.8306594,32.323
1768503276.9328952,44.652
1768503277.0351808,33.705
1768503277.1373866,40.172
1768503277.2398295,36.722
1768503277.344737,34.968
1768503277.4469936,46.397
1768503277.5492249,33.113
1768503277.6517074,43.176
1768503277.7539015,34.869
1768503277.8562558,38.89
1768503277.9592633,32.422
1768503278.061546,45.61
1768503278.163943,33.705
1768503278.2694187,39.58
1768503278.371747,37.905
1768503278.4738944,35.539
1768503278.5761244,38.595
1768503278.6786053,38.102
1768503278.7807782,32.323
1768503278.883083,46.987
1768503278.9852705,32.916
1768503279.0876548,43.274
1768503279.190037,34.199
1768503279.2961562,39.58
1768503279.3983831,37.905
1768503279.5008092,34.08
1768503279.6033068,45.735
1768503279.7056158,33.606
1768503279.8078961,39.777
1768503279.9102762,37.313
1768503280.0125973,36.546
1768503280.1148841,43.57
1768503280.2199001,32.718
1768503280.3222363,43.398
1768503280.424526,34.396
1768503280.5270112,39.383
1768503280.6293342,37.806
1768503280.731686,32.323
1768503280.834541,45.019
1768503280.9368482,33.508
1768503281.0391114,40.936
1768503281.1413584,35.362
1768503281.248872,38.913
1768503281.3513682,38.989
1768503281.4580967,32.323
1768503281.560347,44.134
1768503281.6625414,32.817
1768503281.76497,42.782
1768503281.871731,33.902
1768503281.9739296,41.428
1768503282.076135,35.954
1768503282.178321,37.631
1768503282.2807136,32.521
1768503282.383103,42.881
1768503282.4852083,34.1
1768503282.587528,39.679
1768503282.6896737,36.842
1768503282.7965963,32.718
1768503282.8989296,46.129
1768503283.0011258,32.817
1768503283.103327,43.398
1768503283.2055695,34.396
1768503283.3079271,38.277
1768503283.4102647,40.763
1768503283.5125043,32.521
1768503283.6147985,42.61
1768503283.7209966,33.902
1768503283.823388,39.974
1768503283.925541,36.842
1768503284.027907,36.645
1768503284.1302285,42.315
1768503284.2325127,32.718
1768503284.334928,43.078
1768503284.4371808,34.573
1768503284.5395446,37.412
1768503284.645548,41.133
1768503284.7477374,32.62
1768503284.8499844,43.595
1768503284.952367,33.804
1768503285.05477,40.838
1768503285.1570716,36.053
1768503285.2593596,35.087
1768503285.361726,43.103
1768503285.464732,36.919
1768503285.5709267,33.902
1768503285.6775608,45.413
1768503285.7797244,33.113
1768503285.8820662,43.767
1768503285.984369,34.376
1768503286.086618,39.853
1768503286.1888528,37.116
1768503286.2910538,36.447
1768503286.3968468,42.585
1768503286.4990911,32.817
1768503286.6013117,42.979
1768503286.7035007,40.838
1768503286.8061774,35.954
1768503286.9082694,37.412
1768503287.010365,39.679
1768503287.112491,32.422
1768503287.2146437,46.719
1768503287.320874,33.508
1768503287.4233277,42.118
1768503287.52569,35.954
1768503287.6279042,37.215
1768503287.7301452,41.428
1768503287.832521,32.521
1768503287.9347284,45.583
1768503288.0370522,33.31
1768503288.1393173,43.57
1768503288.2459748,35.362
1768503288.3483062,32.718
1768503288.4505699,43.398
1768503288.5527897,34.968
1768503288.6552737,33.31
1768503288.757748,40.026
1768503288.8602579,38.025
1768503288.9625323,32.323
1768503289.064957,37.313
1768503289.1708753,42.782
1768503289.2732048,36.743
1768503289.3757064,34.869
1768503289.47846,45.341
1768503289.5807476,33.606
1768503289.6829965,40.148
1768503289.785319,37.609
1768503289.8917344,32.243
1768503289.9953318,44.626
1768503290.097562,33.31
1768503290.2013502,41.133
1768503290.3037682,36.25
1768503290.4064445,36.743
1768503290.5087788,44.456
1768503290.611112,32.916
1768503290.7133098,43.373
1768503290.8196313,34.593
1768503290.9220016,37.729
1768503291.024381,32.521
1768503291.1272423,43.891
1768503291.2293825,33.705
1768503291.3314676,39.656
1768503291.4336104,37.708
1768503291.5356905,32.225
1768503291.6379313,46.003
1768503291.7441475,33.014
1768503291.8463857,41.995
1768503291.9487472,35.165
1768503292.0509486,37.116
1768503292.1532636,40.739
1768503292.255523,32.718
1768503292.357854,42.684
1768503292.4600933,34.001
1768503292.5623918,39.482
1768503292.664651,38.2
1768503292.7701135,35.165
1768503292.8724065,44.429
1768503292.974668,33.014
1768503293.0770087,43.176
1768503293.1792316,34.396
1768503293.2814503,39.656
1768503293.3836055,36.842
1768503293.4859366,35.954
1768503293.5881662,45.145
1768503293.690462,33.113
1768503293.7970388,41.527
1768503293.8992362,36.053
1768503294.001518,37.927
1768503294.1036813,40.27
1768503294.2059531,32.521
1768503294.3080983,46.888
1768503294.410301,33.31
1768503294.5124834,40.838
1768503294.6147616,36.842
1768503294.7183464,32.225
1768503294.8232965,47.647
1768503294.9257154,33.409
1768503295.0278797,42.118
1768503295.1302497,34.968
1768503295.2324293,38.89
1768503295.3347285,38.321
1768503295.4370663,32.323
1768503295.5394454,47.675
1768503295.6416574,33.31
1768503295.7472878,42.216
1768503295.84951,35.067
1768503295.9518015,38.595
1768503296.0546832,32.718
1768503296.1568465,46.664
1768503296.2590458,33.31
1768503296.3612053,41.33
1768503296.4634125,37.138
1768503296.5655384,32.62
1768503296.66783,46.566
1768503296.7736127,33.508
1768503296.8758695,42.413
1768503296.9780936,35.362
1768503297.0803208,38.2
1768503297.1825798,38.792
1768503297.2847855,33.705
1768503297.3870864,47.085
1768503297.4893782,33.409
1768503297.5916035,42.216
1768503297.698834,36.151
1768503297.8012042,38.2
1768503297.903351,40.05
1768503298.0056503,32.323
1768503298.1078756,35.56
1768503298.2100608,33.212
1768503298.312303,33.212
1768503298.4147131,33.014
1768503298.519234,33.014
1768503298.621574,36.645
1768503298.7242517,37.313
1768503298.8264005,37.51
1768503298.928517,37.138
1768503299.03076,36.94
1768503299.1376855,37.412
1768503299.240134,37.532
1768503299.345362,37.412
1768503299.4477243,37.313
1768503299.549892,36.645
1768503299.6521971,35.362
1768503299.754522,32.422
1768503299.8568027,32.718
1768503299.9590967,33.014
1768503300.0613036,34.771
1768503300.1635761,37.138
1768503300.2659755,36.328
1768503300.3710325,32.323
1768503300.4735756,33.31
1768503300.5762672,34.1
1768503300.6784353,35.087
1768503300.7805438,31.848
1768503300.8826587,38.397
1768503300.9847956,45.118
1768503301.0871603,33.804
1768503301.189262,38.89
1768503301.2913787,41.428
1768503301.3981102,33.014
1768503301.5003772,39.876
1768503301.6026375,38.397
1768503301.7048783,32.422
1768503301.8071954,42.585
1768503301.9095614,34.1
1768503302.0117474,40.664
1768503302.1140723,36.349
1768503302.2164032,37.631
1768503302.3223536,45.735
1768503302.4246595,33.212
1768503302.527016,42.118
1768503302.6292539,35.461
1768503302.731561,38.299
1768503302.8338883,39.284
1768503302.9361825,32.422
1768503303.038426,47.675
1768503303.140673,33.409
1768503303.2473319,41.034
1768503303.3495016,35.856
1768503303.4517808,36.546
1768503303.5546098,43.963
1768503303.6569765,32.916
1768503303.7592034,43.694
1768503303.8625903,34.396
1768503303.9647088,39.951
1768503304.0719733,36.546
1768503304.1741223,37.806
1768503304.2763252,39.679
1768503304.3785198,32.422
1768503304.4807117,47.057
1768503304.5829685,33.508
1768503304.6853132,42.61
1768503304.7876618,35.461
1768503304.8898962,37.708
1768503304.99676,32.62
1768503305.0991285,42.881
1768503305.2012575,34.199
1768503305.303344,39.777
1768503305.4055135,38.102
1768503305.5076904,32.62
1768503305.6098278,42.585
1768503305.7119505,34.1
1768503305.8141427,39.557
1768503305.916231,37.039
1768503306.0211966,36.743
1768503306.1235857,42.118
1768503306.2258017,32.62
1768503306.3281856,45.735
1768503306.4303746,33.409
1768503306.5332103,40.542
1768503306.6353576,36.053
1768503306.737566,38.124
1768503306.8397741,38.89
1768503306.9454708,35.362
1768503307.0476096,43.373
1768503307.1499324,32.62
1768503307.252389,45.216
1768503307.3545504,33.31
1768503307.456887,41.995
1768503307.5591042,34.278
1768503307.6613677,39.656
1768503307.7635403,37.51
1768503307.8659685,36.94
1768503307.9715183,41.921
1768503308.0737958,32.62
1768503308.1778867,45.708
1768503308.2801917,33.508
1768503308.3823304,40.345
1768503308.4845788,36.25
1768503308.5885346,32.126
1768503308.6908984,37.806
1768503308.796937,39.186
1768503308.8992188,32.422
1768503309.0017996,46.987
1768503309.1039824,33.212
1768503309.20657,43.767
1768503309.308809,34.199
1768503309.4115696,39.754
1768503309.51382,35.954
1768503309.6163936,36.546
1768503309.7220404,33.014
1768503309.824292,42.388
1768503309.9264445,34.672
1768503310.0285144,38.102
1768503310.130647,37.51
1768503310.2327645,32.323
1768503310.3349566,47.184
1768503310.4373186,33.212
1768503310.539462,40.838
1768503310.641763,36.053
1768503310.7467272,36.743
1768503310.8490593,40.936
1768503310.9514613,32.718
1768503311.0537393,45.243
1768503311.1560328,33.606
1768503311.258236,43.103
1768503311.3604279,34.475
1768503311.4627404,38.595
1768503311.5650115,39.383
1768503311.6672683,32.422
1768503311.7729075,45.905
1768503311.8751578,33.409
1768503311.9774761,41.896
1768503312.0796714,35.067
1768503312.1820138,38.989
1768503312.2842503,39.087
1768503312.386585,32.323
1768503312.4888728,45.44
1768503312.5912826,33.409
1768503312.6935334,40.936
1768503312.7985713,35.658
1768503312.9010658,32.126
1768503313.0070446,44.036
1768503313.1093159,33.409
1768503313.2114642,40.838
1768503313.3137054,35.461
1768503313.4158852,37.116
1768503313.518109,41.231
1768503313.6238163,32.817
1768503313.726364,41.33
1768503313.8287585,35.067
1768503313.931156,36.546
1768503314.0334332,41.527
1768503314.1357176,32.62
1768503314.2379143,47.577
1768503314.3401604,33.31
1768503314.4424944,42.954
1768503314.5489616,38.518
1768503314.6511655,39.951
1768503314.7532797,32.62
1768503314.8555558,44.062
1768503314.957625,33.508
1768503315.0596583,43.004
1768503315.1617475,34.593
1768503315.2641034,38.102
1768503315.3661737,39.284
1768503315.4682634,32.422
1768503315.5721889,44.528
1768503315.6748364,33.606
1768503315.7771037,41.822
1768503315.8794153,35.757
1768503315.9816797,34.771
1768503316.0839465,47.184
1768503316.186212,33.606
1768503316.288646,37.434
1768503316.3909051,41.33
1768503316.493209,32.718
1768503316.600091,43.274
1768503316.702379,34.475
1768503316.804654,38.693
1768503316.907086,40.861
1768503317.0093262,32.62
1768503317.1116285,43.373
1768503317.2141228,34.672
1768503317.3164828,36.722
1768503317.41871,41.256
1768503317.5246727,32.62
1768503317.626969,45.019
1768503317.7297728,33.409
1768503317.832009,41.822
1768503317.9343874,35.954
1768503318.0368564,36.919
1768503318.1391327,40.96
1768503318.2413955,32.62
1768503318.3438222,43.694
1768503318.449882,33.705
1768503318.5520587,39.777
1768503318.6544123,43.004
1768503318.7567809,34.791
1768503318.859215,32.027
1768503318.9614735,40.936
1768503319.0638843,39.777
1768503319.1662898,33.113
1768503319.2685437,35.067
1768503319.3758326,36.25
1768503319.478009,45.216
1768503319.5801582,33.212
1768503319.682342,41.133
1768503319.784436,35.362
1768503319.8866894,37.215
1768503319.988789,39.951
1768503320.09088,32.62
1768503320.192897,43.694
1768503320.2987597,34.376
1768503320.4011397,39.186
1768503320.5036185,38.868
1768503320.6060224,32.521
1768503320.708247,45.61
1768503320.8105817,33.508
1768503320.913265,40.247
1768503321.0154958,36.151
1768503321.1177032,37.313
1768503321.224485,42.906
1768503321.3267539,33.014
1768503321.4291372,42.684
1768503321.5315876,35.165
1768503321.6340897,38.518
1768503321.7363439,40.247
1768503321.8387523,32.62
1768503321.9410534,43.471
1768503322.0432901,33.902
1768503322.1504564,40.05
1768503322.252777,36.349
1768503322.3551786,36.349
1768503322.4575655,44.652
1768503322.5614254,33.409
1768503322.6638238,40.739
1768503322.766045,36.151
1768503322.8682454,37.236
1768503322.9742794,40.542
1768503323.076512,32.521
1768503323.1786895,43.767
1768503323.2810953,33.606
1768503323.383332,40.148
1768503323.4855943,37.039
1768503323.587854,32.323
1768503323.690172,45.216
1768503323.792651,33.606
1768503323.8954856,36.447
1768503324.0019732,33.113
1768503324.1043785,47.577
1768503324.2066734,33.31
1768503324.308998,41.65
1768503324.4113357,35.856
1768503324.513734,36.799
1768503324.6160333,40.247
1768503324.7184465,32.521
1768503324.82497,43.839
1768503324.9271996,34.297
1768503325.0295546,39.876
1768503325.1319077,38.025
1768503325.23421,32.323
1768503325.336468,45.243
1768503325.4387343,33.113
1768503325.541045,41.699
1768503325.6433737,35.264
1768503325.7500494,37.708
1768503325.8523993,40.838
1768503325.9545991,32.718
1768503326.0569422,43.176
1768503326.1593823,35.461
1768503326.2618215,37.258
1768503326.3641763,42.684
1768503326.4666247,32.817
1768503326.5691109,41.231
1768503326.6718843,35.362
1768503326.7769992,37.631
1768503326.879275,40.172
1768503326.9816518,32.422
1768503327.087108,42.315
1768503327.189411,33.606
1768503327.2916565,41.231
1768503327.3939013,37.138
1768503327.5011604,33.014
1768503327.6034472,32.126
1768503327.7057543,42.61
1768503327.8079882,34.278
1768503327.9102795,39.777
1768503328.012517,37.434
1768503328.1148891,35.954
1768503328.2171297,32.817
1768503328.320273,41.724
1768503328.4257293,35.658
1768503328.5289168,32.126
1768503328.6312156,41.256
1768503328.7335784,37.215
1768503328.8358753,37.335
1768503328.9379878,36.546
1768503329.040121,34.988
1768503329.1422114,34.1
1768503329.244305,33.902
1768503329.3482761,33.508
1768503329.45043,33.113
1768503329.5527573,33.212
1768503329.6548388,33.014
1768503329.757169,33.014
1768503329.859523,32.817
1768503329.9617047,32.817
1768503330.063839,32.916
1768503330.165937,33.587
1768503330.2681699,32.718
1768503330.370471,32.817
1768503330.472693,33.014
1768503330.5784676,33.31
1768503330.6806598,33.31
1768503330.7828107,33.902
1768503330.884995,34.495
1768503330.9871573,34.573
1768503331.089831,35.185
1768503331.192128,35.856
1768503331.2942617,37.138
1768503331.3964758,35.757
1768503331.5013232,32.126
1768503331.60667,41.798
1768503331.7089055,35.757
1768503331.8118777,36.053
1768503331.914251,44.357
1768503332.0166948,33.606
1768503332.118904,39.36
1768503332.2211661,36.919
1768503332.3237336,36.919
1768503332.4259474,42.61
1768503332.5330076,32.62
1768503332.6353507,44.652
1768503332.7375443,33.31
1768503332.8397303,43.865
1768503332.9418998,34.001
1768503333.0440898,42.019
1768503333.1462648,35.658
1768503333.2485447,37.806
1768503333.3506887,36.666
1768503333.4565125,41.699
1768503333.5587375,32.817
1768503333.6610696,43.989
1768503333.7633083,33.409
1768503333.8654866,40.936
1768503333.9678845,35.856
1768503334.0700867,39.087
1768503334.1724622,37.609
1768503334.2746103,36.722
1768503334.3770695,40.073
1768503334.4820573,32.323
1768503334.5844176,46.369
1768503334.686665,33.212
1768503334.7888956,43.865
1768503334.891113,34.475
1768503334.9933496,40.739
1768503335.0959618,36.151
1768503335.1981544,37.905
1768503335.3003476,39.459
1768503335.406961,32.323
1768503335.5092776,46.664
1768503335.6115348,33.212
1768503335.7143583,43.274
1768503335.8166592,35.362
1768503335.9187663,36.722
1768503336.021048,41.527
1768503336.1232674,32.422
1768503336.2254686,44.724
1768503336.3340824,33.705
1768503336.4363337,40.936
1768503336.538579,36.623
1768503336.6409457,32.243
1768503336.743192,37.981
1768503336.8454745,41.822
1768503336.9476743,33.014
1768503337.0499806,32.027
1768503337.1562164,42.315
1768503337.258538,34.376
1768503337.3608289,34.08
1768503337.4631147,46.692
1768503337.5653884,33.014
1768503337.6675997,42.61
1768503337.7697742,35.362
1768503337.871971,40.96
1768503337.97444,32.62
1768503338.0765073,45.905
1768503338.1833837,33.212
1768503338.2855725,40.444
1768503338.3877962,35.856
1768503338.4908109,37.236
1768503338.5931985,41.921
1768503338.6954916,35.362
1768503338.7976942,36.525
1768503338.900037,45.118
1768503339.0023043,33.014
1768503339.1094182,42.462
1768503339.211602,34.672
1768503339.3137748,39.307
1768503339.4161375,38.003
1768503339.5183816,34.968
1768503339.6207504,47.872
1768503339.7230794,33.113
1768503339.825334,41.601
1768503339.927528,35.264
1768503340.0339828,37.51
1768503340.1361852,40.838
1768503340.238449,32.62
1768503340.340725,43.471
1768503340.4429283,33.804
1768503340.5456145,41.428
1768503340.6478183,36.053
1768503340.7534795,37.905
1768503340.8603618,41.428
1768503340.9627366,32.62
1768503341.0651114,44.554
1768503341.1674972,33.409
1768503341.2697492,43.595
1768503341.3722546,34.968
1768503341.474541,38.102
1768503341.5767853,40.27
1768503341.6792464,32.521
1768503341.7841125,43.471
1768503341.886255,33.409
1768503341.98864,40.814
1768503342.0909019,36.842
1768503342.193166,36.546
1768503342.2955475,44.456
1768503342.3978827,41.921
1768503342.5001423,35.165
1768503342.6023142,32.225
1768503342.704474,42.782
1768503342.8115108,34.396
1768503342.9137254,39.186
1768503343.016116,37.51
1768503343.118261,35.264
1768503343.2204547,45.834
1768503343.3226068,33.014
1768503343.4249558,42.684
1768503343.5272899,35.658
1768503343.6295738,36.842
1768503343.7366374,46.495
1768503343.8389988,33.014
1768503343.9413338,43.767
1768503344.0435433,34.001
1768503344.1457474,41.207
1768503344.2485077,35.856
1768503344.350797,37.806
1768503344.4530969,40.345
1768503344.5555055,32.323
1768503344.6611066,45.145
1768503344.7638745,33.784
1768503344.8662264,39.656
1768503344.968558,38.693
1768503345.071009,32.422
1768503345.1732743,44.724
1768503345.2756507,33.409
1768503345.3785782,42.782
1768503345.4807472,34.771
1768503345.5867953,37.51
1768503345.6891317,39.754
1768503345.7913043,32.521
1768503345.8936152,44.134
1768503345.9959865,33.606
1768503346.0982063,42.019
1768503346.2005363,35.461
1768503346.3028479,37.708
1768503346.4050949,40.073
1768503346.5111144,32.521
1768503346.613394,45.315
1768503346.715561,33.31
1768503346.817844,42.585
1768503346.9200535,39.459
1768503347.0237374,36.447
1768503347.125856,37.631
1768503347.227908,40.148
1768503347.3299766,32.521
1768503347.435088,42.29
1768503347.5373044,34.1
1768503347.639518,39.163
1768503347.741967,37.708
1768503347.8442857,36.743
1768503347.9466047,42.807
1768503348.0488327,32.718
1768503348.1510866,43.668
1768503348.2533412,33.705
1768503348.3556879,37.039
1768503348.4613142,43.767
1768503348.5635266,32.817
1768503348.665841,36.546
1768503348.7682698,46.79
1768503348.8704925,33.409
1768503348.9728293,40.172
1768503349.0751665,39.186
1768503349.1776204,32.62
1768503349.280106,36.919
1768503349.3873081,45.976
1768503349.4895196,33.705
1768503349.5919702,38.2
1768503349.6942577,40.739
1768503349.7964678,32.62
1768503349.8992617,43.274
1768503350.0018425,34.573
1768503350.1041043,39.284
1768503350.2103798,37.806
1768503350.312754,32.422
1768503350.4151206,44.259
1768503350.5173714,34.1
1768503350.6196306,37.532
1768503350.7218904,41.306
1768503350.8241467,32.817
1768503350.9264107,42.585
1768503351.0287158,35.165
1768503351.1312058,37.412
1768503351.2365665,40.936
1768503351.3388743,32.62
1768503351.4412434,43.668
1768503351.5436163,37.018
1768503351.6470704,45.046
1768503351.749247,33.113
1768503351.851381,40.148
1768503351.9534967,36.94
1768503352.0556111,36.229
1768503352.160698,42.61
1768503352.2628946,32.817
1768503352.3650866,43.741
1768503352.4672935,34.771
1768503352.5695171,38.102
1768503352.6718235,38.496
1768503352.7741027,32.422
1768503352.8764071,46.369
1768503352.9785612,33.508
1768503353.0808558,40.641
1768503353.1869385,36.151
1768503353.2893093,36.645
1768503353.3916445,42.881
1768503353.4943547,32.718
1768503353.5966341,43.078
1768503353.6988792,34.968
1768503353.8011358,38.989
1768503353.9034033,38.299
1768503354.0056734,33.804
1768503354.1118736,44.331
1768503354.214319,32.817
1768503354.3165033,43.398
1768503354.41862,33.804
1768503354.52088,38.397
1768503354.6232514,39.065
1768503354.7255518,32.422
1768503354.8277655,46.495
1768503354.9301324,33.31
1768503355.0358512,43.57
1768503355.1381867,34.297
1768503355.2403765,42.216
1768503355.3425539,35.264
1768503355.4447389,39.087
1768503355.547034,37.609
1768503355.6493025,32.323
1768503355.7515607,45.44
1768503355.8538702,33.508
1768503355.9562047,41.921
1768503356.0621893,35.954
1768503356.1646066,36.623
1768503356.2669103,39.754
1768503356.3693001,44.823
1768503356.4716685,33.902
1768503356.5741262,38.966
1768503356.6763086,36.919
1768503356.778409,36.743
1768503356.8804886,40.838
1768503356.9874723,32.62
1768503357.0897007,46.79
1768503357.1918435,33.113
1768503357.2942197,42.29
1768503357.3965783,34.968
1768503357.4988322,32.718
1768503357.6011055,37.51
1768503357.7034826,41.625
1768503357.8056846,32.718
1768503357.9123704,42.881
1768503358.0145218,34.869
1768503358.1166842,39.065
1768503358.2188761,39.284
1768503358.3211396,32.718
1768503358.4233496,43.176
1768503358.5255547,33.902
1768503358.628035,32.225
1768503358.7302766,42.585
1768503358.8367722,33.705
1768503358.9389722,39.951
1768503359.0412014,35.757
1768503359.1439178,41.428
1768503359.246148,38.025
1768503359.348323,36.94
1768503359.4505384,35.856
1768503359.5528538,35.067
1768503359.655185,34.297
1768503359.75844,33.804
1768503359.860619,33.014
1768503359.9628036,32.718
1768503360.0649648,36.447
1768503360.1671715,38.003
1768503360.269532,37.434
1768503360.3717964,36.25
1768503360.4741602,36.447
1768503360.5765061,36.645
1768503360.6788836,33.982
1768503360.7828438,32.502
1768503360.8851097,32.62
1768503360.987448,32.817
1768503361.0897121,32.718
1768503361.1929681,32.718
1768503361.2950535,32.817
1768503361.3972342,33.212
1768503361.4993815,34.001
1768503361.601622,35.067
1768503361.7087908,36.447
1768503361.8112562,39.557
1768503361.9135346,44.456
1768503362.0157683,33.508
1768503362.1180308,38.595
1768503362.2204394,44.554
1768503362.322725,33.212
1768503362.425291,40.05
1768503362.5275795,36.94
1768503362.6298058,35.284
1768503362.7365139,45.708
1768503362.838821,32.817
1768503362.9411166,43.471
1768503363.043437,34.297
1768503363.145741,39.58
1768503363.2479117,36.842
1768503363.3501554,36.94
1768503363.4530342,40.838
1768503363.5552106,32.62
1768503363.662345,43.497
1768503363.7646823,34.376
1768503363.868851,39.186
1768503363.9710777,38.595
1768503364.0733788,32.422
1768503364.1756856,47.282
1768503364.278044,33.014
1768503364.380273,43.176
1768503364.4861102,34.396
1768503364.5883856,38.868
1768503364.6905754,38.89
1768503364.7927399,36.151
1768503364.8950741,42.709
1768503364.997247,32.718
1768503365.099923,44.796
1768503365.2020805,33.606
1768503365.3043284,42.118
1768503365.410591,36.645
1768503365.5128741,41.33
1768503365.6164882,32.718
1768503365.718516,45.145
1768503365.8206375,33.409
1768503365.9226804,42.979
1768503366.0247924,34.396
1768503366.1268873,41.724
1768503366.228896,35.264
1768503366.3347042,38.375
1768503366.4369137,37.905
1768503366.539099,32.225
1768503366.641285,46.987
1768503366.7435105,33.212
1768503366.8460608,43.57
1768503366.9482832,34.771
1768503367.0504446,39.58
1768503367.1526284,37.138
1768503367.2548685,36.447
1768503367.3571038,42.019
1768503367.4618936,32.521
1768503367.5641243,44.823
1768503367.6663918,33.804
1768503367.7687304,41.798
1768503367.8709893,35.185
1768503367.9732497,37.215
1768503368.0755801,40.345
1768503368.1778748,32.521
1768503368.2800663,44.948
1768503368.3822844,33.508
1768503368.48901,42.881
1768503368.5914698,36.743
1768503368.6985016,33.212
1768503368.8007379,41.995
1768503368.902937,35.362
1768503369.0050988,37.51
1768503369.1113772,39.262
1768503369.2136085,32.422
1768503369.3158336,47.352
1768503369.4181094,33.409
1768503369.5204635,41.503
1768503369.622804,35.954
1768503369.7250779,36.546
1768503369.8273692,43.694
1768503369.929697,32.916
1768503370.031882,42.659
1768503370.138442,41.601
1768503370.2408912,35.461
1768503370.3429084,39.284
1768503370.4451027,37.806
1768503370.547276,33.705
1768503370.649582,47.254
1768503370.751961,33.606
1768503370.854203,41.33
1768503370.9565535,36.151
1768503371.0617733,33.705
1768503371.1640255,44.948
1768503371.2664423,33.014
1768503371.3686597,43.373
1768503371.4708989,35.362
1768503371.5732708,36.82
1768503371.6756802,44.259
1768503371.7780757,33.409
1768503371.880472,40.617
1768503371.9827666,37.631
1768503372.0879066,35.362
1768503372.1902575,46.058
1768503372.2927408,33.409
1768503372.3950899,41.625
1768503372.4974267,35.461
1768503372.5996766,38.299
1768503372.7021596,40.936
1768503372.8049016,32.718
1768503372.9078765,43.347
1768503373.0131357,36.053
1768503373.1153986,37.313
1768503373.2176082,42.29
1768503373.3203733,32.718
1768503373.4226596,42.782
1768503373.5248795,34.199
1768503373.6272252,38.671
1768503373.7294474,39.087
1768503373.8319535,32.521
1768503373.9342818,42.881
1768503374.0403333,34.672
1768503374.1426477,38.003
1768503374.2449207,38.989
1768503374.3472397,32.521
1768503374.4495797,43.373
1768503374.5518823,34.1
1768503374.6542501,38.025
1768503374.7565894,39.459
1768503374.8587995,32.521
1768503374.9648044,33.31
1768503375.066894,43.767
1768503375.169032,34.001
1768503375.2713776,41.625
1768503375.373471,35.757
1768503375.4755623,37.609
1768503375.577797,39.482
1768503375.6799903,32.521
1768503375.782077,47.015
1768503375.8891733,33.31
1768503375.9914424,41.896
1768503376.0937636,34.988
1768503376.1960292,37.708
1768503376.2984118,40.96
1768503376.4006503,32.62
1768503376.50293,45.932
1768503376.6051824,33.409
1768503376.7074337,40.345
1768503376.8139002,36.546
1768503376.916195,37.018
1768503377.0184178,41.133
1768503377.1206098,32.521
1768503377.222872,44.724
1768503377.3251493,33.902
1768503377.427422,39.36
1768503377.5302885,38.693
1768503377.6325858,32.916
1768503377.7426121,44.626
1768503377.8448453,33.31
1768503377.947,42.019
1768503378.0493217,36.546
1768503378.1515536,37.018
1768503378.2539096,42.413
1768503378.3562899,33.409
1768503378.4624052,39.974
1768503378.564683,36.25
1768503378.667125,33.31
1768503378.7694857,40.739
1768503378.871831,39.284
1768503378.9742692,33.113
1768503379.07654,36.349
1768503379.178825,42.118
1768503379.2810967,32.718
1768503379.3884199,33.705
1768503379.490515,41.724
1768503379.5926354,35.067
1768503379.6947482,36.919
1768503379.7967906,40.247
1768503379.8989515,32.521
1768503380.0016882,46.692
1768503380.1037686,33.409
1768503380.2059045,41.33
1768503380.308136,36.447
1768503380.4130788,37.039
1768503380.5153348,41.231
1768503380.61748,32.62
1768503380.719698,46.03
1768503380.8218298,33.31
1768503380.924101,43.471
1768503381.026253,34.593
1768503381.1284847,40.838
1768503381.230643,35.757
1768503381.3328779,38.299
1768503381.435127,37.335
1768503381.5402021,33.705
1768503381.6424763,44.186
1768503381.7447097,32.916
1768503381.8470273,43.176
1768503381.9493039,33.705
1768503382.0516336,36.82
1768503382.1538835,46.959
1768503382.2561371,33.31
1768503382.3583322,42.216
1768503382.460706,35.658
1768503382.5636926,36.94
1768503382.6694503,42.019
1768503382.7717752,32.817
1768503382.8740902,42.782
1768503382.9764736,34.396
1768503383.0787876,37.51
1768503383.1810393,40.739
1768503383.2832537,32.422
1768503383.3854928,45.976
1768503383.4877381,33.113
1768503383.5937736,39.951
1768503383.6961355,36.525
1768503383.7984073,35.856
1768503383.9006608,42.216
1768503384.0029442,32.817
1768503384.1051822,43.274
1768503384.2074473,34.475
1768503384.3096912,38.89
1768503384.411935,37.313
1768503384.5141225,34.179
1768503384.6201715,33.014
1768503384.722257,43.792
1768503384.8243759,35.067
1768503384.9264898,37.313
1768503385.0286834,40.444
1768503385.130825,32.718
1768503385.232934,42.659
1768503385.3351285,34.1
1768503385.4371989,38.966
1768503385.539369,38.397
1768503385.6447225,32.422
1768503385.7469473,46.916
1768503385.8492253,33.409
1768503385.9514065,43.201
1768503386.0537984,34.771
1768503386.1561522,37.412
1768503386.2583904,39.383
1768503386.3606882,35.264
1768503386.4629266,43.274
1768503386.5654573,32.916
1768503386.6715503,43.595
1768503386.774449,34.495
1768503386.8766944,40.05
1768503386.9788918,35.954
1768503387.0812428,38.792
1768503387.1834543,38.89
1768503387.2856967,32.422
1768503387.3888478,45.118
1768503387.491057,33.409
1768503387.5969064,41.354
1768503387.6991677,36.623
1768503387.8014762,36.743
1768503387.903722,40.838
1768503388.0061371,32.422
1768503388.1085505,46.987
1768503388.2109022,33.409
1768503388.31324,38.693
1768503388.4156513,38.693
1768503388.5214653,32.718
1768503388.6239505,32.027
1768503388.72624,39.482
1768503388.8284845,36.919
1768503388.930779,36.645
1768503389.0329971,41.527
1768503389.1352212,32.718
1768503389.2374108,44.233
1768503389.3395903,33.014
1768503389.447063,33.508
1768503389.5492954,34.869
1768503389.6514277,34.791
1768503389.753555,33.902
1768503389.8556328,33.113
1768503389.957889,36.645
1768503390.0600543,38.595
1768503390.1622446,37.532
1768503390.264452,38.223
1768503390.3674166,37.532
1768503390.469657,37.708
1768503390.5719943,37.729
1768503390.674302,37.412
1768503390.776608,37.412
1768503390.8788297,37.51
1768503390.9810686,37.51
1768503391.0832508,37.609
1768503391.1855192,37.313
1768503391.2878692,36.82
1768503391.390271,36.25
1768503391.4952414,34.672
1768503391.5976923,32.718
1768503391.6999362,33.212
1768503391.8021052,33.31
1768503391.9043806,33.902
1768503392.0104158,35.56
1768503392.113056,37.335
1768503392.2167463,31.552
1768503392.3219893,32.027
1768503392.4242423,40.444
1768503392.5264843,39.679
1768503392.628672,32.718
1768503392.7308564,39.087
1768503392.8330662,40.345
1768503392.9354694,32.817
1768503393.0377626,40.664
1768503393.1400678,37.412
1768503393.2465267,32.323
1768503393.3488064,42.315
1768503393.451192,34.1
1768503393.55349,38.397
1768503393.6557477,38.89
1768503393.7579684,32.521
1768503393.860246,42.61
1768503393.9625094,39.284
1768503394.0662951,37.434
1768503394.1717885,36.349
1768503394.2740314,45.708
1768503394.376365,33.014
1768503394.4787004,42.709
1768503394.5809693,34.573
1768503394.683165,38.2
1768503394.7854466,37.806
1768503394.8876238,34.08
1768503394.989917,45.806
1768503395.0967042,32.817
1768503395.1988828,43.57
1768503395.3011334,33.804
1768503395.4034572,40.247
1768503395.5057929,38.693
1768503395.6081095,32.323
1768503395.7105405,44.331
1768503395.8127437,33.409
1768503395.9150193,42.192
1768503396.0205247,34.968
1768503396.1228418,39.951
1768503396.2252483,36.82
1768503396.3276021,36.82
1768503396.4298925,42.093
1768503396.5321722,32.718
1768503396.6357412,43.471
1768503396.7382007,34.199
1768503396.840449,39.777
1768503396.9450524,37.927
1768503397.0473323,34.791
1768503397.1496582,45.145
1768503397.2518806,33.014
1768503397.3542264,42.29
1768503397.4564703,35.461
1768503397.558759,37.095
1768503397.661054,40.814
1768503397.7633486,32.521
1768503397.8656335,42.757
1768503397.971538,33.705
1768503398.0739093,38.792
1768503398.1763942,38.299
1768503398.2787442,32.323
1768503398.381019,43.891
1768503398.483272,33.804
1768503398.5855613,36.842
1768503398.6878517,34.1
1768503398.790247,40.739
1768503398.8963068,35.856
1768503398.9985733,36.645
1768503399.1009479,42.216
1768503399.2030911,32.62
1768503399.3053415,47.577
1768503399.4076438,33.014
1768503399.5099344,43.497
1768503399.612169,34.297
1768503399.7144387,39.459
1768503399.8166845,36.722
1768503399.9216082,37.532
1768503400.023857,41.428
1768503400.1260693,32.521
1768503400.2283661,46.593
1768503400.3305447,33.014
1768503400.4328778,43.103
1768503400.535039,33.902
1768503400.6372771,41.921
1768503400.7394977,36.349
1768503400.8419206,37.708
1768503400.9474554,39.186
1768503401.0502732,34.08
1768503401.1524105,44.357
1768503401.2546086,32.817
1768503401.35814,45.315
1768503401.4603298,33.31
1768503401.562493,42.979
1768503401.6647136,35.165
1768503401.7669868,38.989
1768503401.8718398,38.299
1768503401.9743004,35.264
1768503402.0766027,45.834
1768503402.1790266,33.014
1768503402.2813005,43.767
1768503402.3838575,34.001
1768503402.4860623,41.822
1768503402.5885613,35.165
1768503402.6907778,38.792
1768503402.7983282,39.777
1768503402.9005542,32.422
1768503403.0031104,46.074
1768503403.105326,33.606
1768503403.2077792,42.118
1768503403.3099942,39.58
1768503403.413538,36.623
1768503403.515562,37.532
1768503403.6215372,39.754
1768503403.723691,32.521
1768503403.826046,47.057
1768503403.9282858,33.113
1768503404.0305166,42.512
1768503404.132708,33.705
1768503404.2349305,41.798
1768503404.3371055,34.495
1768503404.4394073,38.868
1768503404.5459335,39.284
1768503404.6481743,32.422
1768503404.750563,43.668
1768503404.8528357,33.902
1768503404.9551206,40.641
1768503405.0573099,37.412
1768503405.1596196,36.645
1768503405.2618828,42.512
1768503405.364149,32.62
1768503405.4663713,44.554
1768503405.5716393,33.606
1768503405.6740983,40.542
1768503405.7764208,36.94
1768503405.8798065,36.447
1768503405.9820056,41.601
1768503406.0841334,32.817
1768503406.1863534,43.373
1768503406.2885456,33.804
1768503406.3907263,41.699
1768503406.496453,35.658
1768503406.5986319,38.025
1768503406.7009206,39.383
1768503406.8031816,32.521
1768503406.9055305,45.189
1768503407.007818,33.409
1768503407.1103618,43.57
1768503407.2127516,34.396
1768503407.314956,39.679
1768503407.417278,37.039
1768503407.5219727,36.94
1768503407.6242433,42.019
1768503407.7264605,32.916
1768503407.8287895,43.471
1768503407.9310338,34.199
1768503408.0338142,35.954
1768503408.1373086,37.708
1768503408.239379,42.684
1768503408.3415134,34.199
1768503408.4463608,39.951
1768503408.548664,45.735
1768503408.6511161,34.692
1768503408.7533462,38.299
1768503408.855643,39.656
1768503408.9579456,32.422
1768503409.0602813,47.085
1768503409.162415,33.014
1768503409.2645807,43.176
1768503409.366775,34.001
1768503409.4716873,41.428
1768503409.5739806,36.053
1768503409.6769037,37.51
1768503409.7818153,45.046
1768503409.884186,32.817
1768503409.9864492,42.684
1768503410.0886862,34.1
1768503410.1909964,41.404
1768503410.2969205,37.215
1768503410.3992145,37.609
1768503410.5022106,41.896
1768503410.6044679,32.718
1768503410.7067142,42.782
1768503410.808892,34.297
1768503410.9112396,39.853
1768503411.013486,37.806
1768503411.1157284,36.525
1768503411.2209373,45.216
1768503411.3234122,33.113
1768503411.4258149,41.306
1768503411.5281918,36.25
1768503411.6305943,36.546
1768503411.7329996,46.129
1768503411.83532,33.31
1768503411.937535,43.767
1768503412.0397272,34.376
1768503412.1460629,40.739
1768503412.2482116,36.645
1768503412.3504815,38.814
1768503412.4527407,38.868
1768503412.5549078,32.817
1768503412.6572332,33.014
1768503412.7600412,44.777
1768503412.8621345,33.508
1768503412.9643056,42.709
1768503413.066476,35.264
1768503413.1715908,39.186
1768503413.273963,37.236
1768503413.37624,38.223
1768503413.4784887,38.989
1768503413.5806925,32.422
1768503413.683028,47.352
1768503413.7852638,33.508
1768503413.8874414,43.373
1768503413.9896884,34.968
1768503414.0958505,37.215
1768503414.198398,43.274
1768503414.3006992,32.817
1768503414.4031367,43.3
1768503414.505376,33.902
1768503414.6075122,42.118
1768503414.7102554,35.757
1768503414.8125393,38.003
1768503414.9151027,39.58
1768503415.017425,32.422
1768503415.124022,42.807
1768503415.2263682,34.672
1768503415.3287616,35.087
1768503415.4323664,46.959
1768503415.5346303,33.113
1768503415.6368954,42.118
1768503415.7392085,36.743
1768503415.8414223,34.179
1768503415.9466014,45.637
1768503416.0490968,33.113
1768503416.1512947,42.979
1768503416.253601,35.264
1768503416.3559299,38.397
1768503416.458201,39.754
1768503416.5604966,32.718
1768503416.6627328,42.782
1768503416.7650623,33.902
1768503416.8713665,38.989
1768503416.9736967,38.397
1768503417.0760067,32.422
1768503417.1782413,47.675
1768503417.280497,33.508
1768503417.3828905,35.264
1768503417.4850235,36.25
1768503417.58721,43.227
1768503417.6894298,40.247
1768503417.7915947,32.817
1768503417.8975809,38.2
1768503417.9998558,38.299
1768503418.1022882,32.323
1768503418.2045074,43.668
1768503418.306729,34.001
1768503418.4089866,41.921
1768503418.5113935,35.954
1768503418.613952,34.495
1768503418.7162962,38.792
1768503418.8228958,40.369
1768503418.9251914,32.62
1768503419.0274947,43.668
1768503419.12982,35.362
1768503419.2321086,37.708
1768503419.3344388,40.444
1768503419.436739,32.521
1768503419.5388815,46.593
1768503419.641127,33.31
1768503419.7434504,41.995
1768503419.8485043,35.264
1768503419.9506822,36.94
1768503420.0534008,35.461
1768503420.155554,34.199
1768503420.2577379,33.409
1768503420.3600209,33.212
1768503420.4621265,33.902
1768503420.564235,37.905
1768503420.6664171,37.412
1768503420.7700644,36.25
1768503420.87235,34.988
1768503420.9745302,34.199
1768503421.0767508,33.31
1768503421.1788895,34.396
1768503421.2811544,38.299
1768503421.3834026,37.729
1768503421.4855943,36.743
1768503421.5877512,36.842
1768503421.6900465,37.532
1768503421.792295,37.708
1768503421.8976028,37.215
1768503421.9997802,37.236
1768503422.1019843,36.842
1768503422.2041595,35.856
1768503422.3079078,33.409
1768503422.410009,33.014
1768503422.5122895,44.331
1768503422.6144278,33.606
1768503422.7165568,37.905
1768503422.8232768,42.709
1768503422.9255335,32.817
1768503423.027758,38.42
1768503423.1300738,42.118
1768503423.2323232,33.014
1768503423.3345857,42.216
1768503423.4368153,35.658
1768503423.5391397,37.729
1768503423.6414208,41.995
1768503423.7476897,33.014
1768503423.850081,42.979
1768503423.9523275,34.593
1768503424.0545902,40.073
1768503424.156908,36.722
1768503424.259229,37.51
1768503424.361385,41.33
1768503424.4637225,32.718
1768503424.5661027,43.373
1768503424.673358,34.771
1768503424.7756822,38.2
1768503424.877992,38.003
1768503424.9802573,34.001
1768503425.0824814,46.888
1768503425.1847389,33.113
1768503425.2872105,41.527
1768503425.3894687,36.842
1768503425.491702,36.349
1768503425.5967205,43.078
1768503425.6990852,32.817
1768503425.8013864,42.881
1768503425.903601,34.297
1768503426.0060203,38.299
1768503426.1082304,39.754
1768503426.2105217,32.521
1768503426.312702,46.566
1768503426.4148748,33.31
1768503426.5171247,42.216
1768503426.6230772,35.658
1768503426.7252855,36.94
1768503426.827528,32.62
1768503426.9308257,43.201
1768503427.033012,34.278
1768503427.1350803,39.209
1768503427.237222,38.025
1768503427.3393154,32.323
1768503427.441457,46.888
1768503427.5435383,33.113
1768503427.6484811,42.388
1768503427.7507858,34.869
1768503427.8530552,39.012
1768503427.9552977,38.321
1768503428.0575204,32.916
1768503428.1597743,46.888
1768503428.2619963,33.705
1768503428.364303,40.715
1768503428.466485,36.919
1768503428.5686836,32.225
1768503428.6749256,39.186
1768503428.777204,38.397
1768503428.8794336,32.422
1768503428.9818547,44.501
1768503429.0841217,33.804
1768503429.1865072,38.989
1768503429.2887762,40.542
1768503429.391009,32.62
1768503429.4936202,43.176
1768503429.6000407,34.771
1768503429.7024982,36.842
1768503429.8047528,44.16
1768503429.907039,32.916
1768503430.0095356,42.906
1768503430.1117647,36.151
1768503430.2141674,36.447
1768503430.3164144,46.074
1768503430.4187412,33.409
1768503430.5242805,42.709
1768503430.6265469,35.757
1768503430.728706,37.039
1768503430.8310173,42.315
1768503430.9332666,32.817
1768503431.0356898,42.979
1768503431.1380906,35.362
1768503431.2404864,37.412
1768503431.3428128,40.641
1768503431.4450161,32.718
1768503431.5506144,43.668
1768503431.652779,39.383
1768503431.7561505,38.2
1768503431.8582442,32.225
1768503431.9605322,47.282
1768503432.062647,33.508
1768503432.1648726,42.019
1768503432.267192,36.546
1768503432.3693635,36.645
1768503432.4758322,42.216
1768503432.5780933,32.718
1768503432.6804388,42.684
1768503432.7826211,34.1
1768503432.8851674,39.876
1768503432.9874568,38.397
1768503433.0896618,32.817
1768503433.1918895,39.163
1768503433.2941077,40.739
1768503433.4002082,32.817
1768503433.5023983,42.684
1768503433.6045678,34.869
1768503433.7067394,39.679
1768503433.8089805,36.919
1768503433.9113133,36.919
1768503434.013751,39.951
1768503434.1159425,32.521
1768503434.2192922,45.976
1768503434.3255308,33.409
1768503434.427801,43.471
1768503434.5300765,34.692
1768503434.6322982,39.754
1768503434.7346137,37.609
1768503434.837124,32.323
1768503434.9393768,43.668
1768503435.0417802,33.902
1768503435.1441586,39.383
1768503435.2464094,38.89
1768503435.351888,32.521
1768503435.454179,43.201
1768503435.5566185,34.376
1768503435.6588783,38.397
1768503435.7613153,38.397
1768503435.8636827,32.422
1768503435.9659555,45.243
1768503436.0682151,33.014
1768503436.1707277,43.078
1768503436.2767565,38.989
1768503436.3801744,37.51
1768503436.4823987,33.784
1768503436.5847545,45.216
1768503436.6871512,33.212
1768503436.789549,42.192
1768503436.8916178,35.461
1768503436.9939644,38.025
1768503437.1009386,39.284
1768503437.203463,32.521
1768503437.3057058,42.684
1768503437.4082544,34.495
1768503437.5104241,39.262
1768503437.6130023,37.609
1768503437.715344,35.264
1768503437.8179655,46.271
1768503437.9201448,33.31
1768503438.027872,43.078
1768503438.1300387,34.573
1768503438.2327652,32.046
1768503438.3352177,41.625
1768503438.4374642,37.806
1768503438.5411148,33.409
1768503438.643424,33.113
1768503438.7505364,41.034
1768503438.8528934,45.905
1768503438.9552076,34.791
1768503439.0575016,36.722
1768503439.1598213,43.57
1768503439.2623932,33.014
1768503439.3647141,42.29
1768503439.467115,34.968
1768503439.56934,37.489
1768503439.6743855,40.27
1768503439.7767143,32.62
1768503439.8790536,44.16
1768503439.9812777,33.606
1768503440.0836723,41.33
1768503440.1859725,35.954
1768503440.2882037,36.743
1768503440.3904386,43.963
1768503440.4928288,33.014
1768503440.5998235,34.692
1768503440.702328,38.595
1768503440.8044844,38.89
1768503440.9066072,32.521
1768503441.0087216,46.79
1768503441.111036,33.508
1768503441.213192,42.143
1768503441.315376,35.757
1768503441.4175062,37.51
1768503441.519624,39.284
1768503441.6257339,32.62
1768503441.7279842,45.413
1768503441.8302305,33.804
1768503441.932413,42.093
1768503442.0346682,36.25
1768503442.1370895,36.842
1768503442.2393618,42.192
1768503442.3416333,33.014
1768503442.4439814,42.684
1768503442.5503864,35.264
1768503442.6526222,38.496
1768503442.7548478,38.397
1768503442.8613513,35.264
1768503442.9638836,45.932
1768503443.0672412,33.014
1768503443.1696105,42.216
1768503443.274238,34.968
1768503443.37659,38.868
1768503443.4790184,38.299
1768503443.5813787,32.323
1768503443.6836214,45.216
1768503443.7858834,33.606
1768503443.8882754,42.61
1768503443.9904916,34.771
1768503444.0926304,38.518
1768503444.1948347,38.299
1768503444.3011653,34.179
1768503444.403578,43.3
1768503444.5057433,32.916
1768503444.6080074,45.511
1768503444.7102635,33.409
1768503444.8124707,43.497
1768503444.9147015,35.461
1768503445.0170434,37.412
1768503445.1193173,39.974
1768503445.224329,45.315
1768503445.327661,33.409
1768503445.429775,41.231
1768503445.5318844,35.658
1768503445.6339834,37.095
1768503445.7360797,40.444
1768503445.838186,32.62
1768503445.9402301,46.2
1768503446.042507,33.804
1768503446.1445925,39.58
1768503446.2513208,39.284
1768503446.353632,32.521
1768503446.4559147,46.987
1768503446.5583222,33.212
1768503446.6606064,43.471
1768503446.762903,34.495
1768503446.8650928,40.247
1768503446.9673362,36.842
1768503447.069656,35.067
1768503447.1762164,43.471
1768503447.279029,32.916
1768503447.3811903,43.767
1768503447.4837296,34.297
1768503447.5859132,38.496
1768503447.688116,38.299
1768503447.7903423,36.842
1768503447.8926132,46.79
1768503447.994825,33.212
1768503448.1014383,40.444
1768503448.2037215,37.313
1768503448.3061414,32.422
1768503448.4083009,42.61
1768503448.51047,33.902
1768503448.6129324,32.027
1768503448.7153406,40.172
1768503448.8176427,36.645
1768503448.9200697,36.151
1768503449.0250638,43.694
1768503449.127484,33.014
1768503449.2298312,42.192
1768503449.3320947,35.56
1768503449.434579,36.94
1768503449.5368447,41.428
1768503449.6391838,32.817
1768503449.7414348,43.176
1768503449.8437994,33.982
1768503449.946111,39.679
1768503450.0519354,36.25
1768503450.1540623,44.16
1768503450.256253,33.113
1768503450.3586543,38.299
1768503450.4608274,34.968
1768503450.5633018,35.461
1768503450.6655154,34.889
1768503450.7677066,34.179
1768503450.8698397,33.705
1768503450.974208,35.658
1768503451.0765724,32.521
1768503451.178735,33.705
1768503451.2809086,33.212
1768503451.3830924,35.856
1768503451.4852688,37.927
1768503451.5874043,37.215
1768503451.6896195,35.264
1768503451.7917373,34.001
1768503451.89391,33.409
1768503451.996831,32.817
1768503452.0995033,35.56
1768503452.201755,38.08
1768503452.3056617,35.954
1768503452.4079223,36.349
1768503452.5101302,37.138
1768503452.612355,36.919
1768503452.71472,36.546
1768503452.8169582,36.349
1768503452.9191039,36.151
1768503453.0241196,32.718
1768503453.1262822,44.751
1768503453.2284417,33.409
1768503453.3305504,38.003
1768503453.4327946,43.865
1768503453.5351162,33.014
1768503453.637433,40.369
1768503453.7401168,36.94
1768503453.8424625,34.356
1768503453.9449334,46.593
1768503454.0504432,33.113
1768503454.1527252,42.315
1768503454.2551756,35.067
1768503454.3573809,37.412
1768503454.459597,40.838
1768503454.56208,32.718
1768503454.664386,43.176
1768503454.7666893,34.199
1768503454.8690495,39.383
1768503454.9757776,32.62
1768503455.0779026,44.528
1768503455.1800966,33.508
1768503455.2822046,42.315
1768503455.3842869,35.067
1768503455.4863892,37.434
1768503455.5885463,40.172
1768503455.6905794,32.521
1768503455.7928042,47.549
1768503455.894987,33.31
1768503456.000719,42.684
1768503456.103026,34.692
1768503456.2052484,39.777
1768503456.307466,36.94
1768503456.409842,36.94
1768503456.512217,41.428
1768503456.6145723,32.62
1768503456.7177222,45.019
1768503456.8199906,33.606
1768503456.9275486,41.625
1768503457.0298145,35.461
1768503457.1393733,39.087
1768503457.2416685,43.668
1768503457.3440244,32.718
1768503457.449387,43.274
1768503457.55159,34.396
1768503457.6537797,38.671
1768503457.756119,38.397
1768503457.858276,36.426
1768503457.9604921,45.341
1768503458.0627594,32.916
1768503458.1650512,42.585
1768503458.267338,34.1
1768503458.3734064,39.065
1768503458.4755971,37.708
1768503458.5778394,32.323
1768503458.6801846,38.474
1768503458.7824366,38.102
1768503458.884616,35.658
1768503458.9868746,45.145
1768503459.0890434,32.916
1768503459.1912396,34.001
1768503459.295087,40.05
1768503459.400233,38.397
1768503459.5024712,32.521
1768503459.6047018,42.979
1768503459.7068894,33.902
1768503459.809115,39.58
1768503459.9113965,37.236
1768503460.0136945,36.623
1768503460.1158755,44.259
1768503460.218055,33.014
1768503460.3204136,43.373
1768503460.4259493,34.988
1768503460.528196,38.792
1768503460.630388,38.595
1768503460.7328112,32.422
1768503460.8350754,47.479
1768503460.9378936,33.705
1768503461.0401404,40.641
1768503461.1422846,36.842
1768503461.2449687,36.546
1768503461.3512864,42.782
1768503461.453564,32.718
1768503461.5557618,42.585
1768503461.658055,34.791
1768503461.761696,38.375
1768503461.8639696,39.36
1768503461.9662697,32.521
1768503462.0685596,44.528
1768503462.1750276,33.606
1768503462.2773337,41.133
1768503462.3796763,36.151
1768503462.481908,36.645
1768503462.5842488,43.963
1768503462.6865506,32.916
1768503462.7887802,43.767
1768503462.8911262,34.593
1768503462.9932919,38.595
1768503463.0956013,38.966
1768503463.201668,32.62
1768503463.3039143,45.932
1768503463.4061003,33.606
1768503463.5083888,41.428
1768503463.6106262,35.165
1768503463.7129357,39.383
1768503463.8152797,37.335
1768503463.9176297,43.471
1768503464.0201874,33.902
1768503464.125448,40.739
1768503464.2276716,35.954
1768503464.330592,36.94
1768503464.4328837,41.822
1768503464.5351853,32.916
1768503464.6374695,43.373
1768503464.7399144,34.593
1768503464.8421733,38.277
1768503464.9444783,39.656
1768503465.0467436,32.62
1768503465.1521966,43.57
1768503465.2544658,33.705
1768503465.3566787,41.133
1768503465.4588842,35.954
1768503465.5615866,36.722
1768503465.6639283,42.019
1768503465.7661622,32.718
1768503465.8685014,43.471
1768503465.9708798,33.902
1768503466.077562,39.58
1768503466.1823416,38.299
1768503466.2848556,36.131
1768503466.3872204,42.757
1768503466.4895537,32.718
1768503466.5920017,43.595
1768503466.6943226,33.804
1768503466.8010948,40.739
1768503466.9034448,36.842
1768503467.0058215,35.658
1768503467.1081126,43.668
1768503467.2103417,32.817
1768503467.3126643,43.078
1768503467.4150343,34.001
1768503467.5173614,39.656
1768503467.6195447,37.236
1768503467.7246935,37.116
1768503467.8269253,42.585
1768503467.929103,32.817
1768503468.0313923,42.979
1768503468.1336348,34.1
1768503468.2358317,39.853
1768503468.338152,43.497
1768503468.4403992,42.954
1768503468.5430088,38.792
1768503468.650196,33.113
1768503468.7525492,42.906
1768503468.8549798,34.869
1768503468.9572616,38.989
1768503469.0594566,37.806
1768503469.161708,35.264
1768503469.2639573,43.865
1768503469.3661299,32.817
1768503469.4683058,45.637
1768503469.5753932,33.508
1768503469.6775665,42.019
1768503469.7798107,35.264
1768503469.8820379,38.868
1768503469.9842694,38.2
1768503470.086552,37.236
1768503470.1894977,42.216
1768503470.2918258,32.817
1768503470.3941543,44.652
1768503470.50167,34.1
1768503470.603935,42.019
1768503470.70624,35.954
1768503470.808681,37.905
1768503470.91103,40.838
1768503471.0133018,32.521
1768503471.1156416,45.341
1768503471.2178743,33.508
1768503471.3201907,41.306
1768503471.4252336,35.264
1768503471.5274606,37.631
1768503471.6297202,38.89
1768503471.7319202,32.422
1768503471.8341582,46.566
1768503471.9364748,33.113
1768503472.0388024,42.143
1768503472.141157,36.151
1768503472.243577,36.94
1768503472.3458788,42.585
1768503472.4522748,32.817
1768503472.5545862,43.57
1768503472.6568773,34.495
1768503472.7591767,37.905
1768503472.8614724,39.974
1768503472.9638398,44.062
1768503473.0671215,34.278
1768503473.169296,38.868
1768503473.275854,38.693
1768503473.378259,32.422
1768503473.4805071,47.184
1768503473.5827944,33.409
1768503473.6850972,41.428
1768503473.7873712,36.053
1768503473.8897545,37.609
1768503473.9920812,39.163
1768503474.094343,32.323
1768503474.2011669,47.057
1768503474.3035457,33.212
1768503474.4063709,42.487
1768503474.5085726,34.869
1768503474.6107132,39.186
1768503474.7130637,38.693
1768503474.8153543,32.798
1768503474.9177508,47.184
1768503475.0208323,33.113
1768503475.1260636,41.231
1768503475.2284405,36.743
1768503475.3307865,36.722
1768503475.433084,44.429
1768503475.5353947,33.212
1768503475.6377897,42.315
1768503475.7400582,35.461
1768503475.84239,38.769
1768503475.9447129,38.397
1768503476.0510833,32.422
1768503476.1538832,43.471
1768503476.2562869,33.705
1768503476.3585396,39.36
1768503476.4608443,37.039
1768503476.5631444,34.376
1768503476.6654158,43.446
1768503476.7677114,32.916
1768503476.8701706,42.881
1768503476.9761121,34.396
1768503477.0784976,38.025
1768503477.1807566,40.172
1768503477.2829933,32.62
1768503477.3858755,33.705
1768503477.4896452,40.247
1768503477.5916996,36.349
1768503477.6937785,37.51
1768503477.7998116,40.345
1768503477.90203,32.62
1768503478.0042877,45.243
1768503478.1067078,33.508
1768503478.2089474,42.979
1768503478.3113284,35.56
1768503478.4135325,36.645
1768503478.5157578,44.285
1768503478.618138,37.116
1768503478.7203596,36.743
1768503478.8265965,41.527
1768503478.9287996,32.521
1768503479.0310392,42.881
1768503479.133221,34.396
1768503479.2361474,39.065
1768503479.338317,37.708
1768503479.4422274,36.919
1768503479.544423,43.57
1768503479.649639,32.718
1768503479.751941,43.176
1768503479.8542354,34.376
1768503479.9565656,38.2
1768503480.0589397,39.284
1768503480.1613922,33.686
1768503480.2636116,47.38
1768503480.3659031,33.212
1768503480.4681187,43.642
1768503480.575122,34.791
1768503480.6775162,39.065
1768503480.7799568,37.018
1768503480.8823767,37.609
1768503480.984535,37.335
1768503481.086766,37.905
1768503481.1890306,37.116
1768503481.291271,36.25
1768503481.3934934,32.422
1768503481.496466,32.916
1768503481.5986547,32.817
1768503481.7008293,32.817
1768503481.8030086,32.718
1768503481.9052465,36.468
1768503482.0075588,35.264
1768503482.1109214,32.521
1768503482.2130184,32.62
1768503482.3151538,32.817
1768503482.417317,32.916
1768503482.5229237,33.113
1768503482.6251214,33.409
1768503482.727346,34.1
1768503482.829634,34.396
1768503482.9318497,35.264
1768503483.0342536,37.138
1768503483.1365697,36.919
1768503483.238997,34.672
1768503483.3412623,32.817
1768503483.4436846,41.822
1768503483.5497417,35.658
1768503483.6519895,32.126
1768503483.7545664,41.034
1768503483.860877,37.708
1768503483.9631872,32.243
1768503484.0653849,42.487
1768503484.1676757,34.376
1768503484.2745583,38.2
1768503484.3768377,39.754
1768503484.4791372,32.521
1768503484.58143,42.979
1768503484.6837182,34.396
1768503484.7861385,39.284
1768503484.8883982,39.186
1768503484.990924,32.323
1768503485.0931826,46.074
1768503485.1994696,33.212
1768503485.3017275,41.798
1768503485.4039085,35.954
1768503485.506469,36.743
1768503485.608708,40.936
1768503485.710992,32.521
1768503485.813378,45.216
1768503485.915714,33.31
1768503486.0219631,41.428
1768503486.124414,36.053
1768503486.2266862,37.729
1768503486.329112,39.58
1768503486.4314184,42.512
1768503486.5338984,33.902
1768503486.6360815,40.641
1768503486.7381923,35.856
1768503486.8403869,37.609
1768503486.9429169,41.551
1768503487.0489426,32.718
1768503487.1513872,44.456
1768503487.253657,33.902
1768503487.3559406,40.125
1768503487.458487,36.743
1768503487.5607536,36.546
1768503487.6630354,42.807
1768503487.7653124,32.916
1768503487.8675618,42.979
1768503487.9741933,35.165
1768503488.0764415,38.223
1768503488.1787515,40.861
1768503488.2809937,32.521
1768503488.3839357,42.782
1768503488.4863553,34.199
1768503488.58866,31.929
1768503488.6909351,43.176
1768503488.7932494,34.199
1768503488.8987854,39.876
1768503489.0010214,38.2
1768503489.1033564,36.743
1768503489.2056136,43.767
1768503489.307918,32.718
1768503489.4102485,42.61
1768503489.5124905,34.1
1768503489.6146977,40.444
1768503489.7169352,36.447
1768503489.823574,36.743
1768503489.925881,41.822
1768503490.0281346,32.521
1768503490.1303365,46.762
1768503490.232577,33.014
1768503490.3348892,43.595
1768503490.4373088,34.593
1768503490.539701,38.693
1768503490.6420105,39.087
1768503490.748035,32.521
1768503490.8502765,47.155
1768503490.9525802,33.212
1768503491.0548036,34.573
1768503491.1575558,39.679
1768503491.2600095,37.532
1768503491.3623374,36.743
1768503491.4644072,44.062
1768503491.566731,32.916
1768503491.672665,43.668
1768503491.7750533,34.376
1768503491.8774774,40.369
1768503491.9799588,37.905
1768503492.0822341,35.067
1768503492.1844337,44.921
1768503492.286698,32.916
1768503492.3890092,42.979
1768503492.491197,34.001
1768503492.5939534,40.912
1768503492.7014427,36.447
1768503492.803924,38.814
1768503492.907995,39.459
1768503493.0101674,32.521
1768503493.1126971,46.271
1768503493.2149482,33.606
1768503493.3175445,42.216
1768503493.422515,36.25
1768503493.5249963,37.981
1768503493.6274061,40.861
1768503493.7297223,32.422
1768503493.8319564,47.479
1768503493.9341905,33.014
1768503494.036496,43.274
1768503494.138694,34.396
1768503494.2410312,39.777
1768503494.3474653,37.138
1768503494.449668,37.51
1768503494.5519884,41.157
1768503494.6542187,32.521
1768503494.7565072,46.172
1768503494.8587859,33.31
1768503494.9612052,42.979
1768503495.0634649,35.264
1768503495.1657445,38.693
1768503495.2725077,38.003
1768503495.374824,32.521
1768503495.4773278,33.212
1768503495.579846,41.527
1768503495.6820889,35.757
1768503495.7843862,38.102
1768503495.886646,39.36
1768503495.988743,32.521
1768503496.091005,46.2
1768503496.1986203,33.31
1768503496.3008287,42.979
1768503496.403148,34.179
1768503496.505422,40.148
1768503496.6077197,36.546
1768503496.7100973,36.919
1768503496.8125458,42.118
1768503496.9152577,32.521
1768503497.0227382,45.681
1768503497.1249917,33.212
1768503497.2280529,43.176
1768503497.3302102,34.593
1768503497.432474,40.664
1768503497.5346665,36.25
1768503497.6368825,37.313
1768503497.7391152,40.369
1768503497.846472,32.521
1768503497.9486775,47.479
1768503498.0509474,33.31
1768503498.1532319,43.103
1768503498.2554483,35.165
1768503498.357708,32.027
1768503498.4599893,39.459
1768503498.562307,46.719
1768503498.664594,45.413
1768503498.7715075,35.954
1768503498.8739002,32.323
1768503498.9761586,36.94
1768503499.0784578,45.484
1768503499.1806858,33.409
1768503499.2829788,41.231
1768503499.3852403,35.954
1768503499.4874268,36.842
1768503499.5897284,43.471
1768503499.6919081,32.916
1768503499.7970374,42.684
1768503499.89927,38.496
1768503500.0025167,39.482
1768503500.1046119,32.521
1768503500.206802,43.373
1768503500.3089767,34.001
1768503500.4112532,40.05
1768503500.513315,36.349
1768503500.61547,37.532
1768503500.7175884,41.034
1768503500.8235397,32.521
1768503500.9258225,46.369
1768503501.0281827,33.31
1768503501.1303718,43.497
1768503501.2325304,34.396
1768503501.3348806,40.172
1768503501.4371243,36.842
1768503501.5394385,36.82
1768503501.6416276,41.33
1768503501.7487743,32.62
1768503501.8510015,46.621
1768503501.9533455,33.113
1768503502.055714,42.979
1768503502.158314,34.199
1768503502.2605753,41.133
1768503502.3627431,35.856
1768503502.4650064,37.609
1768503502.5672293,41.231
1768503502.6739323,32.62
1768503502.776119,46.2
1768503502.8783507,33.212
1768503502.980536,43.741
1768503503.0826979,34.771
1768503503.184873,39.557
1768503503.2872279,36.743
1768503503.389372,37.631
1768503503.4915354,41.133
1768503503.5937505,32.718
1768503503.6983438,42.29
1768503503.8007,34.475
1768503503.9029386,38.572
1768503504.0051694,40.369
1768503504.1073625,32.62
1768503504.2096179,44.554
1768503504.3117752,33.508
1768503504.4140606,41.699
1768503504.5162551,34.771
1768503504.618509,39.186
1768503504.723924,36.525
1768503504.8277957,41.798
1768503504.9299276,32.718
1768503505.0319912,44.528
1768503505.1340616,33.705
1768503505.236313,41.625
1768503505.338363,36.053
1768503505.440404,37.927
1768503505.5425234,39.284
1768503505.6445758,33.804
1768503505.749686,44.331
1768503505.8518841,32.817
1768503505.9541402,43.176
1768503506.0563738,34.495
1768503506.1586592,39.876
1768503506.2608917,37.116
1768503506.3637805,36.645
1768503506.4661078,42.807
1768503506.5683587,32.62
1768503506.670615,43.544
1768503506.7844584,33.606
1768503506.8868766,42.709
1768503506.9891765,35.56
1768503507.091371,37.51
1768503507.1936846,41.034
1768503507.2996767,32.62
1768503507.4019945,45.681
1768503507.5042121,33.902
1768503507.6064773,39.777
1768503507.7087715,38.89
1768503507.8111804,32.897
1768503507.9134498,45.118
1768503508.015689,33.113
1768503508.1179347,41.896
1768503508.2244754,34.771
1768503508.3267155,37.927
1768503508.4289818,39.383
1768503508.5314064,32.422
1768503508.6337037,35.757
1768503508.7359533,40.444
1768503508.8382142,32.62
1768503508.9405022,45.637
1768503509.042812,33.31
1768503509.1484587,41.527
1768503509.2520723,33.014
1768503509.3542533,42.782
1768503509.4565096,35.165
1768503509.5589736,37.609
1768503509.6611295,39.459
1768503509.7633939,32.62
1768503509.8654523,46.172
1768503509.967774,33.508
1768503510.0738568,39.284
1768503510.1762526,38.397
1768503510.2784967,32.422
1768503510.3806512,47.352
1768503510.4828944,33.508
1768503510.585152,41.748
1768503510.687432,35.954
1768503510.7896783,36.842
1768503510.8920333,42.413
1768503510.9942694,32.916
1768503511.1014276,38.792
1768503511.204507,35.856
1768503511.3068285,34.573
1768503511.4090858,33.705
1768503511.5112848,33.409
1768503511.6135044,33.113
1768503511.7158563,32.916
1768503511.818313,35.165
1768503511.9207435,37.927
1768503512.0228875,37.138
1768503512.1251957,36.053
1768503512.2275512,34.771
1768503512.3299544,34.1
1768503512.4321787,33.606
1768503512.5343409,33.014
1768503512.6365647,35.362
1768503512.7387297,36.623
1768503512.840886,36.546
1768503512.9439409,38.397
1768503513.0461693,37.434
1768503513.1486707,36.053
1768503513.2509062,32.422
1768503513.353372,32.718
1768503513.4556391,33.31
1768503513.5578754,34.001
1768503513.660107,34.495
1768503513.7622814,35.658
1768503513.8647223,39.754
1768503513.9670365,39.163
1768503514.073537,36.546
1768503514.175756,42.192
1768503514.2780116,35.856
1768503514.380194,32.225
1768503514.4823508,42.265
1768503514.5845397,33.902
1768503514.6867533,38.792
1768503514.7889574,39.656
1768503514.8910694,32.422
1768503514.9932065,47.085
1768503515.1002307,33.705
1768503515.2024977,40.566
1768503515.3048759,36.25
1768503515.4077358,37.095
1768503515.5101545,41.33
1768503515.6122692,32.62
1768503515.7144873,44.134
1768503515.8207362,33.508
1768503515.9260952,41.306
1768503516.0295634,35.461
1768503516.1319752,36.743
1768503516.2342465,42.684
1768503516.3365018,32.718
1768503516.438728,44.823
1768503516.5409741,33.508
1768503516.643307,42.019
1768503516.7490728,36.25
1768503516.851419,37.236
1768503516.9537802,42.29
1768503517.056207,32.817
1768503517.15845,42.782
1768503517.2606483,33.705
1768503517.36297,39.754
1768503517.465581,36.919
1768503517.5678532,36.525
1768503517.6738162,42.807
1768503517.7761736,32.817
1768503517.878418,44.233
1768503517.9807084,33.705
1768503518.0830762,39.853
1768503518.1853805,36.842
1768503518.2878766,32.323
1768503518.3901956,42.659
1768503518.4924173,33.804
1768503518.5947564,36.271
1768503518.700379,34.376
1768503518.8026288,38.89
1768503518.9051838,38.89
1768503519.0073478,32.323
1768503519.1093957,36.25
1768503519.211484,46.692
1768503519.3137562,33.409
1768503519.4159904,42.019
1768503519.5181723,35.165
1768503519.6202102,38.2
1768503519.7263494,38.299
1768503519.8287277,36.919
1768503519.93116,40.566
1768503520.0333316,32.521
1768503520.1356506,46.987
1768503520.2384474,33.31
1768503520.340734,43.249
1768503520.4430504,35.383
1768503520.5464416,32.225
1768503520.6510818,42.782
1768503520.7532728,33.902
1768503520.8556178,40.05
1768503520.957916,36.743
1768503521.0601678,35.461
1768503521.1624103,42.807
1768503521.2646348,32.817
1768503521.3668349,42.782
1768503521.4691527,33.705
1768503521.5713954,39.186
1768503521.6768954,36.919
1768503521.7795038,36.447
1768503521.8817558,43.668
1768503521.984415,32.916
1768503522.0868173,41.404
1768503522.189383,34.376
1768503522.2916708,38.989
1768503522.3942392,37.631
1768503522.4964106,36.349
1768503522.6025379,42.906
1768503522.7047293,32.916
1768503522.807282,42.782
1768503522.9094257,33.804
1768503523.0119956,40.641
1768503523.1142907,36.053
1768503523.2169952,38.375
1768503523.3192973,39.383
1768503523.4218006,42.61
1768503523.529508,32.718
1768503523.6315293,43.201
1768503523.7336416,33.804
1768503523.8357897,41.034
1768503523.9378793,35.954
1768503524.0400236,37.412
1768503524.1420598,39.754
1768503524.2441795,32.62
1768503524.3463275,46.593
1768503524.45338,33.113
1768503524.5555797,43.57
1768503524.657694,34.495
1768503524.759963,39.557
1768503524.862176,36.645
1768503524.9643583,36.743
1768503525.0669963,42.512
1768503525.1692224,32.521
1768503525.2715008,44.58
1768503525.3767924,33.31
1768503525.479128,42.979
1768503525.5813742,34.672
1768503525.6836357,38.792
1768503525.785879,37.116
1768503525.8883297,36.701
1768503525.9905946,41.428
1768503526.0928864,32.521
1768503526.1950767,45.243
1768503526.3019354,33.212
1768503526.4041164,42.906
1768503526.5063019,34.968
1768503526.6085756,38.89
1768503526.710767,37.828
1768503526.813026,35.757
1768503526.9152303,44.186
1768503527.0175138,32.817
1768503527.1197464,40.715
1768503527.2268875,35.954
1768503527.3292754,37.215
1768503527.4315617,40.763
1768503527.5337791,32.422
1768503527.636015,47.085
1768503527.7382226,33.113
1768503527.8404093,42.979
1768503527.9426506,42.782
1768503528.046182,35.165
1768503528.1519861,37.905
1768503528.2544339,42.216
1768503528.3566625,33.705
1768503528.4588246,39.731
1768503528.561174,42.487
1768503528.6635082,34.199
1768503528.7658424,38.124
1768503528.86813,38.397
1768503528.970321,32.323
1768503529.0767615,46.003
1768503529.1790261,33.31
1768503529.2817357,42.684
1768503529.3840017,34.771
1768503529.489226,38.89
1768503529.592852,38.595
1768503529.6951237,32.323
1768503529.8008893,46.664
1768503529.903109,33.014
1768503530.005358,43.201
1768503530.1076987,34.573
1768503530.210086,39.679
1768503530.3124702,37.434
1768503530.4148457,37.631
1768503530.5172255,40.739
1768503530.6196382,32.323
1768503530.7246523,46.129
1768503530.8270278,32.718
1768503530.929315,45.708
1768503531.0315835,33.409
1768503531.133821,41.231
1768503531.2361004,34.771
1768503531.3382998,39.656
1768503531.4405427,36.349
1768503531.5427346,37.138
1768503531.6449947,40.739
1768503531.751202,32.521
1768503531.8536983,45.243
1768503531.9561598,33.409
1768503532.0584514,42.118
1768503532.1608737,35.264
1768503532.263241,36.743
1768503532.3655343,32.422
1768503532.469099,44.357
1768503532.5757606,34.001
1768503532.6781187,41.33
1768503532.7804096,35.954
1768503532.8827674,37.905
1768503532.9850564,39.679
1768503533.0873039,32.422
1768503533.18952,46.369
1768503533.2918544,32.916
1768503533.3940363,42.782
1768503533.5012348,34.297
1768503533.603431,41.034
1768503533.7057009,36.151
1768503533.807927,37.905
1768503533.9114878,38.792
1768503534.013652,32.502
1768503534.116053,45.216
1768503534.2183723,32.916
1768503534.3248734,43.668
1768503534.4271638,34.199
1768503534.5294335,40.345
1768503534.6318007,37.138
1768503534.7340457,37.039
1768503534.8362832,42.709
1768503534.938644,32.521
1768503535.0408938,46.397
1768503535.143103,33.409
1768503535.2503943,43.497
1768503535.3526766,34.593
1768503535.4548814,40.247
1768503535.5572412,37.138
1768503535.6594055,36.743
1768503535.7618473,41.921
1768503535.864031,32.521
1768503535.966292,46.861
1768503536.0686557,33.113
1768503536.1742299,40.566
1768503536.2764835,36.151
1768503536.3787105,36.743
1768503536.4810276,41.33
1768503536.5832527,32.718
1768503536.685572,42.979
1768503536.7878063,33.804
1768503536.8900197,34.889
1768503536.992778,39.186
1768503537.095317,37.905
1768503537.2007716,36.447
1768503537.3031833,42.782
1768503537.4053986,32.62
1768503537.5076487,42.881
1768503537.6098685,34.001
1768503537.712179,41.231
1768503537.8144338,35.757
1768503537.9168448,38.671
1768503538.0192046,38.716
1768503538.1250243,32.916
1768503538.2272928,46.888
1768503538.3295832,34.001
1768503538.432,41.133
1768503538.5346909,37.138
1768503538.636936,33.606
1768503538.7392097,41.133
1768503538.8415034,35.856
1768503538.9436765,37.905
1768503539.0460253,39.777
1768503539.1506567,32.422
1768503539.2528908,46.2
1768503539.3552175,33.31
1768503539.4574842,43.004
1768503539.559776,34.692
1768503539.6620796,39.087
1768503539.7643874,37.806
1768503539.8666818,34.08
1768503539.9689865,46.692
1768503540.0712876,32.916
1768503540.17656,42.487
1768503540.2788875,35.264
1768503540.3811626,37.335
1768503540.4834101,42.906
1768503540.5857568,32.718
1768503540.6880748,42.979
1768503540.790375,34.475
1768503540.8926454,37.653
1768503540.9949918,39.284
1768503541.101368,32.422
1768503541.2035875,45.637
1768503541.305949,33.508
1768503541.4083912,39.087
1768503541.5107179,35.165
1768503541.612951,34.001
1768503541.7159863,33.508
1768503541.8182523,33.31
1768503541.9226904,33.113
1768503542.0248497,32.62
1768503542.1271486,34.199
1768503542.2295423,35.954
1768503542.3317666,35.461
1768503542.4341166,34.179
1768503542.53637,35.362
1768503542.6386113,32.521
1768503542.7413032,32.62
1768503542.84365,32.521
1768503542.9519818,32.817
1768503543.054368,33.014
1768503543.1564858,33.508
1768503543.2587595,33.902
1768503543.3609338,34.692
1768503543.4632275,35.165
1768503543.5654433,36.053
1768503543.6677244,37.039
1768503543.773854,37.434
1768503543.8760867,36.645
1768503543.9784043,34.869
1768503544.0805953,41.822
1768503544.1827986,33.113
1768503544.2849903,38.2
1768503544.3872259,42.019
1768503544.4895082,32.422
1768503544.5917373,42.61
1768503544.6941102,34.199
1768503544.8007514,38.496
1768503544.9029846,39.284
1768503545.005242,32.323
1768503545.107518,42.585
1768503545.2099333,33.902
1768503545.3122315,39.974
1768503545.4144845,37.039
1768503545.5168955,32.144
1768503545.619137,43.3
1768503545.725492,34.001
1768503545.8278804,37.532
1768503545.9301727,40.739
1768503546.032616,32.817
1768503546.1349552,35.56
1768503546.238903,36.032
1768503546.341158,45.118
1768503546.4433692,33.31
1768503546.5492253,39.679
1768503546.6515596,37.412
1768503546.753872,32.422
1768503546.8561182,43.176
1768503546.958437,34.376
1768503547.0607822,38.868
1768503547.1636832,39.557
1768503547.2659674,33.113
1768503547.3682702,36.842
1768503547.4747856,45.315
1768503547.5773218,33.409
1768503547.679695,38.913
1768503547.7821124,40.247
1768503547.8850913,32.521
1768503547.9875371,43.865
1768503548.089808,34.968
1768503548.1921058,37.51
1768503548.2945917,46.692
1768503548.3994195,32.916
1768503548.5017588,39.754
1768503548.6042688,42.709
1768503548.7066681,35.362
1768503548.8090284,36.743
1768503548.911326,43.471
1768503549.013554,32.718
1768503549.1157832,43.176
1768503549.2180939,33.982
1768503549.3204086,41.01
1768503549.4234593,36.447
1768503549.5261958,36.426
1768503549.6283648,42.118
1768503549.7306256,32.521
1768503549.8330028,43.176
1768503549.9353058,33.784
1768503550.03761,39.065
1768503550.1397738,37.313
1768503550.2424307,32.323
1768503550.3445973,46.888
1768503550.451373,33.113
1768503550.553687,42.093
1768503550.6561522,35.362
1768503550.7583878,38.693
1768503550.8620818,32.225
1768503550.964153,45.806
1768503551.0665488,33.587
1768503551.1686451,39.11
1768503551.2763257,38.003
1768503551.3787322,32.323
1768503551.4809017,46.397
1768503551.58331,33.409
1768503551.6855967,40.617
1768503551.7880583,36.722
1768503551.890347,32.225
1768503551.9925697,43.694
1768503552.094801,34.475
1768503552.1997874,37.412
1768503552.3019128,41.404
1768503552.404147,32.62
1768503552.507058,42.954
1768503552.6092224,34.001
1768503552.7114391,40.542
1768503552.8136735,36.426
1768503552.9159572,37.27
1768503553.018296,40.345
1768503553.12537,32.422
1768503553.2275937,45.118
1768503553.3297868,33.606
1768503553.4320788,40.518
1768503553.5343544,36.623
1768503553.6366277,37.434
1768503553.7388728,41.306
1768503553.8411274,32.521
1768503553.9433138,42.585
1768503554.0455358,33.982
1768503554.1513603,40.05
1768503554.2536006,35.757
1768503554.355915,37.236
1768503554.4585028,41.724
1768503554.5607066,32.62
1768503554.6629155,42.906
1768503554.7651272,33.686
1768503554.8674214,41.109
1768503554.9696574,35.539
1768503555.074879,38.003
1768503555.177189,39.262
1768503555.279379,32.521
1768503555.3816292,33.784
1768503555.4853716,39.482
1768503555.587508,37.018
1768503555.6896617,36.623
1768503555.7918406,42.093
1768503555.8939126,32.521
1768503555.999335,47.507
1768503556.1015453,33.113
1768503556.2038946,42.684
1768503556.3061347,34.672
1768503556.4089165,40.05
1768503556.5111551,36.546
1768503556.6134913,37.708
1768503556.7157586,39.557
1768503556.8178735,32.422
1768503556.9201906,47.549
1768503557.0288239,33.212
1768503557.1311166,43.004
1768503557.2333393,34.968
1768503557.3355272,37.883
1768503557.437715,38.397
1768503557.5400226,34.672
1768503557.6422367,44.357
1768503557.7448883,32.62
1768503557.8503585,44.652
1768503557.952627,33.606
1768503558.0548024,43.201
1768503558.1570528,34.771
1768503558.259331,36.82
1768503558.36171,40.838
1768503558.4639337,32.521
1768503558.5661318,44.528
1768503558.6684017,39.36
1768503558.7741234,32.422
1768503558.8763654,41.601
1768503558.978608,37.412
1768503559.0811515,33.982
1768503559.1833746,46.397
1768503559.2855337,33.014
1768503559.3877237,43.57
1768503559.4898913,34.08
1768503559.5921633,39.754
1768503559.6945255,36.447
1768503559.799596,36.919
1768503559.9018762,41.527
1768503560.004109,32.62
1768503560.1064012,33.212
1768503560.209063,39.853
1768503560.3111331,35.56
1768503560.413226,37.587
1768503560.5152926,38.792
1768503560.6173475,36.426
1768503560.719392,42.29
1768503560.821597,32.718
1768503560.9261394,46.2
1768503561.0283608,33.014
1768503561.1305325,43.839
1768503561.2332163,33.982
1768503561.335458,41.822
1768503561.437668,35.461
1768503561.5399184,37.412
1768503561.6428876,38.89
1768503561.7451522,32.422
1768503561.8473694,45.145
1768503561.9545233,32.817
1768503562.0568504,42.265
1768503562.1590235,33.686
1768503562.2613196,41.33
1768503562.3635972,36.447
1768503562.465848,36.82
1768503562.5680575,40.838
1768503562.67062,32.62
1768503562.7728574,42.487
1768503562.8785408,33.883
1768503562.9807322,40.566
1768503563.0831022,36.645
1768503563.1854343,35.56
1768503563.2883813,46.397
1768503563.3906755,33.113
1768503563.492945,42.019
1768503563.5952613,35.264
1768503563.6975193,37.313
1768503563.8032303,43.865
1768503563.9054537,32.916
1768503564.007663,43.642
1768503564.1099825,34.869
1768503564.2122364,38.693
1768503564.3145595,38.397
1768503564.416702,36.645
1768503564.5189419,40.838
1768503564.6213756,32.521
1768503564.723727,43.398
1768503564.8292754,33.883
1768503564.9316542,36.447
1768503565.0348196,37.489
1768503565.1370053,41.921
1768503565.2390985,32.62
1768503565.3412426,43.176
1768503565.443415,34.278
1768503565.5457597,38.769
1768503565.6480634,38.299
1768503565.7542162,32.521
1768503565.8568985,45.019
1768503565.9591603,33.587
1768503566.0613997,40.444
1768503566.1639378,37.412
1768503566.2663383,36.328
1768503566.3686407,44.948
1768503566.4722135,33.113
1768503566.5790365,41.896
1768503566.6813917,34.968
1768503566.7837226,38.496
1768503566.8861673,39.186
1768503566.9884276,32.897
1768503567.0906045,44.259
1768503567.1929235,32.718
1768503567.2951007,42.881
1768503567.3973258,33.883
1768503567.5031974,37.51
1768503567.605453,39.163
1768503567.7077944,32.521
1768503567.8100226,43.937
1768503567.9122732,33.508
1768503568.0144355,43.274
1768503568.1166253,34.968
1768503568.2187936,38.868
1768503568.3209934,39.853
1768503568.4232125,32.422
1768503568.5281863,47.479
1768503568.6304398,36.151
1768503568.7326093,32.521
1768503568.8348107,46.298
1768503568.9371,33.094
1768503569.0392869,43.642
1768503569.1415462,34.573
1768503569.2439172,39.284
1768503569.3462653,38.397
1768503569.4485474,32.601
1768503569.554891,32.817
1768503569.6579998,42.881
1768503569.7600875,33.982
1768503569.862195,41.133
1768503569.9643188,35.856
1768503570.0667672,37.51
1768503570.1689038,41.527
1768503570.2710261,32.718
1768503570.3731217,42.782
1768503570.4793866,33.804
1768503570.581643,41.798
1768503570.6837463,35.362
1768503570.7860699,39.163
1768503570.8882823,37.905
1768503570.9905987,37.335
1768503571.0937128,41.503
1768503571.1961555,32.521
1768503571.2984607,45.834
1768503571.403207,33.31
1768503571.5055761,41.306
1768503571.60788,35.856
1768503571.7101595,40.641
1768503571.812558,38.003
1768503571.914879,37.116
1768503572.0171015,35.856
1768503572.1193511,34.672
1768503572.2217772,33.606
1768503572.3255677,33.409
1768503572.4277396,33.113
1768503572.5299501,32.817
1768503572.6323464,32.817
1768503572.7345972,32.817
1768503572.836907,32.62
1768503572.939144,32.62
1768503573.0413878,32.62
1768503573.1435356,32.62
1768503573.2456796,32.62
1768503573.3478284,32.718
1768503573.450692,32.718
1768503573.5528316,32.718
1768503573.6550798,32.817
1768503573.7572858,32.916
1768503573.859524,33.014
1768503573.961732,33.883
1768503574.0640259,35.933
1768503574.1661756,33.587
1768503574.268289,36.053
1768503574.3705697,37.51
1768503574.4730427,31.534
1768503574.5788417,38.572
1768503574.6811712,40.05
1768503574.7834196,32.62
1768503574.8855343,42.192
1768503574.9877667,34.968
1768503575.0898948,37.905
1768503575.192027,41.306
1768503575.2943778,32.817
1768503575.3964756,43.176
1768503575.4987648,34.672
1768503575.603527,38.496
1768503575.705714,39.36
1768503575.8079395,32.521
1768503575.9108438,45.976
1768503576.0131023,33.291
1768503576.1161416,42.192
1768503576.2184918,35.856
1768503576.3206942,37.335
1768503576.4230702,40.739
1768503576.528599,32.62
1768503576.6311417,44.233
1768503576.733541,33.508
1768503576.8359401,41.085
1768503576.9383059,35.165
1768503577.0406537,37.609
1768503577.1430411,39.679
1768503577.2453337,32.422
1768503577.3475702,47.057
1768503577.4534311,33.113
1768503577.5557833,42.388
1768503577.6580036,34.672
1768503577.7603257,37.828
1768503577.862696,40.247
1768503577.9651601,32.521
1768503578.067421,43.471
1768503578.169656,34.179
1768503578.271907,37.018
1768503578.3741627,39.656
1768503578.4800534,32.323
1768503578.5824218,45.216
1768503578.6848261,39.754
1768503578.7873547,32.422
1768503578.8898857,45.511
1768503578.9921017,33.409
1768503579.0943499,41.01
1768503579.196597,34.968
1768503579.2988837,36.722
1768503579.404835,32.817
1768503579.5068872,42.684
1768503579.6089964,34.278
1768503579.7111146,39.087
1768503579.8132958,36.82
1768503579.9153707,36.447
1768503580.0175288,43.176
1768503580.1196404,32.817
1768503580.2217605,39.459
1768503580.3240006,38.868
1768503580.4296553,32.422
1768503580.5325978,44.528
1768503580.6349082,33.606
1768503580.7371123,40.936
1768503580.8404784,35.757
1768503580.9426591,37.784
1768503581.0448294,40.148
1768503581.1471827,32.422
1768503581.2494829,45.878
1768503581.3552003,33.113
1768503581.457386,42.782
1768503581.5595975,35.56
1768503581.6619313,37.883
1768503581.7641487,39.754
1768503581.8663383,32.422
1768503581.9684913,45.538
1768503582.0708027,33.014
1768503582.1731477,43.642
1768503582.2754858,34.672
1768503582.3786902,39.262
1768503582.481029,36.525
1768503582.5831776,38.102
1768503582.685426,39.679
1768503582.7877634,32.422
1768503582.889938,44.528
1768503582.9923022,33.014
1768503583.0945528,42.757
1768503583.1968024,33.686
1768503583.2990246,39.754
1768503583.4012663,36.447
1768503583.507318,32.323
1768503583.60972,44.16
1768503583.7118747,33.113
1768503583.8141055,43.176
1768503583.9163547,34.475
1768503584.0186348,39.262
1768503584.1209207,36.229
1768503584.2231517,37.609
1768503584.3256483,40.247
1768503584.4314048,43.767
1768503584.5344832,33.705
1768503584.6365426,41.625
1768503584.7385852,35.362
1768503584.8410335,37.806
1768503584.94314,38.693
1768503585.0452967,33.784
1768503585.1473815,42.487
1768503585.24951,33.014
1768503585.3520174,42.954
1768503585.4576182,34.869
1768503585.559851,38.693
1768503585.66214,38.003
1768503585.7651503,36.426
1768503585.8674076,42.118
1768503585.9698782,32.718
1768503586.072166,43.544
1768503586.174368,33.587
1768503586.2765925,40.172
1768503586.378731,36.053
1768503586.4836807,37.412
1768503586.5859776,40.223
1768503586.688285,32.422
1768503586.790553,46.003
1768503586.892825,33.113
1768503586.995186,42.192
1768503587.0975204,35.067
1768503587.1999562,37.587
1768503587.3023005,40.05
1768503587.4045153,32.422
1768503587.509993,44.357
1768503587.612249,33.784
1768503587.714407,41.01
1768503587.816632,35.56
1768503587.9188128,39.087
1768503588.0211287,38.595
1768503588.1234689,34.179
1768503588.2257187,44.724
1768503588.3281403,34.278
1768503588.4305065,37.138
1768503588.535608,40.739
1768503588.6380184,34.179
1768503588.7403002,35.441
1768503588.8425672,46.495
1768503588.9449418,33.212
1768503589.047313,31.929
1768503589.149638,41.034
1768503589.2519672,39.284
1768503589.354461,33.606
1768503589.4606922,37.412
1768503589.5629945,32.323
1768503589.6651928,42.388
1768503589.7673638,33.784
1768503589.8694668,40.518
1768503589.9716642,35.461
1768503590.0737708,37.708
1768503590.1760046,39.557
1768503590.2781756,32.62
1768503590.3804955,45.216
1768503590.4826078,33.686
1768503590.5889251,39.557
1768503590.6911728,36.82
1768503590.7935066,36.645
1768503590.8969622,42.388
1768503590.9994345,32.817
1768503591.101784,43.497
1768503591.2043085,33.784
1768503591.3065426,37.708
1768503591.4146924,40.444
1768503591.5171735,32.323
1768503591.6193955,46.861
1768503591.72169,33.409
1768503591.8240292,41.428
1768503591.9263978,36.053
1768503592.0288498,36.426
1768503592.1312127,45.019
1768503592.2384162,32.718
1768503592.3405812,42.782
1768503592.4427326,34.278
1768503592.5450108,39.459
1768503592.6472225,37.018
1768503592.7494564,36.25
1768503592.8517485,41.995
1768503592.9539976,32.521
1768503593.0602407,46.593
1768503593.162413,33.113
1768503593.2646687,42.881
1768503593.366843,34.179
1768503593.4691453,40.641
1768503593.571431,36.722
1768503593.6739833,37.412
1768503593.7763374,41.527
1768503593.878546,44.036
1768503593.9815612,33.606
1768503594.0863893,40.617
1768503594.1885827,35.461
1768503594.2907798,36.919
1768503594.3931043,40.936
1768503594.4954526,32.521
1768503594.598199,45.708
1768503594.7004728,33.587
1768503594.80283,40.542
1768503594.905144,36.426
1768503595.0112355,36.842
1768503595.113528,43.57
1768503595.221189,32.916
1768503595.323414,43.274
1768503595.4256265,34.968
1768503595.5278509,36.722
1768503595.6302626,40.912
1768503595.7350314,32.422
1768503595.8373938,43.694
1768503595.939628,33.705
1768503596.0419922,40.247
1768503596.144226,36.546
1768503596.246587,35.362
1768503596.3489382,46.271
1768503596.451261,34.001
1768503596.5536647,37.905
1768503596.6591442,40.715
1768503596.7615762,32.422
1768503596.8638904,42.782
1768503596.966119,33.587
1768503597.0683856,40.247
1768503597.1706426,36.94
1768503597.27294,32.126
1768503597.3752105,44.528
1768503597.4776511,33.705
1768503597.5798912,39.163
1768503597.6858168,37.51
1768503597.7880888,32.323
1768503597.8903255,44.751
1768503597.9930909,32.817
1768503598.0953584,42.585
1768503598.1976411,33.902
1768503598.2999818,36.94
1768503598.4021714,32.422
1768503598.5048747,42.388
1768503598.611116,37.806
1768503598.7134376,32.305
1768503598.815628,45.315
1768503598.9178824,32.916
1768503599.020703,42.782
1768503599.1230946,34.179
1768503599.2252734,38.966
1768503599.3276343,38.2
1768503599.4299855,32.323
1768503599.5361416,45.976
1768503599.6424232,33.409
1768503599.7450733,35.835
1768503599.8474677,41.675
1768503599.9497836,35.067
1768503600.0520473,38.102
1768503600.1543198,39.679
1768503600.2597675,32.323
1768503600.3621523,42.512
1768503600.4644332,33.883
1768503600.5668108,39.163
1768503600.6691422,38.671
1768503600.7714436,32.323
1768503600.8737335,47.549
1768503600.9759617,33.014
1768503601.0783072,43.201
1768503601.1846812,34.376
1768503601.2870393,38.769
1768503601.3892572,37.609
1768503601.491495,34.278
1768503601.5937555,45.905
1768503601.6960235,33.113
1768503601.7983418,42.709
1768503601.9006507,34.968
1768503602.0028884,38.693
1768503602.1095493,38.572
1768503602.2117856,38.769
1768503602.3140836,32.718
1768503602.4162803,35.658
1768503602.5184817,36.426
1768503602.6206396,37.905
1768503602.7228916,36.447
1768503602.8257928,35.165
1768503602.9279554,34.771
1768503603.0307758,35.165
1768503603.1331067,34.672
1768503603.2354238,34.968
1768503603.337711,35.264
1768503603.4403772,34.968
1768503603.5426462,35.461
1768503603.6449528,36.623
1768503603.747317,37.412
1768503603.8532155,36.623
1768503603.958313,35.856
1768503604.0607505,35.56
1768503604.1630294,33.982
1768503604.2653856,32.422
1768503604.367762,33.014
1768503604.4700375,33.883
1768503604.572361,35.165
1768503604.6746225,36.722
1768503604.7771537,36.229
1768503604.8794303,38.102
1768503604.9865863,42.093
1768503605.0888789,34.179
1768503605.1911056,36.919
1768503605.2933378,43.642
1768503605.3955896,33.804
1768503605.4977584,38.496
1768503605.6000018,41.724
1768503605.702214,32.521
1768503605.8044806,43.078
1768503605.911291,33.883
1768503606.0137362,39.974
1768503606.1159217,36.722
1768503606.2182899,36.032
1768503606.3206522,45.413
1768503606.4228997,33.31
1768503606.525275,41.034
1768503606.6275744,35.757
1768503606.7297928,37.51
1768503606.8372536,40.05
1768503606.9395056,32.422
1768503607.041765,45.708
1768503607.1439898,33.212
1768503607.2462075,43.989
1768503607.3485012,34.278
1768503607.4507918,36.623
1768503607.5530298,36.349
1768503607.655307,44.16
1768503607.76175,33.212
1768503607.864077,43.446
1768503607.9665792,35.264
1768503608.068847,38.102
1768503608.1711848,39.262
1768503608.2739096,32.718
1768503608.3762138,44.036
1768503608.4784799,34.495
1768503608.5823224,32.027
1768503608.686382,41.503
1768503608.7886899,35.954
1768503608.8909984,37.51
1768503608.99333,41.306
1768503609.0955582,32.422
1768503609.1978078,42.413
1768503609.3001158,33.508
1768503609.4023826,41.896
1768503609.5046163,35.856
1768503609.6070104,37.631
1768503609.7128792,42.093
1768503609.8151119,32.521
1768503609.9173357,46.593
1768503610.0195787,33.113
1768503610.1218007,43.471
1768503610.2239134,34.475
1768503610.3263085,38.397
1768503610.4286196,39.679
1768503610.530854,32.225
1768503610.636322,46.074
1768503610.7385743,33.014
1768503610.840914,42.192
1768503610.9432065,34.771
1768503611.0455363,37.609
1768503611.1480749,40.345
1768503611.2504673,32.422
1768503611.3529866,43.078
1768503611.4552865,33.982
1768503611.5616527,38.299
1768503611.6639354,39.754
1768503611.766201,32.521
1768503611.8684294,43.373
1768503611.9706764,33.784
1768503612.0729506,35.856
1768503612.176133,38.003
1768503612.278275,39.656
1768503612.380453,32.422
1768503612.4862468,46.271
1768503612.5884566,33.31
1768503612.6907017,43.249
1768503612.7930918,34.869
1768503612.8953714,38.792
1768503612.9976869,38.003
1768503613.1001053,35.638
1768503613.202308,46.369
1768503613.3057573,33.705
1768503613.4114301,33.982
1768503613.5137231,46.888
1768503613.6160293,33.409
1768503613.7182658,42.019
1768503613.8204222,35.362
1768503613.9226208,38.102
1768503614.024852,38.989
1768503614.127091,32.225
1768503614.229344,46.916
1768503614.3316107,33.31
1768503614.4367085,41.822
1768503614.538929,36.053
1768503614.6413724,36.645
1768503614.7437706,42.192
1768503614.8460608,32.521
1768503614.9482806,46.664
1768503615.0505848,33.31
1768503615.1527658,42.56
1768503615.2555864,35.362
1768503615.3621893,37.708
1768503615.4643602,38.397
1768503615.566532,35.165
1768503615.6687095,42.782
1768503615.771075,32.62
1768503615.873437,43.937
1768503615.9757018,33.31
1768503616.0780017,41.404
1768503616.1803067,34.968
1768503616.2858505,37.412
1768503616.3881032,41.428
1768503616.4904287,32.521
1768503616.5926929,46.495
1768503616.6949928,41.601
1768503616.7988343,34.672
1768503616.90101,39.36
1768503617.0030932,36.426
1768503617.1051948,37.806
1768503617.2113867,39.262
1768503617.313833,32.422
1768503617.4160423,46.074
1768503617.5187724,33.31
1768503617.6210852,41.231
1768503617.723393,35.165
1768503617.8268857,38.989
1768503617.9292898,37.806
1768503618.031687,36.426
1768503618.1367254,43.176
1768503618.2388272,32.62
1768503618.3412158,42.315
1768503618.4433744,34.869
1768503618.5455604,36.053
1768503618.6481109,43.471
1768503618.7504125,35.165
1768503618.8527305,32.225
1768503618.9550195,38.617
1768503619.0617042,38.003
1768503619.1639528,36.525
1768503619.2661343,44.554
1768503619.3683834,33.014
1768503619.4709,42.585
1768503619.5732403,34.672
1768503619.6757698,38.868
1768503619.778281,37.806
1768503619.8805523,34.08
1768503619.9866157,46.495
1768503620.088987,33.31
1768503620.1912289,42.709
1768503620.2934966,34.968
1768503620.3958757,37.686
1768503620.4980845,38.2
1768503620.600306,32.323
1768503620.7026956,45.834
1768503620.805085,32.817
1768503620.9113321,42.684
1768503621.0136335,33.587
1768503621.1159878,41.109
1768503621.2183027,34.968
1768503621.3205862,38.671
1768503621.4228919,32.323
1768503621.5249946,46.2
1768503621.6272898,32.916
1768503621.7294376,43.176
1768503621.8315463,34.179
1768503621.937574,38.868
1768503622.0399992,37.609
1768503622.142776,35.658
1768503622.245091,45.216
1768503622.3493545,33.686
1768503622.451568,40.838
1768503622.5538192,36.447
1768503622.6561613,34.455
1768503622.7628255,46.369
1768503622.8652618,33.113
1768503622.9674962,42.881
1768503623.0699217,34.573
1768503623.172174,38.572
1768503623.2744658,38.375
1768503623.376717,32.422
1768503623.4791746,43.274
1768503623.5815914,34.179
1768503623.6870308,37.981
1768503623.7892678,38.989
1768503623.8915105,32.225
1768503623.993782,45.145
1768503624.0960035,33.212
1768503624.1984024,42.364
1768503624.3006058,34.278
1768503624.4028027,38.2
1768503624.5051022,38.671
1768503624.611729,32.422
1768503624.7140687,44.528
1768503624.8163116,33.508
1768503624.9185276,42.487
1768503625.020824,34.771
1768503625.123103,39.163
1768503625.225417,39.087
1768503625.3276038,32.422
1768503625.4298975,42.954
1768503625.5364084,33.784
1768503625.6385794,39.557
1768503625.7408237,36.546
1768503625.8446095,42.807
1768503625.9468126,32.916
1768503626.0489357,40.345
1768503626.150992,36.229
1768503626.2536044,37.609
1768503626.3617508,41.157
1768503626.4639063,32.521
1768503626.569376,46.2
1768503626.672798,33.31
1768503626.7751045,43.373
1768503626.8773222,35.067
1768503626.9795082,37.215
1768503627.0851264,41.822
1768503627.1873279,32.521
1768503627.2895365,44.626
1768503627.3916965,33.883
1768503627.4939387,38.769
1768503627.5961165,38.299
1768503627.6983614,32.323
1768503627.800683,47.745
1768503627.902881,33.014
1768503628.0052052,43.471
1768503628.1103415,34.771
1768503628.2125409,39.065
1768503628.314925,40.247
1768503628.4172363,32.422
1768503628.5194964,45.708
1768503628.6219883,37.412
1768503628.7242937,32.62
1768503628.8265722,42.585
1768503628.9287896,33.982
1768503629.035288,38.89
1768503629.1374876,38.693
1768503629.2396536,32.323
1768503629.3419447,44.134
1768503629.4443233,34.08
1768503629.5465443,38.868
1768503629.6488826,37.609
1768503629.7511606,33.587
1768503629.8535414,46.959
1768503629.9604602,33.113
1768503630.0627916,41.995
1768503630.165097,37.193
1768503630.2673764,41.133
1768503630.3694708,32.718
1768503630.471563,43.865
1768503630.5737424,34.376
1768503630.6758246,38.671
1768503630.7784698,37.708
1768503630.885067,33.883
1768503630.9873612,45.019
1768503631.0896614,32.916
1768503631.1920474,42.684
1768503631.294281,34.573
1768503631.3965988,38.102
1768503631.4987864,39.754
1768503631.601006,32.422
1768503631.7033288,45.511
1768503631.805621,33.31
1768503631.9113362,41.97
1768503632.0135562,35.165
1768503632.1157765,37.609
1768503632.2180114,39.36
1768503632.3202136,32.323
1768503632.4224243,43.668
1768503632.5247269,33.784
1768503632.6270585,34.968
1768503632.7292602,33.883
1768503632.8337038,33.31
1768503632.9357953,32.718
1768503633.0380309,36.032
1768503633.1401222,37.412
1768503633.242219,38.299
1768503633.3443735,36.151
1768503633.446581,35.856
1768503633.5488958,35.856
1768503633.6510522,35.461
1768503633.7532687,35.757
1768503633.859548,35.757
1768503633.9619014,36.525
1768503634.0642052,37.313
1768503634.1664867,37.609
1768503634.2687426,37.313
1768503634.3711133,36.919
1768503634.4734087,32.305
1768503634.5757973,32.718
1768503634.6782699,33.409
1768503634.7843978,33.982
1768503634.8866277,35.954
1768503634.9901953,36.82
1768503635.0922635,36.447
1768503635.1943922,31.435
1768503635.2967477,32.817
1768503635.39937,32.126
1768503635.50167,36.328
1768503635.6038792,43.937
1768503635.706188,34.179
1768503635.8119032,36.426
1768503635.914198,43.176
1768503636.0233464,34.08
1768503636.1255274,38.868
1768503636.2277899,38.2
1768503636.3301117,32.323
1768503636.4362495,41.699
1768503636.5385275,34.08
1768503636.6409101,39.163
1768503636.7431772,37.806
1768503636.8454874,36.525
1768503636.9477067,44.16
1768503637.0500736,32.817
1768503637.1522415,42.979
1768503637.2544813,33.784
1768503637.3614078,39.974
1768503637.4636672,36.919
1768503637.5659628,36.25
1768503637.668178,43.347
1768503637.7704663,32.817
1768503637.8727367,42.881
1768503637.975037,34.376
1768503638.0772457,38.966
1768503638.1795733,37.018
1768503638.2859833,32.126
1768503638.3882916,43.57
1768503638.4905262,33.686
1768503638.59277,35.856
1768503638.6950884,45.145
1768503638.797304,33.508
1768503638.8995132,42.118
1768503639.0018518,35.461
1768503639.104086,37.927
1768503639.2112558,32.521
1768503639.3144271,44.305
1768503639.4165316,33.902
1768503639.5186388,40.664
1768503639.6208012,35.835
1768503639.7229285,37.51
1768503639.8250706,39.679
1768503639.9271557,32.323
1768503640.0293353,45.905
1768503640.1364474,32.916
1768503640.2390988,43.078
1768503640.3413448,34.278
1768503640.4444656,38.868
1768503640.546722,37.905
1768503640.6489136,34.278
1768503640.751141,43.668
1768503640.8533416,32.718
1768503640.9609718,43.274
1768503641.0632854,33.982
1768503641.1655483,41.33
1768503641.2679026,36.053
1768503641.3702717,35.461
1768503641.4724796,46.79
1768503641.574702,33.113
1768503641.6769855,40.542
1768503641.779174,37.708
1768503641.881432,32.225
1768503641.9869561,46.79
1768503642.0891573,33.212
1768503642.1913724,40.444
1768503642.2935948,38.966
1768503642.3959503,33.31
1768503642.498274,37.883
1768503642.6005995,43.668
1768503642.7029717,33.113
1768503642.8051748,42.019
1768503642.9074054,34.869
1768503643.0123372,39.087
1768503643.1145618,37.434
1768503643.216703,36.525
1768503643.3188834,41.995
1768503643.421074,32.718
1768503643.523277,44.528
1768503643.6255395,33.409
1768503643.7277868,40.444
1768503643.8300674,35.362
1768503643.9323385,38.671
1768503644.0379393,36.623
1768503644.1401403,40.936
1768503644.2421982,32.323
1768503644.3444412,46.861
1768503644.4470334,33.113
1768503644.5490894,43.497
1768503644.6512206,34.968
1768503644.753349,36.722
1768503644.858208,40.345
1768503644.9638548,32.62
1768503645.0663948,44.823
1768503645.1687396,33.982
1768503645.271244,33.291
1768503645.3736024,46.003
1768503645.4761305,33.409
1768503645.5785115,38.868
1768503645.6810904,38.299
1768503645.7835188,32.422
1768503645.8898568,45.216
1768503645.9921868,33.982
1768503646.0945337,37.806
1768503646.1967142,39.186
1768503646.2991157,32.422
1768503646.4013665,46.566
1768503646.5038419,33.113
1768503646.606125,41.281
1768503646.7086549,34.573
1768503646.8139856,39.284
1768503646.9161437,36.426
1768503647.0184076,36.328
1768503647.1207204,40.125
1768503647.2230122,32.422
1768503647.3251688,46.888
1768503647.4273865,33.212
1768503647.5295599,41.601
1768503647.631776,35.362
1768503647.7339554,37.51
1768503647.839678,38.693
1768503647.9420328,32.225
1768503648.0444298,43.937
1768503648.1466436,32.817
1768503648.2488403,43.3
1768503648.3511174,36.82
1768503648.4533107,35.638
1768503648.5554464,42.019
1768503648.657922,36.919
1768503648.7602456,32.323
1768503648.866156,33.31
1768503648.9683497,41.157
1768503649.0705557,35.56
1768503649.1727145,36.722
1768503649.2749128,40.247
1768503649.3770053,32.521
1768503649.4792068,42.855
1768503649.581465,34.278
1768503649.6836596,37.686
1768503649.7859905,40.05
1768503649.8938968,32.521
1768503649.9962752,44.796
1768503650.0984778,33.31
1768503650.2007568,40.125
1768503650.303119,36.131
1768503650.4053802,36.447
1768503650.5076666,43.767
1768503650.6100545,33.113
1768503650.712359,41.798
1768503650.8180912,34.278
1768503650.920305,40.223
1768503651.022469,35.658
1768503651.124647,37.784
1768503651.2267885,37.412
1768503651.32896,36.426
1768503651.4313257,40.715
1768503651.5334742,32.521
1768503651.6356425,47.155
1768503651.7379,33.212
1768503651.844756,42.684
1768503651.947023,34.376
1768503652.0491726,39.58
1768503652.151402,36.919
1768503652.2536802,36.743
1768503652.3560302,41.527
1768503652.4583006,32.718
1768503652.5604954,42.684
1768503652.662752,34.869
1768503652.7650297,37.335
1768503652.8701532,39.459
1768503652.9725204,32.422
1768503653.0747344,46.818
1768503653.1770427,33.113
1768503653.279283,42.757
1768503653.3815403,33.982
1768503653.4839225,39.36
1768503653.586311,36.525
1768503653.6886585,32.323
1768503653.7959108,33.489
1768503653.8983524,40.641
1768503654.000459,35.856
1768503654.102606,37.018
1768503654.2047155,40.444
1768503654.307528,32.62
1768503654.409729,43.963
1768503654.5119967,34.573
1768503654.6155543,36.898
1768503654.72168,41.109
1768503654.8240469,32.62
1768503654.9264216,43.373
1768503655.0286224,33.489
1768503655.130878,41.798
1768503655.2332277,35.264
1768503655.335394,38.966
1768503655.4376285,37.905
1768503655.5398862,34.179
1768503655.6461918,45.932
1768503655.7485104,33.212
1768503655.8507998,43.176
1768503655.9530435,34.475
1768503656.0553193,39.853
1768503656.1576142,36.842
1768503656.2600427,36.151
1768503656.3623796,42.388
1768503656.4646723,32.817
1768503656.5717733,40.763
1768503656.6740842,36.546
1768503656.776308,36.546
1768503656.878642,42.192
1768503656.9809513,32.62
1768503657.0832746,42.757
1768503657.185565,33.705
1768503657.2878363,39.853
1768503657.3901808,36.349
1768503657.4967134,32.126
1768503657.5991583,43.249
1768503657.7013407,32.817
1768503657.8036172,42.487
1768503657.905843,33.686
1768503658.0081499,40.617
1768503658.1103778,35.461
1768503658.212615,38.792
1768503658.3149416,32.422
1768503658.4225159,47.254
1768503658.5247712,33.31
1768503658.627321,32.798
1768503658.7302492,45.637
1768503658.8325279,32.718
1768503658.9348392,43.57
1768503659.0374918,34.08
1768503659.1397133,41.207
1768503659.245468,36.525
1768503659.3477888,36.623
1768503659.4501128,42.585
1768503659.5523381,32.718
1768503659.6545877,43.3
1768503659.7568502,33.982
1768503659.8591495,39.777
1768503659.9615414,38.299
1768503660.0637214,36.25
1768503660.1659508,42.512
1768503660.2706094,32.62
1768503660.3727124,43.176
1768503660.4750526,33.902
1768503660.5774388,41.306
1768503660.6797032,35.658
1768503660.782007,38.966
1768503660.8842206,37.51
1768503660.9864733,36.623
1768503661.088759,41.724
1768503661.191125,32.422
1768503661.2957213,45.905
1768503661.3979547,33.31
1768503661.500163,42.782
1768503661.6023676,33.883
1768503661.7045841,40.026
1768503661.806813,35.835
1768503661.9090784,37.708
1768503662.011379,39.262
1768503662.1135998,33.489
1768503662.2157567,43.373
1768503662.322193,32.521
1768503662.4243975,46.271
1768503662.5265656,33.39
1768503662.6287541,41.428
1768503662.730997,36.032
1768503662.833293,38.518
1768503662.9356534,38.671
1768503663.0378754,35.835
1768503663.14005,36.525
1768503663.244511,35.362
1768503663.3466847,33.686
1768503663.4487963,33.31
1768503663.5510342,32.718
1768503663.6531985,36.426
1768503663.7552924,38.124
1768503663.8578875,38.003
1768503663.960157,36.546
1768503664.0623925,35.757
1768503664.164625,34.573
1768503664.267755,33.508
1768503664.3699875,33.31
1768503664.47212,33.113
1768503664.5742543,33.014
1768503664.6764703,32.817
1768503664.778622,32.817
1768503664.8809853,33.686
1768503664.9832554,35.067
1768503665.0855947,37.018
1768503665.187895,36.053
1768503665.294315,32.521
1768503665.3965573,33.508
1768503665.4989066,34.475
1768503665.6012518,40.838
1768503665.7034597,38.102
1768503665.8057456,32.323
1768503665.9079876,39.951
1768503666.0102932,37.215
1768503666.1125557,32.126
1768503666.214825,42.388
1768503666.3203661,34.278
1768503666.4225833,37.51
1768503666.5248163,41.306
1768503666.6272585,32.62
1768503666.7295825,43.176
1768503666.8321505,33.705
1768503666.9344475,38.572
1768503667.0368087,38.102
1768503667.1391542,32.225
1768503667.245749,45.44
1768503667.3480294,32.817
1768503667.4504383,43.373
1768503667.552929,35.362
1768503667.6554024,36.722
1768503667.7577221,42.118
1768503667.8600252,42.881
1768503667.9637327,33.587
1768503668.0694938,39.065
1768503668.1718464,36.722
1768503668.2740488,32.225
1768503668.3762488,46.102
1768503668.4785175,33.113
1768503668.581394,31.929
1768503668.683676,42.906
1768503668.7858002,34.376
1768503668.8881772,38.397
1768503668.9905016,38.769
1768503669.095232,32.225
1768503669.197449,42.782
1768503669.2997413,34.08
1768503669.4020731,39.087
1768503669.5043354,38.102
1768503669.6065273,32.225
1768503669.7088952,45.61
1768503669.811321,33.113
1768503669.91351,42.782
1768503670.015807,34.376
1768503670.1218755,38.671
1768503670.2240803,39.087
1768503670.326561,32.225
1768503670.4288328,42.881
1768503670.531129,34.672
1768503670.6334093,38.299
1768503670.7356844,38.693
1768503670.8379812,35.539
1768503670.9402168,42.462
1768503671.047064,32.521
1768503671.1492996,43.595
1768503671.2515576,33.489
1768503671.3538213,41.404
1768503671.4562292,35.856
1768503671.5584044,36.349
1768503671.660587,44.849
1768503671.762816,32.817
1768503671.8650372,41.995
1768503671.9712703,34.869
1768503672.0734625,37.631
1768503672.1757774,40.936
1768503672.2780135,32.62
1768503672.3802564,42.979
1768503672.4825108,34.376
1768503672.5848444,39.679
1768503672.6885068,32.225
1768503672.7913156,46.172
1768503672.8969054,33.113
1768503672.9990926,41.995
1768503673.101395,35.067
1768503673.2046638,38.178
1768503673.3070025,38.2
1768503673.4091585,32.323
1768503673.5114355,42.388
1768503673.6137385,33.705
1768503673.716105,40.838
1768503673.8224788,36.151
1768503673.9247558,36.623
1768503674.027063,41.133
1768503674.1293442,32.422
1768503674.231609,43.373
1768503674.3338134,33.606
1768503674.4360538,38.89
1768503674.5382247,36.623
1768503674.640496,35.264
1768503674.7472098,45.046
1768503674.849626,32.718
1768503674.9518492,43.249
1768503675.0541282,33.804
1768503675.1564045,39.829
1768503675.2587676,37.116
1768503675.3610747,35.264
1768503675.463289,47.675
1768503675.5657103,33.212
1768503675.6717181,41.207
1768503675.773913,35.165
1768503675.876285,36.229
1768503675.9785516,44.796
1768503676.0808961,33.212
1768503676.18314,38.572
1768503676.285467,39.853
1768503676.3876984,32.422
1768503676.4899466,43.57
1768503676.5964966,33.804
1768503676.6987183,40.345
1768503676.8009868,36.645
1768503676.9032278,36.722
1768503677.0054846,42.979
1768503677.107675,43.176
1768503677.2112238,33.784
1768503677.3133342,38.966
1768503677.4155238,38.375
1768503677.5218582,32.225
1768503677.6240644,47.872
1768503677.7263043,33.014
1768503677.8286371,42.585
1768503677.9321122,34.475
1768503678.0343678,39.853
1768503678.136686,37.018
1768503678.238876,32.126
1768503678.3411608,44.233
1768503678.4470513,33.784
1768503678.5492902,31.731
1768503678.65184,43.668
1768503678.7541215,34.475
1768503678.8567388,32.126
1768503678.9590142,37.609
1768503679.0614576,43.274
1768503679.1637518,32.718
1768503679.2660685,42.881
1768503679.3710957,35.067
1768503679.4733377,33.982
1768503679.5755372,47.549
1768503679.6777258,33.113
1768503679.7800233,41.109
1768503679.8822448,35.264
1768503679.9844427,37.215
1768503680.0866845,42.388
1768503680.1889412,32.521
1768503680.291251,42.29
1768503680.397464,36.25
1768503680.5000796,32.718
1768503680.6023164,38.617
1768503680.7044983,38.2
1768503680.806851,32.225
1768503680.9093997,45.44
1768503681.0116012,33.31
1768503681.114171,42.979
1768503681.2163985,35.067
1768503681.3231359,39.163
1768503681.425386,37.215
1768503681.5276618,32.126
1768503681.6299856,47.254
1768503681.7323241,43.176
1768503681.8364174,34.475
1768503681.9384763,39.065
1768503682.040558,37.215
1768503682.1427617,36.546
1768503682.248309,42.487
1768503682.3504941,32.521
1768503682.4526937,42.954
1768503682.554984,35.067
1768503682.657219,37.784
1768503682.7609954,39.065
1768503682.8632119,32.225
1768503682.9654448,45.905
1768503683.0677907,32.916
1768503683.173511,42.487
1768503683.2761881,34.475
1768503683.3784108,38.693
1768503683.4806533,39.58
1768503683.5830188,32.323
1768503683.6853485,43.963
1768503683.7875757,33.409
1768503683.8899648,39.853
1768503683.9926548,38.397
1768503684.0979114,32.422
1768503684.2000763,46.79
1768503684.3022687,33.014
1768503684.4044693,41.995
1768503684.5067437,34.968
1768503684.6089942,38.595
1768503684.7113073,38.572
1768503684.813712,32.225
1768503684.9159586,46.03
1768503685.0232823,32.916
1768503685.125671,42.881
1768503685.2279813,34.376
1768503685.3302584,38.89
1768503685.4324954,37.708
1768503685.534712,32.126
1768503685.6371102,45.905
1768503685.7393587,33.113
1768503685.8417757,43.15
1768503685.9476838,34.869
1768503686.0499747,38.42
1768503686.152285,38.595
1768503686.2545505,45.735
1768503686.3584042,32.817
1768503686.460576,40.715
1768503686.5628436,36.645
1768503686.6670506,37.215
1768503686.772036,39.754
1768503686.8742368,32.225
1768503686.9764743,47.675
1768503687.0795405,32.817
1768503687.1817806,42.487
1768503687.2840123,33.784
1768503687.386272,39.459
1768503687.4885764,40.542
1768503687.5908864,32.521
1768503687.697519,43.078
1768503687.7998006,34.08
1768503687.9021013,39.065
1768503688.0043185,37.018
1768503688.1069422,34.968
1768503688.2092116,46.397
1768503688.3115287,33.587
1768503688.4137805,41.527
1768503688.5159514,37.018
1768503688.621178,33.902
1768503688.7234612,37.292
1768503688.825782,41.034
1768503688.9280767,32.422
1768503689.0304253,45.61
1768503689.1327777,33.31
1768503689.234992,41.896
1768503689.3373692,35.757
1768503689.439673,37.412
1768503689.5419097,44.036
1768503689.6481576,33.113
1768503689.7504272,43.103
1768503689.8526785,34.869
1768503689.9548838,38.572
1768503690.0571308,38.595
1768503690.1593797,34.968
1768503690.261608,45.216
1768503690.3638003,33.014
1768503690.4660501,43.865
1768503690.5726922,35.658
1768503690.675072,36.842
1768503690.7776039,41.896
1768503690.8802447,44.528
1768503690.9825182,33.212
1768503691.0846786,43.373
1768503691.1868865,34.278
1768503691.2897618,41.33
1768503691.3919826,36.151
1768503691.49775,36.546
1768503691.6000967,41.306
1768503691.7022955,32.62
1768503691.8045764,42.684
1768503691.9067972,33.606
1768503692.0091178,41.503
1768503692.111405,35.362
1768503692.2136886,36.919
1768503692.3160384,41.699
1768503692.4215984,32.817
1768503692.5240097,41.625
1768503692.6264994,35.856
1768503692.7290952,36.82
1768503692.8314123,43.3
1768503692.9337957,32.817
1768503693.0362055,43.103
1768503693.1386712,35.658
1768503693.2409668,37.193
1768503693.3434117,40.247
1768503693.450905,33.113
1768503693.5533032,33.31
1768503693.6554918,33.014
1768503693.757707,32.718
1768503693.8599987,34.278
1768503693.9621785,35.954
1768503694.0643673,37.905
1768503694.1665702,37.609
1768503694.2705822,35.954
1768503694.3727636,34.869
1768503694.4749658,34.771
1768503694.5772216,35.658
1768503694.6794634,36.25
1768503694.7820015,36.623
1768503694.884287,36.426
1768503694.9865906,37.412
1768503695.0888538,37.335
1768503695.1912935,36.623
1768503695.2934992,36.053
1768503695.3984747,35.165
1768503695.500668,33.39
1768503695.60305,33.014
1768503695.7070894,33.409
1768503695.8093836,33.705
1768503695.9119844,34.475
1768503696.014781,31.731
1768503696.117188,35.757
1768503696.2192934,32.027
1768503696.3255513,40.518
1768503696.427943,38.299
1768503696.5301058,32.718
1768503696.6324477,42.192
1768503696.7346284,36.151
1768503696.8368728,36.743
1768503696.9391751,45.708
1768503697.041472,33.113
1768503697.143701,40.345
1768503697.2459009,38.299
1768503697.3509417,32.323
1768503697.4532385,42.881
1768503697.5555964,41.724
1768503697.6578317,32.817
1768503697.7602735,42.881
1768503697.8624725,35.264
1768503697.9647286,37.039
1768503698.0670302,40.542
1768503698.169507,32.521
1768503698.2771688,42.906
1768503698.379471,34.475
1768503698.4816673,39.383
1768503698.5840127,47.085
1768503698.686297,35.56
1768503698.788845,32.027
1768503698.8911936,45.511
1768503698.9934573,33.489
1768503699.095786,40.247
1768503699.2017434,37.039
1768503699.303996,36.053
1768503699.4062846,44.16
1768503699.5085728,32.718
1768503699.6107914,42.881
1768503699.7132437,34.376
1768503699.8155715,38.89
1768503699.9178743,37.905
1768503700.02012,36.349
1768503700.1269886,43.497
1768503700.229308,42.979
1768503700.3322434,33.784
1768503700.4344118,40.247
1768503700.5375662,37.018
1768503700.6396506,36.82
1768503700.7418814,43.471
1768503700.8441777,32.817
1768503700.946375,42.585
1768503701.0521648,35.658
1768503701.154449,36.996
1768503701.256771,41.256
1768503701.3590138,32.62
1768503701.461353,43.274
1768503701.5635784,34.869
1768503701.665853,37.313
1768503701.7683387,41.625
1768503701.8705797,32.718
1768503701.977899,43.274
1768503702.0801694,34.672
1768503702.1824458,38.474
1768503702.2847009,41.231
1768503702.3868933,32.521
1768503702.4892015,42.29
1768503702.5914814,36.82
1768503702.693713,34.968
1768503702.7959454,46.495
1768503702.9022102,33.014
1768503703.0045142,41.231
1768503703.1067686,36.447
1768503703.2091155,33.508
1768503703.3113701,46.074
1768503703.4136527,33.705
1768503703.516041,37.313
1768503703.6183364,45.708
1768503703.72088,33.409
1768503703.82663,38.716
1768503703.928932,39.383
1768503704.031254,32.521
1768503704.133551,43.078
1768503704.2359812,34.672
1768503704.338426,37.116
1768503704.4407482,41.822
1768503704.5431306,32.718
1768503704.6453571,42.585
1768503704.7476995,35.067
1768503704.8528428,36.743
1768503704.9552753,32.916
1768503705.0574484,41.724
1768503705.1598141,35.856
1768503705.2621224,36.426
1768503705.364318,43.373
1768503705.467266,32.817
1768503705.569547,41.133
1768503705.6717546,37.018
1768503705.7775075,33.39
1768503705.8797185,45.708
1768503705.9819386,32.916
1768503706.0842278,43.668
1768503706.186594,34.672
1768503706.2890282,37.828
1768503706.3913062,40.739
1768503706.4935682,32.521
1768503706.5958807,41.822
1768503706.698189,36.919
1768503706.8030953,36.525
1768503706.905337,45.834
1768503707.00773,33.014
1768503707.1100543,41.995
1768503707.2123241,35.067
1768503707.3147187,38.2
1768503707.4171302,39.656
1768503707.51939,32.422
1768503707.621635,42.512
1768503707.7239833,34.1
1768503707.829856,38.397
1768503707.9324095,39.459
1768503708.0347757,32.422
1768503708.1370542,42.782
1768503708.2393456,33.508
1768503708.3416715,36.426
1768503708.4440467,42.585
1768503708.546294,32.62
1768503708.648849,33.094
1768503708.7540417,46.467
1768503708.8565063,33.31
1768503708.9590003,37.236
1768503709.0613892,46.495
1768503709.1636257,34.672
1768503709.2660105,36.623
1768503709.3683033,42.192
1768503709.4704878,33.113
1768503709.5726979,40.936
1768503709.675133,37.215
1768503709.7803943,44.948
1768503709.8827431,33.409
1768503709.9861305,41.207
1768503710.0882547,36.151
1768503710.193059,35.461
1768503710.295415,46.79
1768503710.3977644,33.39
1768503710.5040874,39.163
1768503710.6065881,38.693
1768503710.7088215,32.323
1768503710.8111217,47.549
1768503710.9133718,33.113
1768503711.0155401,41.699
1768503711.117744,34.968
1768503711.2200296,37.905
1768503711.322248,38.595
1768503711.4244838,32.323
1768503711.5294929,45.386
1768503711.6317918,33.606
1768503711.7342637,41.133
1768503711.8365376,35.757
1768503711.9387186,38.08
1768503712.040937,39.557
1768503712.1431477,32.323
1768503712.2453573,46.102
1768503712.3476458,33.409
1768503712.4498081,40.936
1768503712.5555394,35.658
1768503712.6580398,35.441
1768503712.7602613,42.093
1768503712.8624341,33.014
1768503712.9646451,42.684
1768503713.0668416,34.376
1768503713.1690795,38.966
1768503713.271251,38.2
1768503713.3735175,33.705
1768503713.4758096,44.948
1768503713.579384,33.113
1768503713.6815815,40.444
1768503713.783927,36.053
1768503713.8862262,33.686
1768503713.988523,46.79
1768503714.0907075,33.606
1768503714.1929178,41.404
1768503714.2952266,35.165
1768503714.397564,38.397
1768503714.4997516,38.496
1768503714.6019974,32.323
1768503714.7090378,33.212
1768503714.8180704,41.428
1768503714.920262,34.771
1768503715.0238907,37.51
1768503715.1261227,39.186
1768503715.232204,32.323
1768503715.3345091,44.921
1768503715.436817,33.31
1768503715.5391772,40.345
1768503715.6415339,37.116
1768503715.7438467,36.151
1768503715.846095,42.684
1768503715.9483452,32.718
1768503716.050729,43.471
1768503716.1528878,33.784
1768503716.258427,39.163
1768503716.3610039,37.018
1768503716.4633043,32.225
1768503716.5655239,45.806
1768503716.6678386,33.212
1768503716.7701728,41.183
1768503716.8725007,35.165
1768503716.9748278,37.116
1768503717.0770788,40.739
1768503717.183827,32.521
1768503717.2861886,44.331
1768503717.3884652,33.212
1768503717.49073,39.974
1768503717.593111,37.51
1768503717.695418,32.323
1768503717.7977073,43.963
1768503717.9000387,33.902
1768503718.0022733,39.777
1768503718.108972,36.82
1768503718.2111728,36.426
1768503718.3136075,47.45
1768503718.4157193,33.113
1768503718.5180244,43.544
1768503718.6204355,39.482
1768503718.7226472,33.409
1768503718.8250465,40.172
1768503718.9273455,36.229
1768503719.0340507,42.659
1768503719.1364167,32.62
1768503719.2421036,42.265
1768503719.3451276,33.606
1768503719.4474983,40.05
1768503719.54979,35.954
1768503719.6521702,35.067
1768503719.7587683,41.428
1768503719.8612278,32.916
1768503719.9634962,43.176
1768503720.0658479,34.672
1768503720.168216,38.474
1768503720.2705035,41.034
1768503720.3727973,32.817
1768503720.4751787,43.3
1768503720.5773978,34.771
1768503720.6832259,36.743
1768503720.7854927,40.148
1768503720.8877802,32.62
1768503720.9901507,44.528
1768503721.0925183,33.784
1768503721.194798,38.989
1768503721.2970963,38.496
1768503721.3994262,32.206
1768503721.5016406,43.937
1768503721.60394,33.212
1768503721.709807,39.262
1768503721.8121371,37.018
1768503721.9144363,36.82
1768503722.016736,40.936
1768503722.11905,32.718
1768503722.2212584,43.57
1768503722.3235192,33.686
1768503722.4257143,40.518
1768503722.5279772,36.426
1768503722.6356351,34.672
1768503722.7378428,44.062
1768503722.8400586,32.718
1768503722.9422812,42.585
1768503723.0444627,33.014
1768503723.1466908,39.754
1768503723.2490358,36.151
1768503723.3512602,36.426
1768503723.4534817,41.33
1768503723.5557375,43.446
1768503723.6639342,34.376
1768503723.766166,39.262
1768503723.8682535,37.116
1768503723.9708304,32.225
1768503724.0730062,35.56
1768503724.1751833,32.916
1768503724.277376,32.817
1768503724.379548,32.62
1768503724.483482,34.179
1768503724.585721,36.349
1768503724.6878903,37.806
1768503724.7900317,36.25
1768503724.8921442,36.328
1768503724.9943504,34.968
1768503725.0965514,36.151
1768503725.198738,34.376
1768503725.3009307,35.461
1768503725.4032927,37.313
1768503725.5055916,37.609
1768503725.6105952,35.954
1768503725.7127774,35.165
1768503725.8150353,33.587
1768503725.9171922,32.323
1768503726.0193813,32.62
1768503726.1217103,32.62
1768503726.2238731,32.718
1768503726.3261151,32.916
1768503726.4283688,33.014
1768503726.530574,33.409
1768503726.6330876,34.968
1768503726.739059,35.954
1768503726.841338,35.264
1768503726.943565,34.278
1768503727.0457823,41.133
1768503727.1479912,35.362
1768503727.2502642,36.94
1768503727.3525515,44.259
1768503727.4548857,34.001
1768503727.5573404,36.94
1768503727.659637,46.369
1768503727.7663405,33.113
1768503727.868519,43.078
1768503727.970728,34.573
1768503728.0730238,38.792
1768503728.175412,39.36
1768503728.278176,32.422
1768503728.38054,42.782
1768503728.4827325,35.165
1768503728.585219,40.247
1768503728.6925886,35.954
1768503728.794844,36.722
1768503728.8975532,41.034
1768503729.0005906,32.718
1768503729.1028476,43.373
1768503729.2052195,35.165
1768503729.3075023,38.299
1768503729.4100037,38.89
1768503729.5158863,32.323
1768503729.6181383,43.078
1768503729.720368,33.804
1768503729.8228483,41.601
1768503729.9251633,36.25
1768503730.0273604,38.102
1768503730.129612,40.172
1768503730.2319365,32.323
1768503730.3342721,42.979
1768503730.4365098,33.804
1768503730.5422585,40.05
1768503730.6444914,38.496
1768503730.746764,35.067
1768503730.8491752,45.019
1768503730.9517672,32.718
1768503731.0540173,43.274
1768503731.1563723,34.771
1768503731.2586524,37.116
1768503731.3609185,41.109
1768503731.4675207,32.521
1768503731.5698283,41.306
1768503731.6721451,36.151
1768503731.774457,32.027
1768503731.8768055,44.331
1768503731.9792435,33.489
1768503732.081704,38.025
1768503732.1840653,39.163
1768503732.2863407,32.323
1768503732.3925967,42.487
1768503732.494917,34.475
1768503732.5972102,36.426
1768503732.6994793,45.834
1768503732.8018935,33.014
1768503732.9046803,42.954
1768503733.00708,34.672
1768503733.1093469,38.671
1768503733.213089,32.323
1768503733.3183978,45.413
1768503733.4208453,33.804
1768503733.5231276,38.671
1768503733.6259205,39.679
1768503733.7283216,33.113
1768503733.830637,41.699
1768503733.9331453,36.151
1768503734.0354602,36.645
1768503734.13777,44.134
1768503734.243678,33.31
1768503734.3463137,41.256
1768503734.448587,36.546
1768503734.550899,33.31
1768503734.6533217,44.429
1768503734.7556014,33.705
1768503734.8578832,41.01
1768503734.960278,35.264
1768503735.062655,37.905
1768503735.164855,39.557
1768503735.2694435,32.323
1768503735.371665,46.495
1768503735.4738772,33.212
1768503735.5760956,41.896
1768503735.6784031,35.658
1768503735.7806327,37.412
1768503735.8828807,41.428
1768503735.9851875,32.521
1768503736.0873814,45.834
1768503736.189768,33.31
1768503736.296286,41.896
1768503736.3988295,35.067
1768503736.5010877,38.321
1768503736.6032655,40.172
1768503736.7055576,32.422
1768503736.8078866,44.993
1768503736.9101226,33.409
1768503737.012339,41.01
1768503737.1146924,34.771
1768503737.21968,38.716
1768503737.3220885,38.595
1768503737.4242878,32.323
1768503737.5268905,45.708
1768503737.6290865,33.409
1768503737.7313118,42.585
1768503737.8335032,35.461
1768503737.936329,40.444
1768503738.0385625,32.323
1768503738.1406937,44.429
1768503738.2462826,33.014
1768503738.3512645,40.814
1768503738.4535778,35.658
1768503738.5558026,32.126
1768503738.6581254,38.693
1768503738.7604477,39.186
1768503738.8626869,33.014
1768503738.9649577,41.306
1768503739.0718925,36.131
1768503739.1741076,37.116
1768503739.2765136,43.347
1768503739.3787389,32.916
1768503739.4810097,43.373
1768503739.5833352,36.743
1768503739.6856182,32.225
1768503739.7878716,46.79
1768503739.8905647,33.212
1768503739.9956927,42.585
1768503740.0979476,35.856
1768503740.2003827,36.94
1768503740.30269,45.216
1768503740.4049296,33.113
1768503740.5071654,41.034
1768503740.609428,38.102
1768503740.7117903,32.798
1768503740.8141017,43.839
1768503740.921352,32.916
1768503741.0235684,40.321
1768503741.1263654,36.229
1768503741.2287605,32.225
1768503741.3312018,46.888
1768503741.4335532,33.212
1768503741.535803,40.148
1768503741.638108,36.82
1768503741.7404542,32.225
1768503741.8457162,45.216
1768503741.948091,33.705
1768503742.050626,32.027
1768503742.1532562,43.274
1768503742.2555437,34.968
1768503742.358374,42.019
1768503742.4613483,32.817
1768503742.5636513,42.782
1768503742.6717324,36.131
1768503742.773997,32.126
1768503742.8762825,45.341
1768503742.9787776,34.08
1768503743.0811646,40.247
1768503743.1835816,39.284
1768503743.2859988,32.126
1768503743.388268,42.585
1768503743.4906523,34.199
1768503743.595788,36.94
1768503743.6983314,45.806
1768503743.8007476,36.623
1768503743.903109,33.212
1768503744.0053709,31.929
1768503744.1077137,40.247
1768503744.2099915,36.743
1768503744.3122694,35.757
1768503744.414509,43.963
1768503744.5199575,33.014
1768503744.6221786,41.428
1768503744.7244346,35.757
1768503744.826788,32.126
1768503744.9289737,46.959
1768503745.0311892,33.409
1768503745.1334147,39.853
1768503745.235738,38.003
1768503745.3379607,32.323
1768503745.4403265,46.888
1768503745.5471416,33.31
1768503745.6494367,41.527
1768503745.7516797,35.56
1768503745.8539817,38.792
1768503745.9563067,38.693
1768503746.0584824,32.225
1768503746.1607575,46.861
1768503746.2629485,33.014
1768503746.3651745,43.668
1768503746.4673762,34.179
1768503746.5722678,41.354
1768503746.6746736,38.792
1768503746.7769542,32.206
1768503746.879213,42.585
1768503746.9816194,33.508
1768503747.0837994,36.546
1768503747.1925578,35.067
1768503747.2985075,44.894
1768503747.4006803,33.113
1768503747.5031173,41.527
1768503747.6056519,36.151
1768503747.7080088,36.447
1768503747.8102407,44.062
1768503747.9124143,32.817
1768503748.0145977,43.668
1768503748.1167881,34.278
1768503748.2228208,37.095
1768503748.3251312,44.16
1768503748.4273648,32.916
1768503748.529741,37.116
1768503748.6323805,40.936
1768503748.734641,37.806
1768503748.836986,32.225
1768503748.9391804,43.865
1768503749.0414026,33.113
1768503749.1436722,36.623
1768503749.250115,44.528
1768503749.3524225,33.212
1768503749.4547987,40.05
1768503749.5571165,37.412
1768503749.6594472,32.323
1768503749.7616127,42.881
1768503749.863843,34.08
1768503749.9660704,38.003
1768503750.0683162,38.966
1768503750.1744056,32.225
1768503750.2766232,42.093
1768503750.3788733,33.606
1768503750.481094,39.731
1768503750.5833876,36.426
1768503750.6855612,32.225
1768503750.787754,47.282
1768503750.8900266,33.113
1768503750.9923687,43.57
1768503751.0946898,34.869
1768503751.200218,38.299
1768503751.3024929,39.186
1768503751.4047358,32.521
1768503751.5071034,44.528
1768503751.6092944,38.595
1768503751.7120197,38.299
1768503751.8141305,32.225
1768503751.9173913,45.959
1768503752.0196187,33.014
1768503752.1245916,43.767
1768503752.2267978,35.264
1768503752.3290722,37.434
1768503752.4313116,42.487
1768503752.533584,32.718
1768503752.6358309,42.315
1768503752.738127,35.067
1768503752.8404014,36.602
1768503752.9426942,42.807
1768503753.0450287,32.916
1768503753.1507258,40.641
1768503753.252925,36.82
1768503753.3551788,34.376
1768503753.4573636,45.145
1768503753.559651,32.817
1768503753.6619186,43.078
1768503753.764108,34.475
1768503753.8663352,39.679
1768503753.968506,37.806
1768503754.070686,36.645
1768503754.1766505,44.16
1768503754.278915,32.817
1768503754.3811772,42.881
1768503754.483412,35.362
1768503754.5856867,37.51
1768503754.687835,42.684
1768503754.7902298,32.718
1768503754.8924751,38.671
1768503754.9949296,35.067
1768503755.0971541,35.165
1768503755.2001238,34.672
1768503755.302309,34.376
1768503755.4046032,34.771
1768503755.5068038,34.968
1768503755.6090348,34.869
1768503755.7112021,35.165
1768503755.813419,34.278
1768503755.9156473,33.409
1768503756.017807,32.916
1768503756.1202152,32.817
1768503756.2242796,32.62
1768503756.3267255,32.521
1768503756.429408,35.56
1768503756.5316737,37.708
1768503756.6387389,32.225
1768503756.7408938,34.672
1768503756.842996,32.62
1768503756.949143,32.916
1768503757.051356,33.31
1768503757.1535614,34.08
1768503757.2557843,35.362
1768503757.3580563,36.525
1768503757.46063,37.018
1768503757.5630562,37.412
1768503757.6653154,41.798
1768503757.7676573,34.278
1768503757.869886,37.39
1768503757.9753244,41.503
1768503758.077577,32.62
1768503758.1798227,42.782
1768503758.2820177,35.264
1768503758.3842344,37.905
1768503758.4864345,43.274
1768503758.5887504,33.686
1768503758.690956,32.126
1768503758.7932827,44.331
1768503758.895587,33.883
1768503759.0011568,39.459
1768503759.1033125,38.102
1768503759.2055247,32.225
1768503759.3077798,45.61
1768503759.4100459,35.658
1768503759.5124493,32.62
1768503759.6147313,43.471
1768503759.716953,34.297
1768503759.8191924,40.05
1768503759.9215364,36.919
1768503760.027098,33.508
1768503760.1294034,45.61
1768503760.2317069,33.113
1768503760.334017,40.444
1768503760.4363325,36.842
1768503760.5386086,35.461
1768503760.6408844,47.184
1768503760.7431684,33.409
1768503760.8457463,40.641
1768503760.9515598,36.919
1768503761.0543766,32.323
1768503761.1567242,33.212
1768503761.2607107,42.093
1768503761.3628972,35.757
1768503761.4651604,32.521
1768503761.5673995,37.708
1768503761.6695936,41.133
1768503761.7770464,32.817
1768503761.8792546,43.398
1768503761.9816947,36.546
1768503762.0840394,32.225
1768503762.1863642,43.839
1768503762.2886405,34.297
1768503762.3910387,38.518
1768503762.4933188,43.963
1768503762.5955892,33.014
1768503762.7015529,40.444
1768503762.8037896,36.328
1768503762.9060018,37.039
1768503763.008303,41.404
1768503763.1105766,32.521
1768503763.212873,44.233
1768503763.3151531,33.409
1768503763.4174688,40.912
1768503763.5196586,36.546
1768503763.626134,36.842
1768503763.7284129,44.724
1768503763.830606,32.817
1768503763.93292,43.3
1768503764.0356774,34.376
1768503764.1381314,38.595
1768503764.2404213,39.656
1768503764.3427773,32.422
1768503764.4452338,42.684
1768503764.5508416,34.179
1768503764.6532152,37.215
1768503764.7554858,45.413
1768503764.8578799,34.199
1768503764.9602368,33.982
1768503765.062643,44.823
1768503765.1649299,33.804
1768503765.267657,38.178
1768503765.3699398,41.995
1768503765.4770885,32.916
1768503765.579375,37.532
1768503765.6856072,32.422
1768503765.7878807,43.741
1768503765.890172,34.672
1768503765.992398,37.609
1768503766.0946176,40.345
1768503766.201143,32.817
1768503766.3036258,42.684
1768503766.4060125,34.573
1768503766.5085585,36.25
1768503766.6110368,45.61
1768503766.7136822,33.31
1768503766.8160186,42.093
1768503766.9185138,35.461
1768503767.0246284,37.51
1768503767.1271412,39.284
1768503767.2293985,34.179
1768503767.3319829,47.184
1768503767.4342458,33.113
1768503767.5368793,42.192
1768503767.6391175,35.461
1768503767.7418098,38.299
1768503767.844049,38.769
1768503767.9510672,33.686
1768503768.053307,45.046
1768503768.155502,32.817
1768503768.2577755,43.373
1768503768.3600678,37.51
1768503768.462296,38.003
1768503768.5645063,41.921
1768503768.6668136,36.722
1768503768.7690032,37.018
1768503768.8741663,36.032
1768503768.9763658,32.422
1768503769.0785923,46.861
1768503769.18085,32.916
1768503769.2832155,43.642
1768503769.3853824,33.508
1768503769.4876113,43.373
1768503769.5898907,35.165
1768503769.6921546,38.989
1768503769.794505,39.36
1768503769.9010546,32.422
1768503770.0035155,32.916
1768503770.1056464,43.176
1768503770.2078352,34.475
1768503770.309918,38.474
1768503770.4124007,38.769
1768503770.5157049,32.422
1768503770.618007,43.471
1768503770.7201736,34.179
1768503770.825709,39.163
1768503770.9281325,37.412
1768503771.0304847,35.067
1768503771.132776,45.118
1768503771.2350128,32.323
1768503771.3373063,42.979
1768503771.4396932,34.573
1768503771.5419343,39.557
1768503771.644235,38.003
1768503771.7465467,32.323
1768503771.8519754,46.172
1768503771.9542365,33.31
1768503772.056677,41.527
1768503772.1589332,36.447
1768503772.2611556,37.412
1768503772.3633964,43.471
1768503772.4656856,32.62
1768503772.5680804,43.373
1768503772.6703146,34.179
1768503772.7765386,38.496
1768503772.878929,38.299
1768503772.981581,36.82
1768503773.0838091,41.822
1768503773.1860948,32.422
1768503773.2883327,43.373
1768503773.3906121,33.705
1768503773.4928775,41.921
1768503773.595131,35.658
1768503773.697457,37.039
1768503773.8022046,43.078
1768503773.904435,32.422
1768503774.0067666,42.782
1768503774.109003,32.718
1768503774.211371,41.404
1768503774.3137898,35.461
1768503774.4161658,37.806
1768503774.5184312,39.754
1768503774.620701,32.422
1768503774.7234612,46.271
1768503774.8296764,40.223
1768503774.932259,38.299
1768503775.0343804,32.422
1768503775.137098,42.684
1768503775.2392855,34.376
1768503775.341485,31.929
1768503775.4437604,46.074
1768503775.5459516,33.686
1768503775.6482022,39.284
1768503775.7545688,39.087
1768503775.8569186,37.686
1768503775.9592018,46.692
1768503776.061411,32.422
1768503776.163708,40.936
1768503776.2659245,36.623
1768503776.368204,36.645
1768503776.4704762,43.15
1768503776.5726733,32.817
1768503776.6748877,41.798
1768503776.7808475,37.51
1768503776.8831308,33.606
1768503776.9853103,46.538
1768503777.087565,32.521
1768503777.1898117,40.345
1768503777.2920923,36.525
1768503777.394377,37.116
1768503777.4965663,41.995
1768503777.5988047,32.62
1768503777.7061107,43.668
1768503777.8083684,35.165
1768503777.910734,37.609
1768503778.013242,42.782
1768503778.115542,32.718
1768503778.217916,43.274
1768503778.3202436,34.475
1768503778.4225721,37.686
1768503778.5291111,39.163
1768503778.631469,32.817
1768503778.7337708,37.806
1768503778.8360467,40.345
1768503778.938771,32.521
1768503779.0411077,43.446
1768503779.1433332,33.606
1768503779.2455502,41.01
1768503779.347764,35.954
1768503779.4538102,41.306
1768503779.5579956,32.718
1768503779.6601617,47.155
1768503779.7624454,33.883
1768503779.8645499,39.459
1768503779.9667213,37.412
1768503780.068899,33.568
1768503780.171167,44.456
1768503780.2733326,32.817
1768503780.378875,40.223
1768503780.4810863,35.461
1768503780.5832505,37.018
1768503780.6854696,40.814
1768503780.787645,32.817
1768503780.8899481,44.751
1768503780.9921613,33.508
1768503781.0943608,42.388
1768503781.196529,35.067
1768503781.298826,37.905
1768503781.405736,38.989
1768503781.5081103,32.323
1768503781.6103334,42.807
1768503781.7125006,32.916
1768503781.8147037,42.757
1768503781.9169314,33.409
1768503782.0191407,42.782
1768503782.1214087,34.475
1768503782.223734,32.009
1768503782.3260825,46.495
1768503782.4309466,36.053
1768503782.533274,32.62
1768503782.6355119,39.163
1768503782.7378848,38.868
1768503782.8402045,32.521
1768503782.942389,46.762
1768503783.044692,33.212
1768503783.146967,41.995
1768503783.2492409,34.771
1768503783.3514404,37.609
1768503783.4572718,39.163
1768503783.5594478,32.62
1768503783.6617286,42.56
1768503783.764606,33.705
1768503783.8668747,39.829
1768503783.9690328,36.151
1768503784.071293,32.225
1768503784.1738784,46.397
1768503784.276104,33.409
1768503784.3786259,42.315
1768503784.486257,38.397
1768503784.5883272,38.2
1768503784.6904218,36.722
1768503784.7926211,41.724
1768503784.8946795,32.521
1768503784.9968212,45.484
1768503785.0989227,33.31
1768503785.2010484,41.404
1768503785.3032784,35.56
1768503785.4091756,37.039
1768503785.5114377,35.658
1768503785.6138134,37.609
1768503785.716014,38.102
1768503785.81815,36.623
1768503785.9202604,35.658
1768503786.0224907,33.804
1768503786.124721,33.508
1768503786.2271144,32.817
1768503786.3293302,32.916
1768503786.4330928,32.718
1768503786.5352213,32.521
1768503786.6373937,32.521
1768503786.739664,33.686
1768503786.8419206,35.736
1768503786.9442134,36.131
1768503787.0464432,36.229
1768503787.1487293,35.954
1768503787.2510393,35.56
1768503787.3532922,35.835
1768503787.4556139,34.672
1768503787.5611224,33.686
1768503787.6634521,32.521
1768503787.765757,32.916
1768503787.8679607,33.212
1768503787.9702742,33.31
1768503788.0776682,33.784
1768503788.1802442,31.731
1768503788.2862165,33.982
1768503788.3888397,32.027
1768503788.4911048,40.247
1768503788.5933535,40.247
1768503788.6955783,36.053
1768503788.7983644,32.225
1768503788.900613,42.61
1768503789.004725,34.672
1768503789.1108162,43.865
1768503789.21398,33.014
1768503789.3160803,41.01
1768503789.4181936,35.461
1768503789.520291,36.525
1768503789.6224535,42.487
1768503789.7246528,32.817
1768503789.8267934,42.855
1768503789.9288564,33.508
1768503790.0310638,41.921
1768503790.1370144,34.672
1768503790.2393038,38.375
1768503790.3415787,38.299
1768503790.4437456,32.225
1768503790.5460513,46.495
1768503790.6482728,33.212
1768503790.750449,43.373
1768503790.8527148,34.08
1768503790.9549031,40.838
1768503791.0571408,36.131
1768503791.1621826,37.609
1768503791.2643828,40.345
1768503791.3665912,32.422
1768503791.4689355,45.216
1768503791.5712183,33.113
1768503791.6734173,43.865
1768503791.7756865,34.278
1768503791.8779757,38.89
1768503791.9801779,37.313
1768503792.0825741,33.705
1768503792.1877272,44.16
1768503792.289965,32.916
1768503792.3922193,43.373
1768503792.4944787,35.461
1768503792.5967286,37.412
1768503792.6990368,40.444
1768503792.8012333,32.422
1768503792.9035673,43.176
1768503793.0058753,33.982
1768503793.1080818,41.428
1768503793.2146773,35.658
1768503793.3169792,37.883
1768503793.4191961,39.163
1768503793.5214021,32.323
1768503793.6236217,46.172
1768503793.7257798,33.31
1768503793.8288019,41.527
1768503793.9310048,39.065
1768503794.0346904,37.116
1768503794.1401224,36.426
1768503794.2424526,42.512
1768503794.3446412,32.521
1768503794.4468846,43.078
1768503794.549149,34.179
1768503794.6514504,39.974
1768503794.7537818,36.722
1768503794.856073,36.94
1768503794.9582732,41.109
1768503795.0636017,32.62
1768503795.1657977,46.664
1768503795.2680037,33.212
1768503795.3703058,43.373
1768503795.4725401,34.672
1768503795.5747685,38.102
1768503795.6771634,40.861
1768503795.7795367,32.422
1768503795.8817647,42.782
1768503795.983937,33.705
1768503796.0899365,40.542
1768503796.1920934,36.25
1768503796.29429,37.018
1768503796.3964589,40.247
1768503796.4987354,32.521
1768503796.6009684,43.176
1768503796.7032862,33.982
1768503796.8055074,39.754
1768503796.9078674,36.722
1768503797.010155,37.116
1768503797.114904,41.724
1768503797.217222,32.422
1768503797.3195856,44.724
1768503797.421938,33.212
1768503797.5241427,40.888
1768503797.6264274,36.053
1768503797.7285883,37.609
1768503797.8314269,41.33
1768503797.9336994,32.521
1768503798.039949,46.2
1768503798.1421432,33.014
1768503798.2443402,41.306
1768503798.3467083,38.102
1768503798.4530735,36.349
1768503798.5553083,44.259
1768503798.6575873,32.521
1768503798.760064,40.739
1768503798.8658996,41.822
1768503798.968261,33.291
1768503799.0708864,41.896
1768503799.1732662,35.856
1768503799.2757742,36.426
1768503799.3781085,44.233
1768503799.4806254,33.113
1768503799.5830517,40.814
1768503799.6853528,36.722
1768503799.7902565,32.225
1768503799.8926451,46.593
1768503799.994927,33.014
1768503800.0972497,42.388
1768503800.1995115,35.56
1768503800.3019679,36.328
1768503800.404193,43.963
1768503800.506517,33.014
1768503800.6088343,42.979
1768503800.7110717,34.869
1768503800.816591,37.708
1768503800.9191778,40.518
1768503801.0214336,32.422
1768503801.123624,45.019
1768503801.2259147,33.705
1768503801.3284252,41.183
1768503801.4307392,35.264
1768503801.5332534,37.806
1768503801.6355684,39.951
1768503801.742809,32.422
1768503801.8450854,42.954
1768503801.9473248,34.08
1768503802.0496135,39.853
1768503802.151833,37.018
1768503802.2542012,36.645
1768503802.3564084,43.471
1768503802.4586859,32.817
1768503802.5609236,43.963
1768503802.6668835,34.771
1768503802.7691102,36.426
1768503802.8713458,46.271
1768503802.973574,33.508
1768503803.0772736,41.798
1768503803.1795301,35.461
1768503803.28188,42.709
1768503803.384091,32.718
1768503803.4901712,43.176
1768503803.5924833,35.165
1768503803.6948168,36.82
1768503803.7971292,42.906
1768503803.8994591,32.817
1768503804.0018504,41.33
1768503804.104454,37.708
1768503804.2067196,32.323
1768503804.3089545,45.61
1768503804.416092,33.705
1768503804.518386,41.428
1768503804.6206238,35.856
1768503804.7228994,36.623
1768503804.825216,44.948
1768503804.9275656,32.817
1768503805.0299225,43.398
1768503805.1321406,34.001
1768503805.2343733,42.388
1768503805.3399906,35.835
1768503805.4422534,38.003
1768503805.544613,39.754
1768503805.646855,32.422
1768503805.7492595,46.959
1768503805.851572,33.409
1768503805.953842,39.951
1768503806.0562677,37.806
1768503806.1586683,32.225
1768503806.264854,43.642
1768503806.36713,33.508
1768503806.4694197,41.896
1768503806.5716207,35.856
1768503806.6738749,36.842
1768503806.776195,42.29
1768503806.878649,32.817
1768503806.9809687,42.782
1768503807.0833044,35.56
1768503807.1856842,36.743
1768503807.291917,45.315
1768503807.3942153,33.014
1768503807.4966748,40.444
1768503807.5993397,36.151
1768503807.7016559,34.968
1768503807.8039582,33.686
1768503807.90701,37.686
1768503808.0091984,47.479
1768503808.1152244,33.982
1768503808.217478,37.018
1768503808.3197906,41.822
1768503808.4221418,32.718
1768503808.5243726,36.546
1768503808.6266491,45.145
1768503808.7289202,33.784
1768503808.8313153,40.05
1768503808.9338362,37.905
1768503809.0398333,32.323
1768503809.1421618,45.315
1768503809.244583,33.606
1768503809.3469589,40.542
1768503809.4493196,37.018
1768503809.5515077,36.151
1768503809.653935,45.118
1768503809.7562318,33.014
1768503809.858693,41.01
1768503809.9648845,37.039
1768503810.0672154,34.771
1768503810.169564,46.762
1768503810.2718458,33.014
1768503810.3741288,41.625
1768503810.4764118,36.151
1768503810.5787704,34.278
1768503810.6811867,46.79
1768503810.7834263,33.409
1768503810.8901536,41.503
1768503810.9923565,35.165
1768503811.0946128,36.349
1768503811.1969795,43.373
1768503811.2991998,32.817
1768503811.401593,43.963
1768503811.504079,34.278
1768503811.606315,38.299
1768503811.7086644,38.792
1768503811.814856,32.422
1768503811.9171884,42.855
1768503812.0193791,34.376
1768503812.1230521,37.806
1768503812.2253556,32.323
1768503812.32882,44.456
1768503812.4310248,33.686
1768503812.5332694,38.693
1768503812.639214,37.412
1768503812.7414062,32.305
1768503812.843698,46.172
1768503812.945897,33.212
1768503813.0482886,41.625
1768503813.1506867,35.658
1768503813.2531297,37.729
1768503813.3555195,39.36
1768503813.4577785,33.686
1768503813.5645468,46.397
1768503813.666711,32.916
1768503813.768936,43.274
1768503813.8711565,34.869
1768503813.973457,38.792
1768503814.0757604,37.708
1768503814.1781304,36.426
1768503814.2803195,41.995
1768503814.3825138,32.521
1768503814.4886847,43.839
1768503814.5910304,35.067
1768503814.6932414,37.806
1768503814.7957392,40.345
1768503814.8979661,32.62
1768503815.0002472,42.585
1768503815.1025631,33.784
1768503815.2047925,40.814
1768503815.3071082,36.131
1768503815.4138124,36.919
1768503815.5160985,41.699
1768503815.6183429,32.62
1768503815.72067,43.15
1768503815.822881,34.672
1768503815.9251418,37.215
1768503816.0274212,41.109
1768503816.1297276,32.817
1768503816.231991,35.658
1768503816.3344672,37.51
1768503816.4368796,37.806
1768503816.5391161,37.489
1768503816.6412203,36.349
1768503816.7433739,35.856
1768503816.8455155,34.672
1768503816.9489434,33.212
1768503817.051012,32.7
1768503817.153127,37.412
1768503817.2552488,38.2
1768503817.3573406,35.954
1768503817.460407,34.179
1768503817.5625327,33.409
1768503817.6646492,32.916
1768503817.7668848,35.461
1768503817.8690605,36.426
1768503817.9712687,33.587
1768503818.0736065,32.422
1768503818.1758735,32.817
1768503818.2781606,33.784
1768503818.3803446,35.165
1768503818.482527,35.856
1768503818.584839,34.573
1768503818.6898937,39.557
1768503818.7924128,45.118
1768503818.8946445,33.784
1768503818.9969652,37.905
1768503819.0991666,42.388
1768503819.201437,33.014
1768503819.3037152,40.838
1768503819.4058895,37.609
1768503819.5081615,32.126
1768503819.610355,45.905
1768503819.7161958,33.113
1768503819.8183627,41.306
1768503819.920678,36.328
1768503820.0229726,36.623
1768503820.1251717,44.948
1768503820.2274866,32.916
1768503820.329762,41.527
1768503820.4320426,36.053
1768503820.5342996,36.447
1768503820.63661,42.881
1768503820.743173,32.817
1768503820.8453643,42.782
1768503820.9476213,34.672
1768503821.0497844,39.557
1768503821.1523528,36.919
1768503821.2545679,36.426
1768503821.3568509,42.019
1768503821.4590805,32.62
1768503821.5619602,42.807
1768503821.6681893,37.215
1768503821.7704353,33.014
1768503821.8734007,36.919
1768503821.975694,36.546
1768503822.0782013,32.718
1768503822.1803575,32.916
1768503822.2825377,42.388
1768503822.3846521,34.179
1768503822.4867628,38.003
1768503822.593492,41.306
1768503822.695667,32.62
1768503822.7979028,43.052
1768503822.9002128,34.573
1768503823.002618,37.729
1768503823.1049354,40.936
1768503823.2071788,32.718
1768503823.309597,43.471
1768503823.411847,34.672
1768503823.5179083,37.905
1768503823.6201508,40.05
1768503823.7223983,32.422
1768503823.8245924,47.155
1768503823.9269369,33.409
1768503824.0293078,42.782
1768503824.1315472,35.362
1768503824.2337604,38.397
1768503824.3359447,39.163
1768503824.438195,32.422
1768503824.5438926,43.741
1768503824.646183,33.686
1768503824.748419,39.754
1768503824.8507438,37.313
1768503824.9531684,32.323
1768503825.0554645,45.511
1768503825.1578288,33.409
1768503825.2600927,41.503
1768503825.3624625,36.447
1768503825.4684298,36.94
1768503825.5706851,41.306
1768503825.67316,32.718
1768503825.7758787,42.881
1768503825.8781042,35.362
1768503825.980268,36.623
1768503826.0826108,44.652
1768503826.1882908,32.62
1768503826.2933035,42.757
1768503826.3977273,34.376
1768503826.5001538,38.693
1768503826.6025302,32.422
1768503826.7046955,45.118
1768503826.8069215,33.508
1768503826.9091673,39.459
1768503827.0112612,37.116
1768503827.1177502,32.323
1768503827.2200174,47.184
1768503827.322359,33.409
1768503827.4246109,40.838
1768503827.5270588,36.229
1768503827.6292803,33.113
1768503827.731543,46.664
1768503827.8339791,33.409
1768503827.9364848,40.641
1768503828.0424607,37.116
1768503828.1446416,36.229
1768503828.2470336,45.145
1768503828.3493526,34.376
1768503828.4515903,38.89
1768503828.5539541,42.118
1768503828.6562748,36.722
1768503828.758533,36.842
1768503828.8609967,45.61
1768503828.9669151,33.014
1768503829.069207,43.004
1768503829.1715221,34.475
1768503829.2738545,38.989
1768503829.3761995,37.708
1768503829.478621,35.067
1768503829.580841,43.963
1768503829.6832252,32.817
1768503829.785494,43.595
1768503829.887687,34.001
1768503829.9940429,38.496
1768503830.0962608,38.299
1768503830.1988494,35.933
1768503830.3011591,44.357
1768503830.4034932,32.718
1768503830.5057106,42.684
1768503830.6086254,33.508
1768503830.7110136,41.231
1768503830.8136945,35.933
1768503830.9211314,32.225
1768503831.0236783,33.212
1768503831.1266084,41.896
1768503831.2288482,34.869
1768503831.3309069,37.729
1768503831.433353,39.163
1768503831.5354767,32.521
1768503831.6380196,42.782
1768503831.74426,34.376
1768503831.8466384,32.126
1768503831.948943,46.916
1768503832.0511706,33.39
1768503832.1535628,43.274
1768503832.255905,35.264
1768503832.3583083,36.645
1768503832.4605877,44.894
1768503832.562741,33.212
1768503832.6695857,42.093
1768503832.7722678,36.053
1768503832.87455,36.328
1768503832.9768505,43.274
1768503833.0791242,32.718
1768503833.1814454,42.388
1768503833.283742,34.869
1768503833.3862603,37.412
1768503833.488475,42.684
1768503833.593561,32.718
1768503833.6958778,43.471
1768503833.7982438,34.573
1768503833.9004526,37.39
1768503834.0027812,40.641
1768503834.1051702,32.718
1768503834.2075171,40.912
1768503834.3098466,36.623
1768503834.4122586,32.404
1768503834.5177326,45.932
1768503834.6202412,32.916
1768503834.7224505,42.487
1768503834.8246183,34.199
1768503834.9269865,38.868
1768503835.0297713,38.102
1768503835.1321084,35.165
1768503835.2347295,46.003
1768503835.3369098,33.014
1768503835.4431326,41.675
1768503835.5454142,37.905
1768503835.6491964,40.838
1768503835.751374,32.521
1768503835.8535101,43.274
1768503835.9558418,34.771
1768503836.0579667,36.82
1768503836.1601725,42.487
1768503836.2622674,32.62
1768503836.368161,42.585
1768503836.4703572,34.179
1768503836.5727768,38.989
1768503836.6751049,37.609
1768503836.7773547,34.554
1768503836.879605,44.528
1768503836.9818814,32.916
1768503837.0842183,43.471
1768503837.1864865,34.573
1768503837.288677,39.853
1768503837.3944244,38.299
1768503837.496642,32.422
1768503837.598824,45.583
1768503837.7011747,33.409
1768503837.803402,41.503
1768503837.9056356,35.165
1768503838.0080154,38.08
1768503838.1102378,39.853
1768503838.2124038,32.62
1768503838.319872,42.881
1768503838.422144,34.376
1768503838.524356,38.595
1768503838.6271293,42.487
1768503838.7293596,34.771
1768503838.8316333,38.868
1768503838.9339547,38.397
1768503839.0361753,32.323
1768503839.1384232,45.216
1768503839.2441015,32.916
1768503839.3463805,43.989
1768503839.448595,34.771
1768503839.5508401,37.883
1768503839.653024,39.58
1768503839.7552013,32.323
1768503839.8581161,46.03
1768503839.9604092,32.916
1768503840.062589,43.15
1768503840.169164,40.542
1768503840.2721968,37.313
1768503840.374246,33.982
1768503840.4763842,46.271
1768503840.5784564,33.014
1768503840.6805532,43.274
1768503840.7827163,34.001
1768503840.8848057,40.542
1768503840.9869118,38.397
1768503841.089134,32.323
1768503841.193815,42.782
1768503841.2961586,35.638
1768503841.398412,37.215
1768503841.500666,40.936
1768503841.6030211,32.521
1768503841.7053363,44.429
1768503841.8074944,33.508
1768503841.909809,41.231
1768503842.0121298,35.933
1768503842.114395,36.919
1768503842.2196815,41.995
1768503842.3219068,32.718
1768503842.424205,36.053
1768503842.5264263,45.019
1768503842.6287327,33.982
1768503842.7310936,40.073
1768503842.833297,36.722
1768503842.9355733,34.08
1768503843.0378788,45.905
1768503843.144653,33.014
1768503843.2468421,43.176
1768503843.3490534,34.376
1768503843.451241,39.087
1768503843.5534637,37.51
1768503843.6556928,32.323
1768503843.7578797,46.593
1768503843.8600895,33.212
1768503843.9624267,42.093
1768503844.0646539,35.461
1768503844.1700807,37.784
1768503844.2722495,39.656
1768503844.37443,32.422
1768503844.476726,47.479
1768503844.5791068,33.508
1768503844.6826475,40.444
1768503844.7848217,35.757
1768503844.8871372,37.51
1768503844.989344,40.148
1768503845.0940216,46.271
1768503845.1970677,33.409
1768503845.2992463,38.989
1768503845.4016461,39.284
1768503845.5038505,32.817
1768503845.6061127,41.724
1768503845.7082582,35.362
1768503845.8104587,37.587
1768503845.912519,40.444
1768503846.014622,32.62
1768503846.1199605,45.976
1768503846.2221518,33.508
1768503846.3244135,41.798
1768503846.4268215,35.461
1768503846.5291219,36.623
1768503846.6313517,34.278
1768503846.7337928,33.014
1768503846.8360248,32.718
1768503846.938199,34.278
1768503847.0422318,36.82
1768503847.1446118,37.215
1768503847.247037,37.708
1768503847.3492303,37.686
1768503847.4515023,36.82
1768503847.553822,36.426
1768503847.6560435,35.954
1768503847.7582512,35.757
1768503847.860388,34.475
1768503847.9625764,34.968
1768503848.0677726,35.461
1768503848.170076,35.658
1768503848.2724588,36.82
1768503848.3747766,37.018
1768503848.4771476,35.461
1768503848.5794432,32.916
1768503848.6816325,36.349
1768503848.7838728,32.521
1768503848.8861372,32.817
1768503848.9885037,33.508
1768503849.0946255,33.883
1768503849.1969004,35.067
1768503849.2995815,36.032
1768503849.4018977,39.36
1768503849.5053592,40.739
1768503849.6075811,33.113
1768503849.7098355,38.003
1768503849.8121135,44.528
1768503849.9143255,33.31
1768503850.0195024,37.905
1768503850.1218183,35.145
1768503850.2239347,44.921
1768503850.3261611,33.014
1768503850.4282658,42.093
1768503850.530384,35.856
1768503850.6325357,34.08
1768503850.7347143,45.834
1768503850.8367662,33.014
1768503850.9388242,41.995
1768503851.0409188,35.165
1768503851.1457043,37.335
1768503851.2482045,40.739
1768503851.3504567,32.62
1768503851.4527574,42.462
1768503851.5550373,33.982
1768503851.6573248,39.58
1768503851.759567,37.116
1768503851.8619149,36.426
1768503851.9642231,42.192
1768503852.0665264,32.718
1768503852.1723907,44.501
1768503852.2747672,33.409
1768503852.3770347,42.019
1768503852.4792342,34.672
1768503852.5814884,37.313
1768503852.683718,40.172
1768503852.7859209,32.422
1768503852.8881814,46.692
1768503852.9904115,33.31
1768503853.0971525,41.133
1768503853.199325,35.264
1768503853.3014894,37.116
1768503853.4037294,40.148
1768503853.5059118,32.521
1768503853.608145,44.233
1768503853.710403,33.606
1768503853.812635,40.321
1768503853.91548,35.856
1768503854.0223353,37.095
1768503854.1246297,40.838
1768503854.2276149,32.62
1768503854.3298237,44.528
1768503854.4320953,33.606
1768503854.534301,40.739
1768503854.6366577,36.426
1768503854.7390316,32.225
1768503854.8412526,45.118
1768503854.9470258,40.026
1768503855.0492175,35.856
1768503855.1513562,37.51
1768503855.2534425,40.936
1768503855.3555472,32.62
1768503855.457657,44.528
1768503855.5597627,33.587
1768503855.661845,38.716
1768503855.76401,37.905
1768503855.8661404,32.422
1768503855.9727063,46.326
1768503856.0749886,33.606
1768503856.1773274,40.715
1768503856.2795427,35.933
1768503856.3819382,36.743
1768503856.4841573,40.936
1768503856.58651,32.718
1768503856.6888883,42.068
1768503856.7910955,33.784
1768503856.8983452,41.724
1768503857.0005755,36.447
1768503857.1029296,37.729
1768503857.2052367,39.853
1768503857.3075335,32.422
1768503857.4098513,46.2
1768503857.5120697,33.014
1768503857.6145055,42.979
1768503857.7167761,34.278
1768503857.8228772,38.693
1768503857.925135,36.919
1768503858.027412,36.623
1768503858.129673,41.527
1768503858.232015,32.62
1768503858.334333,43.176
1768503858.436683,33.489
1768503858.5401871,39.951
1768503858.6425128,43.274
1768503858.7605507,34.278
1768503858.8627698,35.757
1768503858.9651153,34.475
1768503859.0727217,37.51
1768503859.1750126,40.073
1768503859.2770798,32.62
1768503859.3792236,42.659
1768503859.4813166,34.771
1768503859.5837104,37.905
1768503859.6859875,40.148
1768503859.7881737,32.422
1768503859.8905246,43.373
1768503859.9962606,34.968
1768503860.0985243,38.124
1768503860.2008066,40.247
1768503860.303127,32.718
1768503860.4053519,42.881
1768503860.5076466,35.264
1768503860.6099281,37.609
1768503860.712272,41.995
1768503860.8145943,32.817
1768503860.9219337,43.078
1768503861.0245247,35.264
1768503861.1270585,37.609
1768503861.2293983,38.792
1768503861.3319073,33.409
1768503861.434733,47.057
1768503861.5372617,33.014
1768503861.6394944,41.995
1768503861.7455392,35.362
1768503861.8477423,37.489
1768503861.9500763,39.459
1768503862.052376,32.521
1768503862.1545448,43.839
1768503862.2571633,33.489
1768503862.3595219,40.739
1768503862.4619372,36.842
1768503862.5642116,36.426
1768503862.6701436,42.881
1768503862.7723718,32.817
1768503862.8746896,43.471
1768503862.9769216,33.587
1768503863.0791621,40.912
1768503863.1829247,36.151
1768503863.2851512,37.828
1768503863.3873792,40.739
1768503863.4896038,45.118
1768503863.597418,33.489
1768503863.6996686,41.601
1768503863.8020637,35.56
1768503863.9043138,37.489
1768503864.0065546,41.601
1768503864.1087594,32.916
1768503864.2110078,40.641
1768503864.3133845,36.447
1768503864.415553,36.82
1768503864.5231955,41.33
1768503864.6254606,32.62
1768503864.727652,44.036
1768503864.8299048,33.587
1768503864.9321434,42.093
1768503865.034358,35.757
1768503865.1367242,37.587
1768503865.2389147,39.951
1768503865.3411472,32.422
1768503865.4473627,47.577
1768503865.54961,33.508
1768503865.6518948,40.814
1768503865.754154,36.94
1768503865.856477,36.525
1768503865.9586406,43.668
1768503866.0608487,32.916
1768503866.1630566,43.3
1768503866.2653203,34.672
1768503866.367588,39.557
1768503866.47257,37.116
1768503866.5748894,33.982
1768503866.6771874,44.259
1768503866.7794797,32.718
1768503866.8817341,43.373
1768503866.9846258,33.606
1768503867.0869162,38.966
1768503867.1892729,38.2
1768503867.291501,33.982
1768503867.3940213,45.806
1768503867.499347,33.113
1768503867.6017215,40.345
1768503867.7052562,36.328
1768503867.807421,36.919
1768503867.9096694,42.118
1768503868.0118995,32.817
1768503868.1142137,34.475
1768503868.2170422,37.609
1768503868.3227007,39.163
1768503868.4250531,32.422
1768503868.5272794,39.482
1768503868.629728,41.133
1768503868.732196,32.718
1768503868.834476,42.29
1768503868.9369977,35.362
1768503869.0394607,36.349
1768503869.141735,44.357
1768503869.2483315,33.212
1768503869.3506198,42.216
1768503869.4528923,35.757
1768503869.5551796,37.708
1768503869.6575377,40.936
1768503869.7598484,32.62
1768503869.862206,43.398
1768503869.9645844,33.883
1768503870.066985,38.595
1768503870.173085,39.656
1768503870.2754788,32.323
1768503870.3779082,44.626
1768503870.4801502,33.587
1768503870.5825255,39.482
1768503870.6847677,39.186
1768503870.7871337,32.225
1768503870.8895116,47.549
1768503870.9917872,33.113
1768503871.0981696,38.89
1768503871.200402,37.905
1768503871.302802,32.225
1768503871.4052236,47.254
1768503871.5075104,33.31
1768503871.6099029,40.026
1768503871.7121408,36.426
1768503871.8183014,34.455
1768503871.9225063,45.806
1768503872.025305,33.014
1768503872.1275346,42.684
1768503872.2299705,35.461
1768503872.332494,36.053
1768503872.434782,43.274
1768503872.5371082,41.33
1768503872.639342,35.954
1768503872.741454,36.82
1768503872.8468828,40.739
1768503872.9491243,32.521
1768503873.0515559,43.373
1768503873.1541007,33.686
1768503873.2565067,41.601
1768503873.3588495,35.658
1768503873.4611702,37.609
1768503873.5634778,40.05
1768503873.6657434,32.521
1768503873.7730417,45.484
1768503873.8753252,33.508
1768503873.9778914,40.247
1768503874.0803425,40.345
1768503874.18261,33.212
1768503874.2850075,40.542
1768503874.387435,37.905
1768503874.4896765,32.225
1768503874.5920482,44.652
1768503874.6978269,33.902
1768503874.8001301,39.58
1768503874.9023883,37.905
1768503875.0046208,33.587
1768503875.1073453,45.779
1768503875.20967,33.014
1768503875.311966,43.865
1768503875.4142494,34.08
1768503875.516514,39.656
1768503875.6188552,37.51
1768503875.7249,32.225
1768503875.8273609,46.79
1768503875.9297118,33.113
1768503876.0319357,40.814
1768503876.1341975,35.067
1768503876.2369385,38.595
1768503876.3392112,38.693
1768503876.4414048,33.489
1768503876.5447931,44.429
1768503876.6508245,32.817
1768503876.753105,42.782
1768503876.855385,34.08
1768503876.957617,39.829
1768503877.059894,36.645
1768503877.1623921,37.905
1768503877.2653623,37.313
1768503877.3676524,36.25
1768503877.4720154,35.56
1768503877.5742092,34.573
1768503877.676416,33.705
1768503877.7785456,33.212
1768503877.8808234,32.718
1768503877.9830449,32.521
1768503878.0853252,35.56
1768503878.1875446,36.919
1768503878.2899618,32.521
1768503878.3923514,33.784
1768503878.4979172,32.718
1768503878.6002526,34.751
1768503878.7025125,32.422
1768503878.804888,32.62
1768503878.9070973,33.014
1768503879.0094254,33.409
1768503879.111823,34.573
1768503879.214307,36.546
1768503879.316712,37.412
1768503879.4225252,35.067
1768503879.5250225,32.718
1768503879.6272955,33.212
1768503879.7295196,33.982
1768503879.8317256,31.731
1768503879.9341664,38.792
1768503880.0363739,45.145
1768503880.1386056,33.587
1768503880.2409492,37.905
1768503880.3433294,43.839
1768503880.4498045,33.606
1768503880.5521123,39.482
1768503880.6543355,37.412
1768503880.756564,36.131
1768503880.8591888,45.019
1768503880.9615731,32.817
1768503881.0645654,40.912
1768503881.167067,35.264
1768503881.2727761,36.919
1768503881.3752367,41.798
1768503881.4776077,32.521
1768503881.5798852,45.315
1768503881.6822412,33.508
1768503881.7845633,35.56
1768503881.8873582,37.708
1768503881.9894323,40.148
1768503882.0917096,32.422
1768503882.1978078,42.757
1768503882.3001187,33.982
1768503882.402429,38.299
1768503882.5049052,38.595
1768503882.6072679,32.323
1768503882.7095993,47.38
1768503882.8118513,33.212
1768503882.914135,42.782
1768503883.016448,35.362
1768503883.122369,37.905
1768503883.2246902,41.995
1768503883.3270755,32.718
1768503883.4294329,43.544
1768503883.5318482,34.869
1768503883.6341789,32.521
1768503883.7364497,39.853
1768503883.8392026,37.905
1768503883.9415116,36.722
1768503884.0480387,46.003
1768503884.150287,33.014
1768503884.2526278,43.078
1768503884.3548198,34.1
1768503884.457197,39.656
1768503884.5595002,37.532
1768503884.6619737,34.968
1768503884.7643576,45.905
1768503884.8665757,33.409
1768503884.9728303,40.617
1768503885.0750673,37.116
1768503885.1772878,36.426
1768503885.279932,42.757
1768503885.3822007,32.718
1768503885.4849403,43.642
1768503885.5873063,34.179
1768503885.6895475,38.814
1768503885.7918427,38.2
1768503885.896495,32.323
1768503885.9987893,46.003
1768503886.101201,33.113
1768503886.2034512,43.373
1768503886.305714,39.459
1768503886.4085758,37.116
1768503886.510707,35.638
1768503886.6128438,44.036
1768503886.7151155,32.916
1768503886.8215024,42.093
1768503886.923772,35.856
1768503887.0260024,36.623
1768503887.128286,41.33
1768503887.2305286,32.62
1768503887.3327723,45.708
1768503887.4350207,33.606
1768503887.5373228,42.315
1768503887.6396806,35.362
1768503887.7419267,38.397
1768503887.8474112,39.557
1768503887.9497154,32.798
1768503888.0522647,47.155
1768503888.154545,33.212
1768503888.256886,37.039
1768503888.359242,39.656
1768503888.4615083,32.521
1768503888.5637174,41.527
1768503888.6659021,39.186
1768503888.77293,32.521
1768503888.875155,42.118
1768503888.9773593,39.754
1768503889.079617,32.521
1768503889.1818104,43.446
1768503889.2840815,33.606
1768503889.3864934,43.274
1768503889.4888296,34.771
1768503889.591344,38.966
1768503889.6972349,36.919
1768503889.7997108,36.743
1768503889.9024913,43.004
1768503890.0046494,32.718
1768503890.109471,42.585
1768503890.2116644,34.179
1768503890.313809,39.262
1768503890.4161246,38.2
1768503890.521587,33.014
1768503890.6239154,44.331
1768503890.7261267,33.014
1768503890.8283193,33.883
1768503890.9320078,41.01
1768503891.034157,35.856
1768503891.1362145,38.102
1768503891.2387624,38.299
1768503891.340854,35.264
1768503891.4466994,46.861
1768503891.5491364,33.784
1768503891.6514006,41.428
1768503891.7536335,36.546
1768503891.8559172,37.806
1768503891.958176,39.754
1768503892.0604658,32.521
1768503892.1627085,46.593
1768503892.26495,32.916
1768503892.3671787,43.274
1768503892.4725142,34.376
1768503892.5748174,39.679
1768503892.67707,37.116
1768503892.7793114,36.623
1768503892.8815117,41.921
1768503892.98368,32.521
1768503893.085894,43.446
1768503893.1881464,33.489
1768503893.2905788,42.093
1768503893.3967853,35.165
1768503893.499069,38.08
1768503893.6013277,38.89
1768503893.7036953,35.264
1768503893.8059282,44.259
1768503893.9082022,32.916
1768503894.0104773,43.57
1768503894.112722,35.165
1768503894.215034,37.905
1768503894.3178995,40.617
1768503894.4225452,32.521
1768503894.525625,42.979
1768503894.627967,33.606
1768503894.7313035,40.026
1768503894.8335721,36.82
1768503894.9358816,36.447
1768503895.0383065,43.642
1768503895.1406748,32.817
1768503895.2468402,43.865
1768503895.3490672,34.08
1768503895.4513214,35.658
1768503895.5552247,37.806
1768503895.6573024,39.58
1768503895.7594836,32.422
1768503895.8615742,47.31
1768503895.9637406,33.31
1768503896.0658522,42.413
1768503896.1729248,35.56
1768503896.2752278,38.769
1768503896.3774526,37.51
1768503896.4796915,36.426
1768503896.582147,42.807
1768503896.6845417,32.817
1768503896.7868006,42.388
1768503896.8890133,33.686
1768503896.9912431,42.881
1768503897.0978775,35.165
1768503897.2002046,38.943
1768503897.3029149,37.215
1768503897.405131,37.784
1768503897.5073879,40.542
1768503897.6095777,32.521
1768503897.7118533,45.243
1768503897.8141236,33.489
1768503897.916394,42.019
1768503898.0217078,35.658
1768503898.1241546,38.769
1768503898.2264261,37.905
1768503898.3287127,36.842
1768503898.4310966,42.709
1768503898.5358891,32.62
1768503898.638248,32.027
1768503898.7406013,46.79
1768503898.8474674,33.212
1768503898.94967,41.207
1768503899.0527444,35.856
1768503899.1550443,37.708
1768503899.257267,40.148
1768503899.3594277,32.422
1768503899.4617617,46.003
1768503899.5639539,33.014
1768503899.6662133,42.684
1768503899.7721238,34.179
1768503899.8744705,38.397
1768503899.9778886,33.784
1768503900.080006,46.79
1768503900.1822717,33.014
1768503900.2845485,42.093
1768503900.3868084,34.573
1768503900.4889054,38.397
1768503900.59098,39.163
1768503900.6969748,32.521
1768503900.7997043,43.42
1768503900.9021432,33.902
1768503901.0043383,41.404
1768503901.1066027,36.842
1768503901.2089915,37.039
1768503901.3114276,42.684
1768503901.4136288,32.817
1768503901.5160797,43.078
1768503901.6213565,34.771
1768503901.7236664,38.496
1768503901.8258917,38.496
1768503901.9282568,35.461
1768503902.030483,41.995
1768503902.1327803,32.817
1768503902.234993,45.905
1768503902.3372521,33.31
1768503902.4394383,43.865
1768503902.5417242,34.179
1768503902.6474795,41.724
1768503902.749756,35.954
1768503902.8519397,37.686
1768503902.9542146,37.806
1768503903.0563812,37.018
1768503903.1587176,41.034
1768503903.2609906,32.422
1768503903.3637779,45.976
1768503903.4660733,32.817
1768503903.5738356,43.57
1768503903.6764183,34.573
1768503903.7790945,38.474
1768503903.881304,38.397
1768503903.9835353,36.229
1768503904.0857437,42.29
1768503904.1880438,32.718
1768503904.2903001,43.963
1768503904.3927746,34.475
1768503904.497461,36.722
1768503904.599729,32.323
1768503904.7028277,44.993
1768503904.805214,34.573
1768503904.9073272,32.323
1768503905.0094497,36.525
1768503905.1116164,42.585
1768503905.2139263,38.989
1768503905.3161104,33.409
1768503905.4182801,42.684
1768503905.524617,35.461
1768503905.6267824,37.412
1768503905.7292023,39.656
1768503905.8316188,32.422
1768503905.9338496,45.905
1768503906.0360627,33.014
1768503906.1384048,43.373
1768503906.2405055,34.475
1768503906.3432453,39.754
1768503906.449555,37.116
1768503906.551747,36.94
1768503906.6540258,42.118
1768503906.756209,32.521
1768503906.8583875,46.959
1768503906.9605691,33.014
1768503907.06285,42.782
1768503907.1652296,34.573
1768503907.2674608,37.806
1768503907.3736541,41.428
1768503907.475819,35.638
1768503907.578036,33.291
1768503907.6802728,32.817
1768503907.7824042,37.313
1768503907.8846781,37.609
1768503907.9871147,35.954
1768503908.0893202,34.08
1768503908.1914575,33.606
1768503908.2959146,32.817
1768503908.4054086,32.62
1768503908.5076466,32.62
1768503908.6099267,33.113
1768503908.7121944,37.313
1768503908.8143523,36.426
1768503908.9165618,35.856
1768503909.022549,35.362
1768503909.125888,36.447
1768503909.2279837,36.229
1768503909.3301868,36.645
1768503909.432315,36.82
1768503909.5346475,37.51
1768503909.6369584,37.116
1768503909.7393088,35.933
1768503909.841479,32.422
1768503909.9436445,32.62
1768503910.0494788,32.916
1768503910.1517632,40.838
1768503910.2539763,34.672
1768503910.3562849,36.151
1768503910.458561,47.085
1768503910.5607374,33.193
1768503910.6629908,41.625
1768503910.7651923,35.264
1768503910.8674386,38.671
1768503910.9696655,38.989
1768503911.07539,32.225
1768503911.17758,45.976
1768503911.2799547,33.31
1768503911.382321,42.979
1768503911.4845588,34.179
1768503911.5868862,40.05
1768503911.6890645,36.525
1768503911.7912898,37.313
1768503911.8935153,39.754
1768503911.995728,32.422
1768503912.1026702,45.834
1768503912.2049572,33.409
1768503912.3071623,42.684
1768503912.4094014,35.067
1768503912.5116022,38.572
1768503912.613975,37.708
1768503912.7161536,36.623
1768503912.8185928,41.921
1768503912.9208715,32.62
1768503913.0268533,44.626
1768503913.129138,33.409
1768503913.232719,42.019
1768503913.334909,34.672
1768503913.4371557,39.163
1768503913.539523,36.25
1768503913.641763,37.806
1768503913.7440515,38.989
1768503913.8464015,37.489
1768503913.9519758,32.521
1768503914.0541222,45.905
1768503914.1562457,32.916
1768503914.2583137,43.937
1768503914.3603914,33.291
1768503914.462508,43.642
1768503914.564557,34.573
1768503914.6666453,40.247
1768503914.7687318,35.264
1768503914.8708036,37.018
1768503914.9729285,40.739
1768503915.078566,32.521
1768503915.1807704,47.057
1768503915.2830105,33.113
1768503915.38528,43.668
1768503915.4874656,33.686
1768503915.5897586,41.133
1768503915.6920202,35.954
1768503915.794261,38.102
1768503915.8963983,36.919
1768503916.002073,36.623
1768503916.104311,41.428
1768503916.2065535,32.521
1768503916.3087533,45.288
1768503916.410938,32.916
1768503916.5131378,43.839
1768503916.6155562,33.587
1768503916.7177744,41.306
1768503916.8200905,34.869
1768503916.922394,39.012
1768503917.027462,37.236
1768503917.12982,36.328
1768503917.2320907,40.814
1768503917.3343933,32.62
1768503917.4367313,45.413
1768503917.5390127,33.409
1768503917.641195,41.428
1768503917.743509,35.264
1768503917.8497171,37.883
1768503917.9544468,38.2
1768503918.0566218,34.968
1768503918.1602573,42.388
1768503918.2627387,32.718
1768503918.3649151,47.549
1768503918.467065,33.193
1768503918.5692258,42.881
1768503918.6718097,40.247
1768503918.7779012,43.078
1768503918.8813038,36.722
1768503918.9834251,32.916
1768503919.0856378,40.321
1768503919.1876962,35.856
1768503919.2900949,37.806
1768503919.3921874,39.36
1768503919.4946814,32.422
1768503919.596873,46.593
1768503919.7043655,33.39
1768503919.8067224,41.822
1768503919.908851,35.362
1768503920.0111153,37.039
1768503920.1134932,40.936
1768503920.2157307,32.718
1768503920.3181186,43.839
1768503920.420359,33.606
1768503920.5225804,42.093
1768503920.6293817,35.461
1768503920.7316005,37.905
1768503920.8338444,37.905
1768503920.9361923,32.422
1768503921.038288,45.878
1768503921.1404855,33.31
1768503921.2427022,43.249
1768503921.3449495,34.376
1768503921.4471827,40.444
1768503921.5533183,35.264
1768503921.6554701,38.769
1768503921.757697,37.236
1768503921.8599057,37.193
1768503921.9621327,39.777
1768503922.0643744,32.62
1768503922.1665509,46.959
1768503922.268826,33.113
1768503922.3710277,42.881
1768503922.4744818,33.686
1768503922.578955,41.478
1768503922.6812136,34.672
1768503922.7833886,38.868
1768503922.8855832,36.82
1768503922.987857,32.422
1768503923.090035,37.292
1768503923.192294,41.133
1768503923.294561,32.62
1768503923.3968139,45.145
1768503923.4992058,33.39
1768503923.6052408,35.264
1768503923.707974,38.277
1768503923.8101716,38.769
1768503923.9122078,32.422
1768503924.0143704,43.249
1768503924.1164849,33.014
1768503924.218595,41.995
1768503924.3209007,34.968
1768503924.4230206,38.299
1768503924.5251906,37.51
1768503924.6308508,35.638
1768503924.7331526,42.388
1768503924.8354163,32.62
1768503924.9376256,46.861
1768503925.0398023,33.212
1768503925.1419694,43.767
1768503925.2442205,34.475
1768503925.3466837,39.656
1768503925.4489594,36.919
1768503925.551235,37.292
1768503925.6575058,41.503
1768503925.7599523,32.817
1768503925.8623333,42.56
1768503925.964775,33.883
1768503926.0671837,40.518
1768503926.1694202,36.645
1768503926.2718506,36.525
1768503926.3740819,41.453
1768503926.4763768,32.62
1768503926.5822463,43.595
1768503926.6846006,33.982
1768503926.7867665,41.306
1768503926.8889937,35.856
1768503926.991197,37.806
1768503927.0934708,39.656
1768503927.195652,32.323
1768503927.2992458,46.987
1768503927.4015388,33.212
1768503927.5069253,41.306
1768503927.6092856,35.165
1768503927.711541,38.397
1768503927.8140042,39.262
1768503927.9162378,32.323
1768503928.0185335,46.102
1768503928.1207516,33.014
1768503928.2229736,43.668
1768503928.3252225,40.739
1768503928.4329782,36.151
1768503928.5351706,32.027
1768503928.6385107,38.693
1768503928.7408395,37.116
1768503928.8431568,36.426
1768503928.9453573,43.176
1768503929.0476613,32.62
1768503929.1498811,44.456
1768503929.2565339,33.982
1768503929.3589215,40.617
1768503929.4613714,36.722
1768503929.5636127,36.82
1768503929.665917,41.231
1768503929.7682204,32.521
1768503929.8705635,44.921
1768503929.9728415,33.508
1768503930.075167,42.265
1768503930.1801586,35.461
1768503930.2824247,38.178
1768503930.3847682,39.754
1768503930.4869912,32.422
1768503930.5892115,46.2
1768503930.6915162,32.817
1768503930.793741,42.585
1768503930.896073,33.784
1768503930.998324,41.995
1768503931.1005552,34.672
1768503931.2061687,40.247
1768503931.3083427,36.229
1768503931.4105296,37.587
1768503931.5133357,39.284
1768503931.6157756,32.323
1768503931.7189534,44.357
1768503931.8213239,32.718
1768503931.9235492,42.56
1768503932.0257654,33.784
1768503932.130518,39.974
1768503932.2329943,36.919
1768503932.3352284,36.722
1768503932.4376478,42.192
1768503932.5400457,32.62
1768503932.6423264,46.102
1768503932.7445788,33.31
1768503932.8468335,42.979
1768503932.9490328,41.404
1768503933.051479,35.165
1768503933.157521,39.262
1768503933.2597845,36.426
1768503933.3620086,37.806
1768503933.4641902,39.557
1768503933.566355,32.305
1768503933.6688185,45.216
1768503933.771136,32.718
1768503933.873366,43.398
1768503933.9755082,33.784
1768503934.0809352,40.345
1768503934.1830726,37.905
1768503934.2852826,36.623
1768503934.3876905,44.331
1768503934.4899108,32.718
1768503934.5922933,42.979
1768503934.6945446,33.982
1768503934.796969,41.404
1768503934.8991945,36.349
1768503935.0013947,38.814
1768503935.1077542,39.087
1768503935.2100732,34.179
1768503935.3125694,42.881
1768503935.41477,32.62
1768503935.5171373,43.274
1768503935.6195464,33.883
1768503935.7217975,41.428
1768503935.8241684,35.56
1768503935.926353,38.572
1768503936.0318007,37.51
1768503936.133922,36.82
1768503936.2362645,41.896
1768503936.338405,32.521
1768503936.440821,47.38
1768503936.5443456,33.113
1768503936.6465585,43.398
1768503936.7487345,33.587
1768503936.851067,43.373
1768503936.9571493,34.672
1768503937.059548,40.247
1768503937.1617827,35.933
1768503937.2640862,39.11
1768503937.3662918,37.905
1768503937.4685116,39.754
1768503937.5709014,36.743
1768503937.672996,36.053
1768503937.7751174,34.475
1768503937.8793218,33.39
1768503937.981436,33.113
1768503938.083543,34.376
1768503938.1856165,36.032
1768503938.2878187,36.032
1768503938.390142,36.525
1768503938.4924006,36.131
1768503938.5945468,35.362
1768503938.6967382,35.835
1768503938.7989008,35.56
1768503938.9009993,35.264
1768503939.0065966,35.067
1768503939.1091368,34.968
1768503939.2114081,35.757
1768503939.3136783,35.56
1768503939.4159184,35.461
1768503939.5182617,35.264
1768503939.620531,35.856
1768503939.7229123,35.56
1768503939.8253312,35.757
1768503939.9317245,36.151
1768503940.0340087,37.116
1768503940.1363783,41.527
1768503940.2386289,34.672
1768503940.3408947,32.225
1768503940.4431727,42.487
1768503940.5454297,35.954
1768503940.6477418,32.126
1768503940.7502975,42.192
1768503940.8525422,33.883
1768503940.9624083,39.656
1768503941.064645,37.116
1768503941.166837,36.722
1768503941.2691374,42.487
1768503941.3712401,32.62
1768503941.4734802,47.057
1768503941.5757408,33.212
1768503941.6812918,43.249
1768503941.7834997,34.771
1768503941.8857653,39.36
1768503941.9879928,38.003
1768503942.0902953,36.229
1768503942.1926088,42.782
1768503942.294962,42.388
1768503942.3981369,33.606
1768503942.5002027,42.709
1768503942.607777,36.229
1768503942.710159,32.521
1768503942.812345,45.708
1768503942.9147341,33.409
1768503943.0169826,43.741
1768503943.1193519,34.278
1768503943.2216523,38.966
1768503943.3240428,38.102
1768503943.4262948,35.461
1768503943.5325487,46.664
1768503943.6348228,33.212
1768503943.737311,42.216
1768503943.8395095,34.475
1768503943.9418392,39.58
1768503944.0440652,37.018
1768503944.146253,37.313
1768503944.2484472,41.921
1768503944.3506384,32.521
1768503944.457112,42.659
1768503944.5595012,33.705
1768503944.6620064,40.814
1768503944.764388,36.151
1768503944.8666809,37.883
1768503944.9689355,39.754
1768503945.0712738,32.422
1768503945.1736133,45.019
1768503945.275878,35.165
1768503945.3824048,35.264
1768503945.4846525,42.782
1768503945.5880067,32.62
1768503945.6903775,43.274
1768503945.7926843,34.376
1768503945.8950102,37.784
1768503945.997181,40.148
1768503946.099381,32.718
1768503946.2056007,42.216
1768503946.307804,36.328
1768503946.4100735,36.525
1768503946.5122879,44.134
1768503946.6145377,32.916
1768503946.716845,43.347
1768503946.819114,38.474
1768503946.9214156,38.671
1768503947.023543,33.982
1768503947.125653,43.963
1768503947.2319045,32.916
1768503947.3342943,44.062
1768503947.4366841,34.573
1768503947.5388825,39.482
1768503947.6411889,37.905
1768503947.7435079,32.323
1768503947.8457654,45.834
1768503947.948233,33.982
1768503948.0504422,38.989
1768503948.1564765,39.284
1768503948.258751,32.62
1768503948.3610623,39.087
1768503948.4633086,38.989
1768503948.5658855,32.422
1768503948.6682894,38.003
1768503948.7706516,41.921
1768503948.8728924,32.62
1768503948.9751518,43.249
1768503949.0773768,34.475
1768503949.183676,39.383
1768503949.2858915,38.299
1768503949.3882308,33.705
1768503949.4904714,46.03
1768503949.5926516,33.014
1768503949.6948137,43.274
1768503949.7977047,34.376
1768503949.899881,39.754
1768503950.0020745,36.82
1768503950.1084824,37.313
1768503950.210753,40.148
1768503950.3130088,32.521
1768503950.4153454,42.56
1768503950.518928,33.489
1768503950.621145,41.306
1768503950.723351,35.362
1768503950.825618,37.292
1768503950.9331207,41.034
1768503951.0354064,32.718
1768503951.1376116,45.806
1768503951.2397852,33.409
1768503951.3422043,35.362
1768503951.4451864,37.51
1768503951.5473561,38.868
1768503951.6495216,32.323
1768503951.7516434,43.741
1768503951.857204,33.508
1768503951.9594615,40.223
1768503952.0618355,36.525
1768503952.1641188,36.525
1768503952.266291,42.881
1768503952.3684685,32.62
1768503952.4706771,43.373
1768503952.5729628,33.784
1768503952.6751573,40.715
1768503952.7774694,35.757
1768503952.8824108,37.489
1768503952.984724,40.148
1768503953.0870023,32.305
1768503953.1892912,45.806
1768503953.2917588,33.113
1768503953.3942184,42.684
1768503953.4963822,33.982
1768503953.5987747,41.625
1768503953.701127,36.525
1768503953.8071682,37.292
1768503953.9093351,40.247
1768503954.011548,32.422
1768503954.1138108,47.057
1768503954.2160816,33.39
1768503954.3183508,40.641
1768503954.4207022,35.539
1768503954.522884,37.335
1768503954.6252654,41.306
1768503954.7274861,32.718
1768503954.832375,43.57
1768503954.9346192,34.179
1768503955.041519,39.853
1768503955.1437147,36.82
1768503955.246089,37.806
1768503955.3483124,39.777
1768503955.4504917,32.404
1768503955.5576942,45.118
1768503955.6598976,32.916
1768503955.7621305,43.767
1768503955.8643553,42.757
1768503955.9673743,34.475
1768503956.0696688,39.656
1768503956.171804,37.116
1768503956.2738504,33.686
1768503956.3759375,47.057
1768503956.4818578,33.31
1768503956.584113,42.216
1768503956.6863947,35.461
1768503956.7886834,36.722
1768503956.890966,42.684
1768503956.9931736,32.718
1768503957.095514,43.57
1768503957.1977556,34.672
1768503957.2999687,37.762
1768503957.405984,41.034
1768503957.508247,32.817
1768503957.6105232,41.822
1768503957.7127523,35.856
1768503957.8150141,36.032
1768503957.9174662,45.61
1768503958.0196774,33.784
1768503958.1220074,38.89
1768503958.2242198,39.262
1768503958.326489,32.916
1768503958.4322696,42.979
1768503958.5344503,34.573
1768503958.6367965,32.521
1768503958.7391224,41.503
1768503958.841552,35.165
1768503958.943846,37.215
1768503959.0461988,41.724
1768503959.1484394,32.62
1768503959.250602,44.233
1768503959.357525,33.31
1768503959.460424,42.462
1768503959.5626695,34.672
1768503959.6649976,38.792
1768503959.7672656,38.299
1768503959.8694751,32.422
1768503959.9718742,46.566
1768503960.0740848,33.31
1768503960.1802843,41.085
1768503960.2825863,35.067
1768503960.384879,36.82
1768503960.4871538,32.521
1768503960.5900342,43.274
1768503960.6921446,34.001
1768503960.7944696,40.518
1768503960.8965983,35.638
1768503960.9988103,37.292
1768503961.1009266,40.148
1768503961.207391,32.62
1768503961.3095775,44.554
1768503961.411884,33.686
1768503961.5142205,41.231
1768503961.6165144,36.229
1768503961.7187588,36.898
1768503961.8211315,42.855
1768503961.9234374,32.817
1768503962.0308533,42.782
1768503962.1331868,34.672
1768503962.2355158,37.806
1768503962.3378072,42.093
1768503962.4402368,32.817
1768503962.5426219,43.052
1768503962.644966,34.278
1768503962.7473745,38.671
1768503962.8496616,38.671
1768503962.95577,32.422
1768503963.0581062,43.57
1768503963.1604972,33.982
1768503963.2627473,37.51
1768503963.3651776,39.262
1768503963.4674273,32.521
1768503963.569851,44.751
1768503963.6721225,33.686
1768503963.7744734,40.739
1768503963.882678,37.215
1768503963.985183,32.323
1768503964.0874074,46.145
1768503964.189943,33.39
1768503964.2922192,40.444
1768503964.394654,36.722
1768503964.4968796,35.264
1768503964.5991805,42.855
1768503964.7015052,32.916
1768503964.8063273,41.281
1768503964.9086618,35.362
1768503965.0110893,44.724
1768503965.114304,33.212
1768503965.2164617,39.777
1768503965.3185673,38.693
1768503965.4206755,32.422
1768503965.522798,46.074
1768503965.6251302,33.784
1768503965.73138,39.065
1768503965.8338408,38.299
1768503965.9361212,36.623
1768503966.0384367,42.192
1768503966.1407073,32.62
1768503966.242926,43.544
1768503966.345189,33.784
1768503966.4473846,42.216
1768503966.5496907,35.856
1768503966.6520405,37.215
1768503966.7574136,45.091
1768503966.859743,33.409
1768503966.9622018,41.306
1768503967.0644717,36.25
1768503967.166768,37.609
1768503967.2690322,41.798
1768503967.371228,32.718
1768503967.473477,42.684
1768503967.5757604,34.376
1768503967.6818275,39.262
1768503967.7843475,37.412
1768503967.886629,37.313
1768503967.988876,37.708
1768503968.0910447,35.757
1768503968.19602,34.396
1768503968.3002088,34.475
1768503968.4034984,34.08
1768503968.505722,33.606
1768503968.609837,37.039
1768503968.7120802,32.718
1768503968.8146136,36.525
1768503968.916918,37.905
1768503969.0190804,37.412
1768503969.121245,35.56
1768503969.223456,34.869
1768503969.326685,34.771
1768503969.4290082,34.376
1768503969.5312934,35.461
1768503969.6345344,37.039
1768503969.7366395,37.412
1768503969.8387706,37.215
1768503969.9410264,36.032
1768503970.043224,34.672
1768503970.1453116,32.521
1768503970.247377,33.094
1768503970.3533113,33.606
1768503970.4555094,31.731
1768503970.5577796,33.982
1768503970.6600208,38.003
1768503970.762329,41.133
1768503970.8645759,34.475
1768503970.9667654,36.82
1768503971.0690813,42.684
1768503971.1713085,33.883
1768503971.2736018,37.412
1768503971.3799562,41.527
1768503971.482227,32.62
1768503971.584431,42.881
1768503971.68674,34.672
1768503971.789072,39.58
1768503971.89132,38.474
1768503971.9935372,32.422
1768503972.0957642,47.647
1768503972.1998825,33.113
1768503972.305214,40.42
1768503972.4074864,36.623
1768503972.509713,37.587
1768503972.6120596,40.27
1768503972.7143044,32.422
1768503972.8164594,47.282
1768503972.9196143,33.094
1768503973.0218499,43.176
1768503973.1241052,34.278
1768503973.2296786,38.299
1768503973.3319051,41.798
1768503973.434256,32.916
1768503973.536599,41.699
1768503973.638874,36.645
1768503973.7411036,36.426
1768503973.8433373,43.57
1768503973.945536,32.817
1768503974.0477731,43.741
1768503974.1549435,41.428
1768503974.2575178,36.623
1768503974.359702,36.426
1768503974.4617896,43.937
1768503974.5638793,32.817
1768503974.6660728,42.56
1768503974.7682428,35.165
1768503974.8704953,38.595
1768503974.9725454,38.89
1768503975.0791957,32.305
1768503975.1814172,46.888
1768503975.2836404,33.31
1768503975.385886,43.373
1768503975.4881134,34.869
1768503975.5906472,39.087
1768503975.6929061,37.116
1768503975.7951427,38.178
1768503975.8973465,40.148
1768503975.99963,32.422
1768503976.1043923,45.118
1768503976.2066133,32.916
1768503976.3090377,43.963
1768503976.41132,33.982
1768503976.5134974,41.503
1768503976.6156955,35.165
1768503976.7179086,38.474
1768503976.8201833,37.905
1768503976.9224892,36.722
1768503977.0287232,42.118
1768503977.1309032,32.521
1768503977.2330801,47.647
1768503977.3358881,33.409
1768503977.4381049,42.265
1768503977.5421991,35.362
1768503977.64438,38.595
1768503977.7465324,40.247
1768503977.8487353,32.422
1768503977.9536822,46.888
1768503978.0559437,33.31
1768503978.1582336,43.274
1768503978.2605443,34.869
1768503978.362818,36.229
1768503978.465079,41.207
1768503978.5673723,32.62
1768503978.6696603,37.905
1768503978.7719784,40.444
1768503978.8743937,32.718
1768503978.9795492,40.05
1768503979.0820963,32.422
1768503979.1842778,46.959
1768503979.2864459,33.508
1768503979.3886151,42.388
1768503979.4907455,35.461
1768503979.5929136,36.623
1768503979.6953356,42.118
1768503979.7975817,32.817
1768503979.8997452,47.577
1768503980.006285,33.705
1768503980.108593,41.109
1768503980.2109215,35.264
1768503980.3134725,37.215
1768503980.4158924,40.542
1768503980.518416,32.718
1768503980.620724,42.757
1768503980.72333,34.475
1768503980.8256018,38.375
1768503980.9317088,39.065
1768503981.0339735,32.422
1768503981.1361992,46.987
1768503981.2384844,33.212
1768503981.3408427,41.699
1768503981.4431927,35.067
1768503981.545397,37.905
1768503981.6475658,40.05
1768503981.7498956,32.521
1768503981.8559482,45.932
1768503981.9593825,32.916
1768503982.061717,42.979
1768503982.1638975,34.573
1768503982.2673755,37.762
1768503982.3696034,39.853
1768503982.472062,32.521
1768503982.5743961,41.034
1768503982.6811907,35.954
1768503982.7835104,36.328
1768503982.885823,42.093
1768503982.9881825,32.817
1768503983.0903656,42.979
1768503983.1925614,33.883
1768503983.294948,39.482
1768503983.3974073,37.313
1768503983.4996784,32.7
1768503983.6061978,33.409
1768503983.7083015,41.527
1768503983.8103907,35.461
1768503983.9125035,37.313
1768503984.0145404,40.936
1768503984.1168914,32.62
1768503984.2190845,43.865
1768503984.3212478,34.968
1768503984.4235635,37.784
1768503984.5256932,40.247
1768503984.6315281,32.718
1768503984.7337644,45.708
1768503984.8360367,33.508
1768503984.9383748,39.853
1768503985.040822,37.236
1768503985.1432004,33.705
1768503985.2456553,46.495
1768503985.347932,33.784
1768503985.450205,39.656
1768503985.557175,39.754
1768503985.6594975,33.705
1768503985.761883,45.315
1768503985.8642354,33.113
1768503985.9665926,41.995
1768503986.0689962,36.328
1768503986.171404,36.743
1768503986.2736516,41.503
1768503986.3758817,32.718
1768503986.48209,42.684
1768503986.5843415,33.686
1768503986.686578,41.133
1768503986.7900035,35.165
1768503986.8922632,38.769
1768503986.9945009,36.919
1768503987.096696,36.996
1768503987.1989257,39.656
1768503987.3011289,32.305
1768503987.406355,46.074
1768503987.5085459,33.508
1768503987.610708,39.262
1768503987.7129989,37.905
1768503987.815232,36.743
1768503987.9175894,41.995
1768503988.0198057,32.62
1768503988.1221135,43.767
1768503988.2243786,33.686
1768503988.3266687,38.299
1768503988.4304988,32.62
1768503988.5344794,35.933
1768503988.6365974,45.779
1768503988.7388296,33.113
1768503988.841091,41.527
1768503988.9433427,35.856
1768503989.0454557,37.116
1768503989.147662,41.921
1768503989.2497904,32.718
1768503989.3519855,42.585
1768503989.4590933,33.883
1768503989.5616217,40.026
1768503989.663956,36.525
1768503989.7663023,36.722
1768503989.8686843,40.321
1768503989.9709573,32.62
1768503990.0733106,47.745
1768503990.1756175,33.113
1768503990.2779338,42.585
1768503990.383038,34.278
1768503990.4852953,38.496
1768503990.5875592,38.003
1768503990.6897812,32.422
1768503990.7920542,47.057
1768503990.8944378,33.508
1768503990.9968915,41.231
1768503991.0991445,35.856
1768503991.2014208,37.434
1768503991.3036695,39.853
1768503991.4103022,32.62
1768503991.512808,46.593
1768503991.6154096,33.31
1768503991.7177033,41.01
1768503991.820128,35.264
1768503991.9223099,37.784
1768503992.0245934,39.777
1768503992.1267953,32.62
1768503992.2290313,46.298
1768503992.3338573,33.31
1768503992.436096,42.118
1768503992.5384119,35.362
1768503992.640544,37.708
1768503992.7427893,40.936
1768503992.845086,32.62
1768503992.9472647,45.878
1768503993.0494704,33.212
1768503993.15165,42.979
1768503993.254017,38.299
1768503993.3603947,38.397
1768503993.4624472,32.323
1768503993.5645862,43.471
1768503993.6667643,33.489
1768503993.7689924,41.034
1768503993.871293,36.131
1768503993.9734402,36.645
1768503994.075626,42.315
1768503994.1777673,32.718
1768503994.28451,44.823
1768503994.3867555,33.508
1768503994.4889462,39.951
1768503994.5912232,36.722
1768503994.6934068,37.806
1768503994.7956245,40.148
1768503994.8978782,32.422
1768503995.0002756,47.155
1768503995.1024764,33.212
1768503995.2101512,41.503
1768503995.3124158,35.362
1768503995.4146352,37.708
1768503995.5168746,42.782
1768503995.6191223,32.62
1768503995.7213404,42.979
1768503995.8235896,33.489
1768503995.92584,42.192
1768503996.0280573,35.362
1768503996.1342435,37.708
1768503996.236517,41.306
1768503996.3391304,32.62
1768503996.4415061,41.601
1768503996.54507,35.165
1768503996.6472838,37.51
1768503996.75008,40.073
1768503996.8524053,32.521
1768503996.9578016,46.593
1768503997.0601273,33.212
1768503997.1624436,40.444
1768503997.2649713,36.151
1768503997.3673048,36.722
1768503997.4697213,44.823
1768503997.572095,33.014
1768503997.674484,42.684
1768503997.7768135,38.178
1768503997.8798275,38.769
1768503997.9850307,32.718
1768503998.0883234,42.684
1768503998.1907516,35.56
1768503998.2931356,35.835
1768503998.3953168,34.771
1768503998.4974792,34.278
1768503998.6012895,33.31
1768503998.705506,32.916
1768503998.8076677,34.278
1768503998.909827,37.609
1768503999.0121894,37.412
1768503999.1144342,35.757
1768503999.2165797,35.264
1768503999.3188894,34.573
1768503999.4210467,33.587
1768503999.5231802,33.883
1768503999.6255467,34.08
1768503999.7315447,34.278
1768503999.8337293,34.475
1768503999.9359097,34.573
1768504000.038134,35.658
1768504000.1403823,36.151
1768504000.2431052,36.919
1768504000.3452601,37.018
1768504000.4474342,36.229
1768504000.5497546,32.323
1768504000.6544342,32.916
1768504000.75869,33.508
1768504000.8608906,34.968
1768504000.9631963,33.587
1768504001.0683644,37.412
1768504001.1705573,45.145
1768504001.2727795,33.39
1768504001.3751729,37.806
1768504001.4773893,45.708
1768504001.579744,33.409
1768504001.685211,36.623
1768504001.7876692,47.085
1768504001.890121,33.31
1768504001.992439,38.966
1768504002.0948567,38.769
1768504002.1972158,32.62
1768504002.2994301,43.471
1768504002.4017072,37.51
1768504002.5046046,41.896
1768504002.6105132,33.014
1768504002.7127326,42.192
1768504002.815135,34.968
1768504002.9174032,37.905
1768504003.019811,43.373
1768504003.1221735,32.916
1768504003.2245975,40.814
1768504003.3270104,36.525
1768504003.4292321,36.131
1768504003.5363226,43.373
1768504003.6385386,36.525
1768504003.7407475,35.736
1768504003.8430521,45.216
1768504003.9452348,32.916
1768504004.0473473,43.865
1768504004.1496449,34.179
1768504004.251847,40.345
1768504004.3541925,36.25
1768504004.4604652,37.708
1768504004.56267,39.459
1768504004.664963,32.323
1768504004.7673845,46.467
1768504004.8695483,32.916
1768504004.9718251,41.551
1768504005.0743563,40.641
1768504005.1767683,32.62
1768504005.2820969,41.503
1768504005.386121,35.56
1768504005.4887578,36.349
1768504005.591024,44.331
1768504005.6933408,32.817
1768504005.7956839,43.865
1768504005.8980289,34.376
1768504006.0003328,39.163
1768504006.1026537,37.215
1768504006.2090778,35.441
1768504006.3112657,43.3
1768504006.4134164,32.718
1768504006.5156436,43.497
1768504006.6179092,33.982
1768504006.7200952,41.699
1768504006.8223274,37.784
1768504006.9260743,39.557
1768504007.0284376,32.422
1768504007.1334286,36.898
1768504007.23622,42.585
1768504007.3384774,33.883
1768504007.4407735,40.467
1768504007.5431242,36.131
1768504007.645318,36.623
1768504007.7476885,41.428
1768504007.849892,32.521
1768504007.952137,46.888
1768504008.0543306,33.113
1768504008.1604042,42.56
1768504008.2626002,33.784
1768504008.3649638,37.313
1768504008.4672906,41.503
1768504008.5695722,32.718
1768504008.6718402,36.645
1768504008.774229,42.709
1768504008.8764944,32.718
1768504008.9788074,43.471
1768504009.0851133,33.982
1768504009.1874127,40.912
1768504009.289692,35.362
1768504009.3919954,38.375
1768504009.4943347,38.671
1768504009.5966828,33.686
1768504009.6997287,46.566
1768504009.8019514,33.409
1768504009.9067461,41.675
1768504010.0145445,34.573
1768504010.1167955,40.148
1768504010.2190754,36.525
1768504010.321439,36.349
1768504010.4236298,44.259
1768504010.5259235,32.817
1768504010.6286886,42.881
1768504010.7353969,34.771
1768504010.8377662,36.743
1768504010.9401946,42.118
1768504011.042464,32.718
1768504011.1447215,44.823
1768504011.2471998,42.881
1768504011.3509288,35.658
1768504011.4530897,37.708
1768504011.555371,39.679
1768504011.6614964,32.62
1768504011.7638288,42.167
1768504011.866264,34.179
1768504011.9685392,39.951
1768504012.0709474,36.525
1768504012.1732085,37.51
1768504012.2754788,39.656
1768504012.3777077,32.422
1768504012.4798877,44.626
1768504012.5855727,33.113
1768504012.6877737,43.249
1768504012.7900934,34.376
1768504012.8923564,40.936
1768504012.994576,37.018
1768504013.0967479,36.82
1768504013.1989944,43.694
1768504013.3012304,32.817
1768504013.4035525,41.995
1768504013.5058885,36.053
1768504013.611761,36.82
1768504013.7146025,43.865
1768504013.817389,33.212
1768504013.9199536,39.754
1768504014.0223477,37.609
1768504014.1247146,32.225
1768504014.2279613,43.446
1768504014.330193,34.179
1768504014.4367747,37.708
1768504014.539074,40.172
1768504014.6414573,32.521
1768504014.7438147,43.694
1768504014.8462918,33.784
1768504014.9485042,39.853
1768504015.0508056,37.412
1768504015.153174,36.722
1768504015.2600803,41.601
1768504015.3623111,32.62
1768504015.4645026,44.626
1768504015.566784,33.489
1768504015.6689916,35.954
1768504015.7727838,37.116
1768504015.874844,41.034
1768504015.9769895,32.62
1768504016.079193,43.274
1768504016.1850863,34.376
1768504016.287418,39.36
1768504016.389753,38.375
1768504016.4920294,32.323
1768504016.59429,46.271
1768504016.696508,33.014
1768504016.798687,43.668
1768504016.901043,34.771
1768504017.0033784,38.617
1768504017.1086633,38.595
1768504017.2110434,33.883
1768504017.3133602,45.091
1768504017.4156413,32.916
1768504017.5179825,42.979
1768504017.6202352,35.067
1768504017.722491,37.708
1768504017.824668,40.27
1768504017.9269261,32.521
1768504018.0291948,46.467
1768504018.1344483,33.113
1768504018.236658,43.15
1768504018.3389966,35.461
1768504018.441274,38.989
1768504018.5446205,37.883
1768504018.6480548,35.56
1768504018.7502658,36.722
1768504018.8525555,43.544
1768504018.9599388,32.916
1768504019.0622625,41.503
1768504019.164623,35.362
1768504019.266919,36.722
1768504019.369146,42.709
1768504019.4714317,32.916
1768504019.5737271,43.373
1768504019.6759348,33.784
1768504019.7782242,42.216
1768504019.8841674,35.264
1768504019.9864092,39.065
1768504020.0886698,38.989
1768504020.1909378,33.587
1768504020.2932134,33.113
1768504020.3958237,43.891
1768504020.4979706,34.179
1768504020.6000233,41.01
1768504020.7021415,36.25
1768504020.8089833,38.178
1768504020.9111404,38.299
1768504021.0134537,32.995
1768504021.1156638,44.259
1768504021.2180567,32.718
1768504021.3202558,45.145
1768504021.4223897,33.409
1768504021.5247176,43.176
1768504021.6269064,34.376
1768504021.732855,39.951
1768504021.835097,36.525
1768504021.9374607,38.102
1768504022.039691,40.936
1768504022.1421273,32.62
1768504022.2443736,46.861
1768504022.3467228,33.193
1768504022.4492185,42.192
1768504022.5514798,35.362
1768504022.653857,37.981
1768504022.7591815,40.518
1768504022.8614407,32.422
1768504022.9642527,46.762
1768504023.0664623,33.212
1768504023.1714122,42.388
1768504023.2738855,35.264
1768504023.3761728,38.397
1768504023.4824872,43.668
1768504023.5847645,32.916
1768504023.6870587,42.659
1768504023.7892969,34.475
1768504023.8916273,39.656
1768504023.993946,36.229
1768504024.0963035,38.003
1768504024.1984737,38.966
1768504024.3006277,34.179
1768504024.4027836,43.176
1768504024.5089087,33.014
1768504024.6110566,43.103
1768504024.7133448,34.08
1768504024.8155625,35.638
1768504024.9182665,37.51
1768504025.0205736,41.133
1768504025.122696,32.718
1768504025.2248876,42.979
1768504025.327174,34.968
1768504025.4327116,37.138
1768504025.5349102,41.404
1768504025.6372128,32.916
1768504025.7394974,42.782
1768504025.8418083,34.376
1768504025.9441872,39.656
1768504026.046616,37.215
1768504026.1490948,33.409
1768504026.2516127,44.528
1768504026.3578203,33.212
1768504026.4600596,43.989
1768504026.5622914,34.968
1768504026.6645534,38.572
1768504026.7668986,39.186
1768504026.8691013,35.264
1768504026.97137,45.118
1768504027.073575,32.916
1768504027.1758363,42.684
1768504027.2781215,33.982
1768504027.3836966,40.838
1768504027.4860249,37.215
1768504027.588455,36.722
1768504027.6906745,44.331
1768504027.7935634,32.817
1768504027.895778,42.388
1768504027.9980733,33.804
1768504028.1002102,40.542
1768504028.202392,36.525
1768504028.3092716,32.126
1768504028.4115474,43.741
1768504028.513915,33.686
1768504028.6163259,34.672
1768504028.7185879,34.08
1768504028.8208785,33.39
1768504028.9232006,32.916
1768504029.0254002,35.757
1768504029.1276088,38.003
1768504029.2305517,38.003
1768504029.3326497,36.447
1768504029.434847,35.046
1768504029.537042,33.902
1768504029.6405442,33.409
1768504029.7426598,33.014
1768504029.8449676,35.441
1768504029.9471052,38.102
1768504030.049338,38.2
1768504030.1535544,36.82
1768504030.2557929,36.546
1768504030.3580658,36.447
1768504030.4603019,37.215
1768504030.5626621,36.229
1768504030.6650374,32.521
1768504030.7672935,32.817
1768504030.8696249,33.31
1768504030.972167,34.672
1768504031.0745268,36.053
1768504031.1809847,37.215
1768504031.283447,37.905
1768504031.3856661,32.422
1768504031.48801,37.905
1768504031.5903265,44.751
1768504031.6926336,34.179
1768504031.7948456,36.919
1768504031.8970337,42.782
1768504031.9999106,32.916
1768504032.1066496,42.118
1768504032.2089908,35.856
1768504032.3118052,36.426
1768504032.414428,45.806
1768504032.5166414,33.212
1768504032.6187375,41.306
1768504032.721083,35.067
1768504032.8232152,38.693
1768504032.9255452,38.89
1768504033.0314703,32.422
1768504033.1336992,46.987
1768504033.2359107,33.212
1768504033.3381407,42.512
1768504033.440407,35.362
1768504033.5426075,37.236
1768504033.6449058,40.345
1768504033.7473257,32.62
1768504033.8495257,44.652
1768504033.9564772,33.883
1768504034.058757,35.56
1768504034.1616313,38.792
1768504034.2637522,39.853
1768504034.365873,32.422
1768504034.467941,47.057
1768504034.5701096,33.212
1768504034.6721957,43.274
1768504034.7744734,34.869
1768504034.8800938,39.383
1768504034.982449,37.609
1768504035.0846903,35.362
1768504035.186978,42.684
1768504035.2892127,32.718
1768504035.39158,43.3
1768504035.4937813,34.08
1768504035.59612,40.739
1768504035.6982913,36.743
1768504035.8045485,36.701
1768504035.9068413,41.503
1768504036.0093048,32.718
1768504036.111633,43.471
1768504036.2138736,35.067
1768504036.316165,33.39
1768504036.4184072,44.259
1768504036.520758,34.08
1768504036.6231716,38.868
1768504036.729303,39.754
1768504036.8317668,32.601
1768504036.9340856,46.959
1768504037.0371692,33.113
1768504037.139485,43.078
1768504037.2417085,34.573
1768504037.3439083,40.148
1768504037.4463015,37.215
1768504037.5486157,32.323
1768504037.6550257,43.767
1768504037.7574866,33.587
1768504037.859838,41.503
1768504037.962275,35.658
1768504038.0645103,37.313
1768504038.166705,40.247
1768504038.2689905,32.422
1768504038.3712919,44.528
1768504038.4735618,33.587
1768504038.575884,40.148
1768504038.6816754,33.883
1768504038.785227,36.229
1768504038.8874063,43.57
1768504038.989475,36.053
1768504039.0916224,32.422
1768504039.1936865,47.015
1768504039.295792,33.113
1768504039.3978927,43.865
1768504039.5001972,34.771
1768504039.6049848,38.102
1768504039.7074492,39.383
1768504039.809668,32.422
1768504039.9119456,45.315
1768504040.0141294,33.014
1768504040.1164176,43.668
1768504040.2186575,34.672
1768504040.320904,38.966
1768504040.4231327,38.003
1768504040.525328,34.1
1768504040.6310596,45.145
1768504040.7334676,32.916
1768504040.8358846,42.782
1768504040.9380999,34.278
1768504041.0402925,40.838
1768504041.1427798,36.053
1768504041.245583,37.313
1768504041.3478396,40.223
1768504041.4500246,32.62
1768504041.5582995,43.274
1768504041.6605687,33.784
1768504041.7630265,40.838
1768504041.865302,36.623
1768504041.9675353,37.236
1768504042.0697246,41.503
1768504042.1719978,32.62
1768504042.2742493,48.069
1768504042.3806279,33.113
1768504042.4829345,41.428
1768504042.5854146,36.82
1768504042.687809,36.842
1768504042.7900763,42.585
1768504042.8924005,32.718
1768504042.9946249,42.979
1768504043.0971212,33.982
1768504043.1994557,39.853
1768504043.3066256,37.039
1768504043.4088216,40.912
1768504043.5110645,32.521
1768504043.6134198,45.905
1768504043.7156377,33.39
1768504043.8177323,43.078
1768504043.9199033,34.573
1768504044.022061,39.974
1768504044.1243148,36.919
1768504044.2303293,35.165
1768504044.3325944,45.216
1768504044.4349778,34.08
1768504044.5372958,38.178
1768504044.639592,41.896
1768504044.7419047,32.718
1768504044.844351,44.993
1768504044.946781,33.705
1768504045.0489902,42.192
1768504045.1554847,36.25
1768504045.257688,37.981
1768504045.3599124,38.693
1768504045.4621413,33.489
1768504045.5644171,46.467
1768504045.6666496,33.39
1768504045.7691157,41.601
1768504045.8712332,36.151
1768504045.9736185,37.018
1768504046.0794325,41.699
1768504046.1821275,32.718
1768504046.2844164,44.331
1768504046.388041,33.587
1768504046.4902425,40.641
1768504046.5926256,35.954
1768504046.6949139,36.525
1768504046.7972405,43.497
1768504046.8995452,32.817
1768504047.0018454,42.684
1768504047.1082432,34.179
1768504047.2105544,38.572
1768504047.3128471,37.981
1768504047.415622,32.323
1768504047.5179162,46.369
1768504047.6201496,33.686
1768504047.7224793,39.459
1768504047.8250675,36.919
1768504047.9302921,45.708
1768504048.033588,33.982
1768504048.1358767,38.277
1768504048.2382565,40.814
1768504048.3406043,32.817
1768504048.4428947,43.15
1768504048.5450656,42.388
1768504048.6475706,33.982
1768504048.7497866,39.262
1768504048.856597,38.003
1768504048.9589062,32.422
1768504049.0611532,47.184
1768504049.1635866,33.31
1768504049.2657967,43.274
1768504049.3680918,34.771
1768504049.4703586,38.299
1768504049.572649,40.739
1768504049.67515,32.521
1768504049.7811615,42.757
1768504049.883399,33.883
1768504049.9856312,39.928
1768504050.0884037,36.919
1768504050.1908221,36.426
1768504050.293243,45.341
1768504050.3955154,33.113
1768504050.4977012,41.995
1768504050.6000636,35.441
1768504050.7070796,36.525
1768504050.80945,43.446
1768504050.9117079,33.014
1768504051.0138848,42.684
1768504051.1164324,35.658
1768504051.218825,37.039
1768504051.3211796,43.57
1768504051.42354,32.916
1768504051.5258818,43.176
1768504051.6324866,35.067
1768504051.734726,37.236
1768504051.8369718,40.148
1768504051.9391942,32.62
1768504052.0415032,46.566
1768504052.1437333,33.193
1768504052.2460172,43.471
1768504052.3483112,34.672
1768504052.4506197,37.883
1768504052.5573163,32.718
1768504052.6595123,44.305
1768504052.7616775,33.587
1768504052.8638809,40.936
1768504052.9660673,36.328
1768504053.0682359,36.722
1768504053.1703215,41.896
1768504053.272597,32.916
1768504053.3748927,43.176
1768504053.4770782,34.278
1768504053.5823493,38.277
1768504053.6848536,39.754
1768504053.7872052,32.817
1768504053.8894248,44.062
1768504053.9917474,34.08
1768504054.0941024,38.943
1768504054.1962888,37.609
1768504054.2985027,35.539
1768504054.4007611,41.478
1768504054.5030415,36.919
1768504054.60837,33.113
1768504054.7107246,39.58
1768504054.8129056,37.215
1768504054.9151103,36.82
1768504055.0173683,41.503
1768504055.1195195,32.916
1768504055.2217097,44.062
1768504055.323996,34.475
1768504055.4261584,39.262
1768504055.529421,38.671
1768504055.6351655,32.422
1768504055.7373664,47.352
1768504055.8396049,33.212
1768504055.9417665,43.767
1768504056.0440829,33.902
1768504056.146299,40.05
1768504056.2485979,36.229
1768504056.3508244,37.215
1768504056.4531438,41.527
1768504056.5598154,32.817
1768504056.662199,43.201
1768504056.7645066,35.067
1768504056.8668206,37.236
1768504056.9691477,41.995
1768504057.0713663,32.718
1768504057.174006,43.274
1768504057.2762244,33.883
1768504057.378493,39.853
1768504057.4856508,32.323
1768504057.5878813,45.905
1768504057.6900625,33.193
1768504057.7921948,43.078
1768504057.894285,34.278
1768504057.9967175,38.572
1768504058.0987806,38.89
1768504058.2008104,32.521
1768504058.3030124,44.698
1768504058.4051075,33.705
1768504058.509843,36.229
1768504058.6123323,42.979
1768504058.7146451,34.475
1768504058.8169656,38.474
1768504058.9193752,39.557
1768504059.0217068,36.546
1768504059.1241326,33.409
1768504059.226571,33.409
1768504059.328979,33.113
1768504059.433077,32.817
1768504059.535411,32.601
1768504059.637767,32.62
1768504059.7400675,33.409
1768504059.8422697,37.609
1768504059.946959,37.905
1768504060.04919,37.708
1768504060.1518314,37.51
1768504060.2541113,37.609
1768504060.358762,37.51
1768504060.4610782,37.708
1768504060.5632105,37.313
1768504060.6654167,36.525
1768504060.7676616,36.722
1768504060.8699942,36.328
1768504060.972235,36.131
1768504061.0744493,35.56
1768504061.1767886,32.422
1768504061.2791038,32.521
1768504061.3849356,32.718
1768504061.4872005,33.409
1768504061.5893924,34.672
1768504061.6916344,35.56
1768504061.7938757,31.929
1768504061.89621,37.51
1768504061.9984238,42.954
1768504062.1007283,33.982
1768504062.2029583,37.116
1768504062.305226,32.817
1768504062.411484,41.822
1768504062.513764,37.313
1768504062.616218,32.225
1768504062.7184768,46.172
1768504062.8208249,33.686
1768504062.9233325,39.459
1768504063.0255816,38.792
1768504063.1280954,32.521
1768504063.2304156,43.249
1768504063.3363798,34.573
1768504063.4388378,38.178
1768504063.5413816,41.404
1768504063.6437473,33.982
1768504063.7463126,32.323
1768504063.848705,42.881
1768504063.9510853,37.708
1768504064.0533917,32.422
1768504064.1612504,39.679
1768504064.263711,37.905
1768504064.3665638,36.447
1768504064.468887,44.16
1768504064.5718272,33.014
1768504064.6740928,41.428
1768504064.776383,37.116
1768504064.8830776,32.225
1768504064.9853585,45.413
1768504065.0876899,33.212
1768504065.19,41.503
1768504065.292437,35.461
1768504065.3947325,37.292
1768504065.497106,40.345
1768504065.5994534,32.718
1768504065.7018867,43.078
1768504065.8084667,34.475
1768504065.9108806,36.602
1768504066.0132415,43.471
1768504066.1156886,33.014
1768504066.2179775,42.364
1768504066.3202968,35.461
1768504066.4227293,36.525
1768504066.5251882,32.916
1768504066.627986,42.684
1768504066.733466,35.067
1768504066.836321,37.828
1768504066.9385848,39.656
1768504067.0409832,32.521
1768504067.1431751,47.254
1768504067.2454095,33.113
1768504067.347681,43.347
1768504067.4501,34.376
1768504067.5523884,38.989
1768504067.658117,38.868
1768504067.7603528,34.869
1768504067.8628347,45.413
1768504067.9650824,32.817
1768504068.0673385,42.585
1768504068.1695862,33.508
1768504068.2718549,35.856
1768504068.3741257,43.373
1768504068.4763536,32.62
1768504068.584304,35.933
1768504068.6865718,42.684
1768504068.789065,32.521
1768504068.8914955,37.532
1768504068.9960544,39.482
1768504069.098295,32.422
1768504069.2005136,44.724
1768504069.3071096,34.179
1768504069.40935,36.426
1768504069.5116005,43.544
1768504069.6140392,33.113
1768504069.7163184,40.05
1768504069.8187804,37.51
1768504069.9211023,32.225
1768504070.0234616,42.684
1768504070.125911,34.869
1768504070.2314363,36.426
1768504070.3337438,45.932
1768504070.4361012,33.31
1768504070.5384212,39.36
1768504070.6407475,38.102
1768504070.7430453,32.521
1768504070.845312,44.626
1768504070.947647,43.57
1768504071.050499,34.573
1768504071.1572342,39.928
1768504071.2595067,36.426
1768504071.361785,37.806
1768504071.463979,39.284
1768504071.5662057,32.521
1768504071.6685252,47.479
1768504071.7707949,33.014
1768504071.8729982,43.471
1768504071.9752533,33.784
1768504072.0774999,41.404
1768504072.1828403,35.954
1768504072.2851932,37.631
1768504072.3874834,42.019
1768504072.4897852,32.62
1768504072.5921137,43.668
1768504072.6943197,34.573
1768504072.7967513,40.026
1768504072.89891,36.25
1768504073.001488,37.193
1768504073.108018,40.542
1768504073.214821,32.521
1768504073.3170993,44.16
1768504073.420615,33.982
1768504073.5228152,39.163
1768504073.6252086,38.693
1768504073.7309077,32.323
1768504073.8332736,46.074
1768504073.9354906,32.916
1768504074.0376847,42.487
1768504074.139901,33.587
1768504074.2421815,39.951
1768504074.344478,37.116
1768504074.4467187,37.018
1768504074.5490227,41.921
1768504074.6558917,32.817
1768504074.7581944,43.57
1768504074.8604734,34.869
1768504074.9627218,38.595
1768504075.0650356,38.595
1768504075.1673741,46.172
1768504075.2711089,33.212
1768504075.3732224,43.471
1768504075.4799175,33.982
1768504075.5822334,40.148
1768504075.68446,37.609
1768504075.7868009,36.525
1768504075.8891318,41.034
1768504075.9913883,32.62
1768504076.0936277,46.102
1768504076.1959934,33.39
1768504076.2982633,41.109
1768504076.4043126,36.546
1768504076.5066273,35.954
1768504076.6089408,47.675
1768504076.7112472,33.31
1768504076.8135893,41.207
1768504076.9159594,35.067
1768504077.0181634,38.792
1768504077.1203456,39.087
1768504077.2231295,32.323
1768504077.3298075,47.057
1768504077.4321198,33.113
1768504077.534783,41.207
1768504077.6372333,36.053
1768504077.739592,36.328
1768504077.8419192,44.259
1768504077.9441707,32.62
1768504078.0464277,44.134
1768504078.148794,33.31
1768504078.2541094,41.034
1768504078.356843,36.82
1768504078.4591029,36.328
1768504078.5613172,41.527
1768504078.6635125,39.163
1768504078.7657025,32.422
1768504078.8679304,46.298
1768504078.9701805,33.31
1768504079.0726366,41.428
1768504079.1791813,36.053
1768504079.2814686,35.244
1768504079.383684,43.57
1768504079.4859035,32.916
1768504079.58817,44.921
1768504079.6904678,42.315
1768504079.7931952,34.968
1768504079.8960204,39.459
1768504080.002981,36.82
1768504080.1052032,37.609
1768504080.2075365,40.247
1768504080.3097765,32.62
1768504080.4119496,42.487
1768504080.5141978,33.982
1768504080.6164944,39.951
1768504080.7189589,37.313
1768504080.821413,34.179
1768504080.9285686,46.03
1768504081.0307965,33.31
1768504081.133038,41.133
1768504081.2352824,36.328
1768504081.3374896,36.623
1768504081.4397218,42.906
1768504081.5420527,32.817
1768504081.6449385,43.668
1768504081.747271,34.771
1768504081.8554573,38.003
1768504081.9577272,39.36
1768504082.0600479,32.422
1768504082.1626186,45.413
1768504082.2649615,33.409
1768504082.3684387,40.247
1768504082.4706619,36.053
1768504082.5729136,36.525
1768504082.6782646,46.003
1768504082.780502,32.817
1768504082.8829136,43.767
1768504082.985298,33.39
1768504083.087491,40.715
1768504083.1897063,35.067
1768504083.2919865,38.966
1768504083.3942533,37.609
1768504083.496605,36.722
1768504083.6037269,42.881
1768504083.7060444,32.718
1768504083.8082545,42.388
1768504083.9104998,33.784
1768504084.0131466,36.82
1768504084.1165395,32.323
1768504084.2186472,39.557
1768504084.3210356,36.919
1768504084.4232,33.686
1768504084.5281131,43.839
1768504084.630377,32.916
1768504084.73277,43.103
1768504084.835084,34.08
1768504084.9373653,41.503
1768504085.0396764,36.447
1768504085.142065,37.631
1768504085.2445571,40.912
1768504085.3467844,32.817
1768504085.4490623,45.315
1768504085.5543513,33.982
1768504085.656788,39.557
1768504085.7590241,37.116
1768504085.8612173,37.193
1768504085.963551,39.754
1768504086.0662708,32.422
1768504086.1685588,46.074
1768504086.270745,33.014
1768504086.3731341,43.176
1768504086.4889073,35.56
1768504086.5914373,36.645
1768504086.693685,42.782
1768504086.795969,32.62
1768504086.9019868,43.642
1768504087.004463,33.291
1768504087.1068401,42.979
1768504087.2091715,35.165
1768504087.3113933,39.754
1768504087.4135556,37.116
1768504087.5157533,37.609
1768504087.6179962,40.838
1768504087.7202601,32.422
1768504087.8225813,45.735
1768504087.9286482,33.014
1768504088.030879,41.995
1768504088.133395,35.264
1768504088.2356546,44.724
1768504088.3390377,32.916
1768504088.4412267,43.176
1768504088.5433767,38.496
1768504088.6460564,33.587
1768504088.751287,40.838
1768504088.8535757,36.053
1768504088.9559104,36.525
1768504089.0583224,42.216
1768504089.161104,32.718
1768504089.263495,43.373
1768504089.365731,34.376
1768504089.4679742,39.262
1768504089.5704846,36.82
1768504089.6727602,37.708
1768504089.7777052,37.708
1768504089.880169,35.954
1768504089.982402,34.968
1768504090.0846007,34.376
1768504090.186771,33.982
1768504090.289267,33.31
1768504090.3914025,33.014
1768504090.4945726,35.165
1768504090.598701,36.722
1768504090.7010546,37.313
1768504090.803152,37.51
1768504090.907206,36.623
1768504091.0093663,37.018
1768504091.1118443,37.609
1768504091.2140324,37.313
1768504091.3165238,36.623
1768504091.4187238,36.053
1768504091.521201,32.323
1768504091.6269896,33.014
1768504091.72914,33.705
1768504091.8315134,34.475
1768504091.933658,36.032
1768504092.035932,36.94
1768504092.1381586,36.722
1768504092.2405415,32.718
1768504092.342878,32.521
1768504092.4452815,38.2
1768504092.5475533,44.16
1768504092.6541042,33.489
1768504092.7565343,38.595
1768504092.8587463,39.186
1768504092.961056,42.192
1768504093.063419,34.08
1768504093.1657815,37.708
1768504093.2680545,40.247
1768504093.3701913,32.62
1768504093.4723756,43.694
1768504093.579637,34.672
1768504093.6818378,39.679
1768504093.7842216,37.609
1768504093.886394,36.328
1768504093.9886312,42.709
1768504094.0908506,32.718
1768504094.1930249,42.782
1768504094.295181,33.883
1768504094.3973365,41.995
1768504094.503811,35.165
1768504094.606134,37.905
1768504094.7083604,39.262
1768504094.8106308,32.422
1768504094.913082,47.97
1768504095.0152516,33.014
1768504095.1180675,43.176
1768504095.2202806,34.573
1768504095.3225017,38.277
1768504095.428823,38.769
1768504095.531129,32.521
1768504095.6334558,42.979
1768504095.7357411,35.461
1768504095.8379989,39.11
1768504095.9402514,37.51
1768504096.04243,36.722
1768504096.1447651,42.684
1768504096.2468972,32.718
1768504096.35278,45.932
1768504096.4550006,33.31
1768504096.5572894,43.57
1768504096.659696,34.573
1768504096.7618897,38.89
1768504096.8642657,37.609
1768504096.9664257,33.705
1768504097.0687351,45.216
1768504097.170979,33.113
1768504097.2732813,43.668
1768504097.3788757,35.264
1768504097.4811816,37.828
1768504097.5834801,32.422
1768504097.6863818,47.254
1768504097.788562,33.113
1768504097.8906496,42.782
1768504097.9927568,34.001
1768504098.0948083,40.542
1768504098.1969633,36.229
1768504098.299278,36.94
1768504098.4041703,42.512
1768504098.5082297,32.62
1768504098.6110065,36.743
1768504098.7132795,44.036
1768504098.8155756,33.409
1768504098.9179091,40.321
1768504099.0202153,36.25
1768504099.1225057,37.313
1768504099.2248383,41.527
1768504099.3299682,32.718
1768504099.4323175,43.57
1768504099.5349133,33.883
1768504099.637216,39.557
1768504099.7395031,37.489
1768504099.8418505,32.601
1768504099.9480257,46.369
1768504100.0503016,32.916
1768504100.1557148,42.979
1768504100.2588015,34.08
1768504100.3609984,39.656
1768504100.4632752,38.003
1768504100.5655348,32.225
1768504100.667937,45.216
1768504100.7702281,33.409
1768504100.8725495,42.192
1768504100.974833,35.461
1768504101.081017,36.623
1768504101.1833398,43.544
1768504101.2857904,33.113
1768504101.3882506,41.896
1768504101.4906027,36.25
1768504101.592883,32.323
1768504101.695172,46.888
1768504101.797452,33.409
1768504101.8997,41.231
1768504102.005352,36.053
1768504102.107632,43.176
1768504102.210646,33.587
1768504102.3130083,37.193
1768504102.4151385,42.192
1768504102.517375,32.817
1768504102.619525,41.798
1768504102.7217028,35.461
1768504102.823932,38.003
1768504102.9293995,40.27
1768504103.031672,32.817
1768504103.1339238,43.398
1768504103.2360857,34.08
1768504103.33833,38.966
1768504103.440637,39.065
1768504103.5431552,32.521
1768504103.6454673,42.979
1768504103.7479174,34.869
1768504103.85343,38.989
1768504103.9561877,38.769
1768504104.0585093,32.422
1768504104.1609054,46.397
1768504104.2632122,33.883
1768504104.3654823,38.102
1768504104.4677942,40.542
1768504104.570951,32.62
1768504104.6732986,42.487
1768504104.7784193,36.151
1768504104.880672,37.412
1768504104.9829,42.782
1768504105.085134,32.718
1768504105.1880782,42.855
1768504105.2903345,33.587
1768504105.3926058,40.518
1768504105.4951966,36.525
1768504105.597651,36.447
1768504105.7032602,46.79
1768504105.8055866,33.193
1768504105.908077,43.373
1768504106.0104249,34.573
1768504106.1127367,39.459
1768504106.2151082,37.609
1768504106.317323,36.131
1768504106.419587,42.118
1768504106.5218947,32.718
1768504106.6285012,33.686
1768504106.7321196,40.247
1768504106.8343027,35.933
1768504106.9364195,37.335
1768504107.0387526,40.148
1768504107.140883,32.521
1768504107.2430122,45.976
1768504107.345182,33.508
1768504107.4472866,40.05
1768504107.553841,37.412
1768504107.6562767,32.521
1768504107.758623,46.79
1768504107.8609214,33.686
1768504107.9632888,41.724
1768504108.0657275,36.525
1768504108.1681058,36.919
1768504108.2704926,47.507
1768504108.3727503,33.409
1768504108.4792137,43.274
1768504108.5814362,40.739
1768504108.6836638,34.08
1768504108.7861545,39.656
1768504108.8884442,38.003
1768504108.9914703,36.919
1768504109.0937068,42.782
1768504109.1959977,32.62
1768504109.3028822,43.446
1768504109.4051845,34.376
1768504109.507359,39.853
1768504109.6096268,36.623
1768504109.7118738,36.447
1768504109.8142843,43.57
1768504109.9165685,32.916
1768504110.018752,42.979
1768504110.1211712,33.982
1768504110.2261372,41.133
1768504110.328536,36.032
1768504110.4307675,37.609
1768504110.5329752,41.404
1768504110.6351993,32.718
1768504110.7375295,44.259
1768504110.839948,33.686
1768504110.9422524,40.444
1768504111.0446382,36.229
1768504111.147035,35.165
1768504111.2534938,33.409
1768504111.355671,41.699
1768504111.457944,36.032
1768504111.5602696,37.018
1768504111.6624393,45.118
1768504111.7646809,33.113
1768504111.866929,42.192
1768504111.9691374,35.165
1768504112.0712671,36.996
1768504112.1774533,40.148
1768504112.2796936,32.521
1768504112.381979,45.315
1768504112.484221,33.686
1768504112.5865486,42.413
1768504112.6888008,35.856
1768504112.7910736,38.003
1768504112.8933856,39.36
1768504112.995747,32.422
1768504113.1019943,42.782
1768504113.2043517,33.686
1768504113.3066921,40.838
1768504113.4128134,36.151
1768504113.51504,37.708
1768504113.6186068,41.231
1768504113.7208836,32.916
1768504113.8273585,42.684
1768504113.9296775,33.883
1768504114.0319767,41.699
1768504114.13418,35.264
1768504114.2363956,38.178
1768504114.3386369,37.51
1768504114.4409306,36.546
1768504114.5432687,42.192
1768504114.6455746,32.718
1768504114.7514462,46.593
1768504114.8536642,33.31
1768504114.9560082,42.684
1768504115.0583375,34.672
1768504115.1607575,38.989
1768504115.2630477,36.623
1768504115.365223,37.018
1768504115.4674854,40.641
1768504115.569782,32.62
1768504115.6721263,46.227
1768504115.7782133,40.641
1768504115.8803144,36.151
1768504115.9824362,37.018
1768504116.0845609,41.133
1768504116.1866114,32.718
1768504116.288895,43.839
1768504116.391169,33.784
1768504116.493318,40.444
1768504116.5953786,36.623
1768504116.6975322,36.623
1768504116.8037925,41.527
1768504116.906078,32.62
1768504117.0083659,43.668
1768504117.1105983,33.686
1768504117.2129679,41.503
1768504117.3153503,35.954
1768504117.4175565,37.116
1768504117.5199523,41.625
1768504117.6226614,32.817
1768504117.728976,42.954
1768504117.8314,33.784
1768504117.9336412,39.853
1768504118.0367203,37.215
1768504118.1389396,36.645
1768504118.241096,44.233
1768504118.3432925,33.39
1768504118.4455807,40.838
1768504118.5487368,35.736
1768504118.6527102,35.461
1768504118.7553372,32.206
1768504118.8575034,45.976
1768504118.9600344,33.31
1768504119.062221,42.512
1768504119.1646464,34.968
1768504119.2668922,37.905
1768504119.3694258,38.397
1768504119.4716794,32.422
1768504119.5739455,47.647
1768504119.6789558,33.31
1768504119.7812798,38.868
1768504119.8835669,38.299
1768504119.9860075,37.51
1768504120.0884182,33.113
1768504120.1906445,33.212
1768504120.292823,32.817
1768504120.395058,32.817
1768504120.497374,32.916
1768504120.6016207,36.328
1768504120.703738,38.2
1768504120.8060026,36.919
1768504120.9081104,35.757
1768504121.0104067,34.771
1768504121.1124885,34.08
1768504121.21464,33.014
1768504121.3167963,32.916
1768504121.4189365,35.736
1768504121.521026,36.131
1768504121.6231189,35.165
1768504121.7277248,33.686
1768504121.829938,34.08
1768504121.9321346,32.521
1768504122.0345008,32.62
1768504122.1367755,32.916
1768504122.2390215,33.113
1768504122.3412805,33.686
1768504122.4435363,34.376
1768504122.5499978,36.053
1768504122.6568375,38.595
1768504122.7603955,44.331
1768504122.8626413,33.489
1768504122.965055,36.743
1768504123.067275,45.315
1768504123.169528,33.489
1768504123.271852,38.375
1768504123.3780582,40.739
1768504123.4802985,32.718
1768504123.5826209,42.979
1768504123.684912,35.461
1768504123.7872562,36.229
1768504123.889461,46.762
1768504123.991779,33.39
1768504124.0940256,40.936
1768504124.1962552,36.053
1768504124.298549,36.94
1768504124.4036016,45.779
1768504124.505825,33.39
1768504124.6080885,40.345
1768504124.710344,36.842
1768504124.8126924,35.933
1768504124.9149673,43.741
1768504125.017315,33.014
1768504125.1195462,42.684
1768504125.2217782,34.573
1768504125.3242726,40.148
1768504125.4312823,32.521
1768504125.5335338,46.271
1768504125.6356306,33.489
1768504125.7376957,37.806
1768504125.8399549,39.262
1768504125.942127,32.422
1768504126.0442064,46.2
1768504126.1463418,33.804
1768504126.2485342,38.89
1768504126.3556824,37.609
1768504126.458049,32.323
1768504126.5604625,47.815
1768504126.6626673,33.508
1768504126.7650168,39.829
1768504126.8673527,38.102
1768504126.96964,32.422
1768504127.0720913,46.692
1768504127.1744115,33.508
1768504127.2825189,42.487
1768504127.3849187,35.067
1768504127.4872582,39.505
1768504127.589436,38.102
1768504127.6925213,32.62
1768504127.7947695,43.471
1768504127.89709,33.489
1768504127.999346,41.995
1768504128.1052346,35.461
1768504128.2074342,38.518
1768504128.3098218,42.56
1768504128.4120874,34.968
1768504128.514338,37.609
1768504128.616711,43.57
1768504128.7189927,35.165
1768504128.821274,37.039
1768504128.923614,41.798
1768504129.025902,32.718
1768504129.130905,42.906
1768504129.2331095,34.278
1768504129.3353786,37.412
1768504129.4376283,39.656
1768504129.5398152,32.521
1768504129.6420608,45.189
1768504129.7442954,33.489
1768504129.8465505,41.503
1768504129.9488904,35.264
1768504130.051188,38.003
1768504130.158205,32.422
1768504130.2605548,45.61
1768504130.3628967,33.409
1768504130.4653244,42.093
1768504130.567806,35.757
1768504130.6701064,36.525
1768504130.772391,40.838
1768504130.8746426,32.521
1768504130.9816332,43.373
1768504131.0840282,39.186
1768504131.1863189,33.606
1768504131.288603,39.459
1768504131.3907945,37.313
1768504131.4936361,32.323
1768504131.5959897,46.369
1768504131.698123,33.39
1768504131.8004267,39.284
1768504131.915964,38.671
1768504132.0181777,32.323
1768504132.1209786,45.216
1768504132.223316,33.606
1768504132.3299124,41.306
1768504132.432121,35.856
1768504132.5343046,38.102
1768504132.6365294,41.133
1768504132.7387855,32.62
1768504132.8411753,42.855
1768504132.9435647,34.08
1768504133.045794,39.534
1768504133.148037,36.525
1768504133.253979,36.94
1768504133.3561857,41.527
1768504133.4583457,32.718
1768504133.5605953,43.642
1768504133.6628904,34.179
1768504133.765273,38.496
1768504133.8676007,38.792
1768504133.9698904,35.145
1768504134.0722573,32.817
1768504134.1743605,42.684
1768504134.2802174,34.573
1768504134.3824902,38.595
1768504134.4846866,37.905
1768504134.5869381,33.784
1768504134.6893673,47.38
1768504134.7916214,33.212
1768504134.8939183,43.176
1768504134.9963331,35.461
1768504135.098635,37.018
1768504135.2055068,47.282
1768504135.3078473,34.179
1768504135.4101467,32.027
1768504135.5124347,42.979
1768504135.6147366,35.165
1768504135.7169063,36.722
1768504135.8193583,44.751
1768504135.9218848,33.113
1768504136.0241172,40.936
1768504136.1298857,38.08
1768504136.2321303,35.165
1768504136.3371544,46.987
1768504136.439504,33.212
1768504136.5419865,41.527
1768504136.6443746,36.525
1768504136.746816,32.225
1768504136.8491595,46.762
1768504136.9552615,33.39
1768504137.058026,41.822
1768504137.1603196,35.954
1768504137.2625835,37.39
1768504137.3649695,41.896
1768504137.4673848,32.916
1768504137.5696337,42.881
1768504137.6719725,35.165
1768504137.7741873,37.883
1768504137.8802874,41.699
1768504137.9825106,32.62
1768504138.0846972,43.274
1768504138.1869774,34.08
1768504138.289292,38.648
1768504138.391586,39.36
1768504138.4938364,32.718
1768504138.5962641,45.708
1768504138.6983697,33.883
1768504138.8045082,39.754
1768504138.906951,36.623
1768504139.0093558,36.525
1768504139.111976,43.767
1768504139.214339,33.113
1768504139.316565,42.512
1768504139.4188428,35.362
1768504139.52107,36.898
1768504139.6232822,40.05
1768504139.72906,32.521
1768504139.8313758,47.085
1768504139.9336257,33.014
1768504140.0358472,43.103
1768504140.1380718,35.165
1768504140.2402823,38.671
1768504140.342401,38.769
1768504140.4446275,36.131
1768504140.5467932,46.102
1768504140.6490638,33.113
1768504140.7557814,43.373
1768504140.8580892,34.672
1768504140.960328,39.284
1768504141.0625305,37.708
1768504141.164873,36.623
1768504141.2671492,43.595
1768504141.3693857,32.916
1768504141.471668,43.347
1768504141.5742798,34.376
1768504141.6811059,41.133
1768504141.7832937,36.919
1768504141.8856008,36.996
1768504141.987836,41.601
1768504142.0900373,32.62
1768504142.1922522,47.254
1768504142.2945106,33.212
1768504142.3968265,42.684
1768504142.499145,34.672
1768504142.601368,39.58
1768504142.7078257,37.609
1768504142.8101113,36.82
1768504142.9123383,40.912
1768504143.014529,32.718
1768504143.116818,42.979
1768504143.2189999,34.08
1768504143.3212624,35.56
1768504143.423481,37.686
1768504143.5257094,39.58
1768504143.63277,32.62
1768504143.7349908,42.167
1768504143.8373175,34.179
1768504143.939553,40.05
1768504144.0417638,38.299
1768504144.1440167,32.422
1768504144.2464168,46.888
1768504144.348638,36.151
1768504144.4509223,32.718
1768504144.5533051,39.36
1768504144.6582642,39.754
1768504144.7605178,33.212
1768504144.862783,38.671
1768504144.9650223,38.277
1768504145.067329,32.521
1768504145.1700075,36.919
1768504145.2723067,46.861
1768504145.3744938,33.508
1768504145.4768796,39.731
1768504145.5792332,38.277
1768504145.6849978,32.422
1768504145.7873197,42.757
1768504145.8895473,34.08
1768504145.9918349,40.148
1768504146.09421,37.927
1768504146.1965427,36.525
1768504146.2987423,45.637
1768504146.4010465,33.094
1768504146.503266,43.347
1768504146.6098475,35.165
1768504146.7120454,37.905
1768504146.8144662,40.223
1768504146.9166474,32.62
1768504147.0190463,42.979
1768504147.1213646,33.982
1768504147.2235842,39.951
1768504147.325876,37.905
1768504147.4281695,32.422
1768504147.533888,45.708
1768504147.6364791,34.179
1768504147.7387428,39.065
1768504147.841011,39.656
1768504147.943207,32.62
1768504148.0457191,33.606
1768504148.148506,43.004
1768504148.2506497,36.525
1768504148.352761,36.525
1768504148.4592283,42.216
1768504148.561507,34.08
1768504148.6637194,32.422
1768504148.7661076,43.078
1768504148.8683689,34.573
1768504148.9706583,37.708
1768504149.073091,42.118
1768504149.1753876,32.916
1768504149.2778263,42.019
1768504149.384625,35.856
1768504149.4869113,36.842
1768504149.5892897,45.216
1768504149.691712,33.31
1768504149.794169,41.896
1768504149.8965318,34.968
1768504150.0004928,38.769
1768504150.1028771,40.27
1768504150.208583,32.422
1768504150.3108501,44.16
1768504150.413203,33.784
1768504150.5155818,39.754
1768504150.6179748,38.299
1768504150.7202897,35.56
1768504150.8225467,37.806
1768504150.9247715,37.587
1768504151.0270262,37.018
1768504151.1305454,36.053
1768504151.2327206,35.165
1768504151.3349497,34.672
1768504151.437204,33.982
1768504151.5393295,33.508
1768504151.641433,33.409
1768504151.7436328,33.212
1768504151.8459337,33.014
1768504151.948221,35.736
1768504152.0505123,37.412
1768504152.154016,37.215
1768504152.2561507,35.067
1768504152.3583007,34.475
1768504152.4607513,34.199
1768504152.5629978,34.968
1768504152.6652222,37.018
1768504152.7686744,36.82
1768504152.8707383,36.426
1768504152.9727976,35.736
1768504153.074856,32.404
1768504153.1812742,32.62
1768504153.2835155,31.435
1768504153.3859367,41.33
1768504153.488163,37.51
1768504153.5903447,32.422
1768504153.6926572,40.05
1768504153.7951689,39.163
1768504153.8975153,32.422
1768504153.999749,44.724
1768504154.1064188,33.784
1768504154.208663,41.133
1768504154.3109484,36.229
1768504154.4138837,37.927
1768504154.5162888,39.951
1768504154.6187334,33.489
1768504154.7210379,46.888
1768504154.823429,33.31
1768504154.92581,42.684
1768504155.0314367,35.362
1768504155.133941,38.671
1768504155.236174,39.679
1768504155.3384113,33.291
1768504155.4407437,47.872
1768504155.5429518,33.113
1768504155.64528,43.373
1768504155.7474904,35.461
1768504155.8497214,37.729
1768504155.9522357,42.782
1768504156.0580556,32.817
1768504156.160277,43.373
1768504156.2626271,34.968
1768504156.3648758,37.39
1768504156.4671476,40.542
1768504156.5695212,32.422
1768504156.672172,46.2
1768504156.7745595,33.291
1768504156.8807523,40.148
1768504156.9831753,36.919
1768504157.085394,35.539
1768504157.1878405,33.212
1768504157.291485,41.109
1768504157.3935869,36.25
1768504157.495724,37.609
1768504157.5977879,40.739
1768504157.6999533,32.718
1768504157.8054435,42.659
1768504157.9077282,33.883
1768504158.0100389,40.912
1768504158.1124358,36.82
1768504158.2146397,32.323
1768504158.316892,42.585
1768504158.4191263,34.08
1768504158.5213969,36.722
1768504158.623821,42.487
1768504158.7261431,34.376
1768504158.8318796,33.193
1768504158.9341543,43.15
1768504159.0366642,34.869
1768504159.1389134,37.708
1768504159.241706,40.148
1768504159.343937,32.718
1768504159.4461846,42.56
1768504159.5484593,33.982
1768504159.6506572,40.148
1768504159.7564573,36.94
1768504159.858815,32.323
1768504159.9610898,43.373
1768504160.0634737,33.784
1768504160.1659782,37.806
1768504160.2683218,42.757
1768504160.3706791,32.995
1768504160.472962,42.585
1768504160.5754302,35.362
1768504160.6821728,36.053
1768504160.784594,47.184
1768504160.8869371,33.784
1768504160.989255,38.671
1768504161.0915432,38.572
1768504161.1938078,32.422
1768504161.2960465,44.036
1768504161.3984053,33.883
1768504161.5007188,38.989
1768504161.6073806,38.397
1768504161.7096894,32.718
1768504161.8118856,33.982
1768504161.9150581,39.951
1768504162.017215,37.215
1768504162.1192691,36.82
1768504162.221406,44.259
1768504162.3234632,32.817
1768504162.4255152,42.659
1768504162.5312452,33.784
1768504162.6334631,40.247
1768504162.7356608,36.151
1768504162.8378425,37.686
1768504162.9402597,40.641
1768504163.0424588,32.521
1768504163.14462,46.987
1768504163.2468107,33.014
1768504163.3490665,43.694
1768504163.4517617,34.573
1768504163.5564084,39.087
1768504163.6613042,39.284
1768504163.7635343,32.422
1768504163.8658001,47.45
1768504163.9693835,33.31
1768504164.0716462,42.881
1768504164.1740642,34.376
1768504164.2763922,39.163
1768504164.3810892,37.708
1768504164.4833267,37.018
1768504164.5855122,43.741
1768504164.6877484,32.798
1768504164.789957,43.373
1768504164.8921592,34.08
1768504164.9943602,40.369
1768504165.0967112,36.919
1768504165.1990106,32.225
1768504165.3012488,43.176
1768504165.4075577,34.771
1768504165.5098362,38.693
1768504165.6122077,39.754
1768504165.7144067,32.521
1768504165.8166828,43.471
1768504165.919077,33.705
1768504166.0213654,40.542
1768504166.1235518,37.51
1768504166.2257104,35.264
1768504166.3325036,45.905
1768504166.43473,33.113
1768504166.5368972,34.573
1768504166.6391654,39.459
1768504166.7414432,37.215
1768504166.84354,36.447
1768504166.9456332,42.192
1768504167.0477931,32.817
1768504167.149947,42.979
1768504167.2565067,34.278
1768504167.3587961,39.974
1768504167.4611084,37.806
1768504167.5634687,32.422
1768504167.665879,47.647
1768504167.7681665,33.409
1768504167.8703916,42.881
1768504167.972734,35.264
1768504168.0750866,38.397
1768504168.1773796,43.57
1768504168.284567,35.461
1768504168.3869138,37.806
1768504168.490051,40.345
1768504168.5923066,33.705
1768504168.6945448,34.001
1768504168.79683,46.664
1768504168.899177,33.113
1768504169.0015533,43.373
1768504169.1070611,35.067
1768504169.2093067,38.299
1768504169.3115559,39.853
1768504169.413768,32.521
1768504169.5160124,45.681
1768504169.618278,33.489
1768504169.7206037,41.995
1768504169.822875,35.264
1768504169.9251275,38.102
1768504170.0274556,40.838
1768504170.1334367,32.521
1768504170.2357008,47.97
1768504170.3380384,33.31
1768504170.4405057,42.216
1768504170.5429666,35.165
1768504170.6451735,38.671
1768504170.7474117,37.981
1768504170.8495848,34.672
1768504170.9518154,44.357
1768504171.0578578,32.916
1768504171.160174,34.278
1768504171.2631137,39.656
1768504171.3652198,39.284
1768504171.4674075,32.422
1768504171.5695415,46.2
1768504171.6716852,33.587
1768504171.7738729,41.207
1768504171.8759778,36.053
1768504171.9781744,36.722
1768504172.0845149,42.585
1768504172.1867745,32.817
1768504172.289168,42.954
1768504172.3914344,34.08
1768504172.493659,41.896
1768504172.5959127,36.328
1768504172.6989405,37.609
1768504172.801269,40.247
1768504172.9035263,32.521
1768504173.0100214,45.905
1768504173.1124437,33.982
1768504173.2147384,41.034
1768504173.3171306,36.623
1768504173.4194434,37.532
1768504173.5233438,41.034
1768504173.6255147,32.62
1768504173.727705,43.741
1768504173.8338544,33.686
1768504173.9361513,41.404
1768504174.0384188,35.933
1768504174.1406338,36.919
1768504174.2429862,41.404
1768504174.3451655,32.718
1768504174.447492,42.487
1768504174.5497577,34.08
1768504174.652048,41.625
1768504174.7542362,35.461
1768504174.8564372,37.489
1768504174.9617674,38.397
1768504175.0639493,36.602
1768504175.1662655,42.782
1768504175.268554,32.718
1768504175.3707356,44.921
1768504175.4729366,33.489
1768504175.5751812,43.471
1768504175.6773534,34.869
1768504175.7795877,39.163
1768504175.8819468,38.496
1768504175.9867454,46.074
1768504176.0905907,33.113
1768504176.1926546,42.979
1768504176.2947297,34.475
1768504176.3967645,39.383
1768504176.498846,37.51
1768504176.6009057,36.82
1768504176.7034962,42.192
1768504176.8056343,32.62
1768504176.9115005,44.823
1768504177.0137186,33.686
1768504177.1160605,40.247
1768504177.218416,37.018
1768504177.3206341,36.131
1768504177.4228997,44.528
1768504177.5251367,33.113
1768504177.627345,42.29
1768504177.7294605,34.771
1768504177.831741,38.671
1768504177.9387336,38.89
1768504178.04094,32.521
1768504178.1431627,47.155
1768504178.2467837,33.113
1768504178.3491526,41.724
1768504178.451457,35.757
1768504178.55376,32.126
1768504178.6562817,43.078
1768504178.76247,34.278
1768504178.8649094,37.587
1768504178.9671714,38.868
1768504179.0694735,32.422
1768504179.1717212,46.987
1768504179.2740028,33.409
1768504179.3762884,43.398
1768504179.4785273,34.869
1768504179.5807304,39.087
1768504179.6831598,38.299
1768504179.789571,36.722
1768504179.891879,45.413
1768504179.994138,33.014
1768504180.096399,43.274
1768504180.1987586,34.278
1768504180.3011434,38.792
1768504180.4035738,38.693
1768504180.5058289,32.521
1768504180.6080964,47.085
1768504180.713786,41.034
1768504180.8160026,36.053
1768504180.918137,38.693
1768504181.0202503,37.51
1768504181.122481,37.784
1768504181.2245755,36.25
1768504181.3267856,35.461
1768504181.4290113,34.475
1768504181.5312254,33.31
1768504181.6352527,33.193
1768504181.7374825,32.817
1768504181.8397443,32.817
1768504181.9420033,35.757
1768504182.0443041,35.461
1768504182.1472514,35.856
1768504182.249461,35.736
1768504182.3516717,35.954
1768504182.4538953,35.264
1768504182.5593114,35.165
1768504182.6619968,32.521
1768504182.7668169,32.62
1768504182.8690743,33.014
1768504182.9713356,33.409
1768504183.0736437,34.475
1768504183.175952,35.856
1768504183.2781847,37.116
1768504183.3804812,34.968
1768504183.4827397,32.817
1768504183.5883226,33.587
1768504183.6906977,35.638
1768504183.7929163,40.172
1768504183.8951771,43.57
1768504183.997425,33.508
1768504184.09977,36.645
1768504184.2021396,43.865
1768504184.3043635,33.883
1768504184.4065602,37.609
1768504184.5088747,41.404
1768504184.6147137,32.817
1768504184.717111,42.61
1768504184.8193705,35.264
1768504184.9216805,37.018
1768504185.0240417,41.724
1768504185.126356,32.916
1768504185.2285776,43.668
1768504185.330847,33.883
1768504185.4332185,39.974
1768504185.535543,36.426
1768504185.6407917,44.16
1768504185.7439065,33.014
1768504185.8461485,42.487
1768504185.9482584,34.672
1768504186.0503511,37.51
1768504186.1525087,39.459
1768504186.2547123,32.323
1768504186.3569005,47.352
1768504186.4591026,33.113
1768504186.561362,42.56
1768504186.667134,35.165
1768504186.7693949,38.08
1768504186.8716395,39.777
1768504186.9744434,32.521
1768504187.0768154,45.61
1768504187.179172,33.212
1768504187.281492,41.896
1768504187.38383,34.672
1768504187.4861624,37.883
1768504187.5892713,40.345
1768504187.6949434,32.521
1768504187.7971385,45.511
1768504187.8993611,33.113
1768504188.0015278,43.373
1768504188.1038768,34.179
1768504188.20604,40.641
1768504188.3084075,47.577
1768504188.4106383,33.113
1768504188.5129583,42.979
1768504188.6151822,45.413
1768504188.72002,33.804
1768504188.8222408,38.966
1768504188.924438,42.019
1768504189.0267892,34.278
1768504189.129146,32.323
1768504189.2314832,37.905
1768504189.3337042,47.282
1768504189.4360235,33.39
1768504189.5382915,42.782
1768504189.640502,35.658
1768504189.7462423,37.193
1768504189.8484287,40.247
1768504189.9506617,32.817
1768504190.052931,43.668
1768504190.155152,33.784
1768504190.257331,41.01
1768504190.3596408,36.525
1768504190.4618502,37.018
1768504190.5641239,40.444
1768504190.666386,44.921
1768504190.773769,33.39
1768504190.875916,43.274
1768504190.9780836,34.376
1768504191.080171,41.527
1768504191.182254,35.461
1768504191.284388,38.496
1768504191.386536,37.609
1768504191.48861,35.658
1768504191.5906773,44.429
1768504191.6973248,33.113
1768504191.8000238,43.274
1768504191.902324,34.376
1768504192.00457,38.966
1768504192.1069314,40.05
1768504192.2136292,32.521
1768504192.3159654,43.274
1768504192.4215467,34.475
1768504192.5238786,39.065
1768504192.6261468,43.471
1768504192.728376,34.475
1768504192.8306882,39.679
1768504192.9329462,37.905
1768504193.035288,35.067
1768504193.1374443,42.979
1768504193.239741,32.817
1768504193.341921,42.979
1768504193.4469378,33.784
1768504193.5491085,40.641
1768504193.6515014,36.426
1768504193.7538824,36.426
1768504193.8562632,42.216
1768504193.9585207,32.916
1768504194.0608892,42.782
1768504194.1632679,34.278
1768504194.2655292,38.989
1768504194.3699832,39.853
1768504194.4728377,32.521
1768504194.575165,42.979
1768504194.6778345,33.982
1768504194.7802155,37.708
1768504194.882639,39.754
1768504194.9849658,32.62
1768504195.0873036,44.626
1768504195.1895618,33.409
1768504195.291938,35.165
1768504195.3994489,39.163
1768504195.5015767,38.397
1768504195.6038046,32.323
1768504195.7062533,46.664
1768504195.808642,33.212
1768504195.910999,41.601
1768504196.0133677,35.461
1768504196.1156533,37.686
1768504196.2229846,40.345
1768504196.3252153,32.62
1768504196.4275043,44.6
1768504196.529855,33.902
1768504196.6370645,40.345
1768504196.7406871,37.708
1768504196.8461375,32.502
1768504196.948371,45.413
1768504197.050622,33.508
1768504197.1530187,42.019
1768504197.2553945,35.954
1768504197.3576324,37.905
1768504197.459908,39.58
1768504197.5622098,32.422
1768504197.664483,45.878
1768504197.7710986,32.916
1768504197.873342,43.249
1768504197.9755392,34.771
1768504198.077714,38.102
1768504198.179921,38.2
1768504198.282279,32.225
1768504198.3845623,44.134
1768504198.4868488,33.489
1768504198.5892737,35.638
1768504198.6953583,42.881
1768504198.7976213,35.264
1768504198.8998137,38.496
1768504199.002127,38.474
1768504199.104393,32.422
1768504199.206651,46.692
1768504199.3090596,33.014
1768504199.4112382,43.176
1768504199.5134947,40.739
1768504199.616841,36.525
1768504199.7220867,37.138
1768504199.8243647,40.321
1768504199.9266245,32.718
1768504200.0288916,44.331
1768504200.1313581,33.705
1768504200.2336042,42.388
1768504200.3359609,35.362
1768504200.4382815,37.018
1768504200.540546,42.118
1768504200.6467576,32.916
1768504200.7490115,43.471
1768504200.852076,35.067
1768504200.9542718,38.2
1768504201.0566528,40.345
1768504201.159945,32.817
1768504201.262308,41.699
1768504201.3646758,37.018
1768504201.4701424,32.62
1768504201.5724177,43.57
1768504201.6747313,34.376
1768504201.7770388,39.36
1768504201.8793218,36.743
1768504201.9817214,37.39
1768504202.0839262,39.754
1768504202.186383,33.686
1768504202.288638,42.659
1768504202.3908377,32.62
1768504202.4957504,46.79
1768504202.5981321,33.212
1768504202.7003443,40.986
1768504202.8025453,34.968
1768504202.9047823,40.05
1768504203.0070379,37.313
1768504203.1092527,33.489
1768504203.2115207,46.888
1768504203.3137398,33.014
1768504203.416075,42.782
1768504203.5214703,34.001
1768504203.623762,41.724
1768504203.7260578,36.25
1768504203.8284566,38.792
1768504203.9309306,37.806
1768504204.0332706,35.362
1768504204.135533,32.718
1768504204.2392142,43.446
1768504204.3462887,33.606
1768504204.4485857,42.019
1768504204.5509858,35.658
1768504204.6532466,37.51
1768504204.7555158,40.715
1768504204.8577619,32.521
1768504204.960036,43.274
1768504205.0622568,34.376
1768504205.1645284,39.383
1768504205.2709076,37.51
1768504205.3730893,32.422
1768504205.4754872,45.806
1768504205.577729,33.804
1768504205.6813073,41.428
1768504205.783608,36.919
1768504205.8859417,34.968
1768504205.9881926,47.085
1768504206.0945206,33.113
1768504206.1967485,43.347
1768504206.2990203,34.475
1768504206.4014215,37.708
1768504206.503716,39.163
1768504206.6060126,35.165
1768504206.7082603,46.003
1768504206.8105977,32.916
1768504206.9128892,43.471
1768504207.0151153,33.587
1768504207.12109,41.699
1768504207.223468,35.165
1768504207.3257027,37.828
1768504207.4279974,40.125
1768504207.5302541,32.62
1768504207.63255,43.176
1768504207.7349272,34.199
1768504207.837155,40.321
1768504207.9394097,36.919
1768504208.0456605,36.131
1768504208.147933,45.735
1768504208.2505314,33.014
1768504208.3527534,42.979
1768504208.4552355,35.461
1768504208.5574577,38.124
1768504208.660128,38.003
1768504208.7623625,32.323
1768504208.8645296,46.762
1768504208.9707963,33.409
1768504209.0733979,42.167
1768504209.1757836,35.757
1768504209.278341,37.729
1768504209.3805873,40.247
1768504209.483044,32.521
1768504209.585373,45.708
1768504209.688181,33.587
1768504209.7903907,42.906
1768504209.9014487,35.165
1768504210.0037656,38.693
1768504210.1063604,39.679
1768504210.208626,32.62
1768504210.3109124,43.274
1768504210.4131687,33.883
1768504210.5201342,40.444
1768504210.62231,36.426
1768504210.7245386,37.489
1768504210.8267615,40.912
1768504210.9289765,32.422
1768504211.031197,44.626
1768504211.133534,33.686
1768504211.2357142,42.906
1768504211.3379586,35.165
1768504211.445393,38.693
1768504211.5483177,37.138
1768504211.6506357,37.116
1768504211.7529042,37.609
1768504211.8550882,37.806
1768504211.957268,37.784
1768504212.0594592,37.806
1768504212.1616216,37.215
1768504212.265837,37.313
1768504212.3681164,37.412
1768504212.4703813,37.236
1768504212.572499,36.151
1768504212.6747472,35.856
1768504212.7769802,35.954
1768504212.879264,36.623
1768504212.9827623,37.51
1768504213.0849369,36.229
1768504213.1870096,35.461
1768504213.2919636,32.62
1768504213.39416,32.718
1768504213.4964123,32.916
1768504213.598697,33.014
1768504213.7010136,33.31
1768504213.8032916,33.686
1768504213.9055383,34.199
1768504214.0077531,34.475
1768504214.1105068,35.638
1768504214.212732,34.08
1768504214.3195133,37.828
1768504214.4218338,40.96
1768504214.531924,34.376
1768504214.6341074,37.313
1768504214.7362323,42.093
1768504214.8416924,32.62
1768504214.943846,42.782
1768504215.0460982,33.883
1768504215.148313,40.345
1768504215.250604,36.623
1768504215.3529081,36.842
1768504215.4551,43.767
1768504215.557392,32.817
1768504215.6596832,43.373
1768504215.761927,34.869
1768504215.8681304,38.845
1768504215.9703596,37.806
1768504216.0726562,34.948
1768504216.1749105,45.708
1768504216.2772243,33.014
1768504216.3793995,42.388
1768504216.4817479,35.658
1768504216.5840142,37.313
1768504216.6862955,40.223
1768504216.7928956,32.62
1768504216.8951035,45.708
1768504216.9973593,33.489
1768504217.0997527,41.01
1768504217.2019792,36.623
1768504217.3053946,44.331
1768504217.4074426,33.014
1768504217.5095713,43.274
1768504217.611787,33.982
1768504217.7166436,41.601
1768504217.8188827,35.56
1768504217.9211075,37.708
1768504218.0233214,40.641
1768504218.1260843,32.422
1768504218.2282898,46.102
1768504218.3305604,33.31
1768504218.4327989,42.906
1768504218.5352285,35.461
1768504218.6376572,33.902
1768504218.7443283,39.557
1768504218.846526,38.792
1768504218.9488564,32.521
1768504219.051337,42.684
1768504219.1550303,34.376
1768504219.2573411,38.868
1768504219.3596008,38.671
1768504219.461842,32.323
1768504219.569001,47.38
1768504219.6713784,33.291
1768504219.7735186,42.782
1768504219.8758578,35.264
1768504219.9781833,37.532
1768504220.0804853,42.192
1768504220.182794,32.521
1768504220.2850761,44.331
1768504220.38731,34.08
1768504220.493596,39.087
1768504220.5958533,38.299
1768504220.6982605,33.587
1768504220.8005338,46.2
1768504220.902823,33.014
1768504221.0052047,41.601
1768504221.107635,34.968
1768504221.209853,38.003
1768504221.3121479,38.693
1768504221.4177313,36.131
1768504221.5201325,45.341
1768504221.622352,33.014
1768504221.7246826,42.782
1768504221.826903,39.065
1768504221.930277,38.769
1768504222.0323381,32.422
1768504222.13456,46.102
1768504222.2367544,32.916
1768504222.342769,43.57
1768504222.4450908,33.902
1768504222.5473433,41.034
1768504222.6495447,36.842
1768504222.7517996,37.039
1768504222.8541243,40.542
1768504222.956294,32.422
1768504223.0585005,47.184
1768504223.1607075,33.014
1768504223.262969,43.446
1768504223.369498,33.982
1768504223.4717143,40.641
1768504223.574163,36.82
1768504223.676837,37.236
1768504223.7790759,41.601
1768504223.8813164,32.62
1768504223.9834747,43.544
1768504224.085792,33.784
1768504224.1881845,40.321
1768504224.2936115,36.525
1768504224.3959513,33.686
1768504224.4985344,46.664
1768504224.6007204,33.31
1768504224.7029405,41.625
1768504224.8051472,35.658
1768504224.9073362,39.065
1768504225.0095735,38.375
1768504225.1118205,32.422
1768504225.214105,46.861
1768504225.3206923,33.014
1768504225.4229376,32.027
1768504225.5251691,42.118
1768504225.6275442,36.131
1768504225.7297368,32.323
1768504225.832093,42.782
1768504225.9342682,33.686
1768504226.0365846,41.133
1768504226.138872,36.328
1768504226.2439265,37.981
1768504226.346199,40.444
1768504226.4484892,32.62
1768504226.5507321,33.291
1768504226.65421,40.814
1768504226.756344,35.658
1768504226.8584025,38.2
1768504226.960612,40.247
1768504227.0626929,32.521
1768504227.1684718,46.987
1768504227.2706864,33.014
1768504227.3729303,42.684
1768504227.475215,35.658
1768504227.577842,36.447
1768504227.6802077,42.684
1768504227.7825685,32.718
1768504227.8848944,43.471
1768504227.991207,33.982
1768504228.0950837,41.231
1768504228.197472,35.954
1768504228.3005548,36.229
1768504228.4027336,45.171
1768504228.5050168,33.014
1768504228.6074595,31.83
1768504228.7096758,43.347
1768504228.8119764,33.705
1768504228.9142976,42.093
1768504229.0192993,35.954
1768504229.1214745,37.609
1768504229.223662,40.444
1768504229.3259113,32.422
1768504229.4281003,46.664
1768504229.5302684,33.212
1768504229.6326141,43.274
1768504229.734779,34.869
1768504229.8370311,38.868
1768504229.9394073,38.102
1768504230.0454226,32.323
1768504230.1478367,46.495
1768504230.2501252,33.31
1768504230.3524015,40.321
1768504230.4547496,36.328
1768504230.5570483,36.919
1768504230.6593325,41.231
1768504230.761507,32.62
1768504230.86371,47.254
1768504230.9659135,33.31
1768504231.0710523,43.176
1768504231.1733174,34.869
1768504231.2755933,38.474
1768504231.379387,35.362
1768504231.4815304,45.019
1768504231.5836716,33.113
1768504231.685851,42.855
1768504231.7881193,34.771
1768504231.890223,39.459
1768504231.9971678,38.769
1768504232.0993447,32.323
1768504232.2021086,45.315
1768504232.3043547,33.113
1768504232.4065065,42.684
1768504232.508785,34.573
1768504232.6114118,39.163
1768504232.7136378,37.905
1768504232.8162885,35.56
1768504232.9237125,43.642
1768504233.026055,33.113
1768504233.128233,43.052
1768504233.2304502,34.672
1768504233.3328924,40.05
1768504233.4350886,36.328
1768504233.5373774,36.82
1768504233.6395743,41.207
1768504233.741782,32.521
1768504233.8481073,47.647
1768504233.9503388,33.113
1768504234.0525224,43.078
1768504234.154907,34.573
1768504234.257278,32.027
1768504234.3594866,44.062
1768504234.4617782,34.08
1768504234.5639708,39.876
1768504234.6663473,38.2
1768504234.772472,34.179
1768504234.8747385,45.878
1768504234.977031,33.014
1768504235.079714,43.471
1768504235.1821156,34.968
1768504235.284371,37.609
1768504235.38684,40.641
1768504235.4891448,32.422
1768504235.5915315,45.315
1768504235.6987572,42.684
1768504235.8024497,34.968
1768504235.9044979,37.905
1768504236.006615,39.754
1768504236.1087701,32.422
1768504236.2108989,47.184
1768504236.3131924,33.489
1768504236.4153538,41.97
1768504236.5217376,35.856
1768504236.6246004,37.51
1768504236.7269123,39.754
1768504236.8290427,32.422
1768504236.9311926,47.647
1768504237.0333545,33.409
1768504237.135647,41.724
1768504237.2386558,35.856
1768504237.340902,37.018
1768504237.44663,43.963
1768504237.5489078,33.014
1768504237.6512413,42.29
1768504237.7535021,35.362
1768504237.8557014,38.178
1768504237.957988,39.679
1768504238.0603435,32.62
1768504238.1626682,44.626
1768504238.2648947,33.489
1768504238.371704,37.905
1768504238.4739628,41.896
1768504238.5762043,32.718
1768504238.6784465,32.422
1768504238.7807245,43.57
1768504238.88296,34.968
1768504238.9851837,38.375
1768504239.0875335,40.542
1768504239.1899385,32.62
1768504239.2955298,43.373
1768504239.3980043,34.475
1768504239.500426,38.518
1768504239.602695,40.148
1768504239.705065,32.62
1768504239.8073037,45.019
1768504239.909555,33.587
1768504240.0117915,42.118
1768504240.1140652,35.362
1768504240.2203083,38.277
1768504240.3225853,32.422
1768504240.425256,45.216
1768504240.5274322,33.113
1768504240.6295211,43.176
1768504240.7316656,34.968
1768504240.8337069,38.868
1768504240.9357507,38.003
1768504241.03791,32.323
1768504241.1400483,45.779
1768504241.2464473,33.014
1768504241.3487291,43.963
1768504241.4509342,34.278
1768504241.5532968,38.943
1768504241.6554422,38.397
1768504241.75773,34.179
1768504241.8609052,34.179
1768504241.9632456,32.817
1768504242.0655112,35.757
1768504242.1687543,32.422
1768504242.2709255,32.916
1768504242.373182,36.229
1768504242.4754858,37.905
1768504242.577909,37.905
1768504242.6802287,36.447
1768504242.782528,35.264
1768504242.8848293,34.179
1768504242.9872236,33.587
1768504243.0893698,33.705
1768504243.19399,33.705
1768504243.2961686,33.982
1768504243.3984346,33.883
1768504243.500628,34.376
1768504243.6029603,35.165
1768504243.7052164,35.56
1768504243.8074017,35.56
1768504243.909735,36.032
1768504244.0120227,37.313
1768504244.114309,36.131
1768504244.2199967,35.736
1768504244.3222556,32.521
1768504244.4244306,32.916
1768504244.526784,34.278
1768504244.6291494,33.212
1768504244.7313082,38.299
1768504244.8335254,41.896
1768504244.9357383,33.606
1768504245.0380063,37.335
1768504245.1402204,40.05
1768504245.2452738,42.979
1768504245.3485746,34.475
1768504245.450628,38.375
1768504245.55274,39.36
1768504245.6550763,32.521
1768504245.7573118,42.684
1768504245.8594983,35.856
1768504245.9617655,32.62
1768504246.0640578,39.065
1768504246.171394,37.806
1768504246.2738173,32.521
1768504246.3761144,42.659
1768504246.4819775,34.08
1768504246.5841944,38.989
1768504246.6877682,39.163
1768504246.794047,32.521
1768504246.896305,45.216
1768504246.998504,33.587
1768504247.1007786,36.722
1768504247.2029862,40.936
1768504247.305183,32.62
1768504247.4074297,44.528
1768504247.5096796,33.587
1768504247.6118927,40.617
1768504247.7142744,35.56
1768504247.8200302,37.51
1768504247.922283,40.247
1768504248.0246062,32.422
1768504248.126927,44.528
1768504248.2291505,33.409
1768504248.331351,37.313
1768504248.4336712,40.641
1768504248.5360007,32.62
1768504248.63839,35.954
1768504248.7443793,42.093
1768504248.8466473,33.014
1768504248.9489648,43.57
1768504249.0511494,34.08
1768504249.1533356,37.489
1768504249.2555451,40.247
1768504249.3577366,32.62
1768504249.4600267,44.6
1768504249.5623028,33.587
1768504249.66457,40.518
1768504249.7708004,37.609
1768504249.8729277,40.05
1768504249.9753387,32.718
1768504250.0776422,42.684
1768504250.179794,34.869
1768504250.2821465,37.434
1768504250.3844259,40.936
1768504250.486621,32.718
1768504250.588947,43.347
1768504250.696678,34.475
1768504250.7991686,37.587
1768504250.9016285,40.247
1768504251.0048873,32.62
1768504251.1072154,43.398
1768504251.2096887,33.982
1768504251.31191,39.951
1768504251.4141312,36.842
1768504251.5200586,33.883
1768504251.6222646,47.45
1768504251.7245567,33.212
1768504251.826758,42.068
1768504251.9289694,34.968
1768504252.0313146,37.686
1768504252.1336472,38.769
1768504252.235826,37.039
1768504252.3380656,41.33
1768504252.4403927,32.521
1768504252.5459397,47.282
1768504252.648187,33.508
1768504252.7503545,40.345
1768504252.8525524,35.56
1768504252.9548514,37.708
1768504253.0571206,39.36
1768504253.1593692,32.422
1768504253.2615948,44.528
1768504253.3640785,33.705
1768504253.466356,41.404
1768504253.5727699,35.067
1768504253.6751513,37.905
1768504253.7774417,39.754
1768504253.8796675,32.521
1768504253.9819174,46.79
1768504254.084306,33.113
1768504254.1866865,36.898
1768504254.288969,47.282
1768504254.3911521,33.31
1768504254.4964464,36.151
1768504254.5999284,36.426
1768504254.7022321,41.995
1768504254.8043528,32.62
1768504254.906445,45.315
1768504255.0086296,32.916
1768504255.11073,43.694
1768504255.212817,33.686
1768504255.315572,41.306
1768504255.4177318,35.56
1768504255.523104,38.474
1768504255.625408,39.284
1768504255.727744,32.521
1768504255.830361,46.074
1768504255.9326699,33.31
1768504256.034937,41.896
1768504256.1371362,34.869
1768504256.239489,39.58
1768504256.3416452,37.215
1768504256.44695,36.546
1768504256.549176,41.995
1768504256.6513789,32.817
1768504256.7537568,42.659
1768504256.8560421,33.804
1768504256.9584146,40.936
1768504257.0606766,35.856
1768504257.1631303,37.609
1768504257.265371,39.754
1768504257.3677204,32.521
1768504257.472773,45.681
1768504257.574987,33.212
1768504257.6772368,41.527
1768504257.7794437,34.376
1768504257.881633,39.853
1768504257.983814,35.638
1768504258.0860138,37.905
1768504258.188271,38.966
1768504258.2904873,32.422
1768504258.3927295,47.029
1768504258.4983807,33.212
1768504258.6006925,36.349
1768504258.7029548,46.959
1768504258.805218,33.31
1768504258.907596,43.544
1768504259.0097857,34.179
1768504259.1120386,40.05
1768504259.2142756,35.856
1768504259.3165476,39.087
1768504259.4187331,37.039
1768504259.525561,40.936
1768504259.6276667,32.62
1768504259.7298076,45.878
1768504259.8321092,33.014
1768504259.9342487,43.078
1768504260.036322,33.982
1768504260.138384,40.936
1768504260.2404823,35.264
1768504260.3426025,37.039
1768504260.444808,41.404
1768504260.561305,32.521
1768504260.6635497,47.549
1768504260.765781,33.31
1768504260.8681335,42.684
1768504260.9732344,33.982
1768504261.075445,40.763
1768504261.1777208,35.954
1768504261.280135,36.546
1768504261.382452,42.216
1768504261.4847207,32.718
1768504261.5869823,44.062
1768504261.6893098,34.475
1768504261.7916348,37.51
1768504261.893844,41.33
1768504261.9999166,32.521
1768504262.1022007,42.782
1768504262.2045932,33.784
1768504262.3070312,41.231
1768504262.4092522,36.447
1768504262.5114653,36.645
1768504262.6138523,41.97
1768504262.7162776,32.62
1768504262.8185885,42.709
1768504262.9242008,33.784
1768504263.026461,39.557
1768504263.128734,38.102
1768504263.231119,35.658
1768504263.333437,42.979
1768504263.4358323,32.62
1768504263.5382268,46.369
1768504263.6405327,33.212
1768504263.742769,34.573
1768504263.851008,38.397
1768504263.9532838,39.087
1768504264.0555236,32.323
1768504264.1578832,47.38
1768504264.2601836,33.212
1768504264.3626928,42.782
1768504264.4650373,35.362
1768504264.5672867,37.981
1768504264.674003,39.656
1768504264.7762818,32.521
1768504264.8785374,43.668
1768504264.9821725,33.508
1768504265.0843832,40.838
1768504265.1869056,36.131
1768504265.289223,35.342
1768504265.391754,45.019
1768504265.4972303,32.817
1768504265.5994115,43.274
1768504265.7017026,34.278
1768504265.8039613,38.299
1768504265.9063218,39.656
1768504266.0085652,32.422
1768504266.110845,44.331
1768504266.2132564,33.31
1768504266.3155062,42.413
1768504266.4178207,34.968
1768504266.5241802,37.412
1768504266.6264908,41.896
1768504266.7288811,32.422
1768504266.8312056,43.741
1768504266.9337137,33.686
1768504267.0360487,41.207
1768504267.1384866,36.842
1768504267.2407782,34.179
1768504267.3431904,45.315
1768504267.4483466,33.489
1768504267.5507138,37.806
1768504267.6530972,40.148
1768504267.7554898,32.521
1768504267.8576992,44.331
1768504267.9599812,33.784
1768504268.0621665,40.739
1768504268.164502,36.328
1768504268.2679813,45.61
1768504268.3742685,33.409
1768504268.4764664,41.527
1768504268.5788262,43.398
1768504268.681416,34.179
1768504268.7841895,38.299
1768504268.886431,39.284
1768504268.9886906,32.323
1768504269.0909863,45.905
1768504269.1931047,33.31
1768504269.2983713,42.881
1768504269.4006329,35.067
1768504269.5030708,37.905
1768504269.6054902,40.936
1768504269.7078993,32.62
1768504269.810265,43.15
1768504269.9124856,33.606
1768504270.0146961,40.05
1768504270.116906,37.905
1768504270.2191935,32.422
1768504270.3246772,42.954
1768504270.42707,33.686
1768504270.5294497,39.163
1768504270.6317742,37.708
1768504270.7341084,36.82
1768504270.8364174,43.544
1768504270.9388034,32.718
1768504271.0412333,42.684
1768504271.14348,34.672
1768504271.2495081,37.664
1768504271.3517807,38.693
1768504271.4540606,33.686
1768504271.5562952,46.2
1768504271.6585007,33.212
1768504271.7607498,40.912
1768504271.8630438,35.461
1768504271.9653275,37.686
1768504272.067681,39.754
1768504272.1748364,32.521
1768504272.2772202,36.919
1768504272.379511,34.554
1768504272.4816546,34.376
1768504272.5838754,34.179
1768504272.6861572,33.705
1768504272.7885034,33.31
1768504272.891184,33.212
1768504272.9954932,33.113
1768504273.097649,33.212
1768504273.199778,32.817
1768504273.3018963,32.718
1768504273.4042783,33.193
1768504273.506616,32.521
1768504273.6089199,32.62
1768504273.7112796,32.916
1768504273.8145144,33.113
1768504273.9169228,33.113
1768504274.0219245,33.606
1768504274.1243598,34.278
1768504274.2267764,35.067
1768504274.3291192,35.954
1768504274.431427,37.018
1768504274.5336647,37.313
1768504274.6358745,37.018
1768504274.7381003,35.835
1768504274.8403072,34.672
1768504274.9426594,36.229
1768504275.0451603,41.625
1768504275.15045,38.299
1768504275.2528057,32.422
1768504275.3554473,39.853
1768504275.4578462,38.2
1768504275.5600998,32.323
1768504275.6623542,43.839
1768504275.7647388,33.508
1768504275.8669024,41.798
1768504275.9692414,34.771
1768504276.0716395,39.36
1768504276.1762657,38.671
1768504276.2785416,35.264
1768504276.380897,45.708
1768504276.4831858,32.916
1768504276.5854948,42.782
1768504276.6878257,33.606
1768504276.7900379,43.176
1768504276.892294,34.376
1768504276.994656,39.754
1768504277.0969043,36.426
1768504277.202285,36.722
1768504277.304603,41.822
1768504277.4068208,32.62
1768504277.5090823,43.078
1768504277.611392,34.001
1768504277.7136834,41.33
1768504277.816,39.163
1768504277.9191897,36.743
1768504278.0213141,37.489
1768504278.1234825,40.247
1768504278.2291124,32.422
1768504278.3315382,42.807
1768504278.4344687,34.376
1768504278.5369132,31.929
1768504278.6394248,39.383
1768504278.741685,37.018
1768504278.8476958,36.898
1768504278.9567006,43.963
1768504279.058933,32.718
1768504279.1613145,42.855
1768504279.263601,34.376
1768504279.3657722,40.148
1768504279.467892,36.131
1768504279.5701993,36.722
1768504279.6724477,41.699
1768504279.7775326,32.521
1768504279.8797402,47.352
1768504279.9820366,33.014
1768504280.084237,43.694
1768504280.1865869,35.165
1768504280.2888155,38.397
1768504280.3911684,38.299
1768504280.4933524,35.244
1768504280.5955389,45.315
1768504280.6977828,33.014
1768504280.8028793,42.757
1768504280.9050853,34.573
1768504281.0073183,40.247
1768504281.109662,36.328
1768504281.2120404,36.82
1768504281.3142436,42.29
1768504281.4164772,32.62
1768504281.5187838,43.078
1768504281.6210244,34.475
1768504281.7232525,38.2
1768504281.8291252,38.2
1768504281.931405,32.323
1768504282.0336473,44.921
1768504282.1358514,32.916
1768504282.2381597,43.642
1768504282.3404944,40.444
1768504282.4427543,36.151
1768504282.5448751,37.631
1768504282.6469584,38.671
1768504282.7542856,32.323
1768504282.856479,46.298
1768504282.9587023,32.916
1768504283.060974,42.757
1768504283.1632838,34.179
1768504283.2654986,39.557
1768504283.3678133,36.82
1768504283.4712276,36.426
1768504283.5735009,43.446
1768504283.6778936,32.916
1768504283.7802334,43.176
1768504283.8825467,33.982
1768504283.9848332,40.617
1768504284.0871377,36.426
1768504284.1893735,36.722
1768504284.291839,43.446
1768504284.3941314,32.718
1768504284.4964905,42.757
1768504284.5987794,34.376
1768504284.704911,38.299
1768504284.8072188,40.05
1768504284.9094656,32.323
1768504285.011825,45.189
1768504285.1141279,33.212
1768504285.2163029,43.57
1768504285.3185647,34.08
1768504285.42078,43.176
1768504285.5229833,34.771
1768504285.6297557,39.656
1768504285.7321084,37.905
1768504285.8342993,37.018
1768504285.9364936,41.527
1768504286.038693,32.422
1768504286.1408541,45.315
1768504286.2430737,32.916
1768504286.3454397,43.052
1768504286.4477136,33.686
1768504286.552835,41.33
1768504286.655188,35.067
1768504286.7573738,38.595
1768504286.8595378,37.313
1768504286.9617364,39.163
1768504287.065327,32.323
1768504287.16748,46.987
1768504287.2695868,32.916
1768504287.3717802,43.274
1768504287.4790885,34.771
1768504287.5812857,38.989
1768504287.684052,37.51
1768504287.786241,37.236
1768504287.8884437,40.345
1768504287.991137,33.883
1768504288.0933232,44.626
1768504288.195525,32.817
1768504288.2977586,43.668
1768504288.4037764,34.278
1768504288.506456,39.262
1768504288.6087925,42.192
1768504288.71111,34.771
1768504288.813471,38.572
1768504288.9156928,38.792
1768504289.0178947,35.165
1768504289.1201074,45.735
1768504289.2224145,32.718
1768504289.3285003,42.979
1768504289.4307718,33.982
1768504289.5329657,40.223
1768504289.635246,36.919
1768504289.737529,36.426
1768504289.8397925,43.471
1768504289.942047,32.62
1768504290.044194,47.675
1768504290.1465328,33.014
1768504290.252546,43.274
1768504290.354829,34.199
1768504290.4570832,41.01
1768504290.5593266,35.658
1768504290.6614847,38.769
1768504290.7636573,37.313
1768504290.8658564,37.313
1768504290.9680977,39.876
1768504291.0702329,34.771
1768504291.1724496,43.471
1768504291.2790155,32.718
1768504291.381233,42.782
1768504291.483421,33.587
1768504291.5856287,34.376
1768504291.6891973,39.14
1768504291.7913404,37.412
1768504291.8935316,36.919
1768504291.995625,40.936
1768504292.0977283,32.422
1768504292.2034786,46.074
1768504292.3055751,33.014
1768504292.4077623,42.881
1768504292.510259,33.705
1768504292.6124723,42.709
1768504292.7153137,35.067
1768504292.8175197,39.754
1768504292.9196763,36.328
1768504293.0218995,38.397
1768504293.1241155,38.792
1768504293.2291977,32.323
1768504293.33141,45.315
1768504293.4337325,32.817
1768504293.5359924,44.554
1768504293.63814,33.291
1768504293.740506,43.57
1768504293.842744,34.08
1768504293.945129,41.33
1768504294.0473578,35.757
1768504294.1495914,34.771
1768504294.2560728,46.987
1768504294.3582273,33.113
1768504294.4604518,41.995
1768504294.5627565,34.771
1768504294.6649544,39.656
1768504294.767129,37.018
1768504294.8693292,37.609
1768504294.9714978,39.777
1768504295.0738337,32.422
1768504295.1802628,44.357
1768504295.2825449,33.508
1768504295.3848147,42.782
1768504295.4871655,34.771
1768504295.5894098,39.163
1768504295.69155,37.609
1768504295.7937336,36.722
1768504295.895935,41.133
1768504295.9982364,32.62
1768504296.1005275,44.331
1768504296.2068055,33.606
1768504296.3090973,40.936
1768504296.4112654,37.116
1768504296.514152,40.542
1768504296.6162207,32.422
1768504296.7183168,44.921
1768504296.8203578,32.916
1768504296.922411,43.446
1768504297.024534,33.883
1768504297.1308782,40.42
1768504297.2332408,36.032
1768504297.3355477,37.708
1768504297.4380066,39.951
1768504297.5402212,32.521
1768504297.6423898,47.057
1768504297.744604,33.014
1768504297.846917,42.757
1768504297.9490993,33.409
1768504298.0512965,43.767
1768504298.1574342,34.179
1768504298.2597764,40.444
1768504298.3620396,35.856
1768504298.4642255,38.277
1768504298.5664852,45.216
1768504298.668805,34.968
1768504298.7712348,38.769
1768504298.8735077,38.2
1768504298.9756598,36.94
1768504299.0811374,41.601
1768504299.183628,32.521
1768504299.2858503,44.724
1768504299.3885214,33.212
1768504299.490946,42.684
1768504299.5934677,34.278
1768504299.6956253,40.148
1768504299.7987728,36.151
1768504299.9011388,38.003
1768504300.006379,39.853
1768504300.1087234,32.422
1768504300.2111113,45.413
1768504300.3134904,34.475
1768504300.415789,32.798
1768504300.5181663,44.528
1768504300.6203582,34.001
1768504300.722661,39.284
1768504300.8249674,38.397
1768504300.9311144,34.751
1768504301.033568,46.888
1768504301.1358464,43.15
1768504301.2385097,34.475
1768504301.3407323,39.656
1768504301.4428809,36.82
1768504301.5451503,36.229
1768504301.6472998,41.034
1768504301.7499576,32.718
1768504301.8560264,46.271
1768504301.9583697,33.409
1768504302.0609334,43.57
1768504302.1632447,34.475
1768504302.2655177,42.709
1768504302.3677773,35.461
1768504302.4700296,34.475
1768504302.5723073,33.982
1768504302.6745348,33.606
1768504302.7786934,33.212
1768504302.8808386,32.916
1768504302.9829974,36.623
1768504303.0852318,38.003
1768504303.187459,37.806
1768504303.289678,35.856
1768504303.3918862,35.56
1768504303.4942513,35.264
1768504303.5966067,35.757
1768504303.6989028,36.447
1768504303.8030796,36.131
1768504303.905213,35.757
1768504304.0073144,35.658
1768504304.109488,35.954
1768504304.211659,35.856
1768504304.313855,36.722
1768504304.4160798,37.215
1768504304.5182705,37.609
1768504304.6206293,37.313
1768504304.7230358,36.151
1768504304.8252604,35.638
1768504304.9317212,32.521
1768504305.034149,43.347
1768504305.1364725,33.291
1768504305.2387545,37.806
1768504305.3410363,40.542
1768504305.4433603,33.883
1768504305.5456514,39.36
1768504305.6480103,37.313
1768504305.7502341,36.229
1768504305.8524399,43.471
1768504305.957736,32.62
1768504306.0601866,34.376
1768504306.163083,37.116
1768504306.2652893,43.57
1768504306.3676999,34.573
1768504306.4699192,32.323
1768504306.5726438,38.375
1768504306.6748884,45.341
1768504306.7771466,33.113
1768504306.883085,41.207
1768504306.9944983,37.412
1768504307.0968268,35.165
1768504307.1992898,45.583
1768504307.301581,33.508
1768504307.4074097,39.679
1768504307.509731,38.003
1768504307.6120055,36.525
1768504307.7144573,46.79
1768504307.8167489,33.113
1768504307.9190733,43.57
1768504308.0213914,34.573
1768504308.1236567,38.792
1768504308.228358,39.459
1768504308.3314745,33.606
1768504308.4338915,40.542
1768504308.5363288,37.116
1768504308.6386182,33.606
1768504308.7408895,40.838
1768504308.843322,36.546
1768504308.9455383,37.686
1768504309.047748,37.51
1768504309.1499193,35.461
1768504309.252212,43.668
1768504309.3581755,32.718
1768504309.4604115,43.471
1768504309.5625625,33.508
1768504309.6648765,41.306
1768504309.76709,36.525
1768504309.8692813,37.631
1768504309.9716532,40.838
1768504310.0738258,32.62
1768504310.1761882,46.959
1768504310.278416,33.113
1768504310.3834493,34.968
1768504310.4868724,38.572
1768504310.5889907,38.299
1768504310.6910746,34.179
1768504310.7932236,44.456
1768504310.8952804,32.718
1768504310.9975224,42.881
1768504311.0995634,33.409
1768504311.202163,41.822
1768504311.3085225,35.461
1768504311.4108787,38.496
1768504311.5131538,38.299
1768504311.6154616,36.328
1768504311.7177117,44.331
1768504311.8201344,32.718
1768504311.922446,44.626
1768504312.0247347,33.587
1768504312.1269565,38.08
1768504312.2336571,42.192
1768504312.335914,33.014
1768504312.4383264,42.487
1768504312.5405097,34.475
1768504312.6428344,39.383
1768504312.7451863,38.595
1768504312.847407,32.323
1768504312.9496956,45.583
1768504313.052132,32.916
1768504313.1595006,42.979
1768504313.2619822,34.08
1768504313.3641639,40.148
1768504313.4663973,36.426
1768504313.5686152,36.743
1768504313.6709201,41.601
1768504313.773244,32.62
1768504313.8755648,42.684
1768504313.978075,33.686
1768504314.0833035,39.557
1768504314.185569,36.82
1768504314.2878182,32.225
1768504314.3904345,47.549
1768504314.4926918,33.409
1768504314.5950716,39.459
1768504314.697363,38.003
1768504314.7996242,36.447
1768504314.9019878,43.3
1768504315.0082436,43.373
1768504315.1108415,34.179
1768504315.213266,39.065
1768504315.3154988,38.397
1768504315.4181695,32.323
1768504315.5202422,39.262
1768504315.6224322,37.532
1768504315.724575,33.804
1768504315.8276231,47.45
1768504315.9342222,33.113
1768504316.0377054,40.739
1768504316.1399004,35.954
1768504316.2421489,36.426
1768504316.3443592,44.331
1768504316.4466212,33.014
1768504316.54878,41.601
1768504316.6510153,36.032
1768504316.753209,32.601
1768504316.8587153,45.708
1768504316.961058,32.916
1768504317.0632415,43.274
1768504317.1654332,33.784
1768504317.2677064,39.951
1768504317.3698947,36.229
1768504317.4721193,37.018
1768504317.574352,43.176
1768504317.6766856,33.113
1768504317.7789397,40.739
1768504317.8852022,35.461
1768504317.9874184,38.277
1768504318.0897658,39.262
1768504318.1922169,33.587
1768504318.2944634,47.38
1768504318.3967614,33.113
1768504318.4991422,42.881
1768504318.601493,38.89
1768504318.7037504,33.31
1768504318.8099313,38.321
1768504318.9122303,39.065
1768504319.014466,32.422
1768504319.116721,46.664
1768504319.2188962,33.409
1768504319.3211555,41.896
1768504319.423395,35.461
1768504319.5255957,37.412
1768504319.6278446,41.503
1768504319.730168,32.817
1768504319.835544,34.672
1768504319.9386215,38.178
1768504320.0408945,39.656
1768504320.1429744,32.62
1768504320.2453122,42.487
1768504320.3475406,34.672
1768504320.4501665,35.933
1768504320.552259,44.403
1768504320.65805,33.39
1768504320.7629302,39.482
1768504320.86605,36.525
1768504320.9682186,36.743
1768504321.0704372,44.16
1768504321.1727948,32.897
1768504321.27502,43.274
1768504321.37725,34.968
1768504321.4795914,37.159
1768504321.5819387,41.995
1768504321.6874151,33.014
1768504321.7896712,42.979
1768504321.8919992,35.856
1768504321.9943492,37.883
1768504322.0965998,40.641
1768504322.1988502,32.521
1768504322.3011005,42.659
1768504322.4034708,33.587
1768504322.505833,39.853
1768504322.6081367,36.82
1768504322.7144701,35.736
1768504322.8167946,43.176
1768504322.91903,32.817
1768504323.021323,43.544
1768504323.1235301,34.08
1768504323.2257702,38.693
1768504323.3280277,39.853
1768504323.4302933,32.305
1768504323.532564,44.724
1768504323.6389666,33.113
1768504323.7412326,43.176
1768504323.84354,35.856
1768504323.9457045,37.883
1768504324.047976,39.557
1768504324.1502419,32.521
1768504324.2524292,45.976
1768504324.3546927,33.212
1768504324.4569967,42.979
1768504324.5592005,34.771
1768504324.6648457,38.792
1768504324.767071,32.62
1768504324.8697462,44.724
1768504324.9720788,33.014
1768504325.0743575,43.15
1768504325.1766264,33.982
1768504325.2788298,38.2
1768504325.3809595,39.262
1768504325.4838943,32.422
1768504325.590488,47.155
1768504325.692627,33.31
1768504325.794793,42.487
1768504325.8970218,34.573
1768504325.9992921,40.026
1768504326.1015372,36.426
1768504326.2037523,32.502
1768504326.3060813,45.681
1768504326.4082634,33.014
1768504326.5104883,43.15
1768504326.6161544,34.08
1768504326.7183998,36.447
1768504326.820653,40.912
1768504326.922889,32.62
1768504327.0251336,44.134
1768504327.1273463,33.606
1768504327.2297006,39.974
1768504327.3320117,36.229
1768504327.4343078,37.51
1768504327.5365033,40.467
1768504327.6426504,32.521
1768504327.7448075,45.413
1768504327.8471355,33.31
1768504327.9492896,42.29
1768504328.0515125,34.968
1768504328.1537404,38.08
1768504328.2560573,37.708
1768504328.3583474,32.62
1768504328.4605966,44.429
1768504328.5628405,33.606
1768504328.6682053,32.62
1768504328.7706127,42.881
1768504328.8730445,35.757
1768504328.975323,35.638
1768504329.0775654,47.352
1768504329.1797414,33.409
1768504329.2820108,39.087
1768504329.384306,38.397
1768504329.4865446,44.6
1768504329.5952604,33.686
1768504329.6977196,39.656
1768504329.7999885,36.722
1768504329.9076118,36.743
1768504330.0099535,45.413
1768504330.118811,33.014
1768504330.2210171,43.078
1768504330.3232002,34.573
1768504330.4254453,37.51
1768504330.5277822,42.29
1768504330.6301308,32.718
1768504330.7325213,42.684
1768504330.8348773,33.489
1768504330.9424498,42.118
1768504331.0447397,35.067
1768504331.1469743,38.595
1768504331.249313,37.51
1768504331.3515856,36.722
1768504331.4538083,40.936
1768504331.55612,32.521
1768504331.658297,41.995
1768504331.7605672,33.883
1768504331.8677392,40.148
1768504331.9699402,36.151
1768504332.0722282,36.623
1768504332.1744225,43.274
1768504332.2767394,32.718
1768504332.378972,43.3
1768504332.4812045,34.869
1768504332.5833695,36.701
1768504332.6855617,41.306
1768504332.7878308,36.25
1768504332.892739,33.39
1768504332.9951255,33.212
1768504333.0973225,33.014
1768504333.1995826,32.817
1768504333.3018734,32.817
1768504333.404279,33.705
1768504333.5067036,35.461
1768504333.6089554,34.573
1768504333.7116365,34.179
1768504333.8143353,33.587
1768504333.916642,33.113
1768504334.0188537,32.7
1768504334.1213698,34.08
1768504334.2236872,32.422
1768504334.3260841,36.623
1768504334.4294045,36.722
1768504334.5317147,35.736
1768504334.6341758,32.422
1768504334.7396848,32.817
1768504334.8419454,33.212
1768504334.9443526,33.883
1768504335.0466247,34.672
1768504335.148947,35.658
1768504335.2512872,37.215
1768504335.3534994,36.032
1768504335.4557889,37.412
1768504335.5582502,40.936
1768504335.660429,35.067
1768504335.7663474,32.027
1768504335.8685148,41.921
1768504335.9708462,34.475
1768504336.07324,38.375
1768504336.1754951,39.853
1768504336.2778442,32.521
1768504336.3800752,43.274
1768504336.4823756,34.869
1768504336.5847168,36.919
1768504336.6900327,42.684
1768504336.792324,32.718
1768504336.8945553,43.176
1768504336.9968188,33.489
1768504337.0990417,41.33
1768504337.2012763,35.362
1768504337.3034973,37.905
1768504337.405708,38.277
1768504337.507893,34.672
1768504337.610228,44.921
1768504337.7167766,32.916
1768504337.8190796,42.684
1768504337.921267,33.784
1768504338.0235133,40.542
1768504338.1261542,36.229
1768504338.228526,32.225
1768504338.3308446,34.475
1768504338.4343638,38.299
1768504338.541169,42.388
1768504338.6435032,36.447
1768504338.7499838,34.968
1768504338.852204,45.976
1768504338.9543326,33.212
1768504339.056609,41.601
1768504339.1588728,35.067
1768504339.264352,36.722
1768504339.3665712,43.471
1768504339.4687474,32.817
1768504339.5710113,42.782
1768504339.673385,34.475
1768504339.7756608,39.557
1768504339.8777432,37.116
1768504339.9799922,36.328
1768504340.0821753,42.659
1768504340.184444,32.817
1768504340.2896707,41.109
1768504340.3921587,37.51
1768504340.4944782,32.521
1768504340.5967462,36.447
1768504340.6992188,46.102
1768504340.801543,33.39
1768504340.9039304,38.397
1768504341.0088859,39.065
1768504341.1251125,33.883
1768504341.227511,42.192
1768504341.3300316,36.426
1768504341.436568,32.323
1768504341.5389104,43.052
1768504341.6413205,35.56
1768504341.7441268,33.508
1768504341.8464885,44.331
1768504341.9487808,33.784
1768504342.051115,39.459
1768504342.1532762,33.014
1768504342.255601,36.25
1768504342.3613372,42.585
1768504342.4639165,34.869
1768504342.5662768,32.323
1768504342.6697557,35.856
1768504342.7719884,41.404
1768504342.8744595,35.539
1768504342.9767063,37.215
1768504343.079043,40.542
1768504343.181395,32.521
1768504343.2868803,42.487
1768504343.389192,34.179
1768504343.4918303,38.89
1768504343.5943196,38.868
1768504343.6967225,32.422
1768504343.7991235,45.511
1768504343.9013727,33.31
1768504344.0037107,42.192
1768504344.1059387,35.757
1768504344.2121708,37.806
1768504344.3145201,40.125
1768504344.4169674,32.62
1768504344.5193083,42.585
1768504344.6217284,35.362
1768504344.7242155,33.489
1768504344.8265607,46.861
1768504344.9288368,33.113
1768504345.0311887,41.231
1768504345.1357167,36.722
1768504345.2379901,32.225
1768504345.340325,43.201
1768504345.4426017,34.278
1768504345.5450196,37.532
1768504345.6472628,40.936
1768504345.7495296,32.521
1768504345.8519294,42.757
1768504345.9543443,33.606
1768504346.0565896,39.853
1768504346.1627114,36.919
1768504346.265179,32.323
1768504346.3674757,44.554
1768504346.4697247,33.489
1768504346.5721283,41.183
1768504346.6743708,37.039
1768504346.7770631,42.118
1768504346.879137,32.521
1768504346.9814498,43.544
1768504347.0875938,33.686
1768504347.192876,40.321
1768504347.2953043,38.769
1768504347.3977003,32.422
1768504347.4998953,43.176
1768504347.602068,34.475
1768504347.7043996,39.065
1768504347.8067558,37.708
1768504347.9119074,36.743
1768504348.0142534,43.3
1768504348.1165292,32.62
1768504348.218767,43.373
1768504348.3210342,37.116
1768504348.423403,35.165
1768504348.5256574,44.259
1768504348.628091,42.684
1768504348.7303555,32.916
1768504348.8327098,43.078
1768504348.9374013,35.165
1768504349.0397596,37.313
1768504349.1419642,41.896
1768504349.2441947,32.62
1768504349.346429,43.963
1768504349.4486458,34.278
1768504349.5508947,38.746
1768504349.6532156,38.2
1768504349.7554793,32.225
1768504349.857753,47.45
1768504349.9643185,33.113
1768504350.0665526,37.708
1768504350.1689718,41.995
1768504350.27129,32.718
1768504350.3735673,41.995
1768504350.4758296,35.56
1768504350.5782154,36.525
1768504350.6805055,42.709
1768504350.7827778,32.718
1768504350.8883398,42.388
1768504350.9906604,33.804
1768504351.093031,41.306
1768504351.1952944,35.658
1768504351.297612,37.018
1768504351.400044,32.817
1768504351.50266,41.207
1768504351.6049173,36.525
1768504351.7072706,33.409
1768504351.8143647,46.987
1768504351.916661,33.212
1768504352.0190313,40.148
1768504352.1214845,37.412
1768504352.224462,33.014
1768504352.3268821,44.528
1768504352.4294858,33.982
1768504352.531919,37.708
1768504352.6385207,43.446
1768504352.7408512,33.113
1768504352.8430946,42.29
1768504352.945405,35.56
1768504353.0476265,37.335
1768504353.149886,41.995
1768504353.252137,32.718
1768504353.354509,42.585
1768504353.456819,34.672
1768504353.5631075,37.018
1768504353.6653857,43.3
1768504353.7678514,32.718
1768504353.8701596,42.192
1768504353.9724338,35.56
1768504354.0747766,36.525
1768504354.177043,46.593
1768504354.2793403,33.014
1768504354.3815913,41.921
1768504354.4837961,36.131
1768504354.5895674,35.244
1768504354.691828,45.511
1768504354.7943974,33.014
1768504354.8968523,43.274
1768504354.9993227,35.165
1768504355.1015587,35.362
1768504355.2037613,46.861
1768504355.306012,33.409
1768504355.4086535,39.58
1768504355.5146868,37.215
1768504355.616956,32.521
1768504355.7192376,43.373
1768504355.8217306,37.51
1768504355.9251359,41.428
1768504356.0274904,32.718
1768504356.1296527,43.176
1768504356.2325277,34.869
1768504356.3379362,36.722
1768504356.4471865,43.274
1768504356.549457,32.817
1768504356.6518266,40.912
1768504356.7542844,36.25
1768504356.85668,36.623
1768504356.963311,46.369
1768504357.0658388,33.193
1768504357.1682065,40.912
1768504357.2704496,36.131
1768504357.3727307,33.587
1768504357.4751432,46.495
1768504357.577667,33.409
1768504357.6800299,39.656
1768504357.7864323,45.708
1768504357.8886666,32.916
1768504357.9908845,43.57
1768504358.0931308,34.573
1768504358.1952982,40.247
1768504358.2976131,39.186
1768504358.400125,32.521
1768504358.5023878,44.554
1768504358.604678,37.215
1768504358.7071397,33.113
1768504358.8122425,41.65
1768504358.9145198,35.835
1768504359.0167387,37.708
1768504359.1190622,41.699
1768504359.2213328,32.62
1768504359.323637,42.29
1768504359.4260023,35.954
1768504359.5282912,36.546
1768504359.6305473,44.16
1768504359.7328222,32.916
1768504359.838225,42.462
1768504359.940712,35.658
1768504360.0430193,36.151
1768504360.145406,33.014
1768504360.249065,41.306
1768504360.351195,37.708
1768504360.4534326,32.422
1768504360.5556006,43.176
1768504360.657741,34.179
1768504360.7631402,38.397
1768504360.8660054,38.003
1768504360.968267,32.305
1768504361.0704536,47.647
1768504361.172645,33.409
1768504361.2750096,42.118
1768504361.3774438,36.525
1768504361.4797578,33.587
1768504361.582242,46.861
1768504361.6884809,34.179
1768504361.790762,39.163
1768504361.8932028,38.299
1768504361.995477,32.422
1768504362.0979357,42.709
1768504362.200172,33.982
1768504362.3025568,39.284
1768504362.4048269,39.459
1768504362.507087,32.521
1768504362.6094496,42.388
1768504362.7145805,35.362
1768504362.816951,35.913
1768504362.9192646,46.397
1768504363.0215323,33.212
1768504363.1238844,40.617
1768504363.226195,36.919
1768504363.328473,32.225
1768504363.430742,42.585
1768504363.5330424,34.179
1768504363.639793,37.018
1768504363.742068,42.512
1768504363.8443985,33.39
1768504363.9468803,33.113
1768504364.0492609,32.718
1768504364.1515906,36.25
1768504364.253771,38.003
1768504364.3560176,37.51
1768504364.458415,37.116
1768504364.5615497,36.919
1768504364.6637692,36.525
1768504364.7661848,36.919
1768504364.8684225,36.919
1768504364.972068,32.323
1768504365.0743465,34.672
1768504365.176498,33.489
1768504365.2826877,34.278
1768504365.3884673,33.883
1768504365.4907007,32.916
1768504365.5928965,33.982
1768504365.695154,36.151
1768504365.797578,37.215
1768504365.899891,35.856
1768504366.0023193,32.422
1768504366.1047063,32.916
1768504366.2069583,33.489
1768504366.3093007,34.869
1768504366.4149272,37.018
1768504366.5172377,32.422
1768504366.6197765,44.823
1768504366.7221394,34.08
1768504366.8244503,34.376
1768504366.9269965,40.838
1768504367.0294127,38.595
1768504367.1316597,32.422
1768504367.2338579,42.585
1768504367.336196,34.968
1768504367.4423559,36.131
1768504367.5447233,46.762
1768504367.6469343,33.212
1768504367.7492533,40.763
1768504367.8515096,36.842
1768504367.9538965,36.82
1768504368.0562518,42.29
1768504368.1585395,32.718
1768504368.2608106,42.881
1768504368.3666718,40.641
1768504368.469019,32.521
1768504368.5713086,39.974
1768504368.6736052,42.585
1768504368.7758837,34.376
1768504368.8782732,38.42
1768504368.9807327,39.065
1768504369.0831418,32.323
1768504369.1853595,46.271
1768504369.2928703,33.31
1768504369.3951843,37.215
1768504369.498423,32.422
1768504369.6006117,45.905
1768504369.7035751,33.883
1768504369.8056743,39.239
